File,Top Contributor Share (%)
.gitattributes,63.64
.gitignore,51.66
COPYING,97.77
README,97.81
build/.gitignore,100.00
config.mak,100.00
libobs-d3d11/GS_D3D11Exports.h,100.00
libobs-d3d11/GS_D3D11IndexBuffer.cpp,100.00
libobs-d3d11/GS_D3D11SamplerState.cpp,100.00
libobs-d3d11/GS_D3D11Shader.cpp,100.00
libobs-d3d11/GS_D3D11ShaderProcessor.cpp,100.00
libobs-d3d11/GS_D3D11ShaderProcessor.hpp,100.00
libobs-d3d11/GS_D3D11StageSurf.cpp,100.00
libobs-d3d11/GS_D3D11SubSystem.cpp,100.00
libobs-d3d11/GS_D3D11SubSystem.hpp,100.00
libobs-d3d11/GS_D3D11Texture2D.cpp,100.00
libobs-d3d11/GS_D3D11VertexBuffer.cpp,100.00
libobs-d3d11/GS_D3D11ZStencilBuffer.cpp,100.00
libobs-d3d11/makefile,100.00
libobs-d3d11/mingw/dxgi.h,100.00
libobs/graphics/axisang.c,97.67
libobs/graphics/axisang.h,96.00
libobs/graphics/basemath.hpp,100.00
libobs/graphics/bounds.c,95.14
libobs/graphics/bounds.h,86.87
libobs/graphics/effect-parser.c,71.52
libobs/graphics/effect-parser.h,90.28
libobs/graphics/effect.c,77.85
libobs/graphics/effect.h,91.32
libobs/graphics/graphics-imports.c,83.42
libobs/graphics/graphics-internal.h,79.07
libobs/graphics/graphics.c,81.94
libobs/graphics/graphics.h,80.48
libobs/graphics/input.h,99.27
libobs/graphics/math-defs.h,93.44
libobs/graphics/math-extra.c,95.06
libobs/graphics/math-extra.h,94.74
libobs/graphics/matrix3.c,96.26
libobs/graphics/matrix3.h,90.78
libobs/graphics/matrix4.c,88.02
libobs/graphics/matrix4.h,88.96
libobs/graphics/plane.c,95.65
libobs/graphics/plane.h,89.71
libobs/graphics/quat.c,97.48
libobs/graphics/quat.h,92.86
libobs/graphics/shader-parser.c,92.78
libobs/graphics/shader-parser.h,95.98
libobs/graphics/texture-render.c,87.12
libobs/graphics/vec2.c,96.36
libobs/graphics/vec2.h,91.55
libobs/graphics/vec3.c,95.05
libobs/graphics/vec3.h,93.52
libobs/graphics/vec4.c,96.00
libobs/graphics/vec4.h,67.89
libobs/makefile,100.00
libobs/media-io/audio-io.c,90.85
libobs/media-io/audio-io.h,87.20
libobs/media-io/media-io.c,100.00
libobs/media-io/media-io.h,98.73
libobs/media-io/video-io.c,81.52
libobs/media-io/video-io.h,67.23
libobs/obs-data.h,70.88
libobs/obs-defs.h,96.23
libobs/obs-display.c,60.39
libobs/obs-module.c,80.40
libobs/obs-module.h,70.25
libobs/obs-output.c,65.92
libobs/obs-output.h,93.97
libobs/obs-scene.c,58.39
libobs/obs-scene.h,83.01
libobs/obs-service.h,78.29
libobs/obs-source.c,66.83
libobs/obs-source.h,82.02
libobs/obs-video.c,52.85
libobs/obs.c,62.23
libobs/obs.h,74.46
libobs/util/base.c,81.14
libobs/util/base.h,85.53
libobs/util/bmem.c,80.20
libobs/util/bmem.h,95.62
libobs/util/c99defs.h,68.29
libobs/util/cf-lexer.c,92.83
libobs/util/cf-lexer.h,92.19
libobs/util/cf-parser.c,93.20
libobs/util/cf-parser.h,95.43
libobs/util/config-file.c,81.58
libobs/util/config-file.h,87.76
libobs/util/darray.h,68.91
libobs/util/dstr.c,96.06
libobs/util/dstr.h,93.06
libobs/util/lexer.c,97.60
libobs/util/lexer.h,97.13
libobs/util/platform-windows.c,73.19
libobs/util/platform.c,84.23
libobs/util/platform.h,85.59
libobs/util/serializer.h,98.01
libobs/util/text-lookup.c,92.72
libobs/util/text-lookup.h,91.67
libobs/util/threading.h,89.51
libobs/util/utf8.c,96.63
libobs/util/utf8.h,91.30
libobs/util/vc/stdbool.h,92.31
libobs/util/vc/stdint.h,100.00
libobs/util/windows/ComPtr.hpp,88.93
libobs/util/windows/HRError.hpp,98.04
makefile,100.00
test/makefile,100.00
test/test-input/makefile,100.00
test/test-input/test-filter.c,98.30
test/test-input/test-filter.h,96.97
test/test-input/test-input-exports.h,95.00
test/test-input/test-input.c,94.03
test/test-input/test-random.c,99.17
test/test-input/test-random.h,97.50
test/win/makefile,100.00
test/win/test.cpp,88.97
vs/2010/OBS.sln,100.00
vs/2010/OBS/OBS.vcxproj,100.00
vs/2010/OBS/OBS.vcxproj.filters,100.00
vs/2010/libobs-d3d11/libobs-d3d11.vcxproj,100.00
vs/2010/libobs-d3d11/libobs-d3d11.vcxproj.filters,100.00
vs/2010/libobs/libobs.vcxproj,100.00
vs/2010/libobs/libobs.vcxproj.filters,100.00
vs/2010/pthreads/pthreads.vcxproj,100.00
vs/2010/pthreads/pthreads.vcxproj.filters,100.00
vs/2010/test-input/test-input.vcxproj,100.00
vs/2010/test-input/test-input.vcxproj.filters,100.00
vs/2010/wintest/draw.effect,100.00
vs/2010/wintest/test.effect,100.00
vs/2010/wintest/wintest.vcxproj,100.00
vs/2010/wintest/wintest.vcxproj.filters,100.00
w32-pthreads/ANNOUNCE,100.00
w32-pthreads/BUGS,100.00
w32-pthreads/Bmakefile,100.00
w32-pthreads/CONTRIBUTORS,100.00
w32-pthreads/COPYING,100.00
w32-pthreads/COPYING.LIB,100.00
w32-pthreads/ChangeLog,100.00
w32-pthreads/FAQ,100.00
w32-pthreads/GNUmakefile,100.00
w32-pthreads/MAINTAINERS,100.00
w32-pthreads/Makefile,100.00
w32-pthreads/NEWS,100.00
w32-pthreads/Nmakefile,100.00
w32-pthreads/Nmakefile.tests,100.00
w32-pthreads/PROGRESS,100.00
w32-pthreads/README,100.00
w32-pthreads/README.Borland,100.00
w32-pthreads/README.CV,100.00
w32-pthreads/README.NONPORTABLE,100.00
w32-pthreads/README.Watcom,100.00
w32-pthreads/README.WinCE,100.00
w32-pthreads/TODO,100.00
w32-pthreads/WinCE-PORT,100.00
w32-pthreads/attr.c,100.00
w32-pthreads/autostatic.c,100.00
w32-pthreads/barrier.c,100.00
w32-pthreads/builddmc.bat,100.00
w32-pthreads/cancel.c,100.00
w32-pthreads/cleanup.c,100.00
w32-pthreads/condvar.c,100.00
w32-pthreads/config.h,100.00
w32-pthreads/context.h,100.00
w32-pthreads/create.c,100.00
w32-pthreads/dll.c,100.00
w32-pthreads/errno.c,100.00
w32-pthreads/exit.c,100.00
w32-pthreads/fork.c,100.00
w32-pthreads/global.c,100.00
w32-pthreads/implement.h,100.00
w32-pthreads/libpthreadGC2.stamp,100.00
w32-pthreads/manual/ChangeLog,100.00
w32-pthreads/manual/PortabilityIssues.html,100.00
w32-pthreads/manual/index.html,100.00
w32-pthreads/manual/pthreadCancelableWait.html,100.00
w32-pthreads/manual/pthread_attr_init.html,100.00
w32-pthreads/manual/pthread_attr_setstackaddr.html,100.00
w32-pthreads/manual/pthread_attr_setstacksize.html,100.00
w32-pthreads/manual/pthread_barrier_init.html,100.00
w32-pthreads/manual/pthread_barrier_wait.html,100.00
w32-pthreads/manual/pthread_barrierattr_init.html,100.00
w32-pthreads/manual/pthread_barrierattr_setpshared.html,100.00
w32-pthreads/manual/pthread_cancel.html,100.00
w32-pthreads/manual/pthread_cleanup_push.html,100.00
w32-pthreads/manual/pthread_cond_init.html,100.00
w32-pthreads/manual/pthread_condattr_init.html,100.00
w32-pthreads/manual/pthread_condattr_setpshared.html,100.00
w32-pthreads/manual/pthread_create.html,100.00
w32-pthreads/manual/pthread_delay_np.html,100.00
w32-pthreads/manual/pthread_detach.html,100.00
w32-pthreads/manual/pthread_equal.html,100.00
w32-pthreads/manual/pthread_exit.html,100.00
w32-pthreads/manual/pthread_getunique_np.html,100.00
w32-pthreads/manual/pthread_getw32threadhandle_np.html,100.00
w32-pthreads/manual/pthread_join.html,100.00
w32-pthreads/manual/pthread_key_create.html,100.00
w32-pthreads/manual/pthread_kill.html,100.00
w32-pthreads/manual/pthread_mutex_init.html,100.00
w32-pthreads/manual/pthread_mutexattr_init.html,100.00
w32-pthreads/manual/pthread_mutexattr_setpshared.html,100.00
w32-pthreads/manual/pthread_num_processors_np.html,100.00
w32-pthreads/manual/pthread_once.html,100.00
w32-pthreads/manual/pthread_rwlock_init.html,100.00
w32-pthreads/manual/pthread_rwlock_rdlock.html,100.00
w32-pthreads/manual/pthread_rwlock_timedrdlock.html,100.00
w32-pthreads/manual/pthread_rwlock_timedwrlock.html,100.00
w32-pthreads/manual/pthread_rwlock_unlock.html,100.00
w32-pthreads/manual/pthread_rwlock_wrlock.html,100.00
w32-pthreads/manual/pthread_rwlockattr_init.html,100.00
w32-pthreads/manual/pthread_rwlockattr_setpshared.html,100.00
w32-pthreads/manual/pthread_self.html,100.00
w32-pthreads/manual/pthread_setcancelstate.html,100.00
w32-pthreads/manual/pthread_setcanceltype.html,100.00
w32-pthreads/manual/pthread_setconcurrency.html,100.00
w32-pthreads/manual/pthread_setschedparam.html,100.00
w32-pthreads/manual/pthread_spin_init.html,100.00
w32-pthreads/manual/pthread_spin_lock.html,100.00
w32-pthreads/manual/pthread_spin_unlock.html,100.00
w32-pthreads/manual/pthread_timechange_handler_np.html,100.00
w32-pthreads/manual/pthread_win32_attach_detach_np.html,100.00
w32-pthreads/manual/pthread_win32_test_features_np.html,100.00
w32-pthreads/manual/sched_get_priority_max.html,100.00
w32-pthreads/manual/sched_getscheduler.html,100.00
w32-pthreads/manual/sched_setscheduler.html,100.00
w32-pthreads/manual/sched_yield.html,100.00
w32-pthreads/manual/sem_init.html,100.00
w32-pthreads/misc.c,100.00
w32-pthreads/mutex.c,100.00
w32-pthreads/need_errno.h,100.00
w32-pthreads/nonportable.c,100.00
w32-pthreads/private.c,100.00
w32-pthreads/pthread.c,100.00
w32-pthreads/pthread.dsp,100.00
w32-pthreads/pthread.dsw,100.00
w32-pthreads/pthread.h,100.00
w32-pthreads/pthread.lastbuildstate,100.00
w32-pthreads/pthread.sln,100.00
w32-pthreads/pthread.vcxproj,100.00
w32-pthreads/pthread.vcxproj.filters,100.00
w32-pthreads/pthread_attr_destroy.c,100.00
w32-pthreads/pthread_attr_getdetachstate.c,100.00
w32-pthreads/pthread_attr_getinheritsched.c,100.00
w32-pthreads/pthread_attr_getschedparam.c,100.00
w32-pthreads/pthread_attr_getschedpolicy.c,100.00
w32-pthreads/pthread_attr_getscope.c,100.00
w32-pthreads/pthread_attr_getstackaddr.c,100.00
w32-pthreads/pthread_attr_getstacksize.c,100.00
w32-pthreads/pthread_attr_init.c,100.00
w32-pthreads/pthread_attr_setdetachstate.c,100.00
w32-pthreads/pthread_attr_setinheritsched.c,100.00
w32-pthreads/pthread_attr_setschedparam.c,100.00
w32-pthreads/pthread_attr_setschedpolicy.c,100.00
w32-pthreads/pthread_attr_setscope.c,100.00
w32-pthreads/pthread_attr_setstackaddr.c,100.00
w32-pthreads/pthread_attr_setstacksize.c,100.00
w32-pthreads/pthread_barrier_destroy.c,100.00
w32-pthreads/pthread_barrier_init.c,100.00
w32-pthreads/pthread_barrier_wait.c,100.00
w32-pthreads/pthread_barrierattr_destroy.c,100.00
w32-pthreads/pthread_barrierattr_getpshared.c,100.00
w32-pthreads/pthread_barrierattr_init.c,100.00
w32-pthreads/pthread_barrierattr_setpshared.c,100.00
w32-pthreads/pthread_cancel.c,100.00
w32-pthreads/pthread_cond_destroy.c,100.00
w32-pthreads/pthread_cond_init.c,100.00
w32-pthreads/pthread_cond_signal.c,100.00
w32-pthreads/pthread_cond_wait.c,100.00
w32-pthreads/pthread_condattr_destroy.c,100.00
w32-pthreads/pthread_condattr_getpshared.c,100.00
w32-pthreads/pthread_condattr_init.c,100.00
w32-pthreads/pthread_condattr_setpshared.c,100.00
w32-pthreads/pthread_delay_np.c,100.00
w32-pthreads/pthread_detach.c,100.00
w32-pthreads/pthread_equal.c,100.00
w32-pthreads/pthread_exit.c,100.00
w32-pthreads/pthread_getconcurrency.c,100.00
w32-pthreads/pthread_getschedparam.c,100.00
w32-pthreads/pthread_getspecific.c,100.00
w32-pthreads/pthread_getunique_np.c,100.00
w32-pthreads/pthread_getw32threadhandle_np.c,100.00
w32-pthreads/pthread_join.c,100.00
w32-pthreads/pthread_key_create.c,100.00
w32-pthreads/pthread_key_delete.c,100.00
w32-pthreads/pthread_kill.c,100.00
w32-pthreads/pthread_mutex_consistent.c,100.00
w32-pthreads/pthread_mutex_destroy.c,100.00
w32-pthreads/pthread_mutex_init.c,100.00
w32-pthreads/pthread_mutex_lock.c,100.00
w32-pthreads/pthread_mutex_timedlock.c,100.00
w32-pthreads/pthread_mutex_trylock.c,100.00
w32-pthreads/pthread_mutex_unlock.c,100.00
w32-pthreads/pthread_mutexattr_destroy.c,100.00
w32-pthreads/pthread_mutexattr_getkind_np.c,100.00
w32-pthreads/pthread_mutexattr_getpshared.c,100.00
w32-pthreads/pthread_mutexattr_getrobust.c,100.00
w32-pthreads/pthread_mutexattr_gettype.c,100.00
w32-pthreads/pthread_mutexattr_init.c,100.00
w32-pthreads/pthread_mutexattr_setkind_np.c,100.00
w32-pthreads/pthread_mutexattr_setpshared.c,100.00
w32-pthreads/pthread_mutexattr_setrobust.c,100.00
w32-pthreads/pthread_mutexattr_settype.c,100.00
w32-pthreads/pthread_num_processors_np.c,100.00
w32-pthreads/pthread_once.c,100.00
w32-pthreads/pthread_rwlock_destroy.c,100.00
w32-pthreads/pthread_rwlock_init.c,100.00
w32-pthreads/pthread_rwlock_rdlock.c,100.00
w32-pthreads/pthread_rwlock_timedrdlock.c,100.00
w32-pthreads/pthread_rwlock_timedwrlock.c,100.00
w32-pthreads/pthread_rwlock_tryrdlock.c,100.00
w32-pthreads/pthread_rwlock_trywrlock.c,100.00
w32-pthreads/pthread_rwlock_unlock.c,100.00
w32-pthreads/pthread_rwlock_wrlock.c,100.00
w32-pthreads/pthread_rwlockattr_destroy.c,100.00
w32-pthreads/pthread_rwlockattr_getpshared.c,100.00
w32-pthreads/pthread_rwlockattr_init.c,100.00
w32-pthreads/pthread_rwlockattr_setpshared.c,100.00
w32-pthreads/pthread_self.c,100.00
w32-pthreads/pthread_setcancelstate.c,100.00
w32-pthreads/pthread_setcanceltype.c,100.00
w32-pthreads/pthread_setconcurrency.c,100.00
w32-pthreads/pthread_setschedparam.c,100.00
w32-pthreads/pthread_setspecific.c,100.00
w32-pthreads/pthread_spin_destroy.c,100.00
w32-pthreads/pthread_spin_init.c,100.00
w32-pthreads/pthread_spin_lock.c,100.00
w32-pthreads/pthread_spin_trylock.c,100.00
w32-pthreads/pthread_spin_unlock.c,100.00
w32-pthreads/pthread_testcancel.c,100.00
w32-pthreads/pthread_timechange_handler_np.c,100.00
w32-pthreads/pthread_win32_attach_detach_np.c,100.00
w32-pthreads/ptw32_MCS_lock.c,100.00
w32-pthreads/ptw32_OLL_lock.c,100.00
w32-pthreads/ptw32_callUserDestroyRoutines.c,100.00
w32-pthreads/ptw32_calloc.c,100.00
w32-pthreads/ptw32_cond_check_need_init.c,100.00
w32-pthreads/ptw32_getprocessors.c,100.00
w32-pthreads/ptw32_is_attr.c,100.00
w32-pthreads/ptw32_mutex_check_need_init.c,100.00
w32-pthreads/ptw32_new.c,100.00
w32-pthreads/ptw32_processInitialize.c,100.00
w32-pthreads/ptw32_processTerminate.c,100.00
w32-pthreads/ptw32_relmillisecs.c,100.00
w32-pthreads/ptw32_reuse.c,100.00
w32-pthreads/ptw32_rwlock_cancelwrwait.c,100.00
w32-pthreads/ptw32_rwlock_check_need_init.c,100.00
w32-pthreads/ptw32_semwait.c,100.00
w32-pthreads/ptw32_spinlock_check_need_init.c,100.00
w32-pthreads/ptw32_threadDestroy.c,100.00
w32-pthreads/ptw32_threadStart.c,100.00
w32-pthreads/ptw32_throw.c,100.00
w32-pthreads/ptw32_timespec.c,100.00
w32-pthreads/ptw32_tkAssocCreate.c,100.00
w32-pthreads/ptw32_tkAssocDestroy.c,100.00
w32-pthreads/rwlock.c,100.00
w32-pthreads/sched.c,100.00
w32-pthreads/sched.h,100.00
w32-pthreads/sched_get_priority_max.c,100.00
w32-pthreads/sched_get_priority_min.c,100.00
w32-pthreads/sched_getscheduler.c,100.00
w32-pthreads/sched_setscheduler.c,100.00
w32-pthreads/sched_yield.c,100.00
w32-pthreads/sem_close.c,100.00
w32-pthreads/sem_destroy.c,100.00
w32-pthreads/sem_getvalue.c,100.00
w32-pthreads/sem_init.c,100.00
w32-pthreads/sem_open.c,100.00
w32-pthreads/sem_post.c,100.00
w32-pthreads/sem_post_multiple.c,100.00
w32-pthreads/sem_timedwait.c,100.00
w32-pthreads/sem_trywait.c,100.00
w32-pthreads/sem_unlink.c,100.00
w32-pthreads/sem_wait.c,100.00
w32-pthreads/semaphore.c,100.00
w32-pthreads/semaphore.h,100.00
w32-pthreads/signal.c,100.00
w32-pthreads/spin.c,100.00
w32-pthreads/sync.c,100.00
w32-pthreads/tests/Bmakefile,100.00
w32-pthreads/tests/ChangeLog,100.00
w32-pthreads/tests/Debug.dsp,100.00
w32-pthreads/tests/Debug.dsw,100.00
w32-pthreads/tests/Debug.plg,100.00
w32-pthreads/tests/Debug.txt,100.00
w32-pthreads/tests/GNUmakefile,100.00
w32-pthreads/tests/Makefile,100.00
w32-pthreads/tests/README,100.00
w32-pthreads/tests/README.BENCHTESTS,100.00
w32-pthreads/tests/SIZES.GC,100.00
w32-pthreads/tests/SIZES.GCE,100.00
w32-pthreads/tests/SIZES.VC,100.00
w32-pthreads/tests/SIZES.VCE,100.00
w32-pthreads/tests/SIZES.VSE,100.00
w32-pthreads/tests/Wmakefile,100.00
w32-pthreads/tests/barrier1.c,100.00
w32-pthreads/tests/barrier2.c,100.00
w32-pthreads/tests/barrier3.c,100.00
w32-pthreads/tests/barrier4.c,100.00
w32-pthreads/tests/barrier5.c,100.00
w32-pthreads/tests/barrier6.c,100.00
w32-pthreads/tests/benchlib.c,100.00
w32-pthreads/tests/benchtest.h,100.00
w32-pthreads/tests/benchtest1.c,100.00
w32-pthreads/tests/benchtest2.c,100.00
w32-pthreads/tests/benchtest3.c,100.00
w32-pthreads/tests/benchtest4.c,100.00
w32-pthreads/tests/benchtest5.c,100.00
w32-pthreads/tests/cancel1.c,100.00
w32-pthreads/tests/cancel2.c,100.00
w32-pthreads/tests/cancel3.c,100.00
w32-pthreads/tests/cancel4.c,100.00
w32-pthreads/tests/cancel5.c,100.00
w32-pthreads/tests/cancel6a.c,100.00
w32-pthreads/tests/cancel6d.c,100.00
w32-pthreads/tests/cancel7.c,100.00
w32-pthreads/tests/cancel8.c,100.00
w32-pthreads/tests/cancel9.c,100.00
w32-pthreads/tests/cleanup0.c,100.00
w32-pthreads/tests/cleanup1.c,100.00
w32-pthreads/tests/cleanup2.c,100.00
w32-pthreads/tests/cleanup3.c,100.00
w32-pthreads/tests/condvar1.c,100.00
w32-pthreads/tests/condvar1_1.c,100.00
w32-pthreads/tests/condvar1_2.c,100.00
w32-pthreads/tests/condvar2.c,100.00
w32-pthreads/tests/condvar2_1.c,100.00
w32-pthreads/tests/condvar3.c,100.00
w32-pthreads/tests/condvar3_1.c,100.00
w32-pthreads/tests/condvar3_2.c,100.00
w32-pthreads/tests/condvar3_3.c,100.00
w32-pthreads/tests/condvar4.c,100.00
w32-pthreads/tests/condvar5.c,100.00
w32-pthreads/tests/condvar6.c,100.00
w32-pthreads/tests/condvar7.c,100.00
w32-pthreads/tests/condvar8.c,100.00
w32-pthreads/tests/condvar9.c,100.00
w32-pthreads/tests/context1.c,100.00
w32-pthreads/tests/count1.c,100.00
w32-pthreads/tests/create1.c,100.00
w32-pthreads/tests/create2.c,100.00
w32-pthreads/tests/create3.c,100.00
w32-pthreads/tests/delay1.c,100.00
w32-pthreads/tests/delay2.c,100.00
w32-pthreads/tests/detach1.c,100.00
w32-pthreads/tests/equal1.c,100.00
w32-pthreads/tests/errno1.c,100.00
w32-pthreads/tests/exception1.c,100.00
w32-pthreads/tests/exception2.c,100.00
w32-pthreads/tests/exception3.c,100.00
w32-pthreads/tests/exit1.c,100.00
w32-pthreads/tests/exit2.c,100.00
w32-pthreads/tests/exit3.c,100.00
w32-pthreads/tests/exit4.c,100.00
w32-pthreads/tests/exit5.c,100.00
w32-pthreads/tests/eyal1.c,100.00
w32-pthreads/tests/inherit1.c,100.00
w32-pthreads/tests/join0.c,100.00
w32-pthreads/tests/join1.c,100.00
w32-pthreads/tests/join2.c,100.00
w32-pthreads/tests/join3.c,100.00
w32-pthreads/tests/kill1.c,100.00
w32-pthreads/tests/loadfree.c,100.00
w32-pthreads/tests/mutex1.c,100.00
w32-pthreads/tests/mutex1e.c,100.00
w32-pthreads/tests/mutex1n.c,100.00
w32-pthreads/tests/mutex1r.c,100.00
w32-pthreads/tests/mutex2.c,100.00
w32-pthreads/tests/mutex2e.c,100.00
w32-pthreads/tests/mutex2r.c,100.00
w32-pthreads/tests/mutex3.c,100.00
w32-pthreads/tests/mutex3e.c,100.00
w32-pthreads/tests/mutex3r.c,100.00
w32-pthreads/tests/mutex4.c,100.00
w32-pthreads/tests/mutex5.c,100.00
w32-pthreads/tests/mutex6.c,100.00
w32-pthreads/tests/mutex6e.c,100.00
w32-pthreads/tests/mutex6es.c,100.00
w32-pthreads/tests/mutex6n.c,100.00
w32-pthreads/tests/mutex6r.c,100.00
w32-pthreads/tests/mutex6rs.c,100.00
w32-pthreads/tests/mutex6s.c,100.00
w32-pthreads/tests/mutex7.c,100.00
w32-pthreads/tests/mutex7e.c,100.00
w32-pthreads/tests/mutex7n.c,100.00
w32-pthreads/tests/mutex7r.c,100.00
w32-pthreads/tests/mutex8.c,100.00
w32-pthreads/tests/mutex8e.c,100.00
w32-pthreads/tests/mutex8n.c,100.00
w32-pthreads/tests/mutex8r.c,100.00
w32-pthreads/tests/once1.c,100.00
w32-pthreads/tests/once2.c,100.00
w32-pthreads/tests/once3.c,100.00
w32-pthreads/tests/once4.c,100.00
w32-pthreads/tests/openmp1.c,100.00
w32-pthreads/tests/priority1.c,100.00
w32-pthreads/tests/priority2.c,100.00
w32-pthreads/tests/reuse1.c,100.00
w32-pthreads/tests/reuse2.c,100.00
w32-pthreads/tests/robust1.c,100.00
w32-pthreads/tests/robust2.c,100.00
w32-pthreads/tests/robust3.c,100.00
w32-pthreads/tests/robust4.c,100.00
w32-pthreads/tests/robust5.c,100.00
w32-pthreads/tests/rwlock1.c,100.00
w32-pthreads/tests/rwlock2.c,100.00
w32-pthreads/tests/rwlock2_t.c,100.00
w32-pthreads/tests/rwlock3.c,100.00
w32-pthreads/tests/rwlock3_t.c,100.00
w32-pthreads/tests/rwlock4.c,100.00
w32-pthreads/tests/rwlock4_t.c,100.00
w32-pthreads/tests/rwlock5.c,100.00
w32-pthreads/tests/rwlock5_t.c,100.00
w32-pthreads/tests/rwlock6.c,100.00
w32-pthreads/tests/rwlock6_t.c,100.00
w32-pthreads/tests/rwlock6_t2.c,100.00
w32-pthreads/tests/rwlock7.c,100.00
w32-pthreads/tests/rwlock8.c,100.00
w32-pthreads/tests/self1.c,100.00
w32-pthreads/tests/self2.c,100.00
w32-pthreads/tests/semaphore1.c,100.00
w32-pthreads/tests/semaphore2.c,100.00
w32-pthreads/tests/semaphore3.c,100.00
w32-pthreads/tests/semaphore4.c,100.00
w32-pthreads/tests/semaphore4t.c,100.00
w32-pthreads/tests/semaphore5.c,100.00
w32-pthreads/tests/sequence1.c,100.00
w32-pthreads/tests/sizes.c,100.00
w32-pthreads/tests/spin1.c,100.00
w32-pthreads/tests/spin2.c,100.00
w32-pthreads/tests/spin3.c,100.00
w32-pthreads/tests/spin4.c,100.00
w32-pthreads/tests/stress1.c,100.00
w32-pthreads/tests/test.h,100.00
w32-pthreads/tests/tryentercs.c,100.00
w32-pthreads/tests/tryentercs2.c,100.00
w32-pthreads/tests/tsd1.c,100.00
w32-pthreads/tests/tsd2.c,100.00
w32-pthreads/tests/valid1.c,100.00
w32-pthreads/tests/valid2.c,100.00
w32-pthreads/tsd.c,100.00
w32-pthreads/version.rc,100.00
w32-pthreads/w32_CancelableWait.c,100.00
libobs/util/AlignedNew.hpp,98.57
libobs-opengl/gl-subsystem.c,75.01
libobs-opengl/gl-subsystem.h,90.40
vs/2010/libobs-opengl/libobs-opengl.vcxproj,100.00
vs/2010/libobs-opengl/libobs-opengl.vcxproj.filters,100.00
libobs-opengl/glew/.gitignore,100.00
libobs-opengl/glew/LICENSE.txt,100.00
libobs-opengl/glew/Makefile,100.00
libobs-opengl/glew/README.txt,100.00
libobs-opengl/glew/TODO.txt,100.00
libobs-opengl/glew/auto/Makefile,100.00
libobs-opengl/glew/auto/bin/filter_gl_ext.sh,100.00
libobs-opengl/glew/auto/bin/filter_gles_ext.sh,100.00
libobs-opengl/glew/auto/bin/make.pl,100.00
libobs-opengl/glew/auto/bin/make_def_fun.pl,100.00
libobs-opengl/glew/auto/bin/make_def_var.pl,100.00
libobs-opengl/glew/auto/bin/make_header.pl,100.00
libobs-opengl/glew/auto/bin/make_html.pl,100.00
libobs-opengl/glew/auto/bin/make_info.pl,100.00
libobs-opengl/glew/auto/bin/make_info_list.pl,100.00
libobs-opengl/glew/auto/bin/make_init.pl,100.00
libobs-opengl/glew/auto/bin/make_list.pl,100.00
libobs-opengl/glew/auto/bin/make_str.pl,100.00
libobs-opengl/glew/auto/bin/make_struct_fun.pl,100.00
libobs-opengl/glew/auto/bin/make_struct_var.pl,100.00
libobs-opengl/glew/auto/bin/parse_spec.pl,100.00
libobs-opengl/glew/auto/bin/update_ext.sh,100.00
libobs-opengl/glew/auto/blacklist,100.00
libobs-opengl/glew/auto/core/gl/GLX_AMD_gpu_association,100.00
libobs-opengl/glew/auto/core/gl/GLX_ARB_get_proc_address,100.00
libobs-opengl/glew/auto/core/gl/GLX_ATI_pixel_format_float,100.00
libobs-opengl/glew/auto/core/gl/GLX_ATI_render_texture,100.00
libobs-opengl/glew/auto/core/gl/GLX_EXT_create_context_es2_profile,100.00
libobs-opengl/glew/auto/core/gl/GLX_EXT_create_context_es_profile,100.00
libobs-opengl/glew/auto/core/gl/GLX_EXT_fbconfig_packed_float,100.00
libobs-opengl/glew/auto/core/gl/GLX_EXT_framebuffer_sRGB,100.00
libobs-opengl/glew/auto/core/gl/GLX_MESA_swap_control,100.00
libobs-opengl/glew/auto/core/gl/GLX_NV_float_buffer,100.00
libobs-opengl/glew/auto/core/gl/GLX_NV_vertex_array_range,100.00
libobs-opengl/glew/auto/core/gl/GLX_SGIS_shared_multisample,100.00
libobs-opengl/glew/auto/core/gl/GLX_SGIX_hyperpipe,100.00
libobs-opengl/glew/auto/core/gl/GLX_SGIX_swap_barrier,100.00
libobs-opengl/glew/auto/core/gl/GLX_SGIX_swap_group,100.00
libobs-opengl/glew/auto/core/gl/GLX_SGI_video_sync,100.00
libobs-opengl/glew/auto/core/gl/GLX_SUN_video_resize,100.00
libobs-opengl/glew/auto/core/gl/GLX_VERSION_1_2,100.00
libobs-opengl/glew/auto/core/gl/GLX_VERSION_1_3,100.00
libobs-opengl/glew/auto/core/gl/GLX_VERSION_1_4,100.00
libobs-opengl/glew/auto/core/gl/GL_APPLE_float_pixels,100.00
libobs-opengl/glew/auto/core/gl/GL_APPLE_pixel_buffer,100.00
libobs-opengl/glew/auto/core/gl/GL_APPLE_texture_range,100.00
libobs-opengl/glew/auto/core/gl/GL_ARB_draw_instanced,100.00
libobs-opengl/glew/auto/core/gl/GL_ARB_imaging,100.00
libobs-opengl/glew/auto/core/gl/GL_ARB_instanced_arrays,100.00
libobs-opengl/glew/auto/core/gl/GL_ARB_internalformat_query2,100.00
libobs-opengl/glew/auto/core/gl/GL_ARB_matrix_palette,100.00
libobs-opengl/glew/auto/core/gl/GL_ARB_multitexture,100.00
libobs-opengl/glew/auto/core/gl/GL_ARB_robustness,100.00
libobs-opengl/glew/auto/core/gl/GL_ARB_separate_shader_objects,100.00
libobs-opengl/glew/auto/core/gl/GL_ARB_vertex_attrib_64bit,100.00
libobs-opengl/glew/auto/core/gl/GL_ARB_vertex_blend,100.00
libobs-opengl/glew/auto/core/gl/GL_ATIX_point_sprites,100.00
libobs-opengl/glew/auto/core/gl/GL_ATIX_texture_env_combine3,100.00
libobs-opengl/glew/auto/core/gl/GL_ATIX_texture_env_route,100.00
libobs-opengl/glew/auto/core/gl/GL_ATIX_vertex_shader_output_point_size,100.00
libobs-opengl/glew/auto/core/gl/GL_ATI_envmap_bumpmap,100.00
libobs-opengl/glew/auto/core/gl/GL_ATI_map_object_buffer,100.00
libobs-opengl/glew/auto/core/gl/GL_ATI_pn_triangles,100.00
libobs-opengl/glew/auto/core/gl/GL_ATI_separate_stencil,100.00
libobs-opengl/glew/auto/core/gl/GL_ATI_shader_texture_lod,100.00
libobs-opengl/glew/auto/core/gl/GL_ATI_texture_compression_3dc,100.00
libobs-opengl/glew/auto/core/gl/GL_ATI_vertex_streams,100.00
libobs-opengl/glew/auto/core/gl/GL_EXT_Cg_shader,100.00
libobs-opengl/glew/auto/core/gl/GL_EXT_bindable_uniform,100.00
libobs-opengl/glew/auto/core/gl/GL_EXT_debug_marker,100.00
libobs-opengl/glew/auto/core/gl/GL_EXT_depth_bounds_test,100.00
libobs-opengl/glew/auto/core/gl/GL_EXT_draw_instanced,100.00
libobs-opengl/glew/auto/core/gl/GL_EXT_draw_range_elements,100.00
libobs-opengl/glew/auto/core/gl/GL_EXT_fog_coord,100.00
libobs-opengl/glew/auto/core/gl/GL_EXT_framebuffer_sRGB,100.00
libobs-opengl/glew/auto/core/gl/GL_EXT_geometry_shader4,100.00
libobs-opengl/glew/auto/core/gl/GL_EXT_gpu_program_parameters,100.00
libobs-opengl/glew/auto/core/gl/GL_EXT_gpu_shader4,100.00
libobs-opengl/glew/auto/core/gl/GL_EXT_packed_float,100.00
libobs-opengl/glew/auto/core/gl/GL_EXT_pixel_buffer_object,100.00
libobs-opengl/glew/auto/core/gl/GL_EXT_secondary_color,100.00
libobs-opengl/glew/auto/core/gl/GL_EXT_texture_array,100.00
libobs-opengl/glew/auto/core/gl/GL_EXT_texture_buffer_object,100.00
libobs-opengl/glew/auto/core/gl/GL_EXT_texture_compression_latc,100.00
libobs-opengl/glew/auto/core/gl/GL_EXT_texture_compression_rgtc,100.00
libobs-opengl/glew/auto/core/gl/GL_EXT_texture_cube_map,100.00
libobs-opengl/glew/auto/core/gl/GL_EXT_texture_edge_clamp,100.00
libobs-opengl/glew/auto/core/gl/GL_EXT_texture_integer,100.00
libobs-opengl/glew/auto/core/gl/GL_EXT_texture_rectangle,100.00
libobs-opengl/glew/auto/core/gl/GL_EXT_texture_shared_exponent,100.00
libobs-opengl/glew/auto/core/gl/GL_EXT_timer_query,100.00
libobs-opengl/glew/auto/core/gl/GL_EXT_vertex_shader,100.00
libobs-opengl/glew/auto/core/gl/GL_KTX_buffer_region,100.00
libobs-opengl/glew/auto/core/gl/GL_NVX_gpu_memory_info,100.00
libobs-opengl/glew/auto/core/gl/GL_NV_depth_buffer_float,100.00
libobs-opengl/glew/auto/core/gl/GL_NV_depth_range_unclamped,100.00
libobs-opengl/glew/auto/core/gl/GL_NV_fragment_program2,100.00
libobs-opengl/glew/auto/core/gl/GL_NV_fragment_program4,100.00
libobs-opengl/glew/auto/core/gl/GL_NV_fragment_program_option,100.00
libobs-opengl/glew/auto/core/gl/GL_NV_framebuffer_multisample_coverage,100.00
libobs-opengl/glew/auto/core/gl/GL_NV_geometry_program4,100.00
libobs-opengl/glew/auto/core/gl/GL_NV_geometry_shader4,100.00
libobs-opengl/glew/auto/core/gl/GL_NV_gpu_program4,100.00
libobs-opengl/glew/auto/core/gl/GL_NV_gpu_program5,100.00
libobs-opengl/glew/auto/core/gl/GL_NV_parameter_buffer_object,100.00
libobs-opengl/glew/auto/core/gl/GL_NV_path_rendering,100.00
libobs-opengl/glew/auto/core/gl/GL_NV_present_video,100.00
libobs-opengl/glew/auto/core/gl/GL_NV_tessellation_program5,100.00
libobs-opengl/glew/auto/core/gl/GL_NV_transform_feedback,100.00
libobs-opengl/glew/auto/core/gl/GL_NV_vdpau_interop,100.00
libobs-opengl/glew/auto/core/gl/GL_NV_vertex_program2_option,100.00
libobs-opengl/glew/auto/core/gl/GL_NV_vertex_program3,100.00
libobs-opengl/glew/auto/core/gl/GL_NV_vertex_program4,100.00
libobs-opengl/glew/auto/core/gl/GL_SGIX_shadow,100.00
libobs-opengl/glew/auto/core/gl/GL_SUN_read_video_pixels,100.00
libobs-opengl/glew/auto/core/gl/GL_VERSION_1_2,100.00
libobs-opengl/glew/auto/core/gl/GL_VERSION_1_2_1,100.00
libobs-opengl/glew/auto/core/gl/GL_VERSION_1_3,100.00
libobs-opengl/glew/auto/core/gl/GL_VERSION_1_4,100.00
libobs-opengl/glew/auto/core/gl/GL_VERSION_1_5,100.00
libobs-opengl/glew/auto/core/gl/GL_VERSION_2_0,100.00
libobs-opengl/glew/auto/core/gl/GL_VERSION_2_1,100.00
libobs-opengl/glew/auto/core/gl/GL_VERSION_3_0,100.00
libobs-opengl/glew/auto/core/gl/GL_VERSION_3_1,100.00
libobs-opengl/glew/auto/core/gl/GL_VERSION_3_2,100.00
libobs-opengl/glew/auto/core/gl/GL_VERSION_3_3,100.00
libobs-opengl/glew/auto/core/gl/GL_VERSION_4_0,100.00
libobs-opengl/glew/auto/core/gl/GL_VERSION_4_1,100.00
libobs-opengl/glew/auto/core/gl/GL_VERSION_4_2,100.00
libobs-opengl/glew/auto/core/gl/GL_VERSION_4_3,100.00
libobs-opengl/glew/auto/core/gl/GL_VERSION_4_4,100.00
libobs-opengl/glew/auto/core/gl/GL_WIN_swap_hint,100.00
libobs-opengl/glew/auto/core/gl/WGL_ARB_create_context,100.00
libobs-opengl/glew/auto/core/gl/WGL_ATI_render_texture_rectangle,100.00
libobs-opengl/glew/auto/core/gl/WGL_EXT_create_context_es2_profile,100.00
libobs-opengl/glew/auto/core/gl/WGL_EXT_create_context_es_profile,100.00
libobs-opengl/glew/auto/core/gl/WGL_EXT_framebuffer_sRGB,100.00
libobs-opengl/glew/auto/core/gl/WGL_EXT_pixel_format_packed_float,100.00
libobs-opengl/glew/auto/core/gl/WGL_NV_gpu_affinity,100.00
libobs-opengl/glew/auto/core/gl/WGL_NV_vertex_array_range,100.00
libobs-opengl/glew/auto/custom.txt,100.00
libobs-opengl/glew/auto/doc/advanced.html,100.00
libobs-opengl/glew/auto/doc/basic.html,100.00
libobs-opengl/glew/auto/doc/build.html,100.00
libobs-opengl/glew/auto/doc/credits.html,100.00
libobs-opengl/glew/auto/doc/index.html,100.00
libobs-opengl/glew/auto/doc/install.html,100.00
libobs-opengl/glew/auto/doc/log.html,100.00
libobs-opengl/glew/auto/lib/OpenGL/Spec.pm,100.00
libobs-opengl/glew/auto/src/footer.html,100.00
libobs-opengl/glew/auto/src/glew.rc,100.00
libobs-opengl/glew/auto/src/glew_head.c,100.00
libobs-opengl/glew/auto/src/glew_head.h,100.00
libobs-opengl/glew/auto/src/glew_init_gl.c,100.00
libobs-opengl/glew/auto/src/glew_init_glx.c,100.00
libobs-opengl/glew/auto/src/glew_init_tail.c,100.00
libobs-opengl/glew/auto/src/glew_init_wgl.c,100.00
libobs-opengl/glew/auto/src/glew_license.h,100.00
libobs-opengl/glew/auto/src/glew_str_glx.c,100.00
libobs-opengl/glew/auto/src/glew_str_head.c,100.00
libobs-opengl/glew/auto/src/glew_str_tail.c,100.00
libobs-opengl/glew/auto/src/glew_str_wgl.c,100.00
libobs-opengl/glew/auto/src/glew_tail.h,100.00
libobs-opengl/glew/auto/src/glew_utils.c,100.00
libobs-opengl/glew/auto/src/glew_utils.h,100.00
libobs-opengl/glew/auto/src/glewinfo.rc,100.00
libobs-opengl/glew/auto/src/glewinfo_gl.c,100.00
libobs-opengl/glew/auto/src/glewinfo_glx.c,100.00
libobs-opengl/glew/auto/src/glewinfo_head.c,100.00
libobs-opengl/glew/auto/src/glewinfo_tail.c,100.00
libobs-opengl/glew/auto/src/glewinfo_wgl.c,100.00
libobs-opengl/glew/auto/src/glxew_head.h,100.00
libobs-opengl/glew/auto/src/glxew_mid.h,100.00
libobs-opengl/glew/auto/src/glxew_tail.h,100.00
libobs-opengl/glew/auto/src/header.html,100.00
libobs-opengl/glew/auto/src/khronos_license.h,100.00
libobs-opengl/glew/auto/src/mesa_license.h,100.00
libobs-opengl/glew/auto/src/visualinfo.rc,100.00
libobs-opengl/glew/auto/src/wglew_head.h,100.00
libobs-opengl/glew/auto/src/wglew_mid.h,100.00
libobs-opengl/glew/auto/src/wglew_tail.h,100.00
libobs-opengl/glew/build/vc10/common.props,100.00
libobs-opengl/glew/build/vc10/glew.sln,100.00
libobs-opengl/glew/build/vc10/glew_shared.vcxproj,100.00
libobs-opengl/glew/build/vc10/glew_static.vcxproj,100.00
libobs-opengl/glew/build/vc10/glewinfo.vcxproj,100.00
libobs-opengl/glew/build/vc10/visualinfo.vcxproj,100.00
libobs-opengl/glew/build/vc6/Makefile,100.00
libobs-opengl/glew/build/vc6/glew.dsw,100.00
libobs-opengl/glew/build/vc6/glew_shared.dsp,100.00
libobs-opengl/glew/build/vc6/glew_static.dsp,100.00
libobs-opengl/glew/build/vc6/glewinfo.dsp,100.00
libobs-opengl/glew/build/vc6/visualinfo.dsp,100.00
libobs-opengl/glew/config/Makefile.cygming,100.00
libobs-opengl/glew/config/Makefile.cygwin,100.00
libobs-opengl/glew/config/Makefile.darwin,100.00
libobs-opengl/glew/config/Makefile.darwin-ppc,100.00
libobs-opengl/glew/config/Makefile.darwin-x86_64,100.00
libobs-opengl/glew/config/Makefile.fedora-mingw32,100.00
libobs-opengl/glew/config/Makefile.freebsd,100.00
libobs-opengl/glew/config/Makefile.gnu,100.00
libobs-opengl/glew/config/Makefile.irix,100.00
libobs-opengl/glew/config/Makefile.kfreebsd,100.00
libobs-opengl/glew/config/Makefile.linux,100.00
libobs-opengl/glew/config/Makefile.linux-mingw32,100.00
libobs-opengl/glew/config/Makefile.linux-mingw64,100.00
libobs-opengl/glew/config/Makefile.mingw,100.00
libobs-opengl/glew/config/Makefile.nacl-32,100.00
libobs-opengl/glew/config/Makefile.nacl-64,100.00
libobs-opengl/glew/config/Makefile.netbsd,100.00
libobs-opengl/glew/config/Makefile.openbsd,100.00
libobs-opengl/glew/config/Makefile.solaris,100.00
libobs-opengl/glew/config/Makefile.solaris-gcc,100.00
libobs-opengl/glew/config/config.guess,100.00
libobs-opengl/glew/config/version,100.00
libobs-opengl/glew/doc/advanced.html,100.00
libobs-opengl/glew/doc/basic.html,100.00
libobs-opengl/glew/doc/build.html,100.00
libobs-opengl/glew/doc/credits.html,100.00
libobs-opengl/glew/doc/glew.css,100.00
libobs-opengl/glew/doc/glew.html,100.00
libobs-opengl/glew/doc/glew.txt,100.00
libobs-opengl/glew/doc/glxew.html,100.00
libobs-opengl/glew/doc/gpl.txt,100.00
libobs-opengl/glew/doc/index.html,100.00
libobs-opengl/glew/doc/install.html,100.00
libobs-opengl/glew/doc/khronos.txt,100.00
libobs-opengl/glew/doc/log.html,100.00
libobs-opengl/glew/doc/mesa.txt,100.00
libobs-opengl/glew/doc/wglew.html,100.00
libobs-opengl/glew/glew.pc.in,100.00
libobs-opengl/glew/src/visualinfo.c,100.00
libobs-opengl/glew/include/GL/glew.h,100.00
libobs-opengl/glew/include/GL/glxew.h,100.00
libobs-opengl/glew/include/GL/wglew.h,100.00
libobs-opengl/glew/src/glew.c,100.00
libobs-opengl/glew/src/glewinfo.c,100.00
libobs-opengl/gl-exports.h,97.37
libobs-opengl/gl-windows.c,88.47
libobs-opengl/gl-helpers.h,66.44
libobs-opengl/gl-texture2d.c,88.89
libobs-opengl/gl-helpers.c,82.04
libobs-opengl/gl-texturecube.c,93.94
libobs-opengl/gl-shaderparser.c,82.84
libobs-opengl/gl-shaderparser.h,96.83
libobs-opengl/gl-shader.c,92.56
libobs-d3d11/d3d11-exports.h,95.00
libobs-d3d11/d3d11-indexbuffer.cpp,88.89
libobs-d3d11/d3d11-samplerstate.cpp,92.41
libobs-d3d11/d3d11-shader.cpp,63.62
libobs-d3d11/d3d11-shaderprocessor.cpp,72.15
libobs-d3d11/d3d11-shaderprocessor.hpp,91.67
libobs-d3d11/d3d11-stagesurf.cpp,90.48
libobs-d3d11/d3d11-subsystem.cpp,47.47
libobs-d3d11/d3d11-subsystem.hpp,72.74
libobs-d3d11/d3d11-texture2d.cpp,65.12
libobs-d3d11/d3d11-vertexbuffer.cpp,67.23
libobs-d3d11/d3d11-zstencilbuffer.cpp,88.00
libobs-opengl/gl-zstencil.c,97.25
libobs-opengl/gl-stagesurf.c,96.91
libobs-opengl/gl-vertexbuffer.c,95.04
libobs-opengl/gl-indexbuffer.c,96.53
libobs-opengl/makefile,100.00
build/data/effects/yuv_to_rgb.effect,100.00
libobs/util/circlebuf.h,88.11
build/data/effects/default.effect,100.00
libobs/media-io/format-conversion.c,91.21
libobs/media-io/format-conversion.h,87.59
deps/w32-pthreads/COPYING,100.00
deps/w32-pthreads/COPYING.LIB,100.00
deps/w32-pthreads/GNUmakefile,100.00
deps/w32-pthreads/attr.c,100.00
deps/w32-pthreads/autostatic.c,100.00
deps/w32-pthreads/barrier.c,100.00
deps/w32-pthreads/cancel.c,100.00
deps/w32-pthreads/cleanup.c,100.00
deps/w32-pthreads/condvar.c,100.00
deps/w32-pthreads/context.h,50.00
deps/w32-pthreads/create.c,100.00
deps/w32-pthreads/dll.c,100.00
deps/w32-pthreads/errno.c,100.00
deps/w32-pthreads/exit.c,100.00
deps/w32-pthreads/fork.c,100.00
deps/w32-pthreads/global.c,100.00
deps/w32-pthreads/implement.h,100.00
deps/w32-pthreads/misc.c,100.00
deps/w32-pthreads/mutex.c,100.00
deps/w32-pthreads/nonportable.c,100.00
deps/w32-pthreads/private.c,100.00
deps/w32-pthreads/pthread.c,100.00
deps/w32-pthreads/pthread.h,80.00
deps/w32-pthreads/pthread_attr_destroy.c,100.00
deps/w32-pthreads/pthread_attr_getdetachstate.c,100.00
deps/w32-pthreads/pthread_attr_getinheritsched.c,100.00
deps/w32-pthreads/pthread_attr_getschedparam.c,100.00
deps/w32-pthreads/pthread_attr_getschedpolicy.c,100.00
deps/w32-pthreads/pthread_attr_getscope.c,100.00
deps/w32-pthreads/pthread_attr_getstackaddr.c,100.00
deps/w32-pthreads/pthread_attr_getstacksize.c,100.00
deps/w32-pthreads/pthread_attr_init.c,100.00
deps/w32-pthreads/pthread_attr_setdetachstate.c,100.00
deps/w32-pthreads/pthread_attr_setinheritsched.c,100.00
deps/w32-pthreads/pthread_attr_setschedparam.c,100.00
deps/w32-pthreads/pthread_attr_setschedpolicy.c,100.00
deps/w32-pthreads/pthread_attr_setscope.c,100.00
deps/w32-pthreads/pthread_attr_setstackaddr.c,100.00
deps/w32-pthreads/pthread_attr_setstacksize.c,100.00
deps/w32-pthreads/pthread_barrier_destroy.c,100.00
deps/w32-pthreads/pthread_barrier_init.c,100.00
deps/w32-pthreads/pthread_barrier_wait.c,100.00
deps/w32-pthreads/pthread_barrierattr_destroy.c,100.00
deps/w32-pthreads/pthread_barrierattr_getpshared.c,100.00
deps/w32-pthreads/pthread_barrierattr_init.c,100.00
deps/w32-pthreads/pthread_barrierattr_setpshared.c,100.00
deps/w32-pthreads/pthread_cancel.c,100.00
deps/w32-pthreads/pthread_cond_destroy.c,100.00
deps/w32-pthreads/pthread_cond_init.c,100.00
deps/w32-pthreads/pthread_cond_signal.c,100.00
deps/w32-pthreads/pthread_cond_wait.c,100.00
deps/w32-pthreads/pthread_condattr_destroy.c,100.00
deps/w32-pthreads/pthread_condattr_getpshared.c,100.00
deps/w32-pthreads/pthread_condattr_init.c,100.00
deps/w32-pthreads/pthread_condattr_setpshared.c,100.00
deps/w32-pthreads/pthread_delay_np.c,100.00
deps/w32-pthreads/pthread_detach.c,100.00
deps/w32-pthreads/pthread_equal.c,100.00
deps/w32-pthreads/pthread_exit.c,100.00
deps/w32-pthreads/pthread_getconcurrency.c,100.00
deps/w32-pthreads/pthread_getschedparam.c,100.00
deps/w32-pthreads/pthread_getspecific.c,100.00
deps/w32-pthreads/pthread_getunique_np.c,100.00
deps/w32-pthreads/pthread_getw32threadhandle_np.c,100.00
deps/w32-pthreads/pthread_join.c,100.00
deps/w32-pthreads/pthread_key_create.c,100.00
deps/w32-pthreads/pthread_key_delete.c,100.00
deps/w32-pthreads/pthread_kill.c,100.00
deps/w32-pthreads/pthread_mutex_consistent.c,100.00
deps/w32-pthreads/pthread_mutex_destroy.c,100.00
deps/w32-pthreads/pthread_mutex_init.c,100.00
deps/w32-pthreads/pthread_mutex_lock.c,100.00
deps/w32-pthreads/pthread_mutex_timedlock.c,100.00
deps/w32-pthreads/pthread_mutex_trylock.c,100.00
deps/w32-pthreads/pthread_mutex_unlock.c,100.00
deps/w32-pthreads/pthread_mutexattr_destroy.c,100.00
deps/w32-pthreads/pthread_mutexattr_getkind_np.c,100.00
deps/w32-pthreads/pthread_mutexattr_getpshared.c,100.00
deps/w32-pthreads/pthread_mutexattr_getrobust.c,100.00
deps/w32-pthreads/pthread_mutexattr_gettype.c,100.00
deps/w32-pthreads/pthread_mutexattr_init.c,100.00
deps/w32-pthreads/pthread_mutexattr_setkind_np.c,100.00
deps/w32-pthreads/pthread_mutexattr_setpshared.c,100.00
deps/w32-pthreads/pthread_mutexattr_setrobust.c,100.00
deps/w32-pthreads/pthread_mutexattr_settype.c,100.00
deps/w32-pthreads/pthread_num_processors_np.c,100.00
deps/w32-pthreads/pthread_once.c,100.00
deps/w32-pthreads/pthread_rwlock_destroy.c,100.00
deps/w32-pthreads/pthread_rwlock_init.c,100.00
deps/w32-pthreads/pthread_rwlock_rdlock.c,100.00
deps/w32-pthreads/pthread_rwlock_timedrdlock.c,100.00
deps/w32-pthreads/pthread_rwlock_timedwrlock.c,100.00
deps/w32-pthreads/pthread_rwlock_tryrdlock.c,100.00
deps/w32-pthreads/pthread_rwlock_trywrlock.c,100.00
deps/w32-pthreads/pthread_rwlock_unlock.c,100.00
deps/w32-pthreads/pthread_rwlock_wrlock.c,100.00
deps/w32-pthreads/pthread_rwlockattr_destroy.c,100.00
deps/w32-pthreads/pthread_rwlockattr_getpshared.c,100.00
deps/w32-pthreads/pthread_rwlockattr_init.c,100.00
deps/w32-pthreads/pthread_rwlockattr_setpshared.c,100.00
deps/w32-pthreads/pthread_self.c,100.00
deps/w32-pthreads/pthread_setcancelstate.c,100.00
deps/w32-pthreads/pthread_setcanceltype.c,100.00
deps/w32-pthreads/pthread_setconcurrency.c,100.00
deps/w32-pthreads/pthread_setschedparam.c,100.00
deps/w32-pthreads/pthread_setspecific.c,100.00
deps/w32-pthreads/pthread_spin_destroy.c,100.00
deps/w32-pthreads/pthread_spin_init.c,100.00
deps/w32-pthreads/pthread_spin_lock.c,100.00
deps/w32-pthreads/pthread_spin_trylock.c,100.00
deps/w32-pthreads/pthread_spin_unlock.c,100.00
deps/w32-pthreads/pthread_testcancel.c,100.00
deps/w32-pthreads/pthread_timechange_handler_np.c,100.00
deps/w32-pthreads/pthread_win32_attach_detach_np.c,80.00
deps/w32-pthreads/ptw32_MCS_lock.c,100.00
deps/w32-pthreads/ptw32_OLL_lock.c,66.67
deps/w32-pthreads/ptw32_callUserDestroyRoutines.c,100.00
deps/w32-pthreads/ptw32_calloc.c,100.00
deps/w32-pthreads/ptw32_cond_check_need_init.c,100.00
deps/w32-pthreads/ptw32_getprocessors.c,100.00
deps/w32-pthreads/ptw32_is_attr.c,100.00
deps/w32-pthreads/ptw32_mutex_check_need_init.c,100.00
deps/w32-pthreads/ptw32_new.c,100.00
deps/w32-pthreads/ptw32_processInitialize.c,100.00
deps/w32-pthreads/ptw32_processTerminate.c,100.00
deps/w32-pthreads/ptw32_relmillisecs.c,100.00
deps/w32-pthreads/ptw32_reuse.c,100.00
deps/w32-pthreads/ptw32_rwlock_cancelwrwait.c,100.00
deps/w32-pthreads/ptw32_rwlock_check_need_init.c,100.00
deps/w32-pthreads/ptw32_semwait.c,100.00
deps/w32-pthreads/ptw32_spinlock_check_need_init.c,100.00
deps/w32-pthreads/ptw32_threadDestroy.c,100.00
deps/w32-pthreads/ptw32_threadStart.c,100.00
deps/w32-pthreads/ptw32_throw.c,100.00
deps/w32-pthreads/ptw32_timespec.c,100.00
deps/w32-pthreads/ptw32_tkAssocCreate.c,100.00
deps/w32-pthreads/ptw32_tkAssocDestroy.c,100.00
deps/w32-pthreads/rwlock.c,100.00
deps/w32-pthreads/sched.c,100.00
deps/w32-pthreads/sched.h,100.00
deps/w32-pthreads/sched_get_priority_max.c,100.00
deps/w32-pthreads/sched_get_priority_min.c,100.00
deps/w32-pthreads/sched_getscheduler.c,100.00
deps/w32-pthreads/sched_setscheduler.c,100.00
deps/w32-pthreads/sched_yield.c,100.00
deps/w32-pthreads/sem_close.c,100.00
deps/w32-pthreads/sem_destroy.c,100.00
deps/w32-pthreads/sem_getvalue.c,100.00
deps/w32-pthreads/sem_init.c,100.00
deps/w32-pthreads/sem_open.c,100.00
deps/w32-pthreads/sem_post.c,100.00
deps/w32-pthreads/sem_post_multiple.c,100.00
deps/w32-pthreads/sem_timedwait.c,100.00
deps/w32-pthreads/sem_trywait.c,100.00
deps/w32-pthreads/sem_unlink.c,100.00
deps/w32-pthreads/sem_wait.c,100.00
deps/w32-pthreads/semaphore.c,100.00
deps/w32-pthreads/semaphore.h,100.00
deps/w32-pthreads/signal.c,100.00
deps/w32-pthreads/spin.c,100.00
deps/w32-pthreads/sync.c,100.00
deps/w32-pthreads/tests/Bmakefile,100.00
deps/w32-pthreads/tests/GNUmakefile,100.00
deps/w32-pthreads/tests/Makefile,100.00
deps/w32-pthreads/tests/Wmakefile,100.00
deps/w32-pthreads/tests/barrier1.c,100.00
deps/w32-pthreads/tests/barrier2.c,100.00
deps/w32-pthreads/tests/barrier3.c,100.00
deps/w32-pthreads/tests/barrier4.c,100.00
deps/w32-pthreads/tests/barrier5.c,100.00
deps/w32-pthreads/tests/barrier6.c,100.00
deps/w32-pthreads/tests/benchlib.c,100.00
deps/w32-pthreads/tests/benchtest.h,100.00
deps/w32-pthreads/tests/benchtest1.c,100.00
deps/w32-pthreads/tests/benchtest2.c,100.00
deps/w32-pthreads/tests/benchtest3.c,100.00
deps/w32-pthreads/tests/benchtest4.c,100.00
deps/w32-pthreads/tests/benchtest5.c,100.00
deps/w32-pthreads/tests/cancel1.c,100.00
deps/w32-pthreads/tests/cancel2.c,100.00
deps/w32-pthreads/tests/cancel3.c,100.00
deps/w32-pthreads/tests/cancel4.c,100.00
deps/w32-pthreads/tests/cancel5.c,100.00
deps/w32-pthreads/tests/cancel6a.c,100.00
deps/w32-pthreads/tests/cancel6d.c,100.00
deps/w32-pthreads/tests/cancel7.c,100.00
deps/w32-pthreads/tests/cancel8.c,100.00
deps/w32-pthreads/tests/cancel9.c,100.00
deps/w32-pthreads/tests/cleanup0.c,100.00
deps/w32-pthreads/tests/cleanup1.c,100.00
deps/w32-pthreads/tests/cleanup2.c,100.00
deps/w32-pthreads/tests/cleanup3.c,100.00
deps/w32-pthreads/tests/condvar1.c,100.00
deps/w32-pthreads/tests/condvar1_1.c,100.00
deps/w32-pthreads/tests/condvar1_2.c,100.00
deps/w32-pthreads/tests/condvar2.c,100.00
deps/w32-pthreads/tests/condvar2_1.c,100.00
deps/w32-pthreads/tests/condvar3.c,100.00
deps/w32-pthreads/tests/condvar3_1.c,100.00
deps/w32-pthreads/tests/condvar3_2.c,100.00
deps/w32-pthreads/tests/condvar3_3.c,100.00
deps/w32-pthreads/tests/condvar4.c,100.00
deps/w32-pthreads/tests/condvar5.c,100.00
deps/w32-pthreads/tests/condvar6.c,100.00
deps/w32-pthreads/tests/condvar7.c,100.00
deps/w32-pthreads/tests/condvar8.c,100.00
deps/w32-pthreads/tests/condvar9.c,100.00
deps/w32-pthreads/tests/context1.c,100.00
deps/w32-pthreads/tests/count1.c,100.00
deps/w32-pthreads/tests/create1.c,100.00
deps/w32-pthreads/tests/create2.c,100.00
deps/w32-pthreads/tests/create3.c,100.00
deps/w32-pthreads/tests/delay1.c,100.00
deps/w32-pthreads/tests/delay2.c,100.00
deps/w32-pthreads/tests/detach1.c,100.00
deps/w32-pthreads/tests/equal1.c,100.00
deps/w32-pthreads/tests/errno1.c,100.00
deps/w32-pthreads/tests/exception1.c,100.00
deps/w32-pthreads/tests/exception2.c,100.00
deps/w32-pthreads/tests/exception3.c,100.00
deps/w32-pthreads/tests/exit1.c,100.00
deps/w32-pthreads/tests/exit2.c,100.00
deps/w32-pthreads/tests/exit3.c,100.00
deps/w32-pthreads/tests/exit4.c,100.00
deps/w32-pthreads/tests/exit5.c,100.00
deps/w32-pthreads/tests/eyal1.c,100.00
deps/w32-pthreads/tests/inherit1.c,100.00
deps/w32-pthreads/tests/join0.c,100.00
deps/w32-pthreads/tests/join1.c,100.00
deps/w32-pthreads/tests/join2.c,100.00
deps/w32-pthreads/tests/join3.c,100.00
deps/w32-pthreads/tests/kill1.c,100.00
deps/w32-pthreads/tests/loadfree.c,100.00
deps/w32-pthreads/tests/mutex1.c,100.00
deps/w32-pthreads/tests/mutex1e.c,100.00
deps/w32-pthreads/tests/mutex1n.c,100.00
deps/w32-pthreads/tests/mutex1r.c,100.00
deps/w32-pthreads/tests/mutex2.c,100.00
deps/w32-pthreads/tests/mutex2e.c,100.00
deps/w32-pthreads/tests/mutex2r.c,100.00
deps/w32-pthreads/tests/mutex3.c,100.00
deps/w32-pthreads/tests/mutex3e.c,100.00
deps/w32-pthreads/tests/mutex3r.c,100.00
deps/w32-pthreads/tests/mutex4.c,100.00
deps/w32-pthreads/tests/mutex5.c,100.00
deps/w32-pthreads/tests/mutex6.c,100.00
deps/w32-pthreads/tests/mutex6e.c,100.00
deps/w32-pthreads/tests/mutex6es.c,100.00
deps/w32-pthreads/tests/mutex6n.c,100.00
deps/w32-pthreads/tests/mutex6r.c,100.00
deps/w32-pthreads/tests/mutex6rs.c,100.00
deps/w32-pthreads/tests/mutex6s.c,100.00
deps/w32-pthreads/tests/mutex7.c,100.00
deps/w32-pthreads/tests/mutex7e.c,100.00
deps/w32-pthreads/tests/mutex7n.c,100.00
deps/w32-pthreads/tests/mutex7r.c,100.00
deps/w32-pthreads/tests/mutex8.c,100.00
deps/w32-pthreads/tests/mutex8e.c,100.00
deps/w32-pthreads/tests/mutex8n.c,100.00
deps/w32-pthreads/tests/mutex8r.c,100.00
deps/w32-pthreads/tests/once1.c,100.00
deps/w32-pthreads/tests/once2.c,100.00
deps/w32-pthreads/tests/once3.c,100.00
deps/w32-pthreads/tests/once4.c,100.00
deps/w32-pthreads/tests/priority1.c,100.00
deps/w32-pthreads/tests/priority2.c,100.00
deps/w32-pthreads/tests/reuse1.c,100.00
deps/w32-pthreads/tests/reuse2.c,100.00
deps/w32-pthreads/tests/robust1.c,100.00
deps/w32-pthreads/tests/robust2.c,100.00
deps/w32-pthreads/tests/robust3.c,100.00
deps/w32-pthreads/tests/robust4.c,100.00
deps/w32-pthreads/tests/robust5.c,100.00
deps/w32-pthreads/tests/rwlock1.c,100.00
deps/w32-pthreads/tests/rwlock2.c,100.00
deps/w32-pthreads/tests/rwlock2_t.c,100.00
deps/w32-pthreads/tests/rwlock3.c,100.00
deps/w32-pthreads/tests/rwlock3_t.c,100.00
deps/w32-pthreads/tests/rwlock4.c,100.00
deps/w32-pthreads/tests/rwlock4_t.c,100.00
deps/w32-pthreads/tests/rwlock5.c,100.00
deps/w32-pthreads/tests/rwlock5_t.c,100.00
deps/w32-pthreads/tests/rwlock6.c,100.00
deps/w32-pthreads/tests/rwlock6_t.c,100.00
deps/w32-pthreads/tests/rwlock6_t2.c,100.00
deps/w32-pthreads/tests/self1.c,100.00
deps/w32-pthreads/tests/self2.c,100.00
deps/w32-pthreads/tests/semaphore1.c,100.00
deps/w32-pthreads/tests/semaphore2.c,100.00
deps/w32-pthreads/tests/semaphore3.c,100.00
deps/w32-pthreads/tests/semaphore4.c,100.00
deps/w32-pthreads/tests/semaphore4t.c,100.00
deps/w32-pthreads/tests/semaphore5.c,100.00
deps/w32-pthreads/tests/sequence1.c,100.00
deps/w32-pthreads/tests/spin1.c,100.00
deps/w32-pthreads/tests/spin2.c,100.00
deps/w32-pthreads/tests/spin3.c,100.00
deps/w32-pthreads/tests/spin4.c,100.00
deps/w32-pthreads/tests/stress1.c,100.00
deps/w32-pthreads/tests/test.h,100.00
deps/w32-pthreads/tests/tryentercs.c,100.00
deps/w32-pthreads/tests/tryentercs2.c,100.00
deps/w32-pthreads/tests/tsd1.c,100.00
deps/w32-pthreads/tests/tsd2.c,100.00
deps/w32-pthreads/tests/valid1.c,100.00
deps/w32-pthreads/tests/valid2.c,100.00
deps/w32-pthreads/tsd.c,100.00
deps/w32-pthreads/version.rc,100.00
deps/w32-pthreads/w32_CancelableWait.c,100.00
autogen.sh,100.00
build/makefile.am,83.33
configure.ac,82.99
libobs-opengl/makefile.am,86.00
libobs/makefile.am,94.87
m4/ax_append_flag.m4,100.00
m4/ax_check_compile_flag.m4,100.00
m4/ax_ext.m4,100.00
m4/m4-ax_cxx_compile_stdcxx_11.m4,100.00
makefile.am,85.71
test/makefile.am,100.00
test/test-input/makefile.am,93.33
test/win/makefile.am,100.00
libobs/media-io/audio-resampler-ffmpeg.c,80.27
libobs/media-io/audio-resampler.h,94.29
libobs/util/vc/inttypes.h,100.00
libobs/obs-nix.c,61.95
libobs/obs-windows.c,54.86
libobs/util/platform-nix.c,54.14
build/copy_debug64.bat,100.00
build/copy_release64.bat,100.00
m4/wxwin.m4,100.00
obs/OBSWindows.cpp,100.00
obs/OBSWindows.fbp,100.00
obs/OBSWindows.h,100.00
obs/makefile.am,90.20
obs/obs.cpp,100.00
obs/obs.hpp,100.00
obs/res/delete.ico.h,100.00
obs/res/down.ico.h,100.00
obs/res/htmledit_icon22_properties.gif.h,100.00
obs/res/list_add.png.h,100.00
obs/res/up.ico.h,100.00
obs/window-obs-basic.cpp,100.00
obs/window-obs-basic.hpp,100.00
plugins/dshow/dshow-plugin.hpp,100.00
obs/window-subclass.cpp,100.00
obs/window-subclass.hpp,100.00
plugins/obs-outputs/obs-outputs.c,80.53
plugins/obs-outputs/obs-outputs.h,100.00
plugins/obs-outputs/obs-stream.c,100.00
plugins/obs-outputs/obs-stream.h,100.00
libobs-opengl/gl-cocoa.m,36.93
libobs/obs-cocoa.c,50.51
libobs/util/platform-cocoa.c,100.00
test/osx/test.mm,61.12
CMakeLists.txt,26.74
cmake/FindLibavutil.cmake,100.00
cmake/FindLibswresample.cmake,100.00
libobs-opengl/CMakeLists.txt,39.77
libobs/CMakeLists.txt,53.54
obs/CMakeLists.txt,32.28
test/CMakeLists.txt,26.83
test/osx/CMakeLists.txt,45.65
test/test-input/CMakeLists.txt,31.51
plugins/obs-outputs/obs-outputs.fbp,100.00
deps/jansson/.gitignore,93.33
deps/jansson/.travis.yml,78.26
deps/jansson/Android.mk,93.55
deps/jansson/CHANGES,72.98
deps/jansson/CMakeLists.txt,37.41
deps/jansson/CleanSpec.mk,100.00
deps/jansson/LICENSE,95.00
deps/jansson/Makefile.am,94.12
deps/jansson/README.rst,87.50
deps/jansson/android/jansson_config.h,88.64
deps/jansson/cmake/CheckFunctionKeywords.cmake,100.00
deps/jansson/cmake/FindSphinx.cmake,100.00
deps/jansson/cmake/config.h.cmake,100.00
deps/jansson/cmake/jansson_config.h.cmake,89.86
deps/jansson/configure.ac,53.28
deps/jansson/doc/.gitignore,100.00
deps/jansson/doc/Makefile.am,100.00
deps/jansson/doc/README,100.00
deps/jansson/doc/apiref.rst,90.43
deps/jansson/doc/changes.rst,100.00
deps/jansson/doc/conf.py,99.09
deps/jansson/doc/conformance.rst,91.67
deps/jansson/doc/ext/refcounting.py,95.16
deps/jansson/doc/gettingstarted.rst,94.80
deps/jansson/doc/github_commits.c,99.50
deps/jansson/doc/index.rst,100.00
deps/jansson/doc/portability.rst,60.47
deps/jansson/doc/tutorial.rst,98.96
deps/jansson/doc/upgrading.rst,100.00
deps/jansson/jansson.pc.in,100.00
deps/jansson/release.sh,100.00
deps/jansson/src/Makefile.am,82.76
deps/jansson/src/dump.c,94.49
deps/jansson/src/error.c,95.65
deps/jansson/src/hashtable.c,87.38
deps/jansson/src/hashtable.h,94.24
deps/jansson/src/jansson.def,97.14
deps/jansson/src/jansson.h,89.13
deps/jansson/src/jansson_config.h.in,88.64
deps/jansson/src/jansson_private.h,86.84
deps/jansson/src/load.c,96.19
deps/jansson/src/memory.c,87.14
deps/jansson/src/pack_unpack.c,87.95
deps/jansson/src/strbuffer.c,99.15
deps/jansson/src/strbuffer.h,91.67
deps/jansson/src/strconv.c,89.33
deps/jansson/src/utf.c,99.47
deps/jansson/src/utf.h,86.67
deps/jansson/src/value.c,91.60
deps/jansson/test/.gitignore,80.95
deps/jansson/test/Makefile.am,100.00
deps/jansson/test/bin/Makefile.am,100.00
deps/jansson/test/bin/json_process.c,87.88
deps/jansson/test/run-suites,94.34
deps/jansson/test/scripts/run-tests.sh,99.01
deps/jansson/test/scripts/valgrind.sh,97.22
deps/jansson/test/suites/.gitattributes,100.00
deps/jansson/test/suites/Makefile.am,100.00
deps/jansson/test/suites/api/Makefile.am,100.00
deps/jansson/test/suites/api/check-exports,100.00
deps/jansson/test/suites/api/run,97.30
deps/jansson/test/suites/api/test_array.c,99.77
deps/jansson/test/suites/api/test_copy.c,94.64
deps/jansson/test/suites/api/test_dump.c,91.11
deps/jansson/test/suites/api/test_dump_callback.c,98.78
deps/jansson/test/suites/api/test_equal.c,99.47
deps/jansson/test/suites/api/test_load.c,86.18
deps/jansson/test/suites/api/test_load_callback.c,100.00
deps/jansson/test/suites/api/test_loadb.c,97.30
deps/jansson/test/suites/api/test_memory_funcs.c,60.74
deps/jansson/test/suites/api/test_number.c,70.87
deps/jansson/test/suites/api/test_object.c,87.95
deps/jansson/test/suites/api/test_pack.c,85.99
deps/jansson/test/suites/api/test_simple.c,94.19
deps/jansson/test/suites/api/test_unpack.c,92.93
deps/jansson/test/suites/api/util.h,77.08
deps/jansson/test/suites/encoding-flags/array/input,100.00
deps/jansson/test/suites/encoding-flags/array/output,100.00
deps/jansson/test/suites/encoding-flags/compact-array/env,100.00
deps/jansson/test/suites/encoding-flags/compact-array/input,100.00
deps/jansson/test/suites/encoding-flags/compact-array/output,100.00
deps/jansson/test/suites/encoding-flags/compact-object/env,50.00
deps/jansson/test/suites/encoding-flags/compact-object/input,100.00
deps/jansson/test/suites/encoding-flags/compact-object/output,100.00
deps/jansson/test/suites/encoding-flags/ensure-ascii/env,100.00
deps/jansson/test/suites/encoding-flags/ensure-ascii/input,100.00
deps/jansson/test/suites/encoding-flags/ensure-ascii/output,100.00
deps/jansson/test/suites/encoding-flags/indent-array/env,100.00
deps/jansson/test/suites/encoding-flags/indent-array/input,100.00
deps/jansson/test/suites/encoding-flags/indent-array/output,100.00
deps/jansson/test/suites/encoding-flags/indent-compact-array/env,100.00
deps/jansson/test/suites/encoding-flags/indent-compact-array/input,100.00
deps/jansson/test/suites/encoding-flags/indent-compact-array/output,100.00
deps/jansson/test/suites/encoding-flags/indent-compact-object/env,60.00
deps/jansson/test/suites/encoding-flags/indent-compact-object/input,100.00
deps/jansson/test/suites/encoding-flags/indent-compact-object/output,100.00
deps/jansson/test/suites/encoding-flags/indent-object/env,50.00
deps/jansson/test/suites/encoding-flags/indent-object/input,100.00
deps/jansson/test/suites/encoding-flags/indent-object/output,100.00
deps/jansson/test/suites/encoding-flags/object/input,100.00
deps/jansson/test/suites/encoding-flags/object/output,100.00
deps/jansson/test/suites/encoding-flags/preserve-order/env,100.00
deps/jansson/test/suites/encoding-flags/preserve-order/input,100.00
deps/jansson/test/suites/encoding-flags/preserve-order/output,100.00
deps/jansson/test/suites/encoding-flags/run,96.97
deps/jansson/test/suites/encoding-flags/sort-keys/env,100.00
deps/jansson/test/suites/encoding-flags/sort-keys/input,100.00
deps/jansson/test/suites/encoding-flags/sort-keys/output,100.00
deps/jansson/test/suites/invalid-unicode/encoded-surrogate-half/error,100.00
deps/jansson/test/suites/invalid-unicode/encoded-surrogate-half/input,100.00
deps/jansson/test/suites/invalid-unicode/invalid-utf-8-after-backslash/error,100.00
deps/jansson/test/suites/invalid-unicode/invalid-utf-8-after-backslash/input,100.00
deps/jansson/test/suites/invalid-unicode/invalid-utf-8-in-array/error,100.00
deps/jansson/test/suites/invalid-unicode/invalid-utf-8-in-array/input,100.00
deps/jansson/test/suites/invalid-unicode/invalid-utf-8-in-bigger-int/error,100.00
deps/jansson/test/suites/invalid-unicode/invalid-utf-8-in-bigger-int/input,100.00
deps/jansson/test/suites/invalid-unicode/invalid-utf-8-in-escape/error,100.00
deps/jansson/test/suites/invalid-unicode/invalid-utf-8-in-escape/input,100.00
deps/jansson/test/suites/invalid-unicode/invalid-utf-8-in-exponent/error,100.00
deps/jansson/test/suites/invalid-unicode/invalid-utf-8-in-exponent/input,100.00
deps/jansson/test/suites/invalid-unicode/invalid-utf-8-in-identifier/error,100.00
deps/jansson/test/suites/invalid-unicode/invalid-utf-8-in-identifier/input,100.00
deps/jansson/test/suites/invalid-unicode/invalid-utf-8-in-int/error,100.00
deps/jansson/test/suites/invalid-unicode/invalid-utf-8-in-int/input,100.00
deps/jansson/test/suites/invalid-unicode/invalid-utf-8-in-real-after-e/error,100.00
deps/jansson/test/suites/invalid-unicode/invalid-utf-8-in-real-after-e/input,100.00
deps/jansson/test/suites/invalid-unicode/invalid-utf-8-in-string/error,100.00
deps/jansson/test/suites/invalid-unicode/invalid-utf-8-in-string/input,100.00
deps/jansson/test/suites/invalid-unicode/lone-invalid-utf-8/error,100.00
deps/jansson/test/suites/invalid-unicode/lone-invalid-utf-8/input,100.00
deps/jansson/test/suites/invalid-unicode/lone-utf-8-continuation-byte/error,100.00
deps/jansson/test/suites/invalid-unicode/lone-utf-8-continuation-byte/input,100.00
deps/jansson/test/suites/invalid-unicode/not-in-unicode-range/error,100.00
deps/jansson/test/suites/invalid-unicode/not-in-unicode-range/input,100.00
deps/jansson/test/suites/invalid-unicode/overlong-3-byte-encoding/error,100.00
deps/jansson/test/suites/invalid-unicode/overlong-3-byte-encoding/input,100.00
deps/jansson/test/suites/invalid-unicode/overlong-4-byte-encoding/error,100.00
deps/jansson/test/suites/invalid-unicode/overlong-4-byte-encoding/input,100.00
deps/jansson/test/suites/invalid-unicode/overlong-ascii-encoding/error,100.00
deps/jansson/test/suites/invalid-unicode/overlong-ascii-encoding/input,100.00
deps/jansson/test/suites/invalid-unicode/restricted-utf-8/error,100.00
deps/jansson/test/suites/invalid-unicode/restricted-utf-8/input,100.00
deps/jansson/test/suites/invalid-unicode/run,96.43
deps/jansson/test/suites/invalid-unicode/truncated-utf-8/error,100.00
deps/jansson/test/suites/invalid-unicode/truncated-utf-8/input,100.00
deps/jansson/test/suites/invalid/apostrophe/error,100.00
deps/jansson/test/suites/invalid/apostrophe/input,100.00
deps/jansson/test/suites/invalid/ascii-unicode-identifier/error,100.00
deps/jansson/test/suites/invalid/ascii-unicode-identifier/input,100.00
deps/jansson/test/suites/invalid/brace-comma/error,100.00
deps/jansson/test/suites/invalid/brace-comma/input,100.00
deps/jansson/test/suites/invalid/bracket-comma/error,100.00
deps/jansson/test/suites/invalid/bracket-comma/input,100.00
deps/jansson/test/suites/invalid/bracket-one-comma/error.normal,100.00
deps/jansson/test/suites/invalid/bracket-one-comma/error.strip,100.00
deps/jansson/test/suites/invalid/bracket-one-comma/input,100.00
deps/jansson/test/suites/invalid/empty/error,100.00
deps/jansson/test/suites/invalid/extra-comma-in-array/error,100.00
deps/jansson/test/suites/invalid/extra-comma-in-array/input,100.00
deps/jansson/test/suites/invalid/extra-comma-in-multiline-array/error,100.00
deps/jansson/test/suites/invalid/extra-comma-in-multiline-array/input,100.00
deps/jansson/test/suites/invalid/garbage-after-newline/error,100.00
deps/jansson/test/suites/invalid/garbage-after-newline/input,100.00
deps/jansson/test/suites/invalid/garbage-at-the-end/error,100.00
deps/jansson/test/suites/invalid/garbage-at-the-end/input,100.00
deps/jansson/test/suites/invalid/integer-starting-with-zero/error,100.00
deps/jansson/test/suites/invalid/integer-starting-with-zero/input,100.00
deps/jansson/test/suites/invalid/invalid-escape/error,100.00
deps/jansson/test/suites/invalid/invalid-escape/input,100.00
deps/jansson/test/suites/invalid/invalid-identifier/error,100.00
deps/jansson/test/suites/invalid/invalid-identifier/input,100.00
deps/jansson/test/suites/invalid/invalid-negative-integer/error,100.00
deps/jansson/test/suites/invalid/invalid-negative-integer/input,100.00
deps/jansson/test/suites/invalid/invalid-negative-real/error,100.00
deps/jansson/test/suites/invalid/invalid-negative-real/input,100.00
deps/jansson/test/suites/invalid/invalid-second-surrogate/error,100.00
deps/jansson/test/suites/invalid/invalid-second-surrogate/input,100.00
deps/jansson/test/suites/invalid/lone-open-brace/error.normal,100.00
deps/jansson/test/suites/invalid/lone-open-brace/error.strip,100.00
deps/jansson/test/suites/invalid/lone-open-brace/input,100.00
deps/jansson/test/suites/invalid/lone-open-bracket/error.normal,100.00
deps/jansson/test/suites/invalid/lone-open-bracket/error.strip,100.00
deps/jansson/test/suites/invalid/lone-open-bracket/input,100.00
deps/jansson/test/suites/invalid/lone-second-surrogate/error,100.00
deps/jansson/test/suites/invalid/lone-second-surrogate/input,100.00
deps/jansson/test/suites/invalid/minus-sign-without-number/error,100.00
deps/jansson/test/suites/invalid/minus-sign-without-number/input,100.00
deps/jansson/test/suites/invalid/negative-integer-starting-with-zero/error,100.00
deps/jansson/test/suites/invalid/negative-integer-starting-with-zero/input,100.00
deps/jansson/test/suites/invalid/null-byte-in-object-key/error,100.00
deps/jansson/test/suites/invalid/null-byte-in-object-key/input,100.00
deps/jansson/test/suites/invalid/null-byte-in-string/error,100.00
deps/jansson/test/suites/invalid/null-byte-in-string/nostrip,100.00
deps/jansson/test/suites/invalid/null-byte-outside-string/error,100.00
deps/jansson/test/suites/invalid/null-byte-outside-string/nostrip,100.00
deps/jansson/test/suites/invalid/null/error,100.00
deps/jansson/test/suites/invalid/null/input,100.00
deps/jansson/test/suites/invalid/object-apostrophes/error,100.00
deps/jansson/test/suites/invalid/object-apostrophes/input,100.00
deps/jansson/test/suites/invalid/object-garbage-at-end/error,100.00
deps/jansson/test/suites/invalid/object-garbage-at-end/input,100.00
deps/jansson/test/suites/invalid/object-in-unterminated-array/error.normal,100.00
deps/jansson/test/suites/invalid/object-in-unterminated-array/error.strip,100.00
deps/jansson/test/suites/invalid/object-in-unterminated-array/input,100.00
deps/jansson/test/suites/invalid/object-no-colon/error.normal,100.00
deps/jansson/test/suites/invalid/object-no-colon/error.strip,100.00
deps/jansson/test/suites/invalid/object-no-colon/input,100.00
deps/jansson/test/suites/invalid/object-no-value/error.normal,100.00
deps/jansson/test/suites/invalid/object-no-value/error.strip,100.00
deps/jansson/test/suites/invalid/object-no-value/input,100.00
deps/jansson/test/suites/invalid/object-unterminated-value/error.normal,100.00
deps/jansson/test/suites/invalid/object-unterminated-value/error.strip,100.00
deps/jansson/test/suites/invalid/object-unterminated-value/input,100.00
deps/jansson/test/suites/invalid/real-garbage-after-e/error,100.00
deps/jansson/test/suites/invalid/real-garbage-after-e/input,100.00
deps/jansson/test/suites/invalid/real-negative-overflow/error,100.00
deps/jansson/test/suites/invalid/real-negative-overflow/input,100.00
deps/jansson/test/suites/invalid/real-positive-overflow/error,100.00
deps/jansson/test/suites/invalid/real-positive-overflow/input,100.00
deps/jansson/test/suites/invalid/real-truncated-at-e/error,100.00
deps/jansson/test/suites/invalid/real-truncated-at-e/input,100.00
deps/jansson/test/suites/invalid/real-truncated-at-point/error,100.00
deps/jansson/test/suites/invalid/real-truncated-at-point/input,100.00
deps/jansson/test/suites/invalid/run,98.28
deps/jansson/test/suites/invalid/tab-character-in-string/error,100.00
deps/jansson/test/suites/invalid/tab-character-in-string/input,100.00
deps/jansson/test/suites/invalid/too-big-negative-integer/error,100.00
deps/jansson/test/suites/invalid/too-big-negative-integer/input,100.00
deps/jansson/test/suites/invalid/too-big-positive-integer/error,100.00
deps/jansson/test/suites/invalid/too-big-positive-integer/input,100.00
deps/jansson/test/suites/invalid/truncated-unicode-surrogate/error,100.00
deps/jansson/test/suites/invalid/truncated-unicode-surrogate/input,100.00
deps/jansson/test/suites/invalid/unicode-identifier/error,100.00
deps/jansson/test/suites/invalid/unicode-identifier/input,100.00
deps/jansson/test/suites/invalid/unterminated-array-and-object/error.normal,100.00
deps/jansson/test/suites/invalid/unterminated-array-and-object/error.strip,100.00
deps/jansson/test/suites/invalid/unterminated-array-and-object/input,100.00
deps/jansson/test/suites/invalid/unterminated-array/error.normal,100.00
deps/jansson/test/suites/invalid/unterminated-array/error.strip,100.00
deps/jansson/test/suites/invalid/unterminated-array/input,100.00
deps/jansson/test/suites/invalid/unterminated-empty-key/error.normal,100.00
deps/jansson/test/suites/invalid/unterminated-empty-key/error.strip,100.00
deps/jansson/test/suites/invalid/unterminated-empty-key/input,100.00
deps/jansson/test/suites/invalid/unterminated-key/error.normal,100.00
deps/jansson/test/suites/invalid/unterminated-key/error.strip,100.00
deps/jansson/test/suites/invalid/unterminated-key/input,100.00
deps/jansson/test/suites/invalid/unterminated-object-and-array/error,100.00
deps/jansson/test/suites/invalid/unterminated-object-and-array/input,100.00
deps/jansson/test/suites/invalid/unterminated-string/error.normal,100.00
deps/jansson/test/suites/invalid/unterminated-string/error.strip,100.00
deps/jansson/test/suites/invalid/unterminated-string/input,100.00
deps/jansson/test/suites/valid/complex-array/env,100.00
deps/jansson/test/suites/valid/complex-array/input,100.00
deps/jansson/test/suites/valid/complex-array/output,100.00
deps/jansson/test/suites/valid/empty-array/input,100.00
deps/jansson/test/suites/valid/empty-array/output,100.00
deps/jansson/test/suites/valid/empty-object-in-array/input,100.00
deps/jansson/test/suites/valid/empty-object-in-array/output,100.00
deps/jansson/test/suites/valid/empty-object/input,100.00
deps/jansson/test/suites/valid/empty-object/output,100.00
deps/jansson/test/suites/valid/empty-string/input,100.00
deps/jansson/test/suites/valid/empty-string/output,100.00
deps/jansson/test/suites/valid/escaped-utf-control-char/input,100.00
deps/jansson/test/suites/valid/escaped-utf-control-char/output,100.00
deps/jansson/test/suites/valid/false/input,100.00
deps/jansson/test/suites/valid/false/output,100.00
deps/jansson/test/suites/valid/negative-int/input,100.00
deps/jansson/test/suites/valid/negative-int/output,100.00
deps/jansson/test/suites/valid/negative-one/input,100.00
deps/jansson/test/suites/valid/negative-one/output,100.00
deps/jansson/test/suites/valid/negative-zero/input,100.00
deps/jansson/test/suites/valid/negative-zero/output,100.00
deps/jansson/test/suites/valid/null/input,100.00
deps/jansson/test/suites/valid/null/output,100.00
deps/jansson/test/suites/valid/one-byte-utf-8/input,100.00
deps/jansson/test/suites/valid/one-byte-utf-8/output,100.00
deps/jansson/test/suites/valid/real-capital-e-negative-exponent/input,100.00
deps/jansson/test/suites/valid/real-capital-e-negative-exponent/output,100.00
deps/jansson/test/suites/valid/real-capital-e-positive-exponent/input,100.00
deps/jansson/test/suites/valid/real-capital-e-positive-exponent/output,100.00
deps/jansson/test/suites/valid/real-capital-e/input,100.00
deps/jansson/test/suites/valid/real-capital-e/output,100.00
deps/jansson/test/suites/valid/real-exponent/input,100.00
deps/jansson/test/suites/valid/real-exponent/output,100.00
deps/jansson/test/suites/valid/real-fraction-exponent/input,100.00
deps/jansson/test/suites/valid/real-fraction-exponent/output,100.00
deps/jansson/test/suites/valid/real-negative-exponent/input,100.00
deps/jansson/test/suites/valid/real-negative-exponent/output,100.00
deps/jansson/test/suites/valid/real-positive-exponent/input,100.00
deps/jansson/test/suites/valid/real-positive-exponent/output,100.00
deps/jansson/test/suites/valid/real-underflow/input,100.00
deps/jansson/test/suites/valid/real-underflow/output,100.00
deps/jansson/test/suites/valid/run,98.25
deps/jansson/test/suites/valid/short-string/input,100.00
deps/jansson/test/suites/valid/short-string/output,100.00
deps/jansson/test/suites/valid/simple-ascii-string/input,100.00
deps/jansson/test/suites/valid/simple-ascii-string/output,100.00
deps/jansson/test/suites/valid/simple-int-0/input,100.00
deps/jansson/test/suites/valid/simple-int-0/output,100.00
deps/jansson/test/suites/valid/simple-int-1/input,100.00
deps/jansson/test/suites/valid/simple-int-1/output,100.00
deps/jansson/test/suites/valid/simple-int-123/input,100.00
deps/jansson/test/suites/valid/simple-int-123/output,100.00
deps/jansson/test/suites/valid/simple-object/input,100.00
deps/jansson/test/suites/valid/simple-object/output,100.00
deps/jansson/test/suites/valid/simple-real/input,100.00
deps/jansson/test/suites/valid/simple-real/output,100.00
deps/jansson/test/suites/valid/string-escapes/input,100.00
deps/jansson/test/suites/valid/string-escapes/output,100.00
deps/jansson/test/suites/valid/three-byte-utf-8/input,100.00
deps/jansson/test/suites/valid/three-byte-utf-8/output,100.00
deps/jansson/test/suites/valid/true/input,100.00
deps/jansson/test/suites/valid/true/output,100.00
deps/jansson/test/suites/valid/two-byte-utf-8/input,100.00
deps/jansson/test/suites/valid/two-byte-utf-8/output,100.00
deps/jansson/test/suites/valid/utf-8-string/input,100.00
deps/jansson/test/suites/valid/utf-8-string/output,100.00
deps/jansson/test/suites/valid/utf-surrogate-four-byte-encoding/input,100.00
deps/jansson/test/suites/valid/utf-surrogate-four-byte-encoding/output,100.00
deps/jansson/win32/jansson_config.h,100.00
deps/jansson/win32/vs2010/jansson.sln,100.00
deps/jansson/win32/vs2010/jansson.vcxproj,100.00
deps/jansson/win32/vs2010/jansson.vcxproj.filters,100.00
deps/jansson/win32/vs2010/jansson.vcxproj.user,100.00
obs/obs-wrappers.hpp,83.49
obs/obs-app.cpp,76.58
obs/obs-app.hpp,88.08
obs/wx-wrappers.cpp,68.07
obs/wx-wrappers.hpp,94.78
libobs/util/platform-cocoa.m,32.70
obs/forms/OBSWindows.cpp,100.00
obs/forms/OBSWindows.fbp,100.00
obs/forms/OBSWindows.h,100.00
build/locale/en-US.txt,100.00
obs/window-main-basic.cpp,98.48
obs/window-main-basic.hpp,100.00
obs/wx-subclass.cpp,100.00
obs/wx-subclass.hpp,100.00
build/data/libobs/default.effect,76.19
build/data/obs-plugins/test-input/test.effect,100.00
build/data/obs-studio/locale/en-US.txt,100.00
obs/platform-nix.cpp,100.00
obs/platform-osx.cpp,84.21
obs/platform-windows.cpp,61.18
obs/platform.hpp,81.82
obs/window-settings-basic.cpp,96.26
obs/window-settings-basic.hpp,100.00
obs/settings-basic-general.cpp,100.00
obs/settings-basic.hpp,100.00
obs/settings.hpp,100.00
build/data/obs-studio/locale/en.txt,95.02
build/data/obs-studio/locale/ja.txt,99.30
build/data/obs-studio/locale/locale.ini,40.00
obs/settings-basic-video.cpp,96.99
libobs/util/vc/vc_inttypes.h,100.00
libobs/util/vc/vc_stdbool.h,100.00
libobs/util/vc/vc_stdint.h,97.50
vs/2013/OBS.sln,100.00
vs/2013/OBS/OBS.vcxproj,100.00
vs/2013/OBS/OBS.vcxproj.filters,100.00
vs/2013/libobs-d3d11/libobs-d3d11.vcxproj,100.00
vs/2013/libobs-opengl/libobs-opengl.vcxproj,72.97
vs/2013/libobs-opengl/libobs-opengl.vcxproj.filters,85.71
vs/2013/libobs/libobs.vcxproj,96.25
vs/2013/libobs/libobs.vcxproj.filters,92.93
vs/2013/pthreads/pthreads.vcxproj,96.15
vs/2013/pthreads/pthreads.vcxproj.filters,100.00
vs/2013/test-input/test-input.vcxproj,100.00
vs/2013/test-input/test-input.vcxproj.filters,100.00
vs/2013/wintest/wintest.vcxproj,100.00
obs/platform-osx.mm,62.34
obs/settings-basic.cpp,100.00
libobs/obs.hpp,60.98
libobs/util/util.hpp,84.76
obs/forms/res/properties.ico.h,100.00
libobs/callback/calldata.c,95.48
libobs/callback/calldata.h,97.57
libobs/callback/proc.c,66.84
libobs/callback/proc.h,93.90
libobs/callback/signal.c,95.15
libobs/callback/signal.h,87.79
obs/platform-x11.cpp,30.29
Makefile.am,100.00
obs/window-basic-main.cpp,83.78
obs/window-basic-main.hpp,90.08
obs/window-basic-settings.cpp,70.29
obs/window-basic-settings.hpp,69.47
obs/window-namedialog.cpp,90.36
obs/window-namedialog.hpp,89.83
cmake/FindGLEW.cmake,100.00
cmake/obs_helpers.cmake,100.00
INSTALL,42.57
libobs-opengl/gl-x11.c,54.87
test/test-input/test-sinewave.c,98.86
test/test-input/test-sinewave.h,100.00
build/data/obs-plugins/test-input/draw_rect.effect,100.00
test/test-input/test-desktop.h,100.00
test/test-input/test-desktop.m,85.85
libobs/obs-encoder.c,60.30
libobs/obs-encoder.h,80.60
plugins/obs-outputs/obs-x264.c,100.00
plugins/obs-outputs/obs-x264.h,100.00
vs/2013/obs-outputs/obs-outputs.vcxproj,100.00
vs/2013/obs-outputs/obs-outputs.vcxproj.filters,100.00
plugins/obs-ffmpeg/obs-ffmpeg-output.c,65.70
plugins/obs-ffmpeg/obs-ffmpeg-output.h,37.14
plugins/obs-ffmpeg/obs-ffmpeg.c,29.16
plugins/obs-outputs/rtmp-stream.c,64.74
plugins/obs-outputs/rtmp-stream.h,32.94
vs/2013/obs-ffmpeg/obs-ffmpeg.vcxproj,100.00
vs/2013/obs-ffmpeg/obs-ffmpeg.vcxproj.filters,100.00
obs/forms/NameDialog.ui,100.00
obs/forms/OBSBasic.ui,80.92
obs/forms/OBSBasicSettings.ui,86.54
obs/forms/obs.qrc,87.80
obs/qt-display.hpp,96.00
obs/qt-ptr-variant.hpp,97.37
obs/qt-wrappers.cpp,50.00
obs/qt-wrappers.hpp,74.63
vs/2013/obs-studio/obs-studio.vcxproj,99.78
vs/2013/obs-studio/obs-studio.vcxproj.filters,100.00
additional_install_files/data/.gitignore,66.67
additional_install_files/exec32/.gitignore,66.67
additional_install_files/exec64/.gitignore,66.67
additional_install_files/libs32/.gitignore,66.67
additional_install_files/libs64/.gitignore,66.67
additional_install_files/misc/.gitignore,66.67
cmake/ALL_BUILD.vcxproj.user.in,100.00
cmake/Modules/FindCXX11.cmake,100.00
cmake/Modules/FindDirectX.cmake,100.00
cmake/Modules/FindLibavcodec.cmake,90.70
cmake/Modules/FindLibavformat.cmake,93.60
cmake/Modules/FindLibavutil.cmake,93.60
cmake/Modules/FindLibswresample.cmake,93.39
cmake/Modules/FindLibx264.cmake,56.93
cmake/Modules/NSIS.InstallOptions.ini.in,100.00
cmake/Modules/NSIS.template.in,100.00
cmake/Modules/ObsHelpers.cmake,42.46
cmake/osxbundle/Info.plist,55.26
cmake/osxbundle/obslaunch.sh,83.33
deps/CMakeLists.txt,40.23
deps/w32-pthreads/CMakeLists.txt,53.57
libobs-d3d11/CMakeLists.txt,57.38
plugins/CMakeLists.txt,51.42
plugins/dshow/CMakeLists.txt,100.00
plugins/obs-ffmpeg/CMakeLists.txt,49.69
plugins/obs-outputs/CMakeLists.txt,46.93
test/win/CMakeLists.txt,61.11
cmake/Modules/FindAppKit.cmake,69.23
obs/window-main.hpp,100.00
libobs-opengl/GL/.hgignore,100.00
libobs-opengl/GL/.hgtags,100.00
libobs-opengl/GL/GenTests.lua,100.00
libobs-opengl/GL/License.txt,100.00
libobs-opengl/GL/LoadGen.lua,100.00
libobs-opengl/GL/MakeAllExts.lua,100.00
libobs-opengl/GL/Readme.txt,100.00
libobs-opengl/GL/_FindFileInPath.lua,100.00
libobs-opengl/GL/data/gl_speccoreexts.lua,100.00
libobs-opengl/GL/data/gl_speccoreversions.lua,100.00
libobs-opengl/GL/data/gl_specinit.lua,100.00
libobs-opengl/GL/data/gl_specloaderfunc.lua,100.00
libobs-opengl/GL/data/gl_specversions.lua,100.00
libobs-opengl/GL/data/glx_speccoreexts.lua,100.00
libobs-opengl/GL/data/glx_speccoreversions.lua,100.00
libobs-opengl/GL/data/glx_specinit.lua,100.00
libobs-opengl/GL/data/glx_specloaderfunc.lua,100.00
libobs-opengl/GL/data/glx_specversions.lua,100.00
libobs-opengl/GL/data/style_commontypedefs.lua,100.00
libobs-opengl/GL/data/wgl_speccoreexts.lua,100.00
libobs-opengl/GL/data/wgl_speccoreversions.lua,100.00
libobs-opengl/GL/data/wgl_specinit.lua,100.00
libobs-opengl/GL/data/wgl_specloaderfunc.lua,100.00
libobs-opengl/GL/data/wgl_specversions.lua,100.00
libobs-opengl/GL/extfiles/gl_AMD_3_3.txt,100.00
libobs-opengl/GL/extfiles/gl_core_post_3_3.txt,100.00
libobs-opengl/GL/extfiles/gl_macosx_3_2.txt,100.00
libobs-opengl/GL/extfiles/gl_obs.txt,100.00
libobs-opengl/GL/extfiles/gl_plat_3_3.txt,100.00
libobs-opengl/GL/extfiles/gl_ubiquitous.txt,100.00
libobs-opengl/GL/extfiles/glx_common.txt,100.00
libobs-opengl/GL/extfiles/wgl_AMD.txt,100.00
libobs-opengl/GL/extfiles/wgl_NV.txt,100.00
libobs-opengl/GL/extfiles/wgl_common.txt,100.00
libobs-opengl/GL/gl_obs.c,99.99
libobs-opengl/GL/gl_obs.h,100.00
libobs-opengl/GL/glspecs/glspec.lua,100.00
libobs-opengl/GL/glspecs/glxspec.lua,100.00
libobs-opengl/GL/glspecs/wglspec.lua,100.00
libobs-opengl/GL/glx_obs.c,100.00
libobs-opengl/GL/glx_obs.h,100.00
libobs-opengl/GL/make_distro.lua,100.00
libobs-opengl/GL/modules/CmdLineOptions.lua,100.00
libobs-opengl/GL/modules/CommonStruct.lua,100.00
libobs-opengl/GL/modules/CommonStyle.lua,100.00
libobs-opengl/GL/modules/FuncCpp_Struct.lua,100.00
libobs-opengl/GL/modules/FuncCpp_Style.lua,100.00
libobs-opengl/GL/modules/GetOptions.lua,100.00
libobs-opengl/GL/modules/LoadLuaSpec.lua,100.00
libobs-opengl/GL/modules/NoloadC_Struct.lua,100.00
libobs-opengl/GL/modules/NoloadC_Style.lua,100.00
libobs-opengl/GL/modules/NoloadCpp_Struct.lua,100.00
libobs-opengl/GL/modules/NoloadCpp_Style.lua,100.00
libobs-opengl/GL/modules/PointerCPP_Style.lua,100.00
libobs-opengl/GL/modules/PointerC_Style.lua,100.00
libobs-opengl/GL/modules/Sample_Struct.lua,100.00
libobs-opengl/GL/modules/Sample_Style.lua,100.00
libobs-opengl/GL/modules/Specs.lua,100.00
libobs-opengl/GL/modules/Structure.lua,100.00
libobs-opengl/GL/modules/Styles.lua,100.00
libobs-opengl/GL/modules/TabbedFile.lua,100.00
libobs-opengl/GL/modules/util.lua,100.00
libobs-opengl/GL/tablewriter.lua,100.00
libobs-opengl/GL/test/func_cpp/test.cpp,100.00
libobs-opengl/GL/test/func_cpp_comp/test.cpp,100.00
libobs-opengl/GL/test/noload_c/test.cpp,100.00
libobs-opengl/GL/test/noload_c_noext/test.cpp,100.00
libobs-opengl/GL/test/noload_c_old/test.cpp,100.00
libobs-opengl/GL/test/noload_cpp/test.cpp,100.00
libobs-opengl/GL/test/noload_cpp_noext/test.cpp,100.00
libobs-opengl/GL/test/premake4.lua,100.00
libobs-opengl/GL/test/ptr_c/test.cpp,100.00
libobs-opengl/GL/test/ptr_c_comp/test.cpp,100.00
libobs-opengl/GL/test/ptr_cpp/test.cpp,100.00
libobs-opengl/GL/test/ptr_cpp_comp/test.cpp,100.00
libobs-opengl/GL/wgl_obs.c,100.00
libobs-opengl/GL/wgl_obs.h,100.00
libobs/obs-internal.h,68.44
libobs/obs-data.c,56.54
cmake/Modules/ObsCpack.cmake,85.93
libobs/obs-ui.h,99.14
libobs/obs-properties.c,64.57
libobs/obs-properties.h,72.01
cmake/Modules/WIX.template.in,100.00
cmake/Modules/FindLibswscale.cmake,60.00
libobs/obs-viewport.c,100.00
libobs/obs-view.c,42.21
libobs/media-io/media-io-defs.h,96.30
build/data/libobs/format_conversion.effect,61.73
libobs/media-io/video-frame.c,32.23
libobs/media-io/video-frame.h,83.75
libobs/media-io/video-scaler-ffmpeg.c,61.79
libobs/media-io/video-scaler.h,94.19
libobs/util/threading-posix.c,89.52
libobs/util/threading-windows.c,78.98
plugins/mac-capture/CMakeLists.txt,50.00
plugins/mac-capture/mac-audio.c,67.06
plugins/mac-capture/mac-helpers.h,100.00
plugins/mac-capture/plugin-main.c,40.62
libobs/callback/decl.c,95.57
libobs/callback/decl.h,97.06
libobs/util/windows/CoTaskMemPtr.hpp,96.67
libobs/util/windows/WinHandle.hpp,65.62
plugins/win-wasapi/CMakeLists.txt,50.88
plugins/win-wasapi/enum-wasapi.cpp,93.94
plugins/win-wasapi/enum-wasapi.hpp,57.14
plugins/win-wasapi/plugin-main.cpp,44.57
plugins/win-wasapi/win-wasapi.cpp,45.54
vs/2013/win-wasapi/win-wasapi.vcxproj,100.00
vs/2013/win-wasapi/win-wasapi.vcxproj.filters,100.00
plugins/mac-capture/audio-device-enum.c,82.16
plugins/mac-capture/audio-device-enum.h,97.44
build/data/obs-plugins/win-capture/opaque.effect,100.00
plugins/win-capture/CMakeLists.txt,63.07
plugins/win-capture/dc-capture.c,71.34
plugins/win-capture/dc-capture.h,93.26
plugins/win-capture/monitor-capture.c,65.94
plugins/win-capture/plugin-main.c,54.89
vs/2013/win-capture/win-capture.vcxproj,100.00
vs/2013/win-capture/win-capture.vcxproj.filters,100.00
test/linux/CMakeLists.txt,100.00
test/linux/linux.c,100.00
test/linux/linux.h,100.00
test/linux/xshm-input.c,99.55
test/linux/xshm-input.h,100.00
test/linux/xcursor.c,98.54
test/linux/xcursor.h,100.00
test/linux/pulse-input.c,100.00
plugins/linux-pulseaudio/CMakeLists.txt,41.89
plugins/linux-pulseaudio/linux-pulseaudio.c,63.64
plugins/linux-pulseaudio/pulse-input.c,46.58
plugins/linux-xshm/CMakeLists.txt,82.35
plugins/linux-xshm/linux-xshm.c,80.00
plugins/linux-xshm/xcursor.c,58.33
plugins/linux-xshm/xcursor.h,71.43
plugins/linux-xshm/xshm-input.c,69.37
plugins/obs-x264/CMakeLists.txt,42.72
plugins/obs-x264/obs-x264-plugin-main.c,83.33
plugins/obs-x264/obs-x264.c,75.27
vs/2013/obs-x264/obs-x264.vcxproj,100.00
vs/2013/obs-x264/obs-x264.vcxproj.filters,100.00
obs/display-helpers.hpp,89.36
obs/forms/OBSBasicProperties.ui,100.00
obs/properties-view.cpp,55.51
obs/properties-view.hpp,89.89
obs/window-basic-properties.cpp,58.67
obs/window-basic-properties.hpp,82.50
libobs/graphics/device-exports.h,66.67
libobs/util/array-serializer.c,47.66
libobs/util/array-serializer.h,70.73
plugins/obs-outputs/librtmp/COPYING,100.00
plugins/obs-outputs/librtmp/amf.c,95.60
plugins/obs-outputs/librtmp/amf.h,100.00
plugins/obs-outputs/librtmp/bytes.h,100.00
plugins/obs-outputs/librtmp/cencode.c,98.20
plugins/obs-outputs/librtmp/cencode.h,100.00
plugins/obs-outputs/librtmp/dh.h,84.18
plugins/obs-outputs/librtmp/dhgroups.h,100.00
plugins/obs-outputs/librtmp/handshake.h,92.82
plugins/obs-outputs/librtmp/hashswf.c,92.38
plugins/obs-outputs/librtmp/http.h,100.00
plugins/obs-outputs/librtmp/log.c,100.00
plugins/obs-outputs/librtmp/log.h,100.00
plugins/obs-outputs/librtmp/md5.c,100.00
plugins/obs-outputs/librtmp/md5.h,100.00
plugins/obs-outputs/librtmp/parseurl.c,98.24
plugins/obs-outputs/librtmp/rtmp.c,86.82
plugins/obs-outputs/librtmp/rtmp.h,69.87
plugins/obs-outputs/librtmp/rtmp_sys.h,69.58
libobs/obs-avc.c,66.97
libobs/obs-avc.h,78.63
plugins/obs-outputs/flv-mux.c,54.21
plugins/obs-outputs/flv-mux.h,41.09
plugins/obs-outputs/obs-output-ver.h,100.00
plugins/obs-outputs/rtmp-helpers.h,90.00
libobs/config.h.in,100.00
libobs/obs-config.h,79.23
plugins/obs-ffmpeg/obs-ffmpeg-formats.h,51.35
plugins/obs-ffmpeg/obs-ffmpeg-aac.c,97.24
plugins/obs-ffmpeg/obs-ffmpeg-compat.h,44.90
plugins/win-capture/window-capture.c,45.36
cmake/helper_subdir/CMakeLists.txt,100.00
cmake/osxbundle/fixup_bundle.sh,92.73
deps/glad/CMakeLists.txt,47.51
deps/glad/include/KHR/khrplatform.h,86.77
deps/glad/include/glad/glad.h,100.00
deps/glad/include/glad/glad_glx.h,99.35
deps/glad/include/glad/glad_wgl.h,100.00
deps/glad/src/glad.c,100.00
deps/glad/src/glad_glx.c,98.72
deps/glad/src/glad_wgl.c,99.68
vs/2013/glad/glad.vcxproj,100.00
vs/2013/glad/glad.vcxproj.filters,100.00
vs/2013/jansson/jansson.vcxproj,100.00
vs/2013/jansson/jansson.vcxproj.filters,100.00
libobs/obs-service.c,76.34
build/data/.gitignore,100.00
build/data/obs-plugins/rtmp-services/services.json,100.00
plugins/rtmp-services/CMakeLists.txt,53.89
plugins/rtmp-services/rtmp-common.c,65.19
plugins/rtmp-services/rtmp-custom.c,44.44
plugins/rtmp-services/rtmp-services-main.c,74.33
vs/2013/rtmp-services/rtmp-services.vcxproj,100.00
vs/2013/rtmp-services/rtmp-services.vcxproj.filters,100.00
libobs/media-io/video-fourcc.c,51.61
libobs/media-io/video-matrices.c,38.58
plugins/linux-pulseaudio/pulse-wrapper.c,85.29
plugins/linux-pulseaudio/pulse-wrapper.h,88.54
plugins/mac-avcapture/CMakeLists.txt,66.29
plugins/mac-avcapture/av-capture.m,93.08
plugins/mac-avcapture/plugin-main.c,66.67
CONTRIBUTING,97.33
obs/volume-control.cpp,51.83
obs/volume-control.hpp,57.55
libobs/LibObsConfig.cmake.in,100.00
libobs/LibObsConfigVersion.cmake.in,100.00
libobs/obsconfig.h.in,60.94
plugins/linux-xcomposite/CMakeLists.txt,96.77
plugins/linux-xcomposite/plugin-main.cpp,80.80
plugins/linux-xcomposite/xcompcap-helper.cpp,88.34
plugins/linux-xcomposite/xcompcap-helper.h,100.00
plugins/linux-xcomposite/xcompcap-main.cpp,77.33
plugins/linux-xcomposite/xcompcap-main.h,93.10
obs/forms/OBSBasicSourceSelect.ui,90.91
obs/window-basic-source-select.cpp,80.66
obs/window-basic-source-select.hpp,96.36
plugins/linux-xshm/xhelpers.c,99.34
plugins/linux-xshm/xhelpers.h,100.00
plugins/linux-xshm/README,100.00
plugins/mac-avcapture/AVCaptureInputPort+PreMavericksCompat.h,100.00
plugins/obs-outputs/flv-output.c,46.81
obs/forms/OBSLogReply.ui,100.00
obs/window-log-reply.cpp,91.67
obs/window-log-reply.hpp,100.00
cmake/Modules/FindLibfdk.cmake,56.37
build/data/obs-studio/locale/it.txt,100.00
plugins/obs-libfdk/CMakeLists.txt,57.41
plugins/obs-libfdk/obs-libfdk.c,68.81
build/data/obs-studio/locale/fi.txt,100.00
cmake/Modules/FindJansson.cmake,61.30
build/data/obs-studio/locale/de.txt,94.67
build/data/obs-studio/locale/ru.txt,100.00
libobs/util/dstr.hpp,86.89
.gitmodules,25.00
plugins/win-dshow/libdshowcapture,70.69
plugins/win-dshow/CMakeLists.txt,46.87
plugins/win-dshow/win-dshow.cpp,67.06
vs/2013/win-dshow/win-dshow.vcxproj,100.00
vs/2013/win-dshow/win-dshow.vcxproj.filters,100.00
build/data/libobs/solid.effect,100.00
obs/forms/OBSBasicTransform.ui,100.00
obs/window-basic-preview.cpp,85.60
obs/window-basic-preview.hpp,98.96
obs/window-basic-transform.cpp,99.41
obs/window-basic-transform.hpp,100.00
plugins/linux-v4l2/CMakeLists.txt,34.83
plugins/linux-v4l2/linux-v4l2.c,40.00
plugins/linux-v4l2/v4l2-input.c,56.40
libobs/graphics/graphics-ffmpeg.c,44.93
libobs/graphics/graphics-magick.c,91.74
plugins/image-source/CMakeLists.txt,46.03
plugins/image-source/image-source.c,43.09
vs/2013/image-source/image-source.vcxproj,100.00
vs/2013/image-source/image-source.vcxproj.filters,100.00
libobs/obs-ffmpeg-compat.h,47.83
build/data/obs-studio/locale/nb-NO,100.00
build/data/obs-studio/locale/pt.txt,100.00
build/data/obs-studio/locale/nb-NO.txt,100.00
obs/window-basic-status-bar.cpp,92.21
obs/window-basic-status-bar.hpp,98.85
build/data/obs-studio/locale.ini,89.83
build/data/obs-studio/locale/de-DE.ini,100.00
build/data/obs-studio/locale/en-US.ini,100.00
build/data/obs-studio/locale/fi-FI.ini,100.00
build/data/obs-studio/locale/it-IT.ini,100.00
build/data/obs-studio/locale/ja-JP.ini,100.00
build/data/obs-studio/locale/nb-NO.ini,100.00
build/data/obs-studio/locale/pt-PT.ini,100.00
build/data/obs-studio/locale/ru-RU.ini,100.00
plugins/mac-capture/mac-screen-capture.m,52.38
plugins/mac-capture/mac-display-capture.m,52.50
build/data/obs-plugins/image-source/locale/en-US.ini,100.00
build/data/obs-plugins/linux-pulseaudio/locale/en-US.ini,100.00
build/data/obs-plugins/linux-v4l2/locale/en-US.ini,100.00
build/data/obs-plugins/linux-xcomposite/locale/en-US.ini,88.89
build/data/obs-plugins/linux-xshm/locale/en-US.ini,75.00
build/data/obs-plugins/mac-avcapture/locale/en-US.ini,100.00
build/data/obs-plugins/mac-capture/locale/en-US.ini,100.00
build/data/obs-plugins/obs-ffmpeg/locale/en-US.ini,100.00
build/data/obs-plugins/obs-libfdk/locale/en-US.ini,100.00
build/data/obs-plugins/obs-outputs/locale/en-US.ini,100.00
build/data/obs-plugins/obs-x264/locale/en-US.ini,100.00
build/data/obs-plugins/rtmp-services/locale/en-US.ini,100.00
build/data/obs-plugins/win-capture/locale/en-US.ini,100.00
build/data/obs-plugins/win-dshow/locale/en-US.ini,100.00
build/data/obs-plugins/win-wasapi/locale/en-US.ini,100.00
build/data/obs-plugins/image-source/locale/de-DE.ini,100.00
build/data/obs-plugins/image-source/locale/fi-FI.ini,100.00
build/data/obs-plugins/image-source/locale/fr-FR.ini,100.00
build/data/obs-plugins/image-source/locale/hu-HU.ini,100.00
build/data/obs-plugins/image-source/locale/it-IT.ini,100.00
build/data/obs-plugins/image-source/locale/ja-JP.ini,100.00
build/data/obs-plugins/image-source/locale/pl-PL.ini,100.00
build/data/obs-plugins/image-source/locale/pt-BR.ini,100.00
build/data/obs-plugins/image-source/locale/pt-PT.ini,100.00
build/data/obs-plugins/linux-pulseaudio/locale/de-DE.ini,100.00
build/data/obs-plugins/linux-pulseaudio/locale/fi-FI.ini,100.00
build/data/obs-plugins/linux-pulseaudio/locale/fr-FR.ini,100.00
build/data/obs-plugins/linux-pulseaudio/locale/hu-HU.ini,100.00
build/data/obs-plugins/linux-pulseaudio/locale/it-IT.ini,100.00
build/data/obs-plugins/linux-pulseaudio/locale/ja-JP.ini,100.00
build/data/obs-plugins/linux-pulseaudio/locale/pl-PL.ini,100.00
build/data/obs-plugins/linux-pulseaudio/locale/pt-BR.ini,100.00
build/data/obs-plugins/linux-pulseaudio/locale/pt-PT.ini,100.00
build/data/obs-plugins/linux-v4l2/locale/de-DE.ini,100.00
build/data/obs-plugins/linux-v4l2/locale/fi-FI.ini,100.00
build/data/obs-plugins/linux-v4l2/locale/fr-FR.ini,100.00
build/data/obs-plugins/linux-v4l2/locale/hu-HU.ini,100.00
build/data/obs-plugins/linux-v4l2/locale/it-IT.ini,100.00
build/data/obs-plugins/linux-v4l2/locale/ja-JP.ini,100.00
build/data/obs-plugins/linux-v4l2/locale/pl-PL.ini,100.00
build/data/obs-plugins/linux-v4l2/locale/pt-BR.ini,100.00
build/data/obs-plugins/linux-v4l2/locale/pt-PT.ini,100.00
build/data/obs-plugins/linux-xcomposite/locale/de-DE.ini,100.00
build/data/obs-plugins/linux-xcomposite/locale/fi-FI.ini,100.00
build/data/obs-plugins/linux-xcomposite/locale/fr-FR.ini,100.00
build/data/obs-plugins/linux-xcomposite/locale/hu-HU.ini,100.00
build/data/obs-plugins/linux-xcomposite/locale/it-IT.ini,100.00
build/data/obs-plugins/linux-xcomposite/locale/ja-JP.ini,100.00
build/data/obs-plugins/linux-xcomposite/locale/pl-PL.ini,100.00
build/data/obs-plugins/linux-xcomposite/locale/pt-BR.ini,100.00
build/data/obs-plugins/linux-xcomposite/locale/pt-PT.ini,100.00
build/data/obs-plugins/linux-xshm/locale/de-DE.ini,100.00
build/data/obs-plugins/linux-xshm/locale/fi-FI.ini,100.00
build/data/obs-plugins/linux-xshm/locale/fr-FR.ini,100.00
build/data/obs-plugins/linux-xshm/locale/hu-HU.ini,100.00
build/data/obs-plugins/linux-xshm/locale/ja-JP.ini,100.00
build/data/obs-plugins/linux-xshm/locale/pl-PL.ini,100.00
build/data/obs-plugins/linux-xshm/locale/pt-BR.ini,100.00
build/data/obs-plugins/linux-xshm/locale/pt-PT.ini,100.00
build/data/obs-plugins/mac-avcapture/locale/de-DE.ini,100.00
build/data/obs-plugins/mac-avcapture/locale/fi-FI.ini,100.00
build/data/obs-plugins/mac-avcapture/locale/fr-FR.ini,100.00
build/data/obs-plugins/mac-avcapture/locale/hu-HU.ini,100.00
build/data/obs-plugins/mac-avcapture/locale/ja-JP.ini,100.00
build/data/obs-plugins/mac-avcapture/locale/pl-PL.ini,100.00
build/data/obs-plugins/mac-avcapture/locale/pt-BR.ini,100.00
build/data/obs-plugins/mac-avcapture/locale/pt-PT.ini,100.00
build/data/obs-plugins/mac-capture/locale/de-DE.ini,100.00
build/data/obs-plugins/mac-capture/locale/fi-FI.ini,100.00
build/data/obs-plugins/mac-capture/locale/fr-FR.ini,100.00
build/data/obs-plugins/mac-capture/locale/hu-HU.ini,100.00
build/data/obs-plugins/mac-capture/locale/ja-JP.ini,100.00
build/data/obs-plugins/mac-capture/locale/pt-BR.ini,100.00
build/data/obs-plugins/mac-capture/locale/pt-PT.ini,100.00
build/data/obs-plugins/obs-ffmpeg/locale/de-DE.ini,100.00
build/data/obs-plugins/obs-ffmpeg/locale/fi-FI.ini,100.00
build/data/obs-plugins/obs-ffmpeg/locale/fr-FR.ini,100.00
build/data/obs-plugins/obs-ffmpeg/locale/hu-HU.ini,100.00
build/data/obs-plugins/obs-ffmpeg/locale/ja-JP.ini,100.00
build/data/obs-plugins/obs-ffmpeg/locale/pl-PL.ini,100.00
build/data/obs-plugins/obs-ffmpeg/locale/pt-BR.ini,100.00
build/data/obs-plugins/obs-ffmpeg/locale/pt-PT.ini,100.00
build/data/obs-plugins/obs-libfdk/locale/de-DE.ini,100.00
build/data/obs-plugins/obs-libfdk/locale/fi-FI.ini,100.00
build/data/obs-plugins/obs-libfdk/locale/fr-FR.ini,100.00
build/data/obs-plugins/obs-libfdk/locale/hu-HU.ini,100.00
build/data/obs-plugins/obs-libfdk/locale/ja-JP.ini,100.00
build/data/obs-plugins/obs-libfdk/locale/pt-BR.ini,100.00
build/data/obs-plugins/obs-libfdk/locale/pt-PT.ini,100.00
build/data/obs-plugins/obs-outputs/locale/de-DE.ini,100.00
build/data/obs-plugins/obs-outputs/locale/fi-FI.ini,100.00
build/data/obs-plugins/obs-outputs/locale/fr-FR.ini,100.00
build/data/obs-plugins/obs-outputs/locale/hu-HU.ini,100.00
build/data/obs-plugins/obs-outputs/locale/ja-JP.ini,100.00
build/data/obs-plugins/obs-outputs/locale/pt-BR.ini,100.00
build/data/obs-plugins/obs-outputs/locale/pt-PT.ini,100.00
build/data/obs-plugins/obs-x264/locale/de-DE.ini,100.00
build/data/obs-plugins/obs-x264/locale/fi-FI.ini,100.00
build/data/obs-plugins/obs-x264/locale/fr-FR.ini,100.00
build/data/obs-plugins/obs-x264/locale/hu-HU.ini,100.00
build/data/obs-plugins/obs-x264/locale/ja-JP.ini,100.00
build/data/obs-plugins/obs-x264/locale/pl-PL.ini,100.00
build/data/obs-plugins/obs-x264/locale/pt-BR.ini,100.00
build/data/obs-plugins/obs-x264/locale/pt-PT.ini,100.00
build/data/obs-plugins/rtmp-services/locale/de-DE.ini,100.00
build/data/obs-plugins/rtmp-services/locale/fi-FI.ini,100.00
build/data/obs-plugins/rtmp-services/locale/hu-HU.ini,100.00
build/data/obs-plugins/rtmp-services/locale/ja-JP.ini,100.00
build/data/obs-plugins/rtmp-services/locale/pt-BR.ini,100.00
build/data/obs-plugins/rtmp-services/locale/pt-PT.ini,100.00
build/data/obs-plugins/win-capture/locale/de-DE.ini,100.00
build/data/obs-plugins/win-capture/locale/fi-FI.ini,100.00
build/data/obs-plugins/win-capture/locale/hu-HU.ini,100.00
build/data/obs-plugins/win-capture/locale/ja-JP.ini,100.00
build/data/obs-plugins/win-capture/locale/pt-BR.ini,100.00
build/data/obs-plugins/win-capture/locale/pt-PT.ini,100.00
build/data/obs-plugins/win-dshow/locale/de-DE.ini,100.00
build/data/obs-plugins/win-dshow/locale/fi-FI.ini,100.00
build/data/obs-plugins/win-dshow/locale/hu-HU.ini,100.00
build/data/obs-plugins/win-dshow/locale/ja-JP.ini,100.00
build/data/obs-plugins/win-dshow/locale/pl-PL.ini,100.00
build/data/obs-plugins/win-dshow/locale/pt-BR.ini,100.00
build/data/obs-plugins/win-dshow/locale/pt-PT.ini,100.00
build/data/obs-plugins/win-wasapi/locale/de-DE.ini,100.00
build/data/obs-plugins/win-wasapi/locale/fi-FI.ini,100.00
build/data/obs-plugins/win-wasapi/locale/hu-HU.ini,100.00
build/data/obs-plugins/win-wasapi/locale/ja-JP.ini,100.00
build/data/obs-plugins/win-wasapi/locale/pl-PL.ini,100.00
build/data/obs-plugins/win-wasapi/locale/pt-BR.ini,100.00
build/data/obs-plugins/win-wasapi/locale/pt-PT.ini,100.00
build/data/obs-studio/locale/ar-SA.ini,100.00
build/data/obs-studio/locale/cs-CZ.ini,100.00
build/data/obs-studio/locale/da-DK.ini,100.00
build/data/obs-studio/locale/es-ES.ini,100.00
build/data/obs-studio/locale/fr-FR.ini,100.00
build/data/obs-studio/locale/hu-HU.ini,100.00
build/data/obs-studio/locale/ko-KR.ini,100.00
build/data/obs-studio/locale/nl-NL.ini,100.00
build/data/obs-studio/locale/pl-PL.ini,100.00
build/data/obs-studio/locale/pt-BR.ini,100.00
build/data/obs-studio/locale/ro-RO.ini,100.00
build/data/obs-studio/locale/sl-SI.ini,100.00
build/data/obs-studio/locale/tr-TR.ini,100.00
build/data/obs-studio/locale/zh-CN.ini,100.00
build/data/obs-studio/license/gplv2.txt,100.00
obs/forms/OBSLicenseAgreement.ui,100.00
obs/window-license-agreement.cpp,100.00
obs/window-license-agreement.hpp,100.00
build/data/obs-plugins/image-source/locale/es-ES.ini,100.00
build/data/obs-plugins/image-source/locale/nb-NO.ini,100.00
build/data/obs-plugins/image-source/locale/nl-NL.ini,100.00
build/data/obs-plugins/image-source/locale/ro-RO.ini,100.00
build/data/obs-plugins/image-source/locale/ru-RU.ini,100.00
build/data/obs-plugins/image-source/locale/sv-SE.ini,100.00
build/data/obs-plugins/linux-pulseaudio/locale/es-ES.ini,100.00
build/data/obs-plugins/linux-pulseaudio/locale/nb-NO.ini,100.00
build/data/obs-plugins/linux-pulseaudio/locale/nl-NL.ini,100.00
build/data/obs-plugins/linux-pulseaudio/locale/ro-RO.ini,100.00
build/data/obs-plugins/linux-pulseaudio/locale/ru-RU.ini,100.00
build/data/obs-plugins/linux-pulseaudio/locale/sv-SE.ini,100.00
build/data/obs-plugins/linux-v4l2/locale/es-ES.ini,100.00
build/data/obs-plugins/linux-v4l2/locale/nb-NO.ini,100.00
build/data/obs-plugins/linux-v4l2/locale/nl-NL.ini,100.00
build/data/obs-plugins/linux-v4l2/locale/ro-RO.ini,100.00
build/data/obs-plugins/linux-v4l2/locale/ru-RU.ini,100.00
build/data/obs-plugins/linux-v4l2/locale/sv-SE.ini,100.00
build/data/obs-plugins/linux-xcomposite/locale/es-ES.ini,100.00
build/data/obs-plugins/linux-xcomposite/locale/nb-NO.ini,100.00
build/data/obs-plugins/linux-xcomposite/locale/nl-NL.ini,100.00
build/data/obs-plugins/linux-xcomposite/locale/ro-RO.ini,100.00
build/data/obs-plugins/linux-xcomposite/locale/ru-RU.ini,100.00
build/data/obs-plugins/linux-xcomposite/locale/sv-SE.ini,100.00
build/data/obs-plugins/linux-xshm/locale/es-ES.ini,100.00
build/data/obs-plugins/linux-xshm/locale/it-IT.ini,100.00
build/data/obs-plugins/linux-xshm/locale/nb-NO.ini,100.00
build/data/obs-plugins/linux-xshm/locale/nl-NL.ini,100.00
build/data/obs-plugins/linux-xshm/locale/ro-RO.ini,100.00
build/data/obs-plugins/linux-xshm/locale/ru-RU.ini,100.00
build/data/obs-plugins/linux-xshm/locale/sv-SE.ini,100.00
build/data/obs-plugins/mac-avcapture/locale/es-ES.ini,100.00
build/data/obs-plugins/mac-avcapture/locale/it-IT.ini,100.00
build/data/obs-plugins/mac-avcapture/locale/nb-NO.ini,100.00
build/data/obs-plugins/mac-avcapture/locale/nl-NL.ini,100.00
build/data/obs-plugins/mac-avcapture/locale/ro-RO.ini,100.00
build/data/obs-plugins/mac-avcapture/locale/ru-RU.ini,100.00
build/data/obs-plugins/mac-avcapture/locale/sv-SE.ini,100.00
build/data/obs-plugins/mac-capture/locale/es-ES.ini,100.00
build/data/obs-plugins/mac-capture/locale/it-IT.ini,100.00
build/data/obs-plugins/mac-capture/locale/nb-NO.ini,100.00
build/data/obs-plugins/mac-capture/locale/nl-NL.ini,100.00
build/data/obs-plugins/mac-capture/locale/ro-RO.ini,100.00
build/data/obs-plugins/mac-capture/locale/ru-RU.ini,100.00
build/data/obs-plugins/mac-capture/locale/sv-SE.ini,100.00
build/data/obs-plugins/obs-ffmpeg/locale/es-ES.ini,100.00
build/data/obs-plugins/obs-ffmpeg/locale/it-IT.ini,100.00
build/data/obs-plugins/obs-ffmpeg/locale/nl-NL.ini,100.00
build/data/obs-plugins/obs-ffmpeg/locale/ro-RO.ini,100.00
build/data/obs-plugins/obs-ffmpeg/locale/ru-RU.ini,100.00
build/data/obs-plugins/obs-ffmpeg/locale/sv-SE.ini,100.00
build/data/obs-plugins/obs-libfdk/locale/es-ES.ini,100.00
build/data/obs-plugins/obs-libfdk/locale/it-IT.ini,100.00
build/data/obs-plugins/obs-libfdk/locale/nl-NL.ini,100.00
build/data/obs-plugins/obs-libfdk/locale/pl-PL.ini,100.00
build/data/obs-plugins/obs-libfdk/locale/ro-RO.ini,100.00
build/data/obs-plugins/obs-libfdk/locale/ru-RU.ini,100.00
build/data/obs-plugins/obs-libfdk/locale/sv-SE.ini,100.00
build/data/obs-plugins/obs-outputs/locale/es-ES.ini,100.00
build/data/obs-plugins/obs-outputs/locale/it-IT.ini,100.00
build/data/obs-plugins/obs-outputs/locale/nl-NL.ini,100.00
build/data/obs-plugins/obs-outputs/locale/pl-PL.ini,100.00
build/data/obs-plugins/obs-outputs/locale/ro-RO.ini,100.00
build/data/obs-plugins/obs-outputs/locale/ru-RU.ini,100.00
build/data/obs-plugins/obs-outputs/locale/sv-SE.ini,100.00
build/data/obs-plugins/obs-x264/locale/es-ES.ini,100.00
build/data/obs-plugins/obs-x264/locale/it-IT.ini,100.00
build/data/obs-plugins/obs-x264/locale/nl-NL.ini,100.00
build/data/obs-plugins/obs-x264/locale/ro-RO.ini,100.00
build/data/obs-plugins/obs-x264/locale/ru-RU.ini,100.00
build/data/obs-plugins/obs-x264/locale/sv-SE.ini,100.00
build/data/obs-plugins/rtmp-services/locale/es-ES.ini,100.00
build/data/obs-plugins/rtmp-services/locale/it-IT.ini,100.00
build/data/obs-plugins/rtmp-services/locale/nl-NL.ini,100.00
build/data/obs-plugins/rtmp-services/locale/pl-PL.ini,100.00
build/data/obs-plugins/rtmp-services/locale/ro-RO.ini,100.00
build/data/obs-plugins/rtmp-services/locale/ru-RU.ini,100.00
build/data/obs-plugins/rtmp-services/locale/sv-SE.ini,100.00
build/data/obs-plugins/win-capture/locale/es-ES.ini,100.00
build/data/obs-plugins/win-capture/locale/it-IT.ini,100.00
build/data/obs-plugins/win-capture/locale/nl-NL.ini,100.00
build/data/obs-plugins/win-capture/locale/pl-PL.ini,100.00
build/data/obs-plugins/win-capture/locale/ro-RO.ini,100.00
build/data/obs-plugins/win-capture/locale/ru-RU.ini,100.00
build/data/obs-plugins/win-capture/locale/sv-SE.ini,100.00
build/data/obs-plugins/win-dshow/locale/es-ES.ini,100.00
build/data/obs-plugins/win-dshow/locale/it-IT.ini,100.00
build/data/obs-plugins/win-dshow/locale/nl-NL.ini,100.00
build/data/obs-plugins/win-dshow/locale/ro-RO.ini,100.00
build/data/obs-plugins/win-dshow/locale/ru-RU.ini,100.00
build/data/obs-plugins/win-dshow/locale/sv-SE.ini,100.00
build/data/obs-plugins/win-wasapi/locale/es-ES.ini,100.00
build/data/obs-plugins/win-wasapi/locale/it-IT.ini,100.00
build/data/obs-plugins/win-wasapi/locale/nl-NL.ini,100.00
build/data/obs-plugins/win-wasapi/locale/ro-RO.ini,100.00
build/data/obs-plugins/win-wasapi/locale/ru-RU.ini,100.00
build/data/obs-plugins/win-wasapi/locale/sv-SE.ini,100.00
build/data/obs-studio/locale/sv-SE.ini,100.00
build/data/obs-plugins/image-source/locale/ko-KR.ini,100.00
build/data/obs-plugins/image-source/locale/sl-SI.ini,100.00
build/data/obs-plugins/image-source/locale/tr-TR.ini,100.00
build/data/obs-plugins/linux-pulseaudio/locale/ko-KR.ini,100.00
build/data/obs-plugins/linux-pulseaudio/locale/tr-TR.ini,100.00
build/data/obs-plugins/linux-v4l2/locale/ko-KR.ini,100.00
build/data/obs-plugins/linux-v4l2/locale/tr-TR.ini,100.00
build/data/obs-plugins/linux-xcomposite/locale/ko-KR.ini,100.00
build/data/obs-plugins/linux-xcomposite/locale/tr-TR.ini,100.00
build/data/obs-plugins/linux-xshm/locale/ko-KR.ini,100.00
build/data/obs-plugins/linux-xshm/locale/tr-TR.ini,100.00
build/data/obs-plugins/mac-avcapture/locale/ko-KR.ini,100.00
build/data/obs-plugins/mac-avcapture/locale/tr-TR.ini,100.00
build/data/obs-plugins/mac-capture/locale/ko-KR.ini,100.00
build/data/obs-plugins/mac-capture/locale/tr-TR.ini,100.00
build/data/obs-plugins/obs-ffmpeg/locale/ko-KR.ini,100.00
build/data/obs-plugins/obs-ffmpeg/locale/tr-TR.ini,100.00
build/data/obs-plugins/obs-libfdk/locale/ko-KR.ini,100.00
build/data/obs-plugins/obs-libfdk/locale/tr-TR.ini,100.00
build/data/obs-plugins/obs-outputs/locale/ko-KR.ini,100.00
build/data/obs-plugins/obs-outputs/locale/tr-TR.ini,100.00
build/data/obs-plugins/obs-x264/locale/ko-KR.ini,100.00
build/data/obs-plugins/obs-x264/locale/tr-TR.ini,100.00
build/data/obs-plugins/rtmp-services/locale/fr-FR.ini,100.00
build/data/obs-plugins/rtmp-services/locale/ko-KR.ini,100.00
build/data/obs-plugins/rtmp-services/locale/tr-TR.ini,100.00
build/data/obs-plugins/win-capture/locale/fr-FR.ini,100.00
build/data/obs-plugins/win-capture/locale/ko-KR.ini,100.00
build/data/obs-plugins/win-capture/locale/tr-TR.ini,100.00
build/data/obs-plugins/win-dshow/locale/fr-FR.ini,100.00
build/data/obs-plugins/win-dshow/locale/ko-KR.ini,100.00
build/data/obs-plugins/win-dshow/locale/tr-TR.ini,100.00
build/data/obs-plugins/win-wasapi/locale/fr-FR.ini,100.00
build/data/obs-plugins/win-wasapi/locale/ko-KR.ini,100.00
build/data/obs-plugins/win-wasapi/locale/tr-TR.ini,100.00
libobs/data/default.effect,90.79
libobs/data/format_conversion.effect,80.88
libobs/data/solid.effect,100.00
obs/data/locale.ini,68.12
obs/data/locale/ar-SA.ini,59.15
obs/data/locale/cs-CZ.ini,73.05
obs/data/locale/da-DK.ini,42.12
obs/data/locale/de-DE.ini,73.27
obs/data/locale/en-US.ini,65.17
obs/data/locale/es-ES.ini,76.47
obs/data/locale/fi-FI.ini,57.82
obs/data/locale/fr-FR.ini,79.79
obs/data/locale/hu-HU.ini,59.23
obs/data/locale/it-IT.ini,69.92
obs/data/locale/ja-JP.ini,67.55
obs/data/locale/ko-KR.ini,76.27
obs/data/locale/nb-NO.ini,73.91
obs/data/locale/nl-NL.ini,77.66
obs/data/locale/pl-PL.ini,70.27
obs/data/locale/pt-BR.ini,64.86
obs/data/locale/pt-PT.ini,69.01
obs/data/locale/ro-RO.ini,53.42
obs/data/locale/ru-RU.ini,69.55
obs/data/locale/sl-SI.ini,92.57
obs/data/locale/sv-SE.ini,47.03
obs/data/locale/tr-TR.ini,76.68
obs/data/locale/zh-CN.ini,76.34
plugins/image-source/data/locale/de-DE.ini,78.69
plugins/image-source/data/locale/en-US.ini,45.00
plugins/image-source/data/locale/es-ES.ini,83.72
plugins/image-source/data/locale/fi-FI.ini,80.00
plugins/image-source/data/locale/fr-FR.ini,72.73
plugins/image-source/data/locale/hu-HU.ini,78.05
plugins/image-source/data/locale/it-IT.ini,53.52
plugins/image-source/data/locale/ja-JP.ini,73.33
plugins/image-source/data/locale/ko-KR.ini,73.33
plugins/image-source/data/locale/nb-NO.ini,82.05
plugins/image-source/data/locale/nl-NL.ini,80.49
plugins/image-source/data/locale/pl-PL.ini,82.50
plugins/image-source/data/locale/pt-BR.ini,76.06
plugins/image-source/data/locale/pt-PT.ini,85.48
plugins/image-source/data/locale/ro-RO.ini,81.82
plugins/image-source/data/locale/ru-RU.ini,71.43
plugins/image-source/data/locale/sl-SI.ini,89.19
plugins/image-source/data/locale/sv-SE.ini,79.07
plugins/image-source/data/locale/tr-TR.ini,85.71
plugins/linux-pulseaudio/data/locale/de-DE.ini,66.67
plugins/linux-pulseaudio/data/locale/en-US.ini,100.00
plugins/linux-pulseaudio/data/locale/es-ES.ini,100.00
plugins/linux-pulseaudio/data/locale/fi-FI.ini,66.67
plugins/linux-pulseaudio/data/locale/fr-FR.ini,37.50
plugins/linux-pulseaudio/data/locale/hu-HU.ini,66.67
plugins/linux-pulseaudio/data/locale/it-IT.ini,71.43
plugins/linux-pulseaudio/data/locale/ja-JP.ini,100.00
plugins/linux-pulseaudio/data/locale/ko-KR.ini,66.67
plugins/linux-pulseaudio/data/locale/nb-NO.ini,66.67
plugins/linux-pulseaudio/data/locale/nl-NL.ini,66.67
plugins/linux-pulseaudio/data/locale/pl-PL.ini,100.00
plugins/linux-pulseaudio/data/locale/pt-BR.ini,37.50
plugins/linux-pulseaudio/data/locale/pt-PT.ini,100.00
plugins/linux-pulseaudio/data/locale/ro-RO.ini,40.00
plugins/linux-pulseaudio/data/locale/ru-RU.ini,100.00
plugins/linux-pulseaudio/data/locale/sv-SE.ini,100.00
plugins/linux-pulseaudio/data/locale/tr-TR.ini,100.00
plugins/linux-v4l2/data/locale/de-DE.ini,55.00
plugins/linux-v4l2/data/locale/en-US.ini,31.25
plugins/linux-v4l2/data/locale/es-ES.ini,46.67
plugins/linux-v4l2/data/locale/fi-FI.ini,41.18
plugins/linux-v4l2/data/locale/fr-FR.ini,50.00
plugins/linux-v4l2/data/locale/hu-HU.ini,54.17
plugins/linux-v4l2/data/locale/it-IT.ini,56.00
plugins/linux-v4l2/data/locale/ja-JP.ini,41.18
plugins/linux-v4l2/data/locale/ko-KR.ini,40.00
plugins/linux-v4l2/data/locale/nb-NO.ini,43.75
plugins/linux-v4l2/data/locale/nl-NL.ini,46.67
plugins/linux-v4l2/data/locale/pl-PL.ini,50.00
plugins/linux-v4l2/data/locale/pt-BR.ini,43.48
plugins/linux-v4l2/data/locale/pt-PT.ini,55.00
plugins/linux-v4l2/data/locale/ro-RO.ini,40.74
plugins/linux-v4l2/data/locale/ru-RU.ini,44.44
plugins/linux-v4l2/data/locale/sv-SE.ini,38.89
plugins/linux-v4l2/data/locale/tr-TR.ini,53.33
plugins/linux-xcomposite/data/locale/es-ES.ini,100.00
plugins/linux-xcomposite/data/locale/fr-FR.ini,100.00
plugins/linux-xcomposite/data/locale/ko-KR.ini,100.00
plugins/linux-xcomposite/data/locale/pl-PL.ini,100.00
plugins/linux-xcomposite/data/locale/pt-BR.ini,100.00
plugins/linux-xshm/data/locale/es-ES.ini,100.00
plugins/linux-xshm/data/locale/pl-PL.ini,100.00
plugins/linux-xshm/data/locale/pt-BR.ini,100.00
plugins/mac-avcapture/data/locale/de-DE.ini,56.52
plugins/mac-avcapture/data/locale/en-US.ini,53.33
plugins/mac-avcapture/data/locale/es-ES.ini,58.82
plugins/mac-avcapture/data/locale/fi-FI.ini,47.37
plugins/mac-avcapture/data/locale/fr-FR.ini,50.00
plugins/mac-avcapture/data/locale/hu-HU.ini,57.89
plugins/mac-avcapture/data/locale/it-IT.ini,61.54
plugins/mac-avcapture/data/locale/ja-JP.ini,47.06
plugins/mac-avcapture/data/locale/ko-KR.ini,50.00
plugins/mac-avcapture/data/locale/nb-NO.ini,50.00
plugins/mac-avcapture/data/locale/nl-NL.ini,62.50
plugins/mac-avcapture/data/locale/pl-PL.ini,47.06
plugins/mac-avcapture/data/locale/pt-BR.ini,48.15
plugins/mac-avcapture/data/locale/pt-PT.ini,52.00
plugins/mac-avcapture/data/locale/ro-RO.ini,48.00
plugins/mac-avcapture/data/locale/ru-RU.ini,47.37
plugins/mac-avcapture/data/locale/sv-SE.ini,50.00
plugins/mac-avcapture/data/locale/tr-TR.ini,41.18
plugins/mac-capture/data/locale/de-DE.ini,52.94
plugins/mac-capture/data/locale/en-US.ini,40.00
plugins/mac-capture/data/locale/es-ES.ini,54.05
plugins/mac-capture/data/locale/fi-FI.ini,51.22
plugins/mac-capture/data/locale/fr-FR.ini,47.27
plugins/mac-capture/data/locale/hu-HU.ini,53.06
plugins/mac-capture/data/locale/it-IT.ini,51.02
plugins/mac-capture/data/locale/ja-JP.ini,56.10
plugins/mac-capture/data/locale/ko-KR.ini,58.54
plugins/mac-capture/data/locale/nb-NO.ini,48.65
plugins/mac-capture/data/locale/nl-NL.ini,47.92
plugins/mac-capture/data/locale/pt-BR.ini,61.29
plugins/mac-capture/data/locale/pt-PT.ini,57.45
plugins/mac-capture/data/locale/ro-RO.ini,32.00
plugins/mac-capture/data/locale/ru-RU.ini,56.76
plugins/mac-capture/data/locale/sv-SE.ini,51.35
plugins/mac-capture/data/locale/tr-TR.ini,56.76
plugins/obs-ffmpeg/data/locale/de-DE.ini,52.83
plugins/obs-ffmpeg/data/locale/en-US.ini,39.68
plugins/obs-ffmpeg/data/locale/es-ES.ini,42.11
plugins/obs-ffmpeg/data/locale/fi-FI.ini,45.12
plugins/obs-ffmpeg/data/locale/fr-FR.ini,42.05
plugins/obs-ffmpeg/data/locale/hu-HU.ini,49.71
plugins/obs-ffmpeg/data/locale/it-IT.ini,49.25
plugins/obs-ffmpeg/data/locale/ja-JP.ini,43.62
plugins/obs-ffmpeg/data/locale/ko-KR.ini,41.32
plugins/obs-ffmpeg/data/locale/nl-NL.ini,45.58
plugins/obs-ffmpeg/data/locale/pl-PL.ini,46.50
plugins/obs-ffmpeg/data/locale/pt-BR.ini,42.92
plugins/obs-ffmpeg/data/locale/pt-PT.ini,46.30
plugins/obs-ffmpeg/data/locale/ro-RO.ini,43.28
plugins/obs-ffmpeg/data/locale/ru-RU.ini,48.36
plugins/obs-ffmpeg/data/locale/sv-SE.ini,40.74
plugins/obs-ffmpeg/data/locale/tr-TR.ini,48.34
plugins/obs-libfdk/data/locale/de-DE.ini,100.00
plugins/obs-libfdk/data/locale/en-US.ini,100.00
plugins/obs-libfdk/data/locale/fi-FI.ini,100.00
plugins/obs-libfdk/data/locale/fr-FR.ini,100.00
plugins/obs-libfdk/data/locale/hu-HU.ini,100.00
plugins/obs-libfdk/data/locale/it-IT.ini,100.00
plugins/obs-libfdk/data/locale/ja-JP.ini,100.00
plugins/obs-libfdk/data/locale/pt-BR.ini,60.00
plugins/obs-libfdk/data/locale/pt-PT.ini,50.00
plugins/obs-libfdk/data/locale/ro-RO.ini,100.00
plugins/obs-outputs/data/locale/de-DE.ini,64.18
plugins/obs-outputs/data/locale/en-US.ini,22.86
plugins/obs-outputs/data/locale/es-ES.ini,57.14
plugins/obs-outputs/data/locale/fi-FI.ini,51.72
plugins/obs-outputs/data/locale/fr-FR.ini,47.73
plugins/obs-outputs/data/locale/hu-HU.ini,60.00
plugins/obs-outputs/data/locale/it-IT.ini,51.35
plugins/obs-outputs/data/locale/ja-JP.ini,55.56
plugins/obs-outputs/data/locale/ko-KR.ini,65.79
plugins/obs-outputs/data/locale/nl-NL.ini,53.57
plugins/obs-outputs/data/locale/pl-PL.ini,51.72
plugins/obs-outputs/data/locale/pt-BR.ini,63.64
plugins/obs-outputs/data/locale/pt-PT.ini,47.92
plugins/obs-outputs/data/locale/ro-RO.ini,45.45
plugins/obs-outputs/data/locale/ru-RU.ini,60.53
plugins/obs-outputs/data/locale/sv-SE.ini,48.39
plugins/obs-outputs/data/locale/tr-TR.ini,57.14
plugins/obs-x264/data/locale/de-DE.ini,41.67
plugins/obs-x264/data/locale/en-US.ini,57.14
plugins/obs-x264/data/locale/es-ES.ini,53.85
plugins/obs-x264/data/locale/fi-FI.ini,39.13
plugins/obs-x264/data/locale/fr-FR.ini,42.11
plugins/obs-x264/data/locale/hu-HU.ini,38.89
plugins/obs-x264/data/locale/it-IT.ini,45.83
plugins/obs-x264/data/locale/ja-JP.ini,54.55
plugins/obs-x264/data/locale/ko-KR.ini,47.62
plugins/obs-x264/data/locale/nl-NL.ini,58.33
plugins/obs-x264/data/locale/pl-PL.ini,58.33
plugins/obs-x264/data/locale/pt-BR.ini,41.94
plugins/obs-x264/data/locale/pt-PT.ini,35.71
plugins/obs-x264/data/locale/ro-RO.ini,33.33
plugins/obs-x264/data/locale/ru-RU.ini,38.89
plugins/obs-x264/data/locale/sv-SE.ini,46.15
plugins/obs-x264/data/locale/tr-TR.ini,53.85
plugins/rtmp-services/data/locale/de-DE.ini,38.46
plugins/rtmp-services/data/locale/en-US.ini,44.44
plugins/rtmp-services/data/locale/es-ES.ini,40.00
plugins/rtmp-services/data/locale/fi-FI.ini,41.67
plugins/rtmp-services/data/locale/fr-FR.ini,36.36
plugins/rtmp-services/data/locale/hu-HU.ini,33.33
plugins/rtmp-services/data/locale/it-IT.ini,46.67
plugins/rtmp-services/data/locale/ja-JP.ini,36.36
plugins/rtmp-services/data/locale/ko-KR.ini,58.33
plugins/rtmp-services/data/locale/nl-NL.ini,44.44
plugins/rtmp-services/data/locale/pl-PL.ini,44.44
plugins/rtmp-services/data/locale/pt-BR.ini,36.36
plugins/rtmp-services/data/locale/pt-PT.ini,31.25
plugins/rtmp-services/data/locale/ro-RO.ini,36.36
plugins/rtmp-services/data/locale/ru-RU.ini,38.46
plugins/rtmp-services/data/locale/sv-SE.ini,36.36
plugins/rtmp-services/data/locale/tr-TR.ini,40.00
plugins/rtmp-services/data/services.json,19.32
plugins/win-capture/data/locale/de-DE.ini,47.96
plugins/win-capture/data/locale/en-US.ini,30.56
plugins/win-capture/data/locale/es-ES.ini,46.38
plugins/win-capture/data/locale/fi-FI.ini,44.00
plugins/win-capture/data/locale/fr-FR.ini,39.02
plugins/win-capture/data/locale/hu-HU.ini,45.12
plugins/win-capture/data/locale/it-IT.ini,51.61
plugins/win-capture/data/locale/ja-JP.ini,42.65
plugins/win-capture/data/locale/ko-KR.ini,48.61
plugins/win-capture/data/locale/nl-NL.ini,44.44
plugins/win-capture/data/locale/pl-PL.ini,40.68
plugins/win-capture/data/locale/pt-BR.ini,46.15
plugins/win-capture/data/locale/pt-PT.ini,42.86
plugins/win-capture/data/locale/ro-RO.ini,42.86
plugins/win-capture/data/locale/ru-RU.ini,41.43
plugins/win-capture/data/locale/sv-SE.ini,45.00
plugins/win-capture/data/locale/tr-TR.ini,41.38
plugins/win-dshow/data/locale/de-DE.ini,45.33
plugins/win-dshow/data/locale/en-US.ini,75.47
plugins/win-dshow/data/locale/es-ES.ini,57.50
plugins/win-dshow/data/locale/fi-FI.ini,53.33
plugins/win-dshow/data/locale/fr-FR.ini,68.63
plugins/win-dshow/data/locale/hu-HU.ini,45.10
plugins/win-dshow/data/locale/it-IT.ini,51.06
plugins/win-dshow/data/locale/ja-JP.ini,52.27
plugins/win-dshow/data/locale/ko-KR.ini,50.00
plugins/win-dshow/data/locale/nl-NL.ini,63.89
plugins/win-dshow/data/locale/pl-PL.ini,59.09
plugins/win-dshow/data/locale/pt-BR.ini,46.05
plugins/win-dshow/data/locale/pt-PT.ini,40.79
plugins/win-dshow/data/locale/ro-RO.ini,32.86
plugins/win-dshow/data/locale/ru-RU.ini,53.49
plugins/win-dshow/data/locale/sv-SE.ini,43.90
plugins/win-dshow/data/locale/tr-TR.ini,58.33
plugins/win-wasapi/data/locale/de-DE.ini,72.22
plugins/win-wasapi/data/locale/en-US.ini,62.50
plugins/win-wasapi/data/locale/es-ES.ini,80.00
plugins/win-wasapi/data/locale/fi-FI.ini,81.82
plugins/win-wasapi/data/locale/fr-FR.ini,58.82
plugins/win-wasapi/data/locale/hu-HU.ini,66.67
plugins/win-wasapi/data/locale/it-IT.ini,88.89
plugins/win-wasapi/data/locale/ja-JP.ini,100.00
plugins/win-wasapi/data/locale/ko-KR.ini,100.00
plugins/win-wasapi/data/locale/nl-NL.ini,66.67
plugins/win-wasapi/data/locale/pl-PL.ini,100.00
plugins/win-wasapi/data/locale/pt-BR.ini,58.82
plugins/win-wasapi/data/locale/pt-PT.ini,81.82
plugins/win-wasapi/data/locale/ro-RO.ini,61.54
plugins/win-wasapi/data/locale/ru-RU.ini,88.89
plugins/win-wasapi/data/locale/sv-SE.ini,100.00
plugins/win-wasapi/data/locale/tr-TR.ini,100.00
test/test-input/data/test.effect,100.00
cmake/copy_on_debug_helper.cmake,100.00
additional_install_files/.gitignore,50.00
additional_install_files/exec32d/.gitignore,100.00
additional_install_files/exec32r/.gitignore,100.00
additional_install_files/exec64d/.gitignore,100.00
additional_install_files/exec64r/.gitignore,100.00
additional_install_files/libs32d/.gitignore,100.00
additional_install_files/libs32r/.gitignore,100.00
additional_install_files/libs64d/.gitignore,100.00
additional_install_files/libs64r/.gitignore,100.00
cmake/copy_helper.cmake,100.00
cmake/Modules/CopyMSVCBins.cmake,42.69
cmake/Modules/FindLibv4l2.cmake,33.33
obs/dist/obs.desktop,91.67
plugins/linux-v4l2/v4l2-helpers.c,80.11
plugins/linux-v4l2/v4l2-helpers.h,70.77
cmake/Modules/FindFreetype.cmake,58.59
plugins/text-freetype2/CMakeLists.txt,41.73
plugins/text-freetype2/data/locale/en-US.ini,50.00
plugins/text-freetype2/data/text_default.effect,93.33
plugins/text-freetype2/obs-convenience.c,67.74
plugins/text-freetype2/obs-convenience.h,71.67
plugins/text-freetype2/text-freetype2.c,43.61
plugins/text-freetype2/text-freetype2.h,71.43
plugins/text-freetype2/text-functionality.c,58.66
cmake/Modules/Findiconv.cmake,100.00
plugins/text-freetype2/find-font-cocoa.m,67.41
plugins/text-freetype2/find-font-iconv.c,97.71
plugins/text-freetype2/find-font-windows.c,62.33
plugins/text-freetype2/find-font.c,96.97
plugins/text-freetype2/find-font.h,96.77
plugins/mac-capture/window-utils.h,49.23
plugins/mac-capture/window-utils.m,32.41
plugins/mac-capture/mac-window-capture.m,38.72
cmake/Modules/FindIconv.cmake,100.00
cmake/Modules/FindFontconfig.cmake,62.90
plugins/text-freetype2/find-font-unix.c,71.57
obs/data/locale/bg-BG.ini,95.89
obs/data/locale/eu-ES.ini,53.16
obs/data/locale/gl-ES.ini,82.63
obs/data/locale/hr-HR.ini,84.20
obs/data/locale/sr-CS.ini,84.20
obs/data/locale/sr-SP.ini,84.23
obs/data/locale/th-TH.ini,92.62
obs/data/locale/uk-UA.ini,51.86
obs/data/locale/zh-TW.ini,61.49
plugins/image-source/data/locale/ar-SA.ini,85.00
plugins/image-source/data/locale/bg-BG.ini,74.07
plugins/image-source/data/locale/da-DK.ini,87.76
plugins/image-source/data/locale/eu-ES.ini,80.49
plugins/image-source/data/locale/gl-ES.ini,75.56
plugins/image-source/data/locale/hr-HR.ini,75.00
plugins/image-source/data/locale/sr-CS.ini,88.89
plugins/image-source/data/locale/sr-SP.ini,88.89
plugins/image-source/data/locale/th-TH.ini,79.49
plugins/image-source/data/locale/zh-TW.ini,79.59
plugins/linux-pulseaudio/data/locale/ar-SA.ini,80.00
plugins/linux-pulseaudio/data/locale/bg-BG.ini,100.00
plugins/linux-pulseaudio/data/locale/da-DK.ini,44.44
plugins/linux-pulseaudio/data/locale/eu-ES.ini,57.14
plugins/linux-pulseaudio/data/locale/gl-ES.ini,50.00
plugins/linux-pulseaudio/data/locale/hr-HR.ini,100.00
plugins/linux-pulseaudio/data/locale/sl-SI.ini,80.00
plugins/linux-pulseaudio/data/locale/sr-CS.ini,100.00
plugins/linux-pulseaudio/data/locale/sr-SP.ini,100.00
plugins/linux-pulseaudio/data/locale/th-TH.ini,60.00
plugins/linux-pulseaudio/data/locale/zh-TW.ini,80.00
plugins/linux-v4l2/data/locale/ar-SA.ini,65.00
plugins/linux-v4l2/data/locale/bg-BG.ini,100.00
plugins/linux-v4l2/data/locale/da-DK.ini,51.61
plugins/linux-v4l2/data/locale/eu-ES.ini,44.44
plugins/linux-v4l2/data/locale/gl-ES.ini,50.00
plugins/linux-v4l2/data/locale/hr-HR.ini,52.17
plugins/linux-v4l2/data/locale/sl-SI.ini,55.00
plugins/linux-v4l2/data/locale/sr-CS.ini,85.71
plugins/linux-v4l2/data/locale/sr-SP.ini,60.00
plugins/linux-v4l2/data/locale/th-TH.ini,89.47
plugins/linux-v4l2/data/locale/uk-UA.ini,84.00
plugins/linux-v4l2/data/locale/zh-TW.ini,52.38
plugins/linux-xcomposite/data/locale/ar-SA.ini,100.00
plugins/linux-xcomposite/data/locale/da-DK.ini,100.00
plugins/linux-xcomposite/data/locale/eu-ES.ini,100.00
plugins/linux-xcomposite/data/locale/gl-ES.ini,100.00
plugins/linux-xcomposite/data/locale/hr-HR.ini,100.00
plugins/linux-xcomposite/data/locale/sl-SI.ini,100.00
plugins/linux-xcomposite/data/locale/sr-CS.ini,100.00
plugins/linux-xcomposite/data/locale/sr-SP.ini,100.00
plugins/linux-xcomposite/data/locale/zh-TW.ini,100.00
plugins/linux-xshm/data/locale/ar-SA.ini,100.00
plugins/linux-xshm/data/locale/da-DK.ini,100.00
plugins/linux-xshm/data/locale/eu-ES.ini,100.00
plugins/linux-xshm/data/locale/gl-ES.ini,100.00
plugins/linux-xshm/data/locale/hr-HR.ini,100.00
plugins/linux-xshm/data/locale/sl-SI.ini,100.00
plugins/linux-xshm/data/locale/sr-CS.ini,100.00
plugins/linux-xshm/data/locale/sr-SP.ini,100.00
plugins/linux-xshm/data/locale/zh-TW.ini,100.00
plugins/mac-avcapture/data/locale/ar-SA.ini,47.62
plugins/mac-avcapture/data/locale/da-DK.ini,57.69
plugins/mac-avcapture/data/locale/eu-ES.ini,48.39
plugins/mac-avcapture/data/locale/gl-ES.ini,51.85
plugins/mac-avcapture/data/locale/hr-HR.ini,47.06
plugins/mac-avcapture/data/locale/sl-SI.ini,38.10
plugins/mac-avcapture/data/locale/sr-CS.ini,61.11
plugins/mac-avcapture/data/locale/sr-SP.ini,52.38
plugins/mac-avcapture/data/locale/th-TH.ini,85.00
plugins/mac-avcapture/data/locale/uk-UA.ini,65.22
plugins/mac-avcapture/data/locale/zh-TW.ini,45.45
plugins/mac-capture/data/locale/ar-SA.ini,51.16
plugins/mac-capture/data/locale/da-DK.ini,51.22
plugins/mac-capture/data/locale/eu-ES.ini,40.82
plugins/mac-capture/data/locale/gl-ES.ini,42.86
plugins/mac-capture/data/locale/hr-HR.ini,56.76
plugins/mac-capture/data/locale/sl-SI.ini,48.89
plugins/mac-capture/data/locale/sr-CS.ini,80.77
plugins/mac-capture/data/locale/sr-SP.ini,56.76
plugins/mac-capture/data/locale/th-TH.ini,90.00
plugins/mac-capture/data/locale/zh-TW.ini,44.19
plugins/obs-ffmpeg/data/locale/ar-SA.ini,65.69
plugins/obs-ffmpeg/data/locale/bg-BG.ini,51.02
plugins/obs-ffmpeg/data/locale/da-DK.ini,60.53
plugins/obs-ffmpeg/data/locale/eu-ES.ini,48.30
plugins/obs-ffmpeg/data/locale/gl-ES.ini,47.10
plugins/obs-ffmpeg/data/locale/hr-HR.ini,37.50
plugins/obs-ffmpeg/data/locale/nb-NO.ini,56.59
plugins/obs-ffmpeg/data/locale/sl-SI.ini,45.86
plugins/obs-ffmpeg/data/locale/sr-CS.ini,62.96
plugins/obs-ffmpeg/data/locale/sr-SP.ini,53.00
plugins/obs-ffmpeg/data/locale/th-TH.ini,90.70
plugins/obs-ffmpeg/data/locale/zh-TW.ini,54.60
plugins/obs-libfdk/data/locale/ar-SA.ini,100.00
plugins/obs-libfdk/data/locale/da-DK.ini,66.67
plugins/obs-libfdk/data/locale/eu-ES.ini,66.67
plugins/obs-libfdk/data/locale/gl-ES.ini,66.67
plugins/obs-libfdk/data/locale/hr-HR.ini,100.00
plugins/obs-libfdk/data/locale/nb-NO.ini,100.00
plugins/obs-libfdk/data/locale/sl-SI.ini,66.67
plugins/obs-libfdk/data/locale/sr-CS.ini,100.00
plugins/obs-libfdk/data/locale/sr-SP.ini,100.00
plugins/obs-libfdk/data/locale/th-TH.ini,60.00
plugins/obs-libfdk/data/locale/zh-TW.ini,100.00
plugins/obs-outputs/data/locale/ar-SA.ini,53.12
plugins/obs-outputs/data/locale/da-DK.ini,66.67
plugins/obs-outputs/data/locale/eu-ES.ini,52.63
plugins/obs-outputs/data/locale/gl-ES.ini,43.75
plugins/obs-outputs/data/locale/hr-HR.ini,50.00
plugins/obs-outputs/data/locale/nb-NO.ini,36.67
plugins/obs-outputs/data/locale/sl-SI.ini,44.44
plugins/obs-outputs/data/locale/sr-CS.ini,70.59
plugins/obs-outputs/data/locale/sr-SP.ini,70.59
plugins/obs-outputs/data/locale/th-TH.ini,89.29
plugins/obs-outputs/data/locale/uk-UA.ini,58.14
plugins/obs-outputs/data/locale/zh-TW.ini,41.03
plugins/obs-x264/data/locale/ar-SA.ini,42.86
plugins/obs-x264/data/locale/bg-BG.ini,63.64
plugins/obs-x264/data/locale/da-DK.ini,44.83
plugins/obs-x264/data/locale/eu-ES.ini,46.43
plugins/obs-x264/data/locale/gl-ES.ini,58.33
plugins/obs-x264/data/locale/hr-HR.ini,88.24
plugins/obs-x264/data/locale/nb-NO.ini,89.47
plugins/obs-x264/data/locale/sl-SI.ini,50.00
plugins/obs-x264/data/locale/sr-CS.ini,93.75
plugins/obs-x264/data/locale/sr-SP.ini,93.75
plugins/obs-x264/data/locale/th-TH.ini,70.59
plugins/obs-x264/data/locale/uk-UA.ini,60.00
plugins/obs-x264/data/locale/zh-TW.ini,53.57
plugins/rtmp-services/data/locale/ar-SA.ini,61.54
plugins/rtmp-services/data/locale/da-DK.ini,44.44
plugins/rtmp-services/data/locale/eu-ES.ini,62.50
plugins/rtmp-services/data/locale/gl-ES.ini,52.94
plugins/rtmp-services/data/locale/hr-HR.ini,66.67
plugins/rtmp-services/data/locale/nb-NO.ini,86.67
plugins/rtmp-services/data/locale/sl-SI.ini,50.00
plugins/rtmp-services/data/locale/sr-CS.ini,90.91
plugins/rtmp-services/data/locale/sr-SP.ini,90.91
plugins/rtmp-services/data/locale/th-TH.ini,46.67
plugins/rtmp-services/data/locale/uk-UA.ini,66.67
plugins/rtmp-services/data/locale/zh-TW.ini,50.00
plugins/text-freetype2/data/locale/da-DK.ini,56.00
plugins/text-freetype2/data/locale/de-DE.ini,51.72
plugins/text-freetype2/data/locale/es-ES.ini,66.67
plugins/text-freetype2/data/locale/eu-ES.ini,37.14
plugins/text-freetype2/data/locale/fi-FI.ini,62.50
plugins/text-freetype2/data/locale/gl-ES.ini,50.00
plugins/text-freetype2/data/locale/hr-HR.ini,52.00
plugins/text-freetype2/data/locale/hu-HU.ini,54.17
plugins/text-freetype2/data/locale/ja-JP.ini,54.17
plugins/text-freetype2/data/locale/ko-KR.ini,43.33
plugins/text-freetype2/data/locale/nb-NO.ini,52.00
plugins/text-freetype2/data/locale/nl-NL.ini,59.09
plugins/text-freetype2/data/locale/pl-PL.ini,50.00
plugins/text-freetype2/data/locale/ro-RO.ini,48.15
plugins/text-freetype2/data/locale/ru-RU.ini,52.00
plugins/text-freetype2/data/locale/sl-SI.ini,43.33
plugins/text-freetype2/data/locale/sr-CS.ini,81.25
plugins/text-freetype2/data/locale/sr-SP.ini,81.25
plugins/text-freetype2/data/locale/sv-SE.ini,56.52
plugins/text-freetype2/data/locale/th-TH.ini,70.00
plugins/text-freetype2/data/locale/tr-TR.ini,40.91
plugins/win-capture/data/locale/ar-SA.ini,41.18
plugins/win-capture/data/locale/da-DK.ini,56.92
plugins/win-capture/data/locale/eu-ES.ini,45.45
plugins/win-capture/data/locale/gl-ES.ini,48.68
plugins/win-capture/data/locale/hr-HR.ini,48.08
plugins/win-capture/data/locale/nb-NO.ini,43.40
plugins/win-capture/data/locale/sl-SI.ini,48.61
plugins/win-capture/data/locale/sr-CS.ini,61.11
plugins/win-capture/data/locale/sr-SP.ini,55.00
plugins/win-capture/data/locale/th-TH.ini,92.98
plugins/win-capture/data/locale/uk-UA.ini,72.04
plugins/win-capture/data/locale/zh-TW.ini,52.78
plugins/win-dshow/data/locale/ar-SA.ini,38.78
plugins/win-dshow/data/locale/bg-BG.ini,73.81
plugins/win-dshow/data/locale/da-DK.ini,52.24
plugins/win-dshow/data/locale/eu-ES.ini,49.32
plugins/win-dshow/data/locale/gl-ES.ini,50.72
plugins/win-dshow/data/locale/hr-HR.ini,68.52
plugins/win-dshow/data/locale/nb-NO.ini,75.44
plugins/win-dshow/data/locale/sl-SI.ini,50.00
plugins/win-dshow/data/locale/sr-CS.ini,74.00
plugins/win-dshow/data/locale/sr-SP.ini,80.43
plugins/win-dshow/data/locale/th-TH.ini,83.72
plugins/win-dshow/data/locale/zh-TW.ini,62.96
plugins/win-wasapi/data/locale/ar-SA.ini,60.00
plugins/win-wasapi/data/locale/da-DK.ini,40.00
plugins/win-wasapi/data/locale/eu-ES.ini,41.18
plugins/win-wasapi/data/locale/gl-ES.ini,37.50
plugins/win-wasapi/data/locale/hr-HR.ini,85.71
plugins/win-wasapi/data/locale/nb-NO.ini,80.00
plugins/win-wasapi/data/locale/sl-SI.ini,52.94
plugins/win-wasapi/data/locale/sr-CS.ini,100.00
plugins/win-wasapi/data/locale/sr-SP.ini,50.00
plugins/win-wasapi/data/locale/th-TH.ini,58.33
plugins/win-wasapi/data/locale/zh-TW.ini,50.00
plugins/linux-capture/CMakeLists.txt,46.83
plugins/linux-capture/data/locale/ar-SA.ini,36.00
plugins/linux-capture/data/locale/da-DK.ini,41.67
plugins/linux-capture/data/locale/de-DE.ini,42.22
plugins/linux-capture/data/locale/en-US.ini,30.77
plugins/linux-capture/data/locale/es-ES.ini,30.00
plugins/linux-capture/data/locale/eu-ES.ini,37.14
plugins/linux-capture/data/locale/fi-FI.ini,38.71
plugins/linux-capture/data/locale/fr-FR.ini,41.18
plugins/linux-capture/data/locale/gl-ES.ini,30.00
plugins/linux-capture/data/locale/hr-HR.ini,33.33
plugins/linux-capture/data/locale/hu-HU.ini,39.02
plugins/linux-capture/data/locale/it-IT.ini,43.59
plugins/linux-capture/data/locale/ja-JP.ini,39.53
plugins/linux-capture/data/locale/ko-KR.ini,34.48
plugins/linux-capture/data/locale/nb-NO.ini,37.50
plugins/linux-capture/data/locale/nl-NL.ini,31.03
plugins/linux-capture/data/locale/pl-PL.ini,33.33
plugins/linux-capture/data/locale/pt-BR.ini,48.89
plugins/linux-capture/data/locale/pt-PT.ini,37.78
plugins/linux-capture/data/locale/ro-RO.ini,48.57
plugins/linux-capture/data/locale/ru-RU.ini,37.93
plugins/linux-capture/data/locale/sl-SI.ini,28.12
plugins/linux-capture/data/locale/sr-CS.ini,37.50
plugins/linux-capture/data/locale/sr-SP.ini,34.62
plugins/linux-capture/data/locale/sv-SE.ini,31.03
plugins/linux-capture/data/locale/tr-TR.ini,33.33
plugins/linux-capture/data/locale/zh-TW.ini,34.48
plugins/linux-capture/linux-capture.c,70.59
plugins/linux-capture/xcursor.c,63.79
plugins/linux-capture/xcursor.h,80.00
plugins/linux-capture/xhelpers.c,40.58
plugins/linux-capture/xhelpers.h,44.90
plugins/linux-capture/xshm-input.c,47.34
plugins/linux-capture/xcompcap-helper.cpp,57.42
plugins/linux-capture/xcompcap-helper.hpp,91.89
plugins/linux-capture/xcompcap-main.cpp,29.90
plugins/linux-capture/xcompcap-main.hpp,100.00
plugins/linux-capture/xcomposite-main.cpp,85.37
plugins/win-dshow/ffmpeg-decode.c,70.47
plugins/win-dshow/ffmpeg-decode.h,90.65
libobs/obs-interaction.h,70.89
obs/forms/OBSBasicInteraction.ui,100.00
obs/window-basic-interaction.cpp,93.18
obs/window-basic-interaction.hpp,95.88
cmake/Modules/CheckForPthreads.c,100.00
cmake/Modules/FindThreads.cmake,100.00
cmake/Modules/FindFFMpeg.cmake,90.85
libobs/data/default_rect.effect,58.02
plugins/mac-syphon/CMakeLists.txt,54.30
plugins/mac-syphon/data/locale/en-US.ini,84.62
plugins/mac-syphon/data/syphon_license.txt,100.00
plugins/mac-syphon/plugin-main.c,70.59
plugins/mac-syphon/syphon-framework,100.00
plugins/mac-syphon/syphon.m,60.51
obs/sparkle-updater.mm,100.00
obs/data/locale/el-GR.ini,53.47
plugins/image-source/data/locale/el-GR.ini,80.00
plugins/linux-capture/data/locale/el-GR.ini,46.15
plugins/linux-pulseaudio/data/locale/el-GR.ini,66.67
plugins/linux-v4l2/data/locale/el-GR.ini,38.10
plugins/mac-avcapture/data/locale/el-GR.ini,34.78
plugins/mac-capture/data/locale/el-GR.ini,55.26
plugins/mac-capture/data/locale/pl-PL.ini,52.50
plugins/mac-syphon/data/locale/de-DE.ini,57.89
plugins/mac-syphon/data/locale/el-GR.ini,84.62
plugins/mac-syphon/data/locale/es-ES.ini,78.57
plugins/mac-syphon/data/locale/eu-ES.ini,61.11
plugins/mac-syphon/data/locale/hr-HR.ini,55.00
plugins/mac-syphon/data/locale/hu-HU.ini,61.11
plugins/mac-syphon/data/locale/ja-JP.ini,73.33
plugins/mac-syphon/data/locale/ru-RU.ini,78.57
plugins/mac-syphon/data/locale/sr-CS.ini,78.57
plugins/mac-syphon/data/locale/sr-SP.ini,78.57
plugins/mac-syphon/data/locale/sv-SE.ini,73.33
plugins/obs-ffmpeg/data/locale/el-GR.ini,53.03
plugins/obs-libfdk/data/locale/el-GR.ini,100.00
plugins/obs-outputs/data/locale/el-GR.ini,42.31
plugins/obs-x264/data/locale/el-GR.ini,38.10
plugins/rtmp-services/data/locale/el-GR.ini,50.00
plugins/text-freetype2/data/locale/el-GR.ini,59.09
plugins/text-freetype2/data/locale/fr-FR.ini,48.15
plugins/text-freetype2/data/locale/pt-BR.ini,48.15
plugins/text-freetype2/data/locale/zh-TW.ini,50.00
plugins/win-capture/data/locale/el-GR.ini,43.75
plugins/win-dshow/data/locale/el-GR.ini,42.31
plugins/win-wasapi/data/locale/el-GR.ini,53.85
libobs/media-io/media-remux.c,57.05
libobs/media-io/media-remux.h,84.78
obs/forms/OBSRemux.ui,100.00
obs/window-remux.cpp,97.89
obs/window-remux.hpp,100.00
cmake/Modules/FindLibUDev.cmake,97.06
plugins/linux-v4l2/v4l2-udev.c,84.89
plugins/linux-v4l2/v4l2-udev.h,100.00
plugins/win-capture/window-helpers.c,76.57
plugins/win-capture/window-helpers.h,92.31
docs/doxygen/obs.css,100.00
docs/doxygen/header.html,100.00
Doxyfile,100.00
obs/data/locale/sk-SK.ini,96.71
plugins/image-source/data/locale/sk-SK.ini,84.62
plugins/linux-capture/data/locale/sk-SK.ini,41.94
plugins/linux-pulseaudio/data/locale/sk-SK.ini,80.00
plugins/linux-v4l2/data/locale/sk-SK.ini,60.00
plugins/mac-avcapture/data/locale/sk-SK.ini,38.10
plugins/mac-capture/data/locale/sk-SK.ini,52.50
plugins/mac-syphon/data/locale/da-DK.ini,81.25
plugins/mac-syphon/data/locale/fi-FI.ini,92.86
plugins/mac-syphon/data/locale/fr-FR.ini,86.67
plugins/mac-syphon/data/locale/gl-ES.ini,61.90
plugins/mac-syphon/data/locale/it-IT.ini,76.47
plugins/mac-syphon/data/locale/ko-KR.ini,86.67
plugins/mac-syphon/data/locale/nb-NO.ini,92.86
plugins/mac-syphon/data/locale/nl-NL.ini,92.86
plugins/mac-syphon/data/locale/ro-RO.ini,54.17
plugins/mac-syphon/data/locale/sk-SK.ini,73.33
plugins/mac-syphon/data/locale/tr-TR.ini,92.86
plugins/obs-ffmpeg/data/locale/sk-SK.ini,49.01
plugins/obs-libfdk/data/locale/sk-SK.ini,100.00
plugins/obs-outputs/data/locale/sk-SK.ini,51.43
plugins/obs-x264/data/locale/sk-SK.ini,52.17
plugins/rtmp-services/data/locale/sk-SK.ini,71.43
plugins/text-freetype2/data/locale/it-IT.ini,43.75
plugins/text-freetype2/data/locale/sk-SK.ini,63.64
plugins/win-capture/data/locale/sk-SK.ini,48.00
plugins/win-dshow/data/locale/sk-SK.ini,54.90
plugins/win-wasapi/data/locale/sk-SK.ini,57.14
libobs/obs-audio-controls.c,48.97
libobs/obs-audio-controls.h,69.35
libobs/util/pipe-posix.c,39.04
libobs/util/pipe-windows.c,62.73
libobs/util/pipe.h,62.86
plugins/win-capture/obfuscate.c,100.00
plugins/win-capture/obfuscate.h,100.00
deps/ipc-util/CMakeLists.txt,48.65
deps/ipc-util/ipc-util/pipe-posix.c,94.44
deps/ipc-util/ipc-util/pipe-posix.h,95.45
deps/ipc-util/ipc-util/pipe-windows.c,90.06
deps/ipc-util/ipc-util/pipe-windows.h,96.30
deps/ipc-util/ipc-util/pipe.h,98.28
plugins/win-capture/funchook.c,100.00
plugins/win-capture/funchook.h,100.00
plugins/win-capture/hook-helpers.h,100.00
plugins/win-capture/graphics-hook-info.h,86.43
plugins/win-capture/d3d8-api/d3d8.h,100.00
plugins/win-capture/d3d8-api/d3d8caps.h,100.00
plugins/win-capture/d3d8-api/d3d8types.h,100.00
plugins/win-capture/get-graphics-offsets/CMakeLists.txt,74.36
plugins/win-capture/get-graphics-offsets/d3d8-offsets.cpp,93.52
plugins/win-capture/get-graphics-offsets/d3d9-offsets.cpp,42.24
plugins/win-capture/get-graphics-offsets/ddraw-offsets.cpp,100.00
plugins/win-capture/get-graphics-offsets/dxgi-offsets.cpp,89.19
plugins/win-capture/get-graphics-offsets/get-graphics-offsets.c,93.24
plugins/win-capture/get-graphics-offsets/get-graphics-offsets.h,80.49
plugins/win-capture/inject-helper/CMakeLists.txt,71.32
plugins/win-capture/inject-helper/inject-helper.c,88.55
plugins/win-capture/graphics-hook/CMakeLists.txt,68.51
plugins/win-capture/graphics-hook/d3d10-capture.cpp,94.27
plugins/win-capture/graphics-hook/d3d11-capture.cpp,94.10
plugins/win-capture/graphics-hook/d3d1x_shaders.hpp,100.00
plugins/win-capture/graphics-hook/d3d9-capture.cpp,86.85
plugins/win-capture/graphics-hook/d3d9-patches.hpp,79.74
plugins/win-capture/graphics-hook/dxgi-capture.cpp,56.47
plugins/win-capture/graphics-hook/dxgi-helpers.hpp,62.86
plugins/win-capture/graphics-hook/gl-capture.c,82.55
plugins/win-capture/graphics-hook/gl-decs.h,90.71
plugins/win-capture/graphics-hook/graphics-hook.c,88.47
plugins/win-capture/graphics-hook/graphics-hook.h,80.87
plugins/win-capture/cursor-capture.c,82.46
plugins/win-capture/cursor-capture.h,92.86
plugins/win-capture/game-capture.c,65.07
plugins/win-capture/load-graphics-offsets.c,77.64
libobs/data/bicubic_scale.effect,45.54
libobs/data/lanczos_scale.effect,55.62
cmake/Modules/FindX11_XCB.cmake,58.67
cmake/Modules/FindXCB.cmake,46.14
plugins/win-dshow/encode-dstr.hpp,97.59
plugins/win-dshow/dshow-plugin.cpp,77.46
plugins/win-dshow/win-dshow-encoder.cpp,95.62
plugins/linux-capture/xcursor-xcb.c,59.38
plugins/linux-capture/xcursor-xcb.h,82.29
obs/adv-audio-control.cpp,98.90
obs/adv-audio-control.hpp,100.00
obs/window-basic-adv-audio.cpp,95.68
obs/window-basic-adv-audio.hpp,97.30
libobs-d3d11/d3d11-duplicator.cpp,58.82
plugins/win-capture/duplicator-monitor-capture.c,61.69
libobs/obs-win-crash-handler.c,83.17
obs/crash-report.cpp,100.00
obs/crash-report.hpp,100.00
obs/vertical-scroll-area.cpp,100.00
obs/vertical-scroll-area.hpp,100.00
obs/source-list-widget.cpp,82.61
obs/source-list-widget.hpp,77.27
cmake/Modules/FindJack.cmake,55.78
plugins/linux-jack/CMakeLists.txt,50.79
plugins/linux-jack/data/locale/en-US.ini,100.00
plugins/linux-jack/jack-input.c,83.71
plugins/linux-jack/jack-wrapper.c,60.15
plugins/linux-jack/jack-wrapper.h,94.44
plugins/linux-jack/linux-jack.c,87.50
.mailmap,90.18
plugins/obs-ffmpeg/closest-pixel-format.h,100.00
obs/window-basic-main-outputs.cpp,85.77
obs/window-basic-main-outputs.hpp,89.13
plugins/win-capture/graphics-hook/d3d8-capture.cpp,56.45
plugins/image-source/data/locale/cs-CZ.ini,79.07
plugins/image-source/data/locale/zh-CN.ini,44.64
plugins/linux-capture/data/locale/cs-CZ.ini,35.29
plugins/linux-capture/data/locale/zh-CN.ini,42.86
plugins/linux-pulseaudio/data/locale/cs-CZ.ini,57.14
plugins/linux-pulseaudio/data/locale/zh-CN.ini,44.44
plugins/linux-v4l2/data/locale/cs-CZ.ini,52.17
plugins/linux-v4l2/data/locale/zh-CN.ini,43.33
plugins/mac-avcapture/data/locale/cs-CZ.ini,62.50
plugins/mac-avcapture/data/locale/zh-CN.ini,60.00
plugins/mac-capture/data/locale/zh-CN.ini,48.08
plugins/mac-syphon/data/locale/pl-PL.ini,92.86
plugins/mac-syphon/data/locale/sl-SI.ini,86.67
plugins/mac-syphon/data/locale/zh-CN.ini,92.86
plugins/obs-ffmpeg/data/locale/zh-CN.ini,43.22
plugins/obs-libfdk/data/locale/zh-CN.ini,66.67
plugins/obs-outputs/data/locale/zh-CN.ini,50.00
plugins/obs-x264/data/locale/zh-CN.ini,39.39
plugins/rtmp-services/data/locale/zh-CN.ini,58.82
plugins/text-freetype2/data/locale/zh-CN.ini,56.00
plugins/win-capture/data/locale/zh-CN.ini,46.15
plugins/win-dshow/data/locale/zh-CN.ini,59.42
plugins/win-wasapi/data/locale/zh-CN.ini,55.56
deps/libff/CMakeLists.txt,52.34
deps/libff/libff/ff-audio-decoder.c,57.56
deps/libff/libff/ff-callbacks.c,93.85
deps/libff/libff/ff-callbacks.h,93.10
deps/libff/libff/ff-circular-queue.c,98.61
deps/libff/libff/ff-circular-queue.h,98.31
deps/libff/libff/ff-clock.c,76.62
deps/libff/libff/ff-clock.h,67.65
deps/libff/libff/ff-decoder.c,70.52
deps/libff/libff/ff-decoder.h,80.41
deps/libff/libff/ff-demuxer.c,72.06
deps/libff/libff/ff-demuxer.h,90.10
deps/libff/libff/ff-frame.h,92.31
deps/libff/libff/ff-packet-queue.c,87.15
deps/libff/libff/ff-packet-queue.h,72.37
deps/libff/libff/ff-timer.c,81.82
deps/libff/libff/ff-timer.h,96.36
deps/libff/libff/ff-video-decoder.c,63.64
plugins/obs-ffmpeg/obs-ffmpeg-source.c,32.73
obs/data/themes/Dark.qss,89.43
obs/data/themes/Default.qss,61.33
deps/libff/libff/ff-threading-posix.c,96.43
deps/libff/libff/ff-threading-windows.c,96.88
deps/libff/libff/ff-threading.h,100.00
cmake/Modules/IDLFileHelper.cmake,56.85
plugins/decklink/data/locale/en-US.ini,25.53
plugins/decklink/decklink-device-discovery.cpp,90.34
plugins/decklink/decklink-device-discovery.hpp,84.38
plugins/decklink/decklink-device-instance.cpp,29.36
plugins/decklink/decklink-device-instance.hpp,42.72
plugins/decklink/decklink-device-mode.cpp,33.86
plugins/decklink/decklink-device-mode.hpp,55.26
plugins/decklink/decklink-device.cpp,39.07
plugins/decklink/decklink-device.hpp,37.04
plugins/decklink/decklink.cpp,86.21
plugins/decklink/decklink.hpp,56.34
plugins/decklink/platform.hpp,72.97
plugins/decklink/plugin-main.cpp,37.58
plugins/decklink/mac/decklink-sdk/DeckLinkAPI.h,44.22
plugins/decklink/mac/decklink-sdk/DeckLinkAPIConfiguration.h,47.38
plugins/decklink/mac/decklink-sdk/DeckLinkAPIDeckControl.h,72.88
plugins/decklink/mac/decklink-sdk/DeckLinkAPIDiscovery.h,78.02
plugins/decklink/mac/decklink-sdk/DeckLinkAPIDispatch.cpp,84.65
plugins/decklink/mac/decklink-sdk/DeckLinkAPIModes.h,47.28
plugins/decklink/mac/decklink-sdk/DeckLinkAPIStreaming.h,79.96
plugins/decklink/mac/decklink-sdk/DeckLinkAPITypes.h,74.83
plugins/decklink/mac/decklink-sdk/DeckLinkAPIVersion.h,73.47
plugins/decklink/mac/CMakeLists.txt,52.08
plugins/decklink/mac/platform.cpp,78.57
plugins/decklink/linux/decklink-sdk/DeckLinkAPI.h,48.05
plugins/decklink/linux/decklink-sdk/DeckLinkAPIConfiguration.h,58.96
plugins/decklink/linux/decklink-sdk/DeckLinkAPIDeckControl.h,81.44
plugins/decklink/linux/decklink-sdk/DeckLinkAPIDiscovery.h,78.02
plugins/decklink/linux/decklink-sdk/DeckLinkAPIDispatch.cpp,82.49
plugins/decklink/linux/decklink-sdk/DeckLinkAPIModes.h,58.41
plugins/decklink/linux/decklink-sdk/DeckLinkAPITypes.h,74.83
plugins/decklink/linux/decklink-sdk/DeckLinkAPIVersion.h,73.47
plugins/decklink/linux/decklink-sdk/LinuxCOM.h,88.29
plugins/decklink/linux/CMakeLists.txt,56.25
plugins/decklink/linux/platform.cpp,92.31
plugins/decklink/win/decklink-sdk/DeckLinkAPI.idl,46.17
plugins/decklink/win/decklink-sdk/DeckLinkAPIConfiguration.idl,56.44
plugins/decklink/win/decklink-sdk/DeckLinkAPIDeckControl.idl,74.54
plugins/decklink/win/decklink-sdk/DeckLinkAPIDiscovery.idl,79.22
plugins/decklink/win/decklink-sdk/DeckLinkAPIModes.idl,55.80
plugins/decklink/win/decklink-sdk/DeckLinkAPIStreaming.idl,80.36
plugins/decklink/win/decklink-sdk/DeckLinkAPITypes.idl,71.22
plugins/decklink/win/decklink-sdk/DeckLinkAPIVersion.h,73.47
plugins/decklink/win/CMakeLists.txt,51.69
plugins/decklink/win/platform.cpp,42.62
libobs/data/opaque.effect,77.99
obs/double-slider.cpp,89.19
obs/double-slider.hpp,100.00
obs/visibility-checkbox.cpp,100.00
obs/visibility-checkbox.hpp,100.00
obs/mute-checkbox.hpp,100.00
obs/visibility-item-widget.cpp,100.00
obs/visibility-item-widget.hpp,100.00
obs/focus-list.cpp,100.00
obs/focus-list.hpp,100.00
obs/forms/OBSBasicFilters.ui,100.00
obs/window-basic-filters.cpp,99.22
obs/window-basic-filters.hpp,100.00
plugins/obs-filters/CMakeLists.txt,46.11
plugins/obs-filters/async-delay-filter.c,84.50
plugins/obs-filters/data/locale/en-US.ini,39.53
plugins/obs-filters/obs-filters.c,30.08
plugins/obs-filters/data/blend_add_filter.effect,92.22
plugins/obs-filters/data/blend_mul_filter.effect,92.22
plugins/obs-filters/data/blend_sub_filter.effect,92.22
plugins/obs-filters/data/mask_alpha_filter.effect,94.32
plugins/obs-filters/data/mask_color_filter.effect,94.32
plugins/obs-filters/mask-filter.c,49.67
plugins/obs-filters/crop-filter.c,64.42
plugins/obs-filters/data/crop_filter.effect,56.57
plugins/obs-filters/color-filter.c,99.44
plugins/obs-filters/data/color_filter.effect,100.00
plugins/obs-filters/chroma-key-filter.c,54.81
plugins/obs-filters/data/chroma_key_filter.effect,91.98
plugins/obs-filters/color-key-filter.c,54.40
plugins/obs-filters/data/color_key_filter.effect,95.83
plugins/decklink/data/locale/da-DK.ini,84.62
plugins/decklink/data/locale/de-DE.ini,80.36
plugins/decklink/data/locale/el-GR.ini,76.47
plugins/decklink/data/locale/eu-ES.ini,75.00
plugins/decklink/data/locale/fi-FI.ini,78.12
plugins/decklink/data/locale/fr-FR.ini,79.41
plugins/decklink/data/locale/gl-ES.ini,76.67
plugins/decklink/data/locale/hr-HR.ini,70.00
plugins/decklink/data/locale/hu-HU.ini,80.00
plugins/decklink/data/locale/it-IT.ini,78.38
plugins/decklink/data/locale/ja-JP.ini,73.53
plugins/decklink/data/locale/ko-KR.ini,70.00
plugins/decklink/data/locale/nb-NO.ini,70.97
plugins/decklink/data/locale/nl-NL.ini,78.12
plugins/decklink/data/locale/pl-PL.ini,78.12
plugins/decklink/data/locale/ro-RO.ini,72.97
plugins/decklink/data/locale/ru-RU.ini,72.22
plugins/decklink/data/locale/sl-SI.ini,80.56
plugins/decklink/data/locale/sr-CS.ini,77.27
plugins/decklink/data/locale/sr-SP.ini,77.27
plugins/decklink/data/locale/sv-SE.ini,72.97
plugins/decklink/data/locale/zh-CN.ini,70.00
plugins/linux-jack/data/locale/da-DK.ini,57.14
plugins/linux-jack/data/locale/de-DE.ini,60.00
plugins/linux-jack/data/locale/el-GR.ini,100.00
plugins/linux-jack/data/locale/es-ES.ini,80.00
plugins/linux-jack/data/locale/eu-ES.ini,57.14
plugins/linux-jack/data/locale/fi-FI.ini,66.67
plugins/linux-jack/data/locale/fr-FR.ini,100.00
plugins/linux-jack/data/locale/gl-ES.ini,100.00
plugins/linux-jack/data/locale/hr-HR.ini,100.00
plugins/linux-jack/data/locale/hu-HU.ini,66.67
plugins/linux-jack/data/locale/it-IT.ini,66.67
plugins/linux-jack/data/locale/ja-JP.ini,66.67
plugins/linux-jack/data/locale/ko-KR.ini,100.00
plugins/linux-jack/data/locale/nb-NO.ini,80.00
plugins/linux-jack/data/locale/nl-NL.ini,100.00
plugins/linux-jack/data/locale/pl-PL.ini,100.00
plugins/linux-jack/data/locale/ro-RO.ini,50.00
plugins/linux-jack/data/locale/ru-RU.ini,100.00
plugins/linux-jack/data/locale/sl-SI.ini,80.00
plugins/linux-jack/data/locale/sr-CS.ini,100.00
plugins/linux-jack/data/locale/sr-SP.ini,100.00
plugins/linux-jack/data/locale/sv-SE.ini,100.00
plugins/linux-jack/data/locale/zh-CN.ini,100.00
plugins/obs-filters/data/locale/da-DK.ini,68.18
plugins/obs-filters/data/locale/de-DE.ini,57.92
plugins/obs-filters/data/locale/el-GR.ini,47.68
plugins/obs-filters/data/locale/eu-ES.ini,51.98
plugins/obs-filters/data/locale/fi-FI.ini,47.06
plugins/obs-filters/data/locale/fr-FR.ini,49.20
plugins/obs-filters/data/locale/gl-ES.ini,61.90
plugins/obs-filters/data/locale/hr-HR.ini,54.00
plugins/obs-filters/data/locale/hu-HU.ini,49.18
plugins/obs-filters/data/locale/it-IT.ini,58.85
plugins/obs-filters/data/locale/ja-JP.ini,44.27
plugins/obs-filters/data/locale/ko-KR.ini,39.61
plugins/obs-filters/data/locale/nb-NO.ini,49.32
plugins/obs-filters/data/locale/nl-NL.ini,49.07
plugins/obs-filters/data/locale/pl-PL.ini,48.17
plugins/obs-filters/data/locale/ro-RO.ini,41.63
plugins/obs-filters/data/locale/ru-RU.ini,40.85
plugins/obs-filters/data/locale/sl-SI.ini,76.83
plugins/obs-filters/data/locale/sr-CS.ini,54.24
plugins/obs-filters/data/locale/sr-SP.ini,53.66
plugins/obs-filters/data/locale/sv-SE.ini,51.45
plugins/obs-filters/data/locale/zh-CN.ini,38.28
deps/libff/libff/ff-util.c,73.47
deps/libff/libff/ff-util.h,80.46
libobs/data/bilinear_lowres_scale.effect,47.50
obs/window-projector.cpp,93.84
obs/window-projector.hpp,100.00
obs/obs.rc,100.00
obs/slider-absoluteset-style.cpp,100.00
obs/slider-absoluteset-style.hpp,100.00
plugins/obs-filters/data/sharpness.effect,91.47
plugins/obs-filters/sharpness-filter.c,52.35
cmake/Modules/FindLibsysinfo.cmake,100.00
plugins/decklink/data/locale/es-ES.ini,75.00
plugins/obs-filters/data/locale/es-ES.ini,50.89
plugins/obs-filters/data/locale/tr-TR.ini,50.60
libobs/obs-hotkey-name-map.c,85.62
libobs/obs-hotkey.c,72.14
libobs/obs-hotkey.h,61.72
libobs/obs-hotkeys.h,72.71
obs/hotkey-edit.cpp,99.58
obs/hotkey-edit.hpp,100.00
obs/source-label.cpp,100.00
obs/source-label.hpp,100.00
cmake/Modules/FindLibcurl.cmake,65.18
obs/remote-text.cpp,94.62
obs/remote-text.hpp,100.00
plugins/coreaudio-encoder/CMakeLists.txt,59.73
plugins/coreaudio-encoder/data/locale/en-US.ini,83.33
plugins/coreaudio-encoder/encoder.c,99.80
plugins/coreaudio-encoder/windows-imports.h,46.64
plugins/obs-filters/scroll-filter.c,61.31
plugins/obs-ffmpeg/ffmpeg-mux/CMakeLists.txt,59.42
plugins/obs-ffmpeg/ffmpeg-mux/ffmpeg-mux.c,43.40
plugins/obs-ffmpeg/ffmpeg-mux/ffmpeg-mux.h,93.75
plugins/obs-ffmpeg/obs-ffmpeg-mux.c,53.09
plugins/obs-filters/noise-gate-filter.c,85.81
libobs/media-io/audio-math.h,97.73
plugins/obs-filters/gain-filter.c,89.92
obs/item-widget-helpers.cpp,95.92
obs/item-widget-helpers.hpp,100.00
obs/window-basic-main-scene-collections.cpp,100.00
obs/window-basic-main-profiles.cpp,100.00
obs/audio-encoders.cpp,87.82
obs/audio-encoders.hpp,85.71
plugins/win-capture/inject-library.c,86.11
plugins/win-capture/inject-library.h,100.00
plugins/win-mf/CMakeLists.txt,48.44
plugins/win-mf/data/locale/en-US.ini,90.00
plugins/win-mf/mf-aac-encoder.cpp,99.43
plugins/win-mf/mf-aac-encoder.hpp,98.91
plugins/win-mf/mf-aac.cpp,98.25
plugins/win-mf/mf-plugin.c,100.00
plugins/coreaudio-encoder/data/locale/de-DE.ini,66.67
plugins/coreaudio-encoder/data/locale/el-GR.ini,66.67
plugins/coreaudio-encoder/data/locale/eu-ES.ini,54.55
plugins/coreaudio-encoder/data/locale/fi-FI.ini,66.67
plugins/coreaudio-encoder/data/locale/fr-FR.ini,75.00
plugins/coreaudio-encoder/data/locale/gl-ES.ini,50.00
plugins/coreaudio-encoder/data/locale/hr-HR.ini,100.00
plugins/coreaudio-encoder/data/locale/hu-HU.ini,54.55
plugins/coreaudio-encoder/data/locale/it-IT.ini,60.00
plugins/coreaudio-encoder/data/locale/ja-JP.ini,85.71
plugins/coreaudio-encoder/data/locale/ko-KR.ini,85.71
plugins/coreaudio-encoder/data/locale/nb-NO.ini,66.67
plugins/coreaudio-encoder/data/locale/nl-NL.ini,100.00
plugins/coreaudio-encoder/data/locale/pl-PL.ini,100.00
plugins/coreaudio-encoder/data/locale/ro-RO.ini,42.86
plugins/coreaudio-encoder/data/locale/ru-RU.ini,50.00
plugins/coreaudio-encoder/data/locale/sr-CS.ini,66.67
plugins/coreaudio-encoder/data/locale/sr-SP.ini,75.00
plugins/coreaudio-encoder/data/locale/zh-CN.ini,75.00
plugins/decklink/data/locale/tr-TR.ini,78.79
plugins/linux-jack/data/locale/tr-TR.ini,100.00
plugins/win-mf/data/locale/de-DE.ini,66.32
plugins/win-mf/data/locale/eu-ES.ini,54.55
plugins/win-mf/data/locale/fi-FI.ini,66.04
plugins/win-mf/data/locale/fr-FR.ini,83.33
plugins/win-mf/data/locale/hr-HR.ini,100.00
plugins/win-mf/data/locale/hu-HU.ini,65.22
plugins/win-mf/data/locale/it-IT.ini,54.55
plugins/win-mf/data/locale/ja-JP.ini,96.77
plugins/win-mf/data/locale/ko-KR.ini,75.00
plugins/win-mf/data/locale/nl-NL.ini,96.77
plugins/win-mf/data/locale/ro-RO.ini,50.00
plugins/win-mf/data/locale/sr-CS.ini,100.00
plugins/win-mf/data/locale/sr-SP.ini,100.00
plugins/win-mf/data/locale/zh-CN.ini,76.92
cmake/external/ObsPluginHelpers.cmake,84.20
cmake/external/FindObs.cmake,100.00
cmake/external/FindLibobs.cmake,100.00
cmake/Modules/FindFFmpeg.cmake,92.39
libobs/util/windows/win-version.h,90.32
obs/qt-display.cpp,100.00
plugins/coreaudio-encoder/encoder.cpp,59.41
libobs/util/profiler.c,81.74
libobs/util/profiler.h,67.44
libobs/util/profiler.hpp,80.00
cmake/Modules/FindZLIB.cmake,91.89
plugins/rtmp-services/lookup-config.h.in,95.24
deps/file-updater/CMakeLists.txt,58.93
deps/file-updater/file-updater/file-updater.c,82.64
deps/file-updater/file-updater/file-updater.h,100.00
plugins/rtmp-services/rtmp-format-ver.h,50.00
plugins/rtmp-services/data/package.json,9.48
libobs/obs-output-delay.c,81.08
cmake/Modules/FindDBus.cmake,100.00
libobs/util/platform-nix-dbus.c,77.32
plugins/win-mf/mf-common.cpp,99.75
plugins/win-mf/mf-common.hpp,100.00
plugins/win-mf/mf-encoder-descriptor.cpp,100.00
plugins/win-mf/mf-encoder-descriptor.hpp,100.00
plugins/win-mf/mf-h264-encoder.cpp,99.74
plugins/win-mf/mf-h264-encoder.hpp,100.00
plugins/win-mf/mf-h264.cpp,99.64
plugins/win-mf/mf-plugin.cpp,82.98
plugins/mac-vth264/CMakeLists.txt,64.00
plugins/mac-vth264/data/locale/en-US.ini,100.00
plugins/mac-vth264/encoder.c,74.78
plugins/coreaudio-encoder/data/locale/bg-BG.ini,42.86
plugins/coreaudio-encoder/data/locale/pt-BR.ini,36.36
plugins/coreaudio-encoder/data/locale/pt-PT.ini,55.56
plugins/coreaudio-encoder/data/locale/sk-SK.ini,50.00
plugins/coreaudio-encoder/data/locale/sv-SE.ini,57.14
plugins/coreaudio-encoder/data/locale/tr-TR.ini,66.67
plugins/coreaudio-encoder/data/locale/zh-TW.ini,57.14
plugins/decklink/data/locale/bg-BG.ini,70.83
plugins/decklink/data/locale/pt-BR.ini,59.52
plugins/decklink/data/locale/pt-PT.ini,81.40
plugins/decklink/data/locale/sk-SK.ini,80.65
plugins/decklink/data/locale/zh-TW.ini,89.19
plugins/linux-capture/data/locale/bg-BG.ini,58.33
plugins/linux-jack/data/locale/bg-BG.ini,50.00
plugins/linux-jack/data/locale/pt-BR.ini,66.67
plugins/linux-jack/data/locale/pt-PT.ini,66.67
plugins/linux-jack/data/locale/sk-SK.ini,100.00
plugins/linux-jack/data/locale/zh-TW.ini,100.00
plugins/mac-avcapture/data/locale/bg-BG.ini,62.50
plugins/mac-syphon/data/locale/pt-BR.ini,56.52
plugins/mac-syphon/data/locale/pt-PT.ini,81.25
plugins/mac-vth264/data/locale/de-DE.ini,68.89
plugins/mac-vth264/data/locale/eu-ES.ini,58.33
plugins/mac-vth264/data/locale/fi-FI.ini,60.00
plugins/mac-vth264/data/locale/fr-FR.ini,77.78
plugins/mac-vth264/data/locale/hr-HR.ini,77.78
plugins/mac-vth264/data/locale/hu-HU.ini,58.33
plugins/mac-vth264/data/locale/it-IT.ini,56.00
plugins/mac-vth264/data/locale/ja-JP.ini,87.50
plugins/mac-vth264/data/locale/ko-KR.ini,100.00
plugins/mac-vth264/data/locale/nb-NO.ini,100.00
plugins/mac-vth264/data/locale/nl-NL.ini,100.00
plugins/mac-vth264/data/locale/ro-RO.ini,53.85
plugins/mac-vth264/data/locale/ru-RU.ini,100.00
plugins/mac-vth264/data/locale/sk-SK.ini,63.16
plugins/mac-vth264/data/locale/sr-CS.ini,100.00
plugins/mac-vth264/data/locale/sr-SP.ini,100.00
plugins/mac-vth264/data/locale/zh-CN.ini,93.33
plugins/obs-filters/data/locale/pt-BR.ini,41.44
plugins/obs-filters/data/locale/pt-PT.ini,52.74
plugins/obs-filters/data/locale/sk-SK.ini,75.31
plugins/text-freetype2/data/locale/pt-PT.ini,51.85
plugins/win-mf/data/locale/es-ES.ini,90.91
plugins/win-mf/data/locale/gl-ES.ini,82.35
plugins/win-mf/data/locale/nb-NO.ini,100.00
plugins/win-mf/data/locale/pl-PL.ini,80.65
plugins/win-mf/data/locale/pt-BR.ini,86.36
plugins/win-mf/data/locale/pt-PT.ini,80.77
plugins/win-mf/data/locale/ru-RU.ini,96.77
plugins/win-mf/data/locale/sk-SK.ini,81.58
plugins/win-mf/data/locale/tr-TR.ini,78.57
plugins/win-wasapi/data/locale/bg-BG.ini,75.00
libobs/util/file-serializer.c,98.00
libobs/util/file-serializer.h,74.36
libobs/util/crc32.c,75.00
libobs/util/crc32.h,70.00
plugins/mac-avcapture/av-capture.mm,41.82
libobs/media-io/frame-rate.h,78.05
obs/properties-view.moc.hpp,93.55
plugins/mac-avcapture/scope-guard.hpp,83.33
plugins/mac-avcapture/left-right.hpp,91.55
obs/data/locale/ca-ES.ini,69.43
plugins/coreaudio-encoder/data/locale/ca-ES.ini,100.00
plugins/coreaudio-encoder/data/locale/cs-CZ.ini,66.67
plugins/decklink/data/locale/ca-ES.ini,94.29
plugins/decklink/data/locale/cs-CZ.ini,94.12
plugins/image-source/data/locale/ca-ES.ini,53.49
plugins/linux-capture/data/locale/ca-ES.ini,70.00
plugins/linux-jack/data/locale/ca-ES.ini,100.00
plugins/linux-jack/data/locale/cs-CZ.ini,100.00
plugins/linux-pulseaudio/data/locale/ca-ES.ini,80.00
plugins/linux-v4l2/data/locale/ca-ES.ini,94.74
plugins/mac-avcapture/data/locale/ca-ES.ini,38.10
plugins/mac-capture/data/locale/ca-ES.ini,52.50
plugins/mac-syphon/data/locale/ca-ES.ini,100.00
plugins/mac-vth264/data/locale/ca-ES.ini,100.00
plugins/mac-vth264/data/locale/pl-PL.ini,100.00
plugins/mac-vth264/data/locale/pt-BR.ini,70.00
plugins/obs-ffmpeg/data/locale/ca-ES.ini,56.60
plugins/obs-ffmpeg/data/locale/cs-CZ.ini,54.09
plugins/obs-filters/data/locale/ca-ES.ini,70.37
plugins/obs-filters/data/locale/cs-CZ.ini,81.60
plugins/obs-libfdk/data/locale/ca-ES.ini,100.00
plugins/obs-outputs/data/locale/ca-ES.ini,52.94
plugins/obs-x264/data/locale/ca-ES.ini,77.78
plugins/obs-x264/data/locale/cs-CZ.ini,77.78
plugins/rtmp-services/data/locale/ca-ES.ini,66.67
plugins/rtmp-services/data/locale/cs-CZ.ini,73.33
plugins/text-freetype2/data/locale/ca-ES.ini,80.95
plugins/text-freetype2/data/locale/cs-CZ.ini,77.27
plugins/win-capture/data/locale/ca-ES.ini,67.65
plugins/win-capture/data/locale/cs-CZ.ini,63.89
plugins/win-dshow/data/locale/ca-ES.ini,95.74
plugins/win-dshow/data/locale/cs-CZ.ini,66.67
plugins/win-mf/data/locale/ca-ES.ini,96.88
plugins/win-wasapi/data/locale/ca-ES.ini,57.14
plugins/win-wasapi/data/locale/cs-CZ.ini,53.33
libobs/util/util_uint128.h,99.13
libobs/util/threading-posix.h,59.14
libobs/util/threading-windows.h,64.52
libobs/graphics/image-file.c,71.77
libobs/graphics/image-file.h,56.58
libobs/graphics/libnsgif/libnsgif.c,98.53
libobs/graphics/libnsgif/libnsgif.h,97.93
obs/menu-button.cpp,100.00
obs/menu-button.hpp,100.00
libobs/obs-audio.c,74.47
libobs/obs-source-transition.c,83.73
plugins/obs-transitions/CMakeLists.txt,52.13
plugins/obs-transitions/data/fade_transition.effect,62.81
plugins/obs-transitions/data/locale/en-US.ini,49.41
plugins/obs-transitions/obs-transitions.c,65.52
plugins/obs-transitions/transition-fade.c,53.11
plugins/obs-transitions/transition-cut.c,81.72
obs/window-basic-main-transitions.cpp,99.82
obs/data/locale/ms-MY.ini,72.33
obs/data/locale/vi-VN.ini,94.68
plugins/coreaudio-encoder/data/locale/es-ES.ini,100.00
plugins/mac-capture/data/locale/cs-CZ.ini,52.50
plugins/mac-syphon/data/locale/cs-CZ.ini,92.86
plugins/mac-vth264/data/locale/cs-CZ.ini,93.33
plugins/mac-vth264/data/locale/es-ES.ini,100.00
plugins/mac-vth264/data/locale/gl-ES.ini,72.22
plugins/obs-libfdk/data/locale/cs-CZ.ini,100.00
plugins/obs-outputs/data/locale/cs-CZ.ini,46.88
plugins/obs-transitions/data/locale/cs-CZ.ini,67.47
plugins/obs-transitions/data/locale/de-DE.ini,71.19
plugins/obs-transitions/data/locale/es-ES.ini,72.83
plugins/obs-transitions/data/locale/eu-ES.ini,75.86
plugins/obs-transitions/data/locale/fi-FI.ini,57.73
plugins/obs-transitions/data/locale/fr-FR.ini,70.00
plugins/obs-transitions/data/locale/hr-HR.ini,47.73
plugins/obs-transitions/data/locale/hu-HU.ini,61.63
plugins/obs-transitions/data/locale/ja-JP.ini,72.29
plugins/obs-transitions/data/locale/ko-KR.ini,57.39
plugins/obs-transitions/data/locale/nl-NL.ini,80.23
plugins/obs-transitions/data/locale/pl-PL.ini,72.29
plugins/obs-transitions/data/locale/ru-RU.ini,69.15
plugins/obs-transitions/data/locale/sr-CS.ini,85.29
plugins/obs-transitions/data/locale/sr-SP.ini,77.33
plugins/obs-transitions/data/locale/zh-CN.ini,84.11
plugins/win-mf/data/locale/cs-CZ.ini,88.24
cmake/Modules/FindSSL.cmake,100.00
plugins/obs-transitions/data/locale/ro-RO.ini,78.72
plugins/obs-transitions/data/locale/tr-TR.ini,73.12
plugins/obs-transitions/data/swipe_transition.effect,80.00
plugins/obs-transitions/transition-swipe.c,78.30
obs/data/locale/he-IL.ini,88.27
plugins/coreaudio-encoder/data/locale/da-DK.ini,57.14
plugins/image-source/data/locale/he-IL.ini,75.56
plugins/linux-capture/data/locale/he-IL.ini,41.67
plugins/linux-pulseaudio/data/locale/he-IL.ini,57.14
plugins/linux-v4l2/data/locale/he-IL.ini,52.38
plugins/mac-vth264/data/locale/el-GR.ini,57.14
plugins/mac-vth264/data/locale/sv-SE.ini,78.57
plugins/mac-vth264/data/locale/tr-TR.ini,72.22
plugins/obs-ffmpeg/data/locale/he-IL.ini,39.51
plugins/obs-filters/data/locale/he-IL.ini,36.00
plugins/obs-outputs/data/locale/he-IL.ini,48.48
plugins/obs-transitions/data/locale/da-DK.ini,85.11
plugins/obs-transitions/data/locale/el-GR.ini,80.95
plugins/obs-transitions/data/locale/he-IL.ini,58.54
plugins/obs-transitions/data/locale/sv-SE.ini,74.70
plugins/obs-x264/data/locale/he-IL.ini,59.09
plugins/text-freetype2/data/locale/he-IL.ini,60.87
plugins/win-mf/data/locale/da-DK.ini,75.56
plugins/win-mf/data/locale/el-GR.ini,58.06
plugins/win-mf/data/locale/sv-SE.ini,67.74
obs/installer/mp-installer.nsi,99.65
libobs/data/deinterlace_base.effect,84.57
libobs/data/deinterlace_blend.effect,84.00
libobs/data/deinterlace_blend_2x.effect,84.00
libobs/data/deinterlace_discard.effect,84.00
libobs/data/deinterlace_discard_2x.effect,84.00
libobs/data/deinterlace_linear.effect,84.00
libobs/data/deinterlace_linear_2x.effect,84.00
libobs/data/deinterlace_yadif.effect,84.00
libobs/data/deinterlace_yadif_2x.effect,84.00
libobs/obs-source-deinterlace.c,68.35
plugins/obs-transitions/data/slide_transition.effect,60.81
plugins/obs-transitions/easings.h,100.00
plugins/obs-transitions/transition-slide.c,72.69
plugins/obs-transitions/data/fade_to_color_transition.effect,62.71
plugins/obs-transitions/transition-fade-to-color.c,63.35
libobs/data/premultiplied_alpha.effect,100.00
plugins/linux-alsa/CMakeLists.txt,59.65
plugins/linux-alsa/alsa-input.c,71.48
plugins/linux-alsa/data/locale/en-US.ini,33.33
plugins/linux-alsa/linux-alsa.c,87.88
deps/libff/libff/ff-compat.h,96.67
plugins/obs-qsv11/CMakeLists.txt,50.87
plugins/obs-qsv11/QSV_Encoder.cpp,30.76
plugins/obs-qsv11/QSV_Encoder.h,50.85
plugins/obs-qsv11/QSV_Encoder_Internal.cpp,35.06
plugins/obs-qsv11/QSV_Encoder_Internal.h,49.12
plugins/obs-qsv11/bits/linux_defs.h,95.00
plugins/obs-qsv11/bits/windows_defs.h,100.00
plugins/obs-qsv11/common_directx11.cpp,49.44
plugins/obs-qsv11/common_directx11.h,92.86
plugins/obs-qsv11/common_utils.cpp,52.85
plugins/obs-qsv11/common_utils.h,40.82
plugins/obs-qsv11/common_utils_windows.cpp,22.06
plugins/obs-qsv11/data/locale/en-US.ini,40.74
plugins/obs-qsv11/libmfx/include/mfx_critical_section.h,80.00
plugins/obs-qsv11/libmfx/include/mfx_dispatcher.h,76.34
plugins/obs-qsv11/libmfx/include/mfx_dispatcher_defs.h,72.03
plugins/obs-qsv11/libmfx/include/mfx_dispatcher_log.h,92.73
plugins/obs-qsv11/libmfx/include/mfx_dxva2_device.h,82.03
plugins/obs-qsv11/libmfx/include/mfx_exposed_functions_list.h,83.04
plugins/obs-qsv11/libmfx/include/mfx_library_iterator.h,67.65
plugins/obs-qsv11/libmfx/include/mfx_load_dll.h,67.82
plugins/obs-qsv11/libmfx/include/mfx_load_plugin.h,78.15
plugins/obs-qsv11/libmfx/include/mfx_plugin_hive.h,81.99
plugins/obs-qsv11/libmfx/include/mfx_vector.h,79.14
plugins/obs-qsv11/libmfx/include/mfx_win_reg_key.h,84.67
plugins/obs-qsv11/libmfx/include/mfxaudio_exposed_functions_list.h,81.00
plugins/obs-qsv11/libmfx/include/msdk/include/mfxastructures.h,86.43
plugins/obs-qsv11/libmfx/include/msdk/include/mfxaudio++.h,85.61
plugins/obs-qsv11/libmfx/include/msdk/include/mfxaudio.h,66.67
plugins/obs-qsv11/libmfx/include/msdk/include/mfxcommon.h,63.60
plugins/obs-qsv11/libmfx/include/msdk/include/mfxdefs.h,50.83
plugins/obs-qsv11/libmfx/include/msdk/include/mfxenc.h,68.38
plugins/obs-qsv11/libmfx/include/msdk/include/mfxjpeg.h,75.89
plugins/obs-qsv11/libmfx/include/msdk/include/mfxmvc.h,80.15
plugins/obs-qsv11/libmfx/include/msdk/include/mfxpak.h,65.00
plugins/obs-qsv11/libmfx/include/msdk/include/mfxplugin++.h,92.65
plugins/obs-qsv11/libmfx/include/msdk/include/mfxplugin.h,60.59
plugins/obs-qsv11/libmfx/include/msdk/include/mfxsession.h,75.00
plugins/obs-qsv11/libmfx/include/msdk/include/mfxstructures.h,51.46
plugins/obs-qsv11/libmfx/include/msdk/include/mfxvideo++.h,89.14
plugins/obs-qsv11/libmfx/include/msdk/include/mfxvideo.h,80.58
plugins/obs-qsv11/libmfx/include/msdk/include/mfxvstructures.h,62.75
plugins/obs-qsv11/libmfx/src/main.cpp,63.78
plugins/obs-qsv11/libmfx/src/mfx_critical_section.cpp,82.24
plugins/obs-qsv11/libmfx/src/mfx_dispatcher.cpp,49.07
plugins/obs-qsv11/libmfx/src/mfx_dispatcher_log.cpp,95.94
plugins/obs-qsv11/libmfx/src/mfx_dxva2_device.cpp,82.54
plugins/obs-qsv11/libmfx/src/mfx_function_table.cpp,84.12
plugins/obs-qsv11/libmfx/src/mfx_library_iterator.cpp,65.16
plugins/obs-qsv11/libmfx/src/mfx_load_dll.cpp,75.79
plugins/obs-qsv11/libmfx/src/mfx_load_plugin.cpp,82.52
plugins/obs-qsv11/libmfx/src/mfx_plugin_hive.cpp,81.97
plugins/obs-qsv11/libmfx/src/mfx_win_reg_key.cpp,90.48
plugins/obs-qsv11/obs-qsv11-plugin-main.c,37.07
plugins/obs-qsv11/obs-qsv11.c,25.47
plugins/obs-ffmpeg/obs-ffmpeg-nvenc.c,59.50
plugins/coreaudio-encoder/data/locale/ar-SA.ini,75.00
plugins/decklink/data/locale/ar-SA.ini,93.55
plugins/decklink/data/locale/he-IL.ini,90.00
plugins/linux-alsa/data/locale/ar-SA.ini,50.00
plugins/linux-alsa/data/locale/ca-ES.ini,50.00
plugins/linux-alsa/data/locale/cs-CZ.ini,57.14
plugins/linux-alsa/data/locale/da-DK.ini,57.14
plugins/linux-alsa/data/locale/de-DE.ini,60.00
plugins/linux-alsa/data/locale/es-ES.ini,50.00
plugins/linux-alsa/data/locale/eu-ES.ini,57.14
plugins/linux-alsa/data/locale/fi-FI.ini,50.00
plugins/linux-alsa/data/locale/fr-FR.ini,62.50
plugins/linux-alsa/data/locale/gl-ES.ini,57.14
plugins/linux-alsa/data/locale/hr-HR.ini,50.00
plugins/linux-alsa/data/locale/hu-HU.ini,50.00
plugins/linux-alsa/data/locale/ja-JP.ini,50.00
plugins/linux-alsa/data/locale/ko-KR.ini,50.00
plugins/linux-alsa/data/locale/nl-NL.ini,60.00
plugins/linux-alsa/data/locale/pl-PL.ini,50.00
plugins/linux-alsa/data/locale/pt-BR.ini,57.14
plugins/linux-alsa/data/locale/ro-RO.ini,60.00
plugins/linux-alsa/data/locale/ru-RU.ini,50.00
plugins/linux-alsa/data/locale/sr-CS.ini,100.00
plugins/linux-alsa/data/locale/sr-SP.ini,100.00
plugins/linux-alsa/data/locale/tr-TR.ini,50.00
plugins/linux-alsa/data/locale/zh-CN.ini,57.14
plugins/linux-jack/data/locale/ar-SA.ini,75.00
plugins/linux-jack/data/locale/he-IL.ini,100.00
plugins/mac-capture/data/locale/bg-BG.ini,100.00
plugins/mac-syphon/data/locale/ar-SA.ini,100.00
plugins/mac-vth264/data/locale/ar-SA.ini,57.14
plugins/obs-filters/data/locale/ar-SA.ini,75.71
plugins/obs-libfdk/data/locale/he-IL.ini,66.67
plugins/obs-qsv11/data/locale/ar-SA.ini,76.00
plugins/obs-qsv11/data/locale/ca-ES.ini,55.56
plugins/obs-qsv11/data/locale/cs-CZ.ini,55.56
plugins/obs-qsv11/data/locale/de-DE.ini,56.41
plugins/obs-qsv11/data/locale/es-ES.ini,55.56
plugins/obs-qsv11/data/locale/fi-FI.ini,60.61
plugins/obs-qsv11/data/locale/fr-FR.ini,54.84
plugins/obs-qsv11/data/locale/gl-ES.ini,55.56
plugins/obs-qsv11/data/locale/hr-HR.ini,60.00
plugins/obs-qsv11/data/locale/hu-HU.ini,58.62
plugins/obs-qsv11/data/locale/ja-JP.ini,53.57
plugins/obs-qsv11/data/locale/ko-KR.ini,51.61
plugins/obs-qsv11/data/locale/nl-NL.ini,55.56
plugins/obs-qsv11/data/locale/pl-PL.ini,65.22
plugins/obs-qsv11/data/locale/ru-RU.ini,63.04
plugins/obs-qsv11/data/locale/sr-CS.ini,100.00
plugins/obs-qsv11/data/locale/sr-SP.ini,100.00
plugins/obs-qsv11/data/locale/zh-CN.ini,57.14
plugins/obs-transitions/data/locale/ar-SA.ini,54.32
plugins/obs-transitions/data/locale/ca-ES.ini,87.95
plugins/obs-transitions/data/locale/gl-ES.ini,92.86
plugins/obs-transitions/data/locale/pt-BR.ini,78.63
plugins/rtmp-services/data/locale/he-IL.ini,70.59
plugins/text-freetype2/data/locale/ar-SA.ini,77.27
plugins/win-mf/data/locale/ar-SA.ini,90.91
plugins/obs-qsv11/data/locale/eu-ES.ini,66.67
plugins/obs-qsv11/data/locale/tr-TR.ini,58.62
obs/data/locale/lt-LT.ini,100.00
obs/data/locale/ta-IN.ini,100.00
plugins/coreaudio-encoder/data/locale/ta-IN.ini,100.00
plugins/linux-alsa/data/locale/sv-SE.ini,57.14
plugins/linux-alsa/data/locale/zh-TW.ini,50.00
plugins/obs-qsv11/data/locale/ro-RO.ini,51.72
plugins/obs-qsv11/data/locale/sv-SE.ini,55.56
plugins/obs-qsv11/data/locale/zh-TW.ini,62.50
plugins/obs-transitions/data/locale/zh-TW.ini,89.66
plugins/win-mf/data/locale/ta-IN.ini,100.00
plugins/win-mf/data/locale/zh-TW.ini,96.97
plugins/win-wasapi/data/locale/ta-IN.ini,100.00
plugins/image-source/obs-slideshow.c,51.80
cmake/Modules/FindLibVLC.cmake,62.31
plugins/vlc-video/CMakeLists.txt,54.60
plugins/vlc-video/data/locale/en-US.ini,38.89
plugins/vlc-video/vlc-video-plugin.c,80.22
plugins/vlc-video/vlc-video-plugin.h,80.28
plugins/vlc-video/vlc-video-source.c,55.43
deps/w32-pthreads/w32-pthreadsConfig.cmake.in,100.00
plugins/obs-filters/scale-filter.c,50.12
obs/data/locale/et-EE.ini,100.00
plugins/linux-alsa/data/locale/he-IL.ini,57.14
plugins/linux-alsa/data/locale/it-IT.ini,50.00
plugins/linux-alsa/data/locale/nb-NO.ini,60.00
plugins/linux-alsa/data/locale/pt-PT.ini,50.00
plugins/mac-syphon/data/locale/zh-TW.ini,87.50
plugins/mac-vth264/data/locale/pt-PT.ini,95.65
plugins/mac-vth264/data/locale/zh-TW.ini,100.00
plugins/obs-filters/data/locale/zh-TW.ini,80.61
plugins/obs-qsv11/data/locale/it-IT.ini,55.00
plugins/obs-qsv11/data/locale/nb-NO.ini,65.22
plugins/obs-qsv11/data/locale/pt-BR.ini,57.14
plugins/obs-qsv11/data/locale/pt-PT.ini,51.35
plugins/obs-transitions/data/locale/it-IT.ini,88.14
plugins/obs-transitions/data/locale/nb-NO.ini,82.93
plugins/obs-transitions/data/locale/pt-PT.ini,88.00
plugins/obs-x264/data/locale/et-EE.ini,76.47
plugins/vlc-video/data/locale/ca-ES.ini,68.42
plugins/vlc-video/data/locale/cs-CZ.ini,68.42
plugins/vlc-video/data/locale/de-DE.ini,75.61
plugins/vlc-video/data/locale/es-ES.ini,70.00
plugins/vlc-video/data/locale/eu-ES.ini,68.42
plugins/vlc-video/data/locale/fi-FI.ini,68.42
plugins/vlc-video/data/locale/fr-FR.ini,73.91
plugins/vlc-video/data/locale/he-IL.ini,74.07
plugins/vlc-video/data/locale/hr-HR.ini,100.00
plugins/vlc-video/data/locale/hu-HU.ini,68.42
plugins/vlc-video/data/locale/it-IT.ini,77.78
plugins/vlc-video/data/locale/ja-JP.ini,59.09
plugins/vlc-video/data/locale/ko-KR.ini,60.87
plugins/vlc-video/data/locale/nb-NO.ini,94.74
plugins/vlc-video/data/locale/nl-NL.ini,68.42
plugins/vlc-video/data/locale/pl-PL.ini,68.42
plugins/vlc-video/data/locale/pt-BR.ini,65.52
plugins/vlc-video/data/locale/pt-PT.ini,86.21
plugins/vlc-video/data/locale/ru-RU.ini,70.00
plugins/vlc-video/data/locale/sr-CS.ini,100.00
plugins/vlc-video/data/locale/sr-SP.ini,100.00
plugins/vlc-video/data/locale/sv-SE.ini,61.90
plugins/vlc-video/data/locale/zh-CN.ini,80.95
plugins/vlc-video/data/locale/zh-TW.ini,68.42
plugins/win-wasapi/data/locale/et-EE.ini,53.85
plugins/obs-transitions/data/luma_wipe_transition.effect,69.32
plugins/obs-transitions/data/luma_wipes/wipes.json,100.00
plugins/obs-transitions/transition-luma-wipe.c,74.22
cmake/Modules/FindLibspeexdsp.cmake,52.71
plugins/obs-filters/noise-suppress-filter.c,45.94
plugins/obs-filters/obs-filters-config.h.in,53.33
plugins/obs-outputs/net-if.c,85.91
plugins/obs-outputs/net-if.h,95.41
plugins/coreaudio-encoder/data/locale/he-IL.ini,66.67
plugins/coreaudio-encoder/data/locale/uk-UA.ini,100.00
plugins/decklink/data/locale/uk-UA.ini,94.59
plugins/image-source/data/locale/uk-UA.ini,91.04
plugins/linux-alsa/data/locale/uk-UA.ini,57.14
plugins/linux-capture/data/locale/uk-UA.ini,76.32
plugins/linux-jack/data/locale/uk-UA.ini,100.00
plugins/linux-pulseaudio/data/locale/uk-UA.ini,85.71
plugins/mac-avcapture/data/locale/he-IL.ini,66.67
plugins/mac-capture/data/locale/he-IL.ini,51.06
plugins/mac-capture/data/locale/uk-UA.ini,60.00
plugins/mac-syphon/data/locale/uk-UA.ini,100.00
plugins/mac-vth264/data/locale/uk-UA.ini,100.00
plugins/obs-ffmpeg/data/locale/uk-UA.ini,69.15
plugins/obs-filters/data/locale/uk-UA.ini,83.89
plugins/obs-libfdk/data/locale/uk-UA.ini,100.00
plugins/obs-qsv11/data/locale/uk-UA.ini,60.00
plugins/obs-transitions/data/locale/uk-UA.ini,86.02
plugins/text-freetype2/data/locale/uk-UA.ini,76.00
plugins/vlc-video/data/locale/ar-SA.ini,50.00
plugins/vlc-video/data/locale/uk-UA.ini,81.25
plugins/win-dshow/data/locale/uk-UA.ini,96.97
plugins/win-mf/data/locale/uk-UA.ini,97.73
plugins/win-wasapi/data/locale/uk-UA.ini,56.25
UI/CMakeLists.txt,48.11
UI/adv-audio-control.cpp,36.11
UI/adv-audio-control.hpp,38.16
UI/audio-encoders.cpp,69.57
UI/audio-encoders.hpp,73.33
UI/crash-report.cpp,66.67
UI/crash-report.hpp,100.00
UI/data/locale.ini,48.21
UI/data/locale/ar-SA.ini,59.72
UI/data/locale/bg-BG.ini,53.71
UI/data/locale/ca-ES.ini,55.79
UI/data/locale/cs-CZ.ini,57.18
UI/data/locale/da-DK.ini,76.41
UI/data/locale/de-DE.ini,62.35
UI/data/locale/el-GR.ini,67.29
UI/data/locale/en-US.ini,23.66
UI/data/locale/es-ES.ini,59.11
UI/data/locale/et-EE.ini,55.46
UI/data/locale/eu-ES.ini,59.62
UI/data/locale/fi-FI.ini,53.43
UI/data/locale/fr-FR.ini,58.08
UI/data/locale/gl-ES.ini,64.86
UI/data/locale/he-IL.ini,53.33
UI/data/locale/hr-HR.ini,49.44
UI/data/locale/hu-HU.ini,46.60
UI/data/locale/it-IT.ini,59.92
UI/data/locale/ja-JP.ini,47.96
UI/data/locale/ko-KR.ini,53.26
UI/data/locale/lt-LT.ini,56.33
UI/data/locale/ms-MY.ini,58.21
UI/data/locale/nb-NO.ini,63.32
UI/data/locale/nl-NL.ini,62.00
UI/data/locale/pl-PL.ini,55.02
UI/data/locale/pt-BR.ini,60.16
UI/data/locale/pt-PT.ini,53.90
UI/data/locale/ro-RO.ini,56.61
UI/data/locale/ru-RU.ini,51.17
UI/data/locale/sk-SK.ini,66.08
UI/data/locale/sl-SI.ini,66.85
UI/data/locale/sr-CS.ini,98.81
UI/data/locale/sr-SP.ini,51.89
UI/data/locale/sv-SE.ini,57.03
UI/data/locale/ta-IN.ini,92.47
UI/data/locale/th-TH.ini,64.27
UI/data/locale/tr-TR.ini,60.01
UI/data/locale/uk-UA.ini,70.35
UI/data/locale/vi-VN.ini,46.43
UI/data/locale/zh-CN.ini,55.92
UI/data/locale/zh-TW.ini,55.93
UI/data/themes/Dark.qss,18.03
UI/data/themes/Default.qss,39.36
UI/display-helpers.hpp,72.58
UI/dist/obs.desktop,66.67
UI/double-slider.cpp,50.00
UI/double-slider.hpp,40.00
UI/focus-list.cpp,89.47
UI/focus-list.hpp,75.00
UI/forms/OBSBasic.ui,36.87
UI/forms/OBSBasicFilters.ui,64.02
UI/forms/OBSBasicInteraction.ui,50.00
UI/forms/OBSBasicSettings.ui,26.64
UI/forms/OBSBasicTransform.ui,73.35
UI/forms/OBSLicenseAgreement.ui,100.00
UI/forms/OBSLogReply.ui,93.33
UI/forms/OBSRemux.ui,66.23
UI/forms/obs.qrc,28.80
UI/hotkey-edit.cpp,38.92
UI/hotkey-edit.hpp,36.67
UI/installer/mp-installer.nsi,36.27
UI/item-widget-helpers.cpp,90.00
UI/item-widget-helpers.hpp,80.00
UI/menu-button.cpp,25.00
UI/menu-button.hpp,66.67
UI/mute-checkbox.hpp,94.44
UI/obs-app.cpp,24.65
UI/obs-app.hpp,40.59
UI/platform-osx.mm,65.77
UI/platform-windows.cpp,42.14
UI/platform-x11.cpp,31.56
UI/platform.hpp,27.38
UI/properties-view.cpp,38.66
UI/properties-view.hpp,57.64
UI/properties-view.moc.hpp,94.44
UI/qt-display.cpp,25.57
UI/qt-display.hpp,28.00
UI/qt-wrappers.cpp,50.56
UI/qt-wrappers.hpp,67.86
UI/remote-text.cpp,67.58
UI/remote-text.hpp,82.43
UI/slider-absoluteset-style.cpp,88.89
UI/slider-absoluteset-style.hpp,85.71
UI/source-label.cpp,75.00
UI/source-label.hpp,46.15
UI/sparkle-updater.mm,100.00
UI/vertical-scroll-area.hpp,100.00
UI/visibility-checkbox.cpp,63.16
UI/visibility-checkbox.hpp,66.67
UI/visibility-item-widget.cpp,35.97
UI/visibility-item-widget.hpp,52.94
UI/volume-control.cpp,22.60
UI/volume-control.hpp,31.92
UI/window-basic-adv-audio.cpp,32.45
UI/window-basic-adv-audio.hpp,45.83
UI/window-basic-filters.cpp,23.12
UI/window-basic-filters.hpp,17.65
UI/window-basic-interaction.cpp,30.54
UI/window-basic-interaction.hpp,38.89
UI/window-basic-main-outputs.cpp,31.73
UI/window-basic-main-outputs.hpp,47.89
UI/window-basic-main-profiles.cpp,45.23
UI/window-basic-main-scene-collections.cpp,43.77
UI/window-basic-main-transitions.cpp,22.35
UI/window-basic-main.cpp,25.46
UI/window-basic-main.hpp,24.16
UI/window-basic-preview.cpp,36.51
UI/window-basic-preview.hpp,28.78
UI/window-basic-properties.cpp,39.67
UI/window-basic-properties.hpp,34.15
UI/window-basic-settings.cpp,22.18
UI/window-basic-settings.hpp,29.40
UI/window-basic-source-select.cpp,23.23
UI/window-basic-source-select.hpp,36.36
UI/window-basic-status-bar.cpp,59.81
UI/window-basic-status-bar.hpp,73.13
UI/window-basic-transform.cpp,28.05
UI/window-basic-transform.hpp,28.12
UI/window-log-reply.cpp,75.00
UI/window-log-reply.hpp,66.67
UI/window-main.hpp,80.00
UI/window-namedialog.cpp,73.47
UI/window-namedialog.hpp,63.64
UI/window-projector.cpp,66.16
UI/window-projector.hpp,56.95
UI/window-remux.cpp,58.78
UI/window-remux.hpp,52.60
UI/api-interface.cpp,35.10
UI/obs-frontend-api/CMakeLists.txt,53.76
UI/obs-frontend-api/obs-frontend-api.cpp,53.03
UI/obs-frontend-api/obs-frontend-api.h,67.60
UI/obs-frontend-api/obs-frontend-internal.hpp,59.11
UI/frontend-plugins/CMakeLists.txt,33.33
UI/frontend-plugins/frontend-tools/CMakeLists.txt,53.96
UI/frontend-plugins/frontend-tools/auto-scene-switcher-osx.mm,55.13
UI/frontend-plugins/frontend-tools/auto-scene-switcher-win.cpp,97.22
UI/frontend-plugins/frontend-tools/auto-scene-switcher.cpp,89.05
UI/frontend-plugins/frontend-tools/auto-scene-switcher.hpp,95.92
UI/frontend-plugins/frontend-tools/data/locale/en-US.ini,64.41
UI/frontend-plugins/frontend-tools/forms/auto-scene-switcher.ui,93.66
UI/frontend-plugins/frontend-tools/frontend-tools.c,70.00
plugins/obs-text/CMakeLists.txt,52.73
plugins/obs-text/data/locale/en-US.ini,69.23
plugins/obs-text/gdiplus/obs-text.cpp,74.60
plugins/enc-amf,40.30
UI/window-basic-main-dropfiles.cpp,49.11
plugins/obs-browser,50.00
UI/frontend-plugins/frontend-tools/data/locale/ca-ES.ini,77.36
UI/frontend-plugins/frontend-tools/data/locale/cs-CZ.ini,77.36
UI/frontend-plugins/frontend-tools/data/locale/da-DK.ini,92.65
UI/frontend-plugins/frontend-tools/data/locale/de-DE.ini,78.41
UI/frontend-plugins/frontend-tools/data/locale/es-ES.ini,77.27
UI/frontend-plugins/frontend-tools/data/locale/eu-ES.ini,75.47
UI/frontend-plugins/frontend-tools/data/locale/fi-FI.ini,75.00
UI/frontend-plugins/frontend-tools/data/locale/fr-FR.ini,75.38
UI/frontend-plugins/frontend-tools/data/locale/hr-HR.ini,82.86
UI/frontend-plugins/frontend-tools/data/locale/hu-HU.ini,75.93
UI/frontend-plugins/frontend-tools/data/locale/ja-JP.ini,75.00
UI/frontend-plugins/frontend-tools/data/locale/ko-KR.ini,66.13
UI/frontend-plugins/frontend-tools/data/locale/nl-NL.ini,87.27
UI/frontend-plugins/frontend-tools/data/locale/pl-PL.ini,76.79
UI/frontend-plugins/frontend-tools/data/locale/pt-BR.ini,69.77
UI/frontend-plugins/frontend-tools/data/locale/ru-RU.ini,67.12
UI/frontend-plugins/frontend-tools/data/locale/sr-CS.ini,84.00
UI/frontend-plugins/frontend-tools/data/locale/sr-SP.ini,84.00
UI/frontend-plugins/frontend-tools/data/locale/sv-SE.ini,77.19
UI/frontend-plugins/frontend-tools/data/locale/uk-UA.ini,83.56
UI/frontend-plugins/frontend-tools/data/locale/zh-CN.ini,59.74
UI/frontend-plugins/frontend-tools/data/locale/zh-TW.ini,66.13
plugins/obs-text/data/locale/ca-ES.ini,90.00
plugins/obs-text/data/locale/cs-CZ.ini,90.00
plugins/obs-text/data/locale/de-DE.ini,90.00
plugins/obs-text/data/locale/es-ES.ini,90.00
plugins/obs-text/data/locale/eu-ES.ini,87.50
plugins/obs-text/data/locale/fi-FI.ini,90.00
plugins/obs-text/data/locale/fr-FR.ini,90.24
plugins/obs-text/data/locale/hu-HU.ini,87.80
plugins/obs-text/data/locale/ja-JP.ini,90.00
plugins/obs-text/data/locale/ko-KR.ini,74.00
plugins/obs-text/data/locale/nl-NL.ini,90.91
plugins/obs-text/data/locale/pl-PL.ini,90.00
plugins/obs-text/data/locale/ru-RU.ini,80.85
plugins/obs-text/data/locale/sv-SE.ini,90.00
plugins/obs-text/data/locale/uk-UA.ini,90.91
plugins/obs-text/data/locale/zh-CN.ini,85.71
plugins/obs-text/data/locale/zh-TW.ini,80.95
.travis.yml,48.57
CI/before-deploy-osx.sh,76.98
CI/before-script-osx.sh,69.39
CI/install-dependencies-osx.sh,60.36
CI/install/osx/build_app.py,94.24
plugins/decklink/linux/decklink-sdk/DeckLinkAPIConfiguration_v10_2.h,95.24
plugins/decklink/linux/decklink-sdk/DeckLinkAPIConfiguration_v10_4.h,98.44
plugins/decklink/linux/decklink-sdk/DeckLinkAPIConfiguration_v10_5.h,95.24
plugins/decklink/linux/decklink-sdk/DeckLinkAPIDispatch_v7_6.cpp,91.60
plugins/decklink/linux/decklink-sdk/DeckLinkAPIDispatch_v8_0.cpp,91.72
plugins/decklink/linux/decklink-sdk/DeckLinkAPI_v10_2.h,94.83
plugins/decklink/linux/decklink-sdk/DeckLinkAPI_v10_4.h,100.00
plugins/decklink/linux/decklink-sdk/DeckLinkAPI_v10_5.h,100.00
plugins/decklink/linux/decklink-sdk/DeckLinkAPI_v10_6.h,100.00
plugins/decklink/linux/decklink-sdk/DeckLinkAPI_v7_1.h,86.84
plugins/decklink/linux/decklink-sdk/DeckLinkAPI_v7_3.h,95.05
plugins/decklink/linux/decklink-sdk/DeckLinkAPI_v7_6.h,91.40
plugins/decklink/linux/decklink-sdk/DeckLinkAPI_v7_9.h,95.65
plugins/decklink/linux/decklink-sdk/DeckLinkAPI_v8_0.h,92.65
plugins/decklink/linux/decklink-sdk/DeckLinkAPI_v8_1.h,94.87
plugins/decklink/linux/decklink-sdk/DeckLinkAPI_v9_2.h,92.05
plugins/decklink/linux/decklink-sdk/DeckLinkAPI_v9_9.h,95.15
plugins/decklink/mac/decklink-sdk/DeckLinkAPIConfiguration_v10_2.h,96.77
plugins/decklink/mac/decklink-sdk/DeckLinkAPIConfiguration_v10_4.h,100.00
plugins/decklink/mac/decklink-sdk/DeckLinkAPIConfiguration_v10_5.h,96.77
plugins/decklink/mac/decklink-sdk/DeckLinkAPIDispatch_v7_6.cpp,90.52
plugins/decklink/mac/decklink-sdk/DeckLinkAPIDispatch_v8_0.cpp,90.34
plugins/decklink/mac/decklink-sdk/DeckLinkAPI_v10_2.h,94.83
plugins/decklink/mac/decklink-sdk/DeckLinkAPI_v10_4.h,100.00
plugins/decklink/mac/decklink-sdk/DeckLinkAPI_v10_5.h,100.00
plugins/decklink/mac/decklink-sdk/DeckLinkAPI_v10_6.h,100.00
plugins/decklink/mac/decklink-sdk/DeckLinkAPI_v7_1.h,90.41
plugins/decklink/mac/decklink-sdk/DeckLinkAPI_v7_3.h,97.74
plugins/decklink/mac/decklink-sdk/DeckLinkAPI_v7_6.h,95.25
plugins/decklink/mac/decklink-sdk/DeckLinkAPI_v7_9.h,97.85
plugins/decklink/mac/decklink-sdk/DeckLinkAPI_v8_0.h,96.92
plugins/decklink/mac/decklink-sdk/DeckLinkAPI_v8_1.h,96.52
plugins/decklink/mac/decklink-sdk/DeckLinkAPI_v9_2.h,93.10
plugins/decklink/mac/decklink-sdk/DeckLinkAPI_v9_9.h,83.47
plugins/decklink/win/decklink-sdk/DeckLinkAPI_v10_2.idl,96.05
plugins/decklink/win/decklink-sdk/DeckLinkAPI_v10_4.idl,100.00
plugins/decklink/win/decklink-sdk/DeckLinkAPI_v10_5.idl,98.39
plugins/decklink/win/decklink-sdk/DeckLinkAPI_v10_6.idl,100.00
plugins/decklink/win/decklink-sdk/DeckLinkAPI_v7_1.idl,87.43
plugins/decklink/win/decklink-sdk/DeckLinkAPI_v7_3.idl,96.32
plugins/decklink/win/decklink-sdk/DeckLinkAPI_v7_6.idl,97.30
plugins/decklink/win/decklink-sdk/DeckLinkAPI_v7_9.idl,97.18
plugins/decklink/win/decklink-sdk/DeckLinkAPI_v8_0.idl,96.88
plugins/decklink/win/decklink-sdk/DeckLinkAPI_v8_1.idl,98.06
plugins/decklink/win/decklink-sdk/DeckLinkAPI_v9_2.idl,94.44
plugins/decklink/win/decklink-sdk/DeckLinkAPI_v9_9.idl,95.60
UI/frontend-plugins/frontend-tools/forms/output-timer.ui,49.16
UI/frontend-plugins/frontend-tools/output-timer.cpp,62.46
UI/frontend-plugins/frontend-tools/output-timer.hpp,75.56
libobs-d3d11/d3d11-rebuild.cpp,66.67
plugins/win-capture/graphics-hook/d3d12-capture.cpp,58.67
plugins/win-capture/graphics-hook/graphics-hook-config.h.in,88.24
UI/frontend-plugins/frontend-tools/data/locale/it-IT.ini,62.79
UI/frontend-plugins/frontend-tools/data/locale/ms-MY.ini,79.71
UI/frontend-plugins/frontend-tools/data/locale/nb-NO.ini,81.82
UI/frontend-plugins/frontend-tools/data/locale/pt-PT.ini,65.91
UI/frontend-plugins/frontend-tools/data/locale/vi-VN.ini,62.50
plugins/coreaudio-encoder/data/locale/ms-MY.ini,57.14
plugins/image-source/data/locale/ms-MY.ini,62.22
plugins/linux-jack/data/locale/vi-VN.ini,75.00
plugins/mac-syphon/data/locale/ms-MY.ini,60.00
plugins/mac-vth264/data/locale/ms-MY.ini,61.11
plugins/obs-ffmpeg/data/locale/vi-VN.ini,44.68
plugins/obs-qsv11/data/locale/el-GR.ini,48.15
plugins/obs-qsv11/data/locale/vi-VN.ini,53.33
plugins/obs-text/data/locale/el-GR.ini,52.50
plugins/obs-text/data/locale/hr-HR.ini,85.00
plugins/obs-text/data/locale/it-IT.ini,61.82
plugins/obs-text/data/locale/nb-NO.ini,62.50
plugins/obs-text/data/locale/sr-CS.ini,100.00
plugins/obs-text/data/locale/sr-SP.ini,87.18
plugins/obs-x264/data/locale/vi-VN.ini,65.00
plugins/text-freetype2/data/locale/ms-MY.ini,43.48
plugins/win-capture/data/locale/vi-VN.ini,39.71
plugins/win-mf/data/locale/vi-VN.ini,78.38
UI/frontend-plugins/frontend-tools/data/locale/sk-SK.ini,91.07
plugins/linux-alsa/data/locale/sk-SK.ini,50.00
plugins/obs-outputs/data/locale/vi-VN.ini,54.29
plugins/obs-qsv11/data/locale/sk-SK.ini,60.00
plugins/obs-text/data/locale/sk-SK.ini,95.35
plugins/vlc-video/data/locale/sk-SK.ini,95.00
cmake/Modules/FindRSSDK.cmake,56.34
plugins/win-ivcam/CMakeLists.txt,54.78
plugins/win-ivcam/realsense.cpp,96.34
plugins/win-ivcam/seg_library/Dependencies.h,100.00
plugins/win-ivcam/seg_library/SegImage.cpp,100.00
plugins/win-ivcam/seg_library/SegImage.h,100.00
plugins/win-ivcam/seg_library/SegServer.h,100.00
plugins/win-ivcam/seg_library/SegServerImpl.cpp,100.00
plugins/win-ivcam/seg_library/SegServerImpl.h,97.47
plugins/win-ivcam/seg_library/SegService.h,100.00
plugins/win-ivcam/seg_library/SerServer.cpp,100.00
plugins/win-ivcam/seg_service/CMakeLists.txt,62.34
plugins/win-ivcam/seg_service/SegProc.cpp,100.00
plugins/win-ivcam/seg_service/SegProc.h,100.00
plugins/win-ivcam/seg_service/SegProc.rgs,100.00
plugins/win-ivcam/seg_service/resource.h,100.00
plugins/win-ivcam/seg_service/seg_service.cpp,100.00
plugins/win-ivcam/seg_service/seg_service.idl,100.00
plugins/win-ivcam/seg_service/seg_service.rgs,100.00
plugins/win-ivcam/seg_service/stdafx.cpp,100.00
plugins/win-ivcam/seg_service/stdafx.h,100.00
plugins/win-ivcam/seg_service/targetver.h,100.00
plugins/win-ivcam/seg_service/xdlldata.c,100.00
plugins/win-ivcam/seg_service/xdlldata.h,100.00
plugins/mac-vth264/data/locale/da-DK.ini,100.00
plugins/win-capture/app-helpers.c,89.11
plugins/win-capture/app-helpers.h,71.43
plugins/win-capture/nt-stuff.h,95.53
plugins/obs-filters/color-correction-filter.c,30.14
plugins/obs-filters/data/color_correction_filter.effect,93.18
plugins/obs-qsv11/common_directx9.cpp,74.67
plugins/obs-qsv11/common_directx9.h,65.42
plugins/obs-qsv11/device_directx9.cpp,60.86
plugins/obs-qsv11/device_directx9.h,63.10
deps/libcaption/.gitignore,100.00
deps/libcaption/CMakeLists.txt,68.79
deps/libcaption/Doxyfile.in,100.00
deps/libcaption/LICENSE.txt,95.45
deps/libcaption/README.md,85.34
deps/libcaption/caption/avc.h,100.00
deps/libcaption/caption/caption.h,74.21
deps/libcaption/caption/cea708.h,80.29
deps/libcaption/caption/eia608.h,82.07
deps/libcaption/caption/eia608_charmap.h,55.69
deps/libcaption/caption/scc.h,63.27
deps/libcaption/caption/srt.h,73.73
deps/libcaption/caption/utf8.h,69.29
deps/libcaption/caption/xds.h,53.33
deps/libcaption/examples/add_captions.sh,100.00
deps/libcaption/examples/captioner.c,100.00
deps/libcaption/examples/flv+scc.c,100.00
deps/libcaption/examples/flv+srt.c,100.00
deps/libcaption/examples/flv.c,100.00
deps/libcaption/examples/flv.h,100.00
deps/libcaption/examples/flv2srt.c,100.00
deps/libcaption/examples/party.c,100.00
deps/libcaption/examples/rollup.c,100.00
deps/libcaption/examples/rtmpspit.c,100.00
deps/libcaption/examples/scc2srt.c,100.00
deps/libcaption/examples/srt2vtt.c,100.00
deps/libcaption/examples/srtdump.c,100.00
deps/libcaption/examples/ts.c,100.00
deps/libcaption/examples/ts.h,100.00
deps/libcaption/examples/ts2srt.c,100.00
deps/libcaption/examples/wonderland.h,100.00
deps/libcaption/format.sh,100.00
deps/libcaption/src/avc.c,100.00
deps/libcaption/src/caption.c,71.78
deps/libcaption/src/cea708.c,56.87
deps/libcaption/src/eia608.c,85.01
deps/libcaption/src/eia608.c.re2c,100.00
deps/libcaption/src/eia608_charmap.c,76.62
deps/libcaption/src/scc.c,58.46
deps/libcaption/src/srt.c,92.38
deps/libcaption/src/utf8.c,56.29
deps/libcaption/src/xds.c,64.56
deps/libcaption/unit_tests/eia608_test.c,100.00
deps/libcaption/unit_tests/test_sei.c,100.00
deps/libcaption/unit_tests/tos.scc,100.00
UI/frontend-plugins/frontend-tools/tool-helpers.hpp,100.00
UI/frontend-plugins/frontend-tools/captions-stream.cpp,100.00
UI/frontend-plugins/frontend-tools/captions-stream.hpp,100.00
UI/frontend-plugins/frontend-tools/captions.cpp,95.39
UI/frontend-plugins/frontend-tools/captions.hpp,100.00
UI/frontend-plugins/frontend-tools/forms/captions.ui,99.32
UI/frontend-plugins/frontend-tools/frontend-tools-config.h.in,88.46
UI/frontend-plugins/frontend-tools/data/locale/tr-TR.ini,89.29
plugins/linux-alsa/data/locale/vi-VN.ini,50.00
plugins/linux-capture/data/locale/vi-VN.ini,66.67
plugins/obs-qsv11/data/locale/da-DK.ini,85.00
plugins/obs-text/data/locale/tr-TR.ini,100.00
plugins/vlc-video/data/locale/tr-TR.ini,68.42
CI/util/build-package-deps-osx.sh,88.54
CI/util/win32.sh,100.00
CI/util/win64.sh,100.00
CI/install/osx/CMakeLists.pkgproj,99.81
CI/install/osx/OBSPublicDSAKey.pem,51.43
CI/install/osx/obs.png,100.00
CI/install/osx/package_util.py,100.00
appveyor.yml,54.07
CI/before-deploy-win.cmd,37.50
plugins/obs-filters/color-grade-filter.c,67.23
plugins/obs-filters/data/color_grade_filter.effect,79.39
CI/install/osx/post-install.sh,66.67
plugins/obs-vst,31.71
libobs/audio-monitoring/null/null-audio-monitoring.c,76.67
libobs/audio-monitoring/osx/coreaudio-enum-devices.c,46.97
libobs/audio-monitoring/osx/coreaudio-output.c,78.62
libobs/audio-monitoring/osx/mac-helpers.h,100.00
libobs/audio-monitoring/win32/wasapi-enum-devices.c,64.36
libobs/audio-monitoring/win32/wasapi-output.c,68.87
libobs/audio-monitoring/win32/wasapi-output.h,77.14
plugins/obs-transitions/data/premultiplied.inc,100.00
UI/forms/OBSUpdate.ui,90.35
UI/win-update/update-window.cpp,100.00
UI/win-update/update-window.hpp,100.00
UI/win-update/win-update-helpers.cpp,97.56
UI/win-update/win-update-helpers.hpp,100.00
UI/win-update/win-update.cpp,77.16
UI/win-update/win-update.hpp,87.50
AUTHORS,62.27
deps/blake2/CMakeLists.txt,43.24
deps/blake2/src/blake2-impl.h,100.00
deps/blake2/src/blake2.h,98.98
deps/blake2/src/blake2b-ref.c,100.00
plugins/obs-filters/compressor-filter.c,58.66
plugins/obs-outputs/rtmp-windows.c,75.74
plugins/image-source/color-source.c,48.19
CI/before-script-linux.sh,44.44
CI/install-dependencies-linux.sh,62.00
UI/frontend-plugins/frontend-tools/data/locale/ro-RO.ini,76.54
plugins/obs-text/data/locale/da-DK.ini,100.00
plugins/obs-text/data/locale/pt-BR.ini,93.65
plugins/obs-text/data/locale/ro-RO.ini,100.00
plugins/vlc-video/data/locale/da-DK.ini,57.69
UI/frontend-plugins/frontend-tools/data/locale/et-EE.ini,87.50
plugins/coreaudio-encoder/data/locale/et-EE.ini,100.00
plugins/decklink/data/locale/et-EE.ini,89.66
plugins/image-source/data/locale/et-EE.ini,94.12
plugins/linux-alsa/data/locale/et-EE.ini,50.00
plugins/linux-capture/data/locale/et-EE.ini,69.57
plugins/linux-jack/data/locale/et-EE.ini,100.00
plugins/linux-pulseaudio/data/locale/et-EE.ini,80.00
plugins/linux-v4l2/data/locale/et-EE.ini,84.21
plugins/mac-avcapture/data/locale/et-EE.ini,70.00
plugins/mac-capture/data/locale/et-EE.ini,52.38
plugins/mac-syphon/data/locale/et-EE.ini,100.00
plugins/mac-vth264/data/locale/et-EE.ini,100.00
plugins/mac-vth264/data/locale/vi-VN.ini,78.95
plugins/obs-ffmpeg/data/locale/et-EE.ini,57.52
plugins/obs-filters/data/locale/et-EE.ini,61.11
plugins/obs-libfdk/data/locale/et-EE.ini,100.00
plugins/obs-outputs/data/locale/et-EE.ini,64.71
plugins/obs-qsv11/data/locale/et-EE.ini,52.00
plugins/obs-text/data/locale/et-EE.ini,85.71
plugins/obs-transitions/data/locale/et-EE.ini,70.73
plugins/rtmp-services/data/locale/et-EE.ini,100.00
plugins/text-freetype2/data/locale/et-EE.ini,77.27
plugins/vlc-video/data/locale/et-EE.ini,94.74
plugins/win-capture/data/locale/et-EE.ini,67.57
plugins/win-dshow/data/locale/et-EE.ini,85.00
plugins/win-mf/data/locale/et-EE.ini,96.77
deps/lzma/CMakeLists.txt,58.69
deps/lzma/common/common_w32res.rc,100.00
deps/lzma/common/mythread.h,100.00
deps/lzma/common/sysdefs.h,100.00
deps/lzma/common/tuklib_common.h,100.00
deps/lzma/common/tuklib_config.h,100.00
deps/lzma/common/tuklib_cpucores.c,100.00
deps/lzma/common/tuklib_cpucores.h,100.00
deps/lzma/common/tuklib_exit.c,100.00
deps/lzma/common/tuklib_exit.h,100.00
deps/lzma/common/tuklib_gettext.h,100.00
deps/lzma/common/tuklib_integer.h,100.00
deps/lzma/common/tuklib_mbstr.h,100.00
deps/lzma/common/tuklib_mbstr_fw.c,100.00
deps/lzma/common/tuklib_mbstr_width.c,100.00
deps/lzma/common/tuklib_open_stdxxx.c,100.00
deps/lzma/common/tuklib_open_stdxxx.h,100.00
deps/lzma/common/tuklib_physmem.c,100.00
deps/lzma/common/tuklib_physmem.h,100.00
deps/lzma/common/tuklib_progname.c,100.00
deps/lzma/common/tuklib_progname.h,100.00
deps/lzma/config.h,100.00
deps/lzma/liblzma/api/lzma.h,100.00
deps/lzma/liblzma/api/lzma/base.h,100.00
deps/lzma/liblzma/api/lzma/bcj.h,100.00
deps/lzma/liblzma/api/lzma/block.h,100.00
deps/lzma/liblzma/api/lzma/check.h,100.00
deps/lzma/liblzma/api/lzma/container.h,100.00
deps/lzma/liblzma/api/lzma/delta.h,100.00
deps/lzma/liblzma/api/lzma/filter.h,100.00
deps/lzma/liblzma/api/lzma/hardware.h,100.00
deps/lzma/liblzma/api/lzma/index.h,100.00
deps/lzma/liblzma/api/lzma/index_hash.h,100.00
deps/lzma/liblzma/api/lzma/lzma.h,100.00
deps/lzma/liblzma/api/lzma/stream_flags.h,100.00
deps/lzma/liblzma/api/lzma/version.h,100.00
deps/lzma/liblzma/api/lzma/vli.h,100.00
deps/lzma/liblzma/check/Makefile.inc,100.00
deps/lzma/liblzma/check/check.c,100.00
deps/lzma/liblzma/check/check.h,100.00
deps/lzma/liblzma/check/crc32_fast.c,100.00
deps/lzma/liblzma/check/crc32_small.c,100.00
deps/lzma/liblzma/check/crc32_table.c,100.00
deps/lzma/liblzma/check/crc32_table_be.h,100.00
deps/lzma/liblzma/check/crc32_table_le.h,100.00
deps/lzma/liblzma/check/crc32_tablegen.c,100.00
deps/lzma/liblzma/check/crc32_x86.S,99.67
deps/lzma/liblzma/check/crc64_fast.c,100.00
deps/lzma/liblzma/check/crc64_small.c,100.00
deps/lzma/liblzma/check/crc64_table.c,100.00
deps/lzma/liblzma/check/crc64_table_be.h,100.00
deps/lzma/liblzma/check/crc64_table_le.h,100.00
deps/lzma/liblzma/check/crc64_tablegen.c,100.00
deps/lzma/liblzma/check/crc64_x86.S,99.65
deps/lzma/liblzma/check/crc_macros.h,100.00
deps/lzma/liblzma/check/sha256.c,100.00
deps/lzma/liblzma/common/alone_decoder.c,100.00
deps/lzma/liblzma/common/alone_decoder.h,100.00
deps/lzma/liblzma/common/alone_encoder.c,100.00
deps/lzma/liblzma/common/auto_decoder.c,100.00
deps/lzma/liblzma/common/block_buffer_decoder.c,100.00
deps/lzma/liblzma/common/block_buffer_encoder.c,100.00
deps/lzma/liblzma/common/block_decoder.c,100.00
deps/lzma/liblzma/common/block_decoder.h,100.00
deps/lzma/liblzma/common/block_encoder.c,100.00
deps/lzma/liblzma/common/block_encoder.h,100.00
deps/lzma/liblzma/common/block_header_decoder.c,100.00
deps/lzma/liblzma/common/block_header_encoder.c,100.00
deps/lzma/liblzma/common/block_util.c,100.00
deps/lzma/liblzma/common/common.c,100.00
deps/lzma/liblzma/common/common.h,100.00
deps/lzma/liblzma/common/easy_buffer_encoder.c,100.00
deps/lzma/liblzma/common/easy_decoder_memusage.c,100.00
deps/lzma/liblzma/common/easy_encoder.c,100.00
deps/lzma/liblzma/common/easy_encoder_memusage.c,100.00
deps/lzma/liblzma/common/easy_preset.c,100.00
deps/lzma/liblzma/common/easy_preset.h,100.00
deps/lzma/liblzma/common/filter_buffer_decoder.c,100.00
deps/lzma/liblzma/common/filter_buffer_encoder.c,100.00
deps/lzma/liblzma/common/filter_common.c,100.00
deps/lzma/liblzma/common/filter_common.h,100.00
deps/lzma/liblzma/common/filter_decoder.c,100.00
deps/lzma/liblzma/common/filter_decoder.h,100.00
deps/lzma/liblzma/common/filter_encoder.c,100.00
deps/lzma/liblzma/common/filter_encoder.h,100.00
deps/lzma/liblzma/common/filter_flags_decoder.c,100.00
deps/lzma/liblzma/common/filter_flags_encoder.c,100.00
deps/lzma/liblzma/common/hardware_physmem.c,100.00
deps/lzma/liblzma/common/index.c,100.00
deps/lzma/liblzma/common/index.h,100.00
deps/lzma/liblzma/common/index_decoder.c,100.00
deps/lzma/liblzma/common/index_encoder.c,100.00
deps/lzma/liblzma/common/index_encoder.h,100.00
deps/lzma/liblzma/common/index_hash.c,100.00
deps/lzma/liblzma/common/stream_buffer_decoder.c,100.00
deps/lzma/liblzma/common/stream_buffer_encoder.c,100.00
deps/lzma/liblzma/common/stream_decoder.c,100.00
deps/lzma/liblzma/common/stream_decoder.h,100.00
deps/lzma/liblzma/common/stream_encoder.c,100.00
deps/lzma/liblzma/common/stream_encoder.h,100.00
deps/lzma/liblzma/common/stream_flags_common.c,100.00
deps/lzma/liblzma/common/stream_flags_common.h,100.00
deps/lzma/liblzma/common/stream_flags_decoder.c,100.00
deps/lzma/liblzma/common/stream_flags_encoder.c,100.00
deps/lzma/liblzma/common/vli_decoder.c,100.00
deps/lzma/liblzma/common/vli_encoder.c,100.00
deps/lzma/liblzma/common/vli_size.c,100.00
deps/lzma/liblzma/delta/Makefile.inc,100.00
deps/lzma/liblzma/delta/delta_common.c,100.00
deps/lzma/liblzma/delta/delta_common.h,100.00
deps/lzma/liblzma/delta/delta_decoder.c,100.00
deps/lzma/liblzma/delta/delta_decoder.h,100.00
deps/lzma/liblzma/delta/delta_encoder.c,100.00
deps/lzma/liblzma/delta/delta_encoder.h,100.00
deps/lzma/liblzma/delta/delta_private.h,100.00
deps/lzma/liblzma/lz/Makefile.inc,100.00
deps/lzma/liblzma/lz/lz_decoder.c,100.00
deps/lzma/liblzma/lz/lz_decoder.h,100.00
deps/lzma/liblzma/lz/lz_encoder.c,100.00
deps/lzma/liblzma/lz/lz_encoder.h,100.00
deps/lzma/liblzma/lz/lz_encoder_hash.h,100.00
deps/lzma/liblzma/lz/lz_encoder_hash_table.h,100.00
deps/lzma/liblzma/lz/lz_encoder_mf.c,100.00
deps/lzma/liblzma/lzma/fastpos.h,100.00
deps/lzma/liblzma/lzma/fastpos_table.c,100.00
deps/lzma/liblzma/lzma/fastpos_tablegen.c,100.00
deps/lzma/liblzma/lzma/lzma2_decoder.c,100.00
deps/lzma/liblzma/lzma/lzma2_decoder.h,100.00
deps/lzma/liblzma/lzma/lzma2_encoder.c,100.00
deps/lzma/liblzma/lzma/lzma2_encoder.h,100.00
deps/lzma/liblzma/lzma/lzma_common.h,100.00
deps/lzma/liblzma/lzma/lzma_decoder.c,100.00
deps/lzma/liblzma/lzma/lzma_decoder.h,100.00
deps/lzma/liblzma/lzma/lzma_encoder.c,100.00
deps/lzma/liblzma/lzma/lzma_encoder.h,100.00
deps/lzma/liblzma/lzma/lzma_encoder_optimum_fast.c,100.00
deps/lzma/liblzma/lzma/lzma_encoder_optimum_normal.c,100.00
deps/lzma/liblzma/lzma/lzma_encoder_presets.c,100.00
deps/lzma/liblzma/lzma/lzma_encoder_private.h,100.00
deps/lzma/liblzma/rangecoder/Makefile.inc,100.00
deps/lzma/liblzma/rangecoder/price.h,100.00
deps/lzma/liblzma/rangecoder/price_table.c,100.00
deps/lzma/liblzma/rangecoder/price_tablegen.c,100.00
deps/lzma/liblzma/rangecoder/range_common.h,100.00
deps/lzma/liblzma/rangecoder/range_decoder.h,100.00
deps/lzma/liblzma/rangecoder/range_encoder.h,100.00
deps/lzma/liblzma/simple/Makefile.inc,100.00
deps/lzma/liblzma/simple/arm.c,100.00
deps/lzma/liblzma/simple/armthumb.c,100.00
deps/lzma/liblzma/simple/ia64.c,100.00
deps/lzma/liblzma/simple/powerpc.c,100.00
deps/lzma/liblzma/simple/simple_coder.c,100.00
deps/lzma/liblzma/simple/simple_coder.h,100.00
deps/lzma/liblzma/simple/simple_decoder.c,100.00
deps/lzma/liblzma/simple/simple_decoder.h,100.00
deps/lzma/liblzma/simple/simple_encoder.c,100.00
deps/lzma/liblzma/simple/simple_encoder.h,100.00
deps/lzma/liblzma/simple/simple_private.h,100.00
deps/lzma/liblzma/simple/sparc.c,100.00
deps/lzma/liblzma/simple/x86.c,100.00
deps/lzma/version.h,100.00
UI/win-update/updater/CMakeLists.txt,42.11
UI/win-update/updater/hash.cpp,73.28
UI/win-update/updater/http.cpp,77.76
UI/win-update/updater/patch.cpp,72.65
UI/win-update/updater/resource.h,100.00
UI/win-update/updater/updater.cpp,63.33
UI/win-update/updater/updater.hpp,79.79
UI/win-update/updater/updater.rc,99.32
deps/media-playback/CMakeLists.txt,41.82
deps/media-playback/media-playback/closest-format.h,52.94
deps/media-playback/media-playback/decode.c,75.23
deps/media-playback/media-playback/decode.h,80.80
deps/media-playback/media-playback/media.c,68.84
deps/media-playback/media-playback/media.h,83.91
plugins/decklink/audio-repack.c,43.51
plugins/decklink/audio-repack.h,62.12
plugins/decklink/audio-repack.hpp,86.21
CONTRIBUTING.rst,47.62
README.rst,42.18
UI/frontend-plugins/frontend-tools/captions-mssapi-stream.cpp,67.92
UI/frontend-plugins/frontend-tools/captions-mssapi-stream.hpp,59.46
UI/frontend-plugins/frontend-tools/captions-handler.cpp,94.20
UI/frontend-plugins/frontend-tools/captions-handler.hpp,95.06
UI/frontend-plugins/frontend-tools/captions-mssapi.cpp,95.50
UI/frontend-plugins/frontend-tools/captions-mssapi.hpp,100.00
UI/frontend-plugins/frontend-tools/auto-scene-switcher-nix.cpp,74.04
plugins/obs-outputs/null-output.c,91.60
UI/forms/AutoConfigFinishPage.ui,100.00
UI/forms/AutoConfigStartPage.ui,56.78
UI/forms/AutoConfigStreamPage.ui,74.23
UI/forms/AutoConfigTestPage.ui,100.00
UI/forms/AutoConfigVideoPage.ui,96.97
UI/window-basic-auto-config-test.cpp,79.45
UI/window-basic-auto-config.cpp,61.03
UI/window-basic-auto-config.hpp,90.55
UI/window-basic-stats.cpp,71.45
UI/window-basic-stats.hpp,70.65
plugins/obs-filters/gpu-delay.c,65.93
UI/data/locale/bn-BD.ini,91.19
UI/frontend-plugins/frontend-tools/data/locale/bn-BD.ini,100.00
UI/frontend-plugins/frontend-tools/data/locale/he-IL.ini,75.76
plugins/coreaudio-encoder/data/locale/bn-BD.ini,100.00
plugins/decklink/data/locale/bn-BD.ini,100.00
plugins/image-source/data/locale/bn-BD.ini,97.30
plugins/image-source/data/locale/hi-IN.ini,82.05
plugins/linux-alsa/data/locale/bn-BD.ini,100.00
plugins/linux-capture/data/locale/bn-BD.ini,84.00
plugins/linux-capture/data/locale/hi-IN.ini,70.37
plugins/linux-jack/data/locale/bn-BD.ini,100.00
plugins/linux-pulseaudio/data/locale/bn-BD.ini,100.00
plugins/linux-pulseaudio/data/locale/hi-IN.ini,40.00
plugins/linux-v4l2/data/locale/bn-BD.ini,100.00
plugins/linux-v4l2/data/locale/hi-IN.ini,83.33
plugins/mac-avcapture/data/locale/bn-BD.ini,100.00
plugins/mac-capture/data/locale/bn-BD.ini,100.00
plugins/mac-capture/data/locale/hi-IN.ini,47.50
plugins/mac-syphon/data/locale/bn-BD.ini,82.35
plugins/mac-syphon/data/locale/hi-IN.ini,85.71
plugins/mac-vth264/data/locale/bn-BD.ini,100.00
plugins/obs-ffmpeg/data/locale/bn-BD.ini,95.18
plugins/obs-ffmpeg/data/locale/hi-IN.ini,50.77
plugins/obs-filters/data/locale/bn-BD.ini,100.00
plugins/obs-libfdk/data/locale/bn-BD.ini,100.00
plugins/obs-libfdk/data/locale/hi-IN.ini,50.00
plugins/obs-libfdk/data/locale/ur-PK.ini,100.00
plugins/obs-outputs/data/locale/bn-BD.ini,100.00
plugins/obs-outputs/data/locale/hi-IN.ini,53.12
plugins/obs-outputs/data/locale/ur-PK.ini,100.00
plugins/obs-qsv11/data/locale/bn-BD.ini,100.00
plugins/obs-text/data/locale/bn-BD.ini,100.00
plugins/obs-transitions/data/locale/bn-BD.ini,98.72
plugins/obs-x264/data/locale/bn-BD.ini,100.00
plugins/obs-x264/data/locale/hi-IN.ini,62.50
plugins/obs-x264/data/locale/ur-PK.ini,100.00
plugins/rtmp-services/data/locale/bn-BD.ini,100.00
plugins/rtmp-services/data/locale/hi-IN.ini,69.23
plugins/rtmp-services/data/locale/ur-PK.ini,100.00
plugins/text-freetype2/data/locale/bn-BD.ini,100.00
plugins/vlc-video/data/locale/bn-BD.ini,94.74
plugins/win-capture/data/locale/bn-BD.ini,100.00
plugins/win-dshow/data/locale/bn-BD.ini,100.00
plugins/win-mf/data/locale/bn-BD.ini,100.00
plugins/win-wasapi/data/locale/bn-BD.ini,100.00
plugins/win-wasapi/data/locale/hi-IN.ini,50.00
plugins/win-wasapi/data/locale/ur-PK.ini,100.00
UI/data/themes/Rachni.qss,36.50
.editorconfig,37.50
deps/jansson/appveyor.yml,100.00
deps/jansson/cmake/CodeCoverage.cmake,100.00
deps/jansson/cmake/Coveralls.cmake,100.00
deps/jansson/cmake/CoverallsClear.cmake,100.00
deps/jansson/cmake/CoverallsGenerateGcov.cmake,100.00
deps/jansson/cmake/JanssonConfig.cmake.in,100.00
deps/jansson/cmake/JanssonConfigVersion.cmake.in,100.00
deps/jansson/cmake/jansson_private_config.h.cmake,100.00
deps/jansson/examples/README.rst,100.00
deps/jansson/examples/simple_parse.c,100.00
deps/jansson/src/hashtable_seed.c,100.00
deps/jansson/src/lookup3.h,100.00
deps/jansson/test/suites/encoding-flags/object/env,100.00
deps/jansson/test/suites/encoding-flags/real-precision/env,100.00
deps/jansson/test/suites/encoding-flags/real-precision/input,100.00
deps/jansson/test/suites/encoding-flags/real-precision/output,100.00
deps/jansson/test/suites/invalid/invalid-unicode-escape/error,100.00
deps/jansson/test/suites/invalid/invalid-unicode-escape/input,100.00
deps/jansson/test/suites/invalid/null-escape-in-string/error,100.00
deps/jansson/test/suites/invalid/null-escape-in-string/input,100.00
deps/jansson/test/suites/invalid/recursion-depth/error,100.00
deps/jansson/test/suites/invalid/recursion-depth/input,100.00
deps/jansson/test/suites/valid/real-subnormal-number/input,100.00
deps/jansson/test/suites/valid/real-subnormal-number/output,100.00
UI/locked-checkbox.cpp,65.45
UI/locked-checkbox.hpp,73.91
plugins/obs-transitions/transition-stinger.c,38.50
plugins/obs-ffmpeg/obs-ffmpeg-audio-encoders.c,37.66
plugins/obs-outputs/ftl-sdk,60.00
plugins/obs-outputs/ftl-stream.c,81.88
plugins/obs-outputs/obs-outputs-config.h.in,93.75
plugins/rtmp-services/twitch.c,99.61
plugins/rtmp-services/twitch.h,100.00
UI/data/locale/af-ZA.ini,76.20
UI/frontend-plugins/frontend-tools/data/locale/el-GR.ini,92.45
plugins/decklink/data/locale/vi-VN.ini,93.75
plugins/image-source/data/locale/vi-VN.ini,80.00
plugins/linux-alsa/data/locale/el-GR.ini,50.00
plugins/linux-pulseaudio/data/locale/vi-VN.ini,80.00
plugins/linux-v4l2/data/locale/vi-VN.ini,89.47
plugins/mac-avcapture/data/locale/vi-VN.ini,65.00
plugins/mac-capture/data/locale/vi-VN.ini,54.35
plugins/mac-syphon/data/locale/vi-VN.ini,92.86
plugins/obs-filters/data/locale/vi-VN.ini,52.94
plugins/obs-libfdk/data/locale/vi-VN.ini,40.00
plugins/obs-text/data/locale/pt-PT.ini,96.55
plugins/obs-text/data/locale/vi-VN.ini,62.22
plugins/obs-transitions/data/locale/vi-VN.ini,52.50
plugins/rtmp-services/data/locale/vi-VN.ini,75.00
plugins/text-freetype2/data/locale/vi-VN.ini,77.27
plugins/vlc-video/data/locale/el-GR.ini,68.42
plugins/vlc-video/data/locale/vi-VN.ini,94.74
plugins/win-dshow/data/locale/vi-VN.ini,87.76
plugins/win-wasapi/data/locale/vi-VN.ini,57.14
libobs/audio-monitoring/pulse/pulseaudio-enum-devices.c,78.57
libobs/audio-monitoring/pulse/pulseaudio-output.c,59.55
libobs/audio-monitoring/pulse/pulseaudio-wrapper.c,72.88
libobs/audio-monitoring/pulse/pulseaudio-wrapper.h,78.72
test/test-input/sync-async-source.c,100.00
test/test-input/sync-pair-aud.c,96.20
test/test-input/sync-pair-vid.c,96.62
libobs/util/windows/win-registry.h,90.70
docs/sphinx/Makefile,100.00
docs/sphinx/backend-design.rst,87.00
docs/sphinx/conf.py,76.00
docs/sphinx/frontends.rst,98.06
docs/sphinx/graphics.rst,99.73
docs/sphinx/index.rst,50.98
docs/sphinx/make.bat,100.00
docs/sphinx/plugins.rst,95.79
docs/sphinx/reference-core-objects.rst,65.00
docs/sphinx/reference-core.rst,73.05
docs/sphinx/reference-encoders.rst,80.03
docs/sphinx/reference-libobs-callback.rst,91.14
docs/sphinx/reference-libobs-graphics-axisang.rst,98.48
docs/sphinx/reference-libobs-graphics-effects.rst,80.87
docs/sphinx/reference-libobs-graphics-graphics.rst,84.57
docs/sphinx/reference-libobs-graphics-image-file.rst,97.26
docs/sphinx/reference-libobs-graphics-math.rst,88.64
docs/sphinx/reference-libobs-graphics-matrix4.rst,99.34
docs/sphinx/reference-libobs-graphics-quat.rst,99.13
docs/sphinx/reference-libobs-graphics-vec2.rst,98.83
docs/sphinx/reference-libobs-graphics-vec3.rst,99.03
docs/sphinx/reference-libobs-graphics-vec4.rst,98.26
docs/sphinx/reference-libobs-graphics.rst,100.00
docs/sphinx/reference-libobs-media-io.rst,83.42
docs/sphinx/reference-libobs-util-base.rst,98.68
docs/sphinx/reference-libobs-util-bmem.rst,98.41
docs/sphinx/reference-libobs-util-circlebuf.rst,96.93
docs/sphinx/reference-libobs-util-config-file.rst,80.21
docs/sphinx/reference-libobs-util-darray.rst,80.65
docs/sphinx/reference-libobs-util-dstr.rst,94.41
docs/sphinx/reference-libobs-util-platform.rst,88.91
docs/sphinx/reference-libobs-util-profiler.rst,97.32
docs/sphinx/reference-libobs-util-serializers.rst,75.33
docs/sphinx/reference-libobs-util-text-lookup.rst,96.55
docs/sphinx/reference-libobs-util-threading.rst,86.16
docs/sphinx/reference-libobs-util.rst,89.47
docs/sphinx/reference-modules.rst,89.78
docs/sphinx/reference-outputs.rst,77.08
docs/sphinx/reference-properties.rst,70.73
docs/sphinx/reference-scenes.rst,67.94
docs/sphinx/reference-services.rst,69.20
docs/sphinx/reference-settings.rst,82.50
docs/sphinx/reference-sources.rst,67.61
cmake/Modules/FindLuajit.cmake,48.57
deps/obs-scripting/CMakeLists.txt,45.18
deps/obs-scripting/cstrcache.cpp,100.00
deps/obs-scripting/cstrcache.h,100.00
deps/obs-scripting/obs-scripting-callback.h,99.08
deps/obs-scripting/obs-scripting-config.h.in,67.65
deps/obs-scripting/obs-scripting-internal.h,98.18
deps/obs-scripting/obs-scripting-logging.c,98.81
deps/obs-scripting/obs-scripting-lua-frontend.c,83.37
deps/obs-scripting/obs-scripting-lua-source.c,99.08
deps/obs-scripting/obs-scripting-lua.c,89.21
deps/obs-scripting/obs-scripting-lua.h,99.67
deps/obs-scripting/obs-scripting-python-frontend.c,79.28
deps/obs-scripting/obs-scripting-python-import.c,59.02
deps/obs-scripting/obs-scripting-python-import.h,72.27
deps/obs-scripting/obs-scripting-python.c,91.45
deps/obs-scripting/obs-scripting-python.h,99.64
deps/obs-scripting/obs-scripting.c,92.50
deps/obs-scripting/obs-scripting.h,97.50
deps/obs-scripting/obslua/CMakeLists.txt,57.58
deps/obs-scripting/obslua/obslua.i,86.21
deps/obs-scripting/obspython/CMakeLists.txt,59.80
deps/obs-scripting/obspython/obspython.i,73.79
UI/frontend-plugins/frontend-tools/data/scripts/countdown.lua,98.91
UI/frontend-plugins/frontend-tools/forms/scripts.ui,75.78
UI/frontend-plugins/frontend-tools/scripts.cpp,66.38
UI/frontend-plugins/frontend-tools/scripts.hpp,73.53
docs/sphinx/reference-frontend-api.rst,44.54
docs/sphinx/scripting.rst,92.31
cmake/Modules/FindPythonDeps.cmake,98.53
cmake/Modules/FindSwigDeps.cmake,83.67
test/test-input/sync-audio-buffering.c,98.34
plugins/obs-ffmpeg/dynlink_cuda.h,100.00
plugins/obs-ffmpeg/nvEncodeAPI.h,96.77
UI/data/themes/Acri.qss,67.87
UI/frontend-plugins/frontend-tools/data/scripts/instant-replay.lua,81.28
UI/frontend-plugins/frontend-tools/data/scripts/clock-source.lua,84.44
UI/frontend-plugins/frontend-tools/data/scripts/url-text.py,97.53
UI/data/locale/ka-GE.ini,70.38
UI/data/locale/nn-NO.ini,60.53
UI/frontend-plugins/frontend-tools/data/locale/ka-GE.ini,81.97
UI/frontend-plugins/frontend-tools/data/locale/lt-LT.ini,100.00
plugins/coreaudio-encoder/data/locale/vi-VN.ini,66.67
plugins/obs-filters/data/locale/ka-GE.ini,79.60
plugins/obs-transitions/data/locale/sk-SK.ini,89.41
plugins/obs-x264/data/locale/ka-GE.ini,60.00
plugins/win-mf/mf-config.hpp.in,100.00
UI/data/locale/fil-PH.ini,64.88
UI/data/locale/sq-AL.ini,87.71
UI/data/locale/tl-PH.ini,87.45
UI/frontend-plugins/frontend-tools/data/locale/fil-PH.ini,91.14
UI/frontend-plugins/frontend-tools/data/locale/tl-PH.ini,97.67
plugins/coreaudio-encoder/data/locale/fil-PH.ini,100.00
plugins/coreaudio-encoder/data/locale/ka-GE.ini,100.00
plugins/coreaudio-encoder/data/locale/tl-PH.ini,100.00
plugins/decklink/data/locale/fil-PH.ini,96.77
plugins/decklink/data/locale/ka-GE.ini,92.31
plugins/decklink/data/locale/tl-PH.ini,100.00
plugins/image-source/data/locale/fil-PH.ini,84.75
plugins/image-source/data/locale/ka-GE.ini,80.43
plugins/image-source/data/locale/tl-PH.ini,100.00
plugins/linux-alsa/data/locale/fil-PH.ini,75.00
plugins/linux-alsa/data/locale/ka-GE.ini,50.00
plugins/linux-alsa/data/locale/tl-PH.ini,100.00
plugins/linux-capture/data/locale/fil-PH.ini,57.14
plugins/linux-capture/data/locale/ka-GE.ini,75.00
plugins/linux-capture/data/locale/tl-PH.ini,53.33
plugins/linux-jack/data/locale/fil-PH.ini,100.00
plugins/linux-jack/data/locale/ka-GE.ini,100.00
plugins/linux-pulseaudio/data/locale/fil-PH.ini,80.00
plugins/linux-pulseaudio/data/locale/ka-GE.ini,85.71
plugins/linux-v4l2/data/locale/fil-PH.ini,84.21
plugins/linux-v4l2/data/locale/ka-GE.ini,91.30
plugins/linux-v4l2/data/locale/tl-PH.ini,100.00
plugins/mac-avcapture/data/locale/fil-PH.ini,82.35
plugins/mac-avcapture/data/locale/tl-PH.ini,100.00
plugins/mac-capture/data/locale/fil-PH.ini,65.62
plugins/mac-capture/data/locale/tl-PH.ini,100.00
plugins/mac-syphon/data/locale/fil-PH.ini,100.00
plugins/mac-vth264/data/locale/fil-PH.ini,100.00
plugins/mac-vth264/data/locale/tl-PH.ini,100.00
plugins/obs-ffmpeg/data/locale/fil-PH.ini,56.20
plugins/obs-ffmpeg/data/locale/tl-PH.ini,100.00
plugins/obs-filters/data/locale/fil-PH.ini,77.44
plugins/obs-filters/data/locale/tl-PH.ini,100.00
plugins/obs-libfdk/data/locale/fil-PH.ini,100.00
plugins/obs-libfdk/data/locale/tl-PH.ini,100.00
plugins/obs-outputs/data/locale/fil-PH.ini,78.95
plugins/obs-outputs/data/locale/tl-PH.ini,100.00
plugins/obs-qsv11/data/locale/fil-PH.ini,66.67
plugins/obs-qsv11/data/locale/tl-PH.ini,100.00
plugins/obs-text/data/locale/fil-PH.ini,92.68
plugins/obs-text/data/locale/tl-PH.ini,100.00
plugins/obs-transitions/data/locale/fil-PH.ini,78.57
plugins/obs-transitions/data/locale/tl-PH.ini,100.00
plugins/obs-x264/data/locale/fil-PH.ini,72.22
plugins/obs-x264/data/locale/tl-PH.ini,100.00
plugins/rtmp-services/data/locale/fil-PH.ini,100.00
plugins/rtmp-services/data/locale/tl-PH.ini,100.00
plugins/text-freetype2/data/locale/fil-PH.ini,77.78
plugins/text-freetype2/data/locale/tl-PH.ini,100.00
plugins/vlc-video/data/locale/fil-PH.ini,95.65
plugins/vlc-video/data/locale/ro-RO.ini,93.94
plugins/vlc-video/data/locale/tl-PH.ini,100.00
plugins/win-capture/data/locale/fil-PH.ini,70.73
plugins/win-capture/data/locale/he-IL.ini,52.63
plugins/win-capture/data/locale/tl-PH.ini,100.00
plugins/win-dshow/data/locale/fil-PH.ini,86.67
plugins/win-dshow/data/locale/he-IL.ini,75.41
plugins/win-dshow/data/locale/tl-PH.ini,100.00
plugins/win-mf/data/locale/fil-PH.ini,100.00
plugins/win-mf/data/locale/he-IL.ini,83.33
plugins/win-mf/data/locale/tl-PH.ini,100.00
plugins/win-wasapi/data/locale/fil-PH.ini,60.00
plugins/win-wasapi/data/locale/he-IL.ini,66.67
plugins/win-wasapi/data/locale/tl-PH.ini,100.00
UI/horizontal-scroll-area.cpp,90.91
UI/horizontal-scroll-area.hpp,95.00
UI/expand-checkbox.hpp,71.43
UI/source-tree.cpp,75.84
UI/source-tree.hpp,77.36
deps/libcaption/caption/dvtcc.h,100.00
deps/libcaption/caption/mpeg.h,100.00
deps/libcaption/caption/vtt.h,100.00
deps/libcaption/src/dvtcc.c,100.00
deps/libcaption/src/eia608_from_utf8.c,100.00
deps/libcaption/src/eia608_from_utf8.re2c,100.00
deps/libcaption/src/mpeg.c,100.00
deps/libcaption/src/vtt.c,100.00
deps/json11/LICENSE.txt,100.00
deps/json11/json11.cpp,100.00
deps/json11/json11.hpp,100.00
UI/forms/ColorSelect.ui,88.33
cmake/Modules/FindMbedTLS.cmake,48.57
UI/data/locale/fa-IR.ini,65.12
UI/data/locale/gd-GB.ini,73.81
UI/data/locale/hi-IN.ini,43.22
UI/data/locale/ur-PK.ini,99.41
UI/frontend-plugins/frontend-tools/data/locale/gd-GB.ini,87.76
plugins/coreaudio-encoder/data/locale/gd-GB.ini,57.14
plugins/decklink/data/locale/gd-GB.ini,55.17
plugins/image-source/data/locale/gd-GB.ini,65.79
plugins/linux-alsa/data/locale/gd-GB.ini,66.67
plugins/linux-capture/data/locale/gd-GB.ini,64.00
plugins/linux-pulseaudio/data/locale/gd-GB.ini,100.00
plugins/linux-v4l2/data/locale/gd-GB.ini,57.89
plugins/mac-avcapture/data/locale/gd-GB.ini,100.00
plugins/mac-avcapture/data/locale/ka-GE.ini,61.54
plugins/mac-capture/data/locale/gd-GB.ini,77.78
plugins/mac-capture/data/locale/ka-GE.ini,52.27
plugins/mac-syphon/data/locale/gd-GB.ini,50.00
plugins/mac-syphon/data/locale/ka-GE.ini,100.00
plugins/mac-vth264/data/locale/gd-GB.ini,50.00
plugins/mac-vth264/data/locale/ka-GE.ini,100.00
plugins/obs-ffmpeg/data/locale/gd-GB.ini,68.13
plugins/obs-ffmpeg/data/locale/ka-GE.ini,56.33
plugins/obs-filters/data/locale/gd-GB.ini,57.00
plugins/obs-libfdk/data/locale/gd-GB.ini,100.00
plugins/obs-libfdk/data/locale/ka-GE.ini,100.00
plugins/obs-outputs/data/locale/gd-GB.ini,86.67
plugins/obs-outputs/data/locale/ka-GE.ini,63.41
plugins/obs-qsv11/data/locale/gd-GB.ini,50.00
plugins/obs-qsv11/data/locale/ka-GE.ini,51.61
plugins/obs-text/data/locale/gd-GB.ini,48.78
plugins/obs-text/data/locale/ka-GE.ini,100.00
plugins/obs-transitions/data/locale/bg-BG.ini,56.60
plugins/obs-transitions/data/locale/gd-GB.ini,62.82
plugins/obs-transitions/data/locale/ka-GE.ini,92.22
plugins/obs-x264/data/locale/gd-GB.ini,100.00
plugins/rtmp-services/data/locale/gd-GB.ini,100.00
plugins/rtmp-services/data/locale/ka-GE.ini,92.86
plugins/text-freetype2/data/locale/gd-GB.ini,75.00
plugins/text-freetype2/data/locale/ka-GE.ini,76.19
plugins/vlc-video/data/locale/gd-GB.ini,55.56
plugins/vlc-video/data/locale/ka-GE.ini,69.23
plugins/win-capture/data/locale/gd-GB.ini,77.50
plugins/win-capture/data/locale/ka-GE.ini,62.67
plugins/win-dshow/data/locale/gd-GB.ini,90.91
plugins/win-dshow/data/locale/ka-GE.ini,89.09
plugins/win-mf/data/locale/gd-GB.ini,59.38
plugins/win-mf/data/locale/ka-GE.ini,91.18
plugins/win-wasapi/data/locale/gd-GB.ini,100.00
plugins/win-wasapi/data/locale/ka-GE.ini,55.56
UI/clickable-label.hpp,95.45
UI/forms/OBSAbout.ui,46.94
UI/window-basic-about.cpp,42.27
UI/window-basic-about.hpp,100.00
UI/balance-slider.hpp,100.00
plugins/decklink/linux/decklink-sdk/DeckLinkAPIConfiguration_v10_9.h,100.00
plugins/decklink/linux/decklink-sdk/DeckLinkAPIDispatch_v10_8.cpp,100.00
plugins/decklink/linux/decklink-sdk/DeckLinkAPI_v10_9.h,100.00
plugins/decklink/mac/decklink-sdk/DeckLinkAPIConfiguration_v10_9.h,100.00
plugins/decklink/mac/decklink-sdk/DeckLinkAPIDispatch_v10_8.cpp,100.00
plugins/decklink/mac/decklink-sdk/DeckLinkAPI_v10_9.h,100.00
plugins/decklink/win/decklink-sdk/DeckLinkAPIStreaming_v10_8.idl,100.00
plugins/decklink/win/decklink-sdk/DeckLinkAPI_v10_8.idl,100.00
plugins/decklink/win/decklink-sdk/DeckLinkAPI_v10_9.idl,100.00
plugins/obs-filters/invert-audio-polarity.c,92.45
libobs/util/apple/cfstring-utils.h,85.00
CI/install-script-win.cmd,38.89
CI/install-dependencies-linux-ubuntu16.sh,96.61
CI/install-script-linux.sh,100.00
libobs/libobs.pc.in,73.33
plugins/obs-ffmpeg/obs-ffmpeg-vaapi.c,28.37
plugins/decklink/DecklinkBase.cpp,66.67
plugins/decklink/DecklinkBase.h,71.74
plugins/decklink/DecklinkInput.cpp,46.38
plugins/decklink/DecklinkInput.hpp,35.71
plugins/decklink/DecklinkOutput.cpp,88.00
plugins/decklink/DecklinkOutput.hpp,79.07
plugins/decklink/const.h,54.08
plugins/decklink/decklink-devices.cpp,80.95
plugins/decklink/decklink-devices.hpp,100.00
plugins/decklink/decklink-output.cpp,58.54
plugins/decklink/decklink-source.cpp,65.10
UI/frontend-plugins/decklink-output-ui/CMakeLists.txt,61.36
UI/frontend-plugins/decklink-output-ui/DecklinkOutputUI.cpp,75.11
UI/frontend-plugins/decklink-output-ui/DecklinkOutputUI.h,90.48
UI/frontend-plugins/decklink-output-ui/decklink-ui-main.cpp,43.88
UI/frontend-plugins/decklink-output-ui/decklink-ui-main.h,54.55
UI/frontend-plugins/decklink-output-ui/forms/output.ui,89.86
plugins/obs-filters/limiter-filter.c,77.70
COMMITMENT,100.00
plugins/obs-filters/expander-filter.c,41.45
UI/obs.rc.in,89.66
UI/window-basic-settings-stream.cpp,53.09
UI/window-basic-main-browser.cpp,95.98
UI/auth-base.cpp,81.11
UI/auth-base.hpp,88.00
UI/auth-oauth.cpp,77.57
UI/auth-oauth.hpp,78.76
UI/obf.c,94.12
UI/obf.h,100.00
UI/auth-mixer.cpp,96.26
UI/auth-mixer.hpp,100.00
UI/ui-config.h.in,60.47
UI/auth-twitch.cpp,71.98
UI/auth-twitch.hpp,85.00
libobs/obs-video-gpu-encode.c,55.44
plugins/obs-ffmpeg/jim-nvenc-helpers.c,72.75
plugins/obs-ffmpeg/jim-nvenc.c,64.51
plugins/obs-ffmpeg/jim-nvenc.h,90.57
libobs/data/repeat.effect,100.00
UI/data/locale/mn-MN.ini,91.10
UI/frontend-plugins/frontend-tools/data/locale/ar-SA.ini,89.09
UI/frontend-plugins/frontend-tools/data/locale/bg-BG.ini,93.33
UI/frontend-plugins/frontend-tools/data/locale/fa-IR.ini,81.67
UI/frontend-plugins/frontend-tools/data/locale/mn-MN.ini,84.09
UI/frontend-plugins/frontend-tools/data/locale/th-TH.ini,67.27
plugins/coreaudio-encoder/data/locale/mn-MN.ini,100.00
plugins/decklink/data/locale/mn-MN.ini,100.00
plugins/image-source/data/locale/mn-MN.ini,100.00
plugins/obs-filters/data/locale/bg-BG.ini,88.75
plugins/obs-outputs/data/locale/bg-BG.ini,80.00
plugins/obs-outputs/data/locale/mn-MN.ini,100.00
plugins/obs-text/data/locale/ar-SA.ini,100.00
plugins/obs-text/data/locale/mn-MN.ini,100.00
plugins/obs-x264/data/locale/mn-MN.ini,100.00
plugins/rtmp-services/data/locale/mn-MN.ini,100.00
plugins/text-freetype2/data/locale/bg-BG.ini,100.00
plugins/text-freetype2/data/locale/mn-MN.ini,100.00
plugins/vlc-video/data/locale/bg-BG.ini,94.74
plugins/win-capture/data/locale/mn-MN.ini,100.00
plugins/win-dshow/data/locale/mn-MN.ini,100.00
plugins/win-mf/data/locale/bg-BG.ini,93.33
plugins/win-wasapi/data/locale/mn-MN.ini,100.00
azure-pipelines.yml,51.05
plugins/decklink/util.cpp,58.11
plugins/decklink/util.hpp,87.50
UI/window-dock.cpp,44.93
UI/window-dock.hpp,66.67
UI/data/themes/Dark/settings/advanced.svg,66.67
UI/data/themes/Dark/settings/audio.svg,66.67
UI/data/themes/Dark/settings/general.svg,96.88
UI/data/themes/Dark/settings/hotkeys.svg,50.00
UI/data/themes/Dark/settings/output.svg,60.00
UI/data/themes/Dark/settings/stream.svg,66.67
UI/data/themes/Dark/settings/video.svg,50.00
UI/forms/images/settings/advanced.svg,66.67
UI/forms/images/settings/audio.svg,66.67
UI/forms/images/settings/general.svg,96.88
UI/forms/images/settings/hotkeys.svg,50.00
UI/forms/images/settings/output.svg,58.33
UI/forms/images/settings/stream.svg,66.67
UI/forms/images/settings/video.svg,50.00
libobs/data/area.effect,54.75
CI/install-qt-win.cmd,50.00
UI/.gitignore,100.00
plugins/obs-filters/data/luma_key_filter.effect,96.23
plugins/obs-filters/luma-key-filter.c,40.41
UI/auth-restream.cpp,74.51
UI/auth-restream.hpp,80.49
UI/data/locale/ku-TR.ini,100.00
UI/data/locale/pa-IN.ini,99.55
UI/frontend-plugins/frontend-tools/data/locale/ta-IN.ini,97.30
plugins/coreaudio-encoder/data/locale/fa-IR.ini,100.00
plugins/decklink/data/locale/fa-IR.ini,93.55
plugins/image-source/data/locale/fa-IR.ini,86.05
plugins/linux-alsa/data/locale/fa-IR.ini,50.00
plugins/linux-capture/data/locale/fa-IR.ini,72.73
plugins/linux-jack/data/locale/fa-IR.ini,100.00
plugins/linux-pulseaudio/data/locale/fa-IR.ini,80.00
plugins/linux-v4l2/data/locale/fa-IR.ini,96.15
plugins/mac-avcapture/data/locale/fa-IR.ini,70.00
plugins/mac-capture/data/locale/fa-IR.ini,45.65
plugins/mac-syphon/data/locale/fa-IR.ini,100.00
plugins/mac-vth264/data/locale/fa-IR.ini,100.00
plugins/obs-ffmpeg/data/locale/fa-IR.ini,52.08
plugins/vlc-video/data/locale/fa-IR.ini,94.74
plugins/win-dshow/data/locale/fa-IR.ini,93.18
plugins/win-mf/data/locale/fa-IR.ini,96.77
plugins/win-wasapi/data/locale/fa-IR.ini,46.15
UI/data/themes/System.qss,34.38
UI/data/themes/Dark/no_sources.svg,72.00
UI/forms/images/no_sources.svg,72.00
UI/comboBox-ignorewheel.cpp,95.00
UI/comboBox-ignorewheel.hpp,100.00
UI/slider-ignorewheel.cpp,69.20
UI/slider-ignorewheel.hpp,61.26
UI/spinBox-ignorewheel.cpp,95.00
UI/spinBox-ignorewheel.hpp,100.00
UI/xdg-data/CMakeLists.txt,50.00
UI/xdg-data/com.obsproject.Studio.appdata.xml.in,43.40
UI/xdg-data/com.obsproject.Studio.desktop,72.22
UI/combobox-ignorewheel.cpp,100.00
UI/spinbox-ignorewheel.cpp,100.00
UI/data/themes/Dark/down.svg,80.00
UI/data/themes/Dark/expand.svg,88.89
UI/data/themes/Dark/locked.svg,85.71
UI/data/themes/Dark/minus.svg,80.00
UI/data/themes/Dark/mute.svg,87.50
UI/data/themes/Dark/plus.svg,80.00
UI/data/themes/Dark/refresh.svg,83.33
UI/data/themes/Dark/up.svg,80.00
UI/data/themes/Dark/updown.svg,50.00
UI/data/themes/Dark/visible.svg,66.67
UI/forms/images/down.svg,80.00
UI/forms/images/expand.svg,88.89
UI/forms/images/invisible.svg,66.67
UI/forms/images/locked.svg,85.71
UI/forms/images/minus.svg,80.00
UI/forms/images/mute.svg,87.50
UI/forms/images/plus.svg,80.00
UI/forms/images/refresh.svg,83.33
UI/forms/images/unlocked.svg,75.00
UI/forms/images/up.svg,80.00
UI/forms/images/visible.svg,66.67
UI/data/themes/Dark/revert.svg,80.00
UI/data/themes/Dark/trash.svg,80.00
UI/forms/images/revert.svg,80.00
UI/forms/images/trash.svg,44.44
.github/FUNDING.yml,100.00
UI/win-update/updater/updater.manifest,100.00
plugins/coreaudio-encoder/data/locale/ur-PK.ini,71.43
plugins/linux-jack/data/locale/ur-PK.ini,100.00
plugins/obs-filters/data/locale/fa-IR.ini,76.19
plugins/obs-text/data/locale/fa-IR.ini,100.00
plugins/obs-x264/data/locale/fa-IR.ini,72.22
plugins/text-freetype2/data/locale/fa-IR.ini,68.00
.clang-format,48.46
deps/blake2/.clang-format,100.00
deps/glad/.clang-format,100.00
deps/jansson/.clang-format,100.00
deps/json11/.clang-format,100.00
deps/libcaption/.clang-format,100.00
deps/lzma/.clang-format,100.00
deps/w32-pthreads/.clang-format,100.00
libobs/graphics/libnsgif/.clang-format,100.00
plugins/decklink/linux/decklink-sdk/.clang-format,100.00
plugins/decklink/mac/decklink-sdk/.clang-format,100.00
plugins/obs-outputs/librtmp/.clang-format,100.00
plugins/obs-qsv11/bits/.clang-format,100.00
plugins/obs-qsv11/libmfx/.clang-format,100.00
plugins/win-capture/d3d8-api/.clang-format,100.00
plugins/win-ivcam/.clang-format,100.00
plugins/win-mf/.clang-format,100.00
plugins/obs-ffmpeg/external/.clang-format,100.00
plugins/obs-ffmpeg/external/dynlink_cuda.h,100.00
plugins/obs-ffmpeg/external/nvEncodeAPI.h,59.20
.git-blame-ignore-revs,35.71
UI/data/themes/Dark/media-pause.svg,66.67
UI/forms/images/media-pause.svg,66.67
UI/record-button.cpp,77.33
UI/record-button.hpp,54.35
plugins/obs-ffmpeg/obs-ffmpeg-config.h.in,94.44
plugins/obs-ffmpeg/obs-ffmpeg-logging.c,98.57
CI/check-format.sh,74.39
formatcode.sh,78.57
UI/frontend-plugins/frontend-tools/data/scripts/pause-scene.lua,100.00
UI/forms/OBSExtraBrowsers.ui,93.33
UI/window-extra-browsers.cpp,84.75
UI/window-extra-browsers.hpp,89.62
UI/window-dock-browser.hpp,63.89
UI/window-dock-browser.cpp,77.78
UI/data/locale/az-AZ.ini,58.51
UI/frontend-plugins/frontend-tools/data/locale/af-ZA.ini,84.09
UI/frontend-plugins/frontend-tools/data/locale/gl-ES.ini,90.74
UI/frontend-plugins/frontend-tools/data/locale/sl-SI.ini,90.74
plugins/coreaudio-encoder/data/locale/sl-SI.ini,100.00
plugins/linux-alsa/data/locale/bg-BG.ini,100.00
plugins/linux-alsa/data/locale/sl-SI.ini,50.00
plugins/mac-vth264/data/locale/bg-BG.ini,85.71
plugins/obs-libfdk/data/locale/bg-BG.ini,100.00
plugins/obs-outputs/data/locale/fa-IR.ini,51.61
plugins/obs-qsv11/data/locale/bg-BG.ini,92.31
plugins/obs-qsv11/data/locale/fa-IR.ini,51.85
plugins/obs-qsv11/data/locale/sl-SI.ini,57.14
plugins/obs-text/data/locale/bg-BG.ini,100.00
plugins/obs-text/data/locale/gl-ES.ini,100.00
plugins/obs-text/data/locale/sl-SI.ini,100.00
plugins/obs-transitions/data/locale/sl-SI.ini,82.72
plugins/rtmp-services/data/locale/bg-BG.ini,100.00
plugins/rtmp-services/data/locale/fa-IR.ini,73.33
plugins/vlc-video/data/locale/gl-ES.ini,94.74
plugins/vlc-video/data/locale/sl-SI.ini,94.74
plugins/win-capture/data/locale/bg-BG.ini,79.49
plugins/win-capture/data/locale/fa-IR.ini,63.93
plugins/win-mf/data/locale/sl-SI.ini,96.88
libobs-d3d11/d3d11-config.h.in,100.00
libobs/obs-cocoa.m,75.36
CI/install/osx/Info.plist,100.00
CI/install/osx/buildDMG,100.00
CI/install/osx/makeRetinaBG,100.00
CI/install/osx/packageApp,100.00
CI/install/osx/settings.json,100.00
cmake/winrc/obs-module.rc.in,100.00
plugins/rtmp-services/younow.c,98.26
plugins/rtmp-services/younow.h,100.00
UI/url-push-button.cpp,96.30
UI/url-push-button.hpp,100.00
CI/install/osx/packageApp.sh,66.39
UI/data/themes/Dark/sources/brush.svg,66.67
UI/data/themes/Dark/sources/camera.svg,66.67
UI/data/themes/Dark/sources/default.svg,80.00
UI/data/themes/Dark/sources/gamepad.svg,66.67
UI/data/themes/Dark/sources/globe.svg,66.67
UI/data/themes/Dark/sources/group.svg,66.67
UI/data/themes/Dark/sources/image.svg,60.00
UI/data/themes/Dark/sources/media.svg,50.00
UI/data/themes/Dark/sources/microphone.svg,66.67
UI/data/themes/Dark/sources/scene.svg,57.14
UI/data/themes/Dark/sources/slideshow.svg,71.43
UI/data/themes/Dark/sources/text.svg,50.00
UI/data/themes/Dark/sources/window.svg,66.67
UI/forms/images/sources/brush.svg,66.67
UI/forms/images/sources/camera.svg,66.67
UI/forms/images/sources/default.svg,80.00
UI/forms/images/sources/gamepad.svg,66.67
UI/forms/images/sources/globe.svg,66.67
UI/forms/images/sources/group.svg,66.67
UI/forms/images/sources/image.svg,60.00
UI/forms/images/sources/media.svg,50.00
UI/forms/images/sources/microphone.svg,66.67
UI/forms/images/sources/scene.svg,50.00
UI/forms/images/sources/slideshow.svg,71.43
UI/forms/images/sources/text.svg,50.00
UI/forms/images/sources/window.svg,66.67
UI/window-basic-main-icons.cpp,94.00
libobs/util/aarch/check.h,100.00
libobs/util/aarch/hedley.h,100.00
libobs/util/aarch/mmx.h,100.00
libobs/util/aarch/simde-arch.h,100.00
libobs/util/aarch/simde-common.h,100.00
libobs/util/aarch/sse.h,100.00
libobs/util/aarch/sse2.h,100.00
libobs/util/sse-intrin.h,72.53
plugins/obs-ffmpeg/ffmpeg-encoded-output.c,98.98
plugins/obs-ffmpeg/ffmpeg-encoded-output.h,100.00
UI/scene-tree.cpp,75.16
UI/scene-tree.hpp,77.36
.cirrus.yml,68.52
UI/ui-validation.cpp,86.23
UI/ui-validation.hpp,97.14
UI/data/themes/Dark/save.svg,50.00
UI/forms/images/save.svg,50.00
libobs-d3d11/d3d11-texture3d.cpp,96.58
libobs-opengl/gl-texture3d.c,92.57
plugins/linux-v4l2/v4l2-controls.c,58.49
plugins/linux-v4l2/v4l2-controls.h,97.56
UI/obs.manifest,96.30
libobs/graphics/half.h,95.41
plugins/obs-filters/data/LUTs/grayscale.cube,100.00
plugins/obs-filters/data/LUTs/original.cube,100.00
libobs/util/simde/check.h,100.00
libobs/util/simde/hedley.h,99.76
libobs/util/simde/mmx.h,100.00
libobs/util/simde/simde-arch.h,100.00
libobs/util/simde/simde-common.h,99.14
libobs/util/simde/sse.h,100.00
libobs/util/simde/sse2.h,100.00
UI/forms/OBSImporter.ui,89.71
UI/importers/classic.cpp,94.85
UI/importers/importers.cpp,99.05
UI/importers/importers.hpp,95.08
UI/importers/sl.cpp,84.47
UI/importers/studio.cpp,87.27
UI/importers/xsplit.cpp,92.05
UI/window-importer.cpp,77.86
UI/window-importer.hpp,95.54
.github/workflows/main.yml,69.51
libobs-winrt/CMakeLists.txt,53.06
libobs-winrt/winrt-capture.cpp,83.54
libobs-winrt/winrt-capture.h,89.47
libobs-d3d11/intel-nv12-support.hpp,100.00
cmake/Modules/FindVulkan.cmake,98.59
UI/win-update/updater/init-hook-files.c,60.54
plugins/win-capture/game-capture-file-init.c,65.56
plugins/win-capture/graphics-hook-ver.h,43.14
plugins/win-capture/graphics-hook/graphics-hook.rc,90.70
plugins/win-capture/graphics-hook/obs-vulkan32.json,89.47
plugins/win-capture/graphics-hook/obs-vulkan64.json,89.47
plugins/win-capture/graphics-hook/vulkan-capture.c,49.01
plugins/win-capture/graphics-hook/vulkan-capture.h,97.65
UI/forms/images/help.svg,100.00
UI/forms/images/help_light.svg,100.00
libobs/util/curl/curl-helper.h,94.87
plugins/image-source/data/locale/pa-IN.ini,100.00
plugins/mac-syphon/data/locale/bg-BG.ini,100.00
plugins/mac-vth264/data/locale/sl-SI.ini,100.00
plugins/obs-libfdk/data/locale/fa-IR.ini,100.00
cmake/Modules/FindUDev.cmake,100.00
libobs/util/util_uint64.h,50.00
.github/workflows/clang-format.yml,67.61
UI/forms/images/recording-active.svg,90.24
UI/forms/images/recording-inactive.svg,68.52
UI/forms/images/recording-pause-inactive.svg,84.91
UI/forms/images/recording-pause.svg,84.91
UI/forms/images/streaming-active.svg,70.51
UI/forms/images/streaming-inactive.svg,57.89
CI/scripts/macos/Brewfile,86.67
CI/scripts/macos/app/Info.plist,93.75
CI/scripts/macos/app/OBSPublicDSAKey.pem,100.00
CI/scripts/macos/package/settings.json,100.00
CI/scripts/macos/package/src/makeRetinaBG,100.00
CI/scripts/macos/packageApp.sh,98.73
CI/scripts/macos/prepareApp.sh,100.00
UI/data/themes/Dark/close.svg,80.00
UI/data/themes/Dark/popout.svg,100.00
cmake/Modules/FindOSS.cmake,51.56
plugins/oss-audio/CMakeLists.txt,56.92
plugins/oss-audio/oss-audio.c,100.00
plugins/oss-audio/oss-input.c,95.47
plugins/oss-audio/oss-platform.h.in,100.00
CI/scripts/macos/package/settings.json.template,100.00
CI/full-build-macos.sh,93.80
CI/scripts/macos/app/entitlements.plist,100.00
plugins/obs-x264/obs-x264-options.c,97.26
plugins/obs-x264/obs-x264-options.h,100.00
plugins/obs-x264/obs-x264-test.c,76.00
libobs-winrt/winrt-dispatch.cpp,73.03
libobs-winrt/winrt-dispatch.h,100.00
libobs/util/simde/README.libobs,72.73
libobs/util/simde/debug-trap.h,100.00
libobs/util/simde/simde-diagnostic.h,100.00
libobs/util/simde/simde-features.h,100.00
plugins/oss-audio/data/locale/en-US.ini,100.00
test/cmocka/CMakeLists.txt,79.37
test/cmocka/test_darray.c,93.55
test/cmocka/test_serializer.c,88.89
plugins/win-dshow/shared-memory-queue.c,90.09
plugins/win-dshow/shared-memory-queue.h,90.24
plugins/win-dshow/tiny-nv12-scale.c,96.35
plugins/win-dshow/tiny-nv12-scale.h,97.37
plugins/win-dshow/virtualcam-guid.h,100.00
plugins/win-dshow/virtualcam-module/CMakeLists.txt,79.82
plugins/win-dshow/virtualcam-module/placeholder.cpp,85.14
plugins/win-dshow/virtualcam-module/sleepto.c,100.00
plugins/win-dshow/virtualcam-module/sleepto.h,100.00
plugins/win-dshow/virtualcam-module/virtualcam-filter.cpp,71.31
plugins/win-dshow/virtualcam-module/virtualcam-filter.hpp,66.34
plugins/win-dshow/virtualcam-module/virtualcam-module.cpp,94.75
plugins/win-dshow/virtualcam-module/virtualcam-module.def.in,100.00
plugins/win-dshow/virtualcam.c,76.69
libobs/util/simde/simde-math.h,74.15
libobs/util/sse2neon.h,100.00
plugins/rtmp-services/nimotv.c,100.00
plugins/rtmp-services/nimotv.h,100.00
UI/screenshot-obj.hpp,92.16
UI/window-basic-main-screenshot.cpp,54.83
UI/log-viewer.cpp,61.76
UI/log-viewer.hpp,75.00
UI/context-bar-controls.cpp,62.60
UI/context-bar-controls.hpp,79.60
UI/data/themes/Dark/filter.svg,60.00
UI/data/themes/Dark/media/media_next.svg,66.67
UI/data/themes/Dark/media/media_pause.svg,66.67
UI/data/themes/Dark/media/media_play.svg,50.00
UI/data/themes/Dark/media/media_previous.svg,66.67
UI/data/themes/Dark/media/media_restart.svg,60.00
UI/data/themes/Dark/media/media_stop.svg,50.00
UI/forms/images/filter.svg,75.00
UI/forms/images/media/media_next.svg,70.00
UI/forms/images/media/media_pause.svg,70.00
UI/forms/images/media/media_play.svg,57.14
UI/forms/images/media/media_previous.svg,70.00
UI/forms/images/media/media_restart.svg,60.00
UI/forms/images/media/media_stop.svg,57.14
UI/forms/source-toolbar/browser-source-toolbar.ui,68.81
UI/forms/source-toolbar/color-source-toolbar.ui,60.53
UI/forms/source-toolbar/device-select-toolbar.ui,53.66
UI/forms/source-toolbar/game-capture-toolbar.ui,48.04
UI/forms/source-toolbar/image-source-toolbar.ui,57.80
UI/forms/source-toolbar/media-controls.ui,65.45
UI/forms/source-toolbar/text-source-toolbar.ui,50.00
UI/media-controls.cpp,66.98
UI/media-controls.hpp,83.72
UI/media-slider.cpp,61.82
UI/media-slider.hpp,85.00
UI/obs-proxy-style.cpp,62.10
UI/obs-proxy-style.hpp,31.25
cmake/Modules/FindLibrnnoise.cmake,53.12
.github/workflows/docs.yml,57.24
UI/context-bar-controls-devices.cpp,100.00
UI/context-bar-controls-devices.hpp,100.00
plugins/win-dshow/virtualcam-guid.h.in,95.00
plugins/win-dshow/virtualcam-install.bat.in,98.73
plugins/win-dshow/virtualcam-uninstall.bat.in,96.88
plugins/rtmp-services/showroom.c,100.00
plugins/rtmp-services/showroom.h,100.00
plugins/obs-filters/rnnoise/.clang-format,100.00
plugins/obs-filters/rnnoise/AUTHORS,100.00
plugins/obs-filters/rnnoise/CMakeLists.txt,100.00
plugins/obs-filters/rnnoise/COPYING,100.00
plugins/obs-filters/rnnoise/README,100.00
plugins/obs-filters/rnnoise/autogen.sh,100.00
plugins/obs-filters/rnnoise/include/rnnoise.h,100.00
plugins/obs-filters/rnnoise/rnnoise-uninstalled.pc.in,100.00
plugins/obs-filters/rnnoise/rnnoise.pc.in,100.00
plugins/obs-filters/rnnoise/src/_kiss_fft_guts.h,100.00
plugins/obs-filters/rnnoise/src/arch.h,100.00
plugins/obs-filters/rnnoise/src/celt_lpc.c,100.00
plugins/obs-filters/rnnoise/src/celt_lpc.h,100.00
plugins/obs-filters/rnnoise/src/common.h,100.00
plugins/obs-filters/rnnoise/src/compile.sh,100.00
plugins/obs-filters/rnnoise/src/denoise.c,96.55
plugins/obs-filters/rnnoise/src/kiss_fft.c,100.00
plugins/obs-filters/rnnoise/src/kiss_fft.h,100.00
plugins/obs-filters/rnnoise/src/opus_types.h,100.00
plugins/obs-filters/rnnoise/src/pitch.c,99.81
plugins/obs-filters/rnnoise/src/pitch.h,100.00
plugins/obs-filters/rnnoise/src/rnn.c,99.44
plugins/obs-filters/rnnoise/src/rnn.h,100.00
plugins/obs-filters/rnnoise/src/rnn_data.c,100.00
plugins/obs-filters/rnnoise/src/rnn_data.h,100.00
plugins/obs-filters/rnnoise/src/rnn_reader.c,100.00
plugins/obs-filters/rnnoise/src/rnn_train.py,100.00
plugins/obs-filters/rnnoise/src/tansig_table.h,100.00
UI/data/locale/ba-RU.ini,100.00
UI/data/locale/en-GB.ini,95.29
UI/data/locale/id-ID.ini,74.42
UI/data/locale/ig-NG.ini,100.00
UI/data/locale/si-LK.ini,93.23
UI/frontend-plugins/frontend-tools/data/locale/az-AZ.ini,90.57
UI/frontend-plugins/frontend-tools/data/locale/ba-RU.ini,100.00
UI/frontend-plugins/frontend-tools/data/locale/en-GB.ini,97.96
UI/frontend-plugins/frontend-tools/data/locale/id-ID.ini,91.55
plugins/coreaudio-encoder/data/locale/ba-RU.ini,100.00
plugins/coreaudio-encoder/data/locale/en-GB.ini,85.71
plugins/coreaudio-encoder/data/locale/id-ID.ini,100.00
plugins/decklink/data/locale/az-AZ.ini,89.66
plugins/decklink/data/locale/ba-RU.ini,100.00
plugins/decklink/data/locale/en-GB.ini,100.00
plugins/decklink/data/locale/id-ID.ini,93.75
plugins/decklink/data/locale/lt-LT.ini,62.50
plugins/decklink/data/locale/ta-IN.ini,100.00
plugins/image-source/data/locale/ba-RU.ini,100.00
plugins/image-source/data/locale/en-GB.ini,100.00
plugins/image-source/data/locale/id-ID.ini,81.97
plugins/image-source/data/locale/ta-IN.ini,100.00
plugins/linux-alsa/data/locale/ba-RU.ini,100.00
plugins/linux-alsa/data/locale/en-GB.ini,60.00
plugins/linux-alsa/data/locale/id-ID.ini,66.67
plugins/linux-alsa/data/locale/ta-IN.ini,66.67
plugins/linux-capture/data/locale/az-AZ.ini,100.00
plugins/linux-capture/data/locale/ba-RU.ini,100.00
plugins/linux-capture/data/locale/en-GB.ini,94.12
plugins/linux-capture/data/locale/id-ID.ini,71.43
plugins/linux-capture/data/locale/ta-IN.ini,100.00
plugins/linux-jack/data/locale/ba-RU.ini,100.00
plugins/linux-jack/data/locale/en-GB.ini,80.00
plugins/linux-jack/data/locale/id-ID.ini,100.00
plugins/linux-pulseaudio/data/locale/ba-RU.ini,100.00
plugins/linux-pulseaudio/data/locale/en-GB.ini,80.00
plugins/linux-pulseaudio/data/locale/id-ID.ini,85.71
plugins/linux-pulseaudio/data/locale/ta-IN.ini,100.00
plugins/linux-v4l2/data/locale/ba-RU.ini,100.00
plugins/linux-v4l2/data/locale/en-GB.ini,100.00
plugins/linux-v4l2/data/locale/id-ID.ini,95.24
plugins/linux-v4l2/data/locale/ta-IN.ini,100.00
plugins/mac-avcapture/data/locale/ba-RU.ini,100.00
plugins/mac-avcapture/data/locale/en-GB.ini,100.00
plugins/mac-avcapture/data/locale/id-ID.ini,70.00
plugins/mac-avcapture/data/locale/ta-IN.ini,53.85
plugins/mac-capture/data/locale/az-AZ.ini,100.00
plugins/mac-capture/data/locale/ba-RU.ini,100.00
plugins/mac-capture/data/locale/en-GB.ini,95.45
plugins/mac-capture/data/locale/id-ID.ini,50.98
plugins/mac-capture/data/locale/ta-IN.ini,100.00
plugins/mac-syphon/data/locale/ba-RU.ini,100.00
plugins/mac-syphon/data/locale/en-GB.ini,100.00
plugins/mac-syphon/data/locale/he-IL.ini,100.00
plugins/mac-syphon/data/locale/id-ID.ini,100.00
plugins/mac-syphon/data/locale/ta-IN.ini,100.00
plugins/mac-vth264/data/locale/az-AZ.ini,100.00
plugins/mac-vth264/data/locale/ba-RU.ini,100.00
plugins/mac-vth264/data/locale/en-GB.ini,100.00
plugins/mac-vth264/data/locale/he-IL.ini,100.00
plugins/mac-vth264/data/locale/id-ID.ini,100.00
plugins/mac-vth264/data/locale/ta-IN.ini,78.57
plugins/obs-ffmpeg/data/locale/ba-RU.ini,100.00
plugins/obs-ffmpeg/data/locale/en-GB.ini,92.31
plugins/obs-ffmpeg/data/locale/id-ID.ini,65.19
plugins/obs-ffmpeg/data/locale/ta-IN.ini,100.00
plugins/obs-filters/data/locale/az-AZ.ini,100.00
plugins/obs-filters/data/locale/ba-RU.ini,100.00
plugins/obs-filters/data/locale/en-GB.ini,97.25
plugins/obs-filters/data/locale/id-ID.ini,82.08
plugins/obs-filters/data/locale/ta-IN.ini,100.00
plugins/obs-libfdk/data/locale/ba-RU.ini,100.00
plugins/obs-libfdk/data/locale/en-GB.ini,80.00
plugins/obs-libfdk/data/locale/id-ID.ini,100.00
plugins/obs-libfdk/data/locale/ta-IN.ini,100.00
plugins/obs-outputs/data/locale/ba-RU.ini,100.00
plugins/obs-outputs/data/locale/en-GB.ini,93.75
plugins/obs-outputs/data/locale/id-ID.ini,61.90
plugins/obs-outputs/data/locale/ta-IN.ini,100.00
plugins/obs-qsv11/data/locale/ba-RU.ini,100.00
plugins/obs-qsv11/data/locale/en-GB.ini,92.86
plugins/obs-qsv11/data/locale/he-IL.ini,50.00
plugins/obs-qsv11/data/locale/id-ID.ini,57.14
plugins/obs-qsv11/data/locale/ta-IN.ini,100.00
plugins/obs-qsv11/data/locale/th-TH.ini,81.82
plugins/obs-text/data/locale/az-AZ.ini,100.00
plugins/obs-text/data/locale/ba-RU.ini,100.00
plugins/obs-text/data/locale/en-GB.ini,100.00
plugins/obs-text/data/locale/he-IL.ini,100.00
plugins/obs-text/data/locale/id-ID.ini,89.13
plugins/obs-text/data/locale/ta-IN.ini,100.00
plugins/obs-transitions/data/locale/ba-RU.ini,100.00
plugins/obs-transitions/data/locale/en-GB.ini,100.00
plugins/obs-transitions/data/locale/id-ID.ini,81.40
plugins/obs-transitions/data/locale/ta-IN.ini,100.00
plugins/obs-x264/data/locale/az-AZ.ini,100.00
plugins/obs-x264/data/locale/ba-RU.ini,100.00
plugins/obs-x264/data/locale/en-GB.ini,92.86
plugins/obs-x264/data/locale/id-ID.ini,78.95
plugins/obs-x264/data/locale/ta-IN.ini,100.00
plugins/oss-audio/data/locale/ca-ES.ini,100.00
plugins/oss-audio/data/locale/cs-CZ.ini,100.00
plugins/oss-audio/data/locale/da-DK.ini,100.00
plugins/oss-audio/data/locale/de-DE.ini,100.00
plugins/oss-audio/data/locale/en-GB.ini,90.00
plugins/oss-audio/data/locale/es-ES.ini,100.00
plugins/oss-audio/data/locale/fi-FI.ini,100.00
plugins/oss-audio/data/locale/fil-PH.ini,77.78
plugins/oss-audio/data/locale/fr-FR.ini,100.00
plugins/oss-audio/data/locale/gl-ES.ini,100.00
plugins/oss-audio/data/locale/he-IL.ini,60.00
plugins/oss-audio/data/locale/hu-HU.ini,90.00
plugins/oss-audio/data/locale/id-ID.ini,100.00
plugins/oss-audio/data/locale/it-IT.ini,100.00
plugins/oss-audio/data/locale/ja-JP.ini,90.00
plugins/oss-audio/data/locale/ka-GE.ini,100.00
plugins/oss-audio/data/locale/ko-KR.ini,100.00
plugins/oss-audio/data/locale/nb-NO.ini,100.00
plugins/oss-audio/data/locale/nl-NL.ini,100.00
plugins/oss-audio/data/locale/pl-PL.ini,100.00
plugins/oss-audio/data/locale/pt-BR.ini,76.92
plugins/oss-audio/data/locale/ro-RO.ini,100.00
plugins/oss-audio/data/locale/ru-RU.ini,100.00
plugins/oss-audio/data/locale/sk-SK.ini,100.00
plugins/oss-audio/data/locale/sl-SI.ini,100.00
plugins/oss-audio/data/locale/sv-SE.ini,100.00
plugins/oss-audio/data/locale/ta-IN.ini,100.00
plugins/oss-audio/data/locale/tr-TR.ini,100.00
plugins/oss-audio/data/locale/uk-UA.ini,100.00
plugins/oss-audio/data/locale/vi-VN.ini,88.89
plugins/oss-audio/data/locale/zh-CN.ini,81.82
plugins/oss-audio/data/locale/zh-TW.ini,100.00
plugins/rtmp-services/data/locale/az-AZ.ini,66.67
plugins/rtmp-services/data/locale/ba-RU.ini,100.00
plugins/rtmp-services/data/locale/en-GB.ini,84.62
plugins/rtmp-services/data/locale/id-ID.ini,77.78
plugins/rtmp-services/data/locale/ta-IN.ini,100.00
plugins/text-freetype2/data/locale/ba-RU.ini,100.00
plugins/text-freetype2/data/locale/en-GB.ini,100.00
plugins/text-freetype2/data/locale/id-ID.ini,86.21
plugins/text-freetype2/data/locale/ta-IN.ini,100.00
plugins/vlc-video/data/locale/ba-RU.ini,100.00
plugins/vlc-video/data/locale/en-GB.ini,100.00
plugins/vlc-video/data/locale/id-ID.ini,89.29
plugins/vlc-video/data/locale/lt-LT.ini,100.00
plugins/vlc-video/data/locale/ta-IN.ini,100.00
plugins/win-capture/data/locale/az-AZ.ini,100.00
plugins/win-capture/data/locale/ba-RU.ini,100.00
plugins/win-capture/data/locale/en-GB.ini,89.47
plugins/win-capture/data/locale/id-ID.ini,57.35
plugins/win-capture/data/locale/ta-IN.ini,100.00
plugins/win-dshow/data/locale/ba-RU.ini,100.00
plugins/win-dshow/data/locale/en-GB.ini,100.00
plugins/win-dshow/data/locale/id-ID.ini,95.35
plugins/win-dshow/data/locale/ta-IN.ini,96.00
plugins/win-mf/data/locale/ba-RU.ini,100.00
plugins/win-mf/data/locale/en-GB.ini,100.00
plugins/win-mf/data/locale/id-ID.ini,88.24
plugins/win-wasapi/data/locale/ba-RU.ini,100.00
plugins/win-wasapi/data/locale/en-GB.ini,85.71
plugins/win-wasapi/data/locale/id-ID.ini,50.00
plugins/win-wasapi/data/locale/lt-LT.ini,100.00
plugins/obs-ffmpeg/obs-ffmpeg-mux.h,77.11
plugins/obs-ffmpeg/obs-ffmpeg-hls-mux.c,82.38
plugins/linux-v4l2/v4l2-output.c,54.74
plugins/mac-virtualcam/CMakeLists.txt,92.59
plugins/mac-virtualcam/src/common/MachProtocol.h,100.00
plugins/mac-virtualcam/src/dal-plugin/CMSampleBufferUtils.h,95.65
plugins/mac-virtualcam/src/dal-plugin/CMSampleBufferUtils.mm,88.63
plugins/mac-virtualcam/src/dal-plugin/CMakeLists.txt,55.02
plugins/mac-virtualcam/src/dal-plugin/Defines.h,95.45
plugins/mac-virtualcam/src/dal-plugin/Device.h,100.00
plugins/mac-virtualcam/src/dal-plugin/Device.mm,100.00
plugins/mac-virtualcam/src/dal-plugin/Info.plist,95.24
plugins/mac-virtualcam/src/dal-plugin/Logging.h,68.09
plugins/mac-virtualcam/src/dal-plugin/MachClient.h,100.00
plugins/mac-virtualcam/src/dal-plugin/MachClient.mm,100.00
plugins/mac-virtualcam/src/dal-plugin/ObjectStore.h,100.00
plugins/mac-virtualcam/src/dal-plugin/ObjectStore.mm,100.00
plugins/mac-virtualcam/src/dal-plugin/PlugIn.h,100.00
plugins/mac-virtualcam/src/dal-plugin/PlugIn.mm,100.00
plugins/mac-virtualcam/src/dal-plugin/PlugInInterface.h,100.00
plugins/mac-virtualcam/src/dal-plugin/PlugInInterface.mm,100.00
plugins/mac-virtualcam/src/dal-plugin/PlugInMain.mm,100.00
plugins/mac-virtualcam/src/dal-plugin/Stream.h,100.00
plugins/mac-virtualcam/src/dal-plugin/Stream.mm,100.00
plugins/mac-virtualcam/src/dal-plugin/TestCard.h,100.00
plugins/mac-virtualcam/src/dal-plugin/TestCard.mm,100.00
plugins/mac-virtualcam/src/obs-plugin/CMakeLists.txt,46.46
plugins/mac-virtualcam/src/obs-plugin/Defines.h,96.00
plugins/mac-virtualcam/src/obs-plugin/MachServer.h,100.00
plugins/mac-virtualcam/src/obs-plugin/MachServer.mm,100.00
plugins/mac-virtualcam/src/obs-plugin/data/locale/en-US.ini,61.11
plugins/mac-virtualcam/src/obs-plugin/plugin-main.mm,36.73
UI/frontend-plugins/decklink-captions/CMakeLists.txt,67.05
UI/frontend-plugins/decklink-captions/decklink-captions.cpp,88.33
UI/frontend-plugins/decklink-captions/decklink-captions.h,100.00
UI/frontend-plugins/decklink-captions/forms/captions.ui,100.00
libobs/util/bitstream.c,98.11
libobs/util/bitstream.h,96.67
plugins/decklink/OBSVideoFrame.cpp,58.66
plugins/decklink/OBSVideoFrame.h,47.16
test/cmocka/test_bitstream.c,94.44
plugins/decklink/linux/decklink-sdk/DeckLinkAPIConfiguration_v10_11.h,100.00
plugins/decklink/linux/decklink-sdk/DeckLinkAPIDispatch_v10_11.cpp,100.00
plugins/decklink/linux/decklink-sdk/DeckLinkAPIVideoEncoderInput_v10_11.h,100.00
plugins/decklink/linux/decklink-sdk/DeckLinkAPIVideoInput_v10_11.h,97.44
plugins/decklink/linux/decklink-sdk/DeckLinkAPIVideoInput_v11_4.h,97.40
plugins/decklink/linux/decklink-sdk/DeckLinkAPIVideoInput_v11_5_1.h,100.00
plugins/decklink/linux/decklink-sdk/DeckLinkAPIVideoOutput_v10_11.h,100.00
plugins/decklink/linux/decklink-sdk/DeckLinkAPIVideoOutput_v11_4.h,100.00
plugins/decklink/linux/decklink-sdk/DeckLinkAPI_v10_11.h,100.00
plugins/decklink/linux/decklink-sdk/DeckLinkAPI_v11_5.h,100.00
plugins/decklink/linux/decklink-sdk/DeckLinkAPI_v11_5_1.h,100.00
plugins/decklink/mac/decklink-sdk/DeckLinkAPIConfiguration_v10_11.h,100.00
plugins/decklink/mac/decklink-sdk/DeckLinkAPIDispatch_v10_11.cpp,100.00
plugins/decklink/mac/decklink-sdk/DeckLinkAPIStreaming_v10_11.h,100.00
plugins/decklink/mac/decklink-sdk/DeckLinkAPIVideoEncoderInput_v10_11.h,100.00
plugins/decklink/mac/decklink-sdk/DeckLinkAPIVideoInput_v10_11.h,97.47
plugins/decklink/mac/decklink-sdk/DeckLinkAPIVideoInput_v11_4.h,97.44
plugins/decklink/mac/decklink-sdk/DeckLinkAPIVideoInput_v11_5_1.h,100.00
plugins/decklink/mac/decklink-sdk/DeckLinkAPIVideoOutput_v10_11.h,100.00
plugins/decklink/mac/decklink-sdk/DeckLinkAPIVideoOutput_v11_4.h,100.00
plugins/decklink/mac/decklink-sdk/DeckLinkAPI_v10_11.h,100.00
plugins/decklink/mac/decklink-sdk/DeckLinkAPI_v11_5.h,100.00
plugins/decklink/mac/decklink-sdk/DeckLinkAPI_v11_5_1.h,100.00
plugins/decklink/win/decklink-sdk/DeckLinkAPI_v10_11.idl,99.66
plugins/decklink/win/decklink-sdk/DeckLinkAPI_v11_4.idl,99.17
plugins/decklink/win/decklink-sdk/DeckLinkAPI_v11_5.idl,100.00
plugins/decklink/win/decklink-sdk/DeckLinkAPI_v11_5_1.idl,97.83
cmake/Modules/FindSndio.cmake,85.54
plugins/sndio/CMakeLists.txt,63.64
plugins/sndio/data/locale/en-US.ini,100.00
plugins/sndio/sndio-input.c,93.72
plugins/sndio/sndio-input.h,100.00
plugins/sndio/sndio.c,100.00
plugins/mac-virtualcam/src/dal-plugin/OBSDALDevice.h,100.00
plugins/mac-virtualcam/src/dal-plugin/OBSDALDevice.mm,99.12
plugins/mac-virtualcam/src/dal-plugin/OBSDALMachClient.h,55.56
plugins/mac-virtualcam/src/dal-plugin/OBSDALMachClient.mm,79.31
plugins/mac-virtualcam/src/dal-plugin/OBSDALObjectStore.h,100.00
plugins/mac-virtualcam/src/dal-plugin/OBSDALObjectStore.mm,100.00
plugins/mac-virtualcam/src/dal-plugin/OBSDALPlugInInterface.h,100.00
plugins/mac-virtualcam/src/dal-plugin/OBSDALPlugInInterface.mm,88.79
plugins/mac-virtualcam/src/dal-plugin/OBSDALPlugin.h,100.00
plugins/mac-virtualcam/src/dal-plugin/OBSDALPlugin.mm,100.00
plugins/mac-virtualcam/src/dal-plugin/OBSDALPluginMain.mm,50.00
plugins/mac-virtualcam/src/dal-plugin/OBSDALStream.h,58.33
plugins/mac-virtualcam/src/dal-plugin/OBSDALStream.mm,88.07
UI/data/locale/eo-UY.ini,65.42
UI/frontend-plugins/frontend-tools/data/locale/eo-UY.ini,100.00
plugins/coreaudio-encoder/data/locale/az-AZ.ini,100.00
plugins/coreaudio-encoder/data/locale/eo-UY.ini,100.00
plugins/decklink/data/locale/eo-UY.ini,100.00
plugins/image-source/data/locale/az-AZ.ini,100.00
plugins/linux-alsa/data/locale/az-AZ.ini,100.00
plugins/linux-jack/data/locale/az-AZ.ini,100.00
plugins/linux-pulseaudio/data/locale/az-AZ.ini,100.00
plugins/linux-v4l2/data/locale/az-AZ.ini,100.00
plugins/mac-avcapture/data/locale/az-AZ.ini,100.00
plugins/mac-syphon/data/locale/az-AZ.ini,100.00
plugins/mac-virtualcam/src/obs-plugin/data/locale/ar-SA.ini,80.00
plugins/mac-virtualcam/src/obs-plugin/data/locale/az-AZ.ini,100.00
plugins/mac-virtualcam/src/obs-plugin/data/locale/ca-ES.ini,83.33
plugins/mac-virtualcam/src/obs-plugin/data/locale/cs-CZ.ini,83.33
plugins/mac-virtualcam/src/obs-plugin/data/locale/da-DK.ini,60.00
plugins/mac-virtualcam/src/obs-plugin/data/locale/de-DE.ini,85.71
plugins/mac-virtualcam/src/obs-plugin/data/locale/en-GB.ini,60.00
plugins/mac-virtualcam/src/obs-plugin/data/locale/es-ES.ini,84.62
plugins/mac-virtualcam/src/obs-plugin/data/locale/et-EE.ini,75.00
plugins/mac-virtualcam/src/obs-plugin/data/locale/fi-FI.ini,81.82
plugins/mac-virtualcam/src/obs-plugin/data/locale/fr-FR.ini,83.33
plugins/mac-virtualcam/src/obs-plugin/data/locale/gl-ES.ini,81.82
plugins/mac-virtualcam/src/obs-plugin/data/locale/he-IL.ini,83.33
plugins/mac-virtualcam/src/obs-plugin/data/locale/hu-HU.ini,78.57
plugins/mac-virtualcam/src/obs-plugin/data/locale/id-ID.ini,81.25
plugins/mac-virtualcam/src/obs-plugin/data/locale/it-IT.ini,84.62
plugins/mac-virtualcam/src/obs-plugin/data/locale/ja-JP.ini,83.33
plugins/mac-virtualcam/src/obs-plugin/data/locale/ka-GE.ini,81.82
plugins/mac-virtualcam/src/obs-plugin/data/locale/ko-KR.ini,85.71
plugins/mac-virtualcam/src/obs-plugin/data/locale/pl-PL.ini,83.33
plugins/mac-virtualcam/src/obs-plugin/data/locale/pt-BR.ini,88.89
plugins/mac-virtualcam/src/obs-plugin/data/locale/ru-RU.ini,80.00
plugins/mac-virtualcam/src/obs-plugin/data/locale/sk-SK.ini,83.33
plugins/mac-virtualcam/src/obs-plugin/data/locale/sl-SI.ini,81.82
plugins/mac-virtualcam/src/obs-plugin/data/locale/sv-SE.ini,84.62
plugins/mac-virtualcam/src/obs-plugin/data/locale/tr-TR.ini,83.33
plugins/mac-virtualcam/src/obs-plugin/data/locale/uk-UA.ini,83.33
plugins/mac-virtualcam/src/obs-plugin/data/locale/zh-CN.ini,83.33
plugins/mac-virtualcam/src/obs-plugin/data/locale/zh-TW.ini,84.62
plugins/oss-audio/data/locale/ar-SA.ini,100.00
plugins/oss-audio/data/locale/el-GR.ini,100.00
plugins/oss-audio/data/locale/pt-PT.ini,100.00
plugins/sndio/data/locale/ar-SA.ini,100.00
plugins/sndio/data/locale/ca-ES.ini,100.00
plugins/sndio/data/locale/cs-CZ.ini,100.00
plugins/sndio/data/locale/da-DK.ini,100.00
plugins/sndio/data/locale/de-DE.ini,100.00
plugins/sndio/data/locale/el-GR.ini,100.00
plugins/sndio/data/locale/en-GB.ini,87.50
plugins/sndio/data/locale/es-ES.ini,100.00
plugins/sndio/data/locale/et-EE.ini,100.00
plugins/sndio/data/locale/fi-FI.ini,100.00
plugins/sndio/data/locale/fr-FR.ini,80.00
plugins/sndio/data/locale/gl-ES.ini,100.00
plugins/sndio/data/locale/hu-HU.ini,100.00
plugins/sndio/data/locale/id-ID.ini,100.00
plugins/sndio/data/locale/it-IT.ini,100.00
plugins/sndio/data/locale/ja-JP.ini,87.50
plugins/sndio/data/locale/ka-GE.ini,100.00
plugins/sndio/data/locale/ko-KR.ini,87.50
plugins/sndio/data/locale/pl-PL.ini,100.00
plugins/sndio/data/locale/pt-BR.ini,87.50
plugins/sndio/data/locale/pt-PT.ini,100.00
plugins/sndio/data/locale/ru-RU.ini,90.00
plugins/sndio/data/locale/sk-SK.ini,100.00
plugins/sndio/data/locale/sl-SI.ini,100.00
plugins/sndio/data/locale/sv-SE.ini,100.00
plugins/sndio/data/locale/tr-TR.ini,100.00
plugins/sndio/data/locale/uk-UA.ini,100.00
plugins/sndio/data/locale/zh-CN.ini,100.00
plugins/sndio/data/locale/zh-TW.ini,100.00
plugins/mac-virtualcam/src/obs-plugin/OBSDALMachServer.h,45.45
plugins/mac-virtualcam/src/obs-plugin/OBSDALMachServer.mm,71.62
UI/data/locale/kab-KAB.ini,90.96
UI/frontend-plugins/frontend-tools/data/locale/kab-KAB.ini,100.00
plugins/coreaudio-encoder/data/locale/kab-KAB.ini,100.00
plugins/decklink/data/locale/kab-KAB.ini,100.00
plugins/image-source/data/locale/kab-KAB.ini,100.00
plugins/linux-alsa/data/locale/kab-KAB.ini,100.00
plugins/linux-capture/data/locale/kab-KAB.ini,100.00
plugins/linux-jack/data/locale/kab-KAB.ini,100.00
plugins/linux-pulseaudio/data/locale/kab-KAB.ini,100.00
plugins/linux-v4l2/data/locale/kab-KAB.ini,100.00
plugins/mac-avcapture/data/locale/kab-KAB.ini,100.00
plugins/mac-capture/data/locale/kab-KAB.ini,100.00
plugins/mac-syphon/data/locale/kab-KAB.ini,100.00
plugins/mac-virtualcam/src/obs-plugin/data/locale/fa-IR.ini,84.62
plugins/mac-virtualcam/src/obs-plugin/data/locale/kab-KAB.ini,100.00
plugins/mac-virtualcam/src/obs-plugin/data/locale/nl-NL.ini,83.33
plugins/mac-virtualcam/src/obs-plugin/data/locale/pt-PT.ini,81.25
plugins/mac-vth264/data/locale/kab-KAB.ini,100.00
plugins/obs-ffmpeg/data/locale/kab-KAB.ini,100.00
plugins/obs-filters/data/locale/kab-KAB.ini,100.00
plugins/obs-libfdk/data/locale/kab-KAB.ini,100.00
plugins/obs-outputs/data/locale/kab-KAB.ini,100.00
plugins/obs-qsv11/data/locale/kab-KAB.ini,100.00
plugins/obs-text/data/locale/kab-KAB.ini,100.00
plugins/obs-transitions/data/locale/fa-IR.ini,89.16
plugins/obs-transitions/data/locale/kab-KAB.ini,100.00
plugins/obs-x264/data/locale/kab-KAB.ini,100.00
plugins/oss-audio/data/locale/et-EE.ini,90.00
plugins/oss-audio/data/locale/fa-IR.ini,90.00
plugins/oss-audio/data/locale/kab-KAB.ini,100.00
plugins/rtmp-services/data/locale/kab-KAB.ini,100.00
plugins/sndio/data/locale/fa-IR.ini,100.00
plugins/sndio/data/locale/kab-KAB.ini,100.00
plugins/sndio/data/locale/nl-NL.ini,100.00
plugins/text-freetype2/data/locale/kab-KAB.ini,100.00
plugins/vlc-video/data/locale/kab-KAB.ini,100.00
plugins/win-capture/data/locale/kab-KAB.ini,100.00
plugins/win-dshow/data/locale/kab-KAB.ini,100.00
plugins/win-mf/data/locale/kab-KAB.ini,100.00
plugins/win-wasapi/data/locale/kab-KAB.ini,100.00
CI/scripts/macos/helpers/helper-gpu-entitlements.plist,100.00
CI/scripts/macos/helpers/helper-plugin-entitlements.plist,100.00
CI/scripts/macos/helpers/helper-renderer-entitlements.plist,100.00
libobs/util/simde/simde-align.h,100.00
libobs/util/simde/simde-constify.h,100.00
libobs/util/simde/simde-detect-clang.h,100.00
libobs/util/simde/x86/mmx.h,100.00
libobs/util/simde/x86/sse.h,100.00
libobs/util/simde/x86/sse2.h,100.00
libobs/obs-missing-files.c,94.38
libobs/obs-missing-files.h,89.55
UI/data/themes/Dark/alert.svg,66.67
UI/forms/OBSMissingFiles.ui,91.54
UI/forms/images/alert.svg,66.67
UI/window-missing-files.cpp,86.29
UI/window-missing-files.hpp,93.75
plugins/mac-virtualcam/src/dal-plugin/OBSDALPlugIn.h,100.00
plugins/mac-virtualcam/src/dal-plugin/OBSDALPlugIn.mm,91.81
plugins/mac-virtualcam/src/dal-plugin/OBSDALPlugInMain.mm,100.00
UI/data/themes/Dark/interact.svg,50.00
UI/forms/images/interact.svg,50.00
CI/flatpak/com.obsproject.Studio.json,46.26
CI/flatpak/ffmpeg-libsrt.patch,100.00
.github/workflows/flatpak.yml,67.74
plugins/obs-filters/data/chroma_key_filter_v2.effect,100.00
plugins/obs-filters/data/color_key_filter_v2.effect,100.00
plugins/obs-filters/data/luma_key_filter_v2.effect,100.00
cmake/Modules/FindEGL.cmake,100.00
deps/glad/include/glad/glad_egl.h,84.28
deps/glad/src/glad_egl.c,58.47
libobs-opengl/gl-x11-glx.c,65.26
libobs-opengl/gl-nix.c,53.58
libobs-opengl/gl-nix.h,53.91
libobs-opengl/gl-x11-glx.h,100.00
libobs-opengl/gl-x11-egl.c,73.84
libobs-opengl/gl-x11-egl.h,100.00
libobs/obs-nix-x11.c,95.28
libobs/obs-nix-x11.h,100.00
libobs/obs-nix.h,100.00
libobs/obs-nix-platform.c,92.00
libobs/obs-nix-platform.h,98.28
plugins/obs-transitions/data/stinger_matte_transition.effect,58.24
cmake/Modules/FindWayland.cmake,59.80
libobs/obs-nix-wayland.c,92.82
libobs/obs-nix-wayland.h,100.00
libobs-opengl/gl-wayland-egl.c,63.25
libobs-opengl/gl-wayland-egl.h,100.00
libobs-opengl/gl-egl-common.c,44.57
libobs-opengl/gl-egl-common.h,28.99
cmake/Modules/FindGio.cmake,62.03
CI/scripts/macos/helpers/helper-entitlements.plist,100.00
plugins/obs-filters/nvafx-load.h,85.10
plugins/rtmp-services/service-specific/nimotv.c,100.00
plugins/rtmp-services/service-specific/showroom.c,100.00
plugins/rtmp-services/service-specific/showroom.h,100.00
plugins/rtmp-services/service-specific/twitch.c,93.30
plugins/rtmp-services/service-specific/twitch.h,75.00
plugins/rtmp-services/service-specific/younow.h,100.00
plugins/rtmp-services/service-specific/dacast.c,97.79
plugins/rtmp-services/service-specific/dacast.h,100.00
UI/undo-stack-obs.cpp,59.43
UI/undo-stack-obs.hpp,53.41
cmake/Modules/FindPipeWire.cmake,63.68
plugins/linux-capture/pipewire-capture.c,96.83
plugins/linux-capture/pipewire-capture.h,100.00
plugins/linux-capture/pipewire.c,80.28
plugins/linux-capture/pipewire.h,100.00
libobs/graphics/srgb.h,94.92
cmake/Modules/FindDetours.cmake,52.31
UI/data/locale/an-ES.ini,79.63
UI/data/locale/bem-ZM.ini,98.55
UI/data/locale/km-KH.ini,97.37
UI/data/locale/lo-LA.ini,62.37
UI/data/locale/my-MM.ini,92.31
UI/data/locale/oc-FR.ini,65.00
UI/frontend-plugins/frontend-tools/data/locale/an-ES.ini,93.18
UI/frontend-plugins/frontend-tools/data/locale/ku-TR.ini,100.00
UI/frontend-plugins/frontend-tools/data/locale/lo-LA.ini,100.00
UI/frontend-plugins/frontend-tools/data/locale/sq-AL.ini,100.00
plugins/coreaudio-encoder/data/locale/an-ES.ini,100.00
plugins/coreaudio-encoder/data/locale/sq-AL.ini,100.00
plugins/decklink/data/locale/an-ES.ini,46.43
plugins/decklink/data/locale/ms-MY.ini,90.91
plugins/decklink/data/locale/sq-AL.ini,100.00
plugins/image-source/data/locale/lo-LA.ini,100.00
plugins/image-source/data/locale/ur-PK.ini,100.00
plugins/linux-alsa/data/locale/an-ES.ini,100.00
plugins/linux-alsa/data/locale/ms-MY.ini,60.00
plugins/linux-alsa/data/locale/ur-PK.ini,50.00
plugins/linux-capture/data/locale/lo-LA.ini,100.00
plugins/linux-capture/data/locale/ms-MY.ini,76.92
plugins/linux-jack/data/locale/ms-MY.ini,100.00
plugins/linux-pulseaudio/data/locale/ms-MY.ini,75.00
plugins/linux-pulseaudio/data/locale/oc-FR.ini,100.00
plugins/linux-pulseaudio/data/locale/ur-PK.ini,100.00
plugins/linux-v4l2/data/locale/ms-MY.ini,94.12
plugins/linux-v4l2/data/locale/ur-PK.ini,100.00
plugins/mac-avcapture/data/locale/lo-LA.ini,100.00
plugins/mac-avcapture/data/locale/ms-MY.ini,66.67
plugins/mac-capture/data/locale/lo-LA.ini,100.00
plugins/mac-capture/data/locale/ms-MY.ini,55.81
plugins/mac-capture/data/locale/ur-PK.ini,100.00
plugins/mac-virtualcam/src/obs-plugin/data/locale/bn-BD.ini,100.00
plugins/mac-virtualcam/src/obs-plugin/data/locale/el-GR.ini,88.89
plugins/mac-virtualcam/src/obs-plugin/data/locale/hr-HR.ini,88.89
plugins/mac-virtualcam/src/obs-plugin/data/locale/ms-MY.ini,90.91
plugins/mac-virtualcam/src/obs-plugin/data/locale/ro-RO.ini,50.00
plugins/obs-ffmpeg/data/locale/ms-MY.ini,52.63
plugins/obs-ffmpeg/data/locale/ur-PK.ini,100.00
plugins/obs-filters/data/locale/eo-UY.ini,100.00
plugins/obs-filters/data/locale/hi-IN.ini,74.82
plugins/obs-filters/data/locale/ms-MY.ini,78.36
plugins/obs-libfdk/data/locale/ms-MY.ini,100.00
plugins/obs-outputs/data/locale/ms-MY.ini,55.17
plugins/obs-qsv11/data/locale/ms-MY.ini,50.00
plugins/obs-text/data/locale/lo-LA.ini,100.00
plugins/obs-text/data/locale/ms-MY.ini,100.00
plugins/obs-transitions/data/locale/ms-MY.ini,92.21
plugins/obs-x264/data/locale/ms-MY.ini,73.33
plugins/oss-audio/data/locale/bn-BD.ini,100.00
plugins/oss-audio/data/locale/ms-MY.ini,100.00
plugins/oss-audio/data/locale/ur-PK.ini,100.00
plugins/rtmp-services/data/locale/ms-MY.ini,83.33
plugins/sndio/data/locale/bn-BD.ini,100.00
plugins/sndio/data/locale/he-IL.ini,50.00
plugins/sndio/data/locale/ms-MY.ini,100.00
plugins/sndio/data/locale/ro-RO.ini,100.00
plugins/sndio/data/locale/vi-VN.ini,60.00
plugins/vlc-video/data/locale/ms-MY.ini,94.44
plugins/win-capture/data/locale/lo-LA.ini,100.00
plugins/win-capture/data/locale/lt-LT.ini,97.30
plugins/win-capture/data/locale/ms-MY.ini,64.91
plugins/win-dshow/data/locale/ms-MY.ini,95.12
plugins/win-mf/data/locale/ms-MY.ini,96.43
plugins/win-wasapi/data/locale/ms-MY.ini,61.54
UI/data/locale/en-PT.ini,100.00
UI/frontend-plugins/frontend-tools/data/locale/en-PT.ini,100.00
plugins/decklink/data/locale/en-PT.ini,100.00
plugins/image-source/data/locale/en-PT.ini,100.00
plugins/linux-alsa/data/locale/en-PT.ini,100.00
plugins/linux-alsa/data/locale/lt-LT.ini,100.00
plugins/linux-capture/data/locale/en-PT.ini,100.00
plugins/linux-pulseaudio/data/locale/en-PT.ini,100.00
plugins/linux-v4l2/data/locale/en-PT.ini,100.00
plugins/mac-avcapture/data/locale/en-PT.ini,100.00
plugins/mac-capture/data/locale/en-PT.ini,100.00
plugins/mac-virtualcam/src/obs-plugin/data/locale/fil-PH.ini,100.00
plugins/mac-virtualcam/src/obs-plugin/data/locale/vi-VN.ini,90.91
plugins/mac-vth264/data/locale/en-PT.ini,100.00
plugins/mac-vth264/data/locale/lt-LT.ini,91.67
plugins/obs-ffmpeg/data/locale/en-PT.ini,100.00
plugins/obs-filters/data/locale/en-PT.ini,100.00
plugins/obs-outputs/data/locale/en-PT.ini,100.00
plugins/obs-qsv11/data/locale/en-PT.ini,100.00
plugins/obs-transitions/data/locale/en-PT.ini,100.00
plugins/obs-x264/data/locale/en-PT.ini,100.00
plugins/oss-audio/data/locale/gd-GB.ini,50.00
plugins/rtmp-services/data/locale/en-PT.ini,100.00
plugins/sndio/data/locale/en-PT.ini,100.00
plugins/sndio/data/locale/fil-PH.ini,80.00
plugins/sndio/data/locale/gd-GB.ini,60.00
plugins/vlc-video/data/locale/en-PT.ini,100.00
plugins/win-capture/data/locale/en-PT.ini,100.00
plugins/win-dshow/data/locale/en-PT.ini,100.00
plugins/win-mf/data/locale/en-PT.ini,100.00
plugins/win-wasapi/data/locale/en-PT.ini,100.00
plugins/obs-qsv11/libmfx/include/mfx_driver_store_loader.h,100.00
plugins/obs-qsv11/libmfx/include/msdk/include/mfxadapter.h,100.00
plugins/obs-qsv11/libmfx/src/mfx_driver_store_loader.cpp,100.00
plugins/linux-capture/portal.c,100.00
plugins/linux-capture/portal.h,100.00
libobs/util/platform-nix-portal.c,89.46
plugins/win-capture/nt-stuff.c,96.46
UI/auth-listener.cpp,60.56
UI/auth-listener.hpp,91.30
COC.rst,100.00
UI/auth-youtube.cpp,34.89
UI/auth-youtube.hpp,36.17
UI/forms/OBSYoutubeActions.ui,43.46
UI/window-youtube-actions.cpp,41.77
UI/window-youtube-actions.hpp,68.57
UI/youtube-api-wrappers.cpp,59.81
UI/youtube-api-wrappers.hpp,75.61
UI/data/themes/Dark/left.svg,80.00
cmake/Modules/FindLibdrm.cmake,55.93
UI/data/locale/kmr-TR.ini,74.54
UI/data/locale/lv-LV.ini,84.59
UI/data/locale/szl-PL.ini,99.75
plugins/coreaudio-encoder/data/locale/hi-IN.ini,100.00
plugins/coreaudio-encoder/data/locale/kmr-TR.ini,100.00
plugins/coreaudio-encoder/data/locale/nn-NO.ini,50.00
plugins/coreaudio-encoder/data/locale/szl-PL.ini,100.00
plugins/decklink/data/locale/hi-IN.ini,90.91
plugins/decklink/data/locale/kmr-TR.ini,92.86
plugins/decklink/data/locale/nn-NO.ini,88.89
plugins/decklink/data/locale/szl-PL.ini,100.00
plugins/image-source/data/locale/kmr-TR.ini,94.44
plugins/image-source/data/locale/nn-NO.ini,100.00
plugins/image-source/data/locale/oc-FR.ini,100.00
plugins/linux-alsa/data/locale/hi-IN.ini,60.00
plugins/linux-alsa/data/locale/kmr-TR.ini,100.00
plugins/linux-alsa/data/locale/nn-NO.ini,100.00
plugins/linux-alsa/data/locale/szl-PL.ini,100.00
plugins/linux-capture/data/locale/kmr-TR.ini,83.33
plugins/linux-capture/data/locale/nn-NO.ini,100.00
plugins/linux-capture/data/locale/szl-PL.ini,100.00
plugins/linux-jack/data/locale/gd-GB.ini,100.00
plugins/linux-jack/data/locale/hi-IN.ini,100.00
plugins/linux-jack/data/locale/kmr-TR.ini,100.00
plugins/linux-jack/data/locale/nn-NO.ini,100.00
plugins/linux-jack/data/locale/szl-PL.ini,100.00
plugins/linux-pulseaudio/data/locale/kmr-TR.ini,100.00
plugins/linux-pulseaudio/data/locale/nn-NO.ini,100.00
plugins/linux-pulseaudio/data/locale/szl-PL.ini,100.00
plugins/linux-v4l2/data/locale/kmr-TR.ini,85.00
plugins/linux-v4l2/data/locale/oc-FR.ini,100.00
plugins/linux-v4l2/data/locale/szl-PL.ini,100.00
plugins/mac-avcapture/data/locale/hi-IN.ini,68.42
plugins/mac-avcapture/data/locale/kmr-TR.ini,72.22
plugins/mac-avcapture/data/locale/nn-NO.ini,100.00
plugins/mac-avcapture/data/locale/szl-PL.ini,92.86
plugins/mac-capture/data/locale/kmr-TR.ini,51.22
plugins/mac-capture/data/locale/nn-NO.ini,58.33
plugins/mac-syphon/data/locale/kmr-TR.ini,100.00
plugins/mac-syphon/data/locale/nn-NO.ini,100.00
plugins/mac-syphon/data/locale/oc-FR.ini,100.00
plugins/mac-virtualcam/src/obs-plugin/data/locale/an-ES.ini,50.00
plugins/mac-virtualcam/src/obs-plugin/data/locale/gd-GB.ini,100.00
plugins/mac-virtualcam/src/obs-plugin/data/locale/hi-IN.ini,90.91
plugins/mac-virtualcam/src/obs-plugin/data/locale/kmr-TR.ini,100.00
plugins/mac-virtualcam/src/obs-plugin/data/locale/nb-NO.ini,100.00
plugins/mac-virtualcam/src/obs-plugin/data/locale/szl-PL.ini,100.00
plugins/mac-vth264/data/locale/hi-IN.ini,100.00
plugins/mac-vth264/data/locale/kmr-TR.ini,92.31
plugins/mac-vth264/data/locale/nn-NO.ini,100.00
plugins/mac-vth264/data/locale/oc-FR.ini,100.00
plugins/mac-vth264/data/locale/szl-PL.ini,100.00
plugins/obs-ffmpeg/data/locale/kmr-TR.ini,57.26
plugins/obs-ffmpeg/data/locale/nn-NO.ini,56.52
plugins/obs-ffmpeg/data/locale/oc-FR.ini,100.00
plugins/obs-ffmpeg/data/locale/szl-PL.ini,100.00
plugins/obs-filters/data/locale/kmr-TR.ini,76.06
plugins/obs-filters/data/locale/nn-NO.ini,65.00
plugins/obs-filters/data/locale/szl-PL.ini,100.00
plugins/obs-libfdk/data/locale/kmr-TR.ini,100.00
plugins/obs-libfdk/data/locale/szl-PL.ini,100.00
plugins/obs-outputs/data/locale/kmr-TR.ini,86.67
plugins/obs-outputs/data/locale/nn-NO.ini,100.00
plugins/obs-outputs/data/locale/szl-PL.ini,100.00
plugins/obs-qsv11/data/locale/hi-IN.ini,50.00
plugins/obs-qsv11/data/locale/kmr-TR.ini,70.59
plugins/obs-qsv11/data/locale/nn-NO.ini,100.00
plugins/obs-qsv11/data/locale/oc-FR.ini,100.00
plugins/obs-text/data/locale/hi-IN.ini,100.00
plugins/obs-text/data/locale/kmr-TR.ini,100.00
plugins/obs-text/data/locale/nn-NO.ini,100.00
plugins/obs-transitions/data/locale/hi-IN.ini,93.67
plugins/obs-transitions/data/locale/kmr-TR.ini,92.31
plugins/obs-transitions/data/locale/szl-PL.ini,100.00
plugins/obs-x264/data/locale/kmr-TR.ini,57.89
plugins/obs-x264/data/locale/nn-NO.ini,100.00
plugins/obs-x264/data/locale/oc-FR.ini,100.00
plugins/obs-x264/data/locale/szl-PL.ini,100.00
plugins/oss-audio/data/locale/hi-IN.ini,100.00
plugins/oss-audio/data/locale/kmr-TR.ini,100.00
plugins/oss-audio/data/locale/nn-NO.ini,100.00
plugins/rtmp-services/data/locale/kmr-TR.ini,100.00
plugins/rtmp-services/data/locale/nn-NO.ini,100.00
plugins/rtmp-services/data/locale/szl-PL.ini,100.00
plugins/sndio/data/locale/hi-IN.ini,100.00
plugins/sndio/data/locale/kmr-TR.ini,100.00
plugins/sndio/data/locale/nb-NO.ini,100.00
plugins/sndio/data/locale/nn-NO.ini,100.00
plugins/sndio/data/locale/szl-PL.ini,100.00
plugins/text-freetype2/data/locale/hi-IN.ini,75.00
plugins/text-freetype2/data/locale/kmr-TR.ini,100.00
plugins/text-freetype2/data/locale/nn-NO.ini,100.00
plugins/text-freetype2/data/locale/szl-PL.ini,100.00
plugins/vlc-video/data/locale/hi-IN.ini,55.56
plugins/vlc-video/data/locale/kmr-TR.ini,85.00
plugins/vlc-video/data/locale/nn-NO.ini,88.89
plugins/vlc-video/data/locale/oc-FR.ini,100.00
plugins/vlc-video/data/locale/szl-PL.ini,100.00
plugins/win-capture/data/locale/hi-IN.ini,63.79
plugins/win-capture/data/locale/kmr-TR.ini,75.51
plugins/win-capture/data/locale/nn-NO.ini,80.00
plugins/win-dshow/data/locale/hi-IN.ini,92.86
plugins/win-dshow/data/locale/kmr-TR.ini,88.64
plugins/win-dshow/data/locale/nn-NO.ini,76.92
plugins/win-dshow/data/locale/szl-PL.ini,100.00
plugins/win-mf/data/locale/hi-IN.ini,96.00
plugins/win-mf/data/locale/kmr-TR.ini,77.42
plugins/win-mf/data/locale/nn-NO.ini,100.00
plugins/win-mf/data/locale/oc-FR.ini,100.00
plugins/win-wasapi/data/locale/kmr-TR.ini,54.55
plugins/win-wasapi/data/locale/nn-NO.ini,100.00
plugins/win-wasapi/data/locale/szl-PL.ini,100.00
UI/forms/images/obs_macos.svg,100.00
UI/forms/images/obs_paused_macos.svg,100.00
UI/forms/images/tray_active_macos.svg,100.00
plugins/obs-qsv11/QSV11-License-Clarification-Email.txt,100.00
UI/forms/XML-Schema-Qt5.15.xsd,100.00
.github/workflows/qt-xml.yml,90.62
libobs/util/simde/.clang-format,100.00
UI/forms/images/warning.svg,66.67
deps/opts-parser/CMakeLists.txt,53.85
deps/opts-parser/opts-parser.c,68.18
deps/opts-parser/opts-parser.h,100.00
plugins/obs-ffmpeg/obs-ffmpeg-av1.c,80.67
plugins/linux-v4l2/v4l2-mjpeg.c,85.22
plugins/linux-v4l2/v4l2-mjpeg.h,98.55
libobs/audio-monitoring/osx/coreaudio-monitoring-supported.c,100.00
libobs/audio-monitoring/pulse/pulseaudio-monitoring-supported.c,100.00
libobs/audio-monitoring/win32/wasapi-monitoring-supported.c,100.00
UI/frontend-plugins/aja-output-ui/AJAOutputUI.cpp,86.89
UI/frontend-plugins/aja-output-ui/AJAOutputUI.h,97.83
UI/frontend-plugins/aja-output-ui/CMakeLists.txt,51.12
UI/frontend-plugins/aja-output-ui/aja-ui-main.cpp,87.95
UI/frontend-plugins/aja-output-ui/aja-ui-main.h,88.89
UI/frontend-plugins/aja-output-ui/data/locale/en-US.ini,100.00
UI/frontend-plugins/aja-output-ui/forms/output.ui,100.00
cmake/Modules/FindLibAJANTV2.cmake,52.36
plugins/aja/CMakeLists.txt,56.69
plugins/aja/README.md,97.50
plugins/aja/aja-card-manager.cpp,92.15
plugins/aja/aja-card-manager.hpp,90.60
plugins/aja/aja-common.cpp,91.40
plugins/aja/aja-common.hpp,85.31
plugins/aja/aja-enums.hpp,98.60
plugins/aja/aja-output.cpp,80.80
plugins/aja/aja-output.hpp,93.55
plugins/aja/aja-props.cpp,97.85
plugins/aja/aja-props.hpp,100.00
plugins/aja/aja-routing.cpp,91.49
plugins/aja/aja-routing.hpp,89.02
plugins/aja/aja-source.cpp,80.83
plugins/aja/aja-source.hpp,97.83
plugins/aja/aja-ui-props.hpp,99.32
plugins/aja/aja-widget-io.cpp,99.26
plugins/aja/aja-widget-io.hpp,91.30
plugins/aja/data/locale/en-US.ini,100.00
plugins/aja/main.cpp,79.37
plugins/aja/routing/hdmi_rgb_capture.h,55.00
plugins/aja/routing/hdmi_rgb_display.h,52.83
plugins/aja/routing/hdmi_ycbcr_capture.h,52.22
plugins/aja/routing/hdmi_ycbcr_display.h,51.61
plugins/aja/routing/sdi_rgb_capture.h,50.76
plugins/aja/routing/sdi_rgb_display.h,50.87
plugins/aja/routing/sdi_ycbcr_capture.h,99.79
plugins/aja/routing/sdi_ycbcr_display.h,99.79
UI/xdg-data/icons/obs-logo-scalable.svg,98.92
.github/workflows/crowdin-sync-download.yml,86.21
.github/workflows/crowdin-sync-upload.yml,88.24
cmake/Modules/FindLibpci.cmake,77.78
UI/data/locale/ku-KMR.ini,100.00
plugins/aja/data/locale/ca-ES.ini,100.00
plugins/aja/data/locale/cs-CZ.ini,100.00
plugins/aja/data/locale/da-DK.ini,100.00
plugins/aja/data/locale/de-DE.ini,100.00
plugins/aja/data/locale/es-ES.ini,100.00
plugins/aja/data/locale/fa-IR.ini,100.00
plugins/aja/data/locale/fi-FI.ini,100.00
plugins/aja/data/locale/fr-FR.ini,100.00
plugins/aja/data/locale/hi-IN.ini,100.00
plugins/aja/data/locale/hu-HU.ini,100.00
plugins/aja/data/locale/id-ID.ini,100.00
plugins/aja/data/locale/it-IT.ini,100.00
plugins/aja/data/locale/ja-JP.ini,100.00
plugins/aja/data/locale/ka-GE.ini,100.00
plugins/aja/data/locale/ko-KR.ini,100.00
plugins/aja/data/locale/ku-KMR.ini,100.00
plugins/aja/data/locale/nl-NL.ini,100.00
plugins/aja/data/locale/pl-PL.ini,100.00
plugins/aja/data/locale/pt-BR.ini,100.00
plugins/aja/data/locale/pt-PT.ini,100.00
plugins/aja/data/locale/ro-RO.ini,100.00
plugins/aja/data/locale/ru-RU.ini,100.00
plugins/aja/data/locale/si-LK.ini,100.00
plugins/aja/data/locale/sk-SK.ini,100.00
plugins/aja/data/locale/sv-SE.ini,100.00
plugins/aja/data/locale/tr-TR.ini,100.00
plugins/aja/data/locale/uk-UA.ini,100.00
plugins/aja/data/locale/zh-TW.ini,100.00
plugins/coreaudio-encoder/data/locale/ku-KMR.ini,100.00
plugins/coreaudio-encoder/data/locale/si-LK.ini,100.00
plugins/coreaudio-encoder/data/locale/th-TH.ini,100.00
plugins/decklink/data/locale/si-LK.ini,100.00
plugins/decklink/data/locale/th-TH.ini,100.00
plugins/image-source/data/locale/ku-KMR.ini,100.00
plugins/image-source/data/locale/lt-LT.ini,100.00
plugins/image-source/data/locale/si-LK.ini,100.00
plugins/linux-alsa/data/locale/si-LK.ini,100.00
plugins/linux-alsa/data/locale/th-TH.ini,100.00
plugins/linux-capture/data/locale/si-LK.ini,100.00
plugins/linux-pulseaudio/data/locale/si-LK.ini,100.00
plugins/linux-v4l2/data/locale/si-LK.ini,100.00
plugins/mac-avcapture/data/locale/si-LK.ini,100.00
plugins/mac-capture/data/locale/si-LK.ini,100.00
plugins/mac-syphon/data/locale/si-LK.ini,100.00
plugins/mac-virtualcam/src/obs-plugin/data/locale/ku-KMR.ini,100.00
plugins/mac-vth264/data/locale/si-LK.ini,100.00
plugins/mac-vth264/data/locale/th-TH.ini,100.00
plugins/obs-ffmpeg/data/locale/ku-KMR.ini,100.00
plugins/obs-ffmpeg/data/locale/si-LK.ini,100.00
plugins/obs-filters/data/locale/ku-KMR.ini,100.00
plugins/obs-filters/data/locale/si-LK.ini,100.00
plugins/obs-filters/data/locale/th-TH.ini,100.00
plugins/obs-outputs/data/locale/si-LK.ini,100.00
plugins/obs-qsv11/data/locale/si-LK.ini,100.00
plugins/obs-text/data/locale/ku-KMR.ini,100.00
plugins/obs-text/data/locale/lt-LT.ini,100.00
plugins/obs-text/data/locale/si-LK.ini,100.00
plugins/obs-transitions/data/locale/ku-KMR.ini,100.00
plugins/obs-transitions/data/locale/si-LK.ini,100.00
plugins/obs-x264/data/locale/si-LK.ini,100.00
plugins/oss-audio/data/locale/bg-BG.ini,100.00
plugins/oss-audio/data/locale/si-LK.ini,100.00
plugins/rtmp-services/data/locale/si-LK.ini,100.00
plugins/sndio/data/locale/si-LK.ini,100.00
plugins/text-freetype2/data/locale/si-LK.ini,100.00
plugins/vlc-video/data/locale/si-LK.ini,100.00
plugins/win-capture/data/locale/si-LK.ini,100.00
plugins/win-dshow/data/locale/si-LK.ini,100.00
plugins/win-mf/data/locale/si-LK.ini,100.00
plugins/win-wasapi/data/locale/si-LK.ini,100.00
cmake/Modules/FindXkbcommon.cmake,68.52
UI/frontend-plugins/aja-output-ui/data/locale/ca-ES.ini,100.00
UI/frontend-plugins/aja-output-ui/data/locale/cs-CZ.ini,100.00
UI/frontend-plugins/aja-output-ui/data/locale/da-DK.ini,100.00
UI/frontend-plugins/aja-output-ui/data/locale/de-DE.ini,100.00
UI/frontend-plugins/aja-output-ui/data/locale/es-ES.ini,100.00
UI/frontend-plugins/aja-output-ui/data/locale/fa-IR.ini,100.00
UI/frontend-plugins/aja-output-ui/data/locale/fi-FI.ini,100.00
UI/frontend-plugins/aja-output-ui/data/locale/fr-FR.ini,100.00
UI/frontend-plugins/aja-output-ui/data/locale/he-IL.ini,100.00
UI/frontend-plugins/aja-output-ui/data/locale/hi-IN.ini,100.00
UI/frontend-plugins/aja-output-ui/data/locale/hu-HU.ini,100.00
UI/frontend-plugins/aja-output-ui/data/locale/id-ID.ini,100.00
UI/frontend-plugins/aja-output-ui/data/locale/ja-JP.ini,100.00
UI/frontend-plugins/aja-output-ui/data/locale/ka-GE.ini,100.00
UI/frontend-plugins/aja-output-ui/data/locale/ko-KR.ini,100.00
UI/frontend-plugins/aja-output-ui/data/locale/ku-KMR.ini,100.00
UI/frontend-plugins/aja-output-ui/data/locale/nl-NL.ini,100.00
UI/frontend-plugins/aja-output-ui/data/locale/pl-PL.ini,100.00
UI/frontend-plugins/aja-output-ui/data/locale/pt-BR.ini,100.00
UI/frontend-plugins/aja-output-ui/data/locale/pt-PT.ini,100.00
UI/frontend-plugins/aja-output-ui/data/locale/ro-RO.ini,100.00
UI/frontend-plugins/aja-output-ui/data/locale/ru-RU.ini,100.00
UI/frontend-plugins/aja-output-ui/data/locale/si-LK.ini,100.00
UI/frontend-plugins/aja-output-ui/data/locale/sk-SK.ini,100.00
UI/frontend-plugins/aja-output-ui/data/locale/sl-SI.ini,100.00
UI/frontend-plugins/aja-output-ui/data/locale/sv-SE.ini,100.00
UI/frontend-plugins/aja-output-ui/data/locale/tr-TR.ini,100.00
UI/frontend-plugins/aja-output-ui/data/locale/uk-UA.ini,100.00
UI/frontend-plugins/aja-output-ui/data/locale/zh-CN.ini,100.00
UI/frontend-plugins/aja-output-ui/data/locale/zh-TW.ini,100.00
UI/frontend-plugins/frontend-tools/data/locale/hi-IN.ini,100.00
UI/frontend-plugins/frontend-tools/data/locale/ku-KMR.ini,100.00
UI/frontend-plugins/frontend-tools/data/locale/oc-FR.ini,100.00
UI/frontend-plugins/frontend-tools/data/locale/si-LK.ini,100.00
UI/frontend-plugins/frontend-tools/data/locale/szl-PL.ini,100.00
plugins/aja/data/locale/he-IL.ini,100.00
plugins/aja/data/locale/sl-SI.ini,100.00
plugins/aja/data/locale/zh-CN.ini,100.00
libobs/util/task.c,93.22
libobs/util/task.h,92.00
libobs/audio-monitoring/osx/coreaudio-monitoring-available.c,100.00
libobs/audio-monitoring/pulse/pulseaudio-monitoring-available.c,100.00
libobs/audio-monitoring/win32/wasapi-monitoring-available.c,100.00
plugins/aja/aja-presets.cpp,99.06
plugins/aja/aja-presets.hpp,94.74
plugins/aja/aja-vpid-data.cpp,100.00
plugins/aja/aja-vpid-data.hpp,100.00
UI/frontend-plugins/aja-output-ui/data/locale/ar-SA.ini,100.00
UI/frontend-plugins/aja-output-ui/data/locale/el-GR.ini,100.00
UI/frontend-plugins/aja-output-ui/data/locale/it-IT.ini,100.00
UI/frontend-plugins/aja-output-ui/data/locale/kmr-TR.ini,100.00
UI/frontend-plugins/aja-output-ui/data/locale/ms-MY.ini,100.00
UI/frontend-plugins/aja-output-ui/data/locale/vi-VN.ini,100.00
UI/frontend-plugins/frontend-tools/data/locale/kmr-TR.ini,100.00
plugins/aja/data/locale/ar-SA.ini,100.00
plugins/aja/data/locale/el-GR.ini,100.00
plugins/aja/data/locale/fil-PH.ini,100.00
plugins/aja/data/locale/kmr-TR.ini,100.00
plugins/aja/data/locale/ms-MY.ini,100.00
plugins/aja/data/locale/vi-VN.ini,100.00
cmake/Modules/CompilerConfig.cmake,75.63
cmake/Modules/DeprecationHelpers.cmake,100.00
cmake/Modules/FindCEF.cmake,100.00
cmake/Modules/FindPythonWindows.cmake,100.00
cmake/Modules/FindSwigWindows.cmake,100.00
cmake/Modules/FindSysinfo.cmake,100.00
cmake/Modules/FindUdev.cmake,100.00
cmake/Modules/ObsDefaults_Linux.cmake,100.00
cmake/Modules/ObsDefaults_Windows.cmake,100.00
cmake/Modules/ObsDefaults_macOS.cmake,98.50
cmake/Modules/ObsHelpers_Linux.cmake,64.66
cmake/Modules/ObsHelpers_Windows.cmake,91.01
cmake/Modules/ObsHelpers_macOS.cmake,91.29
cmake/Modules/VersionConfig.cmake,67.48
cmake/bundle/macOS/Assets.xcassets/AppIcon.appiconset/Contents.json,100.00
cmake/bundle/macOS/Assets.xcassets/Contents.json,100.00
cmake/bundle/macOS/Info.plist.in,97.50
cmake/bundle/macOS/OBSPublicDSAKey.pem,100.00
cmake/bundle/macOS/Plugin-Info.plist.in,96.67
cmake/bundle/macOS/Virtualcam-Info.plist.in,97.83
cmake/bundle/macOS/bundleutils.cmake,100.00
cmake/bundle/macOS/entitlements-helper.gpu.plist,100.00
cmake/bundle/macOS/entitlements-helper.plist,100.00
cmake/bundle/macOS/entitlements-helper.plugin.plist,100.00
cmake/bundle/macOS/entitlements-helper.renderer.plist,100.00
cmake/bundle/macOS/entitlements.plist,100.00
cmake/bundle/macOS/package.applescript.in,100.00
cmake/bundle/windows/ALL_BUILD.vcxproj.user.in,100.00
cmake/bundle/windows/obs-module.rc.in,100.00
deps/w32-pthreads/cmake/w32-pthreadsConfig.cmake.in,100.00
plugins/decklink/CMakeLists.txt,99.04
libobs/cmake/libobsConfig.cmake.in,100.00
libobs/pkgconfig/libobs.pc.in,100.00
UI/obs-frontend-api/cmake/obs-frontend-apiConfig.cmake.in,88.89
.cmake-format.json,87.30
CI/build-freebsd.sh,100.00
CI/build-linux.sh,99.06
CI/build-macos.sh,100.00
CI/build-windows.ps1,100.00
CI/check-changes.sh,100.00
CI/check-cmake.sh,96.36
CI/freebsd/01_install_dependencies.sh,93.46
CI/freebsd/02_build_obs.sh,91.60
CI/freebsd/03_package_obs.sh,97.50
CI/include/Brewfile,100.00
CI/include/Wingetfile,100.00
CI/include/build_support.sh,100.00
CI/include/build_support_freebsd.sh,100.00
CI/include/build_support_linux.sh,100.00
CI/include/build_support_macos.sh,98.45
CI/include/build_support_windows.ps1,100.00
CI/linux/01_install_dependencies.sh,80.00
CI/linux/02_build_obs.sh,94.24
CI/linux/03_package_obs.sh,91.67
CI/macos/01_install_dependencies.sh,97.20
CI/macos/02_build_obs.sh,98.08
CI/macos/03_package_obs.sh,92.77
CI/windows/01_install_dependencies.ps1,95.15
CI/windows/02_build_obs.ps1,71.15
CI/windows/03_package_obs.ps1,94.77
libobs/obs-hevc.c,93.50
libobs/obs-hevc.h,50.00
libobs/obs-nal.c,97.10
libobs/obs-nal.h,95.00
plugins/linux-pipewire/CMakeLists.txt,40.00
plugins/linux-pipewire/linux-pipewire.c,51.19
plugins/linux-pipewire/pipewire-common.c,100.00
plugins/linux-pipewire/pipewire-common.h,100.00
plugins/linux-pipewire/data/locale/en-US.ini,58.33
plugins/linux-pipewire/pipewire-capture.c,100.00
plugins/linux-pipewire/pipewire.c,39.69
plugins/linux-pipewire/pipewire.h,79.35
plugins/linux-pipewire/portal.c,91.04
plugins/linux-pipewire/portal.h,91.30
deps/libff/.clang-format,100.00
libobs/data/color.effect,95.80
UI/forms/OBSBasicProperties.ui,98.51
UI/forms/OBSLogViewer.ui,94.41
UI/streaming-helpers.cpp,91.26
UI/streaming-helpers.hpp,97.30
.github/workflows/steam.yml,95.85
CI/steam/obs_build.vdf,100.00
CI/steam/scripts/install.bat,100.00
CI/steam/scripts/installscript.vdf,100.00
CI/steam/scripts/uninstall.bat,100.00
plugins/obs-ffmpeg/obs-ffmpeg-video-encoders.c,83.19
plugins/obs-ffmpeg/obs-ffmpeg-video-encoders.h,86.57
plugins/linux-capture/xcomposite-input.c,78.50
plugins/linux-capture/xcomposite-input.h,100.00
deps/glad/include/EGL/eglplatform.h,100.00
plugins/rtmp-services/data/schema/package-schema.json,100.00
plugins/rtmp-services/data/schema/service-schema-v3.json,88.70
.github/workflows/services-json.yml,60.00
CI/check-jsonschema.py,100.00
CI/check-services.py,100.00
plugins/linux-v4l2/v4l2-decoder.c,68.97
plugins/linux-v4l2/v4l2-decoder.h,86.67
UI/forms/OBSAdvAudio.ui,99.44
plugins/linux-pipewire/screencast-portal.c,82.78
plugins/linux-pipewire/screencast-portal.h,100.00
UI/lineedit-autoresize.cpp,95.28
UI/lineedit-autoresize.hpp,100.00
UI/data/themes/Dark/dots-vert.svg,80.00
UI/data/themes/Dark/dots.svg,80.00
UI/data/themes/Yami.qss,80.44
UI/data/themes/Yami/checkbox_checked.svg,100.00
UI/data/themes/Yami/checkbox_checked_disabled.svg,100.00
UI/data/themes/Yami/checkbox_checked_focus.svg,100.00
UI/data/themes/Yami/checkbox_unchecked.svg,100.00
UI/data/themes/Yami/checkbox_unchecked_disabled.svg,100.00
UI/data/themes/Yami/checkbox_unchecked_focus.svg,100.00
UI/forms/OBSBasic.ui.autosave,100.00
UI/multiview.cpp,91.66
UI/multiview.hpp,89.74
plugins/mac-videotoolbox/CMakeLists.txt,81.58
plugins/mac-videotoolbox/data/locale/ar-SA.ini,100.00
plugins/mac-videotoolbox/data/locale/bg-BG.ini,100.00
plugins/mac-videotoolbox/data/locale/bn-BD.ini,100.00
plugins/mac-videotoolbox/data/locale/ca-ES.ini,100.00
plugins/mac-videotoolbox/data/locale/cs-CZ.ini,100.00
plugins/mac-videotoolbox/data/locale/da-DK.ini,100.00
plugins/mac-videotoolbox/data/locale/de-DE.ini,100.00
plugins/mac-videotoolbox/data/locale/el-GR.ini,100.00
plugins/mac-videotoolbox/data/locale/en-US.ini,48.00
plugins/mac-videotoolbox/data/locale/es-ES.ini,100.00
plugins/mac-videotoolbox/data/locale/et-EE.ini,100.00
plugins/mac-videotoolbox/data/locale/eu-ES.ini,100.00
plugins/mac-videotoolbox/data/locale/fa-IR.ini,100.00
plugins/mac-videotoolbox/data/locale/fi-FI.ini,100.00
plugins/mac-videotoolbox/data/locale/fil-PH.ini,100.00
plugins/mac-videotoolbox/data/locale/fr-FR.ini,100.00
plugins/mac-videotoolbox/data/locale/gl-ES.ini,100.00
plugins/mac-videotoolbox/data/locale/he-IL.ini,100.00
plugins/mac-videotoolbox/data/locale/hi-IN.ini,100.00
plugins/mac-videotoolbox/data/locale/hr-HR.ini,100.00
plugins/mac-videotoolbox/data/locale/hu-HU.ini,100.00
plugins/mac-videotoolbox/data/locale/id-ID.ini,100.00
plugins/mac-videotoolbox/data/locale/it-IT.ini,100.00
plugins/mac-videotoolbox/data/locale/ja-JP.ini,100.00
plugins/mac-videotoolbox/data/locale/ka-GE.ini,100.00
plugins/mac-videotoolbox/data/locale/kmr-TR.ini,100.00
plugins/mac-videotoolbox/data/locale/ko-KR.ini,100.00
plugins/mac-videotoolbox/data/locale/ms-MY.ini,100.00
plugins/mac-videotoolbox/data/locale/nb-NO.ini,100.00
plugins/mac-videotoolbox/data/locale/nl-NL.ini,100.00
plugins/mac-videotoolbox/data/locale/pl-PL.ini,100.00
plugins/mac-videotoolbox/data/locale/pt-BR.ini,100.00
plugins/mac-videotoolbox/data/locale/pt-PT.ini,100.00
plugins/mac-videotoolbox/data/locale/ro-RO.ini,100.00
plugins/mac-videotoolbox/data/locale/ru-RU.ini,94.12
plugins/mac-videotoolbox/data/locale/si-LK.ini,100.00
plugins/mac-videotoolbox/data/locale/sk-SK.ini,100.00
plugins/mac-videotoolbox/data/locale/sl-SI.ini,100.00
plugins/mac-videotoolbox/data/locale/sr-SP.ini,100.00
plugins/mac-videotoolbox/data/locale/sv-SE.ini,100.00
plugins/mac-videotoolbox/data/locale/th-TH.ini,100.00
plugins/mac-videotoolbox/data/locale/tr-TR.ini,100.00
plugins/mac-videotoolbox/data/locale/uk-UA.ini,100.00
plugins/mac-videotoolbox/data/locale/vi-VN.ini,100.00
plugins/mac-videotoolbox/data/locale/zh-CN.ini,100.00
plugins/mac-videotoolbox/data/locale/zh-TW.ini,100.00
plugins/mac-videotoolbox/encoder.c,32.92
UI/forms/images/dots-vert.svg,80.00
UI/forms/images/dots.svg,80.00
plugins/obs-ffmpeg/external/AMF/include/components/Ambisonic2SRenderer.h,100.00
plugins/obs-ffmpeg/external/AMF/include/components/AudioCapture.h,100.00
plugins/obs-ffmpeg/external/AMF/include/components/Capture.h,100.00
plugins/obs-ffmpeg/external/AMF/include/components/ChromaKey.h,100.00
plugins/obs-ffmpeg/external/AMF/include/components/ColorSpace.h,100.00
plugins/obs-ffmpeg/external/AMF/include/components/Component.h,99.77
plugins/obs-ffmpeg/external/AMF/include/components/ComponentCaps.h,100.00
plugins/obs-ffmpeg/external/AMF/include/components/CursorCapture.h,98.15
plugins/obs-ffmpeg/external/AMF/include/components/DisplayCapture.h,100.00
plugins/obs-ffmpeg/external/AMF/include/components/FFMPEGAudioConverter.h,100.00
plugins/obs-ffmpeg/external/AMF/include/components/FFMPEGAudioDecoder.h,100.00
plugins/obs-ffmpeg/external/AMF/include/components/FFMPEGAudioEncoder.h,100.00
plugins/obs-ffmpeg/external/AMF/include/components/FFMPEGComponents.h,100.00
plugins/obs-ffmpeg/external/AMF/include/components/FFMPEGFileDemuxer.h,100.00
plugins/obs-ffmpeg/external/AMF/include/components/FFMPEGFileMuxer.h,98.15
plugins/obs-ffmpeg/external/AMF/include/components/FFMPEGVideoDecoder.h,100.00
plugins/obs-ffmpeg/external/AMF/include/components/HQScaler.h,90.14
plugins/obs-ffmpeg/external/AMF/include/components/MediaSource.h,100.00
plugins/obs-ffmpeg/external/AMF/include/components/PreAnalysis.h,76.39
plugins/obs-ffmpeg/external/AMF/include/components/PreProcessing.h,100.00
plugins/obs-ffmpeg/external/AMF/include/components/VideoCapture.h,100.00
plugins/obs-ffmpeg/external/AMF/include/components/VideoConverter.h,100.00
plugins/obs-ffmpeg/external/AMF/include/components/VideoDecoderUVD.h,95.31
plugins/obs-ffmpeg/external/AMF/include/components/VideoEncoderHEVC.h,95.48
plugins/obs-ffmpeg/external/AMF/include/components/VideoEncoderVCE.h,91.57
plugins/obs-ffmpeg/external/AMF/include/components/VideoStitch.h,100.00
plugins/obs-ffmpeg/external/AMF/include/components/ZCamLiveStream.h,100.00
plugins/obs-ffmpeg/external/AMF/include/core/AudioBuffer.h,100.00
plugins/obs-ffmpeg/external/AMF/include/core/Buffer.h,100.00
plugins/obs-ffmpeg/external/AMF/include/core/Compute.h,100.00
plugins/obs-ffmpeg/external/AMF/include/core/ComputeFactory.h,100.00
plugins/obs-ffmpeg/external/AMF/include/core/Context.h,100.00
plugins/obs-ffmpeg/external/AMF/include/core/CurrentTime.h,100.00
plugins/obs-ffmpeg/external/AMF/include/core/D3D12AMF.h,89.80
plugins/obs-ffmpeg/external/AMF/include/core/Data.h,100.00
plugins/obs-ffmpeg/external/AMF/include/core/Debug.h,100.00
plugins/obs-ffmpeg/external/AMF/include/core/Dump.h,100.00
plugins/obs-ffmpeg/external/AMF/include/core/Factory.h,99.25
plugins/obs-ffmpeg/external/AMF/include/core/Interface.h,100.00
plugins/obs-ffmpeg/external/AMF/include/core/Plane.h,100.00
plugins/obs-ffmpeg/external/AMF/include/core/Platform.h,99.27
plugins/obs-ffmpeg/external/AMF/include/core/PropertyStorage.h,100.00
plugins/obs-ffmpeg/external/AMF/include/core/PropertyStorageEx.h,100.00
plugins/obs-ffmpeg/external/AMF/include/core/Result.h,100.00
plugins/obs-ffmpeg/external/AMF/include/core/Surface.h,98.94
plugins/obs-ffmpeg/external/AMF/include/core/Trace.h,100.00
plugins/obs-ffmpeg/external/AMF/include/core/Variant.h,98.57
plugins/obs-ffmpeg/external/AMF/include/core/Version.h,98.33
plugins/obs-ffmpeg/external/AMF/include/core/VulkanAMF.h,91.53
plugins/obs-ffmpeg/obs-amf-test/CMakeLists.txt,40.62
plugins/obs-ffmpeg/obs-amf-test/obs-amf-test.cpp,65.17
plugins/obs-ffmpeg/texture-amf-opts.hpp,77.05
plugins/obs-ffmpeg/texture-amf.cpp,58.83
UI/data/themes/Dark/sources/windowaudio.svg,90.00
UI/forms/images/sources/windowaudio.svg,90.00
libobs/util/windows/obfuscate.c,33.33
libobs/util/windows/obfuscate.h,80.00
libobs/util/windows/window-helpers.c,78.86
libobs/util/windows/window-helpers.h,83.58
plugins/obs-filters/data/rtx_greenscreen.effect,78.76
plugins/obs-filters/nvidia-greenscreen-filter.c,75.49
plugins/obs-filters/nvvfx-load.h,98.25
plugins/obs-vst/CMakeLists.txt,49.72
plugins/obs-vst/EditorWidget.cpp,91.43
plugins/obs-vst/VSTPlugin.cpp,89.58
plugins/obs-vst/data/locale/an-ES.ini,80.00
plugins/obs-vst/data/locale/ar-SA.ini,100.00
plugins/obs-vst/data/locale/bg-BG.ini,100.00
plugins/obs-vst/data/locale/bn-BD.ini,100.00
plugins/obs-vst/data/locale/ca-ES.ini,100.00
plugins/obs-vst/data/locale/cs-CZ.ini,100.00
plugins/obs-vst/data/locale/da-DK.ini,100.00
plugins/obs-vst/data/locale/de-DE.ini,100.00
plugins/obs-vst/data/locale/el-GR.ini,100.00
plugins/obs-vst/data/locale/en-US.ini,100.00
plugins/obs-vst/data/locale/es-ES.ini,100.00
plugins/obs-vst/data/locale/et-EE.ini,100.00
plugins/obs-vst/data/locale/eu-ES.ini,100.00
plugins/obs-vst/data/locale/fa-IR.ini,100.00
plugins/obs-vst/data/locale/fi-FI.ini,75.00
plugins/obs-vst/data/locale/fil-PH.ini,100.00
plugins/obs-vst/data/locale/fr-FR.ini,100.00
plugins/obs-vst/data/locale/gd-GB.ini,100.00
plugins/obs-vst/data/locale/gl-ES.ini,100.00
plugins/obs-vst/data/locale/he-IL.ini,100.00
plugins/obs-vst/data/locale/hi-IN.ini,100.00
plugins/obs-vst/data/locale/hu-HU.ini,80.00
plugins/obs-vst/data/locale/id-ID.ini,100.00
plugins/obs-vst/data/locale/it-IT.ini,100.00
plugins/obs-vst/data/locale/ja-JP.ini,80.00
plugins/obs-vst/data/locale/ka-GE.ini,100.00
plugins/obs-vst/data/locale/kab-KAB.ini,100.00
plugins/obs-vst/data/locale/kmr-TR.ini,100.00
plugins/obs-vst/data/locale/ko-KR.ini,80.00
plugins/obs-vst/data/locale/ms-MY.ini,100.00
plugins/obs-vst/data/locale/nb-NO.ini,100.00
plugins/obs-vst/data/locale/nl-NL.ini,100.00
plugins/obs-vst/data/locale/pl-PL.ini,100.00
plugins/obs-vst/data/locale/pt-BR.ini,66.67
plugins/obs-vst/data/locale/pt-PT.ini,100.00
plugins/obs-vst/data/locale/ro-RO.ini,100.00
plugins/obs-vst/data/locale/ru-RU.ini,100.00
plugins/obs-vst/data/locale/sk-SK.ini,100.00
plugins/obs-vst/data/locale/sl-SI.ini,100.00
plugins/obs-vst/data/locale/sr-CS.ini,100.00
plugins/obs-vst/data/locale/sr-SP.ini,100.00
plugins/obs-vst/data/locale/sv-SE.ini,60.00
plugins/obs-vst/data/locale/szl-PL.ini,100.00
plugins/obs-vst/data/locale/tl-PH.ini,100.00
plugins/obs-vst/data/locale/tr-TR.ini,80.00
plugins/obs-vst/data/locale/uk-UA.ini,100.00
plugins/obs-vst/data/locale/vi-VN.ini,57.14
plugins/obs-vst/data/locale/zh-CN.ini,100.00
plugins/obs-vst/data/locale/zh-TW.ini,80.00
plugins/obs-vst/headers/EditorWidget.h,98.44
plugins/obs-vst/headers/VSTPlugin.h,95.65
plugins/obs-vst/headers/vst-plugin-callbacks.hpp,95.45
plugins/obs-vst/linux/EditorWidget-linux.cpp,97.37
plugins/obs-vst/linux/VSTPlugin-linux.cpp,91.55
plugins/obs-vst/mac/EditorWidget-osx.mm,75.61
plugins/obs-vst/mac/VSTPlugin-osx.mm,53.94
plugins/obs-vst/obs-vst.cpp,72.49
plugins/obs-vst/vst_header/.clang-format,100.00
plugins/obs-vst/vst_header/aeffectx.h,99.74
plugins/obs-vst/win/EditorWidget-win.cpp,77.00
plugins/obs-vst/win/VSTPlugin-win.cpp,91.00
UI/data/themes/Dark/settings/accessibility.svg,50.00
UI/forms/images/settings/accessibility.svg,50.00
UI/window-basic-settings-a11y.cpp,86.33
plugins/obs-websocket,43.33
docs/sphinx/requirements.txt,66.67
docs/sphinx/logo.svg,100.00
docs/sphinx/_static/css/custom.css,100.00
cmake/Modules/FindLibrist.cmake,92.50
cmake/Modules/FindLibsrt.cmake,92.50
plugins/obs-ffmpeg/obs-ffmpeg-mpegts.c,83.37
plugins/obs-ffmpeg/obs-ffmpeg-rist.h,84.73
plugins/obs-ffmpeg/obs-ffmpeg-srt.h,85.29
plugins/obs-ffmpeg/obs-ffmpeg-url.h,97.28
plugins/obs-filters/data/color.effect,100.00
UI/data/themes/Dark/cogs.svg,50.00
UI/forms/images/cogs.svg,100.00
UI/forms/OBSPermissions.ui,89.43
UI/window-permissions.cpp,85.00
UI/window-permissions.hpp,91.67
UI/forms/OBSBasicVCamConfig.ui,86.76
UI/window-basic-vcam-config.cpp,74.88
UI/window-basic-vcam-config.hpp,56.86
UI/data/locale/be-BY.ini,99.80
UI/data/locale/hy-AM.ini,100.00
UI/data/locale/te-IN.ini,100.00
UI/frontend-plugins/aja-output-ui/data/locale/be-BY.ini,100.00
UI/frontend-plugins/aja-output-ui/data/locale/eu-ES.ini,100.00
UI/frontend-plugins/aja-output-ui/data/locale/gl-ES.ini,100.00
UI/frontend-plugins/aja-output-ui/data/locale/hy-AM.ini,100.00
UI/frontend-plugins/aja-output-ui/data/locale/nb-NO.ini,100.00
UI/frontend-plugins/frontend-tools/data/locale/hy-AM.ini,100.00
plugins/aja/data/locale/et-EE.ini,100.00
plugins/aja/data/locale/eu-ES.ini,100.00
plugins/aja/data/locale/gl-ES.ini,100.00
plugins/aja/data/locale/hy-AM.ini,100.00
plugins/aja/data/locale/nb-NO.ini,72.73
plugins/aja/data/locale/th-TH.ini,100.00
plugins/coreaudio-encoder/data/locale/hy-AM.ini,100.00
plugins/decklink/data/locale/hy-AM.ini,100.00
plugins/image-source/data/locale/hy-AM.ini,100.00
plugins/linux-alsa/data/locale/be-BY.ini,100.00
plugins/linux-alsa/data/locale/hy-AM.ini,100.00
plugins/linux-capture/data/locale/be-BY.ini,81.82
plugins/linux-capture/data/locale/hy-AM.ini,100.00
plugins/linux-jack/data/locale/hy-AM.ini,100.00
plugins/linux-jack/data/locale/si-LK.ini,100.00
plugins/linux-pipewire/data/locale/ar-SA.ini,100.00
plugins/linux-pipewire/data/locale/ca-ES.ini,100.00
plugins/linux-pipewire/data/locale/cs-CZ.ini,100.00
plugins/linux-pipewire/data/locale/da-DK.ini,100.00
plugins/linux-pipewire/data/locale/de-DE.ini,100.00
plugins/linux-pipewire/data/locale/el-GR.ini,100.00
plugins/linux-pipewire/data/locale/es-ES.ini,100.00
plugins/linux-pipewire/data/locale/et-EE.ini,100.00
plugins/linux-pipewire/data/locale/eu-ES.ini,100.00
plugins/linux-pipewire/data/locale/fa-IR.ini,60.00
plugins/linux-pipewire/data/locale/fi-FI.ini,100.00
plugins/linux-pipewire/data/locale/fr-FR.ini,100.00
plugins/linux-pipewire/data/locale/gl-ES.ini,100.00
plugins/linux-pipewire/data/locale/he-IL.ini,100.00
plugins/linux-pipewire/data/locale/hi-IN.ini,100.00
plugins/linux-pipewire/data/locale/hu-HU.ini,100.00
plugins/linux-pipewire/data/locale/hy-AM.ini,100.00
plugins/linux-pipewire/data/locale/id-ID.ini,100.00
plugins/linux-pipewire/data/locale/it-IT.ini,100.00
plugins/linux-pipewire/data/locale/ja-JP.ini,100.00
plugins/linux-pipewire/data/locale/ka-GE.ini,100.00
plugins/linux-pipewire/data/locale/kmr-TR.ini,100.00
plugins/linux-pipewire/data/locale/ko-KR.ini,100.00
plugins/linux-pipewire/data/locale/ms-MY.ini,100.00
plugins/linux-pipewire/data/locale/nl-NL.ini,100.00
plugins/linux-pipewire/data/locale/pl-PL.ini,100.00
plugins/linux-pipewire/data/locale/pt-BR.ini,100.00
plugins/linux-pipewire/data/locale/pt-PT.ini,100.00
plugins/linux-pipewire/data/locale/ro-RO.ini,100.00
plugins/linux-pipewire/data/locale/ru-RU.ini,100.00
plugins/linux-pipewire/data/locale/si-LK.ini,100.00
plugins/linux-pipewire/data/locale/sk-SK.ini,100.00
plugins/linux-pipewire/data/locale/sl-SI.ini,50.00
plugins/linux-pipewire/data/locale/sv-SE.ini,100.00
plugins/linux-pipewire/data/locale/ta-IN.ini,100.00
plugins/linux-pipewire/data/locale/tr-TR.ini,100.00
plugins/linux-pipewire/data/locale/uk-UA.ini,100.00
plugins/linux-pipewire/data/locale/vi-VN.ini,100.00
plugins/linux-pipewire/data/locale/zh-CN.ini,100.00
plugins/linux-pipewire/data/locale/zh-TW.ini,100.00
plugins/linux-pulseaudio/data/locale/be-BY.ini,100.00
plugins/linux-pulseaudio/data/locale/hy-AM.ini,100.00
plugins/linux-v4l2/data/locale/hy-AM.ini,100.00
plugins/mac-avcapture/data/locale/hy-AM.ini,100.00
plugins/mac-capture/data/locale/hy-AM.ini,100.00
plugins/mac-syphon/data/locale/be-BY.ini,100.00
plugins/mac-syphon/data/locale/hy-AM.ini,100.00
plugins/mac-videotoolbox/data/locale/hy-AM.ini,100.00
plugins/mac-virtualcam/src/obs-plugin/data/locale/be-BY.ini,100.00
plugins/mac-virtualcam/src/obs-plugin/data/locale/eu-ES.ini,100.00
plugins/mac-virtualcam/src/obs-plugin/data/locale/hy-AM.ini,100.00
plugins/mac-virtualcam/src/obs-plugin/data/locale/si-LK.ini,100.00
plugins/obs-ffmpeg/data/locale/hy-AM.ini,100.00
plugins/obs-filters/data/locale/hy-AM.ini,100.00
plugins/obs-libfdk/data/locale/be-BY.ini,100.00
plugins/obs-libfdk/data/locale/hy-AM.ini,100.00
plugins/obs-libfdk/data/locale/si-LK.ini,100.00
plugins/obs-outputs/data/locale/hy-AM.ini,100.00
plugins/obs-qsv11/data/locale/hy-AM.ini,100.00
plugins/obs-text/data/locale/hy-AM.ini,100.00
plugins/obs-transitions/data/locale/hy-AM.ini,100.00
plugins/obs-vst/data/locale/be-BY.ini,100.00
plugins/obs-vst/data/locale/hy-AM.ini,100.00
plugins/obs-x264/data/locale/be-BY.ini,100.00
plugins/obs-x264/data/locale/hy-AM.ini,100.00
plugins/obs-x264/data/locale/lv-LV.ini,100.00
plugins/oss-audio/data/locale/be-BY.ini,100.00
plugins/oss-audio/data/locale/eu-ES.ini,100.00
plugins/oss-audio/data/locale/hy-AM.ini,100.00
plugins/rtmp-services/data/locale/be-BY.ini,100.00
plugins/rtmp-services/data/locale/hy-AM.ini,100.00
plugins/sndio/data/locale/be-BY.ini,100.00
plugins/sndio/data/locale/eu-ES.ini,100.00
plugins/sndio/data/locale/hy-AM.ini,100.00
plugins/text-freetype2/data/locale/hy-AM.ini,100.00
plugins/vlc-video/data/locale/hy-AM.ini,100.00
plugins/win-capture/data/locale/hy-AM.ini,100.00
plugins/win-dshow/data/locale/an-ES.ini,100.00
plugins/win-dshow/data/locale/hy-AM.ini,100.00
plugins/win-mf/data/locale/hy-AM.ini,100.00
plugins/win-wasapi/data/locale/an-ES.ini,100.00
plugins/win-wasapi/data/locale/be-BY.ini,61.54
plugins/win-wasapi/data/locale/hy-AM.ini,100.00
UI/data/themes/Dark/collapse.svg,100.00
UI/forms/images/collapse.svg,100.00
CI/steam/scripts_macos/launch.sh,69.23
plugins/obs-filters/data/hdr_tonemap_filter.effect,100.00
plugins/obs-filters/hdr-tonemap-filter.c,81.36
UI/data/OBSPublicRSAKey.pem,100.00
UI/nix-update/crypto-helpers-mac.mm,100.00
UI/nix-update/crypto-helpers-mbedtls.cpp,100.00
UI/nix-update/crypto-helpers.hpp,100.00
UI/nix-update/nix-update-helpers.cpp,71.05
UI/nix-update/nix-update-helpers.hpp,100.00
UI/nix-update/nix-update.cpp,100.00
UI/nix-update/nix-update.hpp,100.00
UI/data/themes/Light.qss,84.90
UI/data/themes/Light/alert.svg,100.00
UI/data/themes/Light/checkbox_checked.svg,100.00
UI/data/themes/Light/checkbox_checked_disabled.svg,100.00
UI/data/themes/Light/checkbox_checked_focus.svg,100.00
UI/data/themes/Light/checkbox_unchecked.svg,100.00
UI/data/themes/Light/checkbox_unchecked_disabled.svg,100.00
UI/data/themes/Light/checkbox_unchecked_focus.svg,100.00
UI/data/themes/Light/close.svg,100.00
UI/data/themes/Light/cogs.svg,100.00
UI/data/themes/Light/collapse.svg,100.00
UI/data/themes/Light/dots-vert.svg,100.00
UI/data/themes/Light/dots.svg,100.00
UI/data/themes/Light/down.svg,100.00
UI/data/themes/Light/expand.svg,100.00
UI/data/themes/Light/filter.svg,66.67
UI/data/themes/Light/interact.svg,66.67
UI/data/themes/Light/left.svg,100.00
UI/data/themes/Light/locked.svg,100.00
UI/data/themes/Light/media-pause.svg,100.00
UI/data/themes/Light/media/media_next.svg,100.00
UI/data/themes/Light/media/media_pause.svg,100.00
UI/data/themes/Light/media/media_play.svg,100.00
UI/data/themes/Light/media/media_previous.svg,100.00
UI/data/themes/Light/media/media_restart.svg,100.00
UI/data/themes/Light/media/media_stop.svg,100.00
UI/data/themes/Light/minus.svg,100.00
UI/data/themes/Light/mute.svg,100.00
UI/data/themes/Light/no_sources.svg,100.00
UI/data/themes/Light/plus.svg,100.00
UI/data/themes/Light/popout.svg,50.00
UI/data/themes/Light/refresh.svg,60.00
UI/data/themes/Light/revert.svg,100.00
UI/data/themes/Light/right.svg,100.00
UI/data/themes/Light/save.svg,100.00
UI/data/themes/Light/settings/accessibility.svg,100.00
UI/data/themes/Light/settings/advanced.svg,100.00
UI/data/themes/Light/settings/audio.svg,100.00
UI/data/themes/Light/settings/general.svg,100.00
UI/data/themes/Light/settings/hotkeys.svg,100.00
UI/data/themes/Light/settings/output.svg,100.00
UI/data/themes/Light/settings/stream.svg,100.00
UI/data/themes/Light/settings/video.svg,100.00
UI/data/themes/Light/sources/brush.svg,100.00
UI/data/themes/Light/sources/camera.svg,100.00
UI/data/themes/Light/sources/default.svg,100.00
UI/data/themes/Light/sources/gamepad.svg,100.00
UI/data/themes/Light/sources/globe.svg,100.00
UI/data/themes/Light/sources/group.svg,100.00
UI/data/themes/Light/sources/image.svg,100.00
UI/data/themes/Light/sources/media.svg,100.00
UI/data/themes/Light/sources/microphone.svg,100.00
UI/data/themes/Light/sources/scene.svg,100.00
UI/data/themes/Light/sources/slideshow.svg,100.00
UI/data/themes/Light/sources/text.svg,100.00
UI/data/themes/Light/sources/window.svg,100.00
UI/data/themes/Light/sources/windowaudio.svg,90.00
UI/data/themes/Light/trash.svg,100.00
UI/data/themes/Light/up.svg,100.00
UI/data/themes/Light/updown.svg,100.00
UI/data/themes/Light/visible.svg,100.00
UI/data/themes/Grey.qss,85.14
UI/frontend-plugins/aja-output-ui/data/locale/et-EE.ini,100.00
UI/data/themes/Dark/entry-clear.svg,100.00
UI/data/themes/Light/entry-clear.svg,100.00
UI/forms/images/entry-clear.svg,100.00
UI/plain-text-edit.cpp,100.00
UI/plain-text-edit.hpp,100.00
plugins/aja/data/locale/bg-BG.ini,100.00
plugins/obs-ffmpeg/jim-nvenc-ver.h,100.00
plugins/obs-ffmpeg/obs-nvenc-test/CMakeLists.txt,40.91
plugins/obs-ffmpeg/obs-nvenc-test/jim-nvenc-test.c,99.59
UI/frontend-plugins/aja-output-ui/data/locale/ur-PK.ini,100.00
plugins/aja/data/locale/ur-PK.ini,100.00
plugins/decklink/data/locale/ur-PK.ini,100.00
plugins/obs-filters/eq-filter.c,96.99
CI/steam/obs_playtest_build.vdf,100.00
plugins/rtmp-services/data/schema/service-schema-v4.json,78.12
plugins/obs-ffmpeg/external/AMF/include/components/VQEnhancer.h,100.00
plugins/obs-ffmpeg/external/AMF/include/components/VideoEncoderAV1.h,100.00
cmake/Modules/FindLibva.cmake,61.43
plugins/obs-ffmpeg/vaapi-utils.c,59.28
plugins/obs-ffmpeg/vaapi-utils.h,62.86
plugins/obs-qsv11/obs-qsv-test/CMakeLists.txt,55.56
plugins/obs-qsv11/obs-qsv-test/obs-qsv-test.cpp,51.19
libobs/util/windows/device-enum.c,96.97
libobs/util/windows/device-enum.h,100.00
UI/frontend-plugins/aja-output-ui/data/locale/fil-PH.ini,100.00
plugins/coreaudio-encoder/data/locale/be-BY.ini,100.00
plugins/linux-jack/data/locale/be-BY.ini,100.00
plugins/linux-pipewire/data/locale/bn-BD.ini,100.00
plugins/linux-pipewire/data/locale/fil-PH.ini,100.00
plugins/obs-ffmpeg/external/AMF/include/components/SupportedCodecs.h,100.00
plugins/aja/audio-repack.c,93.06
plugins/aja/audio-repack.h,96.23
plugins/aja/audio-repack.hpp,95.83
UI/update/crypto-helpers-mac.mm,100.00
UI/update/crypto-helpers-mbedtls.cpp,100.00
UI/update/crypto-helpers.hpp,100.00
UI/update/shared-update.cpp,68.42
UI/update/shared-update.hpp,80.00
UI/update/update-helpers.cpp,100.00
UI/update/update-window.cpp,100.00
UI/update/win-update.cpp,89.69
UI/update/win-update.hpp,100.00
UI/win-update/updater/helpers.cpp,100.00
UI/update/mac-update.cpp,84.47
UI/update/mac-update.hpp,100.00
UI/update/sparkle-updater.mm,74.22
UI/window-basic-vcam.hpp,100.00
deps/media-playback/media-playback/cache.c,97.22
deps/media-playback/media-playback/cache.h,82.65
deps/media-playback/media-playback/media-playback.c,80.90
deps/media-playback/media-playback/media-playback.h,71.01
CI/macos/appcast_convert.py,100.00
CI/macos/appcast_download.py,100.00
cmake/Modules/FindAMF.cmake,94.23
plugins/win-capture/compat-config.h.in,100.00
plugins/win-capture/compat-format-ver.h,100.00
plugins/win-capture/compat-helpers.c,92.99
plugins/win-capture/compat-helpers.h,95.00
plugins/win-capture/data/compatibility.json,53.56
plugins/win-capture/data/package.json,47.83
plugins/win-capture/data/schema/compatibility-schema-v1.json,100.00
plugins/win-capture/data/schema/package-schema.json,100.00
.github/workflows/compat-json.yml,100.00
UI/win-dll-blocklist.c,93.86
cmake/Modules/FindLibUUID.cmake,89.47
deps/uthash/.clang-format,100.00
deps/uthash/CMakeLists.txt,50.00
deps/uthash/uthash/LICENSE,100.00
deps/uthash/uthash/uthash.h,100.00
libobs/util/uthash.h,97.14
test/cmocka/test_os_path.c,84.38
cmake/Modules/FindAsio.cmake,92.92
cmake/Modules/FindWebsocketpp.cmake,90.27
UI/data/themes/Dark/unassigned.svg,100.00
plugins/obs-outputs/rtmp-av1.c,88.30
plugins/obs-outputs/rtmp-av1.h,90.32
plugins/obs-outputs/rtmp-hevc.c,93.06
plugins/obs-outputs/rtmp-hevc.h,92.31
plugins/obs-outputs/utils.h,94.74
cmake/common/.cmake-format.json,100.00
cmake/common/bootstrap.cmake,97.86
cmake/common/buildnumber.cmake,74.36
cmake/common/ccache.cmake,100.00
cmake/common/compiler_common.cmake,97.22
cmake/common/cpackconfig_common.cmake,100.00
cmake/common/helpers_common.cmake,95.53
cmake/common/osconfig.cmake,100.00
cmake/common/versionconfig.cmake,77.55
cmake/finders/.cmake-format.json,100.00
cmake/finders/FindCEF.cmake,98.98
cmake/finders/FindFFmpeg.cmake,99.52
cmake/finders/FindLibAJANTV2.cmake,80.31
cmake/finders/FindLibVLC.cmake,100.00
cmake/finders/FindLibrist.cmake,100.00
cmake/finders/FindLibrnnoise.cmake,100.00
cmake/finders/FindLibspeexdsp.cmake,100.00
cmake/finders/FindLibsrt.cmake,100.00
cmake/finders/FindLibx264.cmake,100.00
cmake/finders/FindLuajit.cmake,100.00
cmake/finders/FindMbedTLS.cmake,100.00
cmake/finders/Findjansson.cmake,100.00
.swift-format,100.00
buildspec.json,70.05
cmake/macos/.cmake-format.json,100.00
cmake/macos/buildspec.cmake,100.00
cmake/macos/compilerconfig.cmake,90.83
cmake/macos/cpackconfig.cmake,100.00
cmake/macos/defaults.cmake,100.00
cmake/macos/helpers.cmake,98.27
cmake/macos/resources/ccache-launcher-c.in,100.00
cmake/macos/resources/ccache-launcher-cxx.in,100.00
cmake/macos/resources/package.applescript.in,100.00
cmake/macos/simd.cmake,100.00
cmake/macos/xcode.cmake,99.08
UI/cmake/feature-browserpanels.cmake,100.00
UI/cmake/feature-importers.cmake,100.00
UI/cmake/feature-restream.cmake,92.31
UI/cmake/feature-sparkle.cmake,60.87
UI/cmake/feature-twitch.cmake,92.31
UI/cmake/feature-whatsnew.cmake,75.38
UI/cmake/feature-youtube.cmake,72.00
UI/cmake/legacy.cmake,78.06
UI/cmake/linux/com.obsproject.Studio.appdata.xml.in,100.00
UI/cmake/linux/com.obsproject.Studio.desktop,62.58
UI/cmake/linux/icons/obs-logo-scalable.svg,100.00
UI/cmake/macos/Assets.xcassets/AppIcon.appiconset/Contents.json,100.00
UI/cmake/macos/Assets.xcassets/Contents.json,100.00
UI/cmake/macos/Info.plist.in,91.67
UI/cmake/macos/OBSPublicDSAKey.pem,100.00
UI/cmake/macos/entitlements.plist,100.00
UI/cmake/macos/qt.conf,100.00
UI/cmake/os-freebsd.cmake,71.74
UI/cmake/os-linux.cmake,77.78
UI/cmake/os-macos.cmake,95.45
UI/cmake/os-windows.cmake,86.18
UI/cmake/ui-elements.cmake,75.36
UI/cmake/ui-qt.cmake,92.68
UI/cmake/ui-windows.cmake,89.31
UI/frontend-plugins/aja-output-ui/cmake/legacy.cmake,72.03
UI/frontend-plugins/aja-output-ui/cmake/macos/Info.plist.in,96.55
UI/frontend-plugins/aja-output-ui/cmake/windows/obs-module.rc.in,100.00
UI/frontend-plugins/decklink-captions/cmake/legacy.cmake,98.41
UI/frontend-plugins/decklink-captions/cmake/macos/Info.plist.in,96.55
UI/frontend-plugins/decklink-captions/cmake/windows/obs-module.rc.in,100.00
UI/frontend-plugins/decklink-output-ui/cmake/legacy.cmake,66.94
UI/frontend-plugins/decklink-output-ui/cmake/macos/Info.plist.in,96.55
UI/frontend-plugins/decklink-output-ui/cmake/windows/obs-module.rc.in,100.00
UI/frontend-plugins/frontend-tools/cmake/legacy.cmake,71.95
UI/frontend-plugins/frontend-tools/cmake/macos/Info.plist.in,96.55
UI/frontend-plugins/frontend-tools/cmake/windows/obs-module.rc.in,100.00
UI/obs-frontend-api/cmake/legacy.cmake,100.00
UI/obs-frontend-api/cmake/windows/obs-module.rc.in,100.00
UI/win-update/updater/cmake/legacy.cmake,73.68
cmake/finders/FindAsio.cmake,100.00
cmake/finders/FindWebsocketpp.cmake,100.00
deps/json11/CMakeLists.txt,96.77
deps/libcaption/cmake/legacy.cmake,100.00
deps/obs-scripting/cmake/legacy.cmake,100.00
deps/obs-scripting/cmake/lua.cmake,100.00
deps/obs-scripting/cmake/python.cmake,94.44
deps/obs-scripting/cmake/windows/obs-module.rc.in,100.00
deps/obs-scripting/obslua/cmake/legacy.cmake,100.00
deps/obs-scripting/obspython/cmake/legacy.cmake,100.00
deps/w32-pthreads/cmake/legacy.cmake,100.00
deps/w32-pthreads/cmake/windows/obs-module.rc.in,100.00
libobs-opengl/cmake/legacy.cmake,100.00
libobs-opengl/cmake/windows/obs-module.rc.in,100.00
libobs/cmake/32bit-build.cmake,100.00
libobs/cmake/legacy.cmake,98.20
libobs/cmake/macos/Info.plist.in,96.55
libobs/cmake/macos/entitlements.plist,100.00
libobs/cmake/os-freebsd.cmake,100.00
libobs/cmake/os-linux.cmake,99.37
libobs/cmake/os-macos.cmake,98.85
libobs/cmake/os-windows.cmake,94.12
libobs/cmake/windows/obs-module.rc.in,100.00
plugins/aja/cmake/legacy.cmake,100.00
plugins/aja/cmake/macos/Info.plist.in,96.55
plugins/aja/cmake/windows/obs-module.rc.in,100.00
plugins/coreaudio-encoder/cmake/legacy.cmake,100.00
plugins/coreaudio-encoder/cmake/macos/Info.plist.in,96.55
plugins/coreaudio-encoder/cmake/windows/obs-module.rc.in,100.00
plugins/decklink/cmake/legacy.cmake,99.04
plugins/decklink/cmake/macos/Info.plist.in,96.55
plugins/decklink/cmake/windows/obs-module.rc.in,100.00
plugins/image-source/cmake/legacy.cmake,95.83
plugins/image-source/cmake/macos/Info.plist.in,96.55
plugins/image-source/cmake/windows/obs-module.rc.in,100.00
plugins/mac-avcapture/cmake/legacy.cmake,100.00
plugins/mac-avcapture/cmake/macos/Info.plist.in,96.55
plugins/mac-capture/cmake/legacy.cmake,100.00
plugins/mac-capture/cmake/macos/Info.plist.in,96.55
plugins/mac-syphon/cmake/legacy.cmake,100.00
plugins/mac-syphon/cmake/macos/Info.plist.in,96.55
plugins/mac-videotoolbox/cmake/legacy.cmake,100.00
plugins/mac-videotoolbox/cmake/macos/Info.plist.in,96.55
plugins/mac-virtualcam/cmake/legacy.cmake,100.00
plugins/mac-virtualcam/src/dal-plugin/cmake/legacy.cmake,100.00
plugins/mac-virtualcam/src/dal-plugin/cmake/macos/Info.plist.in,97.78
plugins/mac-virtualcam/src/obs-plugin/cmake/legacy.cmake,100.00
plugins/mac-virtualcam/src/obs-plugin/cmake/macos/Info.plist.in,91.18
plugins/obs-ffmpeg/cmake/legacy.cmake,76.16
plugins/obs-ffmpeg/cmake/macos/Info.plist.in,96.55
plugins/obs-ffmpeg/cmake/windows/obs-module.rc.in,100.00
plugins/obs-ffmpeg/ffmpeg-mux/cmake/legacy.cmake,100.00
plugins/obs-filters/cmake/legacy.cmake,99.47
plugins/obs-filters/cmake/macos/Info.plist.in,96.55
plugins/obs-filters/cmake/nvidia.cmake,82.61
plugins/obs-filters/cmake/rnnoise.cmake,100.00
plugins/obs-filters/cmake/speexdsp.cmake,100.00
plugins/obs-filters/cmake/windows/obs-module.rc.in,100.00
plugins/obs-outputs/cmake/ftl.cmake,100.00
plugins/obs-outputs/cmake/legacy.cmake,92.65
plugins/obs-outputs/cmake/macos/Info.plist.in,96.55
plugins/obs-outputs/cmake/windows/obs-module.rc.in,100.00
plugins/obs-transitions/cmake/legacy.cmake,100.00
plugins/obs-transitions/cmake/macos/Info.plist.in,97.78
plugins/obs-transitions/cmake/windows/obs-module.rc.in,100.00
plugins/obs-vst/cmake/legacy.cmake,98.75
plugins/obs-vst/cmake/macos/Info.plist.in,96.55
plugins/obs-x264/cmake/legacy.cmake,88.24
plugins/obs-x264/cmake/macos/Info.plist.in,96.55
plugins/obs-x264/cmake/windows/obs-module.rc.in,100.00
plugins/obs-x264/cmake/x264-test.cmake,100.00
plugins/rtmp-services/cmake/legacy.cmake,88.14
plugins/rtmp-services/cmake/macos/Info.plist.in,96.55
plugins/rtmp-services/cmake/windows/obs-module.rc.in,100.00
plugins/text-freetype2/cmake/legacy.cmake,100.00
plugins/text-freetype2/cmake/macos/Info.plist.in,96.55
plugins/text-freetype2/cmake/windows/obs-module.rc.in,100.00
plugins/vlc-video/cmake/legacy.cmake,100.00
plugins/vlc-video/cmake/macos/Info.plist.in,96.55
plugins/vlc-video/cmake/windows/obs-module.rc.in,100.00
CMakePresets.json,98.76
UI/frontend-plugins/frontend-tools/data/locale/be-BY.ini,100.00
plugins/aja/data/locale/be-BY.ini,100.00
plugins/aja/data/locale/hr-HR.ini,100.00
plugins/mac-videotoolbox/data/locale/en-GB.ini,100.00
plugins/obs-filters/data/locale/be-BY.ini,91.18
plugins/obs-text/data/locale/th-TH.ini,100.00
plugins/sndio/data/locale/th-TH.ini,100.00
plugins/vlc-video/data/locale/be-BY.ini,100.00
UI/cmake/macos/exportOptions-extension.plist.in,100.00
UI/cmake/macos/exportOptions.plist.in,100.00
plugins/mac-capture/CGDisplayStream.h,100.00
plugins/rtmp-services/data/schema/service-schema-v5.json,66.67
.github/workflows/clean-caches.yml,100.00
UI/cmake/feature-macos-update.cmake,55.56
UI/frontend-plugins/frontend-tools/data/locale/nn-NO.ini,100.00
plugins/aja/data/locale/nn-NO.ini,100.00
plugins/image-source/data/locale/be-BY.ini,100.00
plugins/linux-v4l2/data/locale/nn-NO.ini,100.00
plugins/obs-text/data/locale/be-BY.ini,100.00
plugins/obs-transitions/data/locale/eo-UY.ini,100.00
plugins/text-freetype2/data/locale/eo-UY.ini,100.00
cmake/Modules/FindFFnvcodec.cmake,98.97
cmake/finders/FindFFnvcodec.cmake,84.21
build-aux/README.md,93.67
build-aux/com.obsproject.Studio.json,96.61
build-aux/modules/10-mbedtls.json,100.00
build-aux/modules/20-aom.json,100.00
build-aux/modules/20-librist.json,100.00
build-aux/modules/20-nv-codec.json,100.00
build-aux/modules/20-srt.json,100.00
build-aux/modules/20-svt-av1.json,100.00
build-aux/modules/20-x264.json,100.00
build-aux/modules/30-ffmpeg.json,98.08
build-aux/modules/40-luajit.json,100.00
build-aux/modules/50-jansson.json,100.00
build-aux/modules/50-ntv2.json,100.00
build-aux/modules/50-pipewire.json,100.00
build-aux/modules/50-swig.json,100.00
build-aux/modules/50-v4l-utils.json,100.00
build-aux/modules/90-asio.json,100.00
build-aux/modules/90-nlohmann-json.json,100.00
build-aux/modules/90-websocketpp.json,100.00
build-aux/modules/99-cef.json,97.01
build-aux/format-manifest.py,68.75
plugins/mac-virtualcam/src/camera-extension/CMakeLists.txt,55.43
plugins/mac-virtualcam/src/camera-extension/OBSCameraDeviceSource.swift,89.44
plugins/mac-virtualcam/src/camera-extension/OBSCameraProviderSource.swift,100.00
plugins/mac-virtualcam/src/camera-extension/OBSCameraStreamSink.swift,100.00
plugins/mac-virtualcam/src/camera-extension/OBSCameraStreamSource.swift,100.00
plugins/mac-virtualcam/src/camera-extension/cmake/macos/Info.plist.in,100.00
plugins/mac-virtualcam/src/camera-extension/cmake/macos/entitlements.plist,100.00
plugins/mac-virtualcam/src/camera-extension/main.swift,100.00
UI/cmake/macos/entitlements-extension.plist,100.00
plugins/obs-ffmpeg/obs-nvenc-helpers.c,95.48
plugins/obs-ffmpeg/obs-nvenc-test/obs-nvenc-test.c,80.00
plugins/obs-ffmpeg/obs-nvenc.c,86.36
plugins/obs-ffmpeg/obs-nvenc.h,97.87
libobs/obsversion.c.in,100.00
libobs/obsversion.h,100.00
build-aux/modules/40-plog.json,85.71
build-aux/modules/40-usrsctp.json,95.45
build-aux/modules/50-libdatachannel.json,64.52
plugins/obs-webrtc/CMakeLists.txt,60.00
plugins/obs-webrtc/cmake/legacy.cmake,84.00
plugins/obs-webrtc/cmake/macos/Info.plist.in,96.55
plugins/obs-webrtc/cmake/windows/obs-module.rc.in,100.00
plugins/obs-webrtc/data/locale/en-US.ini,50.00
plugins/obs-webrtc/obs-webrtc.cpp,100.00
plugins/obs-webrtc/whip-output.cpp,70.60
plugins/obs-webrtc/whip-output.h,94.62
plugins/obs-webrtc/whip-service.cpp,87.60
plugins/obs-webrtc/whip-service.h,95.45
plugins/mac-syphon/SyphonOBSClient.h,100.00
plugins/mac-syphon/SyphonOBSClient.m,94.44
cmake/common/buildspec_common.cmake,100.00
cmake/32bit/projects.cmake,100.00
cmake/finders/FindAMF.cmake,100.00
cmake/finders/FindDetours.cmake,100.00
cmake/windows/FindPython.cmake,100.00
cmake/windows/buildspec.cmake,100.00
cmake/windows/compilerconfig.cmake,93.13
cmake/windows/cpackconfig.cmake,100.00
cmake/windows/defaults.cmake,100.00
cmake/windows/helpers.cmake,97.95
cmake/windows/idlfilehelper.cmake,100.00
UI/cmake/windows/obs.manifest,100.00
UI/cmake/windows/obs.rc.in,100.00
libobs-d3d11/cmake/legacy.cmake,98.04
libobs-d3d11/cmake/windows/obs-module.rc.in,100.00
libobs-winrt/cmake/legacy.cmake,97.06
plugins/obs-ffmpeg/obs-amf-test/cmake/legacy.cmake,100.00
plugins/obs-ffmpeg/obs-nvenc-test/cmake/legacy.cmake,100.00
plugins/obs-qsv11/cmake/legacy.cmake,79.11
plugins/obs-qsv11/cmake/windows/obs-module.rc.in,100.00
plugins/obs-qsv11/obs-qsv-test/cmake/legacy.cmake,68.75
plugins/obs-text/cmake/legacy.cmake,100.00
plugins/obs-text/cmake/windows/obs-module.rc.in,100.00
plugins/win-capture/cmake/32bit-build.cmake,100.00
plugins/win-capture/cmake/legacy.cmake,83.12
plugins/win-capture/get-graphics-offsets/cmake/32bit-build.cmake,100.00
plugins/win-capture/get-graphics-offsets/cmake/32bit.cmake,100.00
plugins/win-capture/get-graphics-offsets/cmake/legacy.cmake,100.00
plugins/win-capture/graphics-hook/cmake/32bit-build.cmake,100.00
plugins/win-capture/graphics-hook/cmake/32bit.cmake,100.00
plugins/win-capture/graphics-hook/cmake/legacy.cmake,93.55
plugins/win-capture/inject-helper/cmake/32bit-build.cmake,100.00
plugins/win-capture/inject-helper/cmake/32bit.cmake,100.00
plugins/win-capture/inject-helper/cmake/legacy.cmake,100.00
plugins/win-dshow/cmake/legacy.cmake,100.00
plugins/win-dshow/cmake/libdshowcapture.cmake,98.95
plugins/win-dshow/cmake/windows/obs-module.rc.in,100.00
plugins/win-dshow/virtualcam-module/cmake/32bit-build.cmake,100.00
plugins/win-dshow/virtualcam-module/cmake/32bit.cmake,100.00
plugins/win-dshow/virtualcam-module/cmake/legacy.cmake,100.00
plugins/win-dshow/virtualcam-module/cmake/windows/obs-module.rc.in,100.00
plugins/win-dshow/virtualcam-module/cmake/windows/virtualcam-module32.def,100.00
plugins/win-dshow/virtualcam-module/cmake/windows/virtualcam-module64.def,100.00
plugins/win-wasapi/cmake/legacy.cmake,90.00
plugins/win-wasapi/cmake/windows/obs-module.rc.in,100.00
.github/scripts/.Wingetfile,100.00
.github/scripts/Build-Windows.ps1,100.00
.github/scripts/Package-Windows.ps1,100.00
.github/scripts/utils.pwsh/Ensure-Location.ps1,100.00
.github/scripts/utils.pwsh/Expand-ArchiveExt.ps1,100.00
.github/scripts/utils.pwsh/Install-BuildDependencies.ps1,100.00
.github/scripts/utils.pwsh/Invoke-External.ps1,100.00
.github/scripts/utils.pwsh/Logger.ps1,100.00
cmake/macos/resources/package.applescript,100.00
plugins/mac-capture/mac-sck-common.h,87.88
plugins/mac-capture/mac-sck-common.m,98.55
plugins/mac-capture/mac-sck-video-capture.m,36.14
plugins/mac-capture/mac-sck-audio-capture.m,89.97
test/test-input/cmake/legacy.cmake,100.00
cmake/Modules/FindVPL.cmake,68.86
plugins/obs-qsv11/common_utils_linux.cpp,88.93
cmake/Modules/FindLibqrcodegencpp.cmake,100.00
cmake/finders/FindLibqrcodegencpp.cmake,100.00
build-aux/modules/50-libqrcodegencpp.json,100.00
.github/scripts/.Brewfile,100.00
.github/scripts/utils.zsh/check_macos,100.00
.github/scripts/utils.zsh/create_diskimage,84.71
.github/scripts/utils.zsh/log_debug,100.00
.github/scripts/utils.zsh/log_error,100.00
.github/scripts/utils.zsh/log_group,100.00
.github/scripts/utils.zsh/log_info,100.00
.github/scripts/utils.zsh/log_output,100.00
.github/scripts/utils.zsh/log_status,100.00
.github/scripts/utils.zsh/log_warning,100.00
.github/scripts/utils.zsh/mkcd,100.00
.github/scripts/utils.zsh/read_codesign,100.00
.github/scripts/utils.zsh/read_codesign_pass,85.71
.github/scripts/utils.zsh/read_codesign_team,100.00
.github/scripts/utils.zsh/read_codesign_user,100.00
.github/scripts/utils.zsh/run_xcodebuild,100.00
.github/scripts/utils.zsh/set_loglevel,100.00
.github/scripts/utils.zsh/setup_ccache,100.00
build-aux/.functions/log_debug,100.00
build-aux/.functions/log_error,100.00
build-aux/.functions/log_group,100.00
build-aux/.functions/log_info,100.00
build-aux/.functions/log_output,100.00
build-aux/.functions/log_status,100.00
build-aux/.functions/log_warning,100.00
build-aux/.functions/set_loglevel,100.00
build-aux/.run-format.zsh,95.28
build-aux/run-clang-format,100.00
build-aux/run-cmake-format,100.00
build-aux/run-swift-format,100.00
.github/scripts/.build.zsh,98.27
.github/scripts/.package.zsh,98.87
.github/scripts/build-macos,100.00
.github/scripts/package-macos,100.00
.github/scripts/.Aptfile,87.50
.github/scripts/build-linux,100.00
.github/scripts/package-linux,100.00
.github/scripts/utils.zsh/check_linux,100.00
.github/scripts/utils.zsh/setup_linux,98.96
.github/actions/build-obs/action.yaml,96.00
.github/actions/check-changes/action.yaml,100.00
.github/actions/flatpak-manifest-validator/action.yaml,100.00
.github/actions/generate-docs/action.yaml,98.70
.github/actions/package-obs/action.yaml,100.00
.github/actions/qt-xml-validator/action.yaml,95.56
.github/actions/run-clang-format/action.yaml,93.62
.github/actions/run-cmake-format/action.yaml,97.62
.github/actions/run-swift-format/action.yaml,97.62
.github/actions/services-validator/action.yaml,87.77
.github/actions/setup-macos-codesigning/action.yaml,94.27
.github/actions/sparkle-appcast/action.yaml,89.49
.github/actions/sparkle-appcast/appcast_adjust.xslt,100.00
.github/actions/sparkle-appcast/appcast_legacy.xslt,100.00
.github/actions/steam-upload/action.yaml,91.90
.github/scripts/utils.py/check-jsonschema.py,100.00
.github/scripts/utils.py/check-services.py,83.19
build-aux/steam/obs_build.vdf,100.00
build-aux/steam/obs_playtest_build.vdf,100.00
build-aux/steam/scripts_macos/launch.sh,100.00
build-aux/steam/scripts_windows/install.bat,100.00
build-aux/steam/scripts_windows/installscript.vdf,100.00
build-aux/steam/scripts_windows/uninstall.bat,97.06
.github/actions/compatibility-validator/action.yaml,98.44
.github/workflows/build-project.yaml,81.70
.github/workflows/check-format.yaml,87.18
.github/workflows/dispatch.yaml,78.12
.github/workflows/pr-pull.yaml,89.62
.github/workflows/publish.yaml,63.64
.github/workflows/push.yaml,64.53
.github/workflows/scheduled.yaml,90.57
plugins/obs-webrtc/whip-utils.h,73.77
UI/data/themes/Dark/network-disconnected.svg,100.00
UI/data/themes/Dark/network-inactive.svg,100.00
UI/data/themes/Dark/recording-inactive.svg,100.00
UI/data/themes/Dark/recording-pause-inactive.svg,100.00
UI/data/themes/Dark/streaming-inactive.svg,100.00
UI/forms/StatusBarWidget.ui,100.00
UI/forms/images/network-bad.svg,100.00
UI/forms/images/network-disconnected.svg,100.00
UI/forms/images/network-excellent.svg,100.00
UI/forms/images/network-good.svg,100.00
UI/forms/images/network-inactive.svg,100.00
UI/forms/images/network-mediocre.svg,100.00
UI/win-update/updater/manifest.hpp,98.00
UI/update/models/branches.hpp,95.56
UI/update/models/whatsnew.hpp,96.88
deps/happy-eyeballs/CMakeLists.txt,64.00
deps/happy-eyeballs/happy-eyeballs.c,100.00
deps/happy-eyeballs/happy-eyeballs.h,100.00
build-aux/modules/50-rnnoise.json,100.00
UI/ffmpeg-utils.cpp,97.90
UI/ffmpeg-utils.hpp,98.15
UI/window-dock-youtube-app.cpp,85.31
UI/window-dock-youtube-app.hpp,87.10
cmake/finders/FindVPL.cmake,87.73
UI/data/locale/is-IS.ini,93.75
UI/frontend-plugins/aja-output-ui/data/locale/af-ZA.ini,100.00
UI/frontend-plugins/aja-output-ui/data/locale/en-GB.ini,100.00
UI/frontend-plugins/frontend-tools/data/locale/is-IS.ini,100.00
plugins/aja/data/locale/af-ZA.ini,100.00
plugins/aja/data/locale/en-GB.ini,100.00
plugins/decklink/data/locale/af-ZA.ini,100.00
plugins/image-source/data/locale/af-ZA.ini,100.00
plugins/linux-alsa/data/locale/af-ZA.ini,100.00
plugins/linux-alsa/data/locale/is-IS.ini,100.00
plugins/linux-capture/data/locale/af-ZA.ini,100.00
plugins/linux-jack/data/locale/af-ZA.ini,100.00
plugins/linux-pipewire/data/locale/af-ZA.ini,100.00
plugins/linux-pipewire/data/locale/en-GB.ini,100.00
plugins/linux-pulseaudio/data/locale/af-ZA.ini,100.00
plugins/linux-pulseaudio/data/locale/is-IS.ini,100.00
plugins/linux-v4l2/data/locale/af-ZA.ini,100.00
plugins/mac-avcapture/data/locale/is-IS.ini,100.00
plugins/mac-capture/data/locale/af-ZA.ini,100.00
plugins/mac-capture/data/locale/is-IS.ini,100.00
plugins/mac-syphon/data/locale/af-ZA.ini,100.00
plugins/mac-videotoolbox/data/locale/af-ZA.ini,100.00
plugins/mac-virtualcam/src/obs-plugin/data/locale/af-ZA.ini,100.00
plugins/obs-ffmpeg/data/locale/is-IS.ini,100.00
plugins/obs-filters/data/locale/af-ZA.ini,100.00
plugins/obs-outputs/data/locale/af-ZA.ini,100.00
plugins/obs-outputs/data/locale/is-IS.ini,100.00
plugins/obs-qsv11/data/locale/af-ZA.ini,100.00
plugins/obs-qsv11/data/locale/is-IS.ini,100.00
plugins/obs-text/data/locale/af-ZA.ini,100.00
plugins/obs-transitions/data/locale/af-ZA.ini,100.00
plugins/obs-vst/data/locale/en-GB.ini,100.00
plugins/obs-vst/data/locale/si-LK.ini,100.00
plugins/obs-webrtc/data/locale/bg-BG.ini,100.00
plugins/obs-webrtc/data/locale/ca-ES.ini,100.00
plugins/obs-webrtc/data/locale/cs-CZ.ini,100.00
plugins/obs-webrtc/data/locale/de-DE.ini,100.00
plugins/obs-webrtc/data/locale/en-GB.ini,100.00
plugins/obs-webrtc/data/locale/es-ES.ini,100.00
plugins/obs-webrtc/data/locale/et-EE.ini,100.00
plugins/obs-webrtc/data/locale/fi-FI.ini,100.00
plugins/obs-webrtc/data/locale/fr-FR.ini,100.00
plugins/obs-webrtc/data/locale/he-IL.ini,100.00
plugins/obs-webrtc/data/locale/hi-IN.ini,100.00
plugins/obs-webrtc/data/locale/hr-HR.ini,100.00
plugins/obs-webrtc/data/locale/hu-HU.ini,100.00
plugins/obs-webrtc/data/locale/hy-AM.ini,100.00
plugins/obs-webrtc/data/locale/id-ID.ini,100.00
plugins/obs-webrtc/data/locale/it-IT.ini,100.00
plugins/obs-webrtc/data/locale/ja-JP.ini,100.00
plugins/obs-webrtc/data/locale/ka-GE.ini,100.00
plugins/obs-webrtc/data/locale/ko-KR.ini,100.00
plugins/obs-webrtc/data/locale/nl-NL.ini,100.00
plugins/obs-webrtc/data/locale/pl-PL.ini,100.00
plugins/obs-webrtc/data/locale/pt-BR.ini,100.00
plugins/obs-webrtc/data/locale/pt-PT.ini,100.00
plugins/obs-webrtc/data/locale/ru-RU.ini,77.78
plugins/obs-webrtc/data/locale/si-LK.ini,100.00
plugins/obs-webrtc/data/locale/sk-SK.ini,100.00
plugins/obs-webrtc/data/locale/sl-SI.ini,100.00
plugins/obs-webrtc/data/locale/sv-SE.ini,100.00
plugins/obs-webrtc/data/locale/tr-TR.ini,100.00
plugins/obs-webrtc/data/locale/uk-UA.ini,100.00
plugins/obs-webrtc/data/locale/vi-VN.ini,100.00
plugins/obs-webrtc/data/locale/zh-CN.ini,100.00
plugins/obs-webrtc/data/locale/zh-TW.ini,100.00
plugins/oss-audio/data/locale/af-ZA.ini,100.00
plugins/sndio/data/locale/af-ZA.ini,100.00
plugins/text-freetype2/data/locale/af-ZA.ini,100.00
plugins/vlc-video/data/locale/af-ZA.ini,100.00
plugins/win-dshow/data/locale/af-ZA.ini,100.00
plugins/win-wasapi/data/locale/af-ZA.ini,100.00
build-aux/modules/50-intel-media-sdk.json,100.00
build-aux/modules/50-onevpl-intel-gpu.json,100.00
build-aux/modules/50-onevpl.json,100.00
deps/blake2/LICENSE.blake2,100.00
deps/media-playback/LICENSE.media-playback,100.00
libobs/graphics/libnsgif/LICENSE.libnsgif,100.00
libobs/util/simde/LICENSE.simde,100.00
plugins/decklink/LICENSE.decklink-sdk,100.00
plugins/obs-qsv11/obs-qsv11-LICENSE.txt,100.00
cmake/Modules/Findqrcodegencpp.cmake,100.00
cmake/finders/Findqrcodegencpp.cmake,100.00
UI/frontend-plugins/aja-output-ui/data/locale/hr-HR.ini,100.00
plugins/coreaudio-encoder/data/locale/af-ZA.ini,100.00
plugins/mac-avcapture/data/locale/af-ZA.ini,100.00
plugins/mac-virtualcam/src/obs-plugin/data/locale/bg-BG.ini,100.00
plugins/obs-ffmpeg/data/locale/af-ZA.ini,100.00
plugins/obs-vst/data/locale/af-ZA.ini,100.00
plugins/obs-webrtc/data/locale/af-ZA.ini,100.00
plugins/obs-x264/data/locale/af-ZA.ini,100.00
plugins/rtmp-services/data/locale/af-ZA.ini,100.00
plugins/win-capture/data/locale/af-ZA.ini,100.00
plugins/win-capture/data/locale/is-IS.ini,50.00
libobs/obs-av1.c,50.20
libobs/obs-av1.h,63.64
plugins/win-wasapi/wasapi-notify.cpp,90.98
plugins/win-wasapi/wasapi-notify.hpp,91.89
.github/actions/flatpak-builder-lint/action.yaml,70.71
plugins/linux-pipewire/data/locale/hr-HR.ini,100.00
plugins/linux-pipewire/data/locale/nb-NO.ini,66.67
plugins/linux-v4l2/data/locale/be-BY.ini,100.00
plugins/mac-avcapture/data/locale/be-BY.ini,100.00
plugins/obs-libfdk/data/locale/af-ZA.ini,100.00
plugins/obs-webrtc/data/locale/el-GR.ini,100.00
plugins/obs-webrtc/data/locale/fa-IR.ini,100.00
plugins/obs-webrtc/data/locale/ms-MY.ini,100.00
plugins/obs-webrtc/data/locale/nb-NO.ini,100.00
plugins/text-freetype2/data/locale/be-BY.ini,100.00
plugins/win-wasapi/data/locale/is-IS.ini,100.00
plugins/win-capture/audio-helpers.c,93.33
plugins/win-capture/audio-helpers.h,96.55
deps/obs-scripting/cmake/cstrcache.cmake,100.00
libobs/cmake/obs-version.cmake,100.00
plugins/obs-ffmpeg/cmake/dependencies.cmake,94.12
cmake/common/policies.cmake,100.00
.github/actions/bouf/Ensure-Location.ps1,100.00
.github/actions/bouf/Invoke-External.ps1,100.00
.github/actions/bouf/Logger.ps1,100.00
.github/actions/bouf/action.yaml,100.00
.github/actions/bouf/cng-release-signing-key.pem,100.00
.github/actions/bouf/config.toml,100.00
.github/actions/bouf/test.crt,100.00
plugins/image-source/obs-slideshow-mk2.c,90.42
plugins/linux-pipewire/camera-portal.c,51.79
plugins/linux-pipewire/camera-portal.h,100.00
plugins/linux-pipewire/formats.c,98.39
plugins/linux-pipewire/formats.h,97.50
libobs/util/deque.h,97.05
docs/sphinx/reference-libobs-util-deque.rst,98.75
plugins/mac-avcapture/OBSAVCapture.h,100.00
plugins/mac-avcapture/OBSAVCapture.m,100.00
plugins/mac-avcapture/OBSAVCapturePresetInfo.h,100.00
plugins/mac-avcapture/OBSAVCapturePresetInfo.m,100.00
plugins/mac-avcapture/legacy/CMakeLists.txt,97.56
plugins/mac-avcapture/legacy/av-capture.mm,100.00
plugins/mac-avcapture/legacy/scope-guard.hpp,100.00
plugins/mac-avcapture/plugin-main.h,100.00
plugins/mac-avcapture/plugin-main.m,89.76
plugins/mac-avcapture/plugin-properties.h,100.00
plugins/mac-avcapture/plugin-properties.m,100.00
build-aux/modules/patches/intel-media-sdk/010-intel-media-sdk-fix-reproducible-build.patch,100.00
build-aux/modules/patches/intel-media-sdk/020-intel-media-sdk-gcc13-fix.patch,100.00
build-aux/modules/50-libvpl.json,100.00
UI/data/locale/ug-CN.ini,100.00
UI/frontend-plugins/aja-output-ui/data/locale/th-TH.ini,100.00
UI/frontend-plugins/aja-output-ui/data/locale/ug-CN.ini,100.00
UI/frontend-plugins/frontend-tools/data/locale/ug-CN.ini,100.00
plugins/aja/data/locale/ug-CN.ini,100.00
plugins/coreaudio-encoder/data/locale/ug-CN.ini,100.00
plugins/decklink/data/locale/be-BY.ini,100.00
plugins/decklink/data/locale/ug-CN.ini,100.00
plugins/image-source/data/locale/ug-CN.ini,100.00
plugins/linux-alsa/data/locale/ug-CN.ini,100.00
plugins/linux-capture/data/locale/ug-CN.ini,100.00
plugins/linux-jack/data/locale/ug-CN.ini,100.00
plugins/linux-pipewire/data/locale/ug-CN.ini,100.00
plugins/linux-pulseaudio/data/locale/ug-CN.ini,100.00
plugins/linux-v4l2/data/locale/ug-CN.ini,100.00
plugins/mac-avcapture/data/locale/ug-CN.ini,100.00
plugins/mac-capture/data/locale/ug-CN.ini,100.00
plugins/mac-syphon/data/locale/ug-CN.ini,100.00
plugins/mac-videotoolbox/data/locale/ug-CN.ini,100.00
plugins/obs-ffmpeg/data/locale/be-BY.ini,100.00
plugins/obs-ffmpeg/data/locale/ug-CN.ini,89.25
plugins/obs-filters/data/locale/ug-CN.ini,100.00
plugins/obs-libfdk/data/locale/ug-CN.ini,100.00
plugins/obs-outputs/data/locale/ug-CN.ini,100.00
plugins/obs-qsv11/data/locale/ug-CN.ini,100.00
plugins/obs-text/data/locale/ug-CN.ini,100.00
plugins/obs-transitions/data/locale/be-BY.ini,60.76
plugins/obs-transitions/data/locale/ug-CN.ini,100.00
plugins/obs-vst/data/locale/ug-CN.ini,100.00
plugins/obs-webrtc/data/locale/da-DK.ini,100.00
plugins/obs-webrtc/data/locale/ug-CN.ini,100.00
plugins/obs-x264/data/locale/ug-CN.ini,100.00
plugins/oss-audio/data/locale/ug-CN.ini,100.00
plugins/rtmp-services/data/locale/ug-CN.ini,100.00
plugins/sndio/data/locale/ug-CN.ini,100.00
plugins/text-freetype2/data/locale/ug-CN.ini,100.00
plugins/vlc-video/data/locale/ug-CN.ini,100.00
plugins/win-capture/data/locale/be-BY.ini,98.21
plugins/win-capture/data/locale/ug-CN.ini,100.00
plugins/win-dshow/data/locale/be-BY.ini,100.00
plugins/win-dshow/data/locale/ug-CN.ini,100.00
plugins/win-wasapi/data/locale/ug-CN.ini,100.00
.github/actions/bouf/prod.crt,100.00
.github/workflows/sign-windows.yaml,100.00
UI/data/locale/kaa.ini,100.00
UI/frontend-plugins/aja-output-ui/data/locale/kaa.ini,100.00
UI/frontend-plugins/frontend-tools/data/locale/kaa.ini,100.00
plugins/aja/data/locale/bn-BD.ini,100.00
plugins/aja/data/locale/kaa.ini,100.00
plugins/decklink/data/locale/kaa.ini,100.00
plugins/image-source/data/locale/kaa.ini,100.00
plugins/linux-alsa/data/locale/kaa.ini,100.00
plugins/linux-capture/data/locale/kaa.ini,100.00
plugins/linux-jack/data/locale/kaa.ini,100.00
plugins/linux-pipewire/data/locale/kaa.ini,100.00
plugins/linux-pulseaudio/data/locale/kaa.ini,100.00
plugins/linux-v4l2/data/locale/kaa.ini,100.00
plugins/mac-avcapture/data/locale/kaa.ini,100.00
plugins/mac-capture/data/locale/kaa.ini,100.00
plugins/mac-syphon/data/locale/kaa.ini,100.00
plugins/mac-videotoolbox/data/locale/kaa.ini,100.00
plugins/mac-virtualcam/src/obs-plugin/data/locale/kaa.ini,100.00
plugins/obs-ffmpeg/data/locale/kaa.ini,100.00
plugins/obs-filters/data/locale/kaa.ini,100.00
plugins/obs-libfdk/data/locale/kaa.ini,100.00
plugins/obs-outputs/data/locale/be-BY.ini,85.71
plugins/obs-outputs/data/locale/kaa.ini,100.00
plugins/obs-qsv11/data/locale/kaa.ini,100.00
plugins/obs-text/data/locale/kaa.ini,100.00
plugins/obs-transitions/data/locale/kaa.ini,100.00
plugins/obs-vst/data/locale/kaa.ini,100.00
plugins/obs-webrtc/data/locale/kaa.ini,100.00
plugins/obs-x264/data/locale/kaa.ini,100.00
plugins/oss-audio/data/locale/kaa.ini,100.00
plugins/rtmp-services/data/locale/kaa.ini,100.00
plugins/sndio/data/locale/kaa.ini,100.00
plugins/text-freetype2/data/locale/kaa.ini,100.00
plugins/vlc-video/data/locale/kaa.ini,100.00
plugins/win-capture/data/locale/kaa.ini,100.00
plugins/win-dshow/data/locale/kaa.ini,100.00
plugins/win-wasapi/data/locale/kaa.ini,100.00
plugins/obs-qsv11/data/locale/be-BY.ini,100.00
plugins/obs-webrtc/data/locale/be-BY.ini,100.00
UI/xdg-data/com.obsproject.Studio.metainfo.xml.in,100.00
cmake/Modules/FindUthash.cmake,100.00
cmake/finders/FindUthash.cmake,80.00
build-aux/modules/90-uthash.json,100.00
cmake/finders/FindGio.cmake,100.00
cmake/finders/FindJack.cmake,100.00
cmake/finders/FindLibUUID.cmake,100.00
cmake/finders/FindLibdrm.cmake,100.00
cmake/finders/FindLibfdk.cmake,100.00
cmake/finders/FindLibpci.cmake,100.00
cmake/finders/FindLibudev.cmake,100.00
cmake/finders/FindLibv4l2.cmake,100.00
cmake/finders/FindLibva.cmake,100.00
cmake/finders/FindOSS.cmake,100.00
cmake/finders/FindPipeWire.cmake,100.00
cmake/finders/FindPulseAudio.cmake,100.00
cmake/finders/FindSndio.cmake,100.00
cmake/finders/FindSysinfo.cmake,100.00
cmake/finders/FindWayland.cmake,100.00
cmake/finders/FindX11-xcb.cmake,100.00
cmake/finders/FindXcb.cmake,100.00
cmake/finders/FindXkbcommon.cmake,100.00
cmake/linux/compilerconfig.cmake,98.46
cmake/linux/cpackconfig.cmake,98.04
cmake/linux/defaults.cmake,95.45
cmake/linux/helpers.cmake,95.34
cmake/linux/toolchain-aarch64-clang.cmake,100.00
cmake/linux/toolchain-aarch64-gcc.cmake,100.00
cmake/linux/toolchain-x86_64-gcc.cmake,100.00
libobs/cmake/linux/libobs.pc.in,100.00
plugins/linux-alsa/cmake/legacy.cmake,100.00
plugins/linux-capture/cmake/legacy.cmake,100.00
plugins/linux-jack/cmake/legacy.cmake,100.00
plugins/linux-pipewire/cmake/legacy.cmake,100.00
plugins/linux-pulseaudio/cmake/legacy.cmake,100.00
plugins/linux-v4l2/cmake/legacy.cmake,100.00
plugins/obs-libfdk/cmake/legacy.cmake,100.00
plugins/oss-audio/cmake/legacy.cmake,100.00
plugins/sndio/cmake/legacy.cmake,100.00
UI/obs-frontend-api/cmake/linux/obs-frontend-api.pc.in,100.00
.github/scripts/utils.zsh/check_ubuntu,100.00
.github/scripts/utils.zsh/setup_ubuntu,73.33
libobs/util/pipe.c,98.70
UI/data/themes/Dark/settings/appearance.svg,66.67
UI/forms/images/settings/appearance.svg,66.67
UI/obs-app-theming.cpp,89.75
UI/obs-app-theming.hpp,100.00
UI/window-basic-settings-appearance.cpp,93.38
UI/data/themes/Light/settings/appearance.svg,66.67
UI/data/themes/System.obt,90.00
UI/data/themes/Yami.obt,98.36
UI/data/themes/Yami_Acri.ovt,94.90
UI/data/themes/Yami_Classic.ovt,95.86
UI/data/themes/Yami_Default.ovt,100.00
UI/data/themes/Yami_Grey.ovt,100.00
UI/data/themes/Yami_Light.ovt,95.48
UI/data/themes/Yami_Rachni.ovt,92.89
.github/actions/windows-signing/action.yaml,100.00
.github/actions/windows-signing/config.toml,100.00
.github/actions/windows-patches/Ensure-Location.ps1,100.00
.github/actions/windows-patches/Invoke-External.ps1,100.00
.github/actions/windows-patches/Logger.ps1,100.00
.github/actions/windows-patches/action.yaml,98.40
.github/actions/windows-patches/config.toml,100.00
UI/cmake/linux/com.obsproject.Studio.metainfo.xml.in,100.00
build-aux/modules/20-aom.json.disabled,100.00
build-aux/modules/50-vpl-gpu-rt.json,100.00
libobs/util/buffered-file-serializer.c,95.17
libobs/util/buffered-file-serializer.h,94.44
UI/absolute-slider.cpp,90.00
UI/absolute-slider.hpp,91.67
plugins/obs-outputs/mp4-mux-internal.h,99.42
plugins/obs-outputs/mp4-mux.c,97.04
plugins/obs-outputs/mp4-mux.h,95.56
plugins/obs-outputs/mp4-output.c,94.51
.github/actions/windows-analysis/Invoke-External.ps1,100.00
.github/actions/windows-analysis/Logger.ps1,100.00
.github/actions/windows-analysis/action.yaml,100.00
.github/actions/windows-analysis/obs.pvsconfig,100.00
.github/workflows/analyze-project.yaml,70.07
UI/goliveapi-censoredjson.cpp,97.80
UI/goliveapi-censoredjson.hpp,100.00
UI/goliveapi-network.cpp,84.95
UI/goliveapi-network.hpp,94.12
UI/goliveapi-postdata.cpp,83.33
UI/goliveapi-postdata.hpp,85.71
UI/models/multitrack-video.hpp,85.42
UI/multitrack-video-error.cpp,79.31
UI/multitrack-video-error.hpp,95.65
UI/multitrack-video-output.cpp,79.18
UI/multitrack-video-output.hpp,90.22
UI/qt-helpers.cpp,100.00
UI/qt-helpers.hpp,100.00
UI/system-info-macos.mm,100.00
UI/system-info-posix.cpp,100.00
UI/system-info-windows.cpp,90.55
UI/system-info.hpp,100.00
UI/basic-controls.cpp,86.81
UI/basic-controls.hpp,100.00
UI/forms/OBSBasicControls.ui,95.66
UI/noncheckable-button.hpp,92.00
UI/data/locale/tt-RU.ini,100.00
UI/frontend-plugins/aja-output-ui/data/locale/bg-BG.ini,100.00
UI/frontend-plugins/aja-output-ui/data/locale/tt-RU.ini,100.00
UI/frontend-plugins/frontend-tools/data/locale/tt-RU.ini,100.00
plugins/aja/data/locale/tt-RU.ini,100.00
plugins/coreaudio-encoder/data/locale/tt-RU.ini,100.00
plugins/decklink/data/locale/tt-RU.ini,100.00
plugins/image-source/data/locale/tt-RU.ini,100.00
plugins/linux-alsa/data/locale/tt-RU.ini,100.00
plugins/linux-capture/data/locale/tt-RU.ini,100.00
plugins/linux-jack/data/locale/th-TH.ini,100.00
plugins/linux-jack/data/locale/tt-RU.ini,100.00
plugins/linux-pipewire/data/locale/be-BY.ini,100.00
plugins/linux-pipewire/data/locale/tt-RU.ini,100.00
plugins/linux-pulseaudio/data/locale/tt-RU.ini,100.00
plugins/linux-v4l2/data/locale/tt-RU.ini,100.00
plugins/mac-avcapture/data/locale/tt-RU.ini,100.00
plugins/mac-capture/data/locale/be-BY.ini,100.00
plugins/mac-capture/data/locale/tt-RU.ini,100.00
plugins/mac-syphon/data/locale/tt-RU.ini,100.00
plugins/mac-videotoolbox/data/locale/be-BY.ini,100.00
plugins/mac-videotoolbox/data/locale/tt-RU.ini,100.00
plugins/obs-ffmpeg/data/locale/tt-RU.ini,100.00
plugins/obs-filters/data/locale/tt-RU.ini,100.00
plugins/obs-libfdk/data/locale/tt-RU.ini,100.00
plugins/obs-outputs/data/locale/tt-RU.ini,100.00
plugins/obs-qsv11/data/locale/tt-RU.ini,100.00
plugins/obs-text/data/locale/tt-RU.ini,100.00
plugins/obs-transitions/data/locale/tt-RU.ini,100.00
plugins/obs-webrtc/data/locale/ar-SA.ini,100.00
plugins/obs-x264/data/locale/tt-RU.ini,100.00
plugins/rtmp-services/data/locale/tt-RU.ini,100.00
plugins/sndio/data/locale/tt-RU.ini,100.00
plugins/text-freetype2/data/locale/tt-RU.ini,100.00
plugins/vlc-video/data/locale/tt-RU.ini,100.00
plugins/win-capture/data/locale/tt-RU.ini,100.00
plugins/win-dshow/data/locale/tt-RU.ini,100.00
plugins/win-wasapi/data/locale/tt-RU.ini,100.00
shared/file-updater/CMakeLists.txt,100.00
shared/file-updater/file-updater/file-updater.c,100.00
shared/file-updater/file-updater/file-updater.h,100.00
shared/happy-eyeballs/CMakeLists.txt,100.00
shared/happy-eyeballs/happy-eyeballs.c,67.21
shared/happy-eyeballs/happy-eyeballs.h,100.00
shared/ipc-util/CMakeLists.txt,100.00
shared/ipc-util/ipc-util/pipe-windows.c,100.00
shared/ipc-util/ipc-util/pipe.h,100.00
shared/media-playback/CMakeLists.txt,100.00
shared/media-playback/media-playback/cache.c,100.00
shared/media-playback/media-playback/decode.c,93.10
shared/media-playback/media-playback/decode.h,100.00
shared/media-playback/media-playback/media-playback.c,100.00
shared/media-playback/media-playback/media-playback.h,100.00
shared/media-playback/media-playback/media.c,97.44
shared/obs-scripting/CMakeLists.txt,100.00
shared/obs-scripting/cmake/legacy.cmake,100.00
shared/obs-scripting/cmake/lua.cmake,100.00
shared/obs-scripting/cmake/python.cmake,100.00
shared/obs-scripting/obs-scripting-callback.h,100.00
shared/obs-scripting/obs-scripting-internal.h,100.00
shared/obs-scripting/obs-scripting-logging.c,100.00
shared/obs-scripting/obs-scripting-lua-frontend.c,100.00
shared/obs-scripting/obs-scripting-lua-source.c,100.00
shared/obs-scripting/obs-scripting-lua.c,100.00
shared/obs-scripting/obs-scripting-lua.h,84.21
shared/obs-scripting/obs-scripting-python-frontend.c,100.00
shared/obs-scripting/obs-scripting-python-import.c,86.67
shared/obs-scripting/obs-scripting-python-import.h,100.00
shared/obs-scripting/obs-scripting-python.c,96.92
shared/obs-scripting/obs-scripting-python.h,100.00
shared/obs-scripting/obs-scripting.c,100.00
shared/obs-scripting/obs-scripting.h,100.00
shared/obs-scripting/obslua/CMakeLists.txt,100.00
shared/obs-scripting/obspython/CMakeLists.txt,100.00
shared/opts-parser/CMakeLists.txt,100.00
shared/opts-parser/opts-parser.c,66.67
shared/qt/wrappers/CMakeLists.txt,91.67
shared/qt/wrappers/qt-wrappers.cpp,74.29
shared/qt/wrappers/qt-wrappers.hpp,85.00
shared/qt/plain-text-edit/CMakeLists.txt,91.67
shared/qt/plain-text-edit/plain-text-edit.cpp,66.67
shared/qt/plain-text-edit/plain-text-edit.hpp,100.00
shared/qt/vertical-scroll-area/CMakeLists.txt,91.67
shared/qt/vertical-scroll-area/vertical-scroll-area.cpp,100.00
shared/qt/slider-ignorewheel/CMakeLists.txt,84.62
shared/qt/slider-ignorewheel/slider-ignorewheel.cpp,66.67
shared/qt/slider-ignorewheel/slider-ignorewheel.hpp,66.67
shared/properties-view/CMakeLists.txt,60.71
shared/properties-view/double-slider.cpp,75.00
shared/properties-view/double-slider.hpp,100.00
shared/properties-view/properties-view.cpp,57.43
shared/properties-view/properties-view.hpp,100.00
shared/properties-view/properties-view.moc.hpp,100.00
shared/properties-view/spinbox-ignorewheel.cpp,100.00
plugins/nv-filters/CMakeLists.txt,97.14
plugins/nv-filters/cmake/windows/obs-module.rc.in,100.00
plugins/nv-filters/data/color.effect,98.96
plugins/nv-filters/data/locale/en-US.ini,100.00
plugins/nv-filters/data/rtx_greenscreen.effect,100.00
plugins/nv-filters/nv-filters.c,100.00
plugins/nv-filters/nv_sdk_versions.h,100.00
plugins/nv-filters/nvafx-load.h,90.40
plugins/nv-filters/nvidia-audiofx-filter.c,92.40
plugins/nv-filters/nvidia-greenscreen-filter.c,100.00
plugins/nv-filters/nvvfx-load.h,99.01
plugins/obs-nvenc/CMakeLists.txt,72.50
plugins/obs-nvenc/cmake/windows/obs-module.rc.in,100.00
plugins/obs-nvenc/cuda-helpers.c,92.47
plugins/obs-nvenc/cuda-helpers.h,95.65
plugins/obs-nvenc/data/locale/en-US.ini,96.00
plugins/obs-nvenc/nvenc-compat.c,91.85
plugins/obs-nvenc/nvenc-cuda.c,95.04
plugins/obs-nvenc/nvenc-d3d11.c,95.21
plugins/obs-nvenc/nvenc-helpers.c,92.78
plugins/obs-nvenc/nvenc-helpers.h,94.68
plugins/obs-nvenc/nvenc-internal.h,96.80
plugins/obs-nvenc/nvenc-opengl.c,92.94
plugins/obs-nvenc/nvenc-opts-parser.c,92.33
plugins/obs-nvenc/nvenc-properties.c,88.41
plugins/obs-nvenc/nvenc.c,95.09
plugins/obs-nvenc/obs-nvenc-test/CMakeLists.txt,92.31
plugins/obs-nvenc/obs-nvenc-test/obs-nvenc-test.cpp,93.01
plugins/obs-nvenc/obs-nvenc.c,100.00
plugins/obs-nvenc/obs-nvenc.h,100.00
libobs/util/source-profiler.c,96.84
libobs/util/source-profiler.h,98.53
docs/sphinx/reference-libobs-util-source-profiler.rst,100.00
.gersemirc,100.00
.github/actions/run-gersemi/action.yaml,100.00
UI/preview-controls.cpp,97.16
UI/preview-controls.hpp,98.78
shared/obs-d3d8-api/.clang-format,100.00
shared/obs-d3d8-api/CMakeLists.txt,100.00
shared/obs-d3d8-api/d3d8.h,100.00
shared/obs-d3d8-api/d3d8caps.h,100.00
shared/obs-d3d8-api/d3d8types.h,100.00
shared/obs-hook-config/CMakeLists.txt,100.00
shared/obs-hook-config/graphics-hook-info.h,97.95
shared/obs-hook-config/graphics-hook-ver.h,83.33
shared/obs-hook-config/hook-helpers.h,100.00
shared/obs-inject-library/CMakeLists.txt,100.00
shared/obs-inject-library/inject-library.c,89.76
shared/obs-inject-library/inject-library.h,80.00
shared/obs-shared-memory-queue/CMakeLists.txt,100.00
shared/obs-shared-memory-queue/shared-memory-queue.c,96.98
shared/obs-shared-memory-queue/shared-memory-queue.h,90.24
shared/obs-tiny-nv12-scale/CMakeLists.txt,100.00
shared/obs-tiny-nv12-scale/tiny-nv12-scale.c,96.73
shared/obs-tiny-nv12-scale/tiny-nv12-scale.h,97.14
cmake/windows/architecture.cmake,100.00
deps/libdshowcapture/CMakeLists.txt,97.73
deps/libdshowcapture/src,100.00
plugins/nv-filters/data/rtx_blur.effect,100.00
plugins/nv-filters/nvidia-videofx-filter.c,82.02
shared/qt/icon-label/CMakeLists.txt,91.67
shared/qt/icon-label/icon-label.hpp,93.33
shared/bpm/CMakeLists.txt,92.31
shared/bpm/bpm-internal.h,92.56
shared/bpm/bpm.c,90.93
shared/bpm/bpm.h,96.30
plugins/rtmp-services/service-specific/amazon-ivs.c,82.86
plugins/rtmp-services/service-specific/amazon-ivs.h,100.00
plugins/rtmp-services/service-specific/service-ingest.c,97.07
plugins/rtmp-services/service-specific/service-ingest.h,94.12
plugins/linux-capture/data/locale/th-TH.ini,100.00
plugins/mac-syphon/data/locale/th-TH.ini,100.00
plugins/mac-virtualcam/src/obs-plugin/data/locale/is-IS.ini,100.00
plugins/mac-virtualcam/src/obs-plugin/data/locale/ug-CN.ini,100.00
plugins/nv-filters/data/locale/ar-SA.ini,100.00
plugins/nv-filters/data/locale/be-BY.ini,100.00
plugins/nv-filters/data/locale/ca-ES.ini,100.00
plugins/nv-filters/data/locale/cs-CZ.ini,100.00
plugins/nv-filters/data/locale/de-DE.ini,100.00
plugins/nv-filters/data/locale/en-GB.ini,100.00
plugins/nv-filters/data/locale/es-ES.ini,100.00
plugins/nv-filters/data/locale/et-EE.ini,100.00
plugins/nv-filters/data/locale/fa-IR.ini,100.00
plugins/nv-filters/data/locale/fr-FR.ini,100.00
plugins/nv-filters/data/locale/gl-ES.ini,100.00
plugins/nv-filters/data/locale/he-IL.ini,100.00
plugins/nv-filters/data/locale/hi-IN.ini,100.00
plugins/nv-filters/data/locale/hu-HU.ini,100.00
plugins/nv-filters/data/locale/id-ID.ini,100.00
plugins/nv-filters/data/locale/it-IT.ini,100.00
plugins/nv-filters/data/locale/ja-JP.ini,100.00
plugins/nv-filters/data/locale/ko-KR.ini,100.00
plugins/nv-filters/data/locale/ms-MY.ini,100.00
plugins/nv-filters/data/locale/nl-NL.ini,100.00
plugins/nv-filters/data/locale/pl-PL.ini,100.00
plugins/nv-filters/data/locale/pt-BR.ini,100.00
plugins/nv-filters/data/locale/pt-PT.ini,100.00
plugins/nv-filters/data/locale/ru-RU.ini,100.00
plugins/nv-filters/data/locale/sk-SK.ini,100.00
plugins/nv-filters/data/locale/sv-SE.ini,100.00
plugins/nv-filters/data/locale/tr-TR.ini,100.00
plugins/nv-filters/data/locale/ug-CN.ini,100.00
plugins/nv-filters/data/locale/uk-UA.ini,100.00
plugins/nv-filters/data/locale/vi-VN.ini,100.00
plugins/nv-filters/data/locale/zh-CN.ini,100.00
plugins/nv-filters/data/locale/zh-TW.ini,100.00
plugins/obs-nvenc/data/locale/ar-SA.ini,100.00
plugins/obs-nvenc/data/locale/be-BY.ini,100.00
plugins/obs-nvenc/data/locale/ca-ES.ini,100.00
plugins/obs-nvenc/data/locale/cs-CZ.ini,100.00
plugins/obs-nvenc/data/locale/de-DE.ini,100.00
plugins/obs-nvenc/data/locale/en-GB.ini,100.00
plugins/obs-nvenc/data/locale/es-ES.ini,100.00
plugins/obs-nvenc/data/locale/et-EE.ini,100.00
plugins/obs-nvenc/data/locale/fa-IR.ini,100.00
plugins/obs-nvenc/data/locale/fi-FI.ini,100.00
plugins/obs-nvenc/data/locale/fr-FR.ini,100.00
plugins/obs-nvenc/data/locale/gl-ES.ini,100.00
plugins/obs-nvenc/data/locale/he-IL.ini,100.00
plugins/obs-nvenc/data/locale/hi-IN.ini,100.00
plugins/obs-nvenc/data/locale/hu-HU.ini,100.00
plugins/obs-nvenc/data/locale/id-ID.ini,100.00
plugins/obs-nvenc/data/locale/it-IT.ini,100.00
plugins/obs-nvenc/data/locale/ja-JP.ini,100.00
plugins/obs-nvenc/data/locale/ko-KR.ini,100.00
plugins/obs-nvenc/data/locale/ms-MY.ini,100.00
plugins/obs-nvenc/data/locale/nl-NL.ini,100.00
plugins/obs-nvenc/data/locale/pl-PL.ini,100.00
plugins/obs-nvenc/data/locale/pt-BR.ini,100.00
plugins/obs-nvenc/data/locale/pt-PT.ini,100.00
plugins/obs-nvenc/data/locale/ru-RU.ini,100.00
plugins/obs-nvenc/data/locale/sk-SK.ini,100.00
plugins/obs-nvenc/data/locale/sv-SE.ini,100.00
plugins/obs-nvenc/data/locale/tr-TR.ini,100.00
plugins/obs-nvenc/data/locale/tt-RU.ini,100.00
plugins/obs-nvenc/data/locale/ug-CN.ini,100.00
plugins/obs-nvenc/data/locale/uk-UA.ini,100.00
plugins/obs-nvenc/data/locale/vi-VN.ini,100.00
plugins/obs-nvenc/data/locale/zh-CN.ini,100.00
plugins/obs-nvenc/data/locale/zh-TW.ini,100.00
plugins/obs-webrtc/data/locale/fil-PH.ini,100.00
plugins/obs-webrtc/data/locale/gl-ES.ini,100.00
plugins/oss-audio/data/locale/tt-RU.ini,100.00
UI/window-whats-new.cpp,100.00
UI/window-whats-new.hpp,100.00
UI/forms/images/unassigned.svg,100.00
UI/frontend-plugins/aja-output-ui/data/locale/az-AZ.ini,100.00
UI/frontend-plugins/aja-output-ui/data/locale/tl-PH.ini,100.00
plugins/linux-jack/data/locale/tl-PH.ini,100.00
plugins/linux-pipewire/data/locale/nn-NO.ini,100.00
plugins/linux-pipewire/data/locale/th-TH.ini,100.00
plugins/mac-syphon/data/locale/tl-PH.ini,100.00
plugins/mac-virtualcam/src/obs-plugin/data/locale/th-TH.ini,100.00
plugins/nv-filters/data/locale/fi-FI.ini,100.00
plugins/nv-filters/data/locale/ka-GE.ini,100.00
plugins/nv-filters/data/locale/nb-NO.ini,100.00
plugins/nv-filters/data/locale/tt-RU.ini,100.00
plugins/obs-nvenc/data/locale/bg-BG.ini,100.00
plugins/obs-nvenc/data/locale/is-IS.ini,100.00
plugins/obs-nvenc/data/locale/ka-GE.ini,100.00
plugins/obs-nvenc/data/locale/nb-NO.ini,100.00
plugins/obs-nvenc/data/locale/nn-NO.ini,100.00
plugins/obs-transitions/data/locale/nn-NO.ini,100.00
plugins/obs-transitions/data/locale/th-TH.ini,100.00
plugins/obs-vst/data/locale/th-TH.ini,100.00
plugins/obs-webrtc/data/locale/kmr-TR.ini,100.00
plugins/oss-audio/data/locale/th-TH.ini,100.00
plugins/vlc-video/data/locale/th-TH.ini,100.00
frontend/components/AbsoluteSlider.cpp,100.00
frontend/components/BalanceSlider.hpp,100.00
frontend/components/FocusList.cpp,100.00
frontend/components/HScrollArea.cpp,100.00
frontend/components/MediaControls.cpp,100.00
frontend/components/MediaControls.hpp,100.00
frontend/components/MenuButton.cpp,100.00
frontend/components/Multiview.cpp,100.00
frontend/components/Multiview.hpp,100.00
frontend/components/NonCheckableButton.hpp,100.00
frontend/components/OBSAdvAudioCtrl.cpp,90.91
frontend/components/OBSAdvAudioCtrl.hpp,100.00
frontend/components/OBSSourceLabel.cpp,100.00
frontend/components/OBSSourceLabel.hpp,100.00
frontend/components/SceneTree.cpp,100.00
frontend/components/SceneTree.hpp,100.00
frontend/components/UIValidation.cpp,100.00
frontend/components/UIValidation.hpp,100.00
frontend/components/UrlPushButton.cpp,100.00
frontend/components/UrlPushButton.hpp,100.00
frontend/components/ApplicationAudioCaptureToolbar.cpp,100.00
frontend/components/ApplicationAudioCaptureToolbar.hpp,100.00
frontend/components/AudioCaptureToolbar.cpp,100.00
frontend/components/AudioCaptureToolbar.hpp,100.00
frontend/components/BrowserToolbar.cpp,100.00
frontend/components/BrowserToolbar.hpp,100.00
frontend/components/ColorSourceToolbar.cpp,100.00
frontend/components/ColorSourceToolbar.hpp,100.00
frontend/components/ComboSelectToolbar.cpp,100.00
frontend/components/ComboSelectToolbar.hpp,100.00
frontend/components/DeviceCaptureToolbar.cpp,100.00
frontend/components/DeviceCaptureToolbar.hpp,100.00
frontend/components/DisplayCaptureToolbar.cpp,100.00
frontend/components/DisplayCaptureToolbar.hpp,100.00
frontend/components/GameCaptureToolbar.cpp,100.00
frontend/components/GameCaptureToolbar.hpp,100.00
frontend/components/ImageSourceToolbar.cpp,100.00
frontend/components/ImageSourceToolbar.hpp,100.00
frontend/components/OBSPreviewScalingComboBox.cpp,100.00
frontend/components/OBSPreviewScalingLabel.cpp,100.00
frontend/components/OBSPreviewScalingLabel.hpp,100.00
frontend/components/SourceToolbar.cpp,99.86
frontend/components/SourceToolbar.hpp,100.00
frontend/components/SourceTree.cpp,77.78
frontend/components/SourceTree.hpp,100.00
frontend/components/SourceTreeDelegate.cpp,100.00
frontend/components/SourceTreeDelegate.hpp,100.00
frontend/components/SourceTreeItem.cpp,99.75
frontend/components/SourceTreeItem.hpp,100.00
frontend/components/SourceTreeModel.cpp,99.94
frontend/components/SourceTreeModel.hpp,100.00
frontend/components/TextSourceToolbar.cpp,100.00
frontend/components/TextSourceToolbar.hpp,100.00
frontend/components/VisibilityItemDelegate.cpp,100.00
frontend/components/VisibilityItemDelegate.hpp,100.00
frontend/components/VisibilityItemWidget.cpp,100.00
frontend/components/VisibilityItemWidget.hpp,100.00
frontend/components/WindowCaptureToolbar.cpp,100.00
frontend/components/WindowCaptureToolbar.hpp,100.00
frontend/components/DelButton.hpp,100.00
frontend/components/EditWidget.hpp,100.00
frontend/dialogs/OBSBasicInteraction.cpp,83.33
frontend/dialogs/OBSBasicInteraction.hpp,100.00
frontend/dialogs/OBSExtraBrowsers.cpp,100.00
frontend/dialogs/OBSExtraBrowsers.hpp,100.00
frontend/dialogs/OBSMissingFiles.cpp,100.00
frontend/dialogs/OBSMissingFiles.hpp,100.00
frontend/dialogs/OBSRemux.cpp,100.00
frontend/dialogs/OBSRemux.hpp,100.00
frontend/utility/ExtraBrowsersDelegate.cpp,100.00
frontend/utility/ExtraBrowsersDelegate.hpp,100.00
frontend/utility/ExtraBrowsersModel.cpp,100.00
frontend/utility/ExtraBrowsersModel.hpp,100.00
frontend/utility/MissingFilesModel.cpp,99.82
frontend/utility/MissingFilesModel.hpp,100.00
frontend/utility/MissingFilesPathItemDelegate.cpp,100.00
frontend/utility/MissingFilesPathItemDelegate.hpp,100.00
frontend/utility/OBSEventFilter.hpp,100.00
frontend/utility/RemuxEntryPathItemDelegate.cpp,100.00
frontend/utility/RemuxEntryPathItemDelegate.hpp,100.00
frontend/utility/RemuxQueueModel.cpp,100.00
frontend/utility/RemuxQueueModel.hpp,100.00
frontend/utility/RemuxWorker.cpp,100.00
frontend/utility/RemuxWorker.hpp,100.00
frontend/dialogs/OBSBasicSourceSelect.cpp,55.56
frontend/dialogs/OBSBasicTransform.cpp,80.00
frontend/docks/BrowserDock.cpp,100.00
frontend/docks/BrowserDock.hpp,100.00
frontend/docks/OBSDock.cpp,100.00
frontend/docks/OBSDock.hpp,100.00
frontend/docks/YouTubeAppDock.cpp,100.00
frontend/docks/YouTubeAppDock.hpp,100.00
frontend/importer/ImporterEntryPathItemDelegate.cpp,100.00
frontend/importer/ImporterModel.cpp,100.00
frontend/importer/ImporterModel.hpp,100.00
frontend/importer/OBSImporter.cpp,99.83
frontend/importer/OBSImporter.hpp,100.00
frontend/oauth/Auth.cpp,100.00
frontend/oauth/AuthListener.cpp,100.00
frontend/oauth/AuthListener.hpp,100.00
frontend/oauth/RestreamAuth.cpp,100.00
frontend/oauth/RestreamAuth.hpp,100.00
frontend/oauth/TwitchAuth.cpp,100.00
frontend/oauth/TwitchAuth.hpp,100.00
frontend/dialogs/OAuthLogin.cpp,100.00
frontend/docks/YouTubeChatDock.cpp,100.00
frontend/docks/YouTubeChatDock.hpp,100.00
frontend/oauth/OAuth.cpp,100.00
frontend/oauth/OAuth.hpp,100.00
frontend/oauth/YoutubeAuth.cpp,100.00
frontend/oauth/YoutubeAuth.hpp,100.00
frontend/settings/OBSBasicSettings_A11y.cpp,100.00
frontend/settings/OBSBasicSettings_Appearance.cpp,100.00
frontend/settings/OBSBasicSettings_Stream.cpp,100.00
frontend/components/SilentUpdateCheckBox.hpp,100.00
frontend/components/SilentUpdateSpinBox.hpp,100.00
frontend/settings/OBSBasicSettings.cpp,90.57
frontend/settings/OBSBasicSettings.hpp,100.00
frontend/settings/OBSHotkeyEdit.cpp,100.00
frontend/settings/OBSHotkeyEdit.hpp,100.00
frontend/settings/OBSHotkeyLabel.cpp,100.00
frontend/settings/OBSHotkeyLabel.hpp,100.00
frontend/settings/OBSHotkeyWidget.cpp,100.00
frontend/settings/OBSHotkeyWidget.hpp,100.00
frontend/utility/SettingsEventFilter.hpp,100.00
frontend/dialogs/NameDialog.cpp,100.00
frontend/dialogs/NameDialog.hpp,100.00
frontend/dialogs/OBSAbout.cpp,100.00
frontend/dialogs/OBSAbout.hpp,100.00
frontend/dialogs/OBSBasicAdvAudio.cpp,85.71
frontend/dialogs/OBSBasicAdvAudio.hpp,100.00
frontend/dialogs/OBSBasicFilters.cpp,50.00
frontend/dialogs/OBSBasicFilters.hpp,100.00
frontend/dialogs/OBSBasicProperties.cpp,83.33
frontend/dialogs/OBSBasicProperties.hpp,100.00
frontend/dialogs/OBSBasicSourceSelect.hpp,100.00
frontend/dialogs/OBSBasicTransform.hpp,100.00
frontend/dialogs/OBSBasicVCamConfig.cpp,100.00
frontend/dialogs/OBSBasicVCamConfig.hpp,100.00
frontend/dialogs/OBSLogReply.cpp,100.00
frontend/dialogs/OBSLogReply.hpp,100.00
frontend/dialogs/OBSLogViewer.cpp,100.00
frontend/dialogs/OBSLogViewer.hpp,100.00
frontend/dialogs/OBSPermissions.cpp,72.22
frontend/dialogs/OBSPermissions.hpp,80.00
frontend/dialogs/OBSUpdate.cpp,100.00
frontend/dialogs/OBSUpdate.hpp,100.00
frontend/dialogs/OBSWhatsNew.cpp,100.00
frontend/dialogs/OBSWhatsNew.hpp,100.00
frontend/dialogs/OBSYoutubeActions.cpp,100.00
frontend/dialogs/OBSYoutubeActions.hpp,100.00
frontend/widgets/OBSBasic_Browser.cpp,100.00
frontend/widgets/OBSBasic_SceneCollections.cpp,99.99
frontend/widgets/OBSBasic_StudioMode.cpp,100.00
frontend/widgets/OBSBasic_Transitions.cpp,99.96
frontend/utility/AutoUpdateThread.cpp,93.33
frontend/utility/GoLiveAPI_CensoredJson.cpp,100.00
frontend/utility/GoLiveAPI_CensoredJson.hpp,100.00
frontend/utility/GoLiveAPI_Network.cpp,100.00
frontend/utility/GoLiveAPI_Network.hpp,100.00
frontend/utility/GoLiveAPI_PostData.cpp,66.67
frontend/utility/GoLiveAPI_PostData.hpp,100.00
frontend/utility/MultitrackVideoError.cpp,100.00
frontend/utility/MultitrackVideoError.hpp,100.00
frontend/utility/MultitrackVideoOutput.cpp,68.57
frontend/utility/MultitrackVideoOutput.hpp,75.00
frontend/utility/OBSProxyStyle.cpp,100.00
frontend/utility/RemoteTextThread.cpp,100.00
frontend/utility/ScreenshotObj.hpp,100.00
frontend/utility/YoutubeApiWrappers.cpp,100.00
frontend/utility/YoutubeApiWrappers.hpp,100.00
frontend/utility/audio-encoders.cpp,100.00
frontend/utility/audio-encoders.hpp,100.00
frontend/utility/crypto-helpers-mbedtls.cpp,100.00
frontend/utility/crypto-helpers.hpp,100.00
frontend/utility/display-helpers.hpp,100.00
frontend/utility/item-widget-helpers.cpp,100.00
frontend/utility/item-widget-helpers.hpp,100.00
frontend/utility/models/multitrack-video.hpp,82.05
frontend/utility/obf.c,100.00
frontend/utility/platform-osx.mm,60.00
frontend/utility/platform-windows.cpp,100.00
frontend/utility/platform-x11.cpp,100.00
frontend/utility/platform.hpp,100.00
frontend/utility/system-info-macos.mm,100.00
frontend/utility/system-info-windows.cpp,100.00
frontend/utility/undo_stack.cpp,100.00
frontend/utility/undo_stack.hpp,100.00
frontend/utility/FFmpegCodec.cpp,100.00
frontend/utility/FFmpegCodec.hpp,100.00
frontend/utility/FFmpegFormat.cpp,100.00
frontend/utility/FFmpegFormat.hpp,100.00
frontend/utility/FFmpegShared.hpp,100.00
frontend/utility/MacUpdateThread.cpp,100.00
frontend/utility/MacUpdateThread.hpp,100.00
frontend/utility/OBSSparkle.hpp,100.00
frontend/utility/OBSSparkle.mm,100.00
frontend/utility/OBSUpdateDelegate.h,100.00
frontend/utility/OBSUpdateDelegate.mm,100.00
frontend/utility/WhatsNewBrowserInitThread.cpp,100.00
frontend/utility/WhatsNewInfoThread.cpp,100.00
frontend/utility/WhatsNewInfoThread.hpp,100.00
frontend/widgets/OBSBasicControls.cpp,100.00
frontend/widgets/OBSBasicControls.hpp,100.00
frontend/widgets/OBSBasicPreview.cpp,73.91
frontend/widgets/OBSBasicPreview.hpp,100.00
frontend/widgets/OBSBasicStats.cpp,66.67
frontend/widgets/OBSBasicStats.hpp,100.00
frontend/widgets/OBSMainWindow.hpp,100.00
frontend/widgets/OBSProjector.cpp,68.42
frontend/widgets/OBSProjector.hpp,75.00
frontend/components/VolumeSlider.cpp,100.00
frontend/components/VolumeSlider.hpp,100.00
frontend/utility/AdvancedOutput.cpp,69.57
frontend/utility/AdvancedOutput.hpp,100.00
frontend/utility/BasicOutputHandler.cpp,100.00
frontend/utility/BasicOutputHandler.hpp,100.00
frontend/utility/QuickTransition.cpp,100.00
frontend/utility/QuickTransition.hpp,100.00
frontend/utility/SceneRenameDelegate.cpp,100.00
frontend/utility/SceneRenameDelegate.hpp,100.00
frontend/utility/ScreenshotObj.cpp,100.00
frontend/utility/SimpleOutput.cpp,99.45
frontend/utility/SimpleOutput.hpp,100.00
frontend/utility/StartMultiTrackVideoStreamingGuard.hpp,100.00
frontend/utility/SurfaceEventFilter.hpp,100.00
frontend/utility/VolumeMeterTimer.cpp,100.00
frontend/utility/VolumeMeterTimer.hpp,100.00
frontend/widgets/ColorSelect.cpp,100.00
frontend/widgets/ColorSelect.hpp,100.00
frontend/widgets/OBSBasic.cpp,100.00
frontend/widgets/OBSBasic.hpp,100.00
frontend/widgets/OBSBasicStatusBar.cpp,100.00
frontend/widgets/OBSBasicStatusBar.hpp,100.00
frontend/widgets/OBSBasic_Clipboard.cpp,99.97
frontend/widgets/OBSBasic_ContextToolbar.cpp,100.00
frontend/widgets/OBSBasic_Docks.cpp,100.00
frontend/widgets/OBSBasic_Dropfiles.cpp,96.00
frontend/widgets/OBSBasic_Hotkeys.cpp,100.00
frontend/widgets/OBSBasic_Icons.cpp,100.00
frontend/widgets/OBSBasic_MainControls.cpp,99.99
frontend/widgets/OBSBasic_OutputHandler.cpp,99.97
frontend/widgets/OBSBasic_Preview.cpp,100.00
frontend/widgets/OBSBasic_Profiles.cpp,100.00
frontend/widgets/OBSBasic_Projectors.cpp,99.92
frontend/widgets/OBSBasic_Recording.cpp,100.00
frontend/widgets/OBSBasic_ReplayBuffer.cpp,100.00
frontend/widgets/OBSBasic_SceneItems.cpp,99.99
frontend/widgets/OBSBasic_Scenes.cpp,99.99
frontend/widgets/OBSBasic_Screenshots.cpp,100.00
frontend/widgets/OBSBasic_Service.cpp,100.00
frontend/widgets/OBSBasic_StatusBar.cpp,100.00
frontend/widgets/OBSBasic_Streaming.cpp,99.90
frontend/widgets/OBSBasic_SysTray.cpp,100.00
frontend/widgets/OBSBasic_Updater.cpp,100.00
frontend/widgets/OBSBasic_VirtualCam.cpp,100.00
frontend/widgets/OBSBasic_VolControl.cpp,100.00
frontend/widgets/OBSBasic_YouTube.cpp,100.00
frontend/widgets/OBSQTDisplay.cpp,100.00
frontend/widgets/OBSQTDisplay.hpp,100.00
frontend/widgets/StatusBarWidget.cpp,100.00
frontend/widgets/StatusBarWidget.hpp,100.00
frontend/widgets/VolControl.cpp,100.00
frontend/widgets/VolControl.hpp,100.00
frontend/widgets/VolumeAccessibleInterface.cpp,100.00
frontend/widgets/VolumeAccessibleInterface.hpp,100.00
frontend/widgets/VolumeMeter.cpp,100.00
frontend/widgets/VolumeMeter.hpp,100.00
frontend/wizards/AutoConfig.cpp,76.19
frontend/wizards/AutoConfigStartPage.cpp,100.00
frontend/wizards/AutoConfigStartPage.hpp,100.00
frontend/wizards/AutoConfigStreamPage.cpp,100.00
frontend/wizards/AutoConfigStreamPage.hpp,100.00
frontend/wizards/AutoConfigTestPage.cpp,92.31
frontend/wizards/AutoConfigTestPage.hpp,100.00
frontend/wizards/AutoConfigVideoPage.cpp,100.00
frontend/wizards/AutoConfigVideoPage.hpp,100.00
frontend/wizards/TestMode.hpp,100.00
frontend/OBSApp.cpp,92.68
frontend/OBSApp.hpp,100.00
frontend/OBSApp_Themes.cpp,100.00
frontend/OBSStudioAPI.cpp,100.00
frontend/OBSStudioAPI.hpp,100.00
frontend/obs-main.cpp,99.93
frontend/utility/BaseLexer.hpp,100.00
frontend/utility/OBSTheme.hpp,100.00
frontend/utility/OBSThemeVariable.hpp,100.00
frontend/utility/OBSTranslator.cpp,100.00
frontend/utility/OBSTranslator.hpp,100.00
frontend/updater/CMakeLists.txt,50.00
frontend/CMakeLists.txt,100.00
frontend/cmake/feature-browserpanels.cmake,100.00
frontend/cmake/feature-importers.cmake,100.00
frontend/cmake/feature-macos-update.cmake,100.00
frontend/cmake/feature-restream.cmake,100.00
frontend/cmake/feature-sparkle.cmake,91.67
frontend/cmake/feature-twitch.cmake,100.00
frontend/cmake/feature-whatsnew.cmake,100.00
frontend/cmake/feature-youtube.cmake,100.00
frontend/cmake/macos/Info.plist.in,100.00
frontend/cmake/os-freebsd.cmake,100.00
frontend/cmake/os-linux.cmake,100.00
frontend/cmake/os-macos.cmake,90.00
frontend/cmake/os-windows.cmake,100.00
frontend/cmake/ui-components.cmake,100.00
frontend/cmake/ui-dialogs.cmake,100.00
frontend/cmake/ui-docks.cmake,100.00
frontend/cmake/ui-oauth.cmake,100.00
frontend/cmake/ui-qt.cmake,100.00
frontend/cmake/ui-settings.cmake,100.00
frontend/cmake/ui-utility.cmake,100.00
frontend/cmake/ui-widgets.cmake,100.00
frontend/cmake/ui-wizards.cmake,100.00
frontend/data/locale/en-US.ini,100.00
frontend/forms/AutoConfigStreamPage.ui,100.00
frontend/forms/OBSAbout.ui,100.00
frontend/forms/OBSBasic.ui,100.00
frontend/forms/OBSBasicControls.ui,100.00
frontend/forms/OBSBasicFilters.ui,100.00
frontend/forms/OBSBasicInteraction.ui,100.00
frontend/forms/OBSBasicProperties.ui,100.00
frontend/forms/OBSBasicSettings.ui,100.00
frontend/forms/OBSPermissions.ui,100.00
frontend/forms/OBSYoutubeActions.ui,100.00
frontend/forms/source-toolbar/media-controls.ui,85.71
plugins/win-dshow/virtualcam-module/cmake/windows/virtualcam-module-arm64.def,100.00
