file,author1,author2,time1,time2
.github/PULL_REQUEST_TEMPLATE.md,Rémy HUBSCHER,Mathieu Leplatre,2016-07-20 09:11:27+02:00,2016-07-20 10:27:17+02:00
.github/PULL_REQUEST_TEMPLATE.md,Mathieu Leplatre,Rémy HUBSCHER,2016-07-20 10:27:17+02:00,2016-07-20 11:36:49+02:00
.github/workflows/publish.yml,dependabot[bot],Mathieu Leplatre,2024-01-09 17:03:15+01:00,2024-01-09 17:04:17+01:00
.github/workflows/scheduled.yml,grahamalama,Mathieu Leplatre,2025-02-11 10:43:14+01:00,2025-02-12 09:07:35+01:00
.gitignore,Mathieu Leplatre,Rémy HUBSCHER,2015-01-14 10:01:12+01:00,2015-01-14 12:14:10+01:00
.isort.cfg,Rémy HUBSCHER,Mathieu Leplatre,2019-10-17 17:13:52+02:00,2019-10-18 11:58:57+02:00
.therapist.yml,Pascal,Mathieu Leplatre,2018-10-18 07:34:39+02:00,2018-10-18 14:46:39+02:00
.therapist.yml,Rémy HUBSCHER,Mathieu Leplatre,2019-10-17 17:13:52+02:00,2019-10-18 11:58:57+02:00
.travis.yml,Alexis Metaireau,Mathieu Leplatre,2015-01-19 15:35:41+01:00,2015-01-20 15:02:48+01:00
.travis.yml,Mathieu Leplatre,Alexis Métaireau,2015-02-24 09:16:56+01:00,2015-02-24 15:30:35+01:00
.travis.yml,Alexis Métaireau,Mathieu Leplatre,2015-03-18 00:32:31+01:00,2015-03-18 00:32:31+01:00
.travis.yml,Rémy HUBSCHER,Mathieu Leplatre,2017-02-02 13:42:41+01:00,2017-02-02 16:19:37+01:00
.travis.yml,Mathieu Leplatre,Rémy HUBSCHER,2017-02-02 16:19:37+01:00,2017-02-03 10:59:16+01:00
CHANGELOG,Rémy HUBSCHER,Mathieu Leplatre,2015-02-09 14:38:41+01:00,2015-02-09 16:54:50+01:00
CHANGELOG,Mathieu Leplatre,Rémy HUBSCHER,2015-02-09 16:54:50+01:00,2015-02-09 17:08:26+01:00
CHANGELOG,Rémy HUBSCHER,Mathieu Leplatre,2015-02-10 17:52:16+01:00,2015-02-11 11:17:34+01:00
CHANGELOG,Alexis Métaireau,Mathieu Leplatre,2015-02-24 15:30:35+01:00,2015-02-25 13:13:11+01:00
CHANGELOG.rst,Mathieu Leplatre,Rémy HUBSCHER,2015-02-25 13:13:11+01:00,2015-02-25 13:44:39+01:00
CHANGELOG.rst,Rémy HUBSCHER,Alexis Métaireau,2015-03-02 13:32:24+01:00,2015-03-02 19:17:20+01:00
CHANGELOG.rst,Alexis Métaireau,Rémy HUBSCHER,2015-03-02 19:17:33+01:00,2015-03-03 00:24:43+01:00
CHANGELOG.rst,Rémy HUBSCHER,Alexis Métaireau,2015-03-03 00:25:04+01:00,2015-03-03 01:01:12+01:00
CHANGELOG.rst,Alexis Métaireau,Rémy HUBSCHER,2015-03-03 01:02:12+01:00,2015-03-03 01:34:47+01:00
CHANGELOG.rst,Rémy HUBSCHER,Alexis Métaireau,2015-03-03 12:46:02+01:00,2015-03-03 16:34:56+01:00
CHANGELOG.rst,Mathieu Leplatre,Rémy HUBSCHER,2015-03-18 16:28:33+01:00,2015-03-18 19:01:06+01:00
CHANGELOG.rst,Rémy HUBSCHER,Mathieu Leplatre,2015-03-18 22:58:45+01:00,2015-03-19 00:17:24+01:00
CHANGELOG.rst,Mathieu Leplatre,Alexis Métaireau,2015-03-20 00:02:51+01:00,2015-03-20 00:28:30+01:00
CHANGELOG.rst,Alexis Métaireau,Mathieu Leplatre,2015-03-20 00:29:05+01:00,2015-03-20 00:35:06+01:00
CHANGELOG.rst,Mathieu Leplatre,Tarek Ziade,2015-03-20 00:35:50+01:00,2015-03-20 21:00:02+01:00
CHANGELOG.rst,Alexis Métaireau,Mathieu Leplatre,2015-03-24 18:10:36+01:00,2015-03-24 18:16:53+01:00
CHANGELOG.rst,Mathieu Leplatre,Alexis Métaireau,2015-03-24 18:16:53+01:00,2015-03-24 18:17:04+01:00
CHANGELOG.rst,Alexis Métaireau,Mathieu Leplatre,2015-03-24 18:17:04+01:00,2015-03-24 18:17:19+01:00
CHANGELOG.rst,Mathieu Leplatre,Alexis Métaireau,2015-03-24 18:17:19+01:00,2015-03-24 18:18:03+01:00
CHANGELOG.rst,Alexis Métaireau,Mathieu Leplatre,2015-03-24 18:26:57+01:00,2015-03-24 18:29:44+01:00
CHANGELOG.rst,Mathieu Leplatre,Alexis Métaireau,2015-03-24 18:29:44+01:00,2015-03-25 15:39:27+01:00
CHANGELOG.rst,Alexis Métaireau,Mathieu Leplatre,2015-03-25 15:39:27+01:00,2015-03-25 15:50:45+01:00
CHANGELOG.rst,Alexis Métaireau,Mathieu Leplatre,2015-03-27 17:32:43+01:00,2015-03-27 17:35:28+01:00
CHANGELOG.rst,Mathieu Leplatre,Rémy HUBSCHER,2015-06-16 17:19:40+02:00,2015-06-16 21:46:21+02:00
CHANGELOG.rst,Rémy HUBSCHER,Mathieu Leplatre,2015-06-16 21:46:21+02:00,2015-06-17 09:21:21+02:00
CHANGELOG.rst,Mathieu Leplatre,Rémy HUBSCHER,2015-06-17 09:21:21+02:00,2015-06-17 09:24:39+02:00
CHANGELOG.rst,Mathieu Leplatre,Alexis Metaireau,2015-07-02 12:30:07+02:00,2015-07-02 13:07:30+02:00
CHANGELOG.rst,Alexis Metaireau,Mathieu Leplatre,2015-07-02 13:07:30+02:00,2015-07-02 13:47:51+02:00
CHANGELOG.rst,Mathieu Leplatre,Rémy HUBSCHER,2015-07-08 10:23:53+02:00,2015-07-08 10:32:29+02:00
CHANGELOG.rst,Rémy HUBSCHER,Mathieu Leplatre,2015-07-08 10:32:29+02:00,2015-07-08 10:45:46+02:00
CHANGELOG.rst,Mathieu Leplatre,Rémy HUBSCHER,2015-07-13 13:20:40+02:00,2015-07-13 15:49:33+02:00
CHANGELOG.rst,Rémy HUBSCHER,Mathieu Leplatre,2015-07-13 15:54:58+02:00,2015-07-13 16:13:43+02:00
CHANGELOG.rst,Mathieu Leplatre,Rémy HUBSCHER,2015-08-28 16:25:23+02:00,2015-08-28 16:51:32+02:00
CHANGELOG.rst,Mathieu Leplatre,Rémy HUBSCHER,2015-09-08 12:42:40+02:00,2015-09-08 16:10:06+02:00
CHANGELOG.rst,Rémy HUBSCHER,Mathieu Leplatre,2015-09-08 16:20:49+02:00,2015-09-08 16:55:35+02:00
CHANGELOG.rst,Mathieu Leplatre,Rémy HUBSCHER,2015-09-08 17:56:52+02:00,2015-09-08 19:44:36+02:00
CHANGELOG.rst,Mathieu Leplatre,Rémy HUBSCHER,2015-09-23 16:32:24+02:00,2015-09-23 17:44:39+02:00
CHANGELOG.rst,Mathieu Leplatre,Rémy HUBSCHER,2015-10-06 15:26:24+02:00,2015-10-06 18:23:39+02:00
CHANGELOG.rst,Mathieu Leplatre,Rémy HUBSCHER,2015-10-22 11:00:26+02:00,2015-10-22 11:48:09+02:00
CHANGELOG.rst,Rémy HUBSCHER,Mathieu Leplatre,2015-10-22 11:48:09+02:00,2015-10-22 11:48:46+02:00
CHANGELOG.rst,Mathieu Leplatre,Rémy HUBSCHER,2015-10-22 11:54:43+02:00,2015-10-22 11:55:20+02:00
CHANGELOG.rst,Rémy HUBSCHER,Tarek Ziade,2015-10-22 17:00:28+02:00,2015-10-23 10:59:37+02:00
CHANGELOG.rst,Mathieu Leplatre,Rémy HUBSCHER,2015-10-27 10:06:12+01:00,2015-10-27 10:34:43+01:00
CHANGELOG.rst,Rémy HUBSCHER,Mathieu Leplatre,2015-10-27 15:49:16+01:00,2015-10-27 22:15:21+01:00
CHANGELOG.rst,Mathieu Leplatre,Rémy HUBSCHER,2015-10-27 22:15:21+01:00,2015-10-28 12:07:57+01:00
CHANGELOG.rst,Rémy HUBSCHER,Mathieu Leplatre,2015-10-28 17:20:40+01:00,2015-10-28 23:35:14+01:00
CHANGELOG.rst,Mathieu Leplatre,Rémy HUBSCHER,2015-10-29 11:56:09+01:00,2015-10-29 18:09:45+01:00
CHANGELOG.rst,Rémy HUBSCHER,Mathieu Leplatre,2015-10-29 18:10:15+01:00,2015-10-30 11:33:15+01:00
CHANGELOG.rst,Mathieu Leplatre,Rémy HUBSCHER,2015-10-30 17:14:56+01:00,2015-10-30 17:14:56+01:00
CHANGELOG.rst,Rémy HUBSCHER,Mathieu Leplatre,2015-10-30 17:14:56+01:00,2015-10-30 17:39:22+01:00
CHANGELOG.rst,Mathieu Leplatre,Rémy HUBSCHER,2015-10-30 17:50:57+01:00,2015-10-30 18:01:21+01:00
CHANGELOG.rst,Rémy HUBSCHER,Mathieu Leplatre,2015-11-03 00:35:37+01:00,2015-11-03 17:33:32+01:00
CHANGELOG.rst,Rémy HUBSCHER,Mathieu Leplatre,2015-11-09 11:15:58+01:00,2015-11-09 16:02:02+01:00
CHANGELOG.rst,Mathieu Leplatre,Rémy HUBSCHER,2015-11-17 12:59:12+01:00,2015-11-17 17:32:45+01:00
CHANGELOG.rst,Rémy HUBSCHER,Mathieu Leplatre,2015-11-17 18:13:03+01:00,2015-11-18 12:57:01+01:00
CHANGELOG.rst,Mathieu Leplatre,Rémy HUBSCHER,2015-11-18 12:57:01+01:00,2015-11-18 17:14:52+01:00
CHANGELOG.rst,Mathieu Leplatre,Tarek Ziade,2015-11-26 16:36:04+01:00,2015-11-27 15:51:19+01:00
CHANGELOG.rst,Tarek Ziade,Mathieu Leplatre,2015-11-27 15:51:19+01:00,2015-11-27 16:06:33+01:00
CHANGELOG.rst,choclate,Mathieu Leplatre,2015-11-30 15:25:34+01:00,2015-12-01 13:42:19+01:00
CHANGELOG.rst,Mathieu Leplatre,Alexis Métaireau,2015-12-01 13:42:19+01:00,2015-12-01 16:40:02+01:00
CHANGELOG.rst,Mathieu Leplatre,Rémy HUBSCHER,2015-12-14 11:22:24+01:00,2015-12-14 11:25:58+01:00
CHANGELOG.rst,Rémy HUBSCHER,Mathieu Leplatre,2015-12-14 11:25:58+01:00,2015-12-14 11:32:42+01:00
CHANGELOG.rst,Mathieu Leplatre,Rémy HUBSCHER,2016-01-27 14:30:52+01:00,2016-01-27 17:10:12+01:00
CHANGELOG.rst,Rémy HUBSCHER,Mathieu Leplatre,2016-01-27 17:27:32+01:00,2016-01-27 18:25:25+01:00
CHANGELOG.rst,Alexis Métaireau,Mathieu Leplatre,2016-02-01 11:20:58+01:00,2016-02-01 23:46:45+01:00
CHANGELOG.rst,Mathieu Leplatre,ayush sharma,2016-02-22 10:55:28+01:00,2016-02-23 03:30:59+05:30
CHANGELOG.rst,ayush sharma,Rémy HUBSCHER,2016-02-23 03:30:59+05:30,2016-02-23 10:49:36+01:00
CHANGELOG.rst,Rémy HUBSCHER,Mathieu Leplatre,2016-02-23 10:49:36+01:00,2016-02-23 11:54:18+01:00
CHANGELOG.rst,Mathieu Leplatre,Rémy HUBSCHER,2016-02-26 09:36:52+01:00,2016-02-26 10:49:56+01:00
CHANGELOG.rst,Rémy HUBSCHER,Mathieu Leplatre,2016-02-26 11:12:36+01:00,2016-02-26 12:39:24+01:00
CHANGELOG.rst,Mathieu Leplatre,Jelmer van der Ploeg,2016-03-07 15:25:01+01:00,2016-03-08 08:28:48+01:00
CHANGELOG.rst,Jelmer van der Ploeg,Mathieu Leplatre,2016-03-08 08:28:48+01:00,2016-03-08 10:05:20+01:00
CHANGELOG.rst,Lavish Aggarwal,Rémy HUBSCHER,2016-03-11 23:47:55+05:30,2016-03-12 16:08:32+01:00
CHANGELOG.rst,Mathieu Leplatre,Rémy HUBSCHER,2016-04-19 10:51:44+02:00,2016-04-19 10:54:56+02:00
CHANGELOG.rst,Rémy HUBSCHER,Mathieu Leplatre,2016-04-19 10:54:56+02:00,2016-04-19 13:22:05+02:00
CHANGELOG.rst,Mathieu Leplatre,Rémy HUBSCHER,2016-04-27 15:43:57+02:00,2016-04-28 11:29:19+02:00
CHANGELOG.rst,Rémy HUBSCHER,Mathieu Leplatre,2016-04-28 11:32:03+02:00,2016-04-29 00:44:35+02:00
CHANGELOG.rst,Rémy HUBSCHER,Mathieu Leplatre,2016-05-03 11:05:10+02:00,2016-05-03 12:31:43+02:00
CHANGELOG.rst,Mathieu Leplatre,Ethan Glasser-Camp,2016-05-03 12:31:43+02:00,2016-05-03 14:20:44-04:00
CHANGELOG.rst,Ethan Glasser-Camp,Rémy HUBSCHER,2016-05-17 11:07:03-04:00,2016-05-17 23:39:59+02:00
CHANGELOG.rst,Rémy HUBSCHER,Mathieu Leplatre,2016-05-18 10:51:36+02:00,2016-05-18 12:21:45+02:00
CHANGELOG.rst,Mathieu Leplatre,Ethan Glasser-Camp,2016-05-18 12:21:45+02:00,2016-05-18 11:14:00-04:00
CHANGELOG.rst,Ethan Glasser-Camp,Mathieu Leplatre,2016-05-18 13:56:24-04:00,2016-05-19 16:12:43+02:00
CHANGELOG.rst,Mathieu Leplatre,Ethan Glasser-Camp,2016-05-19 16:12:43+02:00,2016-05-19 21:44:53-04:00
CHANGELOG.rst,Mathieu Leplatre,Ethan Glasser-Camp,2016-05-25 11:45:58+02:00,2016-05-25 11:43:52-04:00
CHANGELOG.rst,Rémy HUBSCHER,Mathieu Leplatre,2016-07-13 11:31:24+02:00,2016-07-13 12:27:23+02:00
CHANGELOG.rst,Rémy HUBSCHER,Mathieu Leplatre,2016-07-20 11:38:29+02:00,2016-07-20 23:41:54+02:00
CHANGELOG.rst,Mathieu Leplatre,Rémy HUBSCHER,2016-07-21 10:23:27+02:00,2016-07-21 12:11:25+02:00
CHANGELOG.rst,Rémy HUBSCHER,Mathieu Leplatre,2016-07-21 12:11:25+02:00,2016-07-21 12:11:39+02:00
CHANGELOG.rst,Rémy HUBSCHER,Mathieu Leplatre,2016-07-28 17:57:49+02:00,2016-07-28 17:57:49+02:00
CHANGELOG.rst,Mathieu Leplatre,Rémy HUBSCHER,2016-07-29 11:15:34+02:00,2016-07-29 12:02:28+02:00
CHANGELOG.rst,Rémy HUBSCHER,Mathieu Leplatre,2016-08-16 12:25:13+02:00,2016-08-16 18:20:46+02:00
CHANGELOG.rst,Mathieu Leplatre,Rémy HUBSCHER,2016-08-16 18:20:46+02:00,2016-08-17 09:34:11+02:00
CHANGELOG.rst,Rémy HUBSCHER,Mathieu Leplatre,2016-08-17 09:43:00+02:00,2016-08-17 12:36:49+02:00
CHANGELOG.rst,Mathieu Leplatre,Rémy HUBSCHER,2016-08-17 13:34:51+02:00,2016-08-17 14:37:17+02:00
CHANGELOG.rst,Rémy HUBSCHER,Mathieu Leplatre,2016-08-17 15:59:15+02:00,2016-08-17 20:11:37+02:00
CHANGELOG.rst,Mathieu Leplatre,Rémy HUBSCHER,2016-09-12 11:58:19+02:00,2016-09-12 15:54:45+02:00
CHANGELOG.rst,Rémy HUBSCHER,Mathieu Leplatre,2016-09-12 17:01:08+02:00,2016-09-12 17:31:40+02:00
CHANGELOG.rst,Mathieu Leplatre,Gabriela Surita,2016-09-23 20:17:22-04:00,2016-09-24 17:46:57-03:00
CHANGELOG.rst,Mathieu Leplatre,Rémy HUBSCHER,2016-10-04 11:24:07+02:00,2016-10-05 09:55:23+02:00
CHANGELOG.rst,Rémy HUBSCHER,Mathieu Leplatre,2016-10-05 09:55:23+02:00,2016-10-05 10:54:20+02:00
CHANGELOG.rst,Mathieu Leplatre,Rémy HUBSCHER,2016-10-05 10:54:20+02:00,2016-10-05 11:52:39+02:00
CHANGELOG.rst,Rémy HUBSCHER,Gabi Surita,2016-10-05 11:52:39+02:00,2016-10-06 01:31:01-03:00
CHANGELOG.rst,Gabi Surita,Mathieu Leplatre,2016-10-06 01:31:01-03:00,2016-10-06 10:29:58+02:00
CHANGELOG.rst,Mathieu Leplatre,Rémy HUBSCHER,2016-10-06 10:29:58+02:00,2016-10-06 10:39:56+02:00
CHANGELOG.rst,Rémy HUBSCHER,Mathieu Leplatre,2016-10-06 10:39:56+02:00,2016-10-06 10:40:22+02:00
CHANGELOG.rst,Gabriela Surita,Indranil Dutta,2016-10-18 23:12:57-02:00,2016-10-19 15:49:52+05:30
CHANGELOG.rst,Mathieu Leplatre,Rémy HUBSCHER,2016-10-26 12:46:13+02:00,2016-10-26 22:38:31+02:00
CHANGELOG.rst,Rémy HUBSCHER,Mathieu Leplatre,2016-10-26 22:38:31+02:00,2016-10-27 10:07:05+02:00
CHANGELOG.rst,Mathieu Leplatre,Gabi Surita,2016-10-27 10:07:05+02:00,2016-10-27 09:09:58-02:00
CHANGELOG.rst,Gabi Surita,Mathieu Leplatre,2016-10-27 09:09:58-02:00,2016-10-27 15:44:35+02:00
CHANGELOG.rst,Rémy HUBSCHER,Mathieu Leplatre,2016-11-24 17:38:14+01:00,2016-11-25 10:48:20+01:00
CHANGELOG.rst,Vamsi Sangam,Rémy HUBSCHER,2016-11-28 19:09:12+05:30,2016-11-29 12:02:54+01:00
CHANGELOG.rst,Mathieu Leplatre,Michael Charlton,2016-12-02 12:32:50+01:00,2016-12-02 16:19:02+00:00
CHANGELOG.rst,Gabriela Surita,Mathieu Leplatre,2016-12-14 15:56:07-02:00,2016-12-15 16:59:15+01:00
CHANGELOG.rst,Gabriela Surita,Mathieu Leplatre,2016-12-18 18:11:39-02:00,2016-12-19 16:59:16+01:00
CHANGELOG.rst,Mathieu Leplatre,Gabriela Surita,2016-12-20 16:13:01+01:00,2016-12-20 19:24:52-02:00
CHANGELOG.rst,Gabriela Surita,Mathieu Leplatre,2016-12-20 19:24:52-02:00,2016-12-21 01:09:41+01:00
CHANGELOG.rst,Mathieu Leplatre,Gabriela Surita,2017-01-19 10:26:07+01:00,2017-01-19 19:50:34-02:00
CHANGELOG.rst,Gabriela Surita,Mathieu Leplatre,2017-01-19 19:50:34-02:00,2017-01-20 12:33:37+01:00
CHANGELOG.rst,Rémy HUBSCHER,Gabriela Surita,2017-01-24 11:37:34+01:00,2017-01-24 10:46:35-02:00
CHANGELOG.rst,Gabriela Surita,Rémy HUBSCHER,2017-01-29 19:46:10-02:00,2017-01-30 12:40:43+01:00
CHANGELOG.rst,Rémy HUBSCHER,Mathieu Leplatre,2017-01-30 12:40:58+01:00,2017-01-30 16:28:48+01:00
CHANGELOG.rst,Mathieu Leplatre,Rémy HUBSCHER,2017-01-30 17:04:12+01:00,2017-01-30 17:32:09+01:00
CHANGELOG.rst,Gabriela Surita,Rémy HUBSCHER,2017-02-01 19:50:15-02:00,2017-02-01 23:33:06+01:00
CHANGELOG.rst,Rémy HUBSCHER,Gabriela Surita,2017-02-17 11:00:48+01:00,2017-02-17 15:17:23-02:00
CHANGELOG.rst,Gabriela Surita,Nicolas Perriault,2017-02-27 11:52:36-03:00,2017-02-28 14:59:45+01:00
CHANGELOG.rst,Mathieu Leplatre,Rémy HUBSCHER,2017-03-02 18:41:08+01:00,2017-03-02 19:02:08+01:00
CHANGELOG.rst,Rémy HUBSCHER,Mathieu Leplatre,2017-03-02 19:02:08+01:00,2017-03-03 17:00:26+01:00
CHANGELOG.rst,Mathieu Leplatre,Rémy HUBSCHER,2017-03-03 17:51:13+01:00,2017-03-03 18:22:11+01:00
CHANGELOG.rst,Rémy HUBSCHER,mozillazg,2017-03-03 19:07:34+01:00,2017-03-04 08:34:48+08:00
CHANGELOG.rst,Mathieu Leplatre,Rémy HUBSCHER,2017-03-07 10:49:29+01:00,2017-03-07 11:39:17+01:00
CHANGELOG.rst,Rémy HUBSCHER,Mathieu Leplatre,2017-03-07 11:39:17+01:00,2017-03-07 13:58:08+01:00
CHANGELOG.rst,Mathieu Leplatre,Rémy HUBSCHER,2017-03-08 15:10:57+01:00,2017-03-08 15:40:27+01:00
CHANGELOG.rst,Rémy HUBSCHER,Mathieu Leplatre,2017-03-08 15:40:27+01:00,2017-03-08 16:15:45+01:00
CHANGELOG.rst,Mathieu Leplatre,Gabriela Surita,2017-03-08 17:15:43+01:00,2017-03-09 01:14:36-03:00
CHANGELOG.rst,Gabriela Surita,Mathieu Leplatre,2017-03-09 01:14:36-03:00,2017-03-09 11:24:54+01:00
CHANGELOG.rst,Mathieu Leplatre,Gabriela Surita,2017-03-09 11:25:51+01:00,2017-03-09 09:13:35-03:00
CHANGELOG.rst,Gabriela Surita,Mathieu Leplatre,2017-03-09 09:13:35-03:00,2017-03-09 16:54:23+01:00
CHANGELOG.rst,Mathieu Leplatre,Ethan Glasser-Camp,2017-05-03 11:12:06+02:00,2017-05-03 15:53:57-04:00
CHANGELOG.rst,Ethan Glasser-Camp,Mathieu Leplatre,2017-05-03 15:53:57-04:00,2017-05-04 10:01:27+02:00
CHANGELOG.rst,Mathieu Leplatre,Rémy HUBSCHER,2017-05-15 11:00:29+02:00,2017-05-15 14:35:32+02:00
CHANGELOG.rst,Rémy HUBSCHER,Mathieu Leplatre,2017-05-17 08:52:10+02:00,2017-05-17 10:46:01+02:00
CHANGELOG.rst,Mathieu Leplatre,Ethan Glasser-Camp,2017-05-23 15:40:20+02:00,2017-05-23 11:14:31-04:00
CHANGELOG.rst,Ethan Glasser-Camp,Mathieu Leplatre,2017-05-23 11:14:31-04:00,2017-05-23 18:48:22+02:00
CHANGELOG.rst,Ethan Glasser-Camp,Eric Le Lay,2017-05-24 14:34:59-04:00,2017-05-25 09:01:52+02:00
CHANGELOG.rst,Rémy HUBSCHER,Eric Le Lay,2017-06-05 12:10:18+02:00,2017-06-05 18:29:02+02:00
CHANGELOG.rst,Eric Le Lay,Mathieu Leplatre,2017-06-05 18:29:02+02:00,2017-06-06 11:25:06+02:00
CHANGELOG.rst,Ethan Glasser-Camp,Mathieu Leplatre,2017-06-08 12:52:05-04:00,2017-06-09 10:56:17+02:00
CHANGELOG.rst,Mathieu Leplatre,Ethan Glasser-Camp,2017-06-13 09:57:59+02:00,2017-06-13 09:09:24-04:00
CHANGELOG.rst,Mathieu Leplatre,Ethan Glasser-Camp,2017-06-15 10:46:55+02:00,2017-06-15 12:06:07-04:00
CHANGELOG.rst,Ethan Glasser-Camp,Mathieu Leplatre,2017-06-20 16:39:48-04:00,2017-06-21 12:58:26+02:00
CHANGELOG.rst,Mathieu Leplatre,Rémy HUBSCHER,2017-06-21 12:58:26+02:00,2017-06-22 10:00:06+02:00
CHANGELOG.rst,Rémy HUBSCHER,Ethan Glasser-Camp,2017-06-22 10:00:49+02:00,2017-06-22 17:02:27-04:00
CHANGELOG.rst,Ethan Glasser-Camp,Mathieu Leplatre,2017-06-22 17:02:27-04:00,2017-06-23 15:24:26+02:00
CHANGELOG.rst,Mathieu Leplatre,Rémy HUBSCHER,2017-06-23 15:24:26+02:00,2017-06-23 17:58:40+02:00
CHANGELOG.rst,heron,Heron,2017-06-28 19:57:51-03:00,2017-06-29 11:30:54-03:00
CHANGELOG.rst,ema,Ethan Glasser-Camp,2018-01-09 08:53:58+01:00,2018-01-09 10:23:45-05:00
CHANGELOG.rst,Mathieu Leplatre,Ethan Glasser-Camp,2018-01-31 16:45:33+01:00,2018-01-31 16:09:05-05:00
CHANGELOG.rst,Ethan Glasser-Camp,Mathieu Leplatre,2018-02-09 11:34:17-05:00,2018-02-09 17:53:38+01:00
CHANGELOG.rst,Mathieu Leplatre,Ethan Glasser-Camp,2018-02-09 17:53:38+01:00,2018-02-09 12:12:22-05:00
CHANGELOG.rst,Mathieu Leplatre,Ethan Glasser-Camp,2018-03-28 13:17:33-07:00,2018-03-29 14:05:14-04:00
CHANGELOG.rst,Ethan Glasser-Camp,Mathieu Leplatre,2018-03-29 14:05:14-04:00,2018-03-29 11:19:45-07:00
CHANGELOG.rst,Rémy HUBSCHER,Mathieu Leplatre,2018-04-06 12:20:37+02:00,2018-04-06 13:51:39+02:00
CHANGELOG.rst,Rémy HUBSCHER,Mathieu Leplatre,2018-04-16 17:47:59+02:00,2018-04-17 00:24:39+02:00
CHANGELOG.rst,Mathieu Leplatre,Rémy HUBSCHER,2018-04-17 00:24:39+02:00,2018-04-17 10:32:44+02:00
CHANGELOG.rst,Rémy HUBSCHER,Mathieu Leplatre,2018-04-17 10:32:44+02:00,2018-04-17 12:37:18+02:00
CHANGELOG.rst,Mathieu Leplatre,Rémy HUBSCHER,2018-04-17 12:37:18+02:00,2018-04-17 14:17:48+02:00
CHANGELOG.rst,Mathieu Leplatre,Rémy HUBSCHER,2018-04-25 16:33:52+02:00,2018-04-26 09:27:45+02:00
CHANGELOG.rst,Rémy HUBSCHER,Mathieu Leplatre,2018-04-26 09:27:45+02:00,2018-04-26 10:28:16+02:00
CHANGELOG.rst,Mathieu Leplatre,Ethan Glasser-Camp,2018-05-17 11:08:34+02:00,2018-05-17 10:29:25-04:00
CHANGELOG.rst,Ethan Glasser-Camp,Peter Bengtsson,2018-05-21 15:23:58-04:00,2018-05-22 08:31:25-04:00
CHANGELOG.rst,Peter Bengtsson,Mathieu Leplatre,2018-05-22 08:31:25-04:00,2018-05-23 09:18:04+02:00
CHANGELOG.rst,Peter Bengtsson,Mathieu Leplatre,2018-05-31 15:01:48+02:00,2018-05-31 15:02:31+02:00
CHANGELOG.rst,Mathieu Leplatre,Ethan Glasser-Camp,2018-06-01 15:40:04+02:00,2018-06-01 13:24:32-04:00
CHANGELOG.rst,Peter Bengtsson,Mathieu Leplatre,2018-06-05 14:24:38-04:00,2018-06-06 12:57:20+02:00
CHANGELOG.rst,Mathieu Leplatre,Peter Bengtsson,2018-06-06 12:57:20+02:00,2018-06-06 08:39:24-04:00
CHANGELOG.rst,Peter Bengtsson,Mathieu Leplatre,2018-06-06 08:39:24-04:00,2018-06-07 10:24:34+02:00
CHANGELOG.rst,Mathieu Leplatre,Ethan Glasser-Camp,2018-08-14 16:17:55+02:00,2018-08-14 11:56:11-04:00
CHANGELOG.rst,Mathieu Leplatre,Ethan Glasser-Camp,2018-08-16 16:20:32+02:00,2018-08-16 13:09:52-04:00
CHANGELOG.rst,Ethan Glasser-Camp,Jeff Schobelock,2018-09-17 15:46:43-04:00,2018-09-18 13:43:49-04:00
CHANGELOG.rst,George Smith,George,2018-10-02 14:21:47+03:00,2018-10-02 14:39:27+03:00
CHANGELOG.rst,George,Pascal Roessner,2018-10-02 14:51:22+03:00,2018-10-02 22:10:26+02:00
CHANGELOG.rst,Pascal Roessner,Mathieu Leplatre,2018-10-02 22:24:31+02:00,2018-10-03 13:51:27+02:00
CHANGELOG.rst,Mathieu Leplatre,Rémy HUBSCHER,2018-10-11 16:05:34+02:00,2018-10-11 17:27:45+02:00
CHANGELOG.rst,DrFaustie,Ethan Glasser-Camp,2018-11-05 20:30:21+08:00,2018-11-05 14:54:08-05:00
CHANGELOG.rst,Ethan Glasser-Camp,Rémy HUBSCHER,2018-11-05 14:54:08-05:00,2018-11-06 11:53:45+01:00
CHANGELOG.rst,Peter,Mathieu Leplatre,2018-11-29 09:45:49+01:00,2018-11-29 09:50:56+01:00
CHANGELOG.rst,Francisco J. Piedrahita,Rémy HUBSCHER,2018-12-06 16:35:05-05:00,2018-12-07 09:56:27+01:00
CHANGELOG.rst,Rémy HUBSCHER,Ethan Glasser-Camp,2018-12-07 09:56:27+01:00,2018-12-07 10:45:30-05:00
CHANGELOG.rst,Peter Rassias,Ethan Glasser-Camp,2018-12-08 15:32:24-08:00,2018-12-09 11:54:00+01:00
CHANGELOG.rst,Ethan Glasser-Camp,Mathieu Leplatre,2018-12-09 11:54:00+01:00,2018-12-09 11:55:05+01:00
CHANGELOG.rst,Mathieu Leplatre,Peter Bengtsson,2018-12-10 11:39:47+01:00,2018-12-10 14:25:09-05:00
CHANGELOG.rst,Peter Bengtsson,Mathieu Leplatre,2018-12-10 14:25:09-05:00,2018-12-10 21:54:40+01:00
CHANGELOG.rst,Mathieu Leplatre,Ethan Glasser-Camp,2019-01-03 13:22:53+01:00,2019-01-03 13:39:39-05:00
CHANGELOG.rst,Ethan Glasser-Camp,Mathieu Leplatre,2019-01-03 15:47:10-05:00,2019-01-04 18:03:12+01:00
CHANGELOG.rst,Mathieu Leplatre,Rémy HUBSCHER,2019-01-21 16:23:59+01:00,2019-01-22 13:58:52+01:00
CHANGELOG.rst,Mathieu Agopian,Mathieu Leplatre,2019-01-28 10:58:48+01:00,2019-01-28 12:59:25+01:00
CHANGELOG.rst,Mathieu Leplatre,Mathieu Agopian,2019-01-28 12:59:25+01:00,2019-01-28 14:28:58+01:00
CHANGELOG.rst,Mathieu Leplatre,Taus Brock-Nannestad,2019-01-29 15:02:14+01:00,2019-01-29 15:29:07+01:00
CHANGELOG.rst,Taus Brock-Nannestad,Taus,2019-01-29 15:29:07+01:00,2019-01-29 15:32:45+01:00
CHANGELOG.rst,Taus,Mathieu Leplatre,2019-01-29 15:37:12+01:00,2019-01-30 12:05:14+01:00
CHANGELOG.rst,Frank Bertsch,Eugene Kulak,2019-02-05 09:46:49-06:00,2019-02-06 10:55:55+01:00
CHANGELOG.rst,renisha,Mathieu Leplatre,2019-07-03 22:02:44-05:00,2019-07-04 11:47:10+02:00
CHANGELOG.rst,Rémy HUBSCHER,Mathieu Leplatre,2019-08-07 15:56:50+02:00,2019-08-08 11:42:47+02:00
CHANGELOG.rst,Mathieu Leplatre,Rémy HUBSCHER,2019-09-12 15:50:34+02:00,2019-09-13 14:38:10+02:00
CHANGELOG.rst,Mathieu Leplatre,Matt Boris,2021-10-26 15:35:23+02:00,2021-10-27 11:16:45+02:00
CHANGELOG.rst,grahamalama,Graham Beckley,2023-02-08 11:45:22-05:00,2023-02-08 11:58:29-05:00
CHANGELOG.rst,Graham Beckley,grahamalama,2023-02-08 11:58:29-05:00,2023-02-08 16:19:44-05:00
CHANGELOG.rst,grahamalama,Graham Beckley,2023-02-09 11:14:54-05:00,2023-02-09 11:18:21-05:00
CHANGELOG.rst,Alex Cottner,Mathieu Leplatre,2023-11-21 12:25:46-07:00,2023-11-22 18:13:58+01:00
CONTRIBUTORS.rst,Mathieu Leplatre,Rémy HUBSCHER,2015-05-13 12:49:55+02:00,2015-05-13 14:13:40+02:00
CONTRIBUTORS.rst,Mathieu Leplatre,Rémy HUBSCHER,2016-03-09 00:39:11+01:00,2016-03-09 00:42:48+01:00
CONTRIBUTORS.rst,Surya Prashanth,Mathieu Leplatre,2016-08-22 17:06:05+05:30,2016-08-22 13:59:42+02:00
CONTRIBUTORS.rst,Ethan Glasser-Camp,ema,2017-11-28 12:45:43-05:00,2017-11-29 09:39:40+01:00
CONTRIBUTORS.rst,ema,Ethan Glasser-Camp,2018-01-09 08:53:58+01:00,2018-01-09 11:12:11-05:00
CONTRIBUTORS.rst,George Smith,Pascal Roessner,2018-10-02 14:21:47+03:00,2018-10-02 22:10:26+02:00
CONTRIBUTORS.rst,DrFaustie,Rémy HUBSCHER,2018-11-05 20:31:05+08:00,2018-11-06 11:54:29+01:00
CONTRIBUTORS.rst,Frank Bertsch,Eugene Kulak,2019-02-05 09:46:49-06:00,2019-02-06 10:55:55+01:00
Dockerfile,Mathieu Leplatre,Rémy HUBSCHER,2016-01-15 11:11:58+01:00,2016-01-15 11:18:50+01:00
Dockerfile,Rémy HUBSCHER,Mathieu Leplatre,2016-01-15 12:24:40+01:00,2016-01-15 15:32:47+01:00
MANIFEST.in,Alexis Métaireau,Mathieu Leplatre,2015-02-24 15:30:35+01:00,2015-02-25 13:13:11+01:00
MANIFEST.in,Alexis Métaireau,Rémy HUBSCHER,2015-03-03 00:49:11+01:00,2015-03-03 01:32:29+01:00
MANIFEST.in,oak11,Rémy HUBSCHER,2015-11-18 15:30:48+01:00,2015-11-18 15:30:48+01:00
MANIFEST.in,Alexis Metaireau,Rémy HUBSCHER,2017-05-16 23:35:09+02:00,2017-05-17 08:52:10+02:00
Makefile,Mathieu Leplatre,Rémy HUBSCHER,2015-01-14 10:01:12+01:00,2015-01-14 12:14:10+01:00
Makefile,Mathieu Agopian,Rémy HUBSCHER,2015-06-29 10:07:04+02:00,2015-06-29 10:52:52+02:00
Makefile,Rémy HUBSCHER,Mathieu Leplatre,2015-07-02 18:15:41+02:00,2015-07-03 10:01:40+02:00
Makefile,Mathieu Leplatre,Tarek Ziade,2015-10-18 15:38:43+02:00,2015-10-19 15:00:24+02:00
Makefile,Mathieu Leplatre,Rémy HUBSCHER,2015-11-18 16:09:51+01:00,2015-11-18 16:11:51+01:00
Makefile,VarnaSuresh,Rémy HUBSCHER,2016-10-07 12:16:31+02:00,2016-10-07 12:16:31+02:00
Makefile,Mathieu Leplatre,Rémy HUBSCHER,2016-10-26 12:46:13+02:00,2016-10-26 14:51:43+02:00
Makefile,Rémy HUBSCHER,Mathieu Leplatre,2019-10-17 17:09:15+02:00,2019-10-18 12:23:07+02:00
README.rst,Alexis Métaireau,Rémy HUBSCHER,2015-01-30 13:19:25+01:00,2015-01-30 16:38:49+01:00
README.rst,Rémy HUBSCHER,Alexis Metaireau,2015-01-30 16:38:49+01:00,2015-01-30 16:45:06+01:00
README.rst,Mathieu Leplatre,Rémy HUBSCHER,2015-02-09 09:54:29+01:00,2015-02-09 14:38:41+01:00
README.rst,Alexis Métaireau,Rémy HUBSCHER,2015-02-20 11:25:58+01:00,2015-02-20 16:06:21+01:00
README.rst,Mathieu Leplatre,Alexis Métaireau,2015-02-24 09:16:56+01:00,2015-02-24 15:30:35+01:00
README.rst,Alexis Métaireau,Mathieu Leplatre,2015-02-24 15:30:35+01:00,2015-02-24 16:54:40+01:00
README.rst,Mathieu Leplatre,Rémy HUBSCHER,2015-02-24 16:54:40+01:00,2015-02-25 11:16:31+01:00
README.rst,Rémy HUBSCHER,Mathieu Leplatre,2015-02-25 14:53:26+01:00,2015-02-25 17:07:14+01:00
README.rst,Mathieu Leplatre,Fil,2015-02-25 17:07:14+01:00,2015-02-25 20:19:21+01:00
README.rst,Fil,Rémy HUBSCHER,2015-02-25 20:19:21+01:00,2015-02-26 15:30:35+01:00
README.rst,Rémy HUBSCHER,Mathieu Leplatre,2015-02-26 15:30:35+01:00,2015-02-27 14:31:05+01:00
README.rst,Mathieu Leplatre,Alexis Métaireau,2015-03-18 11:21:58+01:00,2015-03-18 18:59:07+01:00
README.rst,Alexis Métaireau,Mathieu Leplatre,2015-03-18 18:59:07+01:00,2015-03-19 00:17:24+01:00
README.rst,Mathieu Leplatre,Rémy HUBSCHER,2015-11-05 00:27:15+01:00,2015-11-05 17:17:19+01:00
README.rst,Alexis Métaireau,Rémy HUBSCHER,2016-02-23 19:42:56+01:00,2016-02-24 09:56:21+01:00
SUPPORT.md,Sebastian Rodriguez,Rémy HUBSCHER,2017-10-04 21:34:31+01:00,2017-10-04 22:50:19+02:00
cliquet/__init__.py,Alexis Métaireau,Rémy HUBSCHER,2015-02-20 11:25:58+01:00,2015-02-20 11:40:37+01:00
cliquet/__init__.py,Rémy HUBSCHER,Alexis Métaireau,2015-02-24 12:05:55+01:00,2015-02-25 11:21:14+01:00
cliquet/__init__.py,Alexis Métaireau,Nicolas Perriault,2015-02-25 11:21:14+01:00,2015-02-25 16:20:34+01:00
cliquet/__init__.py,Nicolas Perriault,Rémy HUBSCHER,2015-02-25 16:20:34+01:00,2015-02-25 16:23:19+01:00
cliquet/__init__.py,Mathieu Leplatre,Rémy HUBSCHER,2015-03-18 12:08:45+01:00,2015-03-18 12:15:50+01:00
cliquet/__init__.py,Rémy HUBSCHER,Alexis Métaireau,2015-03-18 12:15:50+01:00,2015-03-18 12:16:20+01:00
cliquet/__init__.py,Alexis Métaireau,Mathieu Leplatre,2015-03-18 12:16:20+01:00,2015-03-18 15:53:58+01:00
cliquet/__init__.py,Mathieu Leplatre,Alexis Métaireau,2015-03-18 18:41:53+01:00,2015-03-18 18:45:19+01:00
cliquet/__init__.py,Alexis Métaireau,Rémy HUBSCHER,2015-03-18 18:45:19+01:00,2015-03-18 18:53:33+01:00
cliquet/__init__.py,Rémy HUBSCHER,Mathieu Leplatre,2015-03-18 18:53:33+01:00,2015-03-18 21:10:20+01:00
cliquet/__init__.py,Mathieu Leplatre,Alexis Métaireau,2015-03-19 22:08:36+01:00,2015-03-19 22:08:36+01:00
cliquet/__init__.py,Alexis Métaireau,Rémy HUBSCHER,2015-03-19 22:08:36+01:00,2015-03-19 22:24:45+01:00
cliquet/__init__.py,Rémy HUBSCHER,Alexis Métaireau,2015-03-19 22:25:28+01:00,2015-03-19 22:26:04+01:00
cliquet/__init__.py,Alexis Métaireau,Rémy HUBSCHER,2015-03-19 22:26:04+01:00,2015-03-19 22:36:08+01:00
cliquet/__init__.py,Rémy HUBSCHER,Mathieu Leplatre,2015-03-19 22:37:10+01:00,2015-03-19 22:41:42+01:00
cliquet/__init__.py,Mathieu Leplatre,Tarek Ziade,2015-03-20 01:04:48+01:00,2015-03-20 20:01:54+01:00
cliquet/__init__.py,Mathieu Leplatre,Alexis Métaireau,2015-03-25 13:36:07+01:00,2015-03-26 11:11:27+01:00
cliquet/__init__.py,Alexis Métaireau,Mathieu Leplatre,2015-03-26 11:11:27+01:00,2015-03-26 15:21:34+01:00
cliquet/__init__.py,Alexis Métaireau,Rémy HUBSCHER,2015-04-01 14:43:21+02:00,2015-04-01 15:03:37+02:00
cliquet/__init__.py,Rémy HUBSCHER,Mathieu Leplatre,2015-04-01 15:03:37+02:00,2015-04-01 15:30:08+02:00
cliquet/__init__.py,Mathieu Leplatre,Alexis Métaireau,2015-04-01 15:30:29+02:00,2015-04-02 10:14:12+02:00
cliquet/__init__.py,Mathieu Leplatre,Alexis Métaireau,2015-04-07 12:10:41+02:00,2015-04-07 15:30:04+02:00
cliquet/__init__.py,Alexis Métaireau,Mathieu Leplatre,2015-04-07 15:30:04+02:00,2015-04-08 14:07:06+02:00
cliquet/__init__.py,Mathieu Leplatre,hiromipaw,2015-04-13 22:31:44+02:00,2015-04-14 12:00:24+02:00
cliquet/__init__.py,hiromipaw,Mathieu Leplatre,2015-04-14 12:00:24+02:00,2015-04-14 16:00:20+02:00
cliquet/__init__.py,hiromipaw,Mathieu Leplatre,2015-04-27 12:43:14+02:00,2015-04-27 13:37:38+02:00
cliquet/__init__.py,Mathieu Leplatre,Alexis Métaireau,2015-06-03 12:12:21+02:00,2015-06-03 12:13:10+02:00
cliquet/__init__.py,Rémy HUBSCHER,Mathieu Leplatre,2015-06-04 12:35:09+02:00,2015-06-04 12:35:09+02:00
cliquet/__init__.py,Rémy HUBSCHER,Mathieu Leplatre,2015-06-09 17:03:30+02:00,2015-06-09 17:03:30+02:00
cliquet/__init__.py,Mathieu Leplatre,Alexis Métaireau,2015-06-09 17:03:30+02:00,2015-06-09 17:03:31+02:00
cliquet/__init__.py,Mathieu Leplatre,Rémy HUBSCHER,2015-07-15 11:13:32+02:00,2015-07-15 15:38:17+02:00
cliquet/__init__.py,Rémy HUBSCHER,Mathieu Leplatre,2015-10-26 10:22:00+01:00,2015-10-26 12:39:37+01:00
cliquet/__init__.py,Mathieu Leplatre,Rémy HUBSCHER,2015-10-29 11:56:09+01:00,2015-10-29 18:09:07+01:00
cliquet/__init__.py,Rémy HUBSCHER,Mathieu Leplatre,2015-11-09 11:15:58+01:00,2015-11-09 11:18:37+01:00
cliquet/authentication.py,Alexis Métaireau,Rémy HUBSCHER,2015-02-20 11:25:58+01:00,2015-02-20 16:00:16+01:00
cliquet/authentication.py,Alexis Métaireau,Mathieu Leplatre,2015-02-26 17:27:46+01:00,2015-02-26 22:42:21+01:00
cliquet/authentication.py,Mathieu Leplatre,Rémy HUBSCHER,2015-03-18 18:41:53+01:00,2015-03-18 18:53:33+01:00
cliquet/authentication.py,Rémy HUBSCHER,Mathieu Leplatre,2015-03-18 18:53:33+01:00,2015-03-18 22:12:42+01:00
cliquet/authentication.py,Rémy HUBSCHER,Mathieu Leplatre,2015-04-01 15:31:27+02:00,2015-04-01 15:32:43+02:00
cliquet/authentication.py,Mathieu Leplatre,Alexis Métaireau,2015-04-07 11:52:33+02:00,2015-04-07 15:26:45+02:00
cliquet/authentication.py,Rémy HUBSCHER,Mathieu Leplatre,2015-05-19 15:17:14+02:00,2015-05-20 11:58:15+02:00
cliquet/authentication.py,Rémy HUBSCHER,Mathieu Leplatre,2015-06-04 12:35:09+02:00,2015-06-04 12:35:09+02:00
cliquet/authentication.py,Mathieu Leplatre,Alexis Métaireau,2015-06-04 12:35:09+02:00,2015-06-04 12:35:09+02:00
cliquet/authentication.py,Rémy HUBSCHER,Mathieu Leplatre,2015-06-09 17:03:30+02:00,2015-06-09 17:03:30+02:00
cliquet/authentication.py,Mathieu Leplatre,Alexis Métaireau,2015-06-09 17:03:30+02:00,2015-06-09 17:03:31+02:00
cliquet/authorization.py,Alexis Métaireau,Rémy HUBSCHER,2015-06-10 14:06:24+02:00,2015-06-11 12:09:13+02:00
cliquet/authorization.py,Rémy HUBSCHER,Mathieu Leplatre,2015-06-11 12:09:13+02:00,2015-06-11 22:30:11+02:00
cliquet/authorization.py,Mathieu Leplatre,Rémy HUBSCHER,2015-06-12 09:18:03+02:00,2015-06-12 10:38:58+02:00
cliquet/authorization.py,Rémy HUBSCHER,Mathieu Leplatre,2015-06-12 10:38:58+02:00,2015-06-12 16:49:19+02:00
cliquet/authorization.py,Mathieu Leplatre,Rémy HUBSCHER,2015-06-18 12:30:17+02:00,2015-06-19 11:05:33+02:00
cliquet/authorization.py,Mathieu Leplatre,Rémy HUBSCHER,2015-09-01 16:21:03+02:00,2015-09-01 16:22:29+02:00
cliquet/cache/memory.py,Lavish Aggarwal,Rémy HUBSCHER,2016-03-11 12:56:03+05:30,2016-03-11 12:15:37+01:00
cliquet/cache/postgresql/__init__.py,Rémy HUBSCHER,Alexis Métaireau,2015-03-19 22:37:22+01:00,2015-03-19 22:37:22+01:00
cliquet/cache/postgresql/__init__.py,Alexis Métaireau,Mathieu Leplatre,2015-03-19 22:37:22+01:00,2015-03-19 22:53:35+01:00
cliquet/cache/redis.py,Rémy HUBSCHER,Alexis Métaireau,2015-03-19 22:37:22+01:00,2015-03-19 22:37:22+01:00
cliquet/cache/redis.py,Alexis Métaireau,Mathieu Leplatre,2015-03-19 22:37:22+01:00,2015-03-19 22:53:35+01:00
cliquet/events.py,Tarek Ziade,Mathieu Leplatre,2016-02-16 00:08:11+01:00,2016-02-16 00:56:31+01:00
cliquet/initialization.py,Rémy HUBSCHER,Alexis Métaireau,2015-06-09 17:03:30+02:00,2015-06-09 17:03:31+02:00
cliquet/initialization.py,Rémy HUBSCHER,Mathieu Leplatre,2015-07-01 14:08:27+02:00,2015-07-01 14:09:02+02:00
cliquet/initialization.py,Tarek Ziade,Mathieu Leplatre,2016-02-16 00:08:11+01:00,2016-02-16 00:56:31+01:00
cliquet/initialization.py,Rémy HUBSCHER,Mathieu Leplatre,2016-02-22 10:38:39+01:00,2016-02-22 10:51:58+01:00
cliquet/permission/__init__.py,Rémy HUBSCHER,Alexis Metaireau,2015-06-04 12:35:09+02:00,2015-06-04 12:35:09+02:00
cliquet/permission/__init__.py,Alexis Metaireau,Mathieu Leplatre,2015-06-04 12:35:09+02:00,2015-06-04 12:35:09+02:00
cliquet/permission/__init__.py,Mathieu Leplatre,Alexis Métaireau,2015-06-04 12:35:09+02:00,2015-06-04 12:35:09+02:00
cliquet/permission/__init__.py,Rémy HUBSCHER,Alexis Metaireau,2015-06-09 17:03:30+02:00,2015-06-09 17:03:30+02:00
cliquet/permission/__init__.py,Alexis Metaireau,Mathieu Leplatre,2015-06-09 17:03:30+02:00,2015-06-09 17:03:30+02:00
cliquet/permission/__init__.py,Mathieu Leplatre,Alexis Métaireau,2015-06-09 17:03:30+02:00,2015-06-09 17:03:30+02:00
cliquet/permission/__init__.py,Alexis Métaireau,Rémy HUBSCHER,2015-06-09 17:03:31+02:00,2015-06-09 17:03:31+02:00
cliquet/permission/__init__.py,Rémy HUBSCHER,Alexis Métaireau,2015-06-09 17:03:31+02:00,2015-06-10 12:01:01+02:00
cliquet/permission/memory.py,Rémy HUBSCHER,Alexis Métaireau,2015-06-04 12:35:09+02:00,2015-06-04 12:35:09+02:00
cliquet/permission/memory.py,Rémy HUBSCHER,Alexis Métaireau,2015-06-09 17:03:30+02:00,2015-06-09 17:03:30+02:00
cliquet/permission/memory.py,Mathieu Leplatre,Rémy HUBSCHER,2015-09-09 13:09:21+02:00,2015-09-09 14:25:18+02:00
cliquet/permission/memory.py,Rémy HUBSCHER,Mathieu Leplatre,2015-09-21 15:15:29+02:00,2015-09-21 16:17:31+02:00
cliquet/permission/postgresql/__init__.py,Mathieu Leplatre,Rémy HUBSCHER,2015-09-09 13:09:21+02:00,2015-09-09 14:25:18+02:00
cliquet/permission/postgresql/__init__.py,Rémy HUBSCHER,Mathieu Leplatre,2015-09-21 15:15:29+02:00,2015-09-21 16:17:31+02:00
cliquet/permission/postgresql/__init__.py,Rémy HUBSCHER,Mathieu Leplatre,2015-10-29 18:09:45+01:00,2015-10-30 11:33:15+01:00
cliquet/permission/redis.py,Rémy HUBSCHER,Alexis Métaireau,2015-06-04 12:35:09+02:00,2015-06-04 12:35:09+02:00
cliquet/permission/redis.py,Alexis Métaireau,Mathieu Leplatre,2015-06-04 12:35:09+02:00,2015-06-04 15:16:19+02:00
cliquet/permission/redis.py,Rémy HUBSCHER,Alexis Métaireau,2015-06-09 17:03:30+02:00,2015-06-09 17:03:30+02:00
cliquet/permission/redis.py,Alexis Métaireau,Mathieu Leplatre,2015-06-09 17:03:31+02:00,2015-06-09 17:03:31+02:00
cliquet/permission/redis.py,Mathieu Leplatre,Rémy HUBSCHER,2015-09-09 13:09:21+02:00,2015-09-09 14:25:18+02:00
cliquet/permission/redis.py,Rémy HUBSCHER,Mathieu Leplatre,2015-09-21 15:15:29+02:00,2015-09-21 16:17:31+02:00
cliquet/resource.py,Rémy HUBSCHER,Mathieu Leplatre,2015-02-25 16:23:19+01:00,2015-02-25 18:03:53+01:00
cliquet/resource.py,Mathieu Leplatre,Rémy HUBSCHER,2015-02-25 18:03:53+01:00,2015-02-26 11:57:27+01:00
cliquet/resource.py,Rémy HUBSCHER,Mathieu Leplatre,2015-02-26 11:57:27+01:00,2015-02-26 16:05:09+01:00
cliquet/resource.py,Mathieu Leplatre,Alexis Métaireau,2015-02-26 16:05:09+01:00,2015-02-26 16:41:19+01:00
cliquet/resource.py,Alexis Métaireau,Mathieu Leplatre,2015-02-26 16:41:19+01:00,2015-02-26 22:42:21+01:00
cliquet/resource.py,Mathieu Leplatre,Rémy HUBSCHER,2015-02-27 17:46:43+01:00,2015-02-27 17:47:44+01:00
cliquet/resource.py,Rémy HUBSCHER,Mathieu Leplatre,2015-02-27 17:47:44+01:00,2015-02-27 17:48:52+01:00
cliquet/resource.py,Mathieu Leplatre,Alexis Métaireau,2015-03-02 18:33:58+01:00,2015-03-02 18:43:57+01:00
cliquet/resource.py,Alexis Métaireau,Rémy HUBSCHER,2015-03-02 18:43:57+01:00,2015-03-03 11:40:48+01:00
cliquet/resource.py,Mathieu Leplatre,Rémy HUBSCHER,2015-03-05 11:56:46+01:00,2015-03-05 12:19:32+01:00
cliquet/resource.py,Mathieu Leplatre,Rémy HUBSCHER,2015-04-14 16:04:34+02:00,2015-04-14 16:09:26+02:00
cliquet/resource.py,Mathieu Leplatre,Alexis Métaireau,2015-06-03 12:12:21+02:00,2015-06-03 12:12:21+02:00
cliquet/resource.py,Alexis Métaireau,Mathieu Leplatre,2015-06-03 12:13:10+02:00,2015-06-03 12:13:10+02:00
cliquet/resource.py,Mathieu Leplatre,Alexis Métaireau,2015-06-03 12:13:10+02:00,2015-06-03 12:13:10+02:00
cliquet/resource.py,Alexis Métaireau,Mathieu Leplatre,2015-06-03 12:13:10+02:00,2015-06-03 12:23:18+02:00
cliquet/resource.py,Mathieu Leplatre,Alexis Metaireau,2015-06-03 12:23:18+02:00,2015-06-03 12:23:32+02:00
cliquet/resource.py,Alexis Metaireau,Mathieu Leplatre,2015-06-03 12:23:32+02:00,2015-06-03 15:20:13+02:00
cliquet/resource.py,Alexis Métaireau,Mathieu Leplatre,2015-06-10 15:03:15+02:00,2015-06-10 15:28:58+02:00
cliquet/resource.py,Mathieu Leplatre,Rémy HUBSCHER,2015-06-12 16:02:27+02:00,2015-06-12 16:12:59+02:00
cliquet/resource.py,Rémy HUBSCHER,Mathieu Leplatre,2015-06-12 16:12:59+02:00,2015-06-12 17:48:17+02:00
cliquet/resource.py,Mathieu Leplatre,Alexis Métaireau,2015-06-16 15:31:03+02:00,2015-06-16 17:01:48+02:00
cliquet/resource.py,Alexis Métaireau,Rémy HUBSCHER,2015-06-16 17:01:48+02:00,2015-06-16 17:11:00+02:00
cliquet/resource.py,Rémy HUBSCHER,Alexis Métaireau,2015-06-16 17:11:00+02:00,2015-06-16 17:16:48+02:00
cliquet/resource.py,Alexis Métaireau,Rémy HUBSCHER,2015-06-16 17:16:48+02:00,2015-06-16 17:38:47+02:00
cliquet/resource.py,Rémy HUBSCHER,Mathieu Leplatre,2015-06-16 17:38:47+02:00,2015-06-17 11:43:55+02:00
cliquet/resource.py,Mathieu Leplatre,Alexis Métaireau,2015-06-18 12:40:07+02:00,2015-06-19 11:12:14+02:00
cliquet/resource.py,Alexis Métaireau,Mathieu Leplatre,2015-06-19 11:12:14+02:00,2015-06-19 11:18:44+02:00
cliquet/resource.py,Mathieu Leplatre,Rémy HUBSCHER,2015-06-19 11:18:44+02:00,2015-06-19 13:39:08+02:00
cliquet/resource.py,Mathieu Leplatre,Rémy HUBSCHER,2015-07-15 11:13:32+02:00,2015-07-15 18:11:57+02:00
cliquet/resource.py,Rémy HUBSCHER,Mathieu Leplatre,2015-07-17 12:31:49+02:00,2015-07-17 13:06:05+02:00
cliquet/resource.py,Mathieu Leplatre,Rémy HUBSCHER,2015-08-28 16:25:23+02:00,2015-08-28 16:28:03+02:00
cliquet/resource.py,Mathieu Leplatre,Rémy HUBSCHER,2015-09-01 16:21:03+02:00,2015-09-01 16:22:29+02:00
cliquet/resource.py,Rémy HUBSCHER,Alexis Métaireau,2015-09-01 18:36:34+02:00,2015-09-02 14:38:14+02:00
cliquet/resource/__init__.py,Alexis Métaireau,Mathieu Leplatre,2015-11-11 10:36:57+01:00,2015-11-11 10:36:57+01:00
cliquet/resource/__init__.py,Mathieu Leplatre,Alexis Métaireau,2015-11-24 16:27:06+01:00,2015-11-24 19:24:36+01:00
cliquet/resource/__init__.py,Alexis Métaireau,Mathieu Leplatre,2015-11-24 19:24:36+01:00,2015-11-25 12:06:54+01:00
cliquet/resource/__init__.py,Mathieu Leplatre,Alexis Métaireau,2015-11-25 12:06:54+01:00,2015-11-25 16:23:54+01:00
cliquet/resource/__init__.py,Alexis Métaireau,choclate,2015-11-30 12:01:14+01:00,2015-11-30 14:40:02+01:00
cliquet/resource/__init__.py,choclate,Alexis Métaireau,2015-11-30 15:25:34+01:00,2015-11-30 19:09:09+01:00
cliquet/resource/__init__.py,Alexis Métaireau,Mathieu Leplatre,2015-12-01 11:19:41+01:00,2015-12-01 13:42:19+01:00
cliquet/resource/__init__.py,ayush sharma,Mathieu Leplatre,2016-02-19 15:43:51+05:30,2016-02-19 18:47:54+01:00
cliquet/resource/__init__.py,ayush sharma,Mathieu Leplatre,2016-02-22 23:30:20+05:30,2016-02-23 13:06:21+01:00
cliquet/resource/__init__.py,Rémy HUBSCHER,Mathieu Leplatre,2016-05-18 11:21:07+02:00,2016-05-18 12:21:45+02:00
cliquet/resource/viewset.py,Mathieu Leplatre,Rémy HUBSCHER,2015-10-29 11:03:12+01:00,2015-10-29 18:09:07+01:00
cliquet/resource/viewset.py,Rémy HUBSCHER,Mathieu Leplatre,2015-10-29 18:10:16+01:00,2015-10-30 10:36:39+01:00
cliquet/schema.py,Mathieu Leplatre,Alexis Métaireau,2015-02-26 16:05:09+01:00,2015-02-26 16:41:19+01:00
cliquet/schema.py,Alexis Métaireau,Mathieu Leplatre,2015-02-26 17:19:36+01:00,2015-02-27 02:05:13+01:00
cliquet/schema.py,Rémy HUBSCHER,Alexis Métaireau,2015-03-02 13:12:16+01:00,2015-03-02 17:48:05+01:00
cliquet/session/__init__.py,Alexis Métaireau,Rémy HUBSCHER,2015-02-20 11:25:58+01:00,2015-02-20 16:00:16+01:00
cliquet/session/redis.py,Mathieu Leplatre,Rémy HUBSCHER,2015-02-24 09:16:56+01:00,2015-02-24 12:05:55+01:00
cliquet/statsd.py,Rémy HUBSCHER,Alexis Métaireau,2015-03-19 22:37:22+01:00,2015-03-19 22:37:22+01:00
cliquet/statsd.py,Alexis Métaireau,Mathieu Leplatre,2015-03-19 22:37:23+01:00,2015-03-19 22:41:42+01:00
cliquet/statsd.py,Alexis Métaireau,Mathieu Leplatre,2015-03-26 11:44:13+01:00,2015-03-26 21:51:58+01:00
cliquet/storage/__init__.py,Rémy HUBSCHER,Mathieu Leplatre,2015-07-30 11:39:39+02:00,2015-07-31 11:19:36+02:00
cliquet/storage/cloud_storage.py,Rémy HUBSCHER,Mathieu Leplatre,2015-03-18 00:32:31+01:00,2015-03-18 00:32:31+01:00
cliquet/storage/cloud_storage.py,Mathieu Leplatre,Alexis Métaireau,2015-03-18 00:32:31+01:00,2015-03-18 00:32:31+01:00
cliquet/storage/cloud_storage.py,Alexis Métaireau,Mathieu Leplatre,2015-03-18 00:32:31+01:00,2015-03-18 00:32:31+01:00
cliquet/storage/cloud_storage.py,Mathieu Leplatre,Rémy HUBSCHER,2015-03-18 12:18:02+01:00,2015-03-18 13:09:26+01:00
cliquet/storage/cloud_storage.py,Rémy HUBSCHER,Mathieu Leplatre,2015-03-18 13:09:26+01:00,2015-03-18 15:53:58+01:00
cliquet/storage/cloud_storage.py,Mathieu Leplatre,Rémy HUBSCHER,2015-03-19 22:08:36+01:00,2015-03-19 22:36:08+01:00
cliquet/storage/cloud_storage.py,Rémy HUBSCHER,Alexis Métaireau,2015-03-19 22:37:22+01:00,2015-03-19 22:37:22+01:00
cliquet/storage/cloud_storage.py,Alexis Métaireau,Mathieu Leplatre,2015-03-19 22:37:22+01:00,2015-03-19 22:53:35+01:00
cliquet/storage/exceptions.py,Rémy HUBSCHER,Mathieu Leplatre,2015-04-13 22:12:24+02:00,2015-04-13 22:26:30+02:00
cliquet/storage/memory.py,Alexis Métaireau,Mathieu Leplatre,2015-03-02 18:04:33+01:00,2015-03-02 18:33:58+01:00
cliquet/storage/memory.py,Mathieu Leplatre,Alexis Métaireau,2015-03-02 18:33:58+01:00,2015-03-02 18:43:57+01:00
cliquet/storage/memory.py,Mathieu Leplatre,Alexis Métaireau,2015-03-18 00:32:31+01:00,2015-03-18 00:32:31+01:00
cliquet/storage/memory.py,Alexis Métaireau,Mathieu Leplatre,2015-03-18 00:32:31+01:00,2015-03-18 00:32:31+01:00
cliquet/storage/memory.py,Rémy HUBSCHER,Alexis Métaireau,2015-03-19 22:37:22+01:00,2015-03-19 22:37:22+01:00
cliquet/storage/memory.py,Alexis Métaireau,Mathieu Leplatre,2015-03-19 22:37:22+01:00,2015-03-19 22:53:35+01:00
cliquet/storage/memory.py,Mathieu Leplatre,Rémy HUBSCHER,2015-08-28 16:24:14+02:00,2015-08-28 16:51:32+02:00
cliquet/storage/postgresql/__init__.py,Alexis Métaireau,Mathieu Leplatre,2015-03-02 17:48:05+01:00,2015-03-02 18:33:58+01:00
cliquet/storage/postgresql/__init__.py,Mathieu Leplatre,Alexis Métaireau,2015-03-02 18:33:58+01:00,2015-03-02 18:43:57+01:00
cliquet/storage/postgresql/__init__.py,Alexis Métaireau,Mathieu Leplatre,2015-03-04 16:49:47+01:00,2015-03-05 13:04:01+01:00
cliquet/storage/postgresql/__init__.py,Mathieu Leplatre,Alexis Métaireau,2015-03-05 13:04:01+01:00,2015-03-05 21:29:50+01:00
cliquet/storage/postgresql/__init__.py,Mathieu Leplatre,Rémy HUBSCHER,2015-03-19 22:08:35+01:00,2015-03-19 22:36:08+01:00
cliquet/storage/postgresql/__init__.py,Rémy HUBSCHER,Alexis Métaireau,2015-03-19 22:37:22+01:00,2015-03-19 22:37:22+01:00
cliquet/storage/postgresql/__init__.py,Alexis Métaireau,Mathieu Leplatre,2015-03-19 22:37:22+01:00,2015-03-19 22:44:31+01:00
cliquet/storage/postgresql/__init__.py,Mathieu Leplatre,Rémy HUBSCHER,2015-08-28 16:24:14+02:00,2015-08-28 16:51:32+02:00
cliquet/storage/postgresql/__init__.py,Mathieu Leplatre,Rémy HUBSCHER,2015-09-08 18:16:37+02:00,2015-09-09 09:55:04+02:00
cliquet/storage/postgresql/__init__.py,Mathieu Leplatre,Rémy HUBSCHER,2015-10-28 23:30:27+01:00,2015-10-29 18:09:07+01:00
cliquet/storage/redis.py,Mathieu Leplatre,Alexis Métaireau,2015-03-17 14:03:39+01:00,2015-03-18 00:32:31+01:00
cliquet/storage/redis.py,Mathieu Leplatre,Rémy HUBSCHER,2015-03-19 22:08:35+01:00,2015-03-19 22:36:08+01:00
cliquet/storage/redis.py,Rémy HUBSCHER,Alexis Métaireau,2015-03-19 22:37:22+01:00,2015-03-19 22:37:22+01:00
cliquet/storage/redis.py,Alexis Métaireau,Mathieu Leplatre,2015-03-19 22:37:22+01:00,2015-03-19 22:53:35+01:00
cliquet/storage/redis.py,Mathieu Leplatre,Tarek Ziade,2015-11-09 16:02:02+01:00,2015-11-10 10:45:08+01:00
cliquet/tests/config/kinto.ini,Alexis Métaireau,Mathieu Leplatre,2015-03-18 00:32:31+01:00,2015-03-18 15:53:58+01:00
cliquet/tests/resource/test_events.py,Tarek Ziade,Mathieu Leplatre,2016-02-16 00:08:11+01:00,2016-02-16 00:56:31+01:00
cliquet/tests/resource/test_filter.py,Mathieu Leplatre,Rémy HUBSCHER,2015-08-28 16:25:23+02:00,2015-08-28 16:51:32+02:00
cliquet/tests/resource/test_object_permissions.py,Mathieu Leplatre,Rémy HUBSCHER,2015-06-12 16:02:27+02:00,2015-06-12 16:12:59+02:00
cliquet/tests/resource/test_object_permissions.py,Rémy HUBSCHER,Mathieu Leplatre,2015-06-12 16:12:59+02:00,2015-06-12 17:48:17+02:00
cliquet/tests/resource/test_object_permissions.py,Mathieu Leplatre,Rémy HUBSCHER,2015-09-01 16:20:53+02:00,2015-09-01 17:18:49+02:00
cliquet/tests/resource/test_object_permissions.py,Rémy HUBSCHER,Mathieu Leplatre,2015-09-08 11:27:38+02:00,2015-09-08 12:55:57+02:00
cliquet/tests/resource/test_partial_response.py,Rémy HUBSCHER,Mathieu Leplatre,2016-02-23 13:06:21+01:00,2016-02-23 13:06:21+01:00
cliquet/tests/resource/test_partial_response.py,Mathieu Leplatre,Rémy HUBSCHER,2016-02-23 13:06:21+01:00,2016-02-23 13:06:38+01:00
cliquet/tests/resource/test_partial_response.py,Rémy HUBSCHER,Mathieu Leplatre,2016-02-23 13:06:38+01:00,2016-02-23 13:06:38+01:00
cliquet/tests/resource/test_preconditions.py,Alexis Métaireau,Mathieu Leplatre,2015-11-11 10:36:57+01:00,2015-11-11 10:36:57+01:00
cliquet/tests/resource/test_timestamp.py,Alexis Métaireau,Rémy HUBSCHER,2015-02-20 11:25:58+01:00,2015-02-20 11:40:37+01:00
cliquet/tests/resource/test_views.py,Alexis Métaireau,Rémy HUBSCHER,2015-02-20 11:25:58+01:00,2015-02-20 11:40:37+01:00
cliquet/tests/resource/test_views.py,Mathieu Leplatre,Alexis Métaireau,2015-02-25 11:15:43+01:00,2015-02-25 11:21:14+01:00
cliquet/tests/resource/test_views.py,Alexis Métaireau,Rémy HUBSCHER,2015-02-25 11:21:14+01:00,2015-02-25 16:52:49+01:00
cliquet/tests/resource/test_views.py,Mathieu Leplatre,Rémy HUBSCHER,2015-02-27 17:46:43+01:00,2015-02-27 17:47:44+01:00
cliquet/tests/resource/test_views.py,Rémy HUBSCHER,Mathieu Leplatre,2015-02-27 17:47:44+01:00,2015-02-27 17:49:08+01:00
cliquet/tests/resource/test_views.py,Mathieu Leplatre,Rémy HUBSCHER,2015-04-14 16:04:34+02:00,2015-04-14 16:09:26+02:00
cliquet/tests/resource/test_views.py,Alexis Métaireau,Mathieu Leplatre,2015-06-10 15:03:15+02:00,2015-06-10 15:28:58+02:00
cliquet/tests/resource/test_views.py,Mathieu Leplatre,Alexis Métaireau,2015-06-10 15:47:26+02:00,2015-06-10 16:49:44+02:00
cliquet/tests/resource/test_views.py,Alexis Métaireau,Mathieu Leplatre,2015-06-10 16:49:44+02:00,2015-06-11 11:55:20+02:00
cliquet/tests/resource/test_views_cors.py,Mathieu Leplatre,Alexis Métaireau,2015-03-17 19:32:23+01:00,2015-03-17 19:32:23+01:00
cliquet/tests/resource/test_viewset.py,Mathieu Leplatre,Alexis Métaireau,2015-06-09 12:08:57+02:00,2015-06-09 17:03:31+02:00
cliquet/tests/resource/test_viewset.py,Alexis Métaireau,Mathieu Leplatre,2015-06-09 17:03:31+02:00,2015-06-10 15:28:58+02:00
cliquet/tests/resource/test_viewset.py,Rémy HUBSCHER,Mathieu Leplatre,2015-11-03 00:10:46+01:00,2015-11-03 15:29:29+01:00
cliquet/tests/resource/test_viewset.py,Mathieu Leplatre,Rémy HUBSCHER,2015-11-03 17:13:42+01:00,2015-11-03 17:38:55+01:00
cliquet/tests/support.py,Alexis Métaireau,Rémy HUBSCHER,2015-02-20 11:25:58+01:00,2015-02-20 11:40:37+01:00
cliquet/tests/support.py,Mathieu Leplatre,Rémy HUBSCHER,2015-03-17 14:03:39+01:00,2015-03-17 16:58:30+01:00
cliquet/tests/support.py,Rémy HUBSCHER,Alexis Métaireau,2015-03-17 16:58:30+01:00,2015-03-18 12:16:20+01:00
cliquet/tests/support.py,Alexis Métaireau,Mathieu Leplatre,2015-04-07 11:34:22+02:00,2015-04-07 11:52:33+02:00
cliquet/tests/support.py,Mathieu Leplatre,Alexis Métaireau,2015-04-07 12:13:32+02:00,2015-04-07 15:30:04+02:00
cliquet/tests/support.py,Alexis Métaireau,Mathieu Leplatre,2015-06-10 14:43:26+02:00,2015-06-11 11:55:20+02:00
cliquet/tests/test_authentication.py,Mathieu Leplatre,Alexis Métaireau,2015-04-07 11:52:33+02:00,2015-04-07 15:26:45+02:00
cliquet/tests/test_authorization.py,Mathieu Leplatre,Rémy HUBSCHER,2015-06-11 23:39:41+02:00,2015-06-12 10:38:58+02:00
cliquet/tests/test_authorization.py,Mathieu Leplatre,Rémy HUBSCHER,2015-06-18 12:30:17+02:00,2015-06-19 11:05:33+02:00
cliquet/tests/test_authorization.py,Mathieu Leplatre,Rémy HUBSCHER,2015-09-01 16:20:53+02:00,2015-09-01 17:18:49+02:00
cliquet/tests/test_cache.py,Mathieu Leplatre,Rémy HUBSCHER,2015-03-18 15:53:58+01:00,2015-03-18 17:44:18+01:00
cliquet/tests/test_cache.py,Rémy HUBSCHER,Mathieu Leplatre,2015-03-18 17:44:18+01:00,2015-03-18 22:13:09+01:00
cliquet/tests/test_cache.py,Mathieu Leplatre,Alexis Métaireau,2015-03-18 22:13:09+01:00,2015-03-19 12:48:25+01:00
cliquet/tests/test_cache.py,Alexis Métaireau,Mathieu Leplatre,2015-03-19 12:48:25+01:00,2015-03-19 23:38:44+01:00
cliquet/tests/test_cache.py,Tarek Ziade,Mathieu Leplatre,2015-11-10 10:45:08+01:00,2015-11-11 10:35:29+01:00
cliquet/tests/test_cache.py,Lavish Aggarwal,Rémy HUBSCHER,2016-03-11 12:56:03+05:30,2016-03-11 12:15:37+01:00
cliquet/tests/test_cors.py,Rémy HUBSCHER,Alexis Métaireau,2015-02-26 09:43:29+01:00,2015-02-26 10:08:35+01:00
cliquet/tests/test_initialization.py,Alexis Métaireau,Rémy HUBSCHER,2015-04-01 11:50:49+02:00,2015-04-01 15:03:37+02:00
cliquet/tests/test_initialization.py,Rémy HUBSCHER,Mathieu Leplatre,2015-04-01 15:03:37+02:00,2015-04-01 17:49:11+02:00
cliquet/tests/test_initialization.py,Mathieu Leplatre,Alexis Métaireau,2015-04-01 17:49:11+02:00,2015-04-02 10:14:12+02:00
cliquet/tests/test_initialization.py,Rémy HUBSCHER,Mathieu Leplatre,2015-10-26 10:22:00+01:00,2015-10-26 12:39:37+01:00
cliquet/tests/test_listeners.py,Tarek Ziade,Mathieu Leplatre,2016-02-16 00:08:11+01:00,2016-02-16 00:56:31+01:00
cliquet/tests/test_logging.py,Mathieu Leplatre,Alexis Métaireau,2015-04-07 11:52:33+02:00,2015-04-07 15:30:04+02:00
cliquet/tests/test_logging.py,Alexis Métaireau,Mathieu Leplatre,2015-04-07 15:30:04+02:00,2015-04-08 12:06:34+02:00
cliquet/tests/test_logging.py,Alexis Métaireau,Mathieu Leplatre,2015-06-09 17:03:31+02:00,2015-06-10 15:28:58+02:00
cliquet/tests/test_permission.py,Rémy HUBSCHER,Mathieu Leplatre,2015-06-04 12:35:09+02:00,2015-06-04 12:35:09+02:00
cliquet/tests/test_permission.py,Mathieu Leplatre,Alexis Métaireau,2015-06-04 12:35:09+02:00,2015-06-04 12:35:09+02:00
cliquet/tests/test_permission.py,Alexis Métaireau,Mathieu Leplatre,2015-06-04 12:35:09+02:00,2015-06-04 13:13:02+02:00
cliquet/tests/test_permission.py,Rémy HUBSCHER,Mathieu Leplatre,2015-06-09 17:03:30+02:00,2015-06-09 17:03:30+02:00
cliquet/tests/test_permission.py,Mathieu Leplatre,Alexis Métaireau,2015-06-09 17:03:30+02:00,2015-06-09 17:03:30+02:00
cliquet/tests/test_permission.py,Alexis Métaireau,Mathieu Leplatre,2015-06-09 17:03:30+02:00,2015-06-09 17:03:31+02:00
cliquet/tests/test_permission.py,Mathieu Leplatre,Alexis Métaireau,2015-06-09 17:03:31+02:00,2015-06-10 12:01:01+02:00
cliquet/tests/test_permission.py,Mathieu Leplatre,Rémy HUBSCHER,2015-09-09 13:09:21+02:00,2015-09-09 14:25:18+02:00
cliquet/tests/test_permission.py,Rémy HUBSCHER,Mathieu Leplatre,2015-10-29 18:36:54+01:00,2015-10-30 10:36:39+01:00
cliquet/tests/test_permission.py,Tarek Ziade,Mathieu Leplatre,2015-11-10 10:45:08+01:00,2015-11-11 10:35:29+01:00
cliquet/tests/test_resource.py,Alexis Métaireau,Mathieu Leplatre,2015-06-03 12:13:10+02:00,2015-06-03 15:20:13+02:00
cliquet/tests/test_schema.py,Mathieu Leplatre,Alexis Métaireau,2015-02-26 16:05:09+01:00,2015-02-26 16:41:19+01:00
cliquet/tests/test_statsd.py,Alexis Métaireau,Mathieu Leplatre,2015-03-19 22:37:23+01:00,2015-03-19 22:41:42+01:00
cliquet/tests/test_storage.py,Alexis Métaireau,Mathieu Leplatre,2015-03-02 17:56:35+01:00,2015-03-02 18:33:58+01:00
cliquet/tests/test_storage.py,Mathieu Leplatre,Alexis Métaireau,2015-03-02 18:33:58+01:00,2015-03-02 18:43:57+01:00
cliquet/tests/test_storage.py,Alexis Métaireau,Rémy HUBSCHER,2015-03-02 18:43:57+01:00,2015-03-03 09:18:04+01:00
cliquet/tests/test_storage.py,Rémy HUBSCHER,Alexis Métaireau,2015-03-03 09:18:04+01:00,2015-03-03 13:28:04+01:00
cliquet/tests/test_storage.py,Mathieu Leplatre,Alexis Métaireau,2015-03-18 00:32:31+01:00,2015-03-18 00:32:31+01:00
cliquet/tests/test_storage.py,Alexis Métaireau,Mathieu Leplatre,2015-03-18 00:32:31+01:00,2015-03-18 00:32:31+01:00
cliquet/tests/test_storage.py,Alexis Métaireau,Mathieu Leplatre,2015-03-19 12:58:37+01:00,2015-03-19 22:08:36+01:00
cliquet/tests/test_storage.py,Rémy HUBSCHER,Mathieu Leplatre,2015-04-13 22:12:24+02:00,2015-04-13 22:26:30+02:00
cliquet/tests/test_storage.py,Rémy HUBSCHER,Mathieu Leplatre,2015-08-12 17:54:29+02:00,2015-08-13 15:07:13+02:00
cliquet/tests/test_storage.py,Mathieu Leplatre,Rémy HUBSCHER,2015-08-28 16:24:14+02:00,2015-08-28 16:51:32+02:00
cliquet/tests/test_storage.py,Mathieu Leplatre,Rémy HUBSCHER,2015-09-08 18:16:37+02:00,2015-09-09 09:55:04+02:00
cliquet/tests/test_storage.py,Mathieu Leplatre,Rémy HUBSCHER,2015-10-28 23:30:27+01:00,2015-10-29 18:10:16+01:00
cliquet/tests/test_storage.py,Rémy HUBSCHER,Mathieu Leplatre,2015-10-29 18:27:52+01:00,2015-10-30 10:36:39+01:00
cliquet/tests/test_storage.py,Tarek Ziade,Mathieu Leplatre,2015-11-09 13:53:37+01:00,2015-11-09 16:02:02+01:00
cliquet/tests/test_storage.py,Mathieu Leplatre,Tarek Ziade,2015-11-09 16:02:02+01:00,2015-11-10 10:45:08+01:00
cliquet/tests/test_storage.py,Tarek Ziade,Mathieu Leplatre,2015-11-10 10:45:08+01:00,2015-11-11 10:35:29+01:00
cliquet/tests/test_utils.py,Mathieu Leplatre,Alexis Métaireau,2015-03-17 14:03:40+01:00,2015-03-18 00:32:31+01:00
cliquet/tests/test_views_batch.py,Mathieu Leplatre,Rémy HUBSCHER,2015-03-18 12:06:43+01:00,2015-03-18 12:33:01+01:00
cliquet/tests/test_views_batch.py,Rémy HUBSCHER,Mathieu Leplatre,2015-03-18 22:39:48+01:00,2015-03-19 22:08:35+01:00
cliquet/tests/test_views_batch.py,Mathieu Leplatre,Tarek Ziade,2015-03-19 22:08:35+01:00,2015-03-20 19:09:46+01:00
cliquet/tests/test_views_batch.py,Mathieu Leplatre,Rémy HUBSCHER,2015-04-01 17:49:11+02:00,2015-04-02 10:20:54+02:00
cliquet/tests/test_views_errors.py,Mathieu Leplatre,Rémy HUBSCHER,2015-02-25 11:15:43+01:00,2015-02-25 16:49:31+01:00
cliquet/tests/test_views_errors.py,Mathieu Leplatre,Rémy HUBSCHER,2015-02-27 17:46:43+01:00,2015-02-27 17:47:44+01:00
cliquet/tests/test_views_errors.py,Rémy HUBSCHER,Mathieu Leplatre,2015-02-27 17:47:44+01:00,2015-02-27 17:49:08+01:00
cliquet/tests/test_views_errors.py,Mathieu Leplatre,Rémy HUBSCHER,2015-04-02 00:57:57+02:00,2015-04-02 00:57:57+02:00
cliquet/tests/test_views_errors.py,Rémy HUBSCHER,Mathieu Leplatre,2015-10-02 16:49:50+02:00,2015-10-02 17:45:29+02:00
cliquet/tests/test_views_errors.py,Tarek Ziade,Rémy HUBSCHER,2015-10-29 09:29:35+01:00,2015-10-29 18:10:16+01:00
cliquet/tests/test_views_errors.py,Rémy HUBSCHER,Mathieu Leplatre,2015-10-29 18:10:16+01:00,2015-10-30 10:49:11+01:00
cliquet/tests/test_views_hello.py,Mathieu Leplatre,Rémy HUBSCHER,2015-10-29 11:56:09+01:00,2015-10-29 18:10:16+01:00
cliquet/tests/test_views_oauth.py,Rémy HUBSCHER,Mathieu Leplatre,2015-03-17 16:58:30+01:00,2015-03-17 16:58:30+01:00
cliquet/tests/test_views_oauth.py,Mathieu Leplatre,Alexis Métaireau,2015-03-17 16:58:30+01:00,2015-03-18 12:16:20+01:00
cliquet/tests/test_views_oauth.py,Alexis Métaireau,Mathieu Leplatre,2015-03-18 13:13:03+01:00,2015-03-18 15:53:58+01:00
cliquet/tests/test_views_oauth.py,Mathieu Leplatre,Rémy HUBSCHER,2015-03-18 15:53:58+01:00,2015-03-18 17:41:36+01:00
cliquet/tests/test_views_oauth.py,Rémy HUBSCHER,Alexis Métaireau,2015-03-18 17:41:36+01:00,2015-03-18 18:45:19+01:00
cliquet/tests/test_views_oauth.py,Alexis Métaireau,Rémy HUBSCHER,2015-03-18 18:45:19+01:00,2015-03-18 18:45:19+01:00
cliquet/tests/test_views_oauth.py,Mathieu Leplatre,Alexis Métaireau,2015-04-07 11:52:33+02:00,2015-04-07 15:30:04+02:00
cliquet/tests/testapp.ini,Alexis Métaireau,Rémy HUBSCHER,2015-02-20 11:25:58+01:00,2015-02-20 11:40:37+01:00
cliquet/tests/testapp.py,Alexis Métaireau,Rémy HUBSCHER,2015-02-20 11:25:58+01:00,2015-02-20 11:40:37+01:00
cliquet/tests/testapp.py,Alexis Métaireau,Rémy HUBSCHER,2015-02-25 11:21:14+01:00,2015-02-25 16:23:19+01:00
cliquet/tests/testapp/__init__.py,Alexis Métaireau,Mathieu Leplatre,2015-06-03 12:13:10+02:00,2015-06-03 15:20:13+02:00
cliquet/tests/testapp/__init__.py,Rémy HUBSCHER,Mathieu Leplatre,2016-02-22 10:38:39+01:00,2016-02-22 10:38:39+01:00
cliquet/tests/testapp/views.py,Alexis Métaireau,Mathieu Leplatre,2015-06-09 17:03:31+02:00,2015-06-10 15:36:56+02:00
cliquet/utils.py,Alexis Métaireau,Rémy HUBSCHER,2015-03-02 15:55:31+01:00,2015-03-02 18:36:42+01:00
cliquet/utils.py,Rémy HUBSCHER,Alexis Métaireau,2015-03-02 18:36:42+01:00,2015-03-02 18:54:56+01:00
cliquet/utils.py,Mathieu Leplatre,Alexis Métaireau,2015-03-18 00:32:31+01:00,2015-03-18 00:32:31+01:00
cliquet/utils.py,Alexis Métaireau,Mathieu Leplatre,2015-03-18 00:32:31+01:00,2015-03-18 00:32:31+01:00
cliquet/utils.py,Mathieu Leplatre,Tarek Ziade,2015-03-19 22:08:35+01:00,2015-03-20 18:45:10+01:00
cliquet/utils.py,Mathieu Leplatre,Rémy HUBSCHER,2015-08-28 16:24:14+02:00,2015-08-28 16:51:32+02:00
cliquet/utils.py,Rémy HUBSCHER,Mathieu Leplatre,2016-01-21 09:47:07+01:00,2016-01-21 09:47:10+01:00
cliquet/utils.py,Mathieu Leplatre,Tarek Ziade,2016-02-15 17:11:55+01:00,2016-02-16 00:08:11+01:00
cliquet/views/batch.py,Mathieu Leplatre,Rémy HUBSCHER,2015-03-18 12:06:43+01:00,2015-03-18 18:33:04+01:00
cliquet/views/batch.py,Rémy HUBSCHER,Mathieu Leplatre,2015-03-18 22:57:48+01:00,2015-03-19 22:08:35+01:00
cliquet/views/errors.py,Mathieu Leplatre,Rémy HUBSCHER,2015-09-01 16:21:03+02:00,2015-09-01 16:22:29+02:00
cliquet/views/errors.py,Rémy HUBSCHER,Mathieu Leplatre,2015-10-02 16:49:50+02:00,2015-10-02 17:45:29+02:00
cliquet/views/hello.py,Rémy HUBSCHER,Mathieu Leplatre,2015-11-09 11:15:58+01:00,2015-11-09 11:18:37+01:00
cliquet/views/oauth.py,Mathieu Leplatre,Rémy HUBSCHER,2015-03-17 14:03:39+01:00,2015-03-17 16:58:30+01:00
cliquet/views/oauth.py,Rémy HUBSCHER,Mathieu Leplatre,2015-03-17 16:58:30+01:00,2015-03-17 16:58:30+01:00
cliquet/views/oauth.py,Mathieu Leplatre,Alexis Métaireau,2015-03-17 17:02:50+01:00,2015-03-18 12:16:20+01:00
cliquet/views/oauth.py,Alexis Métaireau,Mathieu Leplatre,2015-03-18 14:57:00+01:00,2015-03-18 15:53:58+01:00
cliquet/views/oauth.py,Mathieu Leplatre,Rémy HUBSCHER,2015-03-18 15:53:58+01:00,2015-03-18 17:41:36+01:00
cliquet_docs/api/batch.rst,Mathieu Leplatre,Rémy HUBSCHER,2016-02-17 19:47:55+01:00,2016-02-18 08:46:02+00:00
cliquet_docs/api/resource.rst,Mathieu Leplatre,Rémy HUBSCHER,2015-08-28 16:25:23+02:00,2015-08-28 16:51:32+02:00
cliquet_docs/api/resource.rst,Tarek Ziade,choclate,2015-11-30 10:01:54+01:00,2015-11-30 15:25:34+01:00
cliquet_docs/api/resource.rst,choclate,Alexis Métaireau,2015-11-30 15:25:34+01:00,2015-12-01 11:19:41+01:00
cliquet_docs/api/resource.rst,Alexis Métaireau,choclate,2015-12-01 11:19:41+01:00,2015-12-02 00:56:52+01:00
cliquet_docs/api/resource.rst,Mathieu Leplatre,Rémy HUBSCHER,2016-02-26 10:54:25+01:00,2016-02-26 11:00:58+01:00
cliquet_docs/api/utilities.rst,Rémy HUBSCHER,Mathieu Leplatre,2015-10-22 11:52:30+02:00,2015-10-22 12:21:10+02:00
cliquet_docs/api/utilities.rst,Mathieu Leplatre,Rémy HUBSCHER,2015-10-29 11:58:18+01:00,2015-10-29 18:09:45+01:00
cliquet_docs/api/utilities.rst,Rémy HUBSCHER,Mathieu Leplatre,2015-10-29 18:10:15+01:00,2015-10-30 10:36:39+01:00
cliquet_docs/api/versioning.rst,Tarek Ziade,Mathieu Leplatre,2015-11-27 15:51:19+01:00,2015-11-27 16:38:27+01:00
cliquet_docs/conf.py,Mathieu Leplatre,Rémy HUBSCHER,2015-09-08 12:42:40+02:00,2015-09-08 19:44:36+02:00
cliquet_docs/conf.py,Rémy HUBSCHER,Mathieu Leplatre,2016-04-28 11:32:03+02:00,2016-04-29 11:20:16+02:00
cliquet_docs/contributing.rst,Rémy HUBSCHER,Mathieu Leplatre,2015-09-23 09:35:54+02:00,2015-09-23 16:30:53+02:00
cliquet_docs/reference/configuration.rst,Mathieu Leplatre,Rémy HUBSCHER,2015-10-29 09:43:43+01:00,2015-10-29 18:09:07+01:00
cliquet_docs/reference/configuration.rst,Rémy HUBSCHER,Mathieu Leplatre,2015-10-29 18:13:59+01:00,2015-10-30 10:36:39+01:00
cliquet_docs/reference/notifications.rst,Mathieu Leplatre,Rémy HUBSCHER,2016-02-26 12:41:01+01:00,2016-02-26 16:18:28+01:00
cliquet_docs/reference/notifications.rst,Rémy HUBSCHER,Mathieu Leplatre,2016-02-26 16:18:28+01:00,2016-02-26 17:54:32+01:00
conf/readinglist.ini,Rémy HUBSCHER,Mathieu Leplatre,2015-01-20 13:31:56+01:00,2015-01-20 15:02:48+01:00
config/kinto.ini,Alexis Métaireau,Mathieu Leplatre,2015-03-05 20:33:27+01:00,2015-03-05 21:03:18+01:00
config/readinglist.ini,Mathieu Leplatre,Rémy HUBSCHER,2015-02-03 14:18:23+01:00,2015-02-03 17:52:42+01:00
config/readinglist.ini,Mathieu Leplatre,Rémy HUBSCHER,2015-02-06 17:11:12+01:00,2015-02-06 20:52:26+01:00
constraints.txt,Alex Cottner,dependabot[bot],2024-02-05 09:12:15-07:00,2024-02-06 14:45:54+01:00
constraints.txt,dependabot[bot],Mathieu Leplatre,2025-02-11 10:40:06+01:00,2025-02-12 10:08:42+01:00
constraints.txt,dependabot[bot],Mathieu Leplatre,2025-02-18 10:18:58+01:00,2025-02-19 09:09:01+01:00
constraints.txt,dependabot[bot],Mathieu Leplatre,2025-02-25 11:12:30+01:00,2025-02-25 17:10:41+01:00
dev-requirements.txt,Alexis Métaireau,Rémy HUBSCHER,2015-02-24 15:30:35+01:00,2015-02-25 11:08:51+01:00
dev-requirements.txt,Mathieu Agopian,Rémy HUBSCHER,2015-06-29 10:07:04+02:00,2015-06-29 10:50:40+02:00
dev-requirements.txt,Alexis Métaireau,Rémy HUBSCHER,2015-06-30 10:55:39+02:00,2015-06-30 12:44:31+02:00
dev-requirements.txt,Mathieu Leplatre,Rémy HUBSCHER,2015-09-08 12:52:05+02:00,2015-09-08 16:10:06+02:00
dev-requirements.txt,Mathieu Leplatre,Rémy HUBSCHER,2015-10-27 22:15:21+01:00,2015-10-28 12:07:57+01:00
dev-requirements.txt,Mathieu Leplatre,Rémy HUBSCHER,2015-10-30 17:50:57+01:00,2015-10-30 18:01:21+01:00
dev-requirements.txt,Mathieu Leplatre,Rémy HUBSCHER,2015-12-14 11:22:24+01:00,2015-12-14 11:25:58+01:00
dev-requirements.txt,pyup-bot,Ethan Glasser-Camp,2017-11-28 00:48:43+01:00,2017-11-28 11:26:19-05:00
dev-requirements.txt,pyup-bot,Rémy HUBSCHER,2018-01-31 10:25:53+01:00,2018-01-31 12:16:05+01:00
dev-requirements.txt,pyup-bot,Rémy HUBSCHER,2018-02-06 15:50:16+01:00,2018-02-06 15:52:27+01:00
dev-requirements.txt,Ethan Glasser-Camp,pyup-bot,2018-03-19 14:45:29-04:00,2018-03-20 09:10:48-04:00
dev-requirements.txt,pyup-bot,Ethan Glasser-Camp,2018-11-08 23:27:35+01:00,2018-11-08 17:30:57-05:00
dev-requirements.txt,Ethan Glasser-Camp,Mathieu Leplatre,2018-12-10 13:07:19-05:00,2018-12-11 15:38:40+01:00
dev-requirements.txt,Mathieu Leplatre,pyup-bot,2018-12-11 15:38:40+01:00,2018-12-11 21:56:06+01:00
dev-requirements.txt,dependabot-preview[bot],Rémy HUBSCHER,2019-10-17 11:06:20+00:00,2019-10-17 17:09:15+02:00
dev-requirements.txt,dependabot-preview[bot],Rémy HUBSCHER,2021-02-17 14:13:11+01:00,2021-02-17 14:27:53+01:00
dev-requirements.txt,dependabot-preview[bot],dependabot[bot],2021-04-29 02:45:14+02:00,2021-04-29 20:55:20+00:00
dev-requirements.txt,dependabot[bot],Mathieu Leplatre,2021-05-11 11:46:21+02:00,2021-05-11 12:08:03+02:00
dev-requirements.txt,dependabot[bot],Mathieu Leplatre,2022-03-08 11:17:28+01:00,2022-03-09 10:48:48+01:00
dev-requirements.txt,Mathieu Leplatre,dependabot[bot],2023-12-20 10:52:43+01:00,2023-12-20 15:41:35+01:00
docker-compose.yml,Tarek Ziade,Alexis Métaireau,2015-03-05 21:48:52+01:00,2015-03-05 21:56:20+01:00
docs/Makefile,Rémy HUBSCHER,Alexis Métaireau,2015-02-03 12:02:41+01:00,2015-02-03 18:42:07+01:00
docs/_templates/indexcontent.html,Alexis Métaireau,Mathieu Leplatre,2015-08-20 15:51:00+02:00,2015-08-20 15:51:00+02:00
docs/_templates/indexcontent.html,Mathieu Leplatre,Alexis Métaireau,2015-08-24 15:26:46+02:00,2015-08-24 17:20:56+02:00
docs/_templates/indexcontent.html,Tarek Ziade,Alexis Métaireau,2015-08-26 21:12:17+02:00,2015-08-26 21:33:12+02:00
docs/_templates/indexcontent.html,Niraj,Rémy HUBSCHER,2015-12-11 01:16:58+05:30,2015-12-10 15:04:37-05:00
docs/_templates/indexcontent.html,Mathieu Agopian,Alexis Metaireau,2016-03-01 18:03:37+01:00,2016-03-01 23:59:38+01:00
docs/api/1.x/_details-get-list.rst,Peter Bengtsson,Mathieu Leplatre,2018-12-10 14:29:17-05:00,2018-12-10 21:54:40+01:00
docs/api/1.x/_details-patch-object.rst,Gabriela Surita,Gabi Surita,2016-10-18 23:12:57-02:00,2016-10-19 18:37:24-02:00
docs/api/1.x/_status-delete-object.rst,Gabriela Surita,Gabi Surita,2016-11-14 16:20:00-02:00,2016-11-15 12:30:14-02:00
docs/api/1.x/_status-patch-object.rst,Gabriela Surita,Gabi Surita,2016-11-14 16:20:00-02:00,2016-11-15 12:30:14-02:00
docs/api/1.x/accounts.rst,Mathieu Leplatre,Kulshekhar Kabra,2017-03-21 16:11:31+01:00,2017-03-21 23:13:14+05:30
docs/api/1.x/authentication.rst,Rémy HUBSCHER,Mathieu Leplatre,2016-01-29 11:20:20+01:00,2016-01-29 23:19:31+01:00
docs/api/1.x/buckets.rst,Peter Bengtsson,Mathieu Leplatre,2018-12-10 14:29:17-05:00,2018-12-10 21:54:40+01:00
docs/api/1.x/collections.rst,Peter Bengtsson,Mathieu Leplatre,2018-12-10 14:29:17-05:00,2018-12-10 21:54:40+01:00
docs/api/1.x/filtering.rst,Ethan Glasser-Camp,Mathieu Leplatre,2017-06-08 12:21:30-04:00,2017-06-09 11:11:16+02:00
docs/api/1.x/filtering.rst,Peter Bengtsson,Mathieu Leplatre,2018-12-10 14:46:19-05:00,2018-12-10 21:54:40+01:00
docs/api/1.x/groups.rst,Peter Bengtsson,Mathieu Leplatre,2018-12-10 14:46:19-05:00,2018-12-10 21:54:40+01:00
docs/api/1.x/history.rst,Peter Bengtsson,Mathieu Leplatre,2018-12-10 14:46:19-05:00,2018-12-10 21:54:40+01:00
docs/api/1.x/records.rst,Peter Bengtsson,Mathieu Leplatre,2018-12-10 14:46:19-05:00,2018-12-10 21:54:40+01:00
docs/api/1.x/selecting_fields.rst,Peter Bengtsson,Mathieu Leplatre,2018-12-10 14:46:19-05:00,2018-12-10 21:54:40+01:00
docs/api/authentication.rst,Alexis Métaireau,Mathieu Leplatre,2015-02-26 17:27:46+01:00,2015-02-27 00:49:24+01:00
docs/api/authentication.rst,Alexis Metaireau,Mathieu Leplatre,2015-05-27 16:53:29+02:00,2015-05-27 17:29:57+02:00
docs/api/buckets.rst,Alexis Métaireau,Mathieu Leplatre,2015-08-20 15:50:17+02:00,2015-08-20 15:51:00+02:00
docs/api/buckets.rst,Mathieu Leplatre,Alexis Métaireau,2015-08-24 15:26:46+02:00,2015-08-25 13:13:14+02:00
docs/api/collections.rst,Mathieu Leplatre,Alexis Métaireau,2015-08-24 15:26:46+02:00,2015-08-25 13:13:14+02:00
docs/api/collections.rst,Mathieu Leplatre,Rémy HUBSCHER,2015-09-08 16:55:35+02:00,2015-09-08 20:12:30+02:00
docs/api/groups.rst,Mathieu Leplatre,Alexis Métaireau,2015-08-24 15:26:46+02:00,2015-08-25 13:13:14+02:00
docs/api/index.rst,Rémy HUBSCHER,Mathieu Leplatre,2015-08-14 11:23:28+02:00,2015-08-14 11:53:45+02:00
docs/api/index.rst,Alexis Métaireau,Mathieu Leplatre,2015-08-20 15:50:17+02:00,2015-08-20 15:51:00+02:00
docs/api/index.rst,Mathieu Leplatre,Alexis Métaireau,2015-08-20 15:52:42+02:00,2015-08-20 16:02:51+02:00
docs/api/index.rst,Mathieu Leplatre,Rémy HUBSCHER,2016-08-17 12:37:06+02:00,2016-08-17 14:40:08+02:00
docs/api/index.rst,Gabi Surita,Mathieu Leplatre,2016-10-27 11:17:10-02:00,2016-10-27 15:44:35+02:00
docs/api/index.rst,Mathieu Leplatre,Gabriela Surita,2016-12-20 16:08:03+01:00,2016-12-20 19:24:52-02:00
docs/api/index.rst,Ethan Glasser-Camp,Mathieu Leplatre,2017-06-08 12:21:30-04:00,2017-06-09 11:11:16+02:00
docs/api/index.rst,Peter Bengtsson,Mathieu Leplatre,2018-12-10 14:49:13-05:00,2018-12-10 21:54:40+01:00
docs/api/permissions.rst,Mathieu Leplatre,Alexis Métaireau,2015-08-20 15:52:42+02:00,2015-08-20 16:02:51+02:00
docs/api/permissions.rst,Mathieu Leplatre,Alexis Métaireau,2015-08-24 15:26:46+02:00,2015-08-25 13:13:14+02:00
docs/api/records.rst,Mathieu Leplatre,Alexis Métaireau,2015-08-24 15:26:46+02:00,2015-08-25 13:13:14+02:00
docs/api/records.rst,Alexis Métaireau,Tarek Ziade,2015-08-25 23:21:47+02:00,2015-08-26 21:12:17+02:00
docs/api/resource.rst,Mathieu Leplatre,Rémy HUBSCHER,2015-02-25 18:03:53+01:00,2015-02-26 11:57:27+01:00
docs/api/resource.rst,Rémy HUBSCHER,Mathieu Leplatre,2015-02-26 11:57:27+01:00,2015-02-27 00:49:24+01:00
docs/api/resource.rst,Rémy HUBSCHER,Tarek Ziade,2015-07-15 15:42:32+02:00,2015-07-16 08:45:00+02:00
docs/api/resource.rst,Tarek Ziade,Rémy HUBSCHER,2015-07-17 10:04:26+02:00,2015-07-17 11:42:56+02:00
docs/authentication.rst,Rémy HUBSCHER,Mathieu Leplatre,2015-02-03 14:55:16+01:00,2015-02-03 22:41:55+01:00
docs/authentication.rst,Rémy HUBSCHER,Alexis Métaireau,2015-02-19 15:20:42+01:00,2015-02-20 11:25:58+01:00
docs/authentication.rst,Alexis Métaireau,Mathieu Leplatre,2015-02-20 11:25:58+01:00,2015-02-20 15:45:49+01:00
docs/commandline.rst,Mathieu Leplatre,Rémy HUBSCHER,2016-07-28 17:57:49+02:00,2016-07-29 10:57:02+02:00
docs/conf.py,Alexis Métaireau,Mathieu Leplatre,2015-02-20 11:25:58+01:00,2015-02-20 15:45:49+01:00
docs/conf.py,Alexis Métaireau,Mathieu Leplatre,2015-02-24 15:30:35+01:00,2015-02-25 13:28:35+01:00
docs/conf.py,Alexis Métaireau,Mathieu Leplatre,2015-03-24 17:59:09+01:00,2015-03-24 18:24:49+01:00
docs/conf.py,Rémy HUBSCHER,Alexis Métaireau,2015-06-30 10:52:28+02:00,2015-06-30 10:55:39+02:00
docs/conf.py,Mathieu Leplatre,Rémy HUBSCHER,2015-07-13 13:18:57+02:00,2015-07-13 15:49:33+02:00
docs/conf.py,Mathieu Leplatre,Alexis Métaireau,2015-08-24 15:26:46+02:00,2015-08-25 10:54:12+02:00
docs/conf.py,Mathieu Leplatre,Rémy HUBSCHER,2015-11-18 16:24:12+01:00,2015-11-18 17:39:16+01:00
docs/conf.py,Mathieu Leplatre,Rémy HUBSCHER,2016-01-28 17:23:48+01:00,2016-01-29 11:20:20+01:00
docs/conf.py,sunakshi96,Rémy HUBSCHER,2017-01-27 02:05:44+05:30,2017-01-27 10:14:39+01:00
docs/conf.py,Rémy HUBSCHER,Mathieu Leplatre,2018-04-06 12:20:37+02:00,2018-04-06 13:51:39+02:00
docs/conf.py,adasauce,Rémy HUBSCHER,2021-02-17 15:13:36+01:00,2021-02-17 15:21:20+01:00
docs/configuration.rst,Mathieu Leplatre,Alexis Métaireau,2015-02-25 18:03:53+01:00,2015-02-26 17:27:46+01:00
docs/configuration.rst,Alexis Métaireau,Mathieu Leplatre,2015-02-26 17:27:46+01:00,2015-02-27 00:49:24+01:00
docs/configuration.rst,Mathieu Leplatre,Rémy HUBSCHER,2015-03-17 14:03:40+01:00,2015-03-17 16:58:30+01:00
docs/configuration.rst,Rémy HUBSCHER,Mathieu Leplatre,2015-03-17 16:58:30+01:00,2015-03-17 16:58:30+01:00
docs/configuration.rst,Mathieu Leplatre,Alexis Métaireau,2015-03-18 12:05:27+01:00,2015-03-18 12:16:20+01:00
docs/configuration.rst,Alexis Métaireau,Mathieu Leplatre,2015-03-18 14:57:00+01:00,2015-03-18 15:53:58+01:00
docs/configuration.rst,Mathieu Leplatre,Alexis Métaireau,2015-03-18 18:41:53+01:00,2015-03-18 18:45:19+01:00
docs/configuration.rst,Alexis Métaireau,Rémy HUBSCHER,2015-03-18 18:45:19+01:00,2015-03-18 18:53:33+01:00
docs/configuration.rst,Rémy HUBSCHER,Mathieu Leplatre,2015-03-18 18:54:45+01:00,2015-03-18 22:12:42+01:00
docs/configuration.rst,Mathieu Leplatre,Alexis Métaireau,2015-03-19 17:03:17+01:00,2015-03-19 22:26:04+01:00
docs/configuration.rst,Alexis Métaireau,Mathieu Leplatre,2015-03-19 22:26:04+01:00,2015-03-19 22:41:42+01:00
docs/configuration.rst,Mathieu Leplatre,Alexis Métaireau,2015-03-25 13:36:07+01:00,2015-03-26 11:11:27+01:00
docs/configuration.rst,Alexis Métaireau,Mathieu Leplatre,2015-03-26 11:11:27+01:00,2015-03-26 16:51:09+01:00
docs/configuration.rst,Mathieu Leplatre,Alexis Métaireau,2015-03-26 18:28:25+01:00,2015-03-26 18:29:10+01:00
docs/configuration.rst,Alexis Métaireau,Rémy HUBSCHER,2015-04-01 11:50:49+02:00,2015-04-01 15:03:37+02:00
docs/configuration.rst,Rémy HUBSCHER,Mathieu Leplatre,2015-04-01 15:03:37+02:00,2015-04-01 15:30:08+02:00
docs/configuration.rst,Mathieu Leplatre,Alexis Métaireau,2015-04-01 15:30:08+02:00,2015-04-02 10:14:12+02:00
docs/configuration.rst,Mathieu Leplatre,Rémy HUBSCHER,2015-07-13 13:49:38+02:00,2015-07-13 15:49:33+02:00
docs/configuration.rst,Alexis Métaireau,Alexis Metaireau,2015-07-30 14:11:46+02:00,2015-07-30 14:30:23+02:00
docs/configuration/good-practices.rst,Mathieu Leplatre,Alexis Métaireau,2016-01-20 10:12:36+01:00,2016-01-20 10:37:21+01:00
docs/configuration/production.rst,Rémy HUBSCHER,Mathieu Leplatre,2015-11-18 09:12:17+01:00,2015-11-18 16:09:51+01:00
docs/configuration/production.rst,Mathieu Leplatre,Rémy HUBSCHER,2015-11-18 16:09:51+01:00,2015-11-18 16:11:51+01:00
docs/configuration/production.rst,Gabriela Surita,Castro,2016-09-28 10:44:50-03:00,2016-09-28 14:59:31-03:00
docs/configuration/production.rst,Gabriela Surita,Mathieu Leplatre,2017-03-09 01:01:51-03:00,2017-03-09 16:54:23+01:00
docs/configuration/production.rst,Rémy HUBSCHER,Mathieu Leplatre,2018-04-06 12:20:37+02:00,2018-04-06 13:51:39+02:00
docs/configuration/production.rst,Ethan Glasser-Camp,Peter Bengtsson,2018-05-21 14:22:55-04:00,2018-05-22 08:31:25-04:00
docs/configuration/production.rst,Peter Bengtsson,Mathieu Leplatre,2018-05-22 08:31:25-04:00,2018-05-23 11:02:22+02:00
docs/configuration/production.rst,Mathieu Leplatre,Alan Wong,2018-10-25 17:49:39+02:00,2018-10-25 15:32:33-07:00
docs/configuration/settings.rst,Alexis Métaireau,dan phrawzty,2015-08-27 10:11:43+02:00,2015-08-27 10:35:18+02:00
docs/configuration/settings.rst,Mathieu Leplatre,Rémy HUBSCHER,2015-10-30 17:39:22+01:00,2015-10-30 17:39:22+01:00
docs/configuration/settings.rst,Rémy HUBSCHER,Ethan Glasser-Camp,2016-05-03 10:52:51+02:00,2016-05-03 15:03:07-04:00
docs/configuration/settings.rst,Ethan Glasser-Camp,Rémy HUBSCHER,2016-05-03 15:03:07-04:00,2016-05-04 14:57:06+02:00
docs/configuration/settings.rst,Rémy HUBSCHER,Mathieu Leplatre,2016-07-19 16:10:02+02:00,2016-07-20 12:02:31+02:00
docs/configuration/settings.rst,VarnaSuresh,Rémy HUBSCHER,2016-10-07 12:16:31+02:00,2016-10-07 12:16:31+02:00
docs/configuration/settings.rst,Gabriela Surita,Mathieu Leplatre,2017-03-09 09:13:35-03:00,2017-03-09 16:54:23+01:00
docs/contributing.rst,Mathieu Leplatre,Rémy HUBSCHER,2015-02-25 17:07:14+01:00,2015-02-26 11:57:27+01:00
docs/contributing.rst,Mathieu Leplatre,Alexis Métaireau,2015-08-24 15:26:46+02:00,2015-08-24 16:48:16+02:00
docs/errors.rst,Rémy HUBSCHER,Mathieu Leplatre,2015-02-03 12:00:43+01:00,2015-02-03 23:50:05+01:00
docs/faq.rst,Kulshekhar Kabra,Rémy HUBSCHER,2017-03-16 00:11:17+05:30,2017-03-15 22:35:17+01:00
docs/get-started.rst,Mathieu Leplatre,Rémy HUBSCHER,2016-01-14 15:17:15+01:00,2016-01-15 12:33:00+01:00
docs/get-started.rst,Michiel de Jong,Yann Klis,2016-02-01 10:56:12+00:00,2016-02-02 09:51:39+01:00
docs/get-started.rst,Mathieu Agopian,Mathieu Leplatre,2016-04-07 17:30:07+02:00,2016-04-08 14:24:58+02:00
docs/index.rst,Rémy HUBSCHER,Mathieu Leplatre,2015-02-03 12:34:31+01:00,2015-02-03 22:41:55+01:00
docs/index.rst,Mathieu Leplatre,Rémy HUBSCHER,2015-02-25 18:03:53+01:00,2015-02-26 11:57:27+01:00
docs/index.rst,Rémy HUBSCHER,Mathieu Leplatre,2015-02-26 11:57:27+01:00,2015-02-26 23:29:24+01:00
docs/index.rst,Alexis Métaireau,Mathieu Leplatre,2015-08-20 15:51:00+02:00,2015-08-20 15:51:00+02:00
docs/installation.rst,Mathieu Leplatre,Rémy HUBSCHER,2015-02-25 17:07:14+01:00,2015-02-26 11:57:27+01:00
docs/installation.rst,Rémy HUBSCHER,Mathieu Leplatre,2015-07-02 16:48:23+02:00,2015-07-03 13:22:30+02:00
docs/installation.rst,Mathieu Leplatre,Alexis Métaireau,2015-07-03 13:22:30+02:00,2015-07-03 13:22:34+02:00
docs/overview.rst,Mathieu Leplatre,Alexis Métaireau,2015-08-24 15:26:46+02:00,2015-08-24 16:48:16+02:00
docs/overview.rst,Alexis Métaireau,Tarek Ziade,2015-08-26 19:30:22+02:00,2015-08-26 21:12:17+02:00
docs/overview.rst,Tarek Ziade,Alexis Métaireau,2015-08-26 21:12:17+02:00,2015-08-27 10:11:43+02:00
docs/overview.rst,Alexis Métaireau,dan phrawzty,2015-08-27 10:11:43+02:00,2015-08-27 10:35:18+02:00
docs/overview.rst,dan phrawzty,Alexis Métaireau,2015-08-27 10:35:18+02:00,2015-08-27 11:07:59+02:00
docs/overview.rst,rektide,Mathieu Leplatre,2015-12-14 16:52:31-05:00,2015-12-15 09:30:56+01:00
docs/overview.rst,Mathieu Leplatre,Alexis Métaireau,2015-12-15 09:30:56+01:00,2015-12-15 11:40:22+01:00
docs/overview.rst,Alexis Métaireau,Mathieu Leplatre,2015-12-15 11:40:22+01:00,2015-12-15 13:10:26+01:00
docs/overview.rst,Rémy HUBSCHER,Julien Bouquillon,2016-04-28 11:29:19+02:00,2016-04-29 01:04:32+02:00
docs/overview.rst,Julien Bouquillon,Ethan Glasser-Camp,2016-04-29 01:04:32+02:00,2016-04-29 14:54:22-04:00
docs/permissions.rst,Alexis Métaireau,Rémy HUBSCHER,2015-05-12 17:54:43+02:00,2015-05-13 16:52:21+02:00
docs/permissions.rst,Rémy HUBSCHER,Mathieu Leplatre,2015-08-14 11:25:52+02:00,2015-08-14 11:53:45+02:00
docs/quickstart.rst,Mathieu Leplatre,Alexis Métaireau,2015-02-25 18:03:53+01:00,2015-02-26 17:27:46+01:00
docs/quickstart.rst,Alexis Métaireau,Alexis Metaireau,2015-04-02 10:14:12+02:00,2015-04-02 13:01:53+02:00
docs/quickstart.rst,Nicolas Perriault,Alexis Metaireau,2015-05-19 18:36:47+02:00,2015-05-20 11:44:18+02:00
docs/quickstart.rst,Alexis Metaireau,Mathieu Leplatre,2015-05-20 11:44:18+02:00,2015-05-20 12:00:01+02:00
docs/rationale.rst,Mathieu Leplatre,Rémy HUBSCHER,2015-02-25 17:07:14+01:00,2015-02-26 11:57:27+01:00
docs/reference/configuration.rst,Rémy HUBSCHER,Mathieu Leplatre,2015-06-15 15:23:26+02:00,2015-06-16 10:43:55+02:00
docs/reference/configuration.rst,Mathieu Leplatre,Alexis Métaireau,2015-06-16 15:31:03+02:00,2015-06-16 17:41:04+02:00
docs/reference/index.rst,Rémy HUBSCHER,Mathieu Leplatre,2015-07-28 16:10:18+02:00,2015-07-28 16:28:57+02:00
docs/reference/installation.rst,Éric Lemoine,Alexis Metaireau,2015-07-01 19:20:31+02:00,2015-07-02 12:52:42+02:00
docs/reference/resource.rst,Mathieu Leplatre,Alexis Metaireau,2015-06-02 17:01:55+02:00,2015-06-02 17:30:21+02:00
docs/reference/resource.rst,Alexis Metaireau,Mathieu Leplatre,2015-06-02 17:30:21+02:00,2015-06-02 17:47:03+02:00
docs/requirements.txt,Dylan Staley,dependabot-preview[bot],2021-01-05 12:14:15-08:00,2021-01-05 12:57:36-08:00
docs/requirements.txt,Mathieu Leplatre,dependabot-preview[bot],2021-04-21 11:46:06+02:00,2021-04-21 11:47:55+02:00
docs/requirements.txt,dependabot-preview[bot],Mathieu Leplatre,2021-04-21 11:47:55+02:00,2021-04-21 12:00:33+02:00
docs/requirements.txt,dependabot-preview[bot],Mathieu Leplatre,2021-04-29 02:45:12+02:00,2021-04-29 02:47:46+02:00
docs/requirements.txt,dependabot[bot],Mathieu Leplatre,2021-05-11 11:46:18+02:00,2021-05-11 12:08:11+02:00
docs/requirements.txt,Mathieu Leplatre,dependabot[bot],2021-07-06 12:02:57+02:00,2021-07-06 12:54:09+00:00
docs/timestamps.rst,Rémy HUBSCHER,Mathieu Leplatre,2015-02-03 12:00:43+01:00,2015-02-03 23:50:05+01:00
docs/tutorial.rst,Rémy HUBSCHER,Mathieu Leplatre,2015-07-02 16:50:04+02:00,2015-07-03 12:06:24+02:00
docs/tutorial.rst,Mathieu Agopian,Rémy HUBSCHER,2015-07-05 21:59:45+02:00,2015-07-06 10:55:30+02:00
docs/tutorials/custom-id-generator.rst,Alexis Métaireau,Mathieu Leplatre,2016-03-07 13:01:53+01:00,2016-03-07 13:01:54+01:00
docs/tutorials/first-steps.rst,Rémy HUBSCHER,Mathieu Leplatre,2016-01-29 11:20:20+01:00,2016-01-29 23:19:31+01:00
docs/tutorials/first-steps.rst,Peter Bengtsson,Mathieu Leplatre,2018-12-10 14:46:19-05:00,2018-12-10 21:54:40+01:00
docs/tutorials/install.rst,Étienne,Enguerran Colson,2016-11-24 11:03:40+01:00,2016-11-24 14:03:50+01:00
docs/tutorials/notifications-custom.rst,Rémy HUBSCHER,Mathieu Leplatre,2016-07-13 14:42:43+02:00,2016-07-13 14:42:43+02:00
docs/tutorials/notifications-websockets.rst,Rémy HUBSCHER,Mathieu Leplatre,2016-01-29 10:24:19+01:00,2016-01-29 23:19:31+01:00
docs/tutorials/permissions.rst,Alexis Métaireau,dan phrawzty,2015-08-26 19:30:22+02:00,2015-08-27 10:35:18+02:00
docs/tutorials/permissions.rst,Peter Bengtsson,Mathieu Leplatre,2018-12-10 14:46:19-05:00,2018-12-10 21:54:40+01:00
docs/tutorials/synchronisation.rst,Prof Gra,Christophe Gragnic,2017-08-18 09:13:34+02:00,2017-08-18 15:34:48+02:00
docs/versionning.rst,Rémy HUBSCHER,Mathieu Leplatre,2015-02-03 12:00:43+01:00,2015-02-03 23:50:05+01:00
kinto/__init__.py,Alexis Métaireau,Mathieu Leplatre,2015-06-11 22:36:17+02:00,2015-06-12 12:10:32+02:00
kinto/__init__.py,Rémy HUBSCHER,Mathieu Leplatre,2015-06-16 10:46:26+02:00,2015-06-16 11:01:22+02:00
kinto/__init__.py,Rémy HUBSCHER,Mathieu Leplatre,2015-06-26 23:10:23+02:00,2015-06-27 16:51:05+02:00
kinto/__init__.py,Mathieu Leplatre,Rémy HUBSCHER,2015-06-27 16:51:05+02:00,2015-06-27 16:51:05+02:00
kinto/__init__.py,Rémy HUBSCHER,Mathieu Leplatre,2015-06-27 16:51:05+02:00,2015-06-27 16:51:05+02:00
kinto/__init__.py,Lavish Aggarwal,Rémy HUBSCHER,2016-03-03 19:54:25+05:30,2016-03-03 16:24:09+01:00
kinto/__init__.py,Lavish Aggarwal,Jelmer van der Ploeg,2016-03-07 15:09:14+05:30,2016-03-08 08:28:29+01:00
kinto/__init__.py,Mathieu Leplatre,Gabriela Surita,2017-03-08 16:15:45+01:00,2017-03-09 00:18:18-03:00
kinto/__init__.py,Peter Bengtsson,Mathieu Leplatre,2018-12-10 14:49:13-05:00,2018-12-10 21:54:40+01:00
kinto/__main__.py,AW,Rémy HUBSCHER,2015-11-02 12:42:31+01:00,2015-11-02 14:41:01+01:00
kinto/__main__.py,oak11,Rémy HUBSCHER,2015-11-18 15:30:48+01:00,2015-11-18 15:30:48+01:00
kinto/__main__.py,ayush sharma,Rémy HUBSCHER,2016-02-26 01:37:22+05:30,2016-02-26 11:41:31+01:00
kinto/__main__.py,Rémy HUBSCHER,Ethan Glasser-Camp,2016-05-02 16:04:07+02:00,2016-05-02 10:10:42-04:00
kinto/__main__.py,Ethan Glasser-Camp,Rémy HUBSCHER,2016-05-02 10:10:42-04:00,2016-05-02 16:17:05+02:00
kinto/__main__.py,Rémy HUBSCHER,Mathieu Leplatre,2016-07-28 17:57:44+02:00,2016-07-28 17:57:49+02:00
kinto/__main__.py,Mathieu Leplatre,Rémy HUBSCHER,2016-07-28 18:38:57+02:00,2016-07-29 10:26:34+02:00
kinto/__main__.py,Rémy HUBSCHER,Mathieu Leplatre,2017-02-16 17:53:57+01:00,2017-02-17 17:51:04+01:00
kinto/__main__.py,Rémy HUBSCHER,Brady,2019-01-08 15:26:53+01:00,2019-01-08 21:06:13-05:00
kinto/__main__.py,Rémy HUBSCHER,Mathieu Leplatre,2019-10-17 17:13:52+02:00,2019-10-18 11:59:01+02:00
kinto/authorization.py,Mathieu Leplatre,Rémy HUBSCHER,2015-06-16 11:01:22+02:00,2015-06-16 11:22:24+02:00
kinto/authorization.py,Rémy HUBSCHER,Mathieu Leplatre,2016-05-23 12:29:45+02:00,2016-05-23 12:30:04+02:00
kinto/authorization.py,Rémy HUBSCHER,Mathieu Leplatre,2019-10-17 17:13:52+02:00,2019-10-18 11:59:01+02:00
kinto/config/__init__.py,oak11,Rémy HUBSCHER,2015-11-18 15:30:48+01:00,2015-11-18 15:30:48+01:00
kinto/config/__init__.py,Mathieu Leplatre,Rémy HUBSCHER,2016-02-29 16:33:16+01:00,2016-02-29 18:55:33+01:00
kinto/config/kinto.ini,oak11,Rémy HUBSCHER,2015-11-18 15:30:48+01:00,2015-11-18 15:30:48+01:00
kinto/config/kinto.tpl,oak11,Rémy HUBSCHER,2015-11-18 15:30:48+01:00,2015-11-18 15:30:48+01:00
kinto/config/kinto.tpl,ayush sharma,Rémy HUBSCHER,2016-03-06 20:46:48+05:30,2016-03-07 11:37:39+01:00
kinto/config/kinto.tpl,Mathieu Leplatre,Rémy HUBSCHER,2017-03-10 11:38:55+01:00,2017-03-10 16:43:18+01:00
kinto/core/__init__.py,Rémy HUBSCHER,Gabriela Surita,2017-02-16 17:31:23+01:00,2017-02-17 12:46:21-02:00
kinto/core/authentication.py,Rémy HUBSCHER,Mathieu Leplatre,2016-11-24 17:38:14+01:00,2016-11-25 12:42:15+01:00
kinto/core/authentication.py,Joshua Bird,Gabriela Surita,2017-02-16 16:20:57+01:00,2017-02-17 12:46:21-02:00
kinto/core/authentication.py,Rémy HUBSCHER,Mathieu Leplatre,2019-10-17 17:13:52+02:00,2019-10-18 11:59:01+02:00
kinto/core/authorization.py,Rémy HUBSCHER,Mathieu Leplatre,2016-05-23 12:29:45+02:00,2016-05-23 12:30:04+02:00
kinto/core/authorization.py,Rémy HUBSCHER,Mathieu Leplatre,2018-11-07 11:30:49+01:00,2018-11-07 11:30:49+01:00
kinto/core/authorization.py,Mathieu Leplatre,Rémy HUBSCHER,2018-11-07 11:30:49+01:00,2018-11-07 11:31:55+01:00
kinto/core/authorization.py,Rémy HUBSCHER,Mathieu Leplatre,2019-10-17 17:13:52+02:00,2019-10-18 11:59:01+02:00
kinto/core/cache/memcached.py,Rémy HUBSCHER,Mathieu Leplatre,2019-10-17 17:13:52+02:00,2019-10-18 11:59:01+02:00
kinto/core/cache/memory.py,Mathieu Leplatre,Rémy HUBSCHER,2016-09-12 11:58:19+02:00,2016-09-12 11:58:22+02:00
kinto/core/cache/memory.py,Rémy HUBSCHER,Mathieu Leplatre,2016-09-12 11:58:22+02:00,2016-09-12 11:58:22+02:00
kinto/core/cache/testing.py,Mathieu Leplatre,Rémy HUBSCHER,2016-09-20 10:53:08-04:00,2016-09-20 17:31:02+02:00
kinto/core/cache/testing.py,Rémy HUBSCHER,Mathieu Leplatre,2016-09-20 17:31:02+02:00,2016-09-20 16:18:10-04:00
kinto/core/cache/testing.py,Rémy HUBSCHER,Mathieu Leplatre,2019-10-17 17:13:52+02:00,2019-10-18 11:59:01+02:00
kinto/core/errors.py,Mathieu Leplatre,Rémy HUBSCHER,2016-08-17 20:11:37+02:00,2016-08-18 09:36:12+02:00
kinto/core/errors.py,Rémy HUBSCHER,Mathieu Leplatre,2019-10-17 17:13:52+02:00,2019-10-18 11:59:01+02:00
kinto/core/events.py,DrFaustie,Rémy HUBSCHER,2018-11-20 23:06:45+08:00,2018-11-20 16:22:49+01:00
kinto/core/events.py,Rémy HUBSCHER,Mathieu Leplatre,2019-10-17 17:13:52+02:00,2019-10-18 11:59:01+02:00
kinto/core/initialization.py,Ethan Glasser-Camp,Mathieu Leplatre,2016-05-23 14:22:29-04:00,2016-05-24 17:32:41+02:00
kinto/core/initialization.py,Mathieu Leplatre,Ethan Glasser-Camp,2016-05-24 17:32:41+02:00,2016-05-24 11:37:56-04:00
kinto/core/initialization.py,Ethan Glasser-Camp,Mathieu Leplatre,2016-05-24 11:37:56-04:00,2016-05-25 10:35:49+02:00
kinto/core/initialization.py,Mathieu Leplatre,Rémy HUBSCHER,2016-12-16 12:00:05+01:00,2016-12-16 12:36:24+01:00
kinto/core/initialization.py,Rémy HUBSCHER,Mathieu Leplatre,2016-12-16 12:36:24+01:00,2016-12-16 17:25:20+01:00
kinto/core/initialization.py,Rémy HUBSCHER,Mathieu Leplatre,2019-10-17 17:13:52+02:00,2019-10-18 11:59:01+02:00
kinto/core/openapi.py,Rémy HUBSCHER,Mathieu Leplatre,2019-10-17 17:13:52+02:00,2019-10-18 11:59:01+02:00
kinto/core/permission/memory.py,Mathieu Leplatre,Rémy HUBSCHER,2016-09-12 11:58:19+02:00,2016-09-12 11:58:22+02:00
kinto/core/permission/memory.py,Rémy HUBSCHER,Mathieu Leplatre,2016-09-12 11:58:22+02:00,2016-09-12 11:58:22+02:00
kinto/core/permission/memory.py,Mathieu Leplatre,Rémy HUBSCHER,2016-10-05 10:54:20+02:00,2016-10-05 10:55:14+02:00
kinto/core/permission/testing.py,Rémy HUBSCHER,Mathieu Leplatre,2019-10-17 17:13:52+02:00,2019-10-18 11:59:01+02:00
kinto/core/resource/__init__.py,Rémy HUBSCHER,Mathieu Leplatre,2016-05-23 12:29:45+02:00,2016-05-23 12:30:04+02:00
kinto/core/resource/__init__.py,Adam Chainz,Rémy HUBSCHER,2016-06-28 08:10:54+01:00,2016-06-28 10:01:48+02:00
kinto/core/resource/__init__.py,Mathieu Leplatre,Rémy HUBSCHER,2016-08-17 13:34:51+02:00,2016-08-17 16:08:42+02:00
kinto/core/resource/__init__.py,Gabi Surita,Gabriela Surita,2016-10-06 18:24:38-03:00,2016-10-07 14:06:06-03:00
kinto/core/resource/__init__.py,mansimarkaur,Gabriela Surita,2016-10-14 20:06:46+05:30,2016-10-14 14:32:02-03:00
kinto/core/resource/__init__.py,Gabriela Surita,Gabi Surita,2016-10-17 13:46:24-02:00,2016-10-17 15:16:47-02:00
kinto/core/resource/__init__.py,Gabi Surita,Gabriela Surita,2016-10-17 15:59:06-02:00,2016-10-18 13:26:01-02:00
kinto/core/resource/__init__.py,Gabriela Surita,Gabi Surita,2016-10-18 13:26:01-02:00,2016-10-18 15:26:02-02:00
kinto/core/resource/__init__.py,Gabi Surita,Gabriela Surita,2016-10-18 18:11:08-02:00,2016-10-18 22:27:28-02:00
kinto/core/resource/__init__.py,Gabriela Surita,Gabi Surita,2016-10-18 22:27:28-02:00,2016-10-19 18:37:24-02:00
kinto/core/resource/__init__.py,Gabi Surita,Gabriela Surita,2016-12-14 00:56:13-02:00,2016-12-14 11:41:52-02:00
kinto/core/resource/__init__.py,Gabriela Surita,Mathieu Leplatre,2016-12-18 18:11:39-02:00,2016-12-19 16:59:16+01:00
kinto/core/resource/__init__.py,Gabriela Surita,Nicolas Perriault,2017-02-27 11:42:41-03:00,2017-02-27 15:59:21+01:00
kinto/core/resource/__init__.py,Mathieu Leplatre,Ethan Glasser-Camp,2018-03-29 09:46:48-07:00,2018-03-29 14:03:37-04:00
kinto/core/resource/__init__.py,Peter Bengtsson,Mathieu Leplatre,2018-12-10 15:04:19-05:00,2018-12-10 21:54:40+01:00
kinto/core/resource/model.py,Peter Bengtsson,Mathieu Leplatre,2018-12-10 14:22:43-05:00,2018-12-10 21:54:40+01:00
kinto/core/resource/schema.py,Gabriela Surita,Rémy HUBSCHER,2017-02-03 00:11:00-02:00,2017-02-03 10:59:16+01:00
kinto/core/resource/schema.py,Gabriela Surita,Rémy HUBSCHER,2017-02-13 20:35:25-02:00,2017-02-14 14:52:00+01:00
kinto/core/resource/schema.py,Mathieu Leplatre,Rémy HUBSCHER,2017-02-16 16:16:49+01:00,2017-02-16 17:53:44+01:00
kinto/core/resource/schema.py,Rémy HUBSCHER,Gabriela Surita,2017-02-16 17:53:57+01:00,2017-02-17 12:46:21-02:00
kinto/core/resource/schema.py,Rémy HUBSCHER,Mathieu Leplatre,2019-10-17 17:13:52+02:00,2019-10-18 11:59:01+02:00
kinto/core/resource/viewset.py,Peter Bengtsson,Mathieu Leplatre,2018-12-10 14:46:19-05:00,2018-12-10 21:54:40+01:00
kinto/core/resource/viewset.py,Rémy HUBSCHER,Mathieu Leplatre,2019-10-17 17:13:52+02:00,2019-10-18 11:59:01+02:00
kinto/core/schema.py,Rémy HUBSCHER,Mathieu Leplatre,2019-10-17 17:13:52+02:00,2019-10-18 11:59:01+02:00
kinto/core/scripts.py,Rémy HUBSCHER,Mathieu Leplatre,2016-07-28 17:57:49+02:00,2016-07-28 17:57:49+02:00
kinto/core/scripts.py,Mathieu Leplatre,Rémy HUBSCHER,2016-07-28 17:57:49+02:00,2016-07-29 10:23:59+02:00
kinto/core/statsd.py,Rémy HUBSCHER,Mathieu Leplatre,2019-10-17 17:13:52+02:00,2019-10-18 11:59:01+02:00
kinto/core/storage/__init__.py,Peter Bengtsson,Mathieu Leplatre,2018-12-10 14:22:43-05:00,2018-12-10 21:54:40+01:00
kinto/core/storage/memory.py,Rémy HUBSCHER,Mathieu Leplatre,2016-07-13 10:23:30+02:00,2016-07-13 12:27:23+02:00
kinto/core/storage/memory.py,Rémy HUBSCHER,Mathieu Leplatre,2016-08-17 09:34:12+02:00,2016-08-17 10:59:01+02:00
kinto/core/storage/memory.py,Mathieu Leplatre,Rémy HUBSCHER,2016-09-12 11:58:19+02:00,2016-09-12 11:58:22+02:00
kinto/core/storage/memory.py,Rémy HUBSCHER,Mathieu Leplatre,2016-09-12 11:58:22+02:00,2016-09-12 11:58:22+02:00
kinto/core/storage/memory.py,Rémy HUBSCHER,Eric Le Lay,2017-06-05 12:10:18+02:00,2017-06-05 18:22:43+02:00
kinto/core/storage/memory.py,Ethan Glasser-Camp,Mathieu Leplatre,2017-06-08 11:14:02-04:00,2017-06-09 11:11:16+02:00
kinto/core/storage/memory.py,Peter Bengtsson,Mathieu Leplatre,2018-12-10 14:22:43-05:00,2018-12-10 21:54:40+01:00
kinto/core/storage/memory.py,Rémy HUBSCHER,Mathieu Leplatre,2019-10-17 17:13:52+02:00,2019-10-18 11:59:01+02:00
kinto/core/storage/postgresql/__init__.py,Rémy HUBSCHER,Mathieu Leplatre,2016-07-13 10:50:10+02:00,2016-07-13 12:27:23+02:00
kinto/core/storage/postgresql/__init__.py,Rémy HUBSCHER,mozillazg,2017-03-02 11:59:49+01:00,2017-03-02 21:53:52+08:00
kinto/core/storage/postgresql/__init__.py,mozillazg,Rémy HUBSCHER,2017-03-02 21:53:52+08:00,2017-03-02 19:00:18+01:00
kinto/core/storage/postgresql/__init__.py,Rémy HUBSCHER,Mathieu Leplatre,2017-03-02 19:00:18+01:00,2017-03-02 19:03:08+01:00
kinto/core/storage/postgresql/__init__.py,Mathieu Leplatre,Rémy HUBSCHER,2017-03-06 12:46:50+01:00,2017-03-07 10:13:22+01:00
kinto/core/storage/postgresql/__init__.py,Ethan Glasser-Camp,Mathieu Leplatre,2017-05-03 15:07:11-04:00,2017-05-04 10:01:27+02:00
kinto/core/storage/postgresql/__init__.py,Ethan Glasser-Camp,Mathieu Leplatre,2017-06-08 11:38:26-04:00,2017-06-09 11:11:16+02:00
kinto/core/storage/postgresql/__init__.py,Mathieu Leplatre,Ethan Glasser-Camp,2017-11-27 16:24:04+01:00,2017-11-27 14:00:45-05:00
kinto/core/storage/postgresql/__init__.py,Ethan Glasser-Camp,Mathieu Leplatre,2017-11-27 14:00:45-05:00,2017-11-28 15:42:22+01:00
kinto/core/storage/postgresql/__init__.py,Ethan Glasser-Camp,Mathieu Leplatre,2018-02-08 15:33:14-05:00,2018-02-09 12:53:53+01:00
kinto/core/storage/postgresql/__init__.py,Rémy HUBSCHER,Ethan Glasser-Camp,2018-04-16 17:47:59+02:00,2018-04-16 14:32:11-04:00
kinto/core/storage/postgresql/__init__.py,Ethan Glasser-Camp,Rémy HUBSCHER,2018-04-16 15:20:02-04:00,2018-04-17 10:32:44+02:00
kinto/core/storage/postgresql/__init__.py,Peter Bengtsson,Mathieu Leplatre,2018-12-10 15:54:32-05:00,2018-12-10 21:54:40+01:00
kinto/core/storage/postgresql/client.py,Mathieu Leplatre,Huang Huang,2017-03-03 12:13:42+01:00,2017-03-03 20:58:13+08:00
kinto/core/storage/postgresql/client.py,Huang Huang,Mathieu Leplatre,2017-03-03 20:58:13+08:00,2017-03-03 16:41:37+01:00
kinto/core/storage/postgresql/client.py,Mathieu Leplatre,Rémy HUBSCHER,2019-10-17 16:02:18+02:00,2019-10-17 17:09:15+02:00
kinto/core/storage/postgresql/client.py,Rémy HUBSCHER,Mathieu Leplatre,2019-10-17 17:13:52+02:00,2019-10-18 11:59:01+02:00
kinto/core/storage/postgresql/migrator.py,DrFaustie,Rémy HUBSCHER,2018-11-20 22:06:05+08:00,2018-11-20 16:22:49+01:00
kinto/core/storage/postgresql/schema.sql,Rémy HUBSCHER,Mathieu Leplatre,2016-07-13 10:36:15+02:00,2016-07-13 12:27:23+02:00
kinto/core/storage/postgresql/schema.sql,Ethan Glasser-Camp,Rémy HUBSCHER,2018-01-18 11:20:06-05:00,2018-01-18 17:38:56+01:00
kinto/core/storage/redis.py,Rémy HUBSCHER,Mathieu Leplatre,2016-07-13 10:23:30+02:00,2016-07-13 12:27:23+02:00
kinto/core/storage/redis.py,Mathieu Leplatre,Rémy HUBSCHER,2016-07-13 14:42:43+02:00,2016-07-13 14:42:43+02:00
kinto/core/storage/redis.py,Rémy HUBSCHER,Mathieu Leplatre,2016-07-13 14:42:43+02:00,2016-07-13 14:42:43+02:00
kinto/core/storage/testing.py,Mathieu Leplatre,Rémy HUBSCHER,2017-03-06 12:46:50+01:00,2017-03-07 10:13:22+01:00
kinto/core/storage/testing.py,Ethan Glasser-Camp,Mathieu Leplatre,2017-05-03 15:06:27-04:00,2017-05-04 10:01:27+02:00
kinto/core/storage/testing.py,Rémy HUBSCHER,Eric Le Lay,2017-06-05 12:05:09+02:00,2017-06-05 18:22:43+02:00
kinto/core/storage/testing.py,Ethan Glasser-Camp,Mathieu Leplatre,2017-06-07 16:09:10-04:00,2017-06-08 11:28:48+02:00
kinto/core/storage/testing.py,Mathieu Leplatre,Ethan Glasser-Camp,2017-06-08 11:28:48+02:00,2017-06-08 11:38:26-04:00
kinto/core/storage/testing.py,Ethan Glasser-Camp,Mathieu Leplatre,2017-06-08 11:38:26-04:00,2017-06-09 11:11:16+02:00
kinto/core/storage/testing.py,Rémy HUBSCHER,Mathieu Leplatre,2019-10-17 17:13:52+02:00,2019-10-18 11:59:01+02:00
kinto/core/testing.py,Rémy HUBSCHER,Mathieu Leplatre,2019-10-17 17:13:52+02:00,2019-10-18 11:59:01+02:00
kinto/core/utils.py,Mathieu Leplatre,Rémy HUBSCHER,2016-09-12 11:58:19+02:00,2016-09-12 11:58:22+02:00
kinto/core/utils.py,Rémy HUBSCHER,Mathieu Leplatre,2016-09-12 11:58:22+02:00,2016-09-12 11:58:22+02:00
kinto/core/utils.py,Oron Gola,Gabi Surita,2016-10-11 16:29:04+03:00,2016-10-11 13:10:40-03:00
kinto/core/utils.py,Gabriela Surita,Gabi Surita,2016-10-17 13:46:24-02:00,2016-10-17 15:16:47-02:00
kinto/core/utils.py,Gabi Surita,Oron Gola,2016-10-17 17:31:43-02:00,2016-10-18 04:01:45+03:00
kinto/core/utils.py,Oron Gola,Gabriela Surita,2016-10-18 04:27:28+03:00,2016-10-18 13:26:01-02:00
kinto/core/utils.py,Gabriela Surita,Gabi Surita,2016-10-18 13:26:01-02:00,2016-10-18 15:26:02-02:00
kinto/core/utils.py,Gabi Surita,Gabriela Surita,2016-10-18 18:11:08-02:00,2016-10-18 20:43:08-02:00
kinto/core/utils.py,Gabriela Surita,Gabi Surita,2016-10-18 22:27:28-02:00,2016-10-19 18:37:24-02:00
kinto/core/views/batch.py,Rémy HUBSCHER,Mathieu Leplatre,2019-10-17 17:13:52+02:00,2019-10-18 11:59:01+02:00
kinto/core/views/errors.py,Rémy HUBSCHER,Mathieu Leplatre,2019-10-17 17:13:52+02:00,2019-10-18 11:59:01+02:00
kinto/core/views/heartbeat.py,Mathieu Leplatre,Rémy HUBSCHER,2016-09-12 11:45:35+02:00,2016-09-12 15:54:45+02:00
kinto/core/views/heartbeat.py,Rémy HUBSCHER,Mathieu Leplatre,2019-10-17 17:13:52+02:00,2019-10-18 11:59:01+02:00
kinto/core/views/hello.py,Rémy HUBSCHER,Mathieu Leplatre,2019-10-17 17:13:52+02:00,2019-10-18 11:59:01+02:00
kinto/core/views/openapi.py,Rémy HUBSCHER,Mathieu Leplatre,2019-10-17 17:13:52+02:00,2019-10-18 11:59:01+02:00
kinto/core/views/swagger.py,Mathieu Leplatre,Gabriela Surita,2017-02-16 16:16:49+01:00,2017-02-17 12:46:21-02:00
kinto/core/views/version.py,Rémy HUBSCHER,Mathieu Leplatre,2019-10-17 17:13:52+02:00,2019-10-18 11:59:01+02:00
kinto/permission.py,Rémy HUBSCHER,Alexis Métaireau,2015-06-12 12:10:32+02:00,2015-06-12 12:10:32+02:00
kinto/permission.py,Alexis Métaireau,Mathieu Leplatre,2015-06-12 12:10:32+02:00,2015-06-12 12:10:32+02:00
kinto/permission.py,Mathieu Leplatre,Rémy HUBSCHER,2015-06-12 12:10:32+02:00,2015-06-12 14:48:36+02:00
kinto/plugins/accounts/__init__.py,Ethan Glasser-Camp,Mathieu Leplatre,2018-04-05 10:25:56-04:00,2018-04-05 23:40:24+02:00
kinto/plugins/accounts/__init__.py,Mathieu Leplatre,Rémy HUBSCHER,2018-04-05 23:40:24+02:00,2018-04-06 11:19:36+02:00
kinto/plugins/accounts/__init__.py,Ethan Glasser-Camp,Pascal,2018-10-17 12:36:21-04:00,2018-10-18 13:24:01+02:00
kinto/plugins/accounts/__init__.py,DrFaustie,Rémy HUBSCHER,2018-11-20 22:06:05+08:00,2018-11-20 16:22:49+01:00
kinto/plugins/accounts/authentication.py,Mathieu Leplatre,Rémy HUBSCHER,2018-04-05 23:40:24+02:00,2018-04-06 11:19:36+02:00
kinto/plugins/accounts/authentication.py,Rémy HUBSCHER,Mathieu Leplatre,2019-10-17 17:13:52+02:00,2019-10-18 11:59:01+02:00
kinto/plugins/accounts/utils.py,Mathieu Leplatre,Rémy HUBSCHER,2018-04-05 23:40:24+02:00,2018-04-06 11:19:36+02:00
kinto/plugins/accounts/views.py,Mathieu Leplatre,Rémy HUBSCHER,2018-04-05 23:40:24+02:00,2018-04-06 11:19:36+02:00
kinto/plugins/accounts/views/validation.py,Rémy HUBSCHER,Mathieu Leplatre,2019-10-17 17:13:52+02:00,2019-10-18 11:59:01+02:00
kinto/plugins/admin/README.md,Nicolas Perriault,Rémy HUBSCHER,2016-10-26 18:49:21+02:00,2016-10-26 21:09:43+02:00
kinto/plugins/admin/__init__.py,Mathieu Leplatre,Rémy HUBSCHER,2016-10-26 12:46:13+02:00,2016-10-26 14:51:43+02:00
kinto/plugins/admin/package-lock.json,dependabot-preview[bot],Mathieu Leplatre,2021-02-22 10:46:17+00:00,2021-02-22 12:26:08+01:00
kinto/plugins/admin/package-lock.json,Mathieu Leplatre,dependabot[bot],2021-09-20 13:42:43+02:00,2021-09-21 09:47:51+02:00
kinto/plugins/admin/package.json,Rémy HUBSCHER,Nicolas Perriault,2016-10-26 14:51:43+02:00,2016-10-26 18:49:21+02:00
kinto/plugins/admin/package.json,Nicolas Perriault,Rémy HUBSCHER,2016-10-26 18:49:21+02:00,2016-10-26 21:09:43+02:00
kinto/plugins/admin/package.json,Nicolas Perriault,Rémy HUBSCHER,2017-04-11 18:34:57+02:00,2017-04-12 14:14:23+02:00
kinto/plugins/admin/package.json,Mathieu Leplatre,Ethan Glasser-Camp,2018-08-16 16:20:32+02:00,2018-08-16 13:47:44-04:00
kinto/plugins/admin/package.json,dependabot-preview[bot],Mathieu Leplatre,2020-08-13 10:48:14+00:00,2020-08-13 14:27:05+02:00
kinto/plugins/admin/package.json,dependabot-preview[bot],Mathieu Leplatre,2021-02-22 10:46:17+00:00,2021-02-22 12:26:08+01:00
kinto/plugins/admin/package.json,Mathieu Leplatre,dependabot[bot],2021-09-20 12:44:34+02:00,2021-09-21 09:47:51+02:00
kinto/plugins/admin/public/index.html,Rémy HUBSCHER,Nicolas Perriault,2016-10-26 14:51:43+02:00,2016-10-26 18:49:21+02:00
kinto/plugins/admin/public/index.html,Nicolas Perriault,Rémy HUBSCHER,2016-10-26 18:49:21+02:00,2016-10-26 21:09:43+02:00
kinto/plugins/admin/src/index.js,Rémy HUBSCHER,Nicolas Perriault,2016-10-26 14:51:43+02:00,2016-10-26 18:49:21+02:00
kinto/plugins/admin/static/bundle.js,Mathieu Leplatre,Rémy HUBSCHER,2016-10-26 12:46:13+02:00,2016-10-26 14:51:43+02:00
kinto/plugins/admin/static/styles.css,Mathieu Leplatre,Rémy HUBSCHER,2016-10-26 12:46:13+02:00,2016-10-26 14:51:43+02:00
kinto/plugins/default_bucket/__init__.py,Mathieu Leplatre,Rémy HUBSCHER,2016-07-05 09:39:35+02:00,2016-07-05 10:21:39+02:00
kinto/plugins/flush.py,Rémy HUBSCHER,Mathieu Leplatre,2019-10-17 17:13:52+02:00,2019-10-18 11:59:01+02:00
kinto/plugins/history/listener.py,Rémy HUBSCHER,Mathieu Leplatre,2019-10-17 17:13:52+02:00,2019-10-18 11:59:01+02:00
kinto/plugins/history/views.py,Gabriela Surita,Mathieu Leplatre,2017-02-17 12:46:21-02:00,2017-02-17 17:51:04+01:00
kinto/plugins/history/views.py,Rémy HUBSCHER,Mathieu Leplatre,2019-10-17 17:13:52+02:00,2019-10-18 11:59:01+02:00
kinto/plugins/kinto_admin/kinto.ini,VarnaSuresh,Rémy HUBSCHER,2016-10-07 12:16:31+02:00,2016-10-07 12:16:31+02:00
kinto/plugins/kinto_admin/static/bundle.js,VarnaSuresh,Rémy HUBSCHER,2016-10-07 12:16:31+02:00,2016-10-07 12:16:31+02:00
kinto/plugins/kinto_admin/tests/__init__.py,VarnaSuresh,Rémy HUBSCHER,2016-10-07 12:16:31+02:00,2016-10-07 12:16:31+02:00
kinto/plugins/openid/views.py,Rémy HUBSCHER,Mathieu Leplatre,2019-10-17 17:13:52+02:00,2019-10-18 11:59:01+02:00
kinto/plugins/quotas/listener.py,Rémy HUBSCHER,Mathieu Leplatre,2019-10-17 17:13:52+02:00,2019-10-18 11:59:01+02:00
kinto/schema_validation.py,Peter Bengtsson,Rémy HUBSCHER,2018-12-06 14:38:49-05:00,2018-12-07 09:56:27+01:00
kinto/schema_validation.py,Rémy HUBSCHER,Peter Bengtsson,2018-12-07 09:56:27+01:00,2018-12-07 11:38:33-05:00
kinto/schema_validation.py,Taus Brock-Nannestad,Mathieu Leplatre,2019-01-29 15:28:50+01:00,2019-01-30 11:55:53+01:00
kinto/schema_validation.py,Rémy HUBSCHER,Mathieu Leplatre,2019-10-17 17:13:52+02:00,2019-10-18 11:59:01+02:00
kinto/scripts.py,Rémy HUBSCHER,Mathieu Leplatre,2019-10-17 17:13:52+02:00,2019-10-18 11:59:01+02:00
kinto/tests/core/resource/test_views.py,Mathieu Leplatre,Rémy HUBSCHER,2016-08-16 18:20:46+02:00,2016-08-17 09:34:11+02:00
kinto/tests/core/resource/test_views.py,Rémy HUBSCHER,Mathieu Leplatre,2016-08-17 09:34:11+02:00,2016-08-17 13:34:51+02:00
kinto/tests/core/test_scripts.py,Rémy HUBSCHER,Mathieu Leplatre,2016-07-28 17:57:49+02:00,2016-07-28 18:38:57+02:00
kinto/tests/core/test_scripts.py,Mathieu Leplatre,Rémy HUBSCHER,2016-07-28 18:38:57+02:00,2016-07-29 10:23:59+02:00
kinto/tests/core/test_storage.py,Rémy HUBSCHER,Mathieu Leplatre,2016-07-13 10:18:59+02:00,2016-07-13 12:27:23+02:00
kinto/tests/core/test_storage.py,Rémy HUBSCHER,Mathieu Leplatre,2016-08-17 09:34:11+02:00,2016-08-17 11:02:34+02:00
kinto/tests/support.py,Alexis Métaireau,Mathieu Leplatre,2015-03-05 20:33:27+01:00,2015-03-05 21:59:20+01:00
kinto/tests/support.py,Mathieu Leplatre,Alexis Métaireau,2015-06-11 22:36:17+02:00,2015-06-11 22:36:17+02:00
kinto/tests/support.py,Alexis Métaireau,Mathieu Leplatre,2015-06-11 22:36:17+02:00,2015-06-11 22:36:17+02:00
kinto/tests/support.py,Alexis Metaireau,Alexis Métaireau,2015-06-15 17:25:47+02:00,2015-06-16 10:18:22+02:00
kinto/tests/support.py,Alexis Métaireau,Mathieu Leplatre,2015-06-16 10:18:41+02:00,2015-06-16 11:01:22+02:00
kinto/tests/test_config.py,Rémy HUBSCHER,oak11,2015-12-22 09:30:41+01:00,2015-12-22 14:03:03+05:30
kinto/tests/test_config.py,oak11,Rémy HUBSCHER,2015-12-22 14:03:03+05:30,2015-12-22 10:11:01+01:00
kinto/tests/test_config.py,Mathieu Leplatre,Rémy HUBSCHER,2016-02-29 16:46:11+01:00,2016-02-29 18:55:58+01:00
kinto/tests/test_configuration/test.ini,ayush sharma,Mathieu Leplatre,2016-03-06 20:46:48+05:30,2016-03-07 13:01:27+01:00
kinto/tests/test_default_bucket.py,Mathieu Leplatre,Rémy HUBSCHER,2015-07-13 11:20:36+02:00,2015-07-13 18:05:14+02:00
kinto/tests/test_default_bucket.py,Mathieu Leplatre,Rémy HUBSCHER,2015-10-30 17:39:22+01:00,2015-10-30 17:39:22+01:00
kinto/tests/test_main.py,Rémy HUBSCHER,Mathieu Leplatre,2016-07-28 17:57:49+02:00,2016-07-28 17:57:49+02:00
kinto/tests/test_main.py,Mathieu Leplatre,Rémy HUBSCHER,2016-07-28 17:57:49+02:00,2016-07-29 12:01:23+02:00
kinto/tests/test_permission.py,Rémy HUBSCHER,Alexis Métaireau,2015-06-12 12:10:32+02:00,2015-06-12 12:10:32+02:00
kinto/tests/test_permission.py,Alexis Métaireau,Mathieu Leplatre,2015-06-12 12:10:32+02:00,2015-06-12 12:10:32+02:00
kinto/tests/test_permission.py,Mathieu Leplatre,Rémy HUBSCHER,2015-06-12 12:10:32+02:00,2015-06-12 14:48:36+02:00
kinto/tests/test_views_buckets.py,Mathieu Leplatre,Alexis Métaireau,2015-06-11 22:36:17+02:00,2015-06-11 22:36:17+02:00
kinto/tests/test_views_buckets.py,Alexis Métaireau,Mathieu Leplatre,2015-06-11 22:36:17+02:00,2015-06-12 12:10:32+02:00
kinto/tests/test_views_buckets.py,Mathieu Leplatre,Rémy HUBSCHER,2015-06-16 11:01:22+02:00,2015-06-16 16:12:39+02:00
kinto/tests/test_views_buckets.py,Mathieu Leplatre,Rémy HUBSCHER,2016-03-07 15:24:42+01:00,2016-03-07 15:34:17+01:00
kinto/tests/test_views_buckets.py,Rémy HUBSCHER,Mathieu Leplatre,2016-05-23 12:29:45+02:00,2016-05-23 12:30:04+02:00
kinto/tests/test_views_collections.py,Alexis Métaireau,Rémy HUBSCHER,2015-03-05 20:30:30+01:00,2015-03-05 21:05:01+01:00
kinto/tests/test_views_collections.py,Rémy HUBSCHER,Alexis Métaireau,2015-03-05 21:05:01+01:00,2015-03-05 21:37:04+01:00
kinto/tests/test_views_collections.py,Alexis Métaireau,Mathieu Leplatre,2015-03-05 21:37:04+01:00,2015-03-05 21:59:20+01:00
kinto/tests/test_views_collections.py,Mathieu Leplatre,Rémy HUBSCHER,2016-03-07 15:24:42+01:00,2016-03-07 15:34:17+01:00
kinto/tests/test_views_collections_cache.py,Mathieu Leplatre,Rémy HUBSCHER,2015-10-30 15:59:25+01:00,2015-10-30 17:20:38+01:00
kinto/tests/test_views_disable_default.py,Jelmer van der Ploeg,Rémy HUBSCHER,2016-03-08 08:28:48+01:00,2016-03-08 08:49:44+01:00
kinto/tests/test_views_flush.py,Alexis Métaireau,Mathieu Leplatre,2015-06-11 22:36:17+02:00,2015-06-11 22:36:17+02:00
kinto/tests/test_views_flush.py,Mathieu Leplatre,Rémy HUBSCHER,2015-06-11 22:36:17+02:00,2015-06-12 12:08:41+02:00
kinto/tests/test_views_flush.py,Mathieu Leplatre,Rémy HUBSCHER,2015-06-27 16:51:05+02:00,2015-06-27 16:51:05+02:00
kinto/tests/test_views_flush.py,Rémy HUBSCHER,Mathieu Leplatre,2015-06-27 16:51:05+02:00,2015-06-27 16:51:05+02:00
kinto/tests/test_views_groups.py,Mathieu Leplatre,Rémy HUBSCHER,2015-06-15 11:43:13+02:00,2015-06-16 10:17:53+02:00
kinto/tests/test_views_groups.py,Rémy HUBSCHER,Alexis Métaireau,2015-06-16 10:17:53+02:00,2015-06-16 10:18:22+02:00
kinto/tests/test_views_groups.py,Alexis Métaireau,Rémy HUBSCHER,2015-06-16 10:18:41+02:00,2015-06-16 10:18:42+02:00
kinto/tests/test_views_hello.py,Lavish Aggarwal,Rémy HUBSCHER,2016-03-03 19:54:25+05:30,2016-03-03 16:28:36+01:00
kinto/tests/test_views_hello.py,Rémy HUBSCHER,Lavish Aggarwal,2016-03-03 16:28:36+01:00,2016-03-03 22:05:10+05:30
kinto/tests/test_views_hello.py,Lavish Aggarwal,Rémy HUBSCHER,2016-03-03 22:05:10+05:30,2016-03-03 18:10:25+01:00
kinto/tests/test_views_permissions.py,Rémy HUBSCHER,Mathieu Leplatre,2015-11-19 10:22:37+01:00,2015-11-19 14:45:37+01:00
kinto/tests/test_views_records.py,Aaron Egaas,Rémy HUBSCHER,2016-01-26 16:56:42+01:00,2016-01-26 16:56:42+01:00
kinto/views/admin.py,Rémy HUBSCHER,Mathieu Leplatre,2019-10-17 17:13:52+02:00,2019-10-18 11:59:01+02:00
kinto/views/buckets.py,Mathieu Leplatre,Rémy HUBSCHER,2015-06-12 12:10:32+02:00,2015-06-12 16:16:23+02:00
kinto/views/buckets.py,Mathieu Leplatre,Rémy HUBSCHER,2015-07-13 11:20:36+02:00,2015-07-13 18:05:14+02:00
kinto/views/buckets.py,Mathieu Leplatre,Rémy HUBSCHER,2015-10-30 17:39:22+01:00,2015-10-30 17:39:22+01:00
kinto/views/buckets.py,Rémy HUBSCHER,Mathieu Leplatre,2016-05-23 12:29:45+02:00,2016-05-23 12:30:04+02:00
kinto/views/buckets.py,Mathieu Leplatre,Rémy HUBSCHER,2016-07-04 18:02:44+02:00,2016-07-05 10:21:39+02:00
kinto/views/buckets.py,Rémy HUBSCHER,Mathieu Leplatre,2019-10-17 17:13:52+02:00,2019-10-18 11:59:01+02:00
kinto/views/collection.py,Alexis Métaireau,Mathieu Leplatre,2015-06-05 09:53:18+02:00,2015-06-05 09:53:18+02:00
kinto/views/collections.py,Mathieu Leplatre,Rémy HUBSCHER,2015-09-10 11:01:27+02:00,2015-09-10 11:19:30+02:00
kinto/views/collections.py,Mathieu Leplatre,Rémy HUBSCHER,2016-07-04 18:02:44+02:00,2016-07-05 10:21:39+02:00
kinto/views/collections.py,Rémy HUBSCHER,Mathieu Leplatre,2019-10-17 17:13:52+02:00,2019-10-18 11:59:01+02:00
kinto/views/flush.py,Mathieu Leplatre,Alexis Métaireau,2015-03-05 21:59:20+01:00,2015-03-05 21:59:58+01:00
kinto/views/groups.py,Rémy HUBSCHER,Alexis Métaireau,2015-06-16 10:17:53+02:00,2015-06-16 10:18:22+02:00
kinto/views/groups.py,Alexis Métaireau,Rémy HUBSCHER,2015-06-16 10:18:41+02:00,2015-06-16 10:19:15+02:00
kinto/views/groups.py,Mathieu Leplatre,Rémy HUBSCHER,2016-07-04 18:02:44+02:00,2016-07-05 10:21:39+02:00
kinto/views/groups.py,Rémy HUBSCHER,Mathieu Leplatre,2019-10-17 17:13:52+02:00,2019-10-18 11:59:01+02:00
kinto/views/permissions.py,Mathieu Leplatre,Rémy HUBSCHER,2016-09-01 11:02:35+02:00,2016-09-01 11:02:35+02:00
kinto/views/permissions.py,Peter Bengtsson,Mathieu Leplatre,2018-12-10 14:22:43-05:00,2018-12-10 21:54:40+01:00
kinto/views/permissions.py,Rémy HUBSCHER,Mathieu Leplatre,2019-10-17 17:13:52+02:00,2019-10-18 11:59:01+02:00
kinto/views/records.py,Mathieu Leplatre,Rémy HUBSCHER,2016-07-04 18:02:44+02:00,2016-07-05 10:21:39+02:00
kinto/views/records.py,Ethan Glasser-Camp,Mathieu Leplatre,2017-06-12 21:22:10-04:00,2017-06-13 09:57:59+02:00
kinto/views/records.py,Rémy HUBSCHER,Mathieu Leplatre,2019-10-17 17:13:52+02:00,2019-10-18 11:59:01+02:00
lint-requirements.txt,Pascal,pyup-bot,2018-10-18 10:19:44+02:00,2018-10-18 14:12:05+02:00
loadtests/loadtest/tutorial.py,Rémy HUBSCHER,Mathieu Leplatre,2015-08-14 11:57:20+02:00,2015-08-14 12:05:15+02:00
readinglist/__init__.py,Rémy HUBSCHER,Alexis Metaireau,2015-01-19 10:39:10+01:00,2015-01-19 15:35:41+01:00
readinglist/__init__.py,Mathieu Leplatre,Rémy HUBSCHER,2015-01-27 16:54:48+01:00,2015-01-28 16:45:41+01:00
readinglist/__init__.py,Rémy HUBSCHER,Mathieu Leplatre,2015-02-09 14:38:41+01:00,2015-02-09 16:35:15+01:00
readinglist/__init__.py,Mathieu Leplatre,Rémy HUBSCHER,2015-02-09 16:35:15+01:00,2015-02-10 16:14:25+01:00
readinglist/authentication.py,Mathieu Leplatre,Rémy HUBSCHER,2015-01-14 10:03:01+01:00,2015-01-14 12:24:40+01:00
readinglist/authentication.py,Rémy HUBSCHER,Mathieu Leplatre,2015-01-14 12:24:40+01:00,2015-01-14 12:51:26+01:00
readinglist/authentication.py,Alexis Metaireau,Rémy HUBSCHER,2015-01-20 10:54:24+01:00,2015-01-20 13:31:08+01:00
readinglist/authentication.py,Rémy HUBSCHER,Mathieu Leplatre,2015-01-20 13:31:56+01:00,2015-01-20 15:02:48+01:00
readinglist/authentication.py,Rémy HUBSCHER,Mathieu Leplatre,2015-02-03 18:28:38+01:00,2015-02-03 22:41:55+01:00
readinglist/authentication.py,Mathieu Leplatre,Rémy HUBSCHER,2015-02-09 16:35:15+01:00,2015-02-10 16:14:25+01:00
readinglist/backend/__init__.py,Mathieu Leplatre,Alexis Métaireau,2015-01-27 16:45:31+01:00,2015-01-28 13:40:55+01:00
readinglist/backend/__init__.py,Rémy HUBSCHER,Mathieu Leplatre,2015-02-03 18:18:53+01:00,2015-02-04 12:33:20+01:00
readinglist/backend/memory.py,Mathieu Leplatre,Rémy HUBSCHER,2015-01-14 10:03:01+01:00,2015-01-14 11:59:00+01:00
readinglist/backend/memory.py,Rémy HUBSCHER,Mathieu Leplatre,2015-01-26 13:18:17+01:00,2015-01-27 10:08:45+01:00
readinglist/backend/memory.py,Mathieu Leplatre,Alexis Metaireau,2015-01-27 16:54:48+01:00,2015-01-28 13:38:08+01:00
readinglist/backend/memory.py,Alexis Metaireau,Alexis Métaireau,2015-01-28 13:38:08+01:00,2015-01-28 13:40:55+01:00
readinglist/backend/memory.py,Rémy HUBSCHER,Mathieu Leplatre,2015-02-03 18:18:53+01:00,2015-02-04 12:30:53+01:00
readinglist/backend/simpleredis.py,Rémy HUBSCHER,Mathieu Leplatre,2015-02-03 18:18:53+01:00,2015-02-04 12:33:20+01:00
readinglist/errors.py,Mathieu Leplatre,Rémy HUBSCHER,2015-01-26 15:38:51+01:00,2015-01-26 15:51:51+01:00
readinglist/errors.py,Alexis Métaireau,Mathieu Leplatre,2015-02-09 14:57:27+01:00,2015-02-09 16:35:15+01:00
readinglist/resource.py,Mathieu Leplatre,Alexis Metaireau,2015-01-19 13:26:32+01:00,2015-01-19 16:29:16+01:00
readinglist/resource.py,Alexis Metaireau,Mathieu Leplatre,2015-01-20 11:02:37+01:00,2015-01-20 13:26:19+01:00
readinglist/resource.py,Mathieu Leplatre,Rémy HUBSCHER,2015-01-20 13:26:19+01:00,2015-01-20 13:32:17+01:00
readinglist/resource.py,Rémy HUBSCHER,Mathieu Leplatre,2015-01-20 13:32:17+01:00,2015-01-20 15:07:09+01:00
readinglist/resource.py,Rémy HUBSCHER,Mathieu Leplatre,2015-01-26 13:18:17+01:00,2015-01-26 13:29:50+01:00
readinglist/resource.py,Mathieu Leplatre,Rémy HUBSCHER,2015-01-26 13:29:50+01:00,2015-01-26 13:34:39+01:00
readinglist/resource.py,Rémy HUBSCHER,Mathieu Leplatre,2015-01-26 13:34:39+01:00,2015-01-26 14:04:12+01:00
readinglist/resource.py,Mathieu Leplatre,Rémy HUBSCHER,2015-01-26 14:04:12+01:00,2015-01-26 15:07:22+01:00
readinglist/resource.py,Rémy HUBSCHER,Mathieu Leplatre,2015-01-26 15:07:22+01:00,2015-01-26 15:38:51+01:00
readinglist/resource.py,Mathieu Leplatre,Rémy HUBSCHER,2015-01-26 15:38:51+01:00,2015-01-26 15:51:51+01:00
readinglist/resource.py,Rémy HUBSCHER,Mathieu Leplatre,2015-01-26 15:51:51+01:00,2015-01-27 10:08:45+01:00
readinglist/resource.py,Mathieu Leplatre,Alexis Métaireau,2015-01-27 22:22:40+01:00,2015-01-28 15:55:37+01:00
readinglist/resource.py,Mathieu Leplatre,Rémy HUBSCHER,2015-02-09 12:48:24+01:00,2015-02-09 14:38:41+01:00
readinglist/resource.py,Rémy HUBSCHER,Mathieu Leplatre,2015-02-09 14:38:41+01:00,2015-02-10 13:26:45+01:00
readinglist/storage/__init__.py,Rémy HUBSCHER,Mathieu Leplatre,2015-02-09 14:38:41+01:00,2015-02-09 16:35:15+01:00
readinglist/storage/memory.py,Rémy HUBSCHER,Mathieu Leplatre,2015-02-09 14:38:41+01:00,2015-02-09 16:35:15+01:00
readinglist/tests/resource/test_sync.py,Mathieu Leplatre,Rémy HUBSCHER,2015-02-09 13:07:52+01:00,2015-02-09 14:38:41+01:00
readinglist/tests/resource/test_sync.py,Rémy HUBSCHER,Mathieu Leplatre,2015-02-09 14:38:41+01:00,2015-02-09 16:35:15+01:00
readinglist/tests/resource/test_views.py,Mathieu Leplatre,Rémy HUBSCHER,2015-02-09 10:16:23+01:00,2015-02-09 14:38:41+01:00
readinglist/tests/resource/test_views.py,Rémy HUBSCHER,Alexis Métaireau,2015-02-09 14:38:41+01:00,2015-02-09 14:55:05+01:00
readinglist/tests/resource/test_views.py,Alexis Métaireau,Mathieu Leplatre,2015-02-09 14:59:59+01:00,2015-02-09 16:35:15+01:00
readinglist/tests/resource/test_views.py,Mathieu Leplatre,Rémy HUBSCHER,2015-02-10 12:51:42+01:00,2015-02-10 16:14:25+01:00
readinglist/tests/support.py,Mathieu Leplatre,Rémy HUBSCHER,2015-01-14 10:03:01+01:00,2015-01-14 11:45:51+01:00
readinglist/tests/support.py,Rémy HUBSCHER,Mathieu Leplatre,2015-01-14 11:59:00+01:00,2015-01-14 12:51:26+01:00
readinglist/tests/support.py,Mathieu Leplatre,Rémy HUBSCHER,2015-01-20 13:26:19+01:00,2015-01-20 13:31:08+01:00
readinglist/tests/support.py,Rémy HUBSCHER,Mathieu Leplatre,2015-01-20 13:32:38+01:00,2015-01-20 15:07:09+01:00
readinglist/tests/support.py,Mathieu Leplatre,Rémy HUBSCHER,2015-01-27 22:22:40+01:00,2015-01-28 11:46:47+01:00
readinglist/tests/support.py,Rémy HUBSCHER,Alexis Métaireau,2015-01-28 11:46:47+01:00,2015-01-29 09:25:54+01:00
readinglist/tests/support.py,Alexis Métaireau,Rémy HUBSCHER,2015-01-30 12:59:23+01:00,2015-01-30 13:19:42+01:00
readinglist/tests/support.py,Mathieu Leplatre,Rémy HUBSCHER,2015-02-03 14:16:25+01:00,2015-02-03 17:52:42+01:00
readinglist/tests/support.py,Rémy HUBSCHER,Mathieu Leplatre,2015-02-09 14:38:41+01:00,2015-02-09 16:35:15+01:00
readinglist/tests/test_authentication.py,Mathieu Leplatre,Rémy HUBSCHER,2015-01-14 10:03:01+01:00,2015-01-14 11:45:51+01:00
readinglist/tests/test_authentication.py,Mathieu Leplatre,Rémy HUBSCHER,2015-02-04 17:40:28+01:00,2015-02-04 19:45:08+01:00
readinglist/tests/test_authentication.py,Rémy HUBSCHER,Mathieu Leplatre,2015-02-04 19:45:08+01:00,2015-02-04 22:17:17+01:00
readinglist/tests/test_authentication.py,Mathieu Leplatre,Rémy HUBSCHER,2015-02-04 22:17:17+01:00,2015-02-05 13:52:38+01:00
readinglist/tests/test_backend.py,Mathieu Leplatre,Rémy HUBSCHER,2015-01-14 10:01:12+01:00,2015-01-14 11:45:51+01:00
readinglist/tests/test_backend.py,Mathieu Leplatre,Alexis Métaireau,2015-01-27 16:45:31+01:00,2015-01-28 13:40:55+01:00
readinglist/tests/test_backend.py,Alexis Métaireau,Rémy HUBSCHER,2015-01-30 12:59:23+01:00,2015-01-30 16:38:49+01:00
readinglist/tests/test_backend.py,Mathieu Leplatre,Rémy HUBSCHER,2015-02-09 10:16:23+01:00,2015-02-09 11:04:08+01:00
readinglist/tests/test_backend.py,Rémy HUBSCHER,Mathieu Leplatre,2015-02-09 11:04:08+01:00,2015-02-09 13:07:52+01:00
readinglist/tests/test_backend.py,Mathieu Leplatre,Rémy HUBSCHER,2015-02-09 13:07:52+01:00,2015-02-09 14:38:41+01:00
readinglist/tests/test_schemas.py,Mathieu Leplatre,Rémy HUBSCHER,2015-01-14 10:01:12+01:00,2015-01-14 11:45:51+01:00
readinglist/tests/test_storage.py,Rémy HUBSCHER,Mathieu Leplatre,2015-02-09 14:39:56+01:00,2015-02-09 16:35:15+01:00
readinglist/tests/test_views_article.py,Mathieu Leplatre,Rémy HUBSCHER,2015-01-14 10:03:01+01:00,2015-01-14 11:45:51+01:00
readinglist/tests/test_views_article.py,Rémy HUBSCHER,Mathieu Leplatre,2015-01-26 13:18:17+01:00,2015-01-26 13:29:50+01:00
readinglist/tests/test_views_article.py,Mathieu Leplatre,Rémy HUBSCHER,2015-01-26 13:29:50+01:00,2015-01-26 13:34:39+01:00
readinglist/tests/test_views_article.py,Rémy HUBSCHER,Mathieu Leplatre,2015-01-26 13:34:39+01:00,2015-01-26 14:04:12+01:00
readinglist/tests/test_views_article.py,Rémy HUBSCHER,Mathieu Leplatre,2015-02-02 14:51:52+01:00,2015-02-03 14:16:25+01:00
readinglist/tests/test_views_article.py,Rémy HUBSCHER,Mathieu Leplatre,2015-02-12 09:35:57+01:00,2015-02-12 12:28:36+01:00
readinglist/tests/test_views_errors.py,Rémy HUBSCHER,Mathieu Leplatre,2015-01-20 13:32:59+01:00,2015-01-20 22:27:21+01:00
readinglist/tests/test_views_heartbeat.py,Mathieu Leplatre,Rémy HUBSCHER,2015-01-14 10:01:12+01:00,2015-01-14 11:45:51+01:00
readinglist/tests/test_views_hello.py,Mathieu Leplatre,Rémy HUBSCHER,2015-01-14 10:01:12+01:00,2015-01-14 11:45:51+01:00
readinglist/tests/test_views_hello.py,Rémy HUBSCHER,Mathieu Leplatre,2015-01-14 11:45:51+01:00,2015-01-14 12:41:24+01:00
readinglist/tests/test_views_hello.py,Rémy HUBSCHER,Mathieu Leplatre,2015-01-20 13:31:56+01:00,2015-01-20 22:27:21+01:00
readinglist/tests/test_views_oauth.py,Mathieu Leplatre,Rémy HUBSCHER,2015-01-14 10:01:12+01:00,2015-01-14 11:19:03+01:00
readinglist/tests/test_views_oauth.py,Rémy HUBSCHER,Mathieu Leplatre,2015-02-09 15:57:48+01:00,2015-02-09 16:35:15+01:00
readinglist/utils.py,Alexis Metaireau,Rémy HUBSCHER,2015-01-20 11:02:37+01:00,2015-01-20 13:31:08+01:00
readinglist/utils.py,Rémy HUBSCHER,Mathieu Leplatre,2015-01-20 13:32:38+01:00,2015-01-20 22:27:21+01:00
readinglist/utils.py,Rémy HUBSCHER,Mathieu Leplatre,2015-01-26 13:18:17+01:00,2015-01-27 10:08:45+01:00
readinglist/utils.py,Rémy HUBSCHER,Mathieu Leplatre,2015-02-03 18:13:00+01:00,2015-02-03 22:41:55+01:00
readinglist/views/article.py,Mathieu Leplatre,Rémy HUBSCHER,2015-01-14 10:03:01+01:00,2015-01-14 12:24:40+01:00
readinglist/views/article.py,Rémy HUBSCHER,Mathieu Leplatre,2015-01-14 12:24:40+01:00,2015-01-14 12:51:26+01:00
readinglist/views/article.py,Mathieu Leplatre,Alexis Metaireau,2015-01-19 13:26:32+01:00,2015-01-19 17:20:04+01:00
readinglist/views/article.py,Mathieu Leplatre,Rémy HUBSCHER,2015-01-26 15:38:51+01:00,2015-01-26 15:51:51+01:00
readinglist/views/article.py,Mathieu Leplatre,Rémy HUBSCHER,2015-02-09 12:48:24+01:00,2015-02-09 14:37:15+01:00
readinglist/views/batch.py,Mathieu Leplatre,Rémy HUBSCHER,2015-02-09 16:35:15+01:00,2015-02-09 16:45:57+01:00
readinglist/views/batch.py,Rémy HUBSCHER,Mathieu Leplatre,2015-02-09 16:45:57+01:00,2015-02-10 15:43:15+01:00
readinglist/views/batch.py,Mathieu Leplatre,Rémy HUBSCHER,2015-02-10 15:43:15+01:00,2015-02-10 16:49:24+01:00
readinglist/views/errors.py,Mathieu Leplatre,Rémy HUBSCHER,2015-02-03 14:18:23+01:00,2015-02-03 17:41:05+01:00
readinglist/views/errors.py,Alexis Métaireau,Mathieu Leplatre,2015-02-09 14:57:27+01:00,2015-02-09 16:35:15+01:00
readinglist/views/errors.py,Mathieu Leplatre,Rémy HUBSCHER,2015-02-10 13:38:09+01:00,2015-02-10 16:49:24+01:00
readinglist/views/hello.py,Rémy HUBSCHER,Mathieu Leplatre,2015-02-03 11:24:05+01:00,2015-02-03 23:50:05+01:00
readinglist/views/oauth.py,Mathieu Leplatre,Rémy HUBSCHER,2015-01-20 13:26:19+01:00,2015-01-20 13:31:08+01:00
readinglist/views/oauth.py,Mathieu Leplatre,Rémy HUBSCHER,2015-02-09 10:16:23+01:00,2015-02-09 14:37:15+01:00
readinglist/views/oauth.py,Rémy HUBSCHER,Mathieu Leplatre,2015-02-09 15:57:48+01:00,2015-02-09 16:35:15+01:00
requirements.txt,Mathieu Leplatre,Rémy HUBSCHER,2015-09-08 12:49:43+02:00,2015-09-08 16:10:06+02:00
requirements.txt,Mathieu Leplatre,Rémy HUBSCHER,2015-10-22 11:24:43+02:00,2015-10-22 11:48:09+02:00
requirements.txt,Alexis Métaireau,Mathieu Leplatre,2016-02-01 11:20:58+01:00,2016-02-01 23:46:45+01:00
requirements.txt,Rémy HUBSCHER,Ethan Glasser-Camp,2016-05-17 23:39:59+02:00,2016-05-18 09:29:36-04:00
requirements.txt,Mathieu Leplatre,Rémy HUBSCHER,2016-07-18 09:58:32+02:00,2016-07-18 10:08:05+02:00
requirements.txt,Gabriela Surita,Mathieu Leplatre,2017-01-19 14:40:38-02:00,2017-01-20 17:20:21+01:00
requirements.txt,Ethan Glasser-Camp,pyup-bot,2018-01-09 11:12:31-05:00,2018-01-09 19:51:20+01:00
requirements.txt,pyup-bot,Mathieu Leplatre,2018-03-28 17:25:11+02:00,2018-03-28 11:23:05-07:00
requirements.txt,Mathieu Leplatre,pyup-bot,2018-03-28 11:23:05-07:00,2018-03-29 19:11:07+02:00
requirements.txt,Ethan Glasser-Camp,pyup-bot,2018-09-10 17:13:18-04:00,2018-09-11 19:43:42+02:00
requirements.txt,Peter,pyup-bot,2018-11-29 09:45:49+01:00,2018-11-29 22:40:16+01:00
requirements.txt,pyup-bot,Francisco J. Piedrahita,2018-12-04 21:31:39+01:00,2018-12-05 05:30:38-05:00
requirements.txt,Ethan Glasser-Camp,pyup-bot,2018-12-09 11:54:00+01:00,2018-12-10 07:56:38+01:00
requirements.txt,dependabot-preview[bot],Rémy HUBSCHER,2021-02-17 14:15:32+01:00,2021-02-17 14:27:53+01:00
requirements.txt,Mathieu Leplatre,dependabot-preview[bot],2021-04-20 17:46:19+02:00,2021-04-21 11:42:43+02:00
requirements.txt,dependabot-preview[bot],Mathieu Leplatre,2021-04-21 11:46:40+02:00,2021-04-21 12:00:33+02:00
requirements.txt,dependabot-preview[bot],Mathieu Leplatre,2021-04-29 02:45:09+02:00,2021-04-29 02:47:46+02:00
requirements.txt,Mathieu Leplatre,dependabot[bot],2021-04-29 02:47:46+02:00,2021-04-29 20:55:20+00:00
requirements.txt,Dan Milgram,dependabot[bot],2021-07-02 11:06:36+02:00,2021-07-02 11:07:41+02:00
requirements.txt,Mathieu Leplatre,dependabot[bot],2023-12-18 09:42:28+01:00,2023-12-18 10:11:21+01:00
setup.cfg,dependabot-preview[bot],Mathieu Leplatre,2021-04-29 02:45:09+02:00,2021-04-29 02:47:46+02:00
setup.cfg,grahamalama,Graham Beckley,2023-02-08 11:45:22-05:00,2023-02-08 11:58:29-05:00
setup.cfg,Graham Beckley,grahamalama,2023-02-08 11:58:29-05:00,2023-02-08 16:19:44-05:00
setup.cfg,grahamalama,Graham Beckley,2023-02-09 11:14:54-05:00,2023-02-09 11:18:21-05:00
setup.cfg,Alex Cottner,Mathieu Leplatre,2023-11-22 08:06:19-07:00,2023-11-22 18:13:58+01:00
setup.py,Mathieu Leplatre,Rémy HUBSCHER,2015-01-14 10:01:12+01:00,2015-01-14 10:09:01+01:00
setup.py,Rémy HUBSCHER,Alexis Métaireau,2015-01-14 12:14:10+01:00,2015-01-15 09:37:20+01:00
setup.py,Alexis Métaireau,Rémy HUBSCHER,2015-02-20 11:25:58+01:00,2015-02-20 11:41:53+01:00
setup.py,Mathieu Leplatre,Alexis Métaireau,2015-02-24 09:16:56+01:00,2015-02-24 15:30:35+01:00
setup.py,Alexis Métaireau,Mathieu Leplatre,2015-02-24 15:30:35+01:00,2015-02-25 13:13:11+01:00
setup.py,Rémy HUBSCHER,Alexis Métaireau,2015-03-02 13:32:24+01:00,2015-03-02 19:17:33+01:00
setup.py,Alexis Métaireau,Rémy HUBSCHER,2015-03-02 19:17:33+01:00,2015-03-03 00:25:04+01:00
setup.py,Rémy HUBSCHER,Alexis Métaireau,2015-03-03 00:25:04+01:00,2015-03-03 01:01:23+01:00
setup.py,Alexis Métaireau,Rémy HUBSCHER,2015-03-03 01:02:12+01:00,2015-03-03 01:34:47+01:00
setup.py,Rémy HUBSCHER,Alexis Métaireau,2015-03-03 12:46:02+01:00,2015-03-03 16:35:30+01:00
setup.py,Alexis Métaireau,Rémy HUBSCHER,2015-03-05 20:33:27+01:00,2015-03-05 21:05:01+01:00
setup.py,Rémy HUBSCHER,Alexis Métaireau,2015-03-05 21:05:01+01:00,2015-03-05 21:37:04+01:00
setup.py,Mathieu Leplatre,Rémy HUBSCHER,2015-03-18 16:29:55+01:00,2015-03-18 19:01:06+01:00
setup.py,Rémy HUBSCHER,Mathieu Leplatre,2015-03-18 22:58:45+01:00,2015-03-19 00:02:07+01:00
setup.py,Mathieu Leplatre,Rémy HUBSCHER,2015-03-19 22:08:35+01:00,2015-03-19 22:24:45+01:00
setup.py,Rémy HUBSCHER,Mathieu Leplatre,2015-03-19 22:36:08+01:00,2015-03-19 23:58:03+01:00
setup.py,Mathieu Leplatre,Alexis Métaireau,2015-03-20 00:02:51+01:00,2015-03-20 00:25:59+01:00
setup.py,Alexis Métaireau,Mathieu Leplatre,2015-03-20 00:29:05+01:00,2015-03-20 00:32:54+01:00
setup.py,Mathieu Leplatre,Tarek Ziade,2015-03-20 01:04:48+01:00,2015-03-20 21:00:02+01:00
setup.py,Alexis Métaireau,Mathieu Leplatre,2015-03-24 17:59:09+01:00,2015-03-24 18:17:05+01:00
setup.py,Mathieu Leplatre,Alexis Métaireau,2015-03-24 18:17:19+01:00,2015-03-24 18:26:57+01:00
setup.py,Alexis Métaireau,Mathieu Leplatre,2015-03-24 18:26:57+01:00,2015-03-24 18:29:44+01:00
setup.py,Alexis Métaireau,Mathieu Leplatre,2015-03-27 17:32:43+01:00,2015-03-27 17:35:37+01:00
setup.py,Mathieu Leplatre,Alexis Métaireau,2015-06-10 17:00:25+02:00,2015-06-10 18:08:02+02:00
setup.py,Rémy HUBSCHER,Mathieu Leplatre,2015-06-15 11:43:08+02:00,2015-06-16 10:44:35+02:00
setup.py,Mathieu Leplatre,Balthazar Rouberol,2015-06-16 17:19:40+02:00,2015-06-16 17:32:28+02:00
setup.py,Balthazar Rouberol,Rémy HUBSCHER,2015-06-16 17:32:28+02:00,2015-06-16 21:46:21+02:00
setup.py,Rémy HUBSCHER,Mathieu Leplatre,2015-06-17 09:05:48+02:00,2015-06-17 09:21:21+02:00
setup.py,Mathieu Leplatre,Rémy HUBSCHER,2015-06-17 09:21:21+02:00,2015-06-17 09:41:09+02:00
setup.py,Rémy HUBSCHER,Balthazar Rouberol,2015-06-19 15:33:10+02:00,2015-06-20 09:40:00+02:00
setup.py,Mathieu Leplatre,Rémy HUBSCHER,2015-07-02 13:47:51+02:00,2015-07-02 16:48:23+02:00
setup.py,Rémy HUBSCHER,Mathieu Leplatre,2015-07-03 11:40:54+02:00,2015-07-03 12:09:03+02:00
setup.py,Mathieu Leplatre,Rémy HUBSCHER,2015-07-03 12:12:47+02:00,2015-07-03 13:22:34+02:00
setup.py,Rémy HUBSCHER,Mathieu Leplatre,2015-07-03 13:22:34+02:00,2015-07-03 14:39:33+02:00
setup.py,Rémy HUBSCHER,Mathieu Leplatre,2015-07-07 13:39:21+02:00,2015-07-08 10:23:53+02:00
setup.py,Mathieu Leplatre,Rémy HUBSCHER,2015-07-08 10:23:53+02:00,2015-07-08 10:32:29+02:00
setup.py,Rémy HUBSCHER,Mathieu Leplatre,2015-07-08 10:32:29+02:00,2015-07-08 10:45:46+02:00
setup.py,Mathieu Leplatre,Rémy HUBSCHER,2015-07-08 10:45:46+02:00,2015-07-09 08:51:07+02:00
setup.py,Mathieu Leplatre,Rémy HUBSCHER,2015-07-13 13:20:40+02:00,2015-07-13 15:49:33+02:00
setup.py,Mathieu Leplatre,Rémy HUBSCHER,2015-09-23 16:32:24+02:00,2015-09-23 17:44:39+02:00
setup.py,Mathieu Leplatre,Rémy HUBSCHER,2015-10-22 11:00:26+02:00,2015-10-22 11:48:09+02:00
setup.py,Rémy HUBSCHER,Mathieu Leplatre,2015-10-27 15:49:16+01:00,2015-10-27 22:15:21+01:00
setup.py,Mathieu Leplatre,Rémy HUBSCHER,2015-10-27 22:15:21+01:00,2015-10-28 12:07:57+01:00
setup.py,Mathieu Leplatre,Rémy HUBSCHER,2015-10-30 17:14:56+01:00,2015-10-30 17:14:56+01:00
setup.py,Rémy HUBSCHER,Mathieu Leplatre,2015-10-30 17:14:56+01:00,2015-10-30 17:50:13+01:00
setup.py,Mathieu Leplatre,Rémy HUBSCHER,2015-10-30 17:50:57+01:00,2015-10-30 18:01:21+01:00
setup.py,AW,Rémy HUBSCHER,2015-11-02 12:42:31+01:00,2015-11-02 18:36:17+01:00
setup.py,Mathieu Leplatre,Rémy HUBSCHER,2015-12-14 11:22:24+01:00,2015-12-14 11:25:58+01:00
setup.py,Rémy HUBSCHER,Mathieu Leplatre,2016-01-21 09:47:07+01:00,2016-01-21 09:47:10+01:00
setup.py,Rémy HUBSCHER,Mathieu Leplatre,2016-01-27 17:27:32+01:00,2016-01-27 18:25:25+01:00
setup.py,Mathieu Leplatre,Alexis Métaireau,2016-01-29 09:15:05+01:00,2016-01-29 18:04:51+01:00
setup.py,Alexis Métaireau,Mathieu Leplatre,2016-02-01 11:20:58+01:00,2016-02-01 23:49:09+01:00
setup.py,Rémy HUBSCHER,Ethan Glasser-Camp,2016-05-18 10:51:36+02:00,2016-05-18 11:14:00-04:00
setup.py,Rémy HUBSCHER,Mathieu Leplatre,2016-08-17 15:59:15+02:00,2016-08-18 13:23:31+02:00
setup.py,Rémy HUBSCHER,Mathieu Leplatre,2016-10-06 10:39:56+02:00,2016-10-06 11:38:13+02:00
setup.py,Gabriela Surita,Mathieu Leplatre,2016-12-19 16:53:58-02:00,2016-12-20 16:08:03+01:00
setup.py,Mathieu Leplatre,Gabriela Surita,2016-12-21 01:09:41+01:00,2016-12-21 19:18:47-02:00
setup.py,Gabriela Surita,Mathieu Leplatre,2017-01-19 14:40:38-02:00,2017-01-20 17:20:21+01:00
setup.py,Mathieu Leplatre,Rémy HUBSCHER,2017-01-30 17:04:12+01:00,2017-01-30 17:32:09+01:00
setup.py,Rémy HUBSCHER,Gabriela Surita,2017-02-16 16:20:57+01:00,2017-02-17 12:46:21-02:00
setup.py,Mathieu Leplatre,Rémy HUBSCHER,2017-03-03 17:51:13+01:00,2017-03-03 19:07:34+01:00
setup.py,Gabriela Surita,Mathieu Leplatre,2017-04-10 22:15:25-03:00,2017-04-11 13:03:03+02:00
setup.py,Rémy HUBSCHER,Mathieu Leplatre,2017-08-30 11:26:04+02:00,2017-08-30 12:17:27+02:00
setup.py,Ethan Glasser-Camp,Mathieu Leplatre,2017-11-09 11:33:24-05:00,2017-11-10 11:20:53+01:00
setup.py,Mathieu Leplatre,Rémy HUBSCHER,2017-11-15 16:54:39+01:00,2017-11-16 11:58:26+01:00
setup.py,Mathieu Leplatre,Ethan Glasser-Camp,2018-01-31 16:45:33+01:00,2018-01-31 16:09:05-05:00
setup.py,Ethan Glasser-Camp,Mathieu Leplatre,2018-02-09 11:34:17-05:00,2018-02-09 17:51:39+01:00
setup.py,Mathieu Leplatre,Ethan Glasser-Camp,2018-02-09 17:51:39+01:00,2018-02-09 12:12:22-05:00
setup.py,Rémy HUBSCHER,Mathieu Leplatre,2018-04-06 12:20:37+02:00,2018-04-06 13:51:39+02:00
setup.py,Mathieu Leplatre,Rémy HUBSCHER,2018-04-17 00:24:39+02:00,2018-04-17 16:49:40+02:00
setup.py,Mathieu Leplatre,Ethan Glasser-Camp,2018-11-29 10:55:50+01:00,2018-11-29 16:42:39-05:00
setup.py,Ethan Glasser-Camp,Rémy HUBSCHER,2018-11-29 16:42:39-05:00,2018-11-30 11:37:42+01:00
tests/core/resource/test_base.py,Rémy HUBSCHER,Mathieu Leplatre,2019-10-17 17:13:52+02:00,2019-10-18 11:59:01+02:00
tests/core/resource/test_events.py,Rémy HUBSCHER,Mathieu Leplatre,2019-10-17 17:13:52+02:00,2019-10-18 11:59:01+02:00
tests/core/resource/test_filter.py,Peter Bengtsson,Mathieu Leplatre,2018-12-10 14:22:43-05:00,2018-12-10 21:54:40+01:00
tests/core/resource/test_filter.py,Rémy HUBSCHER,Mathieu Leplatre,2019-10-17 17:13:52+02:00,2019-10-18 11:59:01+02:00
tests/core/resource/test_object.py,Rémy HUBSCHER,Mathieu Leplatre,2019-10-17 17:13:52+02:00,2019-10-18 11:59:01+02:00
tests/core/resource/test_object_permissions.py,Peter Bengtsson,Mathieu Leplatre,2018-12-10 14:22:43-05:00,2018-12-10 21:54:40+01:00
tests/core/resource/test_object_permissions.py,Rémy HUBSCHER,Mathieu Leplatre,2019-10-17 17:13:52+02:00,2019-10-18 11:59:01+02:00
tests/core/resource/test_pagination.py,Peter Bengtsson,Mathieu Leplatre,2018-12-10 14:22:43-05:00,2018-12-10 21:54:40+01:00
tests/core/resource/test_pagination.py,Rémy HUBSCHER,Mathieu Leplatre,2019-10-17 17:13:52+02:00,2019-10-18 11:59:01+02:00
tests/core/resource/test_partial_response.py,Rémy HUBSCHER,Mathieu Leplatre,2019-10-17 17:13:52+02:00,2019-10-18 11:59:01+02:00
tests/core/resource/test_preconditions.py,Gabriela Surita,Mathieu Leplatre,2017-02-17 12:46:21-02:00,2017-02-17 17:51:04+01:00
tests/core/resource/test_preconditions.py,Rémy HUBSCHER,Mathieu Leplatre,2019-10-17 17:13:52+02:00,2019-10-18 11:59:01+02:00
tests/core/resource/test_record.py,Gabriela Surita,Gabi Surita,2016-10-17 13:46:24-02:00,2016-10-17 15:16:47-02:00
tests/core/resource/test_record.py,Gabi Surita,Gabriela Surita,2016-10-17 15:16:47-02:00,2016-10-18 10:55:27-02:00
tests/core/resource/test_record.py,Gabriela Surita,Gabi Surita,2016-10-18 10:55:27-02:00,2016-10-18 15:26:02-02:00
tests/core/resource/test_record.py,Gabi Surita,Gabriela Surita,2016-10-18 18:11:08-02:00,2016-10-18 22:27:28-02:00
tests/core/resource/test_record.py,Gabriela Surita,Gabi Surita,2016-10-18 22:27:28-02:00,2016-10-19 18:37:24-02:00
tests/core/resource/test_record.py,Gabi Surita,Gabriela Surita,2016-12-14 01:05:11-02:00,2016-12-14 15:56:07-02:00
tests/core/resource/test_schema.py,Gabriela Surita,Rémy HUBSCHER,2017-02-03 00:11:00-02:00,2017-02-03 10:59:16+01:00
tests/core/resource/test_schema.py,Gabriela Surita,Rémy HUBSCHER,2017-02-13 21:20:24-02:00,2017-02-14 14:52:00+01:00
tests/core/resource/test_schema.py,Rémy HUBSCHER,Mathieu Leplatre,2019-10-17 17:13:52+02:00,2019-10-18 11:59:01+02:00
tests/core/resource/test_sort.py,Rémy HUBSCHER,Mathieu Leplatre,2019-10-17 17:13:52+02:00,2019-10-18 11:59:01+02:00
tests/core/resource/test_sync.py,Gabriela Surita,Mathieu Leplatre,2016-12-18 18:26:06-02:00,2016-12-19 16:59:16+01:00
tests/core/resource/test_views_cors.py,Peter Bengtsson,Mathieu Leplatre,2018-12-10 14:46:19-05:00,2018-12-10 21:54:40+01:00
tests/core/resource/test_views_cors.py,Rémy HUBSCHER,Mathieu Leplatre,2019-10-17 17:13:52+02:00,2019-10-18 11:59:01+02:00
tests/core/resource/test_viewset.py,Rémy HUBSCHER,Mathieu Leplatre,2019-10-17 17:13:52+02:00,2019-10-18 11:59:01+02:00
tests/core/support.py,Rémy HUBSCHER,Mathieu Leplatre,2019-10-17 17:13:52+02:00,2019-10-18 11:59:01+02:00
tests/core/test_authorization.py,Rémy HUBSCHER,Mathieu Leplatre,2019-10-17 17:13:52+02:00,2019-10-18 11:59:01+02:00
tests/core/test_cache.py,Rémy HUBSCHER,Mathieu Leplatre,2017-02-16 11:53:19+01:00,2017-02-16 16:15:02+01:00
tests/core/test_decorators.py,Rémy HUBSCHER,Mathieu Leplatre,2019-10-17 17:13:52+02:00,2019-10-18 11:59:01+02:00
tests/core/test_initialization.py,Mathieu Leplatre,Rémy HUBSCHER,2017-02-16 16:15:02+01:00,2017-02-16 17:31:23+01:00
tests/core/test_initialization.py,Mathieu Leplatre,Rémy HUBSCHER,2018-10-11 16:05:34+02:00,2018-10-11 17:27:45+02:00
tests/core/test_initialization.py,Rémy HUBSCHER,Mathieu Leplatre,2019-10-17 17:13:52+02:00,2019-10-18 11:59:01+02:00
tests/core/test_listeners.py,Mathieu Leplatre,Rémy HUBSCHER,2018-10-11 16:05:34+02:00,2018-10-11 17:27:45+02:00
tests/core/test_listeners.py,Rémy HUBSCHER,Mathieu Leplatre,2019-10-17 17:13:52+02:00,2019-10-18 11:59:01+02:00
tests/core/test_logging.py,Rémy HUBSCHER,Mathieu Leplatre,2019-10-17 17:13:52+02:00,2019-10-18 11:59:01+02:00
tests/core/test_openapi.py,Rémy HUBSCHER,Mathieu Leplatre,2019-10-17 17:13:52+02:00,2019-10-18 11:59:01+02:00
tests/core/test_permission.py,Mathieu Leplatre,Rémy HUBSCHER,2016-09-20 10:29:12-04:00,2016-09-20 17:53:14+02:00
tests/core/test_permission.py,Rémy HUBSCHER,Mathieu Leplatre,2016-09-20 20:33:44+02:00,2016-09-20 16:18:10-04:00
tests/core/test_schema.py,Rémy HUBSCHER,Mathieu Leplatre,2019-10-17 17:13:52+02:00,2019-10-18 11:59:01+02:00
tests/core/test_statsd.py,Rémy HUBSCHER,Mathieu Leplatre,2019-10-17 17:13:52+02:00,2019-10-18 11:59:01+02:00
tests/core/test_storage.py,Peter Bengtsson,Mathieu Leplatre,2018-12-10 15:54:32-05:00,2018-12-10 21:54:40+01:00
tests/core/test_storage.py,Rémy HUBSCHER,Mathieu Leplatre,2019-10-17 17:13:52+02:00,2019-10-18 11:59:01+02:00
tests/core/test_storage_migrations.py,Mathieu Leplatre,Ethan Glasser-Camp,2017-11-27 16:23:42+01:00,2017-11-27 12:11:55-05:00
tests/core/test_storage_migrations.py,Ethan Glasser-Camp,Mathieu Leplatre,2017-11-27 12:11:55-05:00,2017-11-28 15:42:22+01:00
tests/core/test_storage_migrations.py,Rémy HUBSCHER,Mathieu Leplatre,2019-10-17 17:13:52+02:00,2019-10-18 11:59:01+02:00
tests/core/test_storage_pool.py,Rémy HUBSCHER,Mathieu Leplatre,2019-10-17 17:13:52+02:00,2019-10-18 11:59:01+02:00
tests/core/test_utils.py,Rémy HUBSCHER,Mathieu Leplatre,2017-02-16 11:23:16+01:00,2017-02-16 16:15:02+01:00
tests/core/test_utils.py,Rémy HUBSCHER,Mathieu Leplatre,2019-10-17 17:13:52+02:00,2019-10-18 11:59:01+02:00
tests/core/test_views_batch.py,Mathieu Leplatre,Rémy HUBSCHER,2017-01-20 12:48:28+01:00,2017-01-20 13:40:09+01:00
tests/core/test_views_batch.py,Mathieu Leplatre,Rémy HUBSCHER,2017-02-15 16:32:24+01:00,2017-02-16 11:23:16+01:00
tests/core/test_views_batch.py,Rémy HUBSCHER,Mathieu Leplatre,2019-10-17 17:13:52+02:00,2019-10-18 11:59:01+02:00
tests/core/test_views_errors.py,Rémy HUBSCHER,Mathieu Leplatre,2019-10-17 17:13:52+02:00,2019-10-18 11:59:01+02:00
tests/core/test_views_hello.py,Rémy HUBSCHER,Mathieu Leplatre,2019-10-17 17:13:52+02:00,2019-10-18 11:59:01+02:00
tests/core/test_views_postgresql.py,Peter Bengtsson,Mathieu Leplatre,2018-12-10 14:22:43-05:00,2018-12-10 21:54:40+01:00
tests/core/test_views_swagger.py,Mathieu Leplatre,Gabriela Surita,2017-02-16 16:15:02+01:00,2017-02-17 12:46:21-02:00
tests/core/test_views_transaction.py,Rémy HUBSCHER,Mathieu Leplatre,2019-10-17 17:13:52+02:00,2019-10-18 11:59:01+02:00
tests/core/testapp/views.py,Rémy HUBSCHER,Mathieu Leplatre,2019-10-17 17:13:52+02:00,2019-10-18 11:59:01+02:00
tests/functional.ini,Gabriela Surita,Mathieu Leplatre,2017-03-09 01:13:20-03:00,2017-03-09 16:54:23+01:00
tests/openapi/support.py,Rémy HUBSCHER,Mathieu Leplatre,2019-10-17 17:13:52+02:00,2019-10-18 11:59:01+02:00
tests/openapi/test_resources.py,Rémy HUBSCHER,Mathieu Leplatre,2019-10-17 17:13:52+02:00,2019-10-18 11:59:01+02:00
tests/openapi/test_responses_errors.py,Rémy HUBSCHER,Mathieu Leplatre,2019-10-17 17:13:52+02:00,2019-10-18 11:59:01+02:00
tests/plugins/test_accounts.py,Mathieu Leplatre,Rémy HUBSCHER,2017-06-21 12:58:26+02:00,2017-06-21 15:10:35+02:00
tests/plugins/test_accounts.py,Ethan Glasser-Camp,Mathieu Leplatre,2018-04-05 10:25:55-04:00,2018-04-05 17:08:58+02:00
tests/plugins/test_accounts.py,Mathieu Leplatre,Ethan Glasser-Camp,2018-04-05 17:09:22+02:00,2018-04-05 12:41:03-04:00
tests/plugins/test_accounts.py,Ethan Glasser-Camp,Mathieu Leplatre,2018-04-05 12:41:03-04:00,2018-04-05 23:40:24+02:00
tests/plugins/test_accounts.py,Mathieu Leplatre,Rémy HUBSCHER,2018-04-05 23:40:24+02:00,2018-04-06 11:19:36+02:00
tests/plugins/test_accounts.py,Rémy HUBSCHER,Mathieu Leplatre,2019-10-17 17:13:52+02:00,2019-10-18 11:59:01+02:00
tests/plugins/test_default_bucket.py,Mathieu Leplatre,Rémy HUBSCHER,2017-03-06 12:16:37+01:00,2017-03-07 10:02:11+01:00
tests/plugins/test_default_bucket.py,Rémy HUBSCHER,Mathieu Leplatre,2017-03-07 10:14:34+01:00,2017-03-07 13:58:08+01:00
tests/plugins/test_default_bucket.py,Rémy HUBSCHER,Mathieu Leplatre,2019-10-17 17:13:52+02:00,2019-10-18 11:59:01+02:00
tests/plugins/test_flush.py,Rémy HUBSCHER,Mathieu Leplatre,2019-10-17 17:13:52+02:00,2019-10-18 11:59:01+02:00
tests/plugins/test_history.py,Rémy HUBSCHER,Mathieu Leplatre,2019-10-17 17:13:52+02:00,2019-10-18 11:59:01+02:00
tests/plugins/test_quotas.py,Rémy HUBSCHER,Mathieu Leplatre,2019-10-17 17:13:52+02:00,2019-10-18 11:59:01+02:00
tests/test_configuration/test.ini,Mathieu Leplatre,Rémy HUBSCHER,2017-03-10 11:38:55+01:00,2017-03-10 16:43:18+01:00
tests/test_main.py,Rémy HUBSCHER,Brady,2019-01-08 15:46:08+01:00,2019-01-08 21:06:13-05:00
tests/test_main.py,Rémy HUBSCHER,Mathieu Leplatre,2019-10-17 17:13:52+02:00,2019-10-18 11:59:01+02:00
tests/test_views_admin.py,Rémy HUBSCHER,Mathieu Leplatre,2019-10-17 17:13:52+02:00,2019-10-18 11:59:01+02:00
tests/test_views_buckets.py,Rémy HUBSCHER,Mathieu Leplatre,2019-10-17 17:13:52+02:00,2019-10-18 11:59:01+02:00
tests/test_views_collections.py,Gabi Surita,Gabriela Surita,2016-10-06 18:35:47-03:00,2016-10-07 14:42:57-03:00
tests/test_views_collections_schema.py,Ethan Glasser-Camp,Mathieu Leplatre,2017-06-12 21:21:12-04:00,2017-06-13 09:57:59+02:00
tests/test_views_groups.py,Mathieu Leplatre,Rémy HUBSCHER,2016-10-05 10:54:20+02:00,2016-10-05 11:51:37+02:00
tests/test_views_hello.py,Mathieu Leplatre,Gabriela Surita,2017-03-08 12:57:35+01:00,2017-03-09 00:18:18-03:00
tests/test_views_objects_permissions.py,Rémy HUBSCHER,Mathieu Leplatre,2019-10-17 17:13:52+02:00,2019-10-18 11:59:01+02:00
tests/test_views_permissions.py,Peter Bengtsson,Mathieu Leplatre,2018-12-10 14:22:43-05:00,2018-12-10 21:54:40+01:00
tests/test_views_permissions.py,Rémy HUBSCHER,Mathieu Leplatre,2019-10-17 17:13:52+02:00,2019-10-18 11:59:01+02:00
tests/test_views_records.py,Gabi Surita,mansimarkaur,2016-10-18 18:11:08-02:00,2016-10-19 05:26:22+05:30
tests/test_views_records.py,Gabi Surita,Gabriela Surita,2016-12-14 01:17:23-02:00,2016-12-14 11:41:52-02:00
tests/test_views_records.py,Rémy HUBSCHER,Mathieu Leplatre,2019-10-17 17:13:52+02:00,2019-10-18 11:59:01+02:00
tox.ini,Mathieu Leplatre,Alexis Métaireau,2015-02-24 09:16:56+01:00,2015-02-24 15:30:35+01:00
tox.ini,Mathieu Agopian,Rémy HUBSCHER,2015-06-29 10:07:04+02:00,2015-06-29 10:50:40+02:00
tox.ini,Rémy HUBSCHER,Gabriela Surita,2017-01-27 10:14:39+01:00,2017-01-27 15:44:39-02:00
tox.ini,Peter Bengtsson,Rémy HUBSCHER,2018-12-06 14:38:49-05:00,2018-12-07 09:58:23+01:00
