File,Top Contributor Share (%)
.gitignore,88.10
LICENSE,100.00
README.md,82.20
Godeps/Godeps.json,100.00
Godeps/Readme,100.00
Godeps/_workspace/.gitignore,100.00
Godeps/_workspace/src/github.com/astaxie/beego/LICENSE,100.00
Godeps/_workspace/src/github.com/astaxie/beego/logs/README.md,100.00
Godeps/_workspace/src/github.com/astaxie/beego/logs/conn.go,100.00
Godeps/_workspace/src/github.com/astaxie/beego/logs/console.go,100.00
Godeps/_workspace/src/github.com/astaxie/beego/logs/es/es.go,100.00
Godeps/_workspace/src/github.com/astaxie/beego/logs/file.go,100.00
Godeps/_workspace/src/github.com/astaxie/beego/logs/log.go,100.00
Godeps/_workspace/src/github.com/astaxie/beego/logs/smtp.go,100.00
Godeps/_workspace/src/github.com/astaxie/beego/utils/captcha/LICENSE,100.00
Godeps/_workspace/src/github.com/vaughan0/go-ini/LICENSE,100.00
Godeps/_workspace/src/github.com/vaughan0/go-ini/README.md,100.00
Godeps/_workspace/src/github.com/vaughan0/go-ini/ini.go,100.00
Godeps/_workspace/src/github.com/vaughan0/go-ini/test.ini,100.00
Makefile,100.00
cmd/frpc/config.go,89.91
cmd/frpc/control.go,54.58
cmd/frpc/main.go,99.43
cmd/frps/config.go,94.55
cmd/frps/control.go,80.52
cmd/frps/main.go,99.33
conf/frpc.ini,93.63
conf/frps.ini,82.88
pkg/models/client.go,90.91
pkg/models/msg.go,84.62
pkg/models/server.go,82.61
pkg/utils/conn/conn.go,91.24
pkg/utils/log/log.go,98.48
pkg/utils/pcrypto/pcrypto.go,100.00
pkg/utils/pcrypto/pcrypto_test.go,100.00
.travis.yml,94.44
models/client/client.go,100.00
models/consts/consts.go,91.80
models/msg/msg.go,98.53
models/server/server.go,100.00
utils/conn/conn.go,100.00
utils/log/log.go,100.00
models/client/config.go,100.00
models/server/config.go,100.00
utils/broadcast/broadcast.go,100.00
utils/broadcast/broadcast_test.go,100.00
src/frp/cmd/frpc/control.go,74.07
src/frp/cmd/frpc/main.go,100.00
src/frp/cmd/frps/control.go,91.18
src/frp/cmd/frps/main.go,92.96
src/frp/models/client/client.go,89.04
src/frp/models/client/config.go,92.96
src/frp/models/consts/consts.go,75.00
src/frp/models/msg/msg.go,94.44
src/frp/models/server/config.go,92.98
src/frp/models/server/server.go,96.03
src/frp/utils/broadcast/broadcast.go,100.00
src/frp/utils/broadcast/broadcast_test.go,100.00
src/frp/utils/conn/conn.go,62.65
src/frp/utils/log/log.go,100.00
src/frp/utils/pcrypto/pcrypto.go,65.81
src/frp/utils/pcrypto/pcrypto_test.go,52.54
src/frp/utils/version/version.go,100.00
src/frp/utils/version/version_test.go,100.00
Godeps/_workspace/src/github.com/docopt/docopt-go/.gitignore,100.00
Godeps/_workspace/src/github.com/docopt/docopt-go/.travis.yml,100.00
Godeps/_workspace/src/github.com/docopt/docopt-go/LICENSE,100.00
Godeps/_workspace/src/github.com/docopt/docopt-go/README.md,100.00
Godeps/_workspace/src/github.com/docopt/docopt-go/docopt.go,100.00
Godeps/_workspace/src/github.com/docopt/docopt-go/test_golang.docopt,100.00
Godeps/_workspace/src/github.com/docopt/docopt-go/testcases.docopt,100.00
doc/quick_start_zh.md,100.00
doc/quick_start_en.md,100.00
Dockerfile,68.18
README_zh.md,98.95
Makefile.cross-compiles,88.89
cross_compiles_package.sh,100.00
src/frp/utils/vhost/vhost.go,91.35
test/clean_test.sh,100.00
test/conf/auto_test_frpc.ini,100.00
test/conf/auto_test_frps.ini,100.00
test/echo_server.go,100.00
test/func_test.go,100.00
test/http_server.go,100.00
test/run_test.sh,100.00
src/frp/models/server/dashboard.go,66.00
src/frp/models/server/dashboard_api.go,100.00
Godeps/_workspace/src/github.com/gin-gonic/gin/.gitignore,100.00
Godeps/_workspace/src/github.com/gin-gonic/gin/.travis.yml,100.00
Godeps/_workspace/src/github.com/gin-gonic/gin/AUTHORS.md,100.00
Godeps/_workspace/src/github.com/gin-gonic/gin/BENCHMARKS.md,100.00
Godeps/_workspace/src/github.com/gin-gonic/gin/CHANGELOG.md,100.00
Godeps/_workspace/src/github.com/gin-gonic/gin/LICENSE,100.00
Godeps/_workspace/src/github.com/gin-gonic/gin/README.md,100.00
Godeps/_workspace/src/github.com/gin-gonic/gin/auth.go,100.00
Godeps/_workspace/src/github.com/gin-gonic/gin/binding/binding.go,100.00
Godeps/_workspace/src/github.com/gin-gonic/gin/binding/default_validator.go,100.00
Godeps/_workspace/src/github.com/gin-gonic/gin/binding/form.go,100.00
Godeps/_workspace/src/github.com/gin-gonic/gin/binding/form_mapping.go,100.00
Godeps/_workspace/src/github.com/gin-gonic/gin/binding/json.go,100.00
Godeps/_workspace/src/github.com/gin-gonic/gin/binding/protobuf.go,100.00
Godeps/_workspace/src/github.com/gin-gonic/gin/binding/xml.go,100.00
Godeps/_workspace/src/github.com/gin-gonic/gin/context.go,100.00
Godeps/_workspace/src/github.com/gin-gonic/gin/debug.go,100.00
Godeps/_workspace/src/github.com/gin-gonic/gin/deprecated.go,100.00
Godeps/_workspace/src/github.com/gin-gonic/gin/errors.go,100.00
Godeps/_workspace/src/github.com/gin-gonic/gin/fs.go,100.00
Godeps/_workspace/src/github.com/gin-gonic/gin/gin.go,100.00
Godeps/_workspace/src/github.com/gin-gonic/gin/logger.go,100.00
Godeps/_workspace/src/github.com/gin-gonic/gin/mode.go,100.00
Godeps/_workspace/src/github.com/gin-gonic/gin/path.go,100.00
Godeps/_workspace/src/github.com/gin-gonic/gin/recovery.go,100.00
Godeps/_workspace/src/github.com/gin-gonic/gin/render/data.go,100.00
Godeps/_workspace/src/github.com/gin-gonic/gin/render/html.go,100.00
Godeps/_workspace/src/github.com/gin-gonic/gin/render/json.go,100.00
Godeps/_workspace/src/github.com/gin-gonic/gin/render/redirect.go,100.00
Godeps/_workspace/src/github.com/gin-gonic/gin/render/render.go,100.00
Godeps/_workspace/src/github.com/gin-gonic/gin/render/text.go,100.00
Godeps/_workspace/src/github.com/gin-gonic/gin/render/xml.go,100.00
Godeps/_workspace/src/github.com/gin-gonic/gin/render/yaml.go,100.00
Godeps/_workspace/src/github.com/gin-gonic/gin/response_writer.go,100.00
Godeps/_workspace/src/github.com/gin-gonic/gin/routergroup.go,100.00
Godeps/_workspace/src/github.com/gin-gonic/gin/tree.go,100.00
Godeps/_workspace/src/github.com/gin-gonic/gin/utils.go,100.00
Godeps/_workspace/src/github.com/gin-gonic/gin/wercker.yml,100.00
Godeps/_workspace/src/github.com/golang/protobuf/LICENSE,100.00
Godeps/_workspace/src/github.com/golang/protobuf/proto/Makefile,100.00
Godeps/_workspace/src/github.com/golang/protobuf/proto/clone.go,100.00
Godeps/_workspace/src/github.com/golang/protobuf/proto/decode.go,100.00
Godeps/_workspace/src/github.com/golang/protobuf/proto/encode.go,100.00
Godeps/_workspace/src/github.com/golang/protobuf/proto/equal.go,100.00
Godeps/_workspace/src/github.com/golang/protobuf/proto/extensions.go,100.00
Godeps/_workspace/src/github.com/golang/protobuf/proto/lib.go,100.00
Godeps/_workspace/src/github.com/golang/protobuf/proto/message_set.go,100.00
Godeps/_workspace/src/github.com/golang/protobuf/proto/pointer_reflect.go,100.00
Godeps/_workspace/src/github.com/golang/protobuf/proto/pointer_unsafe.go,100.00
Godeps/_workspace/src/github.com/golang/protobuf/proto/properties.go,100.00
Godeps/_workspace/src/github.com/golang/protobuf/proto/text.go,100.00
Godeps/_workspace/src/github.com/golang/protobuf/proto/text_parser.go,100.00
Godeps/_workspace/src/github.com/manucorporat/sse/.travis.yml,100.00
Godeps/_workspace/src/github.com/manucorporat/sse/LICENSE,100.00
Godeps/_workspace/src/github.com/manucorporat/sse/README.md,100.00
Godeps/_workspace/src/github.com/manucorporat/sse/sse-decoder.go,100.00
Godeps/_workspace/src/github.com/manucorporat/sse/sse-encoder.go,100.00
Godeps/_workspace/src/github.com/manucorporat/sse/writer.go,100.00
Godeps/_workspace/src/golang.org/x/net/LICENSE,100.00
Godeps/_workspace/src/golang.org/x/net/PATENTS,100.00
Godeps/_workspace/src/golang.org/x/net/context/context.go,100.00
Godeps/_workspace/src/golang.org/x/net/context/go17.go,100.00
Godeps/_workspace/src/golang.org/x/net/context/pre_go17.go,100.00
Godeps/_workspace/src/gopkg.in/go-playground/validator.v8/.gitignore,100.00
Godeps/_workspace/src/gopkg.in/go-playground/validator.v8/LICENSE,100.00
Godeps/_workspace/src/gopkg.in/go-playground/validator.v8/README.md,100.00
Godeps/_workspace/src/gopkg.in/go-playground/validator.v8/baked_in.go,100.00
Godeps/_workspace/src/gopkg.in/go-playground/validator.v8/cache.go,100.00
Godeps/_workspace/src/gopkg.in/go-playground/validator.v8/doc.go,100.00
Godeps/_workspace/src/gopkg.in/go-playground/validator.v8/regexes.go,100.00
Godeps/_workspace/src/gopkg.in/go-playground/validator.v8/util.go,100.00
Godeps/_workspace/src/gopkg.in/go-playground/validator.v8/validator.go,100.00
Godeps/_workspace/src/gopkg.in/yaml.v2/.travis.yml,100.00
Godeps/_workspace/src/gopkg.in/yaml.v2/LICENSE,100.00
Godeps/_workspace/src/gopkg.in/yaml.v2/LICENSE.libyaml,100.00
Godeps/_workspace/src/gopkg.in/yaml.v2/README.md,100.00
Godeps/_workspace/src/gopkg.in/yaml.v2/apic.go,100.00
Godeps/_workspace/src/gopkg.in/yaml.v2/decode.go,100.00
Godeps/_workspace/src/gopkg.in/yaml.v2/emitterc.go,100.00
Godeps/_workspace/src/gopkg.in/yaml.v2/encode.go,100.00
Godeps/_workspace/src/gopkg.in/yaml.v2/parserc.go,100.00
Godeps/_workspace/src/gopkg.in/yaml.v2/readerc.go,100.00
Godeps/_workspace/src/gopkg.in/yaml.v2/resolve.go,100.00
Godeps/_workspace/src/gopkg.in/yaml.v2/scannerc.go,100.00
Godeps/_workspace/src/gopkg.in/yaml.v2/sorter.go,100.00
Godeps/_workspace/src/gopkg.in/yaml.v2/writerc.go,100.00
Godeps/_workspace/src/gopkg.in/yaml.v2/yaml.go,100.00
Godeps/_workspace/src/gopkg.in/yaml.v2/yamlh.go,100.00
Godeps/_workspace/src/gopkg.in/yaml.v2/yamlprivateh.go,100.00
src/frp/utils/vhost/vhost_https.go,100.00
src/frp/models/config/config.go,93.02
src/frp/models/msg/process.go,100.00
src/frp/utils/vhost/http.go,60.00
src/frp/utils/vhost/https.go,100.00
src/frp/models/metric/server.go,100.00
src/frp/utils/pool/pool.go,100.00
assets/index.html,65.66
assets/static/angular.min.js,100.00
assets/static/bootstrap.min.css,100.00
assets/static/bootstrap.min.js,100.00
assets/static/echarts.min.js,100.00
assets/static/font-awesome.min.css,100.00
assets/static/iconfont.css,100.00
assets/static/iconfont.svg,100.00
assets/static/jquery.min.js,100.00
assets/css/iconfont.css,100.00
src/frp/models/server/dashboard_view.go,100.00
src/cmd/frpc/control.go,92.31
src/cmd/frpc/main.go,100.00
src/cmd/frps/control.go,76.77
src/cmd/frps/main.go,51.72
src/models/client/client.go,100.00
src/models/client/config.go,61.02
src/models/config/config.go,60.53
src/models/consts/consts.go,100.00
src/models/metric/server.go,75.00
src/models/msg/msg.go,75.00
src/models/msg/process.go,100.00
src/models/server/config.go,58.11
src/models/server/dashboard.go,48.39
src/models/server/dashboard_api.go,100.00
src/models/server/dashboard_view.go,100.00
src/models/server/server.go,87.00
src/utils/conn/conn.go,100.00
src/utils/pcrypto/pcrypto.go,100.00
src/utils/pcrypto/pcrypto_test.go,100.00
src/utils/version/version.go,100.00
src/utils/vhost/http.go,92.45
src/utils/vhost/https.go,66.67
src/utils/vhost/vhost.go,45.65
vendor/github.com/astaxie/beego/logs/conn.go,100.00
vendor/github.com/astaxie/beego/logs/console.go,100.00
vendor/github.com/astaxie/beego/logs/file.go,100.00
vendor/github.com/astaxie/beego/logs/log.go,100.00
vendor/github.com/astaxie/beego/logs/smtp.go,100.00
vendor/github.com/astaxie/beego/logs/logger.go,100.00
vendor/github.com/astaxie/beego/logs/multifile.go,100.00
src/assets/assets.go,100.00
src/assets/static/index.html,81.82
src/assets/statik/statik.go,100.00
vendor/github.com/rakyll/statik/LICENSE,100.00
vendor/github.com/rakyll/statik/fs/fs.go,100.00
.dockerignore,100.00
conf/frpc_min.ini,100.00
conf/frps_min.ini,100.00
Dockerfile_alpine,100.00
package.sh,94.20
vendor/github.com/astaxie/beego/logs/color.go,100.00
vendor/github.com/astaxie/beego/logs/color_windows.go,100.00
src/utils/vhost/router.go,67.28
src/models/client/process_udp.go,100.00
src/models/msg/udp.go,100.00
src/models/msg/udp_test.go,100.00
src/utils/conn/udp_conn.go,100.00
vendor/github.com/davecgh/go-spew/LICENSE,100.00
vendor/github.com/davecgh/go-spew/spew/common.go,100.00
vendor/github.com/davecgh/go-spew/spew/config.go,100.00
vendor/github.com/davecgh/go-spew/spew/doc.go,100.00
vendor/github.com/davecgh/go-spew/spew/dump.go,100.00
vendor/github.com/davecgh/go-spew/spew/format.go,100.00
vendor/github.com/davecgh/go-spew/spew/spew.go,100.00
vendor/github.com/pmezard/go-difflib/LICENSE,100.00
vendor/github.com/pmezard/go-difflib/difflib/difflib.go,100.00
vendor/github.com/stretchr/testify/LICENCE.txt,100.00
vendor/github.com/stretchr/testify/LICENSE,100.00
vendor/github.com/stretchr/testify/assert/assertion_forward.go,100.00
vendor/github.com/stretchr/testify/assert/assertion_forward.go.tmpl,100.00
vendor/github.com/stretchr/testify/assert/assertions.go,100.00
vendor/github.com/stretchr/testify/assert/doc.go,100.00
vendor/github.com/stretchr/testify/assert/errors.go,100.00
vendor/github.com/stretchr/testify/assert/forward_assertions.go,100.00
vendor/github.com/stretchr/testify/assert/http_assertions.go,100.00
vendor/github.com/davecgh/go-spew/spew/bypass.go,100.00
vendor/github.com/davecgh/go-spew/spew/bypasssafe.go,100.00
assets/assets.go,55.56
assets/static/index.html,100.00
assets/statik/statik.go,100.00
client/control.go,94.80
client/proxy.go,99.86
client/service.go,86.85
models/config/client_common.go,76.22
models/config/proxy.go,93.11
models/config/server_common.go,80.84
models/errors/errors.go,100.00
models/metric/server.go,100.00
models/msg/pack.go,100.00
models/msg/pack_test.go,100.00
models/msg/process.go,100.00
models/msg/process_test.go,100.00
models/proto/tcp/process.go,100.00
models/proto/tcp/process_test.go,100.00
models/proto/tcp/tcp.go,100.00
models/proto/tcp/tcp_test.go,100.00
models/proto/udp/udp.go,95.68
models/proto/udp/udp_test.go,100.00
server/control.go,93.56
server/dashboard.go,92.21
server/dashboard_api.go,82.66
server/dashboard_view.go,100.00
server/manager.go,100.00
server/proxy.go,100.00
server/service.go,77.84
utils/crypto/crypto_test.go,100.00
utils/crypto/decode.go,100.00
utils/crypto/encode.go,100.00
utils/errors/errors.go,100.00
utils/net/conn.go,99.51
utils/net/tcp.go,100.00
utils/net/udp.go,100.00
utils/net/udp_test.go,100.00
utils/pool/pool_test.go,100.00
utils/shutdown/shutdown.go,100.00
utils/shutdown/shutdown_test.go,100.00
utils/util/util.go,68.12
utils/util/util_test.go,52.59
utils/version/version.go,93.65
utils/version/version_test.go,100.00
utils/vhost/http.go,100.00
utils/vhost/https.go,97.73
utils/vhost/router.go,100.00
utils/vhost/vhost.go,100.00
vendor/github.com/fatedier/beego/logs/console.go,100.00
vendor/github.com/fatedier/beego/logs/file.go,100.00
vendor/github.com/fatedier/beego/logs/jianliao.go,100.00
vendor/github.com/fatedier/beego/logs/log.go,100.00
vendor/github.com/fatedier/beego/logs/slack.go,100.00
vendor/github.com/golang/snappy/.gitignore,100.00
vendor/github.com/golang/snappy/AUTHORS,100.00
vendor/github.com/golang/snappy/CONTRIBUTORS,100.00
vendor/github.com/golang/snappy/LICENSE,100.00
vendor/github.com/golang/snappy/README,100.00
vendor/github.com/golang/snappy/decode.go,100.00
vendor/github.com/golang/snappy/encode.go,100.00
vendor/github.com/golang/snappy/snappy.go,100.00
vendor/golang.org/x/crypto/AUTHORS,100.00
vendor/golang.org/x/crypto/CONTRIBUTORS,100.00
vendor/golang.org/x/crypto/LICENSE,100.00
vendor/golang.org/x/crypto/PATENTS,100.00
vendor/golang.org/x/crypto/pbkdf2/pbkdf2.go,100.00
.github/ISSUE_TEMPLATE,100.00
tests/clean_test.sh,100.00
tests/conf/auto_test_frpc.ini,100.00
tests/conf/auto_test_frps.ini,100.00
tests/echo_server.go,100.00
tests/func_test.go,100.00
tests/http_server.go,100.00
tests/run_test.sh,100.00
server/metric.go,91.93
utils/metric/counter.go,83.33
utils/metric/date_counter.go,100.00
vendor/github.com/julienschmidt/httprouter/.travis.yml,100.00
vendor/github.com/julienschmidt/httprouter/LICENSE,100.00
vendor/github.com/julienschmidt/httprouter/README.md,100.00
vendor/github.com/julienschmidt/httprouter/path.go,100.00
vendor/github.com/julienschmidt/httprouter/router.go,100.00
vendor/github.com/julienschmidt/httprouter/tree.go,100.00
web/frps/.babelrc,100.00
web/frps/.gitignore,61.02
web/frps/Makefile,81.48
web/frps/package.json,80.90
web/frps/postcss.config.js,100.00
web/frps/src/App.vue,77.68
web/frps/src/components/Overview.vue,70.34
web/frps/src/components/ProxiesHttp.vue,82.07
web/frps/src/components/ProxiesHttps.vue,81.74
web/frps/src/components/ProxiesTcp.vue,81.69
web/frps/src/components/ProxiesUdp.vue,82.59
web/frps/src/components/Traffic.vue,83.62
web/frps/src/index.html,100.00
web/frps/src/main.js,86.90
web/frps/src/router/index.js,68.32
web/frps/src/utils/chart.js,67.16
web/frps/src/utils/less/custom.less,100.00
web/frps/src/utils/proxy.js,71.54
web/frps/src/vendor.js,100.00
web/frps/webpack.config.js,100.00
assets/static/index.js,100.00
assets/static/manifest.js,100.00
assets/static/vendor.js,100.00
utils/errors/errors_test.go,100.00
utils/metric/counter_test.go,100.00
utils/metric/date_counter_test.go,100.00
utils/pool/buf.go,100.00
vendor/github.com/pkg/errors/.gitignore,100.00
vendor/github.com/pkg/errors/.travis.yml,100.00
vendor/github.com/pkg/errors/LICENSE,100.00
vendor/github.com/pkg/errors/README.md,100.00
vendor/github.com/pkg/errors/appveyor.yml,100.00
vendor/github.com/pkg/errors/errors.go,100.00
vendor/github.com/pkg/errors/stack.go,100.00
vendor/github.com/xtaci/smux/.gitignore,100.00
vendor/github.com/xtaci/smux/.travis.yml,100.00
vendor/github.com/xtaci/smux/LICENSE,100.00
vendor/github.com/xtaci/smux/README.md,100.00
vendor/github.com/xtaci/smux/frame.go,100.00
vendor/github.com/xtaci/smux/mux.go,100.00
vendor/github.com/xtaci/smux/session.go,100.00
vendor/github.com/xtaci/smux/stream.go,100.00
models/plugin/plugin.go,100.00
models/plugin/unix_domain_socket.go,100.00
conf/frpc_full.ini,83.74
conf/frps_full.ini,81.25
models/plugin/http-proxy/config/config.json,100.00
models/plugin/http-proxy/proxy/config.go,100.00
models/plugin/http-proxy/proxy/proxy.go,100.00
models/plugin/http_proxy.go,100.00
utils/net/kcp.go,100.00
vendor/github.com/klauspost/cpuid/.gitignore,100.00
vendor/github.com/klauspost/cpuid/.travis.yml,100.00
vendor/github.com/klauspost/cpuid/LICENSE,100.00
vendor/github.com/klauspost/cpuid/README.md,100.00
vendor/github.com/klauspost/cpuid/cpuid.go,100.00
vendor/github.com/klauspost/cpuid/cpuid_386.s,100.00
vendor/github.com/klauspost/cpuid/cpuid_amd64.s,100.00
vendor/github.com/klauspost/cpuid/detect_intel.go,100.00
vendor/github.com/klauspost/cpuid/detect_ref.go,100.00
vendor/github.com/klauspost/cpuid/generate.go,100.00
vendor/github.com/klauspost/cpuid/private-gen.go,66.67
vendor/github.com/klauspost/reedsolomon/.gitignore,100.00
vendor/github.com/klauspost/reedsolomon/.travis.yml,100.00
vendor/github.com/klauspost/reedsolomon/LICENSE,100.00
vendor/github.com/klauspost/reedsolomon/README.md,100.00
vendor/github.com/klauspost/reedsolomon/appveyor.yml,100.00
vendor/github.com/klauspost/reedsolomon/galois.go,100.00
vendor/github.com/klauspost/reedsolomon/galois_amd64.go,100.00
vendor/github.com/klauspost/reedsolomon/galois_amd64.s,100.00
vendor/github.com/klauspost/reedsolomon/galois_noasm.go,100.00
vendor/github.com/klauspost/reedsolomon/gentables.go,66.67
vendor/github.com/klauspost/reedsolomon/inversion_tree.go,100.00
vendor/github.com/klauspost/reedsolomon/matrix.go,100.00
vendor/github.com/klauspost/reedsolomon/options.go,100.00
vendor/github.com/klauspost/reedsolomon/reedsolomon.go,100.00
vendor/github.com/klauspost/reedsolomon/streaming.go,100.00
vendor/github.com/xtaci/kcp-go/.gitignore,100.00
vendor/github.com/xtaci/kcp-go/.travis.yml,100.00
vendor/github.com/xtaci/kcp-go/LICENSE,100.00
vendor/github.com/xtaci/kcp-go/README.md,100.00
vendor/github.com/xtaci/kcp-go/crypt.go,100.00
vendor/github.com/xtaci/kcp-go/fec.go,100.00
vendor/github.com/xtaci/kcp-go/kcp.go,100.00
vendor/github.com/xtaci/kcp-go/sess.go,100.00
vendor/github.com/xtaci/kcp-go/snmp.go,100.00
vendor/github.com/xtaci/kcp-go/updater.go,100.00
vendor/github.com/xtaci/kcp-go/xor.go,100.00
vendor/golang.org/x/crypto/blowfish/block.go,100.00
vendor/golang.org/x/crypto/blowfish/cipher.go,100.00
vendor/golang.org/x/crypto/blowfish/const.go,100.00
vendor/golang.org/x/crypto/cast5/cast5.go,100.00
vendor/golang.org/x/crypto/salsa20/salsa/hsalsa20.go,100.00
vendor/golang.org/x/crypto/salsa20/salsa/salsa2020_amd64.s,100.00
vendor/golang.org/x/crypto/salsa20/salsa/salsa208.go,100.00
vendor/golang.org/x/crypto/salsa20/salsa/salsa20_amd64.go,100.00
vendor/golang.org/x/crypto/salsa20/salsa/salsa20_ref.go,100.00
vendor/golang.org/x/crypto/salsa20/salsa20.go,100.00
vendor/golang.org/x/crypto/tea/cipher.go,100.00
vendor/golang.org/x/crypto/twofish/twofish.go,100.00
vendor/golang.org/x/crypto/xtea/block.go,100.00
vendor/golang.org/x/crypto/xtea/cipher.go,100.00
vendor/golang.org/x/net/AUTHORS,100.00
vendor/golang.org/x/net/CONTRIBUTORS,100.00
vendor/golang.org/x/net/LICENSE,100.00
vendor/golang.org/x/net/PATENTS,100.00
vendor/golang.org/x/net/bpf/asm.go,100.00
vendor/golang.org/x/net/bpf/constants.go,100.00
vendor/golang.org/x/net/bpf/doc.go,100.00
vendor/golang.org/x/net/bpf/instructions.go,100.00
vendor/golang.org/x/net/internal/iana/const.go,100.00
vendor/golang.org/x/net/internal/iana/gen.go,50.58
vendor/golang.org/x/net/ipv4/bpfopt_linux.go,100.00
vendor/golang.org/x/net/ipv4/bpfopt_stub.go,100.00
vendor/golang.org/x/net/ipv4/control.go,100.00
vendor/golang.org/x/net/ipv4/control_bsd.go,100.00
vendor/golang.org/x/net/ipv4/control_pktinfo.go,100.00
vendor/golang.org/x/net/ipv4/control_stub.go,100.00
vendor/golang.org/x/net/ipv4/control_unix.go,100.00
vendor/golang.org/x/net/ipv4/control_windows.go,100.00
vendor/golang.org/x/net/ipv4/defs_darwin.go,54.97
vendor/golang.org/x/net/ipv4/defs_dragonfly.go,51.28
vendor/golang.org/x/net/ipv4/defs_freebsd.go,54.55
vendor/golang.org/x/net/ipv4/defs_linux.go,54.48
vendor/golang.org/x/net/ipv4/defs_netbsd.go,51.32
vendor/golang.org/x/net/ipv4/defs_openbsd.go,51.32
vendor/golang.org/x/net/ipv4/defs_solaris.go,56.48
vendor/golang.org/x/net/ipv4/dgramopt_posix.go,100.00
vendor/golang.org/x/net/ipv4/dgramopt_stub.go,100.00
vendor/golang.org/x/net/ipv4/doc.go,100.00
vendor/golang.org/x/net/ipv4/endpoint.go,100.00
vendor/golang.org/x/net/ipv4/gen.go,51.46
vendor/golang.org/x/net/ipv4/genericopt_posix.go,100.00
vendor/golang.org/x/net/ipv4/genericopt_stub.go,100.00
vendor/golang.org/x/net/ipv4/header.go,100.00
vendor/golang.org/x/net/ipv4/helper.go,100.00
vendor/golang.org/x/net/ipv4/helper_stub.go,100.00
vendor/golang.org/x/net/ipv4/helper_unix.go,100.00
vendor/golang.org/x/net/ipv4/helper_windows.go,100.00
vendor/golang.org/x/net/ipv4/iana.go,100.00
vendor/golang.org/x/net/ipv4/icmp.go,100.00
vendor/golang.org/x/net/ipv4/icmp_linux.go,100.00
vendor/golang.org/x/net/ipv4/icmp_stub.go,100.00
vendor/golang.org/x/net/ipv4/packet.go,100.00
vendor/golang.org/x/net/ipv4/payload.go,100.00
vendor/golang.org/x/net/ipv4/payload_cmsg.go,100.00
vendor/golang.org/x/net/ipv4/payload_nocmsg.go,100.00
vendor/golang.org/x/net/ipv4/sockopt.go,100.00
vendor/golang.org/x/net/ipv4/sockopt_asmreq.go,100.00
vendor/golang.org/x/net/ipv4/sockopt_asmreq_stub.go,100.00
vendor/golang.org/x/net/ipv4/sockopt_asmreq_unix.go,100.00
vendor/golang.org/x/net/ipv4/sockopt_asmreq_windows.go,100.00
vendor/golang.org/x/net/ipv4/sockopt_asmreqn_stub.go,100.00
vendor/golang.org/x/net/ipv4/sockopt_asmreqn_unix.go,100.00
vendor/golang.org/x/net/ipv4/sockopt_ssmreq_stub.go,100.00
vendor/golang.org/x/net/ipv4/sockopt_ssmreq_unix.go,100.00
vendor/golang.org/x/net/ipv4/sockopt_stub.go,100.00
vendor/golang.org/x/net/ipv4/sockopt_unix.go,100.00
vendor/golang.org/x/net/ipv4/sockopt_windows.go,100.00
vendor/golang.org/x/net/ipv4/sys_bsd.go,100.00
vendor/golang.org/x/net/ipv4/sys_darwin.go,100.00
vendor/golang.org/x/net/ipv4/sys_freebsd.go,100.00
vendor/golang.org/x/net/ipv4/sys_linux.go,100.00
vendor/golang.org/x/net/ipv4/sys_openbsd.go,100.00
vendor/golang.org/x/net/ipv4/sys_stub.go,100.00
vendor/golang.org/x/net/ipv4/sys_windows.go,100.00
vendor/golang.org/x/net/ipv4/syscall_linux_386.go,100.00
vendor/golang.org/x/net/ipv4/syscall_unix.go,100.00
vendor/golang.org/x/net/ipv4/thunk_linux_386.s,100.00
vendor/golang.org/x/net/ipv4/zsys_darwin.go,100.00
vendor/golang.org/x/net/ipv4/zsys_dragonfly.go,100.00
vendor/golang.org/x/net/ipv4/zsys_freebsd_386.go,100.00
vendor/golang.org/x/net/ipv4/zsys_freebsd_amd64.go,100.00
vendor/golang.org/x/net/ipv4/zsys_freebsd_arm.go,100.00
vendor/golang.org/x/net/ipv4/zsys_linux_386.go,100.00
vendor/golang.org/x/net/ipv4/zsys_linux_amd64.go,100.00
vendor/golang.org/x/net/ipv4/zsys_linux_arm.go,100.00
vendor/golang.org/x/net/ipv4/zsys_linux_arm64.go,100.00
vendor/golang.org/x/net/ipv4/zsys_linux_mips64.go,100.00
vendor/golang.org/x/net/ipv4/zsys_linux_mips64le.go,100.00
vendor/golang.org/x/net/ipv4/zsys_linux_ppc64.go,100.00
vendor/golang.org/x/net/ipv4/zsys_linux_ppc64le.go,100.00
vendor/golang.org/x/net/ipv4/zsys_linux_s390x.go,100.00
vendor/golang.org/x/net/ipv4/zsys_netbsd.go,100.00
vendor/golang.org/x/net/ipv4/zsys_openbsd.go,100.00
vendor/golang.org/x/net/ipv4/zsys_solaris.go,100.00
vendor/golang.org/x/net/bpf/vm.go,100.00
vendor/golang.org/x/net/bpf/vm_instructions.go,100.00
vendor/golang.org/x/net/internal/socket/cmsghdr.go,100.00
vendor/golang.org/x/net/internal/socket/cmsghdr_bsd.go,100.00
vendor/golang.org/x/net/internal/socket/cmsghdr_linux_32bit.go,100.00
vendor/golang.org/x/net/internal/socket/cmsghdr_linux_64bit.go,100.00
vendor/golang.org/x/net/internal/socket/cmsghdr_solaris_64bit.go,100.00
vendor/golang.org/x/net/internal/socket/cmsghdr_stub.go,100.00
vendor/golang.org/x/net/internal/socket/defs_darwin.go,55.00
vendor/golang.org/x/net/internal/socket/defs_dragonfly.go,55.00
vendor/golang.org/x/net/internal/socket/defs_freebsd.go,55.00
vendor/golang.org/x/net/internal/socket/defs_linux.go,54.44
vendor/golang.org/x/net/internal/socket/defs_netbsd.go,54.65
vendor/golang.org/x/net/internal/socket/defs_openbsd.go,55.00
vendor/golang.org/x/net/internal/socket/defs_solaris.go,55.00
vendor/golang.org/x/net/internal/socket/error_unix.go,100.00
vendor/golang.org/x/net/internal/socket/error_windows.go,100.00
vendor/golang.org/x/net/internal/socket/iovec_32bit.go,100.00
vendor/golang.org/x/net/internal/socket/iovec_64bit.go,100.00
vendor/golang.org/x/net/internal/socket/iovec_solaris_64bit.go,100.00
vendor/golang.org/x/net/internal/socket/iovec_stub.go,100.00
vendor/golang.org/x/net/internal/socket/mmsghdr_stub.go,100.00
vendor/golang.org/x/net/internal/socket/mmsghdr_unix.go,100.00
vendor/golang.org/x/net/internal/socket/msghdr_bsd.go,100.00
vendor/golang.org/x/net/internal/socket/msghdr_bsdvar.go,100.00
vendor/golang.org/x/net/internal/socket/msghdr_linux.go,100.00
vendor/golang.org/x/net/internal/socket/msghdr_linux_32bit.go,100.00
vendor/golang.org/x/net/internal/socket/msghdr_linux_64bit.go,100.00
vendor/golang.org/x/net/internal/socket/msghdr_openbsd.go,100.00
vendor/golang.org/x/net/internal/socket/msghdr_solaris_64bit.go,100.00
vendor/golang.org/x/net/internal/socket/msghdr_stub.go,100.00
vendor/golang.org/x/net/internal/socket/rawconn.go,100.00
vendor/golang.org/x/net/internal/socket/rawconn_mmsg.go,100.00
vendor/golang.org/x/net/internal/socket/rawconn_msg.go,100.00
vendor/golang.org/x/net/internal/socket/rawconn_nommsg.go,100.00
vendor/golang.org/x/net/internal/socket/rawconn_nomsg.go,100.00
vendor/golang.org/x/net/internal/socket/rawconn_stub.go,100.00
vendor/golang.org/x/net/internal/socket/reflect.go,100.00
vendor/golang.org/x/net/internal/socket/socket.go,100.00
vendor/golang.org/x/net/internal/socket/sys.go,100.00
vendor/golang.org/x/net/internal/socket/sys_bsd.go,100.00
vendor/golang.org/x/net/internal/socket/sys_bsdvar.go,100.00
vendor/golang.org/x/net/internal/socket/sys_darwin.go,100.00
vendor/golang.org/x/net/internal/socket/sys_dragonfly.go,100.00
vendor/golang.org/x/net/internal/socket/sys_linux.go,100.00
vendor/golang.org/x/net/internal/socket/sys_linux_386.go,100.00
vendor/golang.org/x/net/internal/socket/sys_linux_386.s,100.00
vendor/golang.org/x/net/internal/socket/sys_linux_amd64.go,100.00
vendor/golang.org/x/net/internal/socket/sys_linux_arm.go,100.00
vendor/golang.org/x/net/internal/socket/sys_linux_arm64.go,100.00
vendor/golang.org/x/net/internal/socket/sys_linux_mips.go,100.00
vendor/golang.org/x/net/internal/socket/sys_linux_mips64.go,100.00
vendor/golang.org/x/net/internal/socket/sys_linux_mips64le.go,100.00
vendor/golang.org/x/net/internal/socket/sys_linux_mipsle.go,100.00
vendor/golang.org/x/net/internal/socket/sys_linux_ppc64.go,100.00
vendor/golang.org/x/net/internal/socket/sys_linux_ppc64le.go,100.00
vendor/golang.org/x/net/internal/socket/sys_linux_s390x.go,100.00
vendor/golang.org/x/net/internal/socket/sys_linux_s390x.s,100.00
vendor/golang.org/x/net/internal/socket/sys_netbsd.go,100.00
vendor/golang.org/x/net/internal/socket/sys_posix.go,100.00
vendor/golang.org/x/net/internal/socket/sys_solaris.go,100.00
vendor/golang.org/x/net/internal/socket/sys_solaris_amd64.s,100.00
vendor/golang.org/x/net/internal/socket/sys_stub.go,100.00
vendor/golang.org/x/net/internal/socket/sys_unix.go,100.00
vendor/golang.org/x/net/internal/socket/sys_windows.go,100.00
vendor/golang.org/x/net/internal/socket/zsys_darwin_386.go,100.00
vendor/golang.org/x/net/internal/socket/zsys_darwin_amd64.go,100.00
vendor/golang.org/x/net/internal/socket/zsys_darwin_arm.go,100.00
vendor/golang.org/x/net/internal/socket/zsys_dragonfly_amd64.go,100.00
vendor/golang.org/x/net/internal/socket/zsys_freebsd_386.go,100.00
vendor/golang.org/x/net/internal/socket/zsys_freebsd_amd64.go,100.00
vendor/golang.org/x/net/internal/socket/zsys_freebsd_arm.go,100.00
vendor/golang.org/x/net/internal/socket/zsys_linux_386.go,100.00
vendor/golang.org/x/net/internal/socket/zsys_linux_amd64.go,100.00
vendor/golang.org/x/net/internal/socket/zsys_linux_arm.go,100.00
vendor/golang.org/x/net/internal/socket/zsys_linux_arm64.go,100.00
vendor/golang.org/x/net/internal/socket/zsys_linux_mips.go,100.00
vendor/golang.org/x/net/internal/socket/zsys_linux_mips64.go,100.00
vendor/golang.org/x/net/internal/socket/zsys_linux_mips64le.go,100.00
vendor/golang.org/x/net/internal/socket/zsys_linux_mipsle.go,100.00
vendor/golang.org/x/net/internal/socket/zsys_linux_ppc64.go,100.00
vendor/golang.org/x/net/internal/socket/zsys_linux_ppc64le.go,100.00
vendor/golang.org/x/net/internal/socket/zsys_linux_s390x.go,100.00
vendor/golang.org/x/net/internal/socket/zsys_netbsd_386.go,100.00
vendor/golang.org/x/net/internal/socket/zsys_netbsd_amd64.go,100.00
vendor/golang.org/x/net/internal/socket/zsys_netbsd_arm.go,100.00
vendor/golang.org/x/net/internal/socket/zsys_openbsd_386.go,100.00
vendor/golang.org/x/net/internal/socket/zsys_openbsd_amd64.go,100.00
vendor/golang.org/x/net/internal/socket/zsys_openbsd_arm.go,100.00
vendor/golang.org/x/net/internal/socket/zsys_solaris_amd64.go,100.00
vendor/golang.org/x/net/ipv4/batch.go,100.00
vendor/golang.org/x/net/ipv4/dgramopt.go,100.00
vendor/golang.org/x/net/ipv4/genericopt.go,100.00
vendor/golang.org/x/net/ipv4/packet_go1_8.go,100.00
vendor/golang.org/x/net/ipv4/packet_go1_9.go,100.00
vendor/golang.org/x/net/ipv4/payload_cmsg_go1_8.go,100.00
vendor/golang.org/x/net/ipv4/payload_cmsg_go1_9.go,100.00
vendor/golang.org/x/net/ipv4/sockopt_posix.go,100.00
vendor/golang.org/x/net/ipv4/sys_asmreq.go,100.00
vendor/golang.org/x/net/ipv4/sys_asmreq_stub.go,100.00
vendor/golang.org/x/net/ipv4/sys_asmreqn.go,100.00
vendor/golang.org/x/net/ipv4/sys_asmreqn_stub.go,100.00
vendor/golang.org/x/net/ipv4/sys_bpf.go,100.00
vendor/golang.org/x/net/ipv4/sys_bpf_stub.go,100.00
vendor/golang.org/x/net/ipv4/sys_dragonfly.go,100.00
vendor/golang.org/x/net/ipv4/sys_solaris.go,100.00
vendor/golang.org/x/net/ipv4/sys_ssmreq.go,100.00
vendor/golang.org/x/net/ipv4/sys_ssmreq_stub.go,100.00
vendor/golang.org/x/net/ipv4/zsys_linux_mips.go,100.00
vendor/golang.org/x/net/ipv4/zsys_linux_mipsle.go,100.00
vendor/golang.org/x/net/ipv4/zsys_linux_ppc.go,100.00
utils/io/io.go,100.00
utils/io/io_test.go,100.00
utils/pool/snappy.go,100.00
utils/net/listener.go,100.00
utils/vhost/resource.go,99.04
client/vistor.go,100.00
models/plugin/socks5.go,100.00
vendor/github.com/armon/go-socks5/.gitignore,100.00
vendor/github.com/armon/go-socks5/.travis.yml,100.00
vendor/github.com/armon/go-socks5/LICENSE,100.00
vendor/github.com/armon/go-socks5/README.md,100.00
vendor/github.com/armon/go-socks5/auth.go,100.00
vendor/github.com/armon/go-socks5/credentials.go,100.00
vendor/github.com/armon/go-socks5/request.go,100.00
vendor/github.com/armon/go-socks5/resolver.go,100.00
vendor/github.com/armon/go-socks5/ruleset.go,100.00
vendor/github.com/armon/go-socks5/socks5.go,100.00
vendor/golang.org/x/net/context/context.go,100.00
vendor/golang.org/x/net/context/go17.go,100.00
vendor/golang.org/x/net/context/pre_go17.go,100.00
client/admin.go,98.35
client/admin_api.go,94.65
utils/net/http.go,100.00
Dockerfile_multiple_build,95.45
server/nathole.go,100.00
vendor/github.com/fatedier/kcp-go/.gitignore,100.00
vendor/github.com/fatedier/kcp-go/.travis.yml,100.00
vendor/github.com/fatedier/kcp-go/LICENSE,100.00
vendor/github.com/fatedier/kcp-go/README.md,100.00
vendor/github.com/fatedier/kcp-go/crypt.go,100.00
vendor/github.com/fatedier/kcp-go/fec.go,100.00
vendor/github.com/fatedier/kcp-go/kcp.go,100.00
vendor/github.com/fatedier/kcp-go/sess.go,100.00
vendor/github.com/fatedier/kcp-go/snmp.go,100.00
vendor/github.com/fatedier/kcp-go/updater.go,100.00
vendor/github.com/fatedier/kcp-go/xor.go,100.00
vendor/github.com/templexxx/cpufeat/.gitignore,100.00
vendor/github.com/templexxx/cpufeat/LICENSE,100.00
vendor/github.com/templexxx/cpufeat/cpu.go,100.00
vendor/github.com/templexxx/cpufeat/cpu_arm.go,100.00
vendor/github.com/templexxx/cpufeat/cpu_arm64.go,100.00
vendor/github.com/templexxx/cpufeat/cpu_mips.go,100.00
vendor/github.com/templexxx/cpufeat/cpu_mips64.go,100.00
vendor/github.com/templexxx/cpufeat/cpu_mips64le.go,100.00
vendor/github.com/templexxx/cpufeat/cpu_mipsle.go,100.00
vendor/github.com/templexxx/cpufeat/cpu_ppc64.go,100.00
vendor/github.com/templexxx/cpufeat/cpu_ppc64le.go,100.00
vendor/github.com/templexxx/cpufeat/cpu_s390x.go,100.00
vendor/github.com/templexxx/cpufeat/cpu_x86.go,100.00
vendor/github.com/templexxx/cpufeat/cpu_x86.s,100.00
vendor/github.com/templexxx/reedsolomon/.gitignore,100.00
vendor/github.com/templexxx/reedsolomon/.travis.yml,100.00
vendor/github.com/templexxx/reedsolomon/LICENSE,100.00
vendor/github.com/templexxx/reedsolomon/README.md,100.00
vendor/github.com/templexxx/reedsolomon/matrix.go,100.00
vendor/github.com/templexxx/reedsolomon/rs.go,100.00
vendor/github.com/templexxx/reedsolomon/rs_amd64.go,100.00
vendor/github.com/templexxx/reedsolomon/rs_amd64.s,100.00
vendor/github.com/templexxx/reedsolomon/rs_other.go,100.00
vendor/github.com/templexxx/reedsolomon/tbl.go,100.00
vendor/github.com/templexxx/xor/.gitattributes,100.00
vendor/github.com/templexxx/xor/.gitignore,100.00
vendor/github.com/templexxx/xor/LICENSE,100.00
vendor/github.com/templexxx/xor/README.md,100.00
vendor/github.com/templexxx/xor/avx2_amd64.s,100.00
vendor/github.com/templexxx/xor/nosimd.go,100.00
vendor/github.com/templexxx/xor/sse2_amd64.s,100.00
vendor/github.com/templexxx/xor/xor.go,100.00
vendor/github.com/templexxx/xor/xor_amd64.go,100.00
vendor/github.com/templexxx/xor/xor_other.go,100.00
vendor/github.com/tjfoc/gmsm/LICENSE,100.00
vendor/github.com/tjfoc/gmsm/sm4/sm4.go,100.00
glide.lock,100.00
glide.yaml,100.00
vendor/github.com/armon/go-socks5/auth_test.go,100.00
vendor/github.com/armon/go-socks5/credentials_test.go,100.00
vendor/github.com/armon/go-socks5/request_test.go,100.00
vendor/github.com/armon/go-socks5/resolver_test.go,100.00
vendor/github.com/armon/go-socks5/ruleset_test.go,100.00
vendor/github.com/armon/go-socks5/socks5_test.go,100.00
vendor/github.com/davecgh/go-spew/.gitignore,100.00
vendor/github.com/davecgh/go-spew/.travis.yml,100.00
vendor/github.com/davecgh/go-spew/README.md,100.00
vendor/github.com/davecgh/go-spew/cov_report.sh,100.00
vendor/github.com/davecgh/go-spew/spew/common_test.go,100.00
vendor/github.com/davecgh/go-spew/spew/dump_test.go,100.00
vendor/github.com/davecgh/go-spew/spew/dumpcgo_test.go,100.00
vendor/github.com/davecgh/go-spew/spew/dumpnocgo_test.go,100.00
vendor/github.com/davecgh/go-spew/spew/example_test.go,100.00
vendor/github.com/davecgh/go-spew/spew/format_test.go,100.00
vendor/github.com/davecgh/go-spew/spew/internal_test.go,100.00
vendor/github.com/davecgh/go-spew/spew/internalunsafe_test.go,100.00
vendor/github.com/davecgh/go-spew/spew/spew_test.go,100.00
vendor/github.com/davecgh/go-spew/spew/testdata/dumpcgo.go,100.00
vendor/github.com/davecgh/go-spew/test_coverage.txt,100.00
vendor/github.com/docopt/docopt-go/docopt_test.go,100.00
vendor/github.com/docopt/docopt-go/example_test.go,100.00
vendor/github.com/docopt/docopt-go/examples/arguments/arguments_example.go,100.00
vendor/github.com/docopt/docopt-go/examples/calculator/calculator_example.go,100.00
vendor/github.com/docopt/docopt-go/examples/config_file/config_file_example.go,100.00
vendor/github.com/docopt/docopt-go/examples/counted/counted_example.go,100.00
vendor/github.com/docopt/docopt-go/examples/git/branch/git_branch.go,100.00
vendor/github.com/docopt/docopt-go/examples/git/checkout/git_checkout.go,100.00
vendor/github.com/docopt/docopt-go/examples/git/clone/git_clone.go,100.00
vendor/github.com/docopt/docopt-go/examples/git/git.go,100.00
vendor/github.com/docopt/docopt-go/examples/git/push/git_push.go,100.00
vendor/github.com/docopt/docopt-go/examples/git/remote/git_remote.go,100.00
vendor/github.com/docopt/docopt-go/examples/naval_fate/naval_fate.go,100.00
vendor/github.com/docopt/docopt-go/examples/odd_even/odd_even_example.go,100.00
vendor/github.com/docopt/docopt-go/examples/options/options_example.go,100.00
vendor/github.com/docopt/docopt-go/examples/options_shortcut/options_shortcut_example.go,100.00
vendor/github.com/docopt/docopt-go/examples/quick/quick_example.go,100.00
vendor/github.com/docopt/docopt-go/examples/type_assert/type_assert_example.go,100.00
vendor/github.com/fatedier/beego/.github/ISSUE_TEMPLATE,100.00
vendor/github.com/fatedier/beego/.gitignore,100.00
vendor/github.com/fatedier/beego/.travis.yml,100.00
vendor/github.com/fatedier/beego/CONTRIBUTING.md,100.00
vendor/github.com/fatedier/beego/README.md,100.00
vendor/github.com/fatedier/beego/admin.go,100.00
vendor/github.com/fatedier/beego/admin_test.go,100.00
vendor/github.com/fatedier/beego/adminui.go,100.00
vendor/github.com/fatedier/beego/app.go,100.00
vendor/github.com/fatedier/beego/beego.go,100.00
vendor/github.com/fatedier/beego/cache/README.md,100.00
vendor/github.com/fatedier/beego/cache/cache.go,100.00
vendor/github.com/fatedier/beego/cache/cache_test.go,100.00
vendor/github.com/fatedier/beego/cache/conv.go,100.00
vendor/github.com/fatedier/beego/cache/conv_test.go,100.00
vendor/github.com/fatedier/beego/cache/file.go,100.00
vendor/github.com/fatedier/beego/cache/memcache/memcache.go,100.00
vendor/github.com/fatedier/beego/cache/memcache/memcache_test.go,100.00
vendor/github.com/fatedier/beego/cache/memory.go,100.00
vendor/github.com/fatedier/beego/cache/redis/redis.go,100.00
vendor/github.com/fatedier/beego/cache/redis/redis_test.go,100.00
vendor/github.com/fatedier/beego/cache/ssdb/ssdb.go,100.00
vendor/github.com/fatedier/beego/cache/ssdb/ssdb_test.go,100.00
vendor/github.com/fatedier/beego/config.go,100.00
vendor/github.com/fatedier/beego/config/config.go,100.00
vendor/github.com/fatedier/beego/config/config_test.go,100.00
vendor/github.com/fatedier/beego/config/env/env.go,100.00
vendor/github.com/fatedier/beego/config/env/env_test.go,100.00
vendor/github.com/fatedier/beego/config/fake.go,100.00
vendor/github.com/fatedier/beego/config/ini.go,100.00
vendor/github.com/fatedier/beego/config/ini_test.go,100.00
vendor/github.com/fatedier/beego/config/json.go,100.00
vendor/github.com/fatedier/beego/config/json_test.go,100.00
vendor/github.com/fatedier/beego/config/xml/xml.go,100.00
vendor/github.com/fatedier/beego/config/xml/xml_test.go,100.00
vendor/github.com/fatedier/beego/config/yaml/yaml.go,100.00
vendor/github.com/fatedier/beego/config/yaml/yaml_test.go,100.00
vendor/github.com/fatedier/beego/config_test.go,100.00
vendor/github.com/fatedier/beego/context/acceptencoder.go,100.00
vendor/github.com/fatedier/beego/context/acceptencoder_test.go,100.00
vendor/github.com/fatedier/beego/context/context.go,100.00
vendor/github.com/fatedier/beego/context/context_test.go,100.00
vendor/github.com/fatedier/beego/context/input.go,100.00
vendor/github.com/fatedier/beego/context/input_test.go,100.00
vendor/github.com/fatedier/beego/context/output.go,100.00
vendor/github.com/fatedier/beego/controller.go,100.00
vendor/github.com/fatedier/beego/controller_test.go,100.00
vendor/github.com/fatedier/beego/doc.go,100.00
vendor/github.com/fatedier/beego/error.go,100.00
vendor/github.com/fatedier/beego/error_test.go,100.00
vendor/github.com/fatedier/beego/filter.go,100.00
vendor/github.com/fatedier/beego/filter_test.go,100.00
vendor/github.com/fatedier/beego/flash.go,100.00
vendor/github.com/fatedier/beego/flash_test.go,100.00
vendor/github.com/fatedier/beego/grace/conn.go,100.00
vendor/github.com/fatedier/beego/grace/grace.go,100.00
vendor/github.com/fatedier/beego/grace/listener.go,100.00
vendor/github.com/fatedier/beego/grace/server.go,100.00
vendor/github.com/fatedier/beego/hooks.go,100.00
vendor/github.com/fatedier/beego/httplib/README.md,100.00
vendor/github.com/fatedier/beego/httplib/httplib.go,100.00
vendor/github.com/fatedier/beego/httplib/httplib_test.go,100.00
vendor/github.com/fatedier/beego/log.go,100.00
vendor/github.com/fatedier/beego/logs/alils/alils.go,100.00
vendor/github.com/fatedier/beego/logs/alils/config.go,100.00
vendor/github.com/fatedier/beego/logs/alils/log.pb.go,100.00
vendor/github.com/fatedier/beego/logs/alils/log_config.go,100.00
vendor/github.com/fatedier/beego/logs/alils/log_project.go,100.00
vendor/github.com/fatedier/beego/logs/alils/log_store.go,100.00
vendor/github.com/fatedier/beego/logs/alils/machine_group.go,100.00
vendor/github.com/fatedier/beego/logs/alils/request.go,100.00
vendor/github.com/fatedier/beego/logs/alils/signature.go,100.00
vendor/github.com/fatedier/beego/logs/color_windows_test.go,100.00
vendor/github.com/fatedier/beego/logs/conn_test.go,100.00
vendor/github.com/fatedier/beego/logs/console_test.go,100.00
vendor/github.com/fatedier/beego/logs/es/es.go,100.00
vendor/github.com/fatedier/beego/logs/file_test.go,100.00
vendor/github.com/fatedier/beego/logs/logger_test.go,100.00
vendor/github.com/fatedier/beego/logs/multifile_test.go,100.00
vendor/github.com/fatedier/beego/logs/smtp_test.go,100.00
vendor/github.com/fatedier/beego/migration/ddl.go,100.00
vendor/github.com/fatedier/beego/migration/migration.go,100.00
vendor/github.com/fatedier/beego/mime.go,100.00
vendor/github.com/fatedier/beego/namespace.go,100.00
vendor/github.com/fatedier/beego/namespace_test.go,100.00
vendor/github.com/fatedier/beego/orm/README.md,100.00
vendor/github.com/fatedier/beego/orm/cmd.go,100.00
vendor/github.com/fatedier/beego/orm/cmd_utils.go,100.00
vendor/github.com/fatedier/beego/orm/db.go,100.00
vendor/github.com/fatedier/beego/orm/db_alias.go,100.00
vendor/github.com/fatedier/beego/orm/db_mysql.go,100.00
vendor/github.com/fatedier/beego/orm/db_oracle.go,100.00
vendor/github.com/fatedier/beego/orm/db_postgres.go,100.00
vendor/github.com/fatedier/beego/orm/db_sqlite.go,100.00
vendor/github.com/fatedier/beego/orm/db_tables.go,100.00
vendor/github.com/fatedier/beego/orm/db_tidb.go,100.00
vendor/github.com/fatedier/beego/orm/db_utils.go,100.00
vendor/github.com/fatedier/beego/orm/models.go,100.00
vendor/github.com/fatedier/beego/orm/models_boot.go,100.00
vendor/github.com/fatedier/beego/orm/models_fields.go,100.00
vendor/github.com/fatedier/beego/orm/models_info_f.go,100.00
vendor/github.com/fatedier/beego/orm/models_info_m.go,100.00
vendor/github.com/fatedier/beego/orm/models_test.go,100.00
vendor/github.com/fatedier/beego/orm/models_utils.go,100.00
vendor/github.com/fatedier/beego/orm/orm.go,100.00
vendor/github.com/fatedier/beego/orm/orm_conds.go,100.00
vendor/github.com/fatedier/beego/orm/orm_log.go,100.00
vendor/github.com/fatedier/beego/orm/orm_object.go,100.00
vendor/github.com/fatedier/beego/orm/orm_querym2m.go,100.00
vendor/github.com/fatedier/beego/orm/orm_queryset.go,100.00
vendor/github.com/fatedier/beego/orm/orm_raw.go,100.00
vendor/github.com/fatedier/beego/orm/orm_test.go,100.00
vendor/github.com/fatedier/beego/orm/qb.go,100.00
vendor/github.com/fatedier/beego/orm/qb_mysql.go,100.00
vendor/github.com/fatedier/beego/orm/qb_tidb.go,100.00
vendor/github.com/fatedier/beego/orm/types.go,100.00
vendor/github.com/fatedier/beego/orm/utils.go,100.00
vendor/github.com/fatedier/beego/orm/utils_test.go,100.00
vendor/github.com/fatedier/beego/parser.go,100.00
vendor/github.com/fatedier/beego/plugins/apiauth/apiauth.go,100.00
vendor/github.com/fatedier/beego/plugins/apiauth/apiauth_test.go,100.00
vendor/github.com/fatedier/beego/plugins/auth/basic.go,100.00
vendor/github.com/fatedier/beego/plugins/cors/cors.go,100.00
vendor/github.com/fatedier/beego/plugins/cors/cors_test.go,100.00
vendor/github.com/fatedier/beego/policy.go,100.00
vendor/github.com/fatedier/beego/router.go,100.00
vendor/github.com/fatedier/beego/router_test.go,100.00
vendor/github.com/fatedier/beego/session/README.md,100.00
vendor/github.com/fatedier/beego/session/couchbase/sess_couchbase.go,100.00
vendor/github.com/fatedier/beego/session/ledis/ledis_session.go,100.00
vendor/github.com/fatedier/beego/session/memcache/sess_memcache.go,100.00
vendor/github.com/fatedier/beego/session/mysql/sess_mysql.go,100.00
vendor/github.com/fatedier/beego/session/postgres/sess_postgresql.go,100.00
vendor/github.com/fatedier/beego/session/redis/sess_redis.go,100.00
vendor/github.com/fatedier/beego/session/sess_cookie.go,100.00
vendor/github.com/fatedier/beego/session/sess_cookie_test.go,100.00
vendor/github.com/fatedier/beego/session/sess_file.go,100.00
vendor/github.com/fatedier/beego/session/sess_mem.go,100.00
vendor/github.com/fatedier/beego/session/sess_mem_test.go,100.00
vendor/github.com/fatedier/beego/session/sess_test.go,100.00
vendor/github.com/fatedier/beego/session/sess_utils.go,100.00
vendor/github.com/fatedier/beego/session/session.go,100.00
vendor/github.com/fatedier/beego/session/ssdb/sess_ssdb.go,100.00
vendor/github.com/fatedier/beego/staticfile.go,100.00
vendor/github.com/fatedier/beego/staticfile_test.go,100.00
vendor/github.com/fatedier/beego/swagger/swagger.go,100.00
vendor/github.com/fatedier/beego/template.go,100.00
vendor/github.com/fatedier/beego/template_test.go,100.00
vendor/github.com/fatedier/beego/templatefunc.go,100.00
vendor/github.com/fatedier/beego/templatefunc_test.go,100.00
vendor/github.com/fatedier/beego/testing/assertions.go,100.00
vendor/github.com/fatedier/beego/testing/client.go,100.00
vendor/github.com/fatedier/beego/toolbox/healthcheck.go,100.00
vendor/github.com/fatedier/beego/toolbox/profile.go,100.00
vendor/github.com/fatedier/beego/toolbox/profile_test.go,100.00
vendor/github.com/fatedier/beego/toolbox/statistics.go,100.00
vendor/github.com/fatedier/beego/toolbox/statistics_test.go,100.00
vendor/github.com/fatedier/beego/toolbox/task.go,100.00
vendor/github.com/fatedier/beego/toolbox/task_test.go,100.00
vendor/github.com/fatedier/beego/tree.go,100.00
vendor/github.com/fatedier/beego/tree_test.go,100.00
vendor/github.com/fatedier/beego/utils/caller.go,100.00
vendor/github.com/fatedier/beego/utils/caller_test.go,100.00
vendor/github.com/fatedier/beego/utils/captcha/LICENSE,100.00
vendor/github.com/fatedier/beego/utils/captcha/README.md,100.00
vendor/github.com/fatedier/beego/utils/captcha/captcha.go,100.00
vendor/github.com/fatedier/beego/utils/captcha/image.go,100.00
vendor/github.com/fatedier/beego/utils/captcha/image_test.go,100.00
vendor/github.com/fatedier/beego/utils/captcha/siprng.go,100.00
vendor/github.com/fatedier/beego/utils/captcha/siprng_test.go,100.00
vendor/github.com/fatedier/beego/utils/debug.go,100.00
vendor/github.com/fatedier/beego/utils/debug_test.go,100.00
vendor/github.com/fatedier/beego/utils/file.go,100.00
vendor/github.com/fatedier/beego/utils/file_test.go,100.00
vendor/github.com/fatedier/beego/utils/mail.go,100.00
vendor/github.com/fatedier/beego/utils/mail_test.go,100.00
vendor/github.com/fatedier/beego/utils/pagination/controller.go,100.00
vendor/github.com/fatedier/beego/utils/pagination/doc.go,100.00
vendor/github.com/fatedier/beego/utils/pagination/paginator.go,100.00
vendor/github.com/fatedier/beego/utils/pagination/utils.go,100.00
vendor/github.com/fatedier/beego/utils/rand.go,100.00
vendor/github.com/fatedier/beego/utils/rand_test.go,100.00
vendor/github.com/fatedier/beego/utils/safemap.go,100.00
vendor/github.com/fatedier/beego/utils/safemap_test.go,100.00
vendor/github.com/fatedier/beego/utils/slice.go,100.00
vendor/github.com/fatedier/beego/utils/slice_test.go,100.00
vendor/github.com/fatedier/beego/validation/README.md,100.00
vendor/github.com/fatedier/beego/validation/util.go,100.00
vendor/github.com/fatedier/beego/validation/util_test.go,100.00
vendor/github.com/fatedier/beego/validation/validation.go,100.00
vendor/github.com/fatedier/beego/validation/validation_test.go,100.00
vendor/github.com/fatedier/beego/validation/validators.go,100.00
vendor/github.com/fatedier/kcp-go/crypt_test.go,100.00
vendor/github.com/fatedier/kcp-go/kcp_test.go,100.00
vendor/github.com/fatedier/kcp-go/sess_test.go,100.00
vendor/github.com/fatedier/kcp-go/xor_test.go,100.00
vendor/github.com/golang/snappy/snappy_test.go,100.00
vendor/github.com/julienschmidt/httprouter/path_test.go,100.00
vendor/github.com/julienschmidt/httprouter/router_test.go,100.00
vendor/github.com/julienschmidt/httprouter/tree_test.go,100.00
vendor/github.com/klauspost/cpuid/cpuid_test.go,100.00
vendor/github.com/klauspost/cpuid/mockcpu_test.go,100.00
vendor/github.com/klauspost/cpuid/private/README.md,100.00
vendor/github.com/klauspost/cpuid/private/cpuid.go,100.00
vendor/github.com/klauspost/cpuid/private/cpuid_386.s,100.00
vendor/github.com/klauspost/cpuid/private/cpuid_amd64.s,100.00
vendor/github.com/klauspost/cpuid/private/cpuid_detect_intel.go,100.00
vendor/github.com/klauspost/cpuid/private/cpuid_detect_ref.go,100.00
vendor/github.com/klauspost/cpuid/private/cpuid_test.go,100.00
vendor/github.com/klauspost/cpuid/testdata/getall.go,100.00
vendor/github.com/klauspost/reedsolomon/examples/README.md,100.00
vendor/github.com/klauspost/reedsolomon/examples/simple-decoder.go,100.00
vendor/github.com/klauspost/reedsolomon/examples/simple-encoder.go,100.00
vendor/github.com/klauspost/reedsolomon/examples/stream-decoder.go,100.00
vendor/github.com/klauspost/reedsolomon/examples/stream-encoder.go,100.00
vendor/github.com/klauspost/reedsolomon/examples_test.go,100.00
vendor/github.com/klauspost/reedsolomon/galois_test.go,100.00
vendor/github.com/klauspost/reedsolomon/inversion_tree_test.go,100.00
vendor/github.com/klauspost/reedsolomon/matrix_test.go,100.00
vendor/github.com/klauspost/reedsolomon/reedsolomon_test.go,100.00
vendor/github.com/klauspost/reedsolomon/streaming_test.go,100.00
vendor/github.com/pkg/errors/bench_test.go,100.00
vendor/github.com/pkg/errors/errors_test.go,100.00
vendor/github.com/pkg/errors/example_test.go,100.00
vendor/github.com/pkg/errors/format_test.go,100.00
vendor/github.com/pkg/errors/stack_test.go,100.00
vendor/github.com/pmezard/go-difflib/.travis.yml,100.00
vendor/github.com/pmezard/go-difflib/README.md,100.00
vendor/github.com/pmezard/go-difflib/difflib/difflib_test.go,100.00
vendor/github.com/rakyll/statik/.travis.yml,100.00
vendor/github.com/rakyll/statik/README.md,100.00
vendor/github.com/rakyll/statik/example/README.md,100.00
vendor/github.com/rakyll/statik/example/main.go,100.00
vendor/github.com/rakyll/statik/example/public/hello.txt,100.00
vendor/github.com/rakyll/statik/statik.go,100.00
vendor/github.com/stretchr/testify/.gitignore,100.00
vendor/github.com/stretchr/testify/.travis.yml,100.00
vendor/github.com/stretchr/testify/Godeps/Godeps.json,100.00
vendor/github.com/stretchr/testify/README.md,100.00
vendor/github.com/stretchr/testify/_codegen/main.go,100.00
vendor/github.com/stretchr/testify/assert/assertions_test.go,100.00
vendor/github.com/stretchr/testify/assert/forward_assertions_test.go,100.00
vendor/github.com/stretchr/testify/assert/http_assertions_test.go,100.00
vendor/github.com/stretchr/testify/doc.go,100.00
vendor/github.com/stretchr/testify/http/doc.go,100.00
vendor/github.com/stretchr/testify/http/test_response_writer.go,100.00
vendor/github.com/stretchr/testify/http/test_round_tripper.go,100.00
vendor/github.com/stretchr/testify/mock/doc.go,100.00
vendor/github.com/stretchr/testify/mock/mock.go,100.00
vendor/github.com/stretchr/testify/mock/mock_test.go,100.00
vendor/github.com/stretchr/testify/package_test.go,100.00
vendor/github.com/stretchr/testify/require/doc.go,100.00
vendor/github.com/stretchr/testify/require/forward_requirements.go,100.00
vendor/github.com/stretchr/testify/require/forward_requirements_test.go,100.00
vendor/github.com/stretchr/testify/require/require.go,100.00
vendor/github.com/stretchr/testify/require/require.go.tmpl,100.00
vendor/github.com/stretchr/testify/require/require_forward.go,100.00
vendor/github.com/stretchr/testify/require/require_forward.go.tmpl,100.00
vendor/github.com/stretchr/testify/require/requirements.go,100.00
vendor/github.com/stretchr/testify/require/requirements_test.go,100.00
vendor/github.com/stretchr/testify/suite/doc.go,100.00
vendor/github.com/stretchr/testify/suite/interfaces.go,100.00
vendor/github.com/stretchr/testify/suite/suite.go,100.00
vendor/github.com/stretchr/testify/suite/suite_test.go,100.00
vendor/github.com/stretchr/testify/vendor/github.com/davecgh/go-spew/LICENSE,100.00
vendor/github.com/stretchr/testify/vendor/github.com/davecgh/go-spew/spew/bypass.go,100.00
vendor/github.com/stretchr/testify/vendor/github.com/davecgh/go-spew/spew/bypasssafe.go,100.00
vendor/github.com/stretchr/testify/vendor/github.com/davecgh/go-spew/spew/common.go,100.00
vendor/github.com/stretchr/testify/vendor/github.com/davecgh/go-spew/spew/config.go,100.00
vendor/github.com/stretchr/testify/vendor/github.com/davecgh/go-spew/spew/doc.go,100.00
vendor/github.com/stretchr/testify/vendor/github.com/davecgh/go-spew/spew/dump.go,100.00
vendor/github.com/stretchr/testify/vendor/github.com/davecgh/go-spew/spew/format.go,100.00
vendor/github.com/stretchr/testify/vendor/github.com/davecgh/go-spew/spew/spew.go,100.00
vendor/github.com/stretchr/testify/vendor/github.com/pmezard/go-difflib/LICENSE,100.00
vendor/github.com/stretchr/testify/vendor/github.com/pmezard/go-difflib/difflib/difflib.go,100.00
vendor/github.com/stretchr/testify/vendor/github.com/stretchr/objx/.gitignore,100.00
vendor/github.com/stretchr/testify/vendor/github.com/stretchr/objx/LICENSE.md,100.00
vendor/github.com/stretchr/testify/vendor/github.com/stretchr/objx/README.md,100.00
vendor/github.com/stretchr/testify/vendor/github.com/stretchr/objx/accessors.go,100.00
vendor/github.com/stretchr/testify/vendor/github.com/stretchr/objx/codegen/array-access.txt,100.00
vendor/github.com/stretchr/testify/vendor/github.com/stretchr/objx/codegen/index.html,100.00
vendor/github.com/stretchr/testify/vendor/github.com/stretchr/objx/codegen/template.txt,100.00
vendor/github.com/stretchr/testify/vendor/github.com/stretchr/objx/codegen/types_list.txt,100.00
vendor/github.com/stretchr/testify/vendor/github.com/stretchr/objx/constants.go,100.00
vendor/github.com/stretchr/testify/vendor/github.com/stretchr/objx/conversions.go,100.00
vendor/github.com/stretchr/testify/vendor/github.com/stretchr/objx/doc.go,100.00
vendor/github.com/stretchr/testify/vendor/github.com/stretchr/objx/map.go,100.00
vendor/github.com/stretchr/testify/vendor/github.com/stretchr/objx/mutations.go,100.00
vendor/github.com/stretchr/testify/vendor/github.com/stretchr/objx/security.go,100.00
vendor/github.com/stretchr/testify/vendor/github.com/stretchr/objx/tests.go,100.00
vendor/github.com/stretchr/testify/vendor/github.com/stretchr/objx/type_specific_codegen.go,100.00
vendor/github.com/stretchr/testify/vendor/github.com/stretchr/objx/value.go,100.00
vendor/github.com/templexxx/cpufeat/cpu_test.go,100.00
vendor/github.com/templexxx/reedsolomon/mathtool/cntinverse.go,100.00
vendor/github.com/templexxx/reedsolomon/mathtool/gentbls.go,100.00
vendor/github.com/templexxx/reedsolomon/matrix_test.go,100.00
vendor/github.com/templexxx/reedsolomon/rs_test.go,100.00
vendor/github.com/templexxx/xor/xor_test.go,100.00
vendor/github.com/tjfoc/gmsm/.travis.yml,100.00
vendor/github.com/tjfoc/gmsm/CHANGELOG.md,100.00
vendor/github.com/tjfoc/gmsm/README.md,100.00
vendor/github.com/tjfoc/gmsm/sm2/cert_pool.go,100.00
vendor/github.com/tjfoc/gmsm/sm2/p256.go,100.00
vendor/github.com/tjfoc/gmsm/sm2/pkcs1.go,100.00
vendor/github.com/tjfoc/gmsm/sm2/pkcs8.go,100.00
vendor/github.com/tjfoc/gmsm/sm2/sm2.go,100.00
vendor/github.com/tjfoc/gmsm/sm2/sm2_test.go,100.00
vendor/github.com/tjfoc/gmsm/sm2/verify.go,100.00
vendor/github.com/tjfoc/gmsm/sm2/x509.go,100.00
vendor/github.com/tjfoc/gmsm/sm3/ifile,100.00
vendor/github.com/tjfoc/gmsm/sm3/sm3.go,100.00
vendor/github.com/tjfoc/gmsm/sm3/sm3_test.go,100.00
vendor/github.com/tjfoc/gmsm/sm4/sm4_test.go,100.00
vendor/github.com/vaughan0/go-ini/ini_linux_test.go,100.00
vendor/github.com/vaughan0/go-ini/ini_test.go,100.00
vendor/github.com/xtaci/kcp-go/crypt_test.go,100.00
vendor/github.com/xtaci/kcp-go/kcp_test.go,100.00
vendor/github.com/xtaci/kcp-go/sess_test.go,100.00
vendor/github.com/xtaci/kcp-go/xor_test.go,100.00
vendor/github.com/xtaci/smux/mux_test.go,100.00
vendor/github.com/xtaci/smux/session_test.go,100.00
vendor/golang.org/x/crypto/.gitattributes,100.00
vendor/golang.org/x/crypto/.gitignore,100.00
vendor/golang.org/x/crypto/CONTRIBUTING.md,100.00
vendor/golang.org/x/crypto/README,100.00
vendor/golang.org/x/crypto/acme/acme.go,100.00
vendor/golang.org/x/crypto/acme/acme_test.go,100.00
vendor/golang.org/x/crypto/acme/autocert/autocert.go,100.00
vendor/golang.org/x/crypto/acme/autocert/autocert_test.go,100.00
vendor/golang.org/x/crypto/acme/autocert/cache.go,100.00
vendor/golang.org/x/crypto/acme/autocert/cache_test.go,100.00
vendor/golang.org/x/crypto/acme/autocert/example_test.go,100.00
vendor/golang.org/x/crypto/acme/autocert/listener.go,100.00
vendor/golang.org/x/crypto/acme/autocert/renewal.go,100.00
vendor/golang.org/x/crypto/acme/autocert/renewal_test.go,100.00
vendor/golang.org/x/crypto/acme/jws.go,100.00
vendor/golang.org/x/crypto/acme/jws_test.go,100.00
vendor/golang.org/x/crypto/acme/types.go,100.00
vendor/golang.org/x/crypto/acme/types_test.go,100.00
vendor/golang.org/x/crypto/bcrypt/base64.go,100.00
vendor/golang.org/x/crypto/bcrypt/bcrypt.go,100.00
vendor/golang.org/x/crypto/bcrypt/bcrypt_test.go,100.00
vendor/golang.org/x/crypto/blake2b/blake2b.go,100.00
vendor/golang.org/x/crypto/blake2b/blake2bAVX2_amd64.go,100.00
vendor/golang.org/x/crypto/blake2b/blake2bAVX2_amd64.s,100.00
vendor/golang.org/x/crypto/blake2b/blake2b_amd64.go,100.00
vendor/golang.org/x/crypto/blake2b/blake2b_amd64.s,100.00
vendor/golang.org/x/crypto/blake2b/blake2b_generic.go,100.00
vendor/golang.org/x/crypto/blake2b/blake2b_ref.go,100.00
vendor/golang.org/x/crypto/blake2b/blake2b_test.go,100.00
vendor/golang.org/x/crypto/blake2b/register.go,100.00
vendor/golang.org/x/crypto/blake2s/blake2s.go,100.00
vendor/golang.org/x/crypto/blake2s/blake2s_386.go,100.00
vendor/golang.org/x/crypto/blake2s/blake2s_386.s,100.00
vendor/golang.org/x/crypto/blake2s/blake2s_amd64.go,100.00
vendor/golang.org/x/crypto/blake2s/blake2s_amd64.s,100.00
vendor/golang.org/x/crypto/blake2s/blake2s_generic.go,100.00
vendor/golang.org/x/crypto/blake2s/blake2s_ref.go,100.00
vendor/golang.org/x/crypto/blake2s/blake2s_test.go,100.00
vendor/golang.org/x/crypto/blake2s/register.go,100.00
vendor/golang.org/x/crypto/blowfish/blowfish_test.go,100.00
vendor/golang.org/x/crypto/bn256/bn256.go,100.00
vendor/golang.org/x/crypto/bn256/bn256_test.go,100.00
vendor/golang.org/x/crypto/bn256/constants.go,100.00
vendor/golang.org/x/crypto/bn256/curve.go,100.00
vendor/golang.org/x/crypto/bn256/example_test.go,100.00
vendor/golang.org/x/crypto/bn256/gfp12.go,100.00
vendor/golang.org/x/crypto/bn256/gfp2.go,100.00
vendor/golang.org/x/crypto/bn256/gfp6.go,100.00
vendor/golang.org/x/crypto/bn256/optate.go,100.00
vendor/golang.org/x/crypto/bn256/twist.go,100.00
vendor/golang.org/x/crypto/cast5/cast5_test.go,100.00
vendor/golang.org/x/crypto/chacha20poly1305/chacha20poly1305.go,100.00
vendor/golang.org/x/crypto/chacha20poly1305/chacha20poly1305_amd64.go,100.00
vendor/golang.org/x/crypto/chacha20poly1305/chacha20poly1305_amd64.s,100.00
vendor/golang.org/x/crypto/chacha20poly1305/chacha20poly1305_generic.go,100.00
vendor/golang.org/x/crypto/chacha20poly1305/chacha20poly1305_noasm.go,100.00
vendor/golang.org/x/crypto/chacha20poly1305/chacha20poly1305_test.go,100.00
vendor/golang.org/x/crypto/chacha20poly1305/chacha20poly1305_vectors_test.go,100.00
vendor/golang.org/x/crypto/chacha20poly1305/internal/chacha20/chacha_generic.go,100.00
vendor/golang.org/x/crypto/chacha20poly1305/internal/chacha20/chacha_test.go,100.00
vendor/golang.org/x/crypto/codereview.cfg,100.00
vendor/golang.org/x/crypto/cryptobyte/asn1.go,100.00
vendor/golang.org/x/crypto/cryptobyte/asn1_test.go,100.00
vendor/golang.org/x/crypto/cryptobyte/builder.go,100.00
vendor/golang.org/x/crypto/cryptobyte/cryptobyte_test.go,100.00
vendor/golang.org/x/crypto/cryptobyte/example_test.go,100.00
vendor/golang.org/x/crypto/cryptobyte/string.go,100.00
vendor/golang.org/x/crypto/curve25519/const_amd64.h,100.00
vendor/golang.org/x/crypto/curve25519/const_amd64.s,100.00
vendor/golang.org/x/crypto/curve25519/cswap_amd64.s,100.00
vendor/golang.org/x/crypto/curve25519/curve25519.go,100.00
vendor/golang.org/x/crypto/curve25519/curve25519_test.go,100.00
vendor/golang.org/x/crypto/curve25519/doc.go,100.00
vendor/golang.org/x/crypto/curve25519/freeze_amd64.s,100.00
vendor/golang.org/x/crypto/curve25519/ladderstep_amd64.s,100.00
vendor/golang.org/x/crypto/curve25519/mont25519_amd64.go,100.00
vendor/golang.org/x/crypto/curve25519/mul_amd64.s,100.00
vendor/golang.org/x/crypto/curve25519/square_amd64.s,100.00
vendor/golang.org/x/crypto/ed25519/ed25519.go,54.52
vendor/golang.org/x/crypto/ed25519/ed25519_test.go,100.00
vendor/golang.org/x/crypto/ed25519/internal/edwards25519/const.go,50.00
vendor/golang.org/x/crypto/ed25519/internal/edwards25519/edwards25519.go,50.31
vendor/golang.org/x/crypto/hkdf/example_test.go,100.00
vendor/golang.org/x/crypto/hkdf/hkdf.go,100.00
vendor/golang.org/x/crypto/hkdf/hkdf_test.go,100.00
vendor/golang.org/x/crypto/md4/md4.go,100.00
vendor/golang.org/x/crypto/md4/md4_test.go,100.00
vendor/golang.org/x/crypto/md4/md4block.go,100.00
vendor/golang.org/x/crypto/nacl/box/box.go,100.00
vendor/golang.org/x/crypto/nacl/box/box_test.go,100.00
vendor/golang.org/x/crypto/nacl/secretbox/example_test.go,100.00
vendor/golang.org/x/crypto/nacl/secretbox/secretbox.go,100.00
vendor/golang.org/x/crypto/nacl/secretbox/secretbox_test.go,100.00
vendor/golang.org/x/crypto/ocsp/ocsp.go,100.00
vendor/golang.org/x/crypto/ocsp/ocsp_test.go,100.00
vendor/golang.org/x/crypto/openpgp/armor/armor.go,100.00
vendor/golang.org/x/crypto/openpgp/armor/armor_test.go,100.00
vendor/golang.org/x/crypto/openpgp/armor/encode.go,100.00
vendor/golang.org/x/crypto/openpgp/canonical_text.go,100.00
vendor/golang.org/x/crypto/openpgp/canonical_text_test.go,100.00
vendor/golang.org/x/crypto/openpgp/clearsign/clearsign.go,100.00
vendor/golang.org/x/crypto/openpgp/clearsign/clearsign_test.go,100.00
vendor/golang.org/x/crypto/openpgp/elgamal/elgamal.go,100.00
vendor/golang.org/x/crypto/openpgp/elgamal/elgamal_test.go,100.00
vendor/golang.org/x/crypto/openpgp/errors/errors.go,100.00
vendor/golang.org/x/crypto/openpgp/keys.go,100.00
vendor/golang.org/x/crypto/openpgp/keys_test.go,100.00
vendor/golang.org/x/crypto/openpgp/packet/compressed.go,100.00
vendor/golang.org/x/crypto/openpgp/packet/compressed_test.go,100.00
vendor/golang.org/x/crypto/openpgp/packet/config.go,100.00
vendor/golang.org/x/crypto/openpgp/packet/encrypted_key.go,100.00
vendor/golang.org/x/crypto/openpgp/packet/encrypted_key_test.go,100.00
vendor/golang.org/x/crypto/openpgp/packet/literal.go,100.00
vendor/golang.org/x/crypto/openpgp/packet/ocfb.go,100.00
vendor/golang.org/x/crypto/openpgp/packet/ocfb_test.go,100.00
vendor/golang.org/x/crypto/openpgp/packet/one_pass_signature.go,100.00
vendor/golang.org/x/crypto/openpgp/packet/opaque.go,100.00
vendor/golang.org/x/crypto/openpgp/packet/opaque_test.go,100.00
vendor/golang.org/x/crypto/openpgp/packet/packet.go,100.00
vendor/golang.org/x/crypto/openpgp/packet/packet_test.go,100.00
vendor/golang.org/x/crypto/openpgp/packet/private_key.go,100.00
vendor/golang.org/x/crypto/openpgp/packet/private_key_test.go,100.00
vendor/golang.org/x/crypto/openpgp/packet/public_key.go,100.00
vendor/golang.org/x/crypto/openpgp/packet/public_key_test.go,100.00
vendor/golang.org/x/crypto/openpgp/packet/public_key_v3.go,100.00
vendor/golang.org/x/crypto/openpgp/packet/public_key_v3_test.go,100.00
vendor/golang.org/x/crypto/openpgp/packet/reader.go,100.00
vendor/golang.org/x/crypto/openpgp/packet/signature.go,100.00
vendor/golang.org/x/crypto/openpgp/packet/signature_test.go,100.00
vendor/golang.org/x/crypto/openpgp/packet/signature_v3.go,100.00
vendor/golang.org/x/crypto/openpgp/packet/signature_v3_test.go,100.00
vendor/golang.org/x/crypto/openpgp/packet/symmetric_key_encrypted.go,100.00
vendor/golang.org/x/crypto/openpgp/packet/symmetric_key_encrypted_test.go,100.00
vendor/golang.org/x/crypto/openpgp/packet/symmetrically_encrypted.go,100.00
vendor/golang.org/x/crypto/openpgp/packet/symmetrically_encrypted_test.go,100.00
vendor/golang.org/x/crypto/openpgp/packet/userattribute.go,100.00
vendor/golang.org/x/crypto/openpgp/packet/userattribute_test.go,100.00
vendor/golang.org/x/crypto/openpgp/packet/userid.go,100.00
vendor/golang.org/x/crypto/openpgp/packet/userid_test.go,100.00
vendor/golang.org/x/crypto/openpgp/read.go,100.00
vendor/golang.org/x/crypto/openpgp/read_test.go,100.00
vendor/golang.org/x/crypto/openpgp/s2k/s2k.go,100.00
vendor/golang.org/x/crypto/openpgp/s2k/s2k_test.go,100.00
vendor/golang.org/x/crypto/openpgp/write.go,100.00
vendor/golang.org/x/crypto/openpgp/write_test.go,100.00
vendor/golang.org/x/crypto/otr/libotr_test_helper.c,100.00
vendor/golang.org/x/crypto/otr/otr.go,100.00
vendor/golang.org/x/crypto/otr/otr_test.go,100.00
vendor/golang.org/x/crypto/otr/smp.go,100.00
vendor/golang.org/x/crypto/pbkdf2/pbkdf2_test.go,100.00
vendor/golang.org/x/crypto/pkcs12/bmp-string.go,100.00
vendor/golang.org/x/crypto/pkcs12/bmp-string_test.go,100.00
vendor/golang.org/x/crypto/pkcs12/crypto.go,100.00
vendor/golang.org/x/crypto/pkcs12/crypto_test.go,100.00
vendor/golang.org/x/crypto/pkcs12/errors.go,100.00
vendor/golang.org/x/crypto/pkcs12/internal/rc2/bench_test.go,100.00
vendor/golang.org/x/crypto/pkcs12/internal/rc2/rc2.go,100.00
vendor/golang.org/x/crypto/pkcs12/internal/rc2/rc2_test.go,100.00
vendor/golang.org/x/crypto/pkcs12/mac.go,100.00
vendor/golang.org/x/crypto/pkcs12/mac_test.go,100.00
vendor/golang.org/x/crypto/pkcs12/pbkdf.go,100.00
vendor/golang.org/x/crypto/pkcs12/pbkdf_test.go,100.00
vendor/golang.org/x/crypto/pkcs12/pkcs12.go,100.00
vendor/golang.org/x/crypto/pkcs12/pkcs12_test.go,100.00
vendor/golang.org/x/crypto/pkcs12/safebags.go,100.00
vendor/golang.org/x/crypto/poly1305/poly1305.go,100.00
vendor/golang.org/x/crypto/poly1305/poly1305_test.go,100.00
vendor/golang.org/x/crypto/poly1305/sum_amd64.go,100.00
vendor/golang.org/x/crypto/poly1305/sum_amd64.s,100.00
vendor/golang.org/x/crypto/poly1305/sum_arm.go,100.00
vendor/golang.org/x/crypto/poly1305/sum_arm.s,100.00
vendor/golang.org/x/crypto/poly1305/sum_ref.go,100.00
vendor/golang.org/x/crypto/ripemd160/ripemd160.go,100.00
vendor/golang.org/x/crypto/ripemd160/ripemd160_test.go,100.00
vendor/golang.org/x/crypto/ripemd160/ripemd160block.go,100.00
vendor/golang.org/x/crypto/salsa20/salsa/salsa_test.go,100.00
vendor/golang.org/x/crypto/salsa20/salsa20_test.go,100.00
vendor/golang.org/x/crypto/scrypt/scrypt.go,100.00
vendor/golang.org/x/crypto/scrypt/scrypt_test.go,100.00
vendor/golang.org/x/crypto/sha3/doc.go,100.00
vendor/golang.org/x/crypto/sha3/hashes.go,100.00
vendor/golang.org/x/crypto/sha3/keccakf.go,100.00
vendor/golang.org/x/crypto/sha3/keccakf_amd64.go,100.00
vendor/golang.org/x/crypto/sha3/keccakf_amd64.s,100.00
vendor/golang.org/x/crypto/sha3/register.go,100.00
vendor/golang.org/x/crypto/sha3/sha3.go,100.00
vendor/golang.org/x/crypto/sha3/sha3_test.go,100.00
vendor/golang.org/x/crypto/sha3/shake.go,100.00
vendor/golang.org/x/crypto/sha3/xor.go,100.00
vendor/golang.org/x/crypto/sha3/xor_generic.go,100.00
vendor/golang.org/x/crypto/sha3/xor_unaligned.go,100.00
vendor/golang.org/x/crypto/ssh/agent/client.go,100.00
vendor/golang.org/x/crypto/ssh/agent/client_test.go,100.00
vendor/golang.org/x/crypto/ssh/agent/example_test.go,100.00
vendor/golang.org/x/crypto/ssh/agent/forward.go,100.00
vendor/golang.org/x/crypto/ssh/agent/keyring.go,100.00
vendor/golang.org/x/crypto/ssh/agent/keyring_test.go,100.00
vendor/golang.org/x/crypto/ssh/agent/server.go,100.00
vendor/golang.org/x/crypto/ssh/agent/server_test.go,100.00
vendor/golang.org/x/crypto/ssh/agent/testdata_test.go,100.00
vendor/golang.org/x/crypto/ssh/benchmark_test.go,100.00
vendor/golang.org/x/crypto/ssh/buffer.go,100.00
vendor/golang.org/x/crypto/ssh/buffer_test.go,100.00
vendor/golang.org/x/crypto/ssh/certs.go,100.00
vendor/golang.org/x/crypto/ssh/certs_test.go,100.00
vendor/golang.org/x/crypto/ssh/channel.go,100.00
vendor/golang.org/x/crypto/ssh/cipher.go,100.00
vendor/golang.org/x/crypto/ssh/cipher_test.go,100.00
vendor/golang.org/x/crypto/ssh/client.go,100.00
vendor/golang.org/x/crypto/ssh/client_auth.go,100.00
vendor/golang.org/x/crypto/ssh/client_auth_test.go,100.00
vendor/golang.org/x/crypto/ssh/client_test.go,100.00
vendor/golang.org/x/crypto/ssh/common.go,100.00
vendor/golang.org/x/crypto/ssh/connection.go,100.00
vendor/golang.org/x/crypto/ssh/doc.go,100.00
vendor/golang.org/x/crypto/ssh/example_test.go,100.00
vendor/golang.org/x/crypto/ssh/handshake.go,100.00
vendor/golang.org/x/crypto/ssh/handshake_test.go,100.00
vendor/golang.org/x/crypto/ssh/kex.go,100.00
vendor/golang.org/x/crypto/ssh/kex_test.go,100.00
vendor/golang.org/x/crypto/ssh/keys.go,100.00
vendor/golang.org/x/crypto/ssh/keys_test.go,100.00
vendor/golang.org/x/crypto/ssh/knownhosts/knownhosts.go,100.00
vendor/golang.org/x/crypto/ssh/knownhosts/knownhosts_test.go,100.00
vendor/golang.org/x/crypto/ssh/mac.go,100.00
vendor/golang.org/x/crypto/ssh/mempipe_test.go,100.00
vendor/golang.org/x/crypto/ssh/messages.go,100.00
vendor/golang.org/x/crypto/ssh/messages_test.go,100.00
vendor/golang.org/x/crypto/ssh/mux.go,100.00
vendor/golang.org/x/crypto/ssh/mux_test.go,100.00
vendor/golang.org/x/crypto/ssh/server.go,100.00
vendor/golang.org/x/crypto/ssh/session.go,100.00
vendor/golang.org/x/crypto/ssh/session_test.go,100.00
vendor/golang.org/x/crypto/ssh/streamlocal.go,100.00
vendor/golang.org/x/crypto/ssh/tcpip.go,100.00
vendor/golang.org/x/crypto/ssh/tcpip_test.go,100.00
vendor/golang.org/x/crypto/ssh/terminal/terminal.go,100.00
vendor/golang.org/x/crypto/ssh/terminal/terminal_test.go,100.00
vendor/golang.org/x/crypto/ssh/terminal/util.go,100.00
vendor/golang.org/x/crypto/ssh/terminal/util_bsd.go,100.00
vendor/golang.org/x/crypto/ssh/terminal/util_linux.go,100.00
vendor/golang.org/x/crypto/ssh/terminal/util_plan9.go,100.00
vendor/golang.org/x/crypto/ssh/terminal/util_solaris.go,100.00
vendor/golang.org/x/crypto/ssh/terminal/util_windows.go,100.00
vendor/golang.org/x/crypto/ssh/test/agent_unix_test.go,100.00
vendor/golang.org/x/crypto/ssh/test/cert_test.go,100.00
vendor/golang.org/x/crypto/ssh/test/dial_unix_test.go,100.00
vendor/golang.org/x/crypto/ssh/test/doc.go,100.00
vendor/golang.org/x/crypto/ssh/test/forward_unix_test.go,100.00
vendor/golang.org/x/crypto/ssh/test/session_test.go,100.00
vendor/golang.org/x/crypto/ssh/test/test_unix_test.go,100.00
vendor/golang.org/x/crypto/ssh/test/testdata_test.go,100.00
vendor/golang.org/x/crypto/ssh/testdata/doc.go,100.00
vendor/golang.org/x/crypto/ssh/testdata/keys.go,100.00
vendor/golang.org/x/crypto/ssh/testdata_test.go,100.00
vendor/golang.org/x/crypto/ssh/transport.go,100.00
vendor/golang.org/x/crypto/ssh/transport_test.go,100.00
vendor/golang.org/x/crypto/tea/tea_test.go,100.00
vendor/golang.org/x/crypto/twofish/twofish_test.go,100.00
vendor/golang.org/x/crypto/xtea/xtea_test.go,100.00
vendor/golang.org/x/crypto/xts/xts.go,100.00
vendor/golang.org/x/crypto/xts/xts_test.go,100.00
vendor/golang.org/x/net/.gitattributes,100.00
vendor/golang.org/x/net/.gitignore,100.00
vendor/golang.org/x/net/CONTRIBUTING.md,100.00
vendor/golang.org/x/net/README,100.00
vendor/golang.org/x/net/bpf/instructions_test.go,100.00
vendor/golang.org/x/net/bpf/testdata/all_instructions.bpf,100.00
vendor/golang.org/x/net/bpf/testdata/all_instructions.txt,100.00
vendor/golang.org/x/net/bpf/vm_aluop_test.go,100.00
vendor/golang.org/x/net/bpf/vm_bpf_test.go,100.00
vendor/golang.org/x/net/bpf/vm_extension_test.go,100.00
vendor/golang.org/x/net/bpf/vm_jump_test.go,100.00
vendor/golang.org/x/net/bpf/vm_load_test.go,100.00
vendor/golang.org/x/net/bpf/vm_ret_test.go,100.00
vendor/golang.org/x/net/bpf/vm_scratch_test.go,100.00
vendor/golang.org/x/net/bpf/vm_test.go,100.00
vendor/golang.org/x/net/codereview.cfg,100.00
vendor/golang.org/x/net/context/context_test.go,100.00
vendor/golang.org/x/net/context/ctxhttp/ctxhttp.go,51.03
vendor/golang.org/x/net/context/ctxhttp/ctxhttp_17_test.go,100.00
vendor/golang.org/x/net/context/ctxhttp/ctxhttp_pre17.go,100.00
vendor/golang.org/x/net/context/ctxhttp/ctxhttp_pre17_test.go,100.00
vendor/golang.org/x/net/context/ctxhttp/ctxhttp_test.go,100.00
vendor/golang.org/x/net/context/withtimeout_test.go,100.00
vendor/golang.org/x/net/dict/dict.go,100.00
vendor/golang.org/x/net/dns/dnsmessage/message.go,100.00
vendor/golang.org/x/net/dns/dnsmessage/message_test.go,100.00
vendor/golang.org/x/net/html/atom/atom.go,100.00
vendor/golang.org/x/net/html/atom/atom_test.go,100.00
vendor/golang.org/x/net/html/atom/gen.go,100.00
vendor/golang.org/x/net/html/atom/table.go,100.00
vendor/golang.org/x/net/html/atom/table_test.go,100.00
vendor/golang.org/x/net/html/charset/charset.go,100.00
vendor/golang.org/x/net/html/charset/charset_test.go,100.00
vendor/golang.org/x/net/html/charset/testdata/HTTP-charset.html,100.00
vendor/golang.org/x/net/html/charset/testdata/HTTP-vs-UTF-8-BOM.html,100.00
vendor/golang.org/x/net/html/charset/testdata/HTTP-vs-meta-charset.html,100.00
vendor/golang.org/x/net/html/charset/testdata/HTTP-vs-meta-content.html,100.00
vendor/golang.org/x/net/html/charset/testdata/No-encoding-declaration.html,100.00
vendor/golang.org/x/net/html/charset/testdata/README,100.00
vendor/golang.org/x/net/html/charset/testdata/UTF-8-BOM-vs-meta-charset.html,100.00
vendor/golang.org/x/net/html/charset/testdata/UTF-8-BOM-vs-meta-content.html,100.00
vendor/golang.org/x/net/html/charset/testdata/meta-charset-attribute.html,100.00
vendor/golang.org/x/net/html/charset/testdata/meta-content-attribute.html,100.00
vendor/golang.org/x/net/html/const.go,100.00
vendor/golang.org/x/net/html/doc.go,100.00
vendor/golang.org/x/net/html/doctype.go,100.00
vendor/golang.org/x/net/html/entity.go,100.00
vendor/golang.org/x/net/html/entity_test.go,100.00
vendor/golang.org/x/net/html/escape.go,100.00
vendor/golang.org/x/net/html/escape_test.go,100.00
vendor/golang.org/x/net/html/example_test.go,100.00
vendor/golang.org/x/net/html/foreign.go,100.00
vendor/golang.org/x/net/html/node.go,100.00
vendor/golang.org/x/net/html/node_test.go,100.00
vendor/golang.org/x/net/html/parse.go,100.00
vendor/golang.org/x/net/html/parse_test.go,100.00
vendor/golang.org/x/net/html/render.go,100.00
vendor/golang.org/x/net/html/render_test.go,100.00
vendor/golang.org/x/net/html/testdata/go1.html,100.00
vendor/golang.org/x/net/html/testdata/webkit/README,100.00
vendor/golang.org/x/net/html/testdata/webkit/adoption01.dat,100.00
vendor/golang.org/x/net/html/testdata/webkit/adoption02.dat,100.00
vendor/golang.org/x/net/html/testdata/webkit/comments01.dat,100.00
vendor/golang.org/x/net/html/testdata/webkit/doctype01.dat,100.00
vendor/golang.org/x/net/html/testdata/webkit/entities01.dat,100.00
vendor/golang.org/x/net/html/testdata/webkit/entities02.dat,100.00
vendor/golang.org/x/net/html/testdata/webkit/html5test-com.dat,100.00
vendor/golang.org/x/net/html/testdata/webkit/inbody01.dat,100.00
vendor/golang.org/x/net/html/testdata/webkit/isindex.dat,100.00
vendor/golang.org/x/net/html/testdata/webkit/pending-spec-changes.dat,100.00
vendor/golang.org/x/net/html/testdata/webkit/scriptdata01.dat,100.00
vendor/golang.org/x/net/html/testdata/webkit/scripted/adoption01.dat,100.00
vendor/golang.org/x/net/html/testdata/webkit/scripted/webkit01.dat,100.00
vendor/golang.org/x/net/html/testdata/webkit/tables01.dat,100.00
vendor/golang.org/x/net/html/testdata/webkit/tests1.dat,100.00
vendor/golang.org/x/net/html/testdata/webkit/tests10.dat,100.00
vendor/golang.org/x/net/html/testdata/webkit/tests11.dat,100.00
vendor/golang.org/x/net/html/testdata/webkit/tests12.dat,100.00
vendor/golang.org/x/net/html/testdata/webkit/tests14.dat,100.00
vendor/golang.org/x/net/html/testdata/webkit/tests15.dat,100.00
vendor/golang.org/x/net/html/testdata/webkit/tests16.dat,100.00
vendor/golang.org/x/net/html/testdata/webkit/tests17.dat,100.00
vendor/golang.org/x/net/html/testdata/webkit/tests18.dat,100.00
vendor/golang.org/x/net/html/testdata/webkit/tests19.dat,100.00
vendor/golang.org/x/net/html/testdata/webkit/tests2.dat,100.00
vendor/golang.org/x/net/html/testdata/webkit/tests20.dat,100.00
vendor/golang.org/x/net/html/testdata/webkit/tests21.dat,100.00
vendor/golang.org/x/net/html/testdata/webkit/tests22.dat,100.00
vendor/golang.org/x/net/html/testdata/webkit/tests23.dat,100.00
vendor/golang.org/x/net/html/testdata/webkit/tests24.dat,100.00
vendor/golang.org/x/net/html/testdata/webkit/tests25.dat,100.00
vendor/golang.org/x/net/html/testdata/webkit/tests26.dat,100.00
vendor/golang.org/x/net/html/testdata/webkit/tests3.dat,100.00
vendor/golang.org/x/net/html/testdata/webkit/tests4.dat,100.00
vendor/golang.org/x/net/html/testdata/webkit/tests5.dat,100.00
vendor/golang.org/x/net/html/testdata/webkit/tests6.dat,100.00
vendor/golang.org/x/net/html/testdata/webkit/tests7.dat,100.00
vendor/golang.org/x/net/html/testdata/webkit/tests8.dat,100.00
vendor/golang.org/x/net/html/testdata/webkit/tests9.dat,100.00
vendor/golang.org/x/net/html/testdata/webkit/tests_innerHTML_1.dat,100.00
vendor/golang.org/x/net/html/testdata/webkit/tricky01.dat,100.00
vendor/golang.org/x/net/html/testdata/webkit/webkit01.dat,100.00
vendor/golang.org/x/net/html/testdata/webkit/webkit02.dat,100.00
vendor/golang.org/x/net/html/token.go,100.00
vendor/golang.org/x/net/html/token_test.go,100.00
vendor/golang.org/x/net/http2/.gitignore,100.00
vendor/golang.org/x/net/http2/Dockerfile,100.00
vendor/golang.org/x/net/http2/Makefile,100.00
vendor/golang.org/x/net/http2/README,100.00
vendor/golang.org/x/net/http2/ciphers.go,100.00
vendor/golang.org/x/net/http2/ciphers_test.go,100.00
vendor/golang.org/x/net/http2/client_conn_pool.go,100.00
vendor/golang.org/x/net/http2/configure_transport.go,100.00
vendor/golang.org/x/net/http2/databuffer.go,100.00
vendor/golang.org/x/net/http2/databuffer_test.go,100.00
vendor/golang.org/x/net/http2/errors.go,100.00
vendor/golang.org/x/net/http2/errors_test.go,100.00
vendor/golang.org/x/net/http2/flow.go,100.00
vendor/golang.org/x/net/http2/flow_test.go,100.00
vendor/golang.org/x/net/http2/frame.go,100.00
vendor/golang.org/x/net/http2/frame_test.go,100.00
vendor/golang.org/x/net/http2/go16.go,100.00
vendor/golang.org/x/net/http2/go17.go,100.00
vendor/golang.org/x/net/http2/go17_not18.go,100.00
vendor/golang.org/x/net/http2/go18.go,100.00
vendor/golang.org/x/net/http2/go18_test.go,100.00
vendor/golang.org/x/net/http2/go19.go,100.00
vendor/golang.org/x/net/http2/go19_test.go,100.00
vendor/golang.org/x/net/http2/gotrack.go,100.00
vendor/golang.org/x/net/http2/gotrack_test.go,100.00
vendor/golang.org/x/net/http2/h2demo/.gitignore,100.00
vendor/golang.org/x/net/http2/h2demo/Makefile,100.00
vendor/golang.org/x/net/http2/h2demo/README,100.00
vendor/golang.org/x/net/http2/h2demo/h2demo.go,100.00
vendor/golang.org/x/net/http2/h2demo/launch.go,100.00
vendor/golang.org/x/net/http2/h2demo/rootCA.key,100.00
vendor/golang.org/x/net/http2/h2demo/rootCA.pem,100.00
vendor/golang.org/x/net/http2/h2demo/rootCA.srl,100.00
vendor/golang.org/x/net/http2/h2demo/server.crt,100.00
vendor/golang.org/x/net/http2/h2demo/server.key,100.00
vendor/golang.org/x/net/http2/h2demo/tmpl.go,100.00
vendor/golang.org/x/net/http2/h2i/README.md,100.00
vendor/golang.org/x/net/http2/h2i/h2i.go,100.00
vendor/golang.org/x/net/http2/headermap.go,100.00
vendor/golang.org/x/net/http2/hpack/encode.go,100.00
vendor/golang.org/x/net/http2/hpack/encode_test.go,100.00
vendor/golang.org/x/net/http2/hpack/hpack.go,100.00
vendor/golang.org/x/net/http2/hpack/hpack_test.go,100.00
vendor/golang.org/x/net/http2/hpack/huffman.go,100.00
vendor/golang.org/x/net/http2/hpack/tables.go,100.00
vendor/golang.org/x/net/http2/hpack/tables_test.go,100.00
vendor/golang.org/x/net/http2/http2.go,100.00
vendor/golang.org/x/net/http2/http2_test.go,100.00
vendor/golang.org/x/net/http2/not_go16.go,100.00
vendor/golang.org/x/net/http2/not_go17.go,100.00
vendor/golang.org/x/net/http2/not_go18.go,100.00
vendor/golang.org/x/net/http2/not_go19.go,100.00
vendor/golang.org/x/net/http2/pipe.go,100.00
vendor/golang.org/x/net/http2/pipe_test.go,100.00
vendor/golang.org/x/net/http2/server.go,100.00
vendor/golang.org/x/net/http2/server_push_test.go,100.00
vendor/golang.org/x/net/http2/server_test.go,100.00
vendor/golang.org/x/net/http2/testdata/draft-ietf-httpbis-http2.xml,100.00
vendor/golang.org/x/net/http2/transport.go,100.00
vendor/golang.org/x/net/http2/transport_test.go,100.00
vendor/golang.org/x/net/http2/write.go,100.00
vendor/golang.org/x/net/http2/writesched.go,100.00
vendor/golang.org/x/net/http2/writesched_priority.go,100.00
vendor/golang.org/x/net/http2/writesched_priority_test.go,100.00
vendor/golang.org/x/net/http2/writesched_random.go,100.00
vendor/golang.org/x/net/http2/writesched_random_test.go,100.00
vendor/golang.org/x/net/http2/writesched_test.go,100.00
vendor/golang.org/x/net/http2/z_spec_test.go,100.00
vendor/golang.org/x/net/icmp/dstunreach.go,100.00
vendor/golang.org/x/net/icmp/echo.go,100.00
vendor/golang.org/x/net/icmp/endpoint.go,100.00
vendor/golang.org/x/net/icmp/example_test.go,100.00
vendor/golang.org/x/net/icmp/extension.go,100.00
vendor/golang.org/x/net/icmp/extension_test.go,100.00
vendor/golang.org/x/net/icmp/helper.go,100.00
vendor/golang.org/x/net/icmp/helper_posix.go,100.00
vendor/golang.org/x/net/icmp/interface.go,100.00
vendor/golang.org/x/net/icmp/ipv4.go,100.00
vendor/golang.org/x/net/icmp/ipv4_test.go,100.00
vendor/golang.org/x/net/icmp/ipv6.go,100.00
vendor/golang.org/x/net/icmp/listen_posix.go,100.00
vendor/golang.org/x/net/icmp/listen_stub.go,100.00
vendor/golang.org/x/net/icmp/message.go,100.00
vendor/golang.org/x/net/icmp/message_test.go,100.00
vendor/golang.org/x/net/icmp/messagebody.go,100.00
vendor/golang.org/x/net/icmp/mpls.go,100.00
vendor/golang.org/x/net/icmp/multipart.go,100.00
vendor/golang.org/x/net/icmp/multipart_test.go,100.00
vendor/golang.org/x/net/icmp/packettoobig.go,100.00
vendor/golang.org/x/net/icmp/paramprob.go,100.00
vendor/golang.org/x/net/icmp/ping_test.go,100.00
vendor/golang.org/x/net/icmp/sys_freebsd.go,100.00
vendor/golang.org/x/net/icmp/timeexceeded.go,100.00
vendor/golang.org/x/net/idna/example_test.go,100.00
vendor/golang.org/x/net/idna/idna.go,100.00
vendor/golang.org/x/net/idna/idna_test.go,100.00
vendor/golang.org/x/net/idna/punycode.go,100.00
vendor/golang.org/x/net/idna/punycode_test.go,100.00
vendor/golang.org/x/net/idna/tables.go,100.00
vendor/golang.org/x/net/idna/trie.go,100.00
vendor/golang.org/x/net/idna/trieval.go,100.00
vendor/golang.org/x/net/internal/nettest/helper_bsd.go,100.00
vendor/golang.org/x/net/internal/nettest/helper_nobsd.go,100.00
vendor/golang.org/x/net/internal/nettest/helper_posix.go,100.00
vendor/golang.org/x/net/internal/nettest/helper_stub.go,100.00
vendor/golang.org/x/net/internal/nettest/helper_unix.go,100.00
vendor/golang.org/x/net/internal/nettest/helper_windows.go,100.00
vendor/golang.org/x/net/internal/nettest/interface.go,100.00
vendor/golang.org/x/net/internal/nettest/rlimit.go,100.00
vendor/golang.org/x/net/internal/nettest/stack.go,100.00
vendor/golang.org/x/net/internal/socket/socket_go1_9_test.go,100.00
vendor/golang.org/x/net/internal/socket/socket_test.go,100.00
vendor/golang.org/x/net/internal/timeseries/timeseries.go,100.00
vendor/golang.org/x/net/internal/timeseries/timeseries_test.go,100.00
vendor/golang.org/x/net/ipv4/bpf_test.go,100.00
vendor/golang.org/x/net/ipv4/example_test.go,100.00
vendor/golang.org/x/net/ipv4/header_test.go,100.00
vendor/golang.org/x/net/ipv4/icmp_test.go,100.00
vendor/golang.org/x/net/ipv4/multicast_test.go,100.00
vendor/golang.org/x/net/ipv4/multicastlistener_test.go,100.00
vendor/golang.org/x/net/ipv4/multicastsockopt_test.go,100.00
vendor/golang.org/x/net/ipv4/readwrite_go1_8_test.go,100.00
vendor/golang.org/x/net/ipv4/readwrite_go1_9_test.go,100.00
vendor/golang.org/x/net/ipv4/readwrite_test.go,100.00
vendor/golang.org/x/net/ipv4/unicast_test.go,100.00
vendor/golang.org/x/net/ipv4/unicastsockopt_test.go,100.00
vendor/golang.org/x/net/ipv6/batch.go,100.00
vendor/golang.org/x/net/ipv6/bpf_test.go,100.00
vendor/golang.org/x/net/ipv6/control.go,100.00
vendor/golang.org/x/net/ipv6/control_rfc2292_unix.go,100.00
vendor/golang.org/x/net/ipv6/control_rfc3542_unix.go,100.00
vendor/golang.org/x/net/ipv6/control_stub.go,100.00
vendor/golang.org/x/net/ipv6/control_unix.go,100.00
vendor/golang.org/x/net/ipv6/control_windows.go,100.00
vendor/golang.org/x/net/ipv6/defs_darwin.go,66.67
vendor/golang.org/x/net/ipv6/defs_dragonfly.go,66.67
vendor/golang.org/x/net/ipv6/defs_freebsd.go,66.67
vendor/golang.org/x/net/ipv6/defs_linux.go,66.67
vendor/golang.org/x/net/ipv6/defs_netbsd.go,66.67
vendor/golang.org/x/net/ipv6/defs_openbsd.go,66.67
vendor/golang.org/x/net/ipv6/defs_solaris.go,66.67
vendor/golang.org/x/net/ipv6/dgramopt.go,100.00
vendor/golang.org/x/net/ipv6/doc.go,100.00
vendor/golang.org/x/net/ipv6/endpoint.go,100.00
vendor/golang.org/x/net/ipv6/example_test.go,100.00
vendor/golang.org/x/net/ipv6/gen.go,66.78
vendor/golang.org/x/net/ipv6/genericopt.go,100.00
vendor/golang.org/x/net/ipv6/header.go,100.00
vendor/golang.org/x/net/ipv6/header_test.go,100.00
vendor/golang.org/x/net/ipv6/helper.go,100.00
vendor/golang.org/x/net/ipv6/iana.go,100.00
vendor/golang.org/x/net/ipv6/icmp.go,100.00
vendor/golang.org/x/net/ipv6/icmp_bsd.go,100.00
vendor/golang.org/x/net/ipv6/icmp_linux.go,100.00
vendor/golang.org/x/net/ipv6/icmp_solaris.go,100.00
vendor/golang.org/x/net/ipv6/icmp_stub.go,100.00
vendor/golang.org/x/net/ipv6/icmp_test.go,100.00
vendor/golang.org/x/net/ipv6/icmp_windows.go,100.00
vendor/golang.org/x/net/ipv6/mocktransponder_test.go,100.00
vendor/golang.org/x/net/ipv6/multicast_test.go,100.00
vendor/golang.org/x/net/ipv6/multicastlistener_test.go,100.00
vendor/golang.org/x/net/ipv6/multicastsockopt_test.go,100.00
vendor/golang.org/x/net/ipv6/payload.go,100.00
vendor/golang.org/x/net/ipv6/payload_cmsg.go,100.00
vendor/golang.org/x/net/ipv6/payload_cmsg_go1_8.go,100.00
vendor/golang.org/x/net/ipv6/payload_cmsg_go1_9.go,100.00
vendor/golang.org/x/net/ipv6/payload_nocmsg.go,100.00
vendor/golang.org/x/net/ipv6/readwrite_go1_8_test.go,100.00
vendor/golang.org/x/net/ipv6/readwrite_go1_9_test.go,100.00
vendor/golang.org/x/net/ipv6/readwrite_test.go,100.00
vendor/golang.org/x/net/ipv6/sockopt.go,100.00
vendor/golang.org/x/net/ipv6/sockopt_posix.go,100.00
vendor/golang.org/x/net/ipv6/sockopt_stub.go,100.00
vendor/golang.org/x/net/ipv6/sockopt_test.go,100.00
vendor/golang.org/x/net/ipv6/sys_asmreq.go,100.00
vendor/golang.org/x/net/ipv6/sys_asmreq_stub.go,100.00
vendor/golang.org/x/net/ipv6/sys_bpf.go,100.00
vendor/golang.org/x/net/ipv6/sys_bpf_stub.go,100.00
vendor/golang.org/x/net/ipv6/sys_bsd.go,100.00
vendor/golang.org/x/net/ipv6/sys_darwin.go,100.00
vendor/golang.org/x/net/ipv6/sys_freebsd.go,100.00
vendor/golang.org/x/net/ipv6/sys_linux.go,100.00
vendor/golang.org/x/net/ipv6/sys_solaris.go,100.00
vendor/golang.org/x/net/ipv6/sys_ssmreq.go,100.00
vendor/golang.org/x/net/ipv6/sys_ssmreq_stub.go,100.00
vendor/golang.org/x/net/ipv6/sys_stub.go,100.00
vendor/golang.org/x/net/ipv6/sys_windows.go,100.00
vendor/golang.org/x/net/ipv6/unicast_test.go,100.00
vendor/golang.org/x/net/ipv6/unicastsockopt_test.go,100.00
vendor/golang.org/x/net/ipv6/zsys_darwin.go,100.00
vendor/golang.org/x/net/ipv6/zsys_dragonfly.go,100.00
vendor/golang.org/x/net/ipv6/zsys_freebsd_386.go,100.00
vendor/golang.org/x/net/ipv6/zsys_freebsd_amd64.go,100.00
vendor/golang.org/x/net/ipv6/zsys_freebsd_arm.go,100.00
vendor/golang.org/x/net/ipv6/zsys_linux_386.go,100.00
vendor/golang.org/x/net/ipv6/zsys_linux_amd64.go,100.00
vendor/golang.org/x/net/ipv6/zsys_linux_arm.go,100.00
vendor/golang.org/x/net/ipv6/zsys_linux_arm64.go,100.00
vendor/golang.org/x/net/ipv6/zsys_linux_mips.go,100.00
vendor/golang.org/x/net/ipv6/zsys_linux_mips64.go,100.00
vendor/golang.org/x/net/ipv6/zsys_linux_mips64le.go,100.00
vendor/golang.org/x/net/ipv6/zsys_linux_mipsle.go,100.00
vendor/golang.org/x/net/ipv6/zsys_linux_ppc.go,100.00
vendor/golang.org/x/net/ipv6/zsys_linux_ppc64.go,100.00
vendor/golang.org/x/net/ipv6/zsys_linux_ppc64le.go,100.00
vendor/golang.org/x/net/ipv6/zsys_linux_s390x.go,100.00
vendor/golang.org/x/net/ipv6/zsys_netbsd.go,100.00
vendor/golang.org/x/net/ipv6/zsys_openbsd.go,100.00
vendor/golang.org/x/net/ipv6/zsys_solaris.go,100.00
vendor/golang.org/x/net/lex/httplex/httplex.go,100.00
vendor/golang.org/x/net/lex/httplex/httplex_test.go,100.00
vendor/golang.org/x/net/lif/address.go,100.00
vendor/golang.org/x/net/lif/address_test.go,100.00
vendor/golang.org/x/net/lif/binary.go,100.00
vendor/golang.org/x/net/lif/defs_solaris.go,100.00
vendor/golang.org/x/net/lif/lif.go,100.00
vendor/golang.org/x/net/lif/link.go,100.00
vendor/golang.org/x/net/lif/link_test.go,100.00
vendor/golang.org/x/net/lif/sys.go,100.00
vendor/golang.org/x/net/lif/sys_solaris_amd64.s,100.00
vendor/golang.org/x/net/lif/syscall.go,100.00
vendor/golang.org/x/net/lif/zsys_solaris_amd64.go,100.00
vendor/golang.org/x/net/nettest/conntest.go,100.00
vendor/golang.org/x/net/nettest/conntest_go16.go,100.00
vendor/golang.org/x/net/nettest/conntest_go17.go,100.00
vendor/golang.org/x/net/nettest/conntest_test.go,100.00
vendor/golang.org/x/net/netutil/listen.go,100.00
vendor/golang.org/x/net/netutil/listen_test.go,100.00
vendor/golang.org/x/net/proxy/direct.go,100.00
vendor/golang.org/x/net/proxy/per_host.go,100.00
vendor/golang.org/x/net/proxy/per_host_test.go,100.00
vendor/golang.org/x/net/proxy/proxy.go,100.00
vendor/golang.org/x/net/proxy/proxy_test.go,100.00
vendor/golang.org/x/net/proxy/socks5.go,100.00
vendor/golang.org/x/net/publicsuffix/gen.go,100.00
vendor/golang.org/x/net/publicsuffix/list.go,100.00
vendor/golang.org/x/net/publicsuffix/list_test.go,100.00
vendor/golang.org/x/net/publicsuffix/table.go,100.00
vendor/golang.org/x/net/publicsuffix/table_test.go,100.00
vendor/golang.org/x/net/route/address.go,100.00
vendor/golang.org/x/net/route/address_darwin_test.go,100.00
vendor/golang.org/x/net/route/address_test.go,100.00
vendor/golang.org/x/net/route/binary.go,100.00
vendor/golang.org/x/net/route/defs_darwin.go,100.00
vendor/golang.org/x/net/route/defs_dragonfly.go,100.00
vendor/golang.org/x/net/route/defs_freebsd.go,100.00
vendor/golang.org/x/net/route/defs_netbsd.go,100.00
vendor/golang.org/x/net/route/defs_openbsd.go,100.00
vendor/golang.org/x/net/route/interface.go,100.00
vendor/golang.org/x/net/route/interface_announce.go,100.00
vendor/golang.org/x/net/route/interface_classic.go,100.00
vendor/golang.org/x/net/route/interface_freebsd.go,100.00
vendor/golang.org/x/net/route/interface_multicast.go,100.00
vendor/golang.org/x/net/route/interface_openbsd.go,100.00
vendor/golang.org/x/net/route/message.go,100.00
vendor/golang.org/x/net/route/message_darwin_test.go,100.00
vendor/golang.org/x/net/route/message_freebsd_test.go,100.00
vendor/golang.org/x/net/route/message_test.go,100.00
vendor/golang.org/x/net/route/route.go,100.00
vendor/golang.org/x/net/route/route_classic.go,100.00
vendor/golang.org/x/net/route/route_openbsd.go,100.00
vendor/golang.org/x/net/route/route_test.go,100.00
vendor/golang.org/x/net/route/sys.go,100.00
vendor/golang.org/x/net/route/sys_darwin.go,100.00
vendor/golang.org/x/net/route/sys_dragonfly.go,100.00
vendor/golang.org/x/net/route/sys_freebsd.go,100.00
vendor/golang.org/x/net/route/sys_netbsd.go,100.00
vendor/golang.org/x/net/route/sys_openbsd.go,100.00
vendor/golang.org/x/net/route/syscall.go,100.00
vendor/golang.org/x/net/route/zsys_darwin.go,100.00
vendor/golang.org/x/net/route/zsys_dragonfly.go,100.00
vendor/golang.org/x/net/route/zsys_freebsd_386.go,100.00
vendor/golang.org/x/net/route/zsys_freebsd_amd64.go,100.00
vendor/golang.org/x/net/route/zsys_freebsd_arm.go,100.00
vendor/golang.org/x/net/route/zsys_netbsd.go,100.00
vendor/golang.org/x/net/route/zsys_openbsd.go,100.00
vendor/golang.org/x/net/trace/events.go,100.00
vendor/golang.org/x/net/trace/histogram.go,100.00
vendor/golang.org/x/net/trace/histogram_test.go,100.00
vendor/golang.org/x/net/trace/trace.go,100.00
vendor/golang.org/x/net/trace/trace_go16.go,100.00
vendor/golang.org/x/net/trace/trace_go17.go,100.00
vendor/golang.org/x/net/trace/trace_test.go,100.00
vendor/golang.org/x/net/webdav/file.go,100.00
vendor/golang.org/x/net/webdav/file_go1.6.go,100.00
vendor/golang.org/x/net/webdav/file_go1.7.go,100.00
vendor/golang.org/x/net/webdav/file_test.go,100.00
vendor/golang.org/x/net/webdav/if.go,100.00
vendor/golang.org/x/net/webdav/if_test.go,100.00
vendor/golang.org/x/net/webdav/internal/xml/README,100.00
vendor/golang.org/x/net/webdav/internal/xml/atom_test.go,100.00
vendor/golang.org/x/net/webdav/internal/xml/example_test.go,100.00
vendor/golang.org/x/net/webdav/internal/xml/marshal.go,100.00
vendor/golang.org/x/net/webdav/internal/xml/marshal_test.go,100.00
vendor/golang.org/x/net/webdav/internal/xml/read.go,100.00
vendor/golang.org/x/net/webdav/internal/xml/read_test.go,100.00
vendor/golang.org/x/net/webdav/internal/xml/typeinfo.go,100.00
vendor/golang.org/x/net/webdav/internal/xml/xml.go,100.00
vendor/golang.org/x/net/webdav/internal/xml/xml_test.go,100.00
vendor/golang.org/x/net/webdav/litmus_test_server.go,100.00
vendor/golang.org/x/net/webdav/lock.go,100.00
vendor/golang.org/x/net/webdav/lock_test.go,100.00
vendor/golang.org/x/net/webdav/prop.go,100.00
vendor/golang.org/x/net/webdav/prop_test.go,100.00
vendor/golang.org/x/net/webdav/webdav.go,100.00
vendor/golang.org/x/net/webdav/webdav_test.go,100.00
vendor/golang.org/x/net/webdav/xml.go,100.00
vendor/golang.org/x/net/webdav/xml_test.go,100.00
vendor/golang.org/x/net/websocket/client.go,100.00
vendor/golang.org/x/net/websocket/dial.go,100.00
vendor/golang.org/x/net/websocket/dial_test.go,100.00
vendor/golang.org/x/net/websocket/exampledial_test.go,100.00
vendor/golang.org/x/net/websocket/examplehandler_test.go,100.00
vendor/golang.org/x/net/websocket/hybi.go,100.00
vendor/golang.org/x/net/websocket/hybi_test.go,100.00
vendor/golang.org/x/net/websocket/server.go,100.00
vendor/golang.org/x/net/websocket/websocket.go,100.00
vendor/golang.org/x/net/websocket/websocket_test.go,100.00
vendor/golang.org/x/net/xsrftoken/xsrf.go,100.00
vendor/golang.org/x/net/xsrftoken/xsrf_test.go,100.00
client/visitor.go,50.58
utils/vhost/newhttp.go,99.23
utils/vhost/reverseproxy.go,100.00
tests/util.go,100.00
tests/conf/auto_test_frpc_visitor.ini,100.00
client/proxy_manager.go,100.00
vendor/github.com/rodaine/table/.travis.yml,100.00
vendor/github.com/rodaine/table/license,100.00
vendor/github.com/rodaine/table/makefile,100.00
vendor/github.com/rodaine/table/readme.md,100.00
vendor/github.com/rodaine/table/table.go,100.00
vendor/github.com/rodaine/table/table_test.go,100.00
server/ports.go,100.00
vendor/github.com/gorilla/websocket/.gitignore,100.00
vendor/github.com/gorilla/websocket/.travis.yml,100.00
vendor/github.com/gorilla/websocket/AUTHORS,100.00
vendor/github.com/gorilla/websocket/LICENSE,100.00
vendor/github.com/gorilla/websocket/README.md,100.00
vendor/github.com/gorilla/websocket/client.go,100.00
vendor/github.com/gorilla/websocket/client_clone.go,100.00
vendor/github.com/gorilla/websocket/client_clone_legacy.go,100.00
vendor/github.com/gorilla/websocket/client_server_test.go,100.00
vendor/github.com/gorilla/websocket/client_test.go,100.00
vendor/github.com/gorilla/websocket/compression.go,100.00
vendor/github.com/gorilla/websocket/compression_test.go,100.00
vendor/github.com/gorilla/websocket/conn.go,100.00
vendor/github.com/gorilla/websocket/conn_broadcast_test.go,100.00
vendor/github.com/gorilla/websocket/conn_read.go,100.00
vendor/github.com/gorilla/websocket/conn_read_legacy.go,100.00
vendor/github.com/gorilla/websocket/conn_test.go,100.00
vendor/github.com/gorilla/websocket/doc.go,100.00
vendor/github.com/gorilla/websocket/example_test.go,100.00
vendor/github.com/gorilla/websocket/examples/autobahn/README.md,100.00
vendor/github.com/gorilla/websocket/examples/autobahn/fuzzingclient.json,100.00
vendor/github.com/gorilla/websocket/examples/autobahn/server.go,100.00
vendor/github.com/gorilla/websocket/examples/chat/README.md,100.00
vendor/github.com/gorilla/websocket/examples/chat/client.go,100.00
vendor/github.com/gorilla/websocket/examples/chat/home.html,100.00
vendor/github.com/gorilla/websocket/examples/chat/hub.go,100.00
vendor/github.com/gorilla/websocket/examples/chat/main.go,100.00
vendor/github.com/gorilla/websocket/examples/command/README.md,100.00
vendor/github.com/gorilla/websocket/examples/command/home.html,100.00
vendor/github.com/gorilla/websocket/examples/command/main.go,100.00
vendor/github.com/gorilla/websocket/examples/echo/README.md,100.00
vendor/github.com/gorilla/websocket/examples/echo/client.go,100.00
vendor/github.com/gorilla/websocket/examples/echo/server.go,100.00
vendor/github.com/gorilla/websocket/examples/filewatch/README.md,100.00
vendor/github.com/gorilla/websocket/examples/filewatch/main.go,100.00
vendor/github.com/gorilla/websocket/json.go,100.00
vendor/github.com/gorilla/websocket/json_test.go,100.00
vendor/github.com/gorilla/websocket/mask.go,100.00
vendor/github.com/gorilla/websocket/mask_safe.go,100.00
vendor/github.com/gorilla/websocket/mask_test.go,100.00
vendor/github.com/gorilla/websocket/prepared.go,100.00
vendor/github.com/gorilla/websocket/prepared_test.go,100.00
vendor/github.com/gorilla/websocket/proxy.go,100.00
vendor/github.com/gorilla/websocket/server.go,100.00
vendor/github.com/gorilla/websocket/server_test.go,100.00
vendor/github.com/gorilla/websocket/util.go,100.00
vendor/github.com/gorilla/websocket/util_test.go,100.00
vendor/github.com/gorilla/websocket/x_net_proxy.go,100.00
models/plugin/static_file.go,100.00
Makefile.cross-compiles.bak,100.00
cmd/frpc/sub/http.go,90.71
cmd/frpc/sub/https.go,89.52
cmd/frpc/sub/reload.go,80.43
cmd/frpc/sub/root.go,82.28
cmd/frpc/sub/status.go,69.49
cmd/frpc/sub/stcp.go,91.63
cmd/frpc/sub/tcp.go,89.17
cmd/frpc/sub/udp.go,89.52
cmd/frpc/sub/xtcp.go,91.79
cmd/frps/root.go,71.71
g/g.go,100.00
vendor/github.com/inconshreveable/mousetrap/LICENSE,100.00
vendor/github.com/inconshreveable/mousetrap/README.md,100.00
vendor/github.com/inconshreveable/mousetrap/trap_others.go,100.00
vendor/github.com/inconshreveable/mousetrap/trap_windows.go,100.00
vendor/github.com/inconshreveable/mousetrap/trap_windows_1.4.go,100.00
vendor/github.com/spf13/cobra/.circleci/config.yml,100.00
vendor/github.com/spf13/cobra/.gitignore,100.00
vendor/github.com/spf13/cobra/.mailmap,100.00
vendor/github.com/spf13/cobra/.travis.yml,100.00
vendor/github.com/spf13/cobra/LICENSE.txt,100.00
vendor/github.com/spf13/cobra/README.md,100.00
vendor/github.com/spf13/cobra/args.go,100.00
vendor/github.com/spf13/cobra/args_test.go,100.00
vendor/github.com/spf13/cobra/bash_completions.go,100.00
vendor/github.com/spf13/cobra/bash_completions.md,100.00
vendor/github.com/spf13/cobra/bash_completions_test.go,100.00
vendor/github.com/spf13/cobra/cobra.go,100.00
vendor/github.com/spf13/cobra/cobra/README.md,100.00
vendor/github.com/spf13/cobra/cobra/cmd/add.go,100.00
vendor/github.com/spf13/cobra/cobra/cmd/add_test.go,100.00
vendor/github.com/spf13/cobra/cobra/cmd/golden_test.go,100.00
vendor/github.com/spf13/cobra/cobra/cmd/helpers.go,100.00
vendor/github.com/spf13/cobra/cobra/cmd/init.go,100.00
vendor/github.com/spf13/cobra/cobra/cmd/init_test.go,100.00
vendor/github.com/spf13/cobra/cobra/cmd/license_agpl.go,100.00
vendor/github.com/spf13/cobra/cobra/cmd/license_apache_2.go,100.00
vendor/github.com/spf13/cobra/cobra/cmd/license_bsd_clause_2.go,100.00
vendor/github.com/spf13/cobra/cobra/cmd/license_bsd_clause_3.go,100.00
vendor/github.com/spf13/cobra/cobra/cmd/license_gpl_2.go,100.00
vendor/github.com/spf13/cobra/cobra/cmd/license_gpl_3.go,100.00
vendor/github.com/spf13/cobra/cobra/cmd/license_lgpl.go,100.00
vendor/github.com/spf13/cobra/cobra/cmd/license_mit.go,100.00
vendor/github.com/spf13/cobra/cobra/cmd/licenses.go,100.00
vendor/github.com/spf13/cobra/cobra/cmd/project.go,100.00
vendor/github.com/spf13/cobra/cobra/cmd/project_test.go,100.00
vendor/github.com/spf13/cobra/cobra/cmd/root.go,100.00
vendor/github.com/spf13/cobra/cobra/cmd/testdata/LICENSE.golden,100.00
vendor/github.com/spf13/cobra/cobra/cmd/testdata/main.go.golden,100.00
vendor/github.com/spf13/cobra/cobra/cmd/testdata/root.go.golden,100.00
vendor/github.com/spf13/cobra/cobra/cmd/testdata/test.go.golden,100.00
vendor/github.com/spf13/cobra/cobra/main.go,100.00
vendor/github.com/spf13/cobra/cobra_test.go,100.00
vendor/github.com/spf13/cobra/command.go,100.00
vendor/github.com/spf13/cobra/command_notwin.go,100.00
vendor/github.com/spf13/cobra/command_test.go,100.00
vendor/github.com/spf13/cobra/command_win.go,100.00
vendor/github.com/spf13/cobra/doc/cmd_test.go,100.00
vendor/github.com/spf13/cobra/doc/man_docs.go,100.00
vendor/github.com/spf13/cobra/doc/man_docs.md,100.00
vendor/github.com/spf13/cobra/doc/man_docs_test.go,100.00
vendor/github.com/spf13/cobra/doc/man_examples_test.go,100.00
vendor/github.com/spf13/cobra/doc/md_docs.go,100.00
vendor/github.com/spf13/cobra/doc/md_docs.md,100.00
vendor/github.com/spf13/cobra/doc/md_docs_test.go,100.00
vendor/github.com/spf13/cobra/doc/rest_docs.go,100.00
vendor/github.com/spf13/cobra/doc/rest_docs.md,100.00
vendor/github.com/spf13/cobra/doc/rest_docs_test.go,100.00
vendor/github.com/spf13/cobra/doc/util.go,100.00
vendor/github.com/spf13/cobra/doc/yaml_docs.go,100.00
vendor/github.com/spf13/cobra/doc/yaml_docs.md,100.00
vendor/github.com/spf13/cobra/doc/yaml_docs_test.go,100.00
vendor/github.com/spf13/cobra/zsh_completions.go,100.00
vendor/github.com/spf13/cobra/zsh_completions_test.go,100.00
vendor/github.com/spf13/pflag/.gitignore,100.00
vendor/github.com/spf13/pflag/.travis.yml,100.00
vendor/github.com/spf13/pflag/LICENSE,100.00
vendor/github.com/spf13/pflag/README.md,100.00
vendor/github.com/spf13/pflag/bool.go,100.00
vendor/github.com/spf13/pflag/bool_slice.go,100.00
vendor/github.com/spf13/pflag/bool_slice_test.go,100.00
vendor/github.com/spf13/pflag/bool_test.go,100.00
vendor/github.com/spf13/pflag/bytes.go,100.00
vendor/github.com/spf13/pflag/bytes_test.go,100.00
vendor/github.com/spf13/pflag/count.go,100.00
vendor/github.com/spf13/pflag/count_test.go,100.00
vendor/github.com/spf13/pflag/duration.go,100.00
vendor/github.com/spf13/pflag/duration_slice.go,100.00
vendor/github.com/spf13/pflag/duration_slice_test.go,100.00
vendor/github.com/spf13/pflag/example_test.go,100.00
vendor/github.com/spf13/pflag/export_test.go,100.00
vendor/github.com/spf13/pflag/flag.go,100.00
vendor/github.com/spf13/pflag/flag_test.go,100.00
vendor/github.com/spf13/pflag/float32.go,100.00
vendor/github.com/spf13/pflag/float64.go,100.00
vendor/github.com/spf13/pflag/golangflag.go,100.00
vendor/github.com/spf13/pflag/golangflag_test.go,100.00
vendor/github.com/spf13/pflag/int.go,100.00
vendor/github.com/spf13/pflag/int16.go,100.00
vendor/github.com/spf13/pflag/int32.go,100.00
vendor/github.com/spf13/pflag/int64.go,100.00
vendor/github.com/spf13/pflag/int8.go,100.00
vendor/github.com/spf13/pflag/int_slice.go,100.00
vendor/github.com/spf13/pflag/int_slice_test.go,100.00
vendor/github.com/spf13/pflag/ip.go,100.00
vendor/github.com/spf13/pflag/ip_slice.go,100.00
vendor/github.com/spf13/pflag/ip_slice_test.go,100.00
vendor/github.com/spf13/pflag/ip_test.go,100.00
vendor/github.com/spf13/pflag/ipmask.go,100.00
vendor/github.com/spf13/pflag/ipnet.go,100.00
vendor/github.com/spf13/pflag/ipnet_test.go,100.00
vendor/github.com/spf13/pflag/printusage_test.go,100.00
vendor/github.com/spf13/pflag/string.go,100.00
vendor/github.com/spf13/pflag/string_array.go,100.00
vendor/github.com/spf13/pflag/string_array_test.go,100.00
vendor/github.com/spf13/pflag/string_slice.go,100.00
vendor/github.com/spf13/pflag/string_slice_test.go,100.00
vendor/github.com/spf13/pflag/uint.go,100.00
vendor/github.com/spf13/pflag/uint16.go,100.00
vendor/github.com/spf13/pflag/uint32.go,100.00
vendor/github.com/spf13/pflag/uint64.go,100.00
vendor/github.com/spf13/pflag/uint8.go,100.00
vendor/github.com/spf13/pflag/uint_slice.go,100.00
vendor/github.com/spf13/pflag/uint_slice_test.go,100.00
vendor/github.com/spf13/pflag/verify/all.sh,100.00
vendor/github.com/spf13/pflag/verify/gofmt.sh,100.00
vendor/github.com/spf13/pflag/verify/golint.sh,100.00
vendor/github.com/hashicorp/yamux/LICENSE,100.00
vendor/github.com/hashicorp/yamux/README.md,100.00
vendor/github.com/hashicorp/yamux/addr.go,100.00
vendor/github.com/hashicorp/yamux/bench_test.go,100.00
vendor/github.com/hashicorp/yamux/const.go,100.00
vendor/github.com/hashicorp/yamux/const_test.go,100.00
vendor/github.com/hashicorp/yamux/mux.go,100.00
vendor/github.com/hashicorp/yamux/session.go,100.00
vendor/github.com/hashicorp/yamux/session_test.go,100.00
vendor/github.com/hashicorp/yamux/spec.md,100.00
vendor/github.com/hashicorp/yamux/stream.go,100.00
vendor/github.com/hashicorp/yamux/util.go,100.00
vendor/github.com/hashicorp/yamux/util_test.go,100.00
vendor/golang.org/x/net/README.md,100.00
vendor/golang.org/x/net/bpf/setter.go,100.00
vendor/golang.org/x/net/context/go19.go,100.00
vendor/golang.org/x/net/context/pre_go19.go,100.00
vendor/golang.org/x/net/dns/dnsmessage/example_test.go,100.00
vendor/golang.org/x/net/html/testdata/webkit/ruby.dat,100.00
vendor/golang.org/x/net/html/testdata/webkit/template.dat,100.00
vendor/golang.org/x/net/http/httpguts/guts.go,100.00
vendor/golang.org/x/net/http/httpproxy/export_test.go,100.00
vendor/golang.org/x/net/http/httpproxy/go19_test.go,100.00
vendor/golang.org/x/net/http/httpproxy/proxy.go,100.00
vendor/golang.org/x/net/http/httpproxy/proxy_test.go,100.00
vendor/golang.org/x/net/http2/h2demo/Dockerfile,100.00
vendor/golang.org/x/net/http2/h2demo/Dockerfile.0,100.00
vendor/golang.org/x/net/http2/h2demo/deployment-prod.yaml,100.00
vendor/golang.org/x/net/http2/h2demo/service.yaml,100.00
vendor/golang.org/x/net/icmp/diag_test.go,100.00
vendor/golang.org/x/net/internal/socket/zsys_darwin_arm64.go,100.00
vendor/golang.org/x/net/internal/socks/client.go,100.00
vendor/golang.org/x/net/internal/socks/dial_test.go,100.00
vendor/golang.org/x/net/internal/socks/socks.go,100.00
vendor/golang.org/x/net/internal/sockstest/server.go,100.00
vendor/golang.org/x/net/internal/sockstest/server_test.go,100.00
vendor/golang.org/x/net/ipv4/control_test.go,100.00
vendor/golang.org/x/net/ipv6/control_test.go,100.00
utils/net/mux/mux.go,100.00
utils/net/mux/mux_test.go,100.00
utils/net/mux/rule.go,100.00
web/frps/package-lock.json,100.00
Gopkg.lock,100.00
Gopkg.toml,100.00
vendor/github.com/fatedier/golib/LICENSE,100.00
vendor/github.com/fatedier/golib/crypto/decode.go,100.00
vendor/github.com/fatedier/golib/crypto/encode.go,100.00
vendor/github.com/fatedier/golib/errors/errors.go,100.00
vendor/github.com/fatedier/golib/pool/buf.go,100.00
vendor/github.com/fatedier/golib/pool/snappy.go,100.00
vendor/github.com/golang/snappy/decode_amd64.go,100.00
vendor/github.com/golang/snappy/decode_amd64.s,100.00
vendor/github.com/golang/snappy/decode_other.go,100.00
vendor/github.com/golang/snappy/encode_amd64.go,100.00
vendor/github.com/golang/snappy/encode_amd64.s,100.00
vendor/github.com/golang/snappy/encode_other.go,100.00
vendor/github.com/fatedier/golib/net/conn.go,100.00
vendor/github.com/fatedier/golib/net/mux/mux.go,100.00
vendor/github.com/fatedier/golib/net/proxy.go,100.00
vendor/github.com/stretchr/testify/assert/assertion_format.go,100.00
vendor/github.com/stretchr/testify/assert/assertion_format.go.tmpl,100.00
models/msg/ctl.go,100.00
vendor/github.com/fatedier/golib/msg/json/msg.go,100.00
vendor/github.com/fatedier/golib/msg/json/pack.go,100.00
vendor/github.com/fatedier/golib/msg/json/process.go,100.00
vendor/github.com/gorilla/context/.travis.yml,100.00
vendor/github.com/gorilla/context/LICENSE,100.00
vendor/github.com/gorilla/context/README.md,100.00
vendor/github.com/gorilla/context/context.go,100.00
vendor/github.com/gorilla/context/doc.go,100.00
vendor/github.com/gorilla/mux/.travis.yml,100.00
vendor/github.com/gorilla/mux/ISSUE_TEMPLATE.md,100.00
vendor/github.com/gorilla/mux/LICENSE,100.00
vendor/github.com/gorilla/mux/README.md,100.00
vendor/github.com/gorilla/mux/context_gorilla.go,100.00
vendor/github.com/gorilla/mux/context_native.go,100.00
vendor/github.com/gorilla/mux/doc.go,100.00
vendor/github.com/gorilla/mux/middleware.go,100.00
vendor/github.com/gorilla/mux/mux.go,100.00
vendor/github.com/gorilla/mux/regexp.go,100.00
vendor/github.com/gorilla/mux/route.go,100.00
vendor/github.com/gorilla/mux/test_helpers.go,100.00
web/frps/src/components/ProxiesStcp.vue,80.90
server/group.go,100.00
server/group/group.go,100.00
server/group/tcp.go,100.00
server/ports/ports.go,100.00
client/health.go,100.00
client/visitor_manager.go,85.38
models/config/visitor.go,88.17
tests/config/auto_test_frpc.ini,100.00
tests/config/auto_test_frpc_visitor.ini,100.00
tests/config/auto_test_frps.ini,100.00
tests/config/config.go,100.00
tests/consts/consts.go,96.59
tests/mock/echo_server.go,100.00
tests/mock/http_server.go,100.00
tests/util/process.go,100.00
tests/util/util.go,46.88
tests/ci/auto_test_frpc.ini,70.00
tests/ci/auto_test_frpc_visitor.ini,100.00
tests/ci/auto_test_frps.ini,100.00
tests/ci/cmd_test.go,100.00
tests/ci/normal_test.go,92.19
tests/ci/reconnect_test.go,100.00
tests/ci/reload_test.go,100.00
utils/net/websocket.go,65.13
client/event.go,100.00
client/proxy_wrapper.go,100.00
tests/ci/health/health_test.go,99.71
client/event/event.go,75.00
client/health/health.go,85.14
client/proxy/proxy.go,79.09
client/proxy/proxy_manager.go,87.97
client/proxy/proxy_wrapper.go,97.50
models/config/value.go,100.00
tests/ci/template_test.go,100.00
models/nathole/nathole.go,100.00
server/controller/resource.go,89.13
server/controller/visitor.go,100.00
server/proxy/http.go,94.89
server/proxy/https.go,93.33
server/proxy/proxy.go,86.19
server/proxy/stcp.go,93.55
server/proxy/tcp.go,94.70
server/proxy/udp.go,96.31
server/proxy/xtcp.go,92.68
server/stats/internal.go,98.56
server/stats/stats.go,100.00
go.mod,85.16
go.sum,76.17
vendor/github.com/tjfoc/gmsm/sm4/key.pem,100.00
vendor/modules.txt,74.34
assets/frpc/static/index.html,100.00
assets/frpc/static/manifest.js,100.00
assets/frpc/static/vendor.js,100.00
assets/frpc/statik/statik.go,100.00
assets/frps/static/index.html,97.56
assets/frps/static/manifest.js,88.89
assets/frps/static/vendor.js,88.89
assets/frps/statik/statik.go,86.36
web/frpc/.babelrc,100.00
web/frpc/.gitignore,100.00
web/frpc/Makefile,100.00
web/frpc/package-lock.json,100.00
web/frpc/package.json,100.00
web/frpc/postcss.config.js,100.00
web/frpc/src/App.vue,100.00
web/frpc/src/components/Configure.vue,100.00
web/frpc/src/components/Overview.vue,100.00
web/frpc/src/index.html,100.00
web/frpc/src/main.js,100.00
web/frpc/src/router/index.js,100.00
web/frpc/src/utils/less/custom.less,100.00
web/frpc/src/utils/status.js,100.00
web/frpc/webpack.config.js,100.00
web/frpc/yarn.lock,100.00
tests/ci/tls_test.go,69.54
utils/net/tls.go,91.30
vendor/github.com/hashicorp/yamux/go.mod,100.00
vendor/github.com/fatedier/kcp-go/entropy.go,100.00
vendor/github.com/klauspost/cpuid/CONTRIBUTING.txt,100.00
vendor/github.com/klauspost/reedsolomon/galoisAvx512_amd64.go,100.00
vendor/github.com/klauspost/reedsolomon/galoisAvx512_amd64.s,100.00
vendor/github.com/klauspost/reedsolomon/galois_arm64.go,100.00
vendor/github.com/klauspost/reedsolomon/galois_arm64.s,100.00
vendor/github.com/klauspost/reedsolomon/galois_ppc64le.go,100.00
vendor/github.com/klauspost/reedsolomon/galois_ppc64le.s,100.00
conf/systemd/frpc.service,93.33
conf/systemd/frpc@.service,87.50
conf/systemd/frps.service,92.86
conf/systemd/frps@.service,92.86
vendor/github.com/pires/go-proxyproto/.gitignore,100.00
vendor/github.com/pires/go-proxyproto/.travis.yml,100.00
vendor/github.com/pires/go-proxyproto/LICENSE,100.00
vendor/github.com/pires/go-proxyproto/README.md,100.00
vendor/github.com/pires/go-proxyproto/addr_proto.go,100.00
vendor/github.com/pires/go-proxyproto/header.go,100.00
vendor/github.com/pires/go-proxyproto/v1.go,100.00
vendor/github.com/pires/go-proxyproto/v2.go,100.00
vendor/github.com/pires/go-proxyproto/version_cmd.go,100.00
models/plugin/https2http.go,86.62
server/group/http.go,100.00
vendor/github.com/fatedier/kcp-go/batchconn.go,100.00
vendor/github.com/fatedier/kcp-go/readloop.go,100.00
vendor/github.com/fatedier/kcp-go/readloop_generic.go,100.00
vendor/github.com/fatedier/kcp-go/readloop_linux.go,100.00
vendor/github.com/fatedier/kcp-go/tx.go,100.00
vendor/github.com/fatedier/kcp-go/tx_generic.go,100.00
vendor/github.com/fatedier/kcp-go/tx_linux.go,100.00
vendor/github.com/gorilla/mux/AUTHORS,100.00
vendor/github.com/gorilla/mux/go.mod,100.00
vendor/golang.org/x/net/http/httpguts/httplex.go,100.00
vendor/golang.org/x/text/AUTHORS,100.00
vendor/golang.org/x/text/CONTRIBUTORS,100.00
vendor/golang.org/x/text/LICENSE,100.00
vendor/golang.org/x/text/PATENTS,100.00
vendor/golang.org/x/text/secure/bidirule/bidirule.go,100.00
vendor/golang.org/x/text/secure/bidirule/bidirule10.0.0.go,100.00
vendor/golang.org/x/text/secure/bidirule/bidirule9.0.0.go,100.00
vendor/golang.org/x/text/transform/transform.go,100.00
vendor/golang.org/x/text/unicode/bidi/bidi.go,100.00
vendor/golang.org/x/text/unicode/bidi/bracket.go,100.00
vendor/golang.org/x/text/unicode/bidi/core.go,100.00
vendor/golang.org/x/text/unicode/bidi/prop.go,100.00
vendor/golang.org/x/text/unicode/bidi/tables10.0.0.go,100.00
vendor/golang.org/x/text/unicode/bidi/tables11.0.0.go,100.00
vendor/golang.org/x/text/unicode/bidi/tables9.0.0.go,100.00
vendor/golang.org/x/text/unicode/bidi/trieval.go,100.00
vendor/golang.org/x/text/unicode/norm/composition.go,100.00
vendor/golang.org/x/text/unicode/norm/forminfo.go,100.00
vendor/golang.org/x/text/unicode/norm/input.go,100.00
vendor/golang.org/x/text/unicode/norm/iter.go,100.00
vendor/golang.org/x/text/unicode/norm/normalize.go,100.00
vendor/golang.org/x/text/unicode/norm/readwriter.go,100.00
vendor/golang.org/x/text/unicode/norm/tables10.0.0.go,100.00
vendor/golang.org/x/text/unicode/norm/tables11.0.0.go,100.00
vendor/golang.org/x/text/unicode/norm/tables9.0.0.go,100.00
vendor/golang.org/x/text/unicode/norm/transform.go,100.00
vendor/golang.org/x/text/unicode/norm/trie.go,100.00
vendor/github.com/gorilla/websocket/conn_write.go,100.00
vendor/github.com/gorilla/websocket/conn_write_legacy.go,100.00
vendor/github.com/gorilla/websocket/trace.go,100.00
vendor/github.com/gorilla/websocket/trace_17.go,100.00
vendor/golang.org/x/crypto/internal/subtle/aliasing.go,100.00
vendor/golang.org/x/crypto/internal/subtle/aliasing_appengine.go,100.00
vendor/golang.org/x/net/idna/idna10.0.0.go,100.00
vendor/golang.org/x/net/idna/idna9.0.0.go,100.00
vendor/golang.org/x/net/idna/tables10.0.0.go,100.00
vendor/golang.org/x/net/idna/tables11.0.0.go,100.00
vendor/golang.org/x/net/idna/tables9.0.0.go,100.00
vendor/golang.org/x/net/internal/socket/empty.s,100.00
vendor/golang.org/x/net/internal/socket/sys_const_unix.go,100.00
vendor/golang.org/x/net/internal/socket/sys_go1_11_darwin.go,100.00
vendor/golang.org/x/net/internal/socket/sys_linkname.go,100.00
vendor/golang.org/x/net/internal/socket/sys_linux_riscv64.go,100.00
vendor/golang.org/x/net/internal/socket/zsys_aix_ppc64.go,100.00
vendor/golang.org/x/net/internal/socket/zsys_freebsd_arm64.go,100.00
vendor/golang.org/x/net/internal/socket/zsys_linux_riscv64.go,100.00
vendor/golang.org/x/net/internal/socket/zsys_netbsd_arm64.go,100.00
vendor/golang.org/x/net/internal/socket/zsys_openbsd_arm64.go,100.00
vendor/golang.org/x/net/ipv4/sys_aix.go,100.00
vendor/golang.org/x/net/ipv4/zsys_aix_ppc64.go,100.00
vendor/golang.org/x/net/ipv4/zsys_linux_riscv64.go,100.00
vendor/golang.org/x/net/ipv6/sys_aix.go,100.00
vendor/golang.org/x/net/ipv6/zsys_aix_ppc64.go,100.00
vendor/golang.org/x/net/ipv6/zsys_linux_riscv64.go,100.00
vendor/golang.org/x/net/proxy/dial.go,100.00
vendor/golang.org/x/sys/AUTHORS,100.00
vendor/golang.org/x/sys/CONTRIBUTORS,100.00
vendor/golang.org/x/sys/LICENSE,100.00
vendor/golang.org/x/sys/PATENTS,100.00
vendor/golang.org/x/sys/unix/.gitignore,100.00
vendor/golang.org/x/sys/unix/README.md,100.00
vendor/golang.org/x/sys/unix/affinity_linux.go,100.00
vendor/golang.org/x/sys/unix/aliases.go,100.00
vendor/golang.org/x/sys/unix/asm_aix_ppc64.s,100.00
vendor/golang.org/x/sys/unix/asm_darwin_386.s,100.00
vendor/golang.org/x/sys/unix/asm_darwin_amd64.s,100.00
vendor/golang.org/x/sys/unix/asm_darwin_arm.s,100.00
vendor/golang.org/x/sys/unix/asm_darwin_arm64.s,100.00
vendor/golang.org/x/sys/unix/asm_dragonfly_amd64.s,100.00
vendor/golang.org/x/sys/unix/asm_freebsd_386.s,100.00
vendor/golang.org/x/sys/unix/asm_freebsd_amd64.s,100.00
vendor/golang.org/x/sys/unix/asm_freebsd_arm.s,100.00
vendor/golang.org/x/sys/unix/asm_freebsd_arm64.s,100.00
vendor/golang.org/x/sys/unix/asm_linux_386.s,100.00
vendor/golang.org/x/sys/unix/asm_linux_amd64.s,100.00
vendor/golang.org/x/sys/unix/asm_linux_arm.s,100.00
vendor/golang.org/x/sys/unix/asm_linux_arm64.s,100.00
vendor/golang.org/x/sys/unix/asm_linux_mips64x.s,100.00
vendor/golang.org/x/sys/unix/asm_linux_mipsx.s,100.00
vendor/golang.org/x/sys/unix/asm_linux_ppc64x.s,100.00
vendor/golang.org/x/sys/unix/asm_linux_s390x.s,100.00
vendor/golang.org/x/sys/unix/asm_netbsd_386.s,100.00
vendor/golang.org/x/sys/unix/asm_netbsd_amd64.s,100.00
vendor/golang.org/x/sys/unix/asm_netbsd_arm.s,100.00
vendor/golang.org/x/sys/unix/asm_netbsd_arm64.s,100.00
vendor/golang.org/x/sys/unix/asm_openbsd_386.s,100.00
vendor/golang.org/x/sys/unix/asm_openbsd_amd64.s,100.00
vendor/golang.org/x/sys/unix/asm_openbsd_arm.s,100.00
vendor/golang.org/x/sys/unix/asm_solaris_amd64.s,100.00
vendor/golang.org/x/sys/unix/bluetooth_linux.go,100.00
vendor/golang.org/x/sys/unix/cap_freebsd.go,100.00
vendor/golang.org/x/sys/unix/constants.go,100.00
vendor/golang.org/x/sys/unix/dev_aix_ppc.go,100.00
vendor/golang.org/x/sys/unix/dev_aix_ppc64.go,100.00
vendor/golang.org/x/sys/unix/dev_darwin.go,100.00
vendor/golang.org/x/sys/unix/dev_dragonfly.go,100.00
vendor/golang.org/x/sys/unix/dev_freebsd.go,100.00
vendor/golang.org/x/sys/unix/dev_linux.go,100.00
vendor/golang.org/x/sys/unix/dev_netbsd.go,100.00
vendor/golang.org/x/sys/unix/dev_openbsd.go,100.00
vendor/golang.org/x/sys/unix/dirent.go,100.00
vendor/golang.org/x/sys/unix/endian_big.go,100.00
vendor/golang.org/x/sys/unix/endian_little.go,100.00
vendor/golang.org/x/sys/unix/env_unix.go,100.00
vendor/golang.org/x/sys/unix/errors_freebsd_386.go,100.00
vendor/golang.org/x/sys/unix/errors_freebsd_amd64.go,100.00
vendor/golang.org/x/sys/unix/errors_freebsd_arm.go,100.00
vendor/golang.org/x/sys/unix/fcntl.go,100.00
vendor/golang.org/x/sys/unix/fcntl_darwin.go,100.00
vendor/golang.org/x/sys/unix/fcntl_linux_32bit.go,100.00
vendor/golang.org/x/sys/unix/gccgo.go,100.00
vendor/golang.org/x/sys/unix/gccgo_c.c,100.00
vendor/golang.org/x/sys/unix/gccgo_linux_amd64.go,100.00
vendor/golang.org/x/sys/unix/ioctl.go,100.00
vendor/golang.org/x/sys/unix/mkall.sh,100.00
vendor/golang.org/x/sys/unix/mkerrors.sh,100.00
vendor/golang.org/x/sys/unix/mksysctl_openbsd.pl,100.00
vendor/golang.org/x/sys/unix/openbsd_pledge.go,100.00
vendor/golang.org/x/sys/unix/openbsd_unveil.go,100.00
vendor/golang.org/x/sys/unix/pagesize_unix.go,100.00
vendor/golang.org/x/sys/unix/race.go,100.00
vendor/golang.org/x/sys/unix/race0.go,100.00
vendor/golang.org/x/sys/unix/sockcmsg_linux.go,100.00
vendor/golang.org/x/sys/unix/sockcmsg_unix.go,100.00
vendor/golang.org/x/sys/unix/str.go,100.00
vendor/golang.org/x/sys/unix/syscall.go,100.00
vendor/golang.org/x/sys/unix/syscall_aix.go,100.00
vendor/golang.org/x/sys/unix/syscall_aix_ppc.go,100.00
vendor/golang.org/x/sys/unix/syscall_aix_ppc64.go,100.00
vendor/golang.org/x/sys/unix/syscall_bsd.go,100.00
vendor/golang.org/x/sys/unix/syscall_darwin.go,100.00
vendor/golang.org/x/sys/unix/syscall_darwin_386.go,100.00
vendor/golang.org/x/sys/unix/syscall_darwin_amd64.go,100.00
vendor/golang.org/x/sys/unix/syscall_darwin_arm.go,100.00
vendor/golang.org/x/sys/unix/syscall_darwin_arm64.go,100.00
vendor/golang.org/x/sys/unix/syscall_darwin_libSystem.go,100.00
vendor/golang.org/x/sys/unix/syscall_dragonfly.go,100.00
vendor/golang.org/x/sys/unix/syscall_dragonfly_amd64.go,100.00
vendor/golang.org/x/sys/unix/syscall_freebsd.go,100.00
vendor/golang.org/x/sys/unix/syscall_freebsd_386.go,100.00
vendor/golang.org/x/sys/unix/syscall_freebsd_amd64.go,100.00
vendor/golang.org/x/sys/unix/syscall_freebsd_arm.go,100.00
vendor/golang.org/x/sys/unix/syscall_freebsd_arm64.go,100.00
vendor/golang.org/x/sys/unix/syscall_linux.go,100.00
vendor/golang.org/x/sys/unix/syscall_linux_386.go,100.00
vendor/golang.org/x/sys/unix/syscall_linux_amd64.go,100.00
vendor/golang.org/x/sys/unix/syscall_linux_amd64_gc.go,100.00
vendor/golang.org/x/sys/unix/syscall_linux_arm.go,100.00
vendor/golang.org/x/sys/unix/syscall_linux_arm64.go,100.00
vendor/golang.org/x/sys/unix/syscall_linux_gc.go,100.00
vendor/golang.org/x/sys/unix/syscall_linux_gc_386.go,100.00
vendor/golang.org/x/sys/unix/syscall_linux_gccgo_386.go,100.00
vendor/golang.org/x/sys/unix/syscall_linux_gccgo_arm.go,100.00
vendor/golang.org/x/sys/unix/syscall_linux_mips64x.go,100.00
vendor/golang.org/x/sys/unix/syscall_linux_mipsx.go,100.00
vendor/golang.org/x/sys/unix/syscall_linux_ppc64x.go,100.00
vendor/golang.org/x/sys/unix/syscall_linux_riscv64.go,100.00
vendor/golang.org/x/sys/unix/syscall_linux_s390x.go,100.00
vendor/golang.org/x/sys/unix/syscall_linux_sparc64.go,100.00
vendor/golang.org/x/sys/unix/syscall_netbsd.go,100.00
vendor/golang.org/x/sys/unix/syscall_netbsd_386.go,100.00
vendor/golang.org/x/sys/unix/syscall_netbsd_amd64.go,100.00
vendor/golang.org/x/sys/unix/syscall_netbsd_arm.go,100.00
vendor/golang.org/x/sys/unix/syscall_netbsd_arm64.go,100.00
vendor/golang.org/x/sys/unix/syscall_openbsd.go,100.00
vendor/golang.org/x/sys/unix/syscall_openbsd_386.go,100.00
vendor/golang.org/x/sys/unix/syscall_openbsd_amd64.go,100.00
vendor/golang.org/x/sys/unix/syscall_openbsd_arm.go,100.00
vendor/golang.org/x/sys/unix/syscall_solaris.go,100.00
vendor/golang.org/x/sys/unix/syscall_solaris_amd64.go,100.00
vendor/golang.org/x/sys/unix/syscall_unix.go,100.00
vendor/golang.org/x/sys/unix/syscall_unix_gc.go,100.00
vendor/golang.org/x/sys/unix/syscall_unix_gc_ppc64x.go,100.00
vendor/golang.org/x/sys/unix/timestruct.go,100.00
vendor/golang.org/x/sys/unix/xattr_bsd.go,100.00
vendor/golang.org/x/sys/unix/zerrors_aix_ppc.go,100.00
vendor/golang.org/x/sys/unix/zerrors_aix_ppc64.go,100.00
vendor/golang.org/x/sys/unix/zerrors_darwin_386.go,100.00
vendor/golang.org/x/sys/unix/zerrors_darwin_amd64.go,100.00
vendor/golang.org/x/sys/unix/zerrors_darwin_arm.go,100.00
vendor/golang.org/x/sys/unix/zerrors_darwin_arm64.go,100.00
vendor/golang.org/x/sys/unix/zerrors_dragonfly_amd64.go,100.00
vendor/golang.org/x/sys/unix/zerrors_freebsd_386.go,100.00
vendor/golang.org/x/sys/unix/zerrors_freebsd_amd64.go,100.00
vendor/golang.org/x/sys/unix/zerrors_freebsd_arm.go,100.00
vendor/golang.org/x/sys/unix/zerrors_freebsd_arm64.go,100.00
vendor/golang.org/x/sys/unix/zerrors_linux_386.go,100.00
vendor/golang.org/x/sys/unix/zerrors_linux_amd64.go,100.00
vendor/golang.org/x/sys/unix/zerrors_linux_arm.go,100.00
vendor/golang.org/x/sys/unix/zerrors_linux_arm64.go,100.00
vendor/golang.org/x/sys/unix/zerrors_linux_mips.go,100.00
vendor/golang.org/x/sys/unix/zerrors_linux_mips64.go,100.00
vendor/golang.org/x/sys/unix/zerrors_linux_mips64le.go,100.00
vendor/golang.org/x/sys/unix/zerrors_linux_mipsle.go,100.00
vendor/golang.org/x/sys/unix/zerrors_linux_ppc64.go,100.00
vendor/golang.org/x/sys/unix/zerrors_linux_ppc64le.go,100.00
vendor/golang.org/x/sys/unix/zerrors_linux_riscv64.go,100.00
vendor/golang.org/x/sys/unix/zerrors_linux_s390x.go,100.00
vendor/golang.org/x/sys/unix/zerrors_linux_sparc64.go,100.00
vendor/golang.org/x/sys/unix/zerrors_netbsd_386.go,100.00
vendor/golang.org/x/sys/unix/zerrors_netbsd_amd64.go,100.00
vendor/golang.org/x/sys/unix/zerrors_netbsd_arm.go,100.00
vendor/golang.org/x/sys/unix/zerrors_netbsd_arm64.go,100.00
vendor/golang.org/x/sys/unix/zerrors_openbsd_386.go,100.00
vendor/golang.org/x/sys/unix/zerrors_openbsd_amd64.go,100.00
vendor/golang.org/x/sys/unix/zerrors_openbsd_arm.go,100.00
vendor/golang.org/x/sys/unix/zerrors_solaris_amd64.go,100.00
vendor/golang.org/x/sys/unix/zptrace386_linux.go,100.00
vendor/golang.org/x/sys/unix/zptracearm_linux.go,100.00
vendor/golang.org/x/sys/unix/zptracemips_linux.go,100.00
vendor/golang.org/x/sys/unix/zptracemipsle_linux.go,100.00
vendor/golang.org/x/sys/unix/zsyscall_aix_ppc.go,100.00
vendor/golang.org/x/sys/unix/zsyscall_aix_ppc64.go,100.00
vendor/golang.org/x/sys/unix/zsyscall_aix_ppc64_gc.go,100.00
vendor/golang.org/x/sys/unix/zsyscall_aix_ppc64_gccgo.go,100.00
vendor/golang.org/x/sys/unix/zsyscall_darwin_386.1_11.go,100.00
vendor/golang.org/x/sys/unix/zsyscall_darwin_386.go,100.00
vendor/golang.org/x/sys/unix/zsyscall_darwin_386.s,100.00
vendor/golang.org/x/sys/unix/zsyscall_darwin_amd64.1_11.go,100.00
vendor/golang.org/x/sys/unix/zsyscall_darwin_amd64.go,100.00
vendor/golang.org/x/sys/unix/zsyscall_darwin_amd64.s,100.00
vendor/golang.org/x/sys/unix/zsyscall_darwin_arm.1_11.go,100.00
vendor/golang.org/x/sys/unix/zsyscall_darwin_arm.go,100.00
vendor/golang.org/x/sys/unix/zsyscall_darwin_arm.s,100.00
vendor/golang.org/x/sys/unix/zsyscall_darwin_arm64.1_11.go,100.00
vendor/golang.org/x/sys/unix/zsyscall_darwin_arm64.go,100.00
vendor/golang.org/x/sys/unix/zsyscall_darwin_arm64.s,100.00
vendor/golang.org/x/sys/unix/zsyscall_dragonfly_amd64.go,100.00
vendor/golang.org/x/sys/unix/zsyscall_freebsd_386.go,100.00
vendor/golang.org/x/sys/unix/zsyscall_freebsd_amd64.go,100.00
vendor/golang.org/x/sys/unix/zsyscall_freebsd_arm.go,100.00
vendor/golang.org/x/sys/unix/zsyscall_freebsd_arm64.go,100.00
vendor/golang.org/x/sys/unix/zsyscall_linux_386.go,100.00
vendor/golang.org/x/sys/unix/zsyscall_linux_amd64.go,100.00
vendor/golang.org/x/sys/unix/zsyscall_linux_arm.go,100.00
vendor/golang.org/x/sys/unix/zsyscall_linux_arm64.go,100.00
vendor/golang.org/x/sys/unix/zsyscall_linux_mips.go,100.00
vendor/golang.org/x/sys/unix/zsyscall_linux_mips64.go,100.00
vendor/golang.org/x/sys/unix/zsyscall_linux_mips64le.go,100.00
vendor/golang.org/x/sys/unix/zsyscall_linux_mipsle.go,100.00
vendor/golang.org/x/sys/unix/zsyscall_linux_ppc64.go,100.00
vendor/golang.org/x/sys/unix/zsyscall_linux_ppc64le.go,100.00
vendor/golang.org/x/sys/unix/zsyscall_linux_riscv64.go,100.00
vendor/golang.org/x/sys/unix/zsyscall_linux_s390x.go,100.00
vendor/golang.org/x/sys/unix/zsyscall_linux_sparc64.go,100.00
vendor/golang.org/x/sys/unix/zsyscall_netbsd_386.go,100.00
vendor/golang.org/x/sys/unix/zsyscall_netbsd_amd64.go,100.00
vendor/golang.org/x/sys/unix/zsyscall_netbsd_arm.go,100.00
vendor/golang.org/x/sys/unix/zsyscall_netbsd_arm64.go,100.00
vendor/golang.org/x/sys/unix/zsyscall_openbsd_386.go,100.00
vendor/golang.org/x/sys/unix/zsyscall_openbsd_amd64.go,100.00
vendor/golang.org/x/sys/unix/zsyscall_openbsd_arm.go,100.00
vendor/golang.org/x/sys/unix/zsyscall_solaris_amd64.go,100.00
vendor/golang.org/x/sys/unix/zsysctl_openbsd_386.go,100.00
vendor/golang.org/x/sys/unix/zsysctl_openbsd_amd64.go,100.00
vendor/golang.org/x/sys/unix/zsysctl_openbsd_arm.go,100.00
vendor/golang.org/x/sys/unix/zsysnum_darwin_386.go,100.00
vendor/golang.org/x/sys/unix/zsysnum_darwin_amd64.go,100.00
vendor/golang.org/x/sys/unix/zsysnum_darwin_arm.go,100.00
vendor/golang.org/x/sys/unix/zsysnum_darwin_arm64.go,100.00
vendor/golang.org/x/sys/unix/zsysnum_dragonfly_amd64.go,100.00
vendor/golang.org/x/sys/unix/zsysnum_freebsd_386.go,100.00
vendor/golang.org/x/sys/unix/zsysnum_freebsd_amd64.go,100.00
vendor/golang.org/x/sys/unix/zsysnum_freebsd_arm.go,100.00
vendor/golang.org/x/sys/unix/zsysnum_freebsd_arm64.go,100.00
vendor/golang.org/x/sys/unix/zsysnum_linux_386.go,100.00
vendor/golang.org/x/sys/unix/zsysnum_linux_amd64.go,100.00
vendor/golang.org/x/sys/unix/zsysnum_linux_arm.go,100.00
vendor/golang.org/x/sys/unix/zsysnum_linux_arm64.go,100.00
vendor/golang.org/x/sys/unix/zsysnum_linux_mips.go,100.00
vendor/golang.org/x/sys/unix/zsysnum_linux_mips64.go,100.00
vendor/golang.org/x/sys/unix/zsysnum_linux_mips64le.go,100.00
vendor/golang.org/x/sys/unix/zsysnum_linux_mipsle.go,100.00
vendor/golang.org/x/sys/unix/zsysnum_linux_ppc64.go,100.00
vendor/golang.org/x/sys/unix/zsysnum_linux_ppc64le.go,100.00
vendor/golang.org/x/sys/unix/zsysnum_linux_riscv64.go,100.00
vendor/golang.org/x/sys/unix/zsysnum_linux_s390x.go,100.00
vendor/golang.org/x/sys/unix/zsysnum_linux_sparc64.go,100.00
vendor/golang.org/x/sys/unix/zsysnum_netbsd_386.go,100.00
vendor/golang.org/x/sys/unix/zsysnum_netbsd_amd64.go,100.00
vendor/golang.org/x/sys/unix/zsysnum_netbsd_arm.go,100.00
vendor/golang.org/x/sys/unix/zsysnum_netbsd_arm64.go,100.00
vendor/golang.org/x/sys/unix/zsysnum_openbsd_386.go,100.00
vendor/golang.org/x/sys/unix/zsysnum_openbsd_amd64.go,100.00
vendor/golang.org/x/sys/unix/zsysnum_openbsd_arm.go,100.00
vendor/golang.org/x/sys/unix/ztypes_aix_ppc.go,100.00
vendor/golang.org/x/sys/unix/ztypes_aix_ppc64.go,100.00
vendor/golang.org/x/sys/unix/ztypes_darwin_386.go,100.00
vendor/golang.org/x/sys/unix/ztypes_darwin_amd64.go,100.00
vendor/golang.org/x/sys/unix/ztypes_darwin_arm.go,100.00
vendor/golang.org/x/sys/unix/ztypes_darwin_arm64.go,100.00
vendor/golang.org/x/sys/unix/ztypes_dragonfly_amd64.go,100.00
vendor/golang.org/x/sys/unix/ztypes_freebsd_386.go,100.00
vendor/golang.org/x/sys/unix/ztypes_freebsd_amd64.go,100.00
vendor/golang.org/x/sys/unix/ztypes_freebsd_arm.go,100.00
vendor/golang.org/x/sys/unix/ztypes_freebsd_arm64.go,100.00
vendor/golang.org/x/sys/unix/ztypes_linux_386.go,100.00
vendor/golang.org/x/sys/unix/ztypes_linux_amd64.go,100.00
vendor/golang.org/x/sys/unix/ztypes_linux_arm.go,100.00
vendor/golang.org/x/sys/unix/ztypes_linux_arm64.go,100.00
vendor/golang.org/x/sys/unix/ztypes_linux_mips.go,100.00
vendor/golang.org/x/sys/unix/ztypes_linux_mips64.go,100.00
vendor/golang.org/x/sys/unix/ztypes_linux_mips64le.go,100.00
vendor/golang.org/x/sys/unix/ztypes_linux_mipsle.go,100.00
vendor/golang.org/x/sys/unix/ztypes_linux_ppc64.go,100.00
vendor/golang.org/x/sys/unix/ztypes_linux_ppc64le.go,100.00
vendor/golang.org/x/sys/unix/ztypes_linux_riscv64.go,100.00
vendor/golang.org/x/sys/unix/ztypes_linux_s390x.go,100.00
vendor/golang.org/x/sys/unix/ztypes_linux_sparc64.go,100.00
vendor/golang.org/x/sys/unix/ztypes_netbsd_386.go,100.00
vendor/golang.org/x/sys/unix/ztypes_netbsd_amd64.go,100.00
vendor/golang.org/x/sys/unix/ztypes_netbsd_arm.go,100.00
vendor/golang.org/x/sys/unix/ztypes_netbsd_arm64.go,100.00
vendor/golang.org/x/sys/unix/ztypes_openbsd_386.go,100.00
vendor/golang.org/x/sys/unix/ztypes_openbsd_amd64.go,100.00
vendor/golang.org/x/sys/unix/ztypes_openbsd_arm.go,100.00
vendor/golang.org/x/sys/unix/ztypes_solaris_amd64.go,100.00
vendor/golang.org/x/sys/windows/aliases.go,100.00
vendor/golang.org/x/sys/windows/asm_windows_386.s,100.00
vendor/golang.org/x/sys/windows/asm_windows_amd64.s,100.00
vendor/golang.org/x/sys/windows/asm_windows_arm.s,100.00
vendor/golang.org/x/sys/windows/dll_windows.go,100.00
vendor/golang.org/x/sys/windows/env_windows.go,100.00
vendor/golang.org/x/sys/windows/eventlog.go,100.00
vendor/golang.org/x/sys/windows/exec_windows.go,100.00
vendor/golang.org/x/sys/windows/memory_windows.go,100.00
vendor/golang.org/x/sys/windows/mksyscall.go,100.00
vendor/golang.org/x/sys/windows/race.go,100.00
vendor/golang.org/x/sys/windows/race0.go,100.00
vendor/golang.org/x/sys/windows/security_windows.go,100.00
vendor/golang.org/x/sys/windows/service.go,100.00
vendor/golang.org/x/sys/windows/str.go,100.00
vendor/golang.org/x/sys/windows/syscall.go,100.00
vendor/golang.org/x/sys/windows/syscall_windows.go,100.00
vendor/golang.org/x/sys/windows/types_windows.go,100.00
vendor/golang.org/x/sys/windows/types_windows_386.go,100.00
vendor/golang.org/x/sys/windows/types_windows_amd64.go,100.00
vendor/golang.org/x/sys/windows/types_windows_arm.go,100.00
vendor/golang.org/x/sys/windows/zsyscall_windows.go,100.00
utils/xlog/ctx.go,100.00
utils/xlog/xlog.go,100.00
models/config/types.go,100.00
utils/limit/reader.go,100.00
utils/limit/writer.go,100.00
vendor/golang.org/x/time/AUTHORS,100.00
vendor/golang.org/x/time/CONTRIBUTORS,100.00
vendor/golang.org/x/time/LICENSE,100.00
vendor/golang.org/x/time/PATENTS,100.00
vendor/golang.org/x/time/rate/rate.go,100.00
models/config/types_test.go,100.00
models/plugin/http2https.go,99.12
models/plugin/client/http_proxy.go,93.75
models/plugin/client/static_file.go,100.00
models/plugin/server/http.go,99.09
models/plugin/server/manager.go,52.50
models/plugin/server/plugin.go,86.49
models/plugin/server/tracer.go,100.00
models/plugin/server/types.go,72.31
doc/server_plugin.md,63.33
doc/server_plugin_zh.md,74.67
models/auth/auth.go,93.79
models/auth/oidc.go,96.23
models/auth/token.go,99.17
tests/ci/auth_test.go,97.30
vendor/github.com/coreos/go-oidc/.gitignore,100.00
vendor/github.com/coreos/go-oidc/.travis.yml,100.00
vendor/github.com/coreos/go-oidc/CONTRIBUTING.md,100.00
vendor/github.com/coreos/go-oidc/DCO,100.00
vendor/github.com/coreos/go-oidc/LICENSE,100.00
vendor/github.com/coreos/go-oidc/MAINTAINERS,100.00
vendor/github.com/coreos/go-oidc/NOTICE,100.00
vendor/github.com/coreos/go-oidc/README.md,100.00
vendor/github.com/coreos/go-oidc/code-of-conduct.md,100.00
vendor/github.com/coreos/go-oidc/jose.go,100.00
vendor/github.com/coreos/go-oidc/jwks.go,100.00
vendor/github.com/coreos/go-oidc/oidc.go,100.00
vendor/github.com/coreos/go-oidc/test,100.00
vendor/github.com/coreos/go-oidc/verify.go,100.00
vendor/github.com/golang/protobuf/AUTHORS,100.00
vendor/github.com/golang/protobuf/CONTRIBUTORS,100.00
vendor/github.com/golang/protobuf/LICENSE,100.00
vendor/github.com/golang/protobuf/proto/clone.go,100.00
vendor/github.com/golang/protobuf/proto/decode.go,100.00
vendor/github.com/golang/protobuf/proto/discard.go,100.00
vendor/github.com/golang/protobuf/proto/encode.go,100.00
vendor/github.com/golang/protobuf/proto/equal.go,100.00
vendor/github.com/golang/protobuf/proto/extensions.go,100.00
vendor/github.com/golang/protobuf/proto/lib.go,100.00
vendor/github.com/golang/protobuf/proto/message_set.go,100.00
vendor/github.com/golang/protobuf/proto/pointer_reflect.go,100.00
vendor/github.com/golang/protobuf/proto/pointer_unsafe.go,100.00
vendor/github.com/golang/protobuf/proto/properties.go,100.00
vendor/github.com/golang/protobuf/proto/table_marshal.go,100.00
vendor/github.com/golang/protobuf/proto/table_merge.go,100.00
vendor/github.com/golang/protobuf/proto/table_unmarshal.go,100.00
vendor/github.com/golang/protobuf/proto/text.go,100.00
vendor/github.com/golang/protobuf/proto/text_parser.go,100.00
vendor/github.com/pquerna/cachecontrol/.travis.yml,100.00
vendor/github.com/pquerna/cachecontrol/LICENSE,100.00
vendor/github.com/pquerna/cachecontrol/README.md,100.00
vendor/github.com/pquerna/cachecontrol/api.go,100.00
vendor/github.com/pquerna/cachecontrol/cacheobject/directive.go,100.00
vendor/github.com/pquerna/cachecontrol/cacheobject/lex.go,100.00
vendor/github.com/pquerna/cachecontrol/cacheobject/object.go,100.00
vendor/github.com/pquerna/cachecontrol/cacheobject/reasons.go,100.00
vendor/github.com/pquerna/cachecontrol/cacheobject/warning.go,100.00
vendor/github.com/pquerna/cachecontrol/doc.go,100.00
vendor/golang.org/x/net/internal/socket/defs_aix.go,100.00
vendor/golang.org/x/net/ipv4/defs_aix.go,100.00
vendor/golang.org/x/net/ipv6/defs_aix.go,100.00
vendor/golang.org/x/oauth2/.travis.yml,100.00
vendor/golang.org/x/oauth2/AUTHORS,100.00
vendor/golang.org/x/oauth2/CONTRIBUTING.md,100.00
vendor/golang.org/x/oauth2/CONTRIBUTORS,100.00
vendor/golang.org/x/oauth2/LICENSE,100.00
vendor/golang.org/x/oauth2/README.md,100.00
vendor/golang.org/x/oauth2/clientcredentials/clientcredentials.go,100.00
vendor/golang.org/x/oauth2/go.mod,100.00
vendor/golang.org/x/oauth2/go.sum,100.00
vendor/golang.org/x/oauth2/internal/client_appengine.go,100.00
vendor/golang.org/x/oauth2/internal/doc.go,100.00
vendor/golang.org/x/oauth2/internal/oauth2.go,100.00
vendor/golang.org/x/oauth2/internal/token.go,100.00
vendor/golang.org/x/oauth2/internal/transport.go,100.00
vendor/golang.org/x/oauth2/oauth2.go,100.00
vendor/golang.org/x/oauth2/token.go,100.00
vendor/golang.org/x/oauth2/transport.go,100.00
vendor/golang.org/x/sys/unix/mkasm_darwin.go,100.00
vendor/golang.org/x/sys/unix/mkpost.go,100.00
vendor/golang.org/x/sys/unix/mksyscall.go,100.00
vendor/golang.org/x/sys/unix/mksyscall_aix_ppc.go,100.00
vendor/golang.org/x/sys/unix/mksyscall_aix_ppc64.go,100.00
vendor/golang.org/x/sys/unix/mksyscall_solaris.go,100.00
vendor/golang.org/x/sys/unix/mksysnum.go,100.00
vendor/golang.org/x/sys/unix/types_aix.go,100.00
vendor/golang.org/x/sys/unix/types_darwin.go,100.00
vendor/golang.org/x/sys/unix/types_dragonfly.go,100.00
vendor/golang.org/x/sys/unix/types_freebsd.go,100.00
vendor/golang.org/x/sys/unix/types_netbsd.go,100.00
vendor/golang.org/x/sys/unix/types_openbsd.go,100.00
vendor/golang.org/x/sys/unix/types_solaris.go,100.00
vendor/golang.org/x/text/unicode/bidi/gen.go,100.00
vendor/golang.org/x/text/unicode/bidi/gen_ranges.go,100.00
vendor/golang.org/x/text/unicode/bidi/gen_trieval.go,100.00
vendor/golang.org/x/text/unicode/norm/maketables.go,100.00
vendor/golang.org/x/text/unicode/norm/triegen.go,100.00
vendor/google.golang.org/appengine/LICENSE,100.00
vendor/google.golang.org/appengine/internal/api.go,100.00
vendor/google.golang.org/appengine/internal/api_classic.go,100.00
vendor/google.golang.org/appengine/internal/api_common.go,100.00
vendor/google.golang.org/appengine/internal/app_id.go,100.00
vendor/google.golang.org/appengine/internal/base/api_base.pb.go,100.00
vendor/google.golang.org/appengine/internal/base/api_base.proto,100.00
vendor/google.golang.org/appengine/internal/datastore/datastore_v3.pb.go,100.00
vendor/google.golang.org/appengine/internal/datastore/datastore_v3.proto,100.00
vendor/google.golang.org/appengine/internal/identity.go,100.00
vendor/google.golang.org/appengine/internal/identity_classic.go,100.00
vendor/google.golang.org/appengine/internal/identity_flex.go,100.00
vendor/google.golang.org/appengine/internal/identity_vm.go,100.00
vendor/google.golang.org/appengine/internal/internal.go,100.00
vendor/google.golang.org/appengine/internal/log/log_service.pb.go,100.00
vendor/google.golang.org/appengine/internal/log/log_service.proto,100.00
vendor/google.golang.org/appengine/internal/main.go,100.00
vendor/google.golang.org/appengine/internal/main_common.go,100.00
vendor/google.golang.org/appengine/internal/main_vm.go,100.00
vendor/google.golang.org/appengine/internal/metadata.go,100.00
vendor/google.golang.org/appengine/internal/net.go,100.00
vendor/google.golang.org/appengine/internal/regen.sh,100.00
vendor/google.golang.org/appengine/internal/remote_api/remote_api.pb.go,100.00
vendor/google.golang.org/appengine/internal/remote_api/remote_api.proto,100.00
vendor/google.golang.org/appengine/internal/transaction.go,100.00
vendor/google.golang.org/appengine/internal/urlfetch/urlfetch_service.pb.go,100.00
vendor/google.golang.org/appengine/internal/urlfetch/urlfetch_service.proto,100.00
vendor/google.golang.org/appengine/urlfetch/urlfetch.go,100.00
vendor/gopkg.in/square/go-jose.v2/.gitcookies.sh.enc,100.00
vendor/gopkg.in/square/go-jose.v2/.gitignore,100.00
vendor/gopkg.in/square/go-jose.v2/.travis.yml,100.00
vendor/gopkg.in/square/go-jose.v2/BUG-BOUNTY.md,100.00
vendor/gopkg.in/square/go-jose.v2/CONTRIBUTING.md,100.00
vendor/gopkg.in/square/go-jose.v2/LICENSE,100.00
vendor/gopkg.in/square/go-jose.v2/README.md,100.00
vendor/gopkg.in/square/go-jose.v2/asymmetric.go,100.00
vendor/gopkg.in/square/go-jose.v2/cipher/cbc_hmac.go,100.00
vendor/gopkg.in/square/go-jose.v2/cipher/concat_kdf.go,100.00
vendor/gopkg.in/square/go-jose.v2/cipher/ecdh_es.go,100.00
vendor/gopkg.in/square/go-jose.v2/cipher/key_wrap.go,100.00
vendor/gopkg.in/square/go-jose.v2/crypter.go,100.00
vendor/gopkg.in/square/go-jose.v2/doc.go,100.00
vendor/gopkg.in/square/go-jose.v2/encoding.go,100.00
vendor/gopkg.in/square/go-jose.v2/json/LICENSE,100.00
vendor/gopkg.in/square/go-jose.v2/json/README.md,100.00
vendor/gopkg.in/square/go-jose.v2/json/decode.go,100.00
vendor/gopkg.in/square/go-jose.v2/json/encode.go,100.00
vendor/gopkg.in/square/go-jose.v2/json/indent.go,100.00
vendor/gopkg.in/square/go-jose.v2/json/scanner.go,100.00
vendor/gopkg.in/square/go-jose.v2/json/stream.go,100.00
vendor/gopkg.in/square/go-jose.v2/json/tags.go,100.00
vendor/gopkg.in/square/go-jose.v2/jwe.go,100.00
vendor/gopkg.in/square/go-jose.v2/jwk.go,100.00
vendor/gopkg.in/square/go-jose.v2/jws.go,100.00
vendor/gopkg.in/square/go-jose.v2/opaque.go,100.00
vendor/gopkg.in/square/go-jose.v2/shared.go,100.00
vendor/gopkg.in/square/go-jose.v2/signing.go,100.00
vendor/gopkg.in/square/go-jose.v2/symmetric.go,100.00
cmd/frpc/sub/tcpmux.go,91.06
server/proxy/tcpmux.go,90.00
utils/tcpmux/httpconnect.go,100.00
utils/util/http.go,100.00
models/metrics/aggregate/server.go,100.00
models/metrics/mem/server.go,98.13
models/metrics/mem/types.go,100.00
models/metrics/metrics.go,100.00
models/metrics/prometheus/server.go,100.00
server/metrics/metrics.go,100.00
utils/metric/metrics.go,100.00
server/group/tcpmux.go,72.19
cmd/frpc/sub/sudp.go,68.86
server/proxy/sudp.go,52.75
server/visitor/visitor.go,98.28
hack/run-e2e.sh,100.00
test/e2e/e2e.go,100.00
test/e2e/e2e_test.go,100.00
test/e2e/examples.go,100.00
test/e2e/framework/cleanup.go,100.00
test/e2e/framework/client.go,100.00
test/e2e/framework/consts/consts.go,100.00
test/e2e/framework/expect.go,83.16
test/e2e/framework/framework.go,97.48
test/e2e/framework/ginkgowrapper/wrapper.go,100.00
test/e2e/framework/log.go,96.43
test/e2e/framework/mockservers.go,97.73
test/e2e/framework/process.go,92.31
test/e2e/framework/request.go,98.45
test/e2e/framework/test_context.go,100.00
test/e2e/framework/util.go,100.00
test/e2e/mock/echoserver/echoserver.go,100.00
test/e2e/pkg/port/port.go,100.00
test/e2e/pkg/process/process.go,100.00
test/e2e/pkg/request/request.go,99.72
test/e2e/suites.go,100.00
test/e2e/basic/basic.go,100.00
test/e2e/basic/client_server.go,100.00
test/e2e/plugin/client_plugins.go,100.00
models/transport/tls.go,100.00
.github/workflows/build-and-push-image.yml,50.00
dockerfiles/Dockerfile-for-frpc,36.36
dockerfiles/Dockerfile-for-frps,36.36
pkg/auth/auth.go,50.00
pkg/auth/oidc.go,31.82
pkg/auth/token.go,78.79
pkg/config/client_common.go,80.00
pkg/config/proxy.go,63.12
pkg/config/server_common.go,52.94
pkg/config/types.go,56.25
pkg/config/value.go,79.17
pkg/config/visitor.go,61.31
pkg/consts/consts.go,100.00
pkg/metrics/aggregate/server.go,100.00
pkg/metrics/mem/server.go,91.18
pkg/metrics/mem/types.go,100.00
pkg/metrics/metrics.go,100.00
pkg/metrics/prometheus/server.go,100.00
pkg/msg/ctl.go,83.33
pkg/msg/msg.go,94.06
pkg/nathole/nathole.go,100.00
pkg/plugin/client/http2https.go,97.67
pkg/plugin/client/http_proxy.go,100.00
pkg/plugin/client/https2http.go,100.00
pkg/plugin/client/plugin.go,100.00
pkg/plugin/client/socks5.go,95.45
pkg/plugin/client/static_file.go,100.00
pkg/plugin/client/unix_domain_socket.go,100.00
pkg/plugin/server/http.go,61.54
pkg/plugin/server/manager.go,66.67
pkg/plugin/server/plugin.go,50.00
pkg/plugin/server/types.go,46.67
pkg/proto/udp/udp.go,100.00
pkg/transport/tls.go,86.49
pkg/util/log/log.go,92.86
pkg/util/net/conn.go,60.95
pkg/util/net/http.go,69.57
pkg/util/net/kcp.go,85.71
pkg/util/net/listener.go,100.00
pkg/util/net/tls.go,100.00
pkg/util/net/udp.go,100.00
pkg/util/net/websocket.go,100.00
pkg/util/tcpmux/httpconnect.go,88.42
pkg/util/util/http.go,56.00
pkg/util/util/util.go,98.21
pkg/util/util/util_test.go,100.00
pkg/util/version/version.go,98.00
pkg/util/version/version_test.go,100.00
pkg/util/vhost/http.go,97.88
pkg/util/vhost/https.go,87.27
pkg/util/vhost/resource.go,76.19
pkg/util/vhost/reverseproxy.go,80.41
pkg/util/vhost/router.go,96.67
pkg/util/vhost/vhost.go,95.29
pkg/util/xlog/xlog.go,92.86
.github/workflows/stale.yml,60.32
.github/ISSUE_TEMPLATE/bug-report.md,100.00
.github/ISSUE_TEMPLATE/config.yml,100.00
.github/ISSUE_TEMPLATE/feature_request.md,100.00
.github/workflows/goreleaser.yml,94.55
.goreleaser.yml,100.00
Release.md,96.24
.circleci/config.yaml,100.00
.circleci/config.yml,100.00
web/frps/.editorconfig,100.00
web/frps/.env.development,100.00
web/frps/.env.production,100.00
web/frps/.eslintrc.js,100.00
web/frps/.prettierrc,100.00
web/frps/README.md,66.67
web/frps/babel.config.js,100.00
web/frps/public/index.html,100.00
web/frps/src/store/index.js,100.00
web/frps/src/utils/fetch.js,100.00
web/frps/vue.config.js,100.00
web/frps/yarn.lock,66.65
assets/frps/static/css/app.808290ae.css,100.00
assets/frps/static/css/chunk-vendors.84bb20f7.css,100.00
assets/frps/static/js/app.bb942a48.js,100.00
assets/frps/static/js/app.bb942a48.js.map,100.00
assets/frps/static/js/chunk-vendors.4421b07d.js,100.00
assets/frps/static/js/chunk-vendors.4421b07d.js.map,100.00
pkg/config/README.md,100.00
pkg/config/client.go,49.06
pkg/config/client_test.go,84.53
pkg/config/proxy_test.go,93.32
pkg/config/server.go,63.68
pkg/config/server_test.go,69.00
pkg/config/utils.go,100.00
pkg/config/visitor_test.go,90.76
pkg/plugin/client/https2https.go,62.16
test/e2e/basic/server.go,100.00
test/e2e/pkg/port/util.go,100.00
web/frps/src/components/ProxiesSudp.vue,100.00
cmd/frpc/sub/verify.go,98.73
cmd/frps/verify.go,98.44
pkg/config/parse.go,99.02
test/e2e/mock/server/server.go,100.00
test/e2e/basic/chaos.go,100.00
test/e2e/basic/client.go,100.00
test/e2e/basic/cmd.go,100.00
test/e2e/basic/config.go,100.00
test/e2e/basic/group.go,100.00
test/e2e/basic/http.go,100.00
test/e2e/mock/server/httpserver/server.go,100.00
test/e2e/mock/server/interface.go,100.00
test/e2e/mock/server/streamserver/server.go,100.00
test/e2e/pkg/sdk/client/client.go,98.67
test/e2e/pkg/utils/utils.go,100.00
test/e2e/features/bandwidth_limit.go,100.00
test/e2e/features/chaos.go,100.00
test/e2e/features/group.go,100.00
test/e2e/features/real_ip.go,100.00
test/e2e/pkg/rpc/rpc.go,100.00
test/e2e/features/monitor.go,100.00
test/e2e/pkg/cert/generator.go,100.00
test/e2e/pkg/cert/selfsigned.go,100.00
test/e2e/plugin/client.go,100.00
test/e2e/plugin/server.go,88.07
test/e2e/plugin/utils.go,95.74
pkg/util/vhost/https_test.go,100.00
assets/frpc/embed.go,100.00
assets/frps/embed.go,100.00
.github/FUNDING.yml,100.00
.github/ISSUE_TEMPLATE/bug_report.yaml,100.00
.github/ISSUE_TEMPLATE/feature_request.yaml,100.00
pkg/util/net/dial.go,66.92
test/e2e/features/heartbeat.go,100.00
.github/workflows/golangci-lint.yml,100.00
.golangci.yml,100.00
assets/frps/static/index-4ce77078.css,100.00
assets/frps/static/index-cd02d3b4.js,100.00
web/frps/.eslintrc.cjs,100.00
web/frps/.prettierrc.json,100.00
web/frps/auto-imports.d.ts,100.00
web/frps/components.d.ts,100.00
web/frps/env.d.ts,100.00
web/frps/index.html,100.00
web/frps/src/assets/custom.css,100.00
web/frps/src/components/ProxyView.vue,99.49
web/frps/src/components/ProxyViewExpand.vue,100.00
web/frps/src/components/ServerOverview.vue,100.00
web/frps/src/main.ts,100.00
web/frps/src/router/index.ts,100.00
web/frps/src/utils/chart.ts,100.00
web/frps/src/utils/proxy.ts,100.00
web/frps/tsconfig.config.json,100.00
web/frps/tsconfig.json,100.00
web/frps/vite.config.ts,100.00
assets/frpc/static/index-26827c97.css,100.00
assets/frpc/static/index-fec891f3.js,100.00
web/frpc/.eslintrc.cjs,100.00
web/frpc/.prettierrc.json,100.00
web/frpc/README.md,100.00
web/frpc/auto-imports.d.ts,100.00
web/frpc/components.d.ts,100.00
web/frpc/env.d.ts,100.00
web/frpc/index.html,100.00
web/frpc/src/components/ClientConfigure.vue,99.31
web/frpc/src/main.ts,100.00
web/frpc/src/router/index.ts,100.00
web/frpc/tsconfig.config.json,100.00
web/frpc/tsconfig.json,100.00
web/frpc/vite.config.ts,100.00
assets/frps/static/index-2a8cf2f5.js,100.00
web/frps/src/components/LongSpan.vue,100.00
assets/frpc/static/index-a2ed7ed4.js,100.00
assets/frpc/static/index-aa3c7267.css,100.00
assets/frps/static/index-7b4711f8.css,100.00
assets/frps/static/index-b8250b3f.js,100.00
web/frpc/src/assets/dark.css,100.00
web/frps/src/assets/dark.css,100.00
assets/frpc/static/index-7dd223da.js,100.00
pkg/util/util/slice.go,100.00
pkg/util/util/slice_test.go,100.00
test/e2e/basic/tcpmux.go,100.00
.github/pull_request_template.md,100.00
cmd/frpc/sub/nathole.go,99.29
pkg/nathole/classify.go,100.00
pkg/nathole/discovery.go,100.00
pkg/nathole/utils.go,100.00
assets/frpc/static/index-1c7ed8b0.js,100.00
assets/frpc/static/index-1e2a7ce0.css,100.00
assets/frps/static/index-1e0c7400.css,100.00
assets/frps/static/index-93e38bbf.js,100.00
web/frps/src/components/ProxiesHTTP.vue,100.00
web/frps/src/components/ProxiesHTTPS.vue,100.00
web/frps/src/components/ProxiesSTCP.vue,100.00
web/frps/src/components/ProxiesSUDP.vue,100.00
web/frps/src/components/ProxiesTCP.vue,100.00
web/frps/src/components/ProxiesUDP.vue,100.00
client/proxy/sudp.go,100.00
client/proxy/udp.go,99.52
client/proxy/xtcp.go,100.00
client/visitor/stcp.go,100.00
client/visitor/sudp.go,100.00
client/visitor/visitor.go,99.24
client/visitor/visitor_manager.go,100.00
client/visitor/xtcp.go,100.00
pkg/nathole/analysis.go,100.00
pkg/nathole/controller.go,99.54
pkg/transport/message.go,98.37
test/e2e/basic/xtcp.go,100.00
assets/frps/static/index-ea3edf22.js,100.00
client/proxy/general_tcp.go,100.00
hack/download.sh,100.00
cmd/frpc/sub/stop.go,100.00
pkg/auth/legacy/legacy.go,100.00
pkg/config/legacy/client.go,96.63
pkg/config/legacy/conversion.go,99.18
pkg/config/legacy/parse.go,100.00
pkg/config/legacy/proxy.go,100.00
pkg/config/legacy/server.go,95.35
pkg/config/legacy/utils.go,100.00
pkg/config/legacy/value.go,100.00
pkg/config/legacy/visitor.go,100.00
pkg/config/load.go,91.42
pkg/config/types/types.go,100.00
pkg/config/types/types_test.go,100.00
pkg/config/v1/api.go,100.00
pkg/config/v1/client.go,99.53
pkg/config/v1/client_test.go,100.00
pkg/config/v1/common.go,95.74
pkg/config/v1/plugin.go,100.00
pkg/config/v1/proxy.go,99.18
pkg/config/v1/proxy_test.go,100.00
pkg/config/v1/server.go,94.24
pkg/config/v1/server_test.go,100.00
pkg/config/v1/validation/client.go,100.00
pkg/config/v1/validation/common.go,100.00
pkg/config/v1/validation/plugin.go,100.00
pkg/config/v1/validation/proxy.go,100.00
pkg/config/v1/validation/server.go,100.00
pkg/config/v1/validation/validation.go,100.00
pkg/config/v1/validation/visitor.go,100.00
pkg/config/v1/visitor.go,100.00
pkg/util/util/types.go,100.00
test/e2e/legacy/basic/basic.go,100.00
test/e2e/legacy/basic/client.go,100.00
test/e2e/legacy/basic/client_server.go,100.00
test/e2e/legacy/basic/cmd.go,100.00
test/e2e/legacy/basic/config.go,100.00
test/e2e/legacy/basic/http.go,100.00
test/e2e/legacy/basic/server.go,100.00
test/e2e/legacy/basic/tcpmux.go,100.00
test/e2e/legacy/basic/xtcp.go,100.00
test/e2e/legacy/features/bandwidth_limit.go,100.00
test/e2e/legacy/features/group.go,100.00
test/e2e/legacy/features/monitor.go,100.00
test/e2e/legacy/features/real_ip.go,100.00
test/e2e/legacy/plugin/client.go,100.00
test/e2e/legacy/plugin/server.go,96.30
test/e2e/v1/basic/basic.go,100.00
test/e2e/v1/basic/client.go,100.00
test/e2e/v1/basic/client_server.go,100.00
test/e2e/v1/basic/cmd.go,100.00
test/e2e/v1/basic/config.go,100.00
test/e2e/v1/basic/http.go,100.00
test/e2e/v1/basic/server.go,100.00
test/e2e/v1/basic/tcpmux.go,100.00
test/e2e/v1/basic/xtcp.go,100.00
test/e2e/v1/features/bandwidth_limit.go,100.00
test/e2e/v1/features/chaos.go,100.00
test/e2e/v1/features/group.go,100.00
test/e2e/v1/features/heartbeat.go,100.00
test/e2e/v1/features/monitor.go,100.00
test/e2e/v1/features/real_ip.go,100.00
test/e2e/v1/plugin/client.go,100.00
test/e2e/v1/plugin/server.go,99.76
test/e2e/v1/plugin/utils.go,100.00
cmd/frpc/sub/admin.go,99.33
cmd/frpc/sub/flags.go,100.00
cmd/frpc/sub/proxy.go,98.65
cmd/frps/flags.go,100.00
pkg/sdk/client/client.go,100.00
test/e2e/pkg/plugin/plugin.go,100.00
conf/frpc.toml,100.00
conf/frps.toml,99.39
conf/legacy/frpc_legacy_full.ini,100.00
pkg/config/load_test.go,64.32
assets/frps/static/index-9465253b.js,100.00
assets/frps/static/index-c322b7dd.js,100.00
conf/frpc_full_example.toml,98.74
conf/frps_full_example.toml,94.01
pkg/msg/handler.go,100.00
pkg/util/wait/backoff.go,93.84
pkg/config/v1/ssh.go,100.00
pkg/ssh/service.go,100.00
pkg/ssh/vclient.go,100.00
client/connector.go,99.23
pkg/config/flags.go,100.00
pkg/ssh/gateway.go,99.38
pkg/ssh/server.go,100.00
pkg/virtual/client.go,100.00
pkg/auth/pass.go,100.00
pkg/util/http/http.go,100.00
pkg/util/http/server.go,99.22
pkg/util/net/dns.go,100.00
test/e2e/pkg/ssh/client.go,100.00
test/e2e/v1/features/ssh_tunnel.go,100.00
pkg/ssh/terminal.go,100.00
doc/ssh_tunnel_gateway.md,91.11
assets/frpc/static/index-bLBhaJo8.js,100.00
assets/frpc/static/index-iuf46MlF.css,100.00
assets/frps/static/index-1gecbKzv.js,100.00
assets/frps/static/index-Lf6B06jY.css,100.00
web/frpc/tsconfig.node.json,100.00
web/frps/tsconfig.node.json,100.00
assets/frps/static/index-ky4re_ta.js,100.00
assets/frps/static/index-rzPDshRD.css,100.00
test/e2e/v1/basic/annotations.go,100.00
assets/frps/static/index-Q42Pu2_S.js,100.00
pkg/config/template.go,100.00
pkg/util/system/system.go,100.00
pkg/util/system/system_android.go,100.00
assets/frps/static/index-82-40HIG.js,100.00
web/frps/src/components/ProxiesTCPMux.vue,100.00
pkg/plugin/client/http2http.go,100.00
pkg/plugin/client/tls2raw.go,100.00
pkg/auth/oidc_test.go,100.00
