file,author1,author2,time1,time2
.circleci/config.yml,Belén Curcio,Wyatt Johnson,2018-07-16 18:36:21-03:00,2018-07-17 12:42:06-06:00
.circleci/config.yml,Tessa Thornton,Wyatt Johnson,2020-12-18 16:53:12+00:00,2020-12-18 20:11:25+00:00
.circleci/config.yml,Daniel Kolkena,Nick Funk,2021-11-30 09:24:47-08:00,2021-11-30 10:41:27-07:00
.circleci/config.yml,Nick Funk,Daniel Kolkena,2021-11-30 10:41:27-07:00,2021-11-30 16:17:49-08:00
.circleci/config.yml,Daniel Kolkena,Wyatt Johnson,2021-12-01 12:29:23-08:00,2021-12-01 14:32:32-07:00
.circleci/config.yml,Wyatt Johnson,Daniel Kolkena,2021-12-01 14:32:32-07:00,2021-12-01 14:34:20-08:00
.circleci/config.yml,Marcus Haddon,nick-funk,2023-01-17 11:30:41-08:00,2023-01-18 11:29:58-07:00
.github/workflows/build-and-test.yml,Robin Aguilar,nick-funk,2023-03-23 11:57:52-05:00,2023-03-23 11:09:25-06:00
.github/workflows/build-and-test.yml,Tessa Thornton,Robin Aguilar,2023-04-28 09:52:00-04:00,2023-04-28 13:40:02-05:00
.github/workflows/build-and-test.yml,Kathryn Beaty,Robin Aguilar,2023-05-01 13:33:51-04:00,2023-05-01 15:30:45-05:00
.github/workflows/build-test-deploy.yml,Robin Aguilar,nick-funk,2023-03-23 11:57:52-05:00,2023-03-23 11:09:25-06:00
.github/workflows/build-test-deploy.yml,Kathryn Beaty,Robin Aguilar,2023-05-01 13:33:51-04:00,2023-05-01 18:19:31-05:00
.prettierignore,Chi Vinh Le,Kiwi,2018-07-06 15:38:20-03:00,2018-07-06 13:08:10-06:00
.prettierignore,Belén Curcio,Kiwi,2018-07-10 13:34:27-03:00,2018-07-10 13:11:36-06:00
.vscode/settings.json,Chi Vinh Le,Kiwi,2018-07-06 15:38:20-03:00,2018-07-06 13:08:10-06:00
.vscode/settings.json,Belén Curcio,Kiwi,2018-07-10 13:34:27-03:00,2018-07-10 13:11:36-06:00
CONTRIBUTING.md,Nick Funk,Wyatt Johnson,2020-02-25 23:35:06+00:00,2020-02-26 11:29:18-05:00
CONTRIBUTING.md,Wyatt Johnson,Andrew Losowsky,2021-04-27 11:40:34-04:00,2021-04-27 11:40:34-04:00
CONTRIBUTING.md,Andrew Losowsky,Wyatt Johnson,2021-04-27 11:40:34-04:00,2021-04-27 11:44:53-04:00
CONTRIBUTING.md,Wyatt Johnson,Andrew Losowsky,2021-04-27 11:44:53-04:00,2021-04-27 11:45:27-04:00
CSS_VARIABLES.md,Vinh,Nick Funk,2020-07-31 00:19:59+02:00,2020-07-31 15:40:48+00:00
README.md,Kiwi,Chi Vinh Le,2019-03-18 10:58:06+01:00,2019-03-18 11:41:31+01:00
README.md,Chi Vinh Le,Kiwi,2019-03-18 11:41:31+01:00,2019-03-18 16:48:43+01:00
README.md,Jessie Rushing,Kim Gardner,2019-06-10 14:17:07-07:00,2019-06-10 23:09:20+01:00
README.md,Tessa Thornton,Vinh,2019-08-20 13:15:59-04:00,2019-08-21 00:58:44+07:00
README.md,Nick Funk,Wyatt Johnson,2019-09-10 20:16:40+07:00,2019-09-10 19:40:18+00:00
client/package-lock.json,Tessa Thornton,nick-funk,2023-09-28 10:40:25-04:00,2023-09-28 16:30:14-06:00
client/package-lock.json,nick-funk,Kathryn Beaty,2024-01-02 22:01:37-07:00,2024-01-03 13:47:28-05:00
client/package.json,Tessa Thornton,nick-funk,2023-09-28 10:40:25-04:00,2023-09-28 16:30:14-06:00
client/package.json,Kathryn Beaty,nick-funk,2024-01-02 10:23:26-05:00,2024-01-02 14:24:59-07:00
client/package.json,nick-funk,Kathryn Beaty,2024-01-02 22:01:37-07:00,2024-01-03 13:47:28-05:00
client/package.json,nick-funk,Tessa Thornton,2024-09-10 12:59:49-06:00,2024-09-10 16:04:14-04:00
client/package.json,nick-funk,Tessa Thornton,2025-01-13 11:23:40-07:00,2025-01-14 11:03:45-05:00
client/src/core/client/admin/components/ModerationReason/Reasons.tsx,Marcus Haddon,Kathryn Beaty,2023-11-20 10:53:28-08:00,2023-11-20 14:07:04-05:00
client/src/core/client/admin/test/fixtures.ts,nick-funk,Kathryn Beaty,2023-11-16 13:11:04-07:00,2023-11-17 10:42:46-05:00
client/src/core/client/stream/classes.ts,Kathryn Beaty,nick-funk,2024-01-23 09:34:25-05:00,2024-01-23 14:47:19-07:00
client/src/core/client/stream/tabs/Comments/IllegalContentReportView/IllegalContentReportViewContainer.tsx,Marcus Haddon,Kathryn Beaty,2023-11-13 11:45:29-08:00,2023-11-14 14:14:50-05:00
client/src/core/client/stream/tabs/Notifications/NotificationsPaginator.tsx,Kathryn Beaty,nick-funk,2024-03-12 13:16:31-04:00,2024-03-12 13:22:09-06:00
client/src/core/client/stream/test/configure/renderConfigure.spec.tsx,Kathryn Beaty,nick-funk,2024-02-14 13:29:42-05:00,2024-02-14 11:36:08-07:00
client/src/core/client/stream/test/fixtures.ts,nick-funk,Marcus Haddon,2023-10-25 16:55:36-06:00,2023-10-26 13:28:18-07:00
client/src/core/client/ui/components/icons/index.ts,Kathryn Beaty,nick-funk,2023-10-25 09:17:35-04:00,2023-10-25 16:55:35-06:00
client/src/core/client/ui/components/icons/index.ts,nick-funk,Kathryn Beaty,2023-10-25 16:55:35-06:00,2023-10-26 11:51:54-04:00
client/src/core/client/ui/components/icons/index.ts,Kathryn Beaty,Marcus Haddon,2023-10-26 11:51:54-04:00,2023-10-26 13:28:18-07:00
common/package.json,nick-funk,Tessa Thornton,2024-09-10 12:59:49-06:00,2024-09-10 16:04:14-04:00
config/jest.config.js,Chi Vinh Le,Kiwi,2018-07-04 19:02:03-03:00,2018-07-05 09:04:38-06:00
config/jest.config.js,Kiwi,Chi Vinh Le,2018-07-05 09:04:38-06:00,2018-07-05 19:11:32-03:00
config/jest/cssTransform.js,Chi Vinh Le,Kiwi,2018-07-04 19:02:03-03:00,2018-07-05 09:04:38-06:00
config/jest/cssTransform.js,Kiwi,Chi Vinh Le,2018-07-05 09:04:38-06:00,2018-07-05 19:11:32-03:00
config/jest/cssTransform.js,Chi Vinh Le,Belén Curcio,2018-07-10 12:29:42-03:00,2018-07-10 13:34:27-03:00
config/jest/cssTransform.js,Belén Curcio,Chi Vinh Le,2018-07-10 13:34:27-03:00,2018-07-10 19:00:22-03:00
config/nodemon/relay-stream.json,Wyatt Johnson,Kiwi,2018-07-04 10:17:48-06:00,2018-07-04 11:12:43-06:00
config/nodemon/server.json,Wyatt Johnson,Kiwi,2018-07-04 10:17:48-06:00,2018-07-04 11:12:43-06:00
config/package.json,nick-funk,Tessa Thornton,2024-09-10 12:59:49-06:00,2024-09-10 16:04:14-04:00
config/paths.js,Wyatt Johnson,Belén Curcio,2018-07-16 13:26:41-06:00,2018-07-16 18:31:06-03:00
config/watcher.ts,Kiwi,Chi Vinh Le,2018-07-03 12:21:58-06:00,2018-07-03 15:49:35-03:00
config/watcher.ts,Chi Vinh Le,Wyatt Johnson,2018-07-03 15:49:35-03:00,2018-07-04 10:17:48-06:00
config/watcher.ts,Wyatt Johnson,Chi Vinh Le,2018-07-04 10:21:29-06:00,2018-07-04 14:39:54-06:00
config/watcher.ts,Wyatt Johnson,Chi Vinh Le,2018-07-16 13:24:02-06:00,2018-07-16 16:25:20-03:00
config/watcher.ts,Chi Vinh Le,Belén Curcio,2018-07-16 16:25:20-03:00,2018-07-16 18:31:06-03:00
config/watcher.ts,Chi Vinh Le,Belen Curcio,2018-08-08 01:03:49+02:00,2018-08-08 11:13:23-03:00
config/watcher.ts,Kiwi,Wyatt Johnson,2019-05-09 22:08:12+02:00,2019-05-09 22:54:56+02:00
config/webpack.config.dev.js,Chi Vinh Le,Belén Curcio,2018-07-09 16:45:36-03:00,2018-07-10 13:34:27-03:00
docs/docs/sso.md,losowsky,Nick Funk,2024-02-14 18:05:00-05:00,2024-02-15 09:43:44-07:00
doczrc.js,Chi Vinh Le,Belén Curcio,2018-07-16 16:25:20-03:00,2018-07-16 18:31:06-03:00
locales/en-US/admin.ftl,Kathryn Beaty,Marcus Haddon,2023-11-01 14:30:42-04:00,2023-11-01 15:02:24-07:00
locales/en-US/admin.ftl,Marcus Haddon,Kathryn Beaty,2023-11-01 15:02:24-07:00,2023-11-02 09:32:14-04:00
locales/en-US/admin.ftl,Kathryn Beaty,Marcus Haddon,2023-11-06 10:03:14-05:00,2023-11-06 09:33:46-08:00
locales/en-US/admin.ftl,Kathryn Beaty,nick-funk,2023-11-14 11:46:25-05:00,2023-11-14 15:07:04-07:00
locales/en-US/admin.ftl,Kathryn Beaty,nick-funk,2023-11-17 09:54:30-05:00,2023-11-17 10:44:47-07:00
locales/en-US/admin.ftl,nick-funk,Kathryn Beaty,2023-11-27 09:27:02-07:00,2023-11-27 13:12:39-05:00
locales/en-US/common.ftl,Marcus Haddon,Kathryn Beaty,2023-11-20 10:53:28-08:00,2023-11-20 14:07:04-05:00
locales/en-US/common.ftl,Kathryn Beaty,Marcus Haddon,2023-11-20 14:07:04-05:00,2023-11-20 14:05:37-08:00
locales/en-US/common.ftl,Marcus Haddon,Kathryn Beaty,2023-11-20 14:12:01-08:00,2023-11-21 13:38:01-05:00
locales/en-US/common.ftl,Kathryn Beaty,Marcus Haddon,2023-11-21 13:38:01-05:00,2023-11-21 11:18:06-08:00
locales/en-US/stream.ftl,Kathryn Beaty,nick-funk,2023-10-19 09:25:42-04:00,2023-10-19 15:21:11-06:00
locales/en-US/stream.ftl,nick-funk,Marcus Haddon,2023-10-25 16:55:35-06:00,2023-10-26 13:28:18-07:00
locales/en-US/stream.ftl,Kathryn Beaty,nick-funk,2023-11-14 14:55:21-05:00,2023-11-14 18:44:23-07:00
locales/en-US/stream.ftl,Kathryn Beaty,nick-funk,2023-11-16 15:24:55-05:00,2023-11-16 13:29:47-07:00
locales/en-US/stream.ftl,nick-funk,Kathryn Beaty,2023-11-16 13:29:47-07:00,2023-11-16 15:43:01-05:00
locales/en-US/stream.ftl,Kathryn Beaty,nick-funk,2023-11-16 15:57:53-05:00,2023-11-16 14:02:59-07:00
locales/en-US/stream.ftl,nick-funk,Kathryn Beaty,2023-11-20 14:16:49-07:00,2023-11-21 08:57:44-05:00
locales/en-US/stream.ftl,Kathryn Beaty,nick-funk,2024-02-06 10:34:49-05:00,2024-02-06 16:28:01-07:00
package-lock.json,Wyatt Johnson,Kiwi,2018-06-28 17:06:45-06:00,2018-06-29 15:25:40+00:00
package-lock.json,Kiwi,Wyatt Johnson,2018-06-29 15:25:40+00:00,2018-06-29 16:11:32-06:00
package-lock.json,Kiwi,Chi Vinh Le,2018-07-04 11:12:43-06:00,2018-07-04 17:16:51-03:00
package-lock.json,Chi Vinh Le,Kiwi,2018-07-04 19:02:03-03:00,2018-07-05 09:04:38-06:00
package-lock.json,Kiwi,Wyatt Johnson,2018-07-05 09:04:38-06:00,2018-07-05 15:58:19-06:00
package-lock.json,Wyatt Johnson,Chi Vinh Le,2018-07-05 15:58:19-06:00,2018-07-05 19:11:32-03:00
package-lock.json,Chi Vinh Le,okbel,2018-07-06 21:19:49-03:00,2018-07-06 23:44:29-03:00
package-lock.json,okbel,Belén Curcio,2018-07-09 18:37:46-03:00,2018-07-10 13:34:27-03:00
package-lock.json,Belén Curcio,Chi Vinh Le,2018-07-10 13:34:27-03:00,2018-07-10 19:17:16-03:00
package-lock.json,Chi Vinh Le,Belén Curcio,2018-07-10 19:17:16-03:00,2018-07-11 17:50:21-03:00
package-lock.json,Belén Curcio,Chi Vinh Le,2018-07-11 17:50:21-03:00,2018-07-12 03:19:14-03:00
package-lock.json,Belén Curcio,Wyatt Johnson,2018-07-16 18:36:21-03:00,2018-07-17 14:09:00-06:00
package-lock.json,Wyatt Johnson,Chi Vinh Le,2018-07-17 14:09:00-06:00,2018-07-17 18:45:20-03:00
package-lock.json,Belen Curcio,Kiwi,2018-08-02 07:43:12-03:00,2018-08-02 15:29:18+00:00
package-lock.json,Kiwi,Belen Curcio,2018-08-02 15:29:18+00:00,2018-08-02 12:52:16-03:00
package-lock.json,Belen Curcio,Wyatt Johnson,2018-08-02 12:52:16-03:00,2018-08-02 20:09:55+00:00
package-lock.json,Wyatt Johnson,Chi Vinh Le,2018-08-02 20:09:55+00:00,2018-08-03 15:33:04+02:00
package-lock.json,Chi Vinh Le,Belen Curcio,2018-08-03 15:33:04+02:00,2018-08-03 12:51:57-03:00
package-lock.json,Chi Vinh Le,Belen Curcio,2018-08-06 17:43:52+02:00,2018-08-06 13:55:51-03:00
package-lock.json,Belen Curcio,Chi Vinh Le,2018-08-06 13:55:51-03:00,2018-08-06 20:20:51+02:00
package-lock.json,Chi Vinh Le,Wyatt Johnson,2018-08-10 12:07:46+02:00,2018-08-10 16:17:39+00:00
package-lock.json,Chi Vinh Le,Kiwi,2018-09-06 00:18:22+02:00,2018-09-05 22:50:01+00:00
package-lock.json,Chi Vinh Le,Wyatt Johnson,2018-09-20 22:10:06+02:00,2018-09-20 23:35:56-06:00
package-lock.json,Wyatt Johnson,Chi Vinh Le,2018-09-21 09:40:00-06:00,2018-09-21 19:02:27+02:00
package-lock.json,Chi Vinh Le,Wyatt Johnson,2018-09-21 19:02:27+02:00,2018-09-21 14:55:00-06:00
package-lock.json,Wyatt Johnson,Kiwi,2018-09-21 22:06:46+00:00,2018-09-21 22:43:28+00:00
package-lock.json,Kiwi,Wyatt Johnson,2018-09-21 22:43:28+00:00,2018-09-21 23:52:28-06:00
package-lock.json,Wyatt Johnson,Kiwi,2018-10-12 22:14:36+00:00,2018-10-12 23:16:13+00:00
package-lock.json,Wyatt Johnson,Chi Vinh Le,2018-10-19 17:06:40+00:00,2018-10-19 20:19:27+02:00
package-lock.json,Wyatt Johnson,Kiwi,2018-12-17 16:39:56+00:00,2018-12-17 16:56:48+00:00
package-lock.json,Wyatt Johnson,Kiwi,2019-02-06 23:42:17+00:00,2019-02-07 01:10:51+01:00
package-lock.json,Kiwi,Wyatt Johnson,2019-02-13 18:06:42+01:00,2019-02-13 20:45:11+00:00
package-lock.json,Kiwi,Wyatt Johnson,2019-03-22 20:13:11+00:00,2019-03-22 20:29:02+00:00
package-lock.json,Wyatt Johnson,Kiwi,2019-03-22 20:29:02+00:00,2019-03-22 23:13:05+00:00
package-lock.json,Kiwi,Wyatt Johnson,2019-04-02 01:14:27+02:00,2019-04-02 18:09:15+02:00
package-lock.json,Wyatt Johnson,Kiwi,2019-04-22 22:57:32+00:00,2019-04-23 19:46:14+00:00
package-lock.json,Wyatt Johnson,Kiwi,2019-04-25 15:16:36+00:00,2019-04-26 14:23:46+00:00
package-lock.json,Kiwi,Wyatt Johnson,2019-05-09 22:08:12+02:00,2019-05-09 22:54:56+02:00
package-lock.json,Vinh,Wyatt Johnson,2019-06-21 17:01:07+00:00,2019-06-21 23:04:52+00:00
package-lock.json,Vinh,Wyatt Johnson,2019-08-07 15:26:30-04:00,2019-08-08 18:18:18+00:00
package-lock.json,Tessa Thornton,Kim Gardner,2019-08-20 12:28:14-04:00,2019-08-20 12:47:30-04:00
package-lock.json,Wyatt Johnson,Kim Gardner,2019-09-05 07:02:26+00:00,2019-09-05 17:15:40-04:00
package-lock.json,Tessa Thornton,Kim Gardner,2019-09-10 08:13:14+00:00,2019-09-10 20:55:34+07:00
package-lock.json,Kim Gardner,dependabot[bot],2019-09-10 20:55:34+07:00,2019-09-10 15:46:26+00:00
package-lock.json,Vinh,Wyatt Johnson,2019-09-23 21:36:24+00:00,2019-09-24 18:08:05+00:00
package-lock.json,Vinh,Wyatt Johnson,2019-11-08 17:17:01+00:00,2019-11-08 17:00:41-05:00
package-lock.json,Vinh,Wyatt Johnson,2019-11-21 20:04:42+00:00,2019-11-22 18:16:41+00:00
package-lock.json,Wyatt Johnson,Vinh,2019-11-22 18:16:41+00:00,2019-11-22 19:10:51+00:00
package-lock.json,Nick Funk,Wyatt Johnson,2019-12-03 16:06:38-05:00,2019-12-03 21:47:36+00:00
package-lock.json,Vinh,Wyatt Johnson,2020-06-08 13:24:38-06:00,2020-06-08 13:47:23-06:00
package-lock.json,Wyatt Johnson,Tessa Thornton,2020-06-08 13:47:23-06:00,2020-06-08 14:14:22-06:00
package-lock.json,Tessa Thornton,dependabot[bot],2020-06-08 14:14:22-06:00,2020-06-08 14:42:47-06:00
package-lock.json,dependabot[bot],Wyatt Johnson,2020-06-08 14:42:47-06:00,2020-06-08 17:30:39-06:00
package-lock.json,Wyatt Johnson,dependabot[bot],2020-06-11 22:10:52+00:00,2020-06-11 22:28:43+00:00
package-lock.json,dependabot[bot],Tessa Thornton,2020-06-11 22:28:43+00:00,2020-06-12 10:39:28-04:00
package-lock.json,Tessa Thornton,Nick Funk,2020-06-12 10:39:28-04:00,2020-06-12 09:23:28-06:00
package-lock.json,Wyatt Johnson,Vinh,2020-06-22 16:29:06+00:00,2020-06-22 23:39:07+00:00
package-lock.json,Vinh,Wyatt Johnson,2020-06-22 23:39:07+00:00,2020-06-23 17:05:00+00:00
package-lock.json,Tessa Thornton,Nick Funk,2020-07-15 02:16:06+00:00,2020-07-15 18:20:25+00:00
package-lock.json,Kim Gardner,Vinh,2020-07-29 19:12:05-04:00,2020-07-31 00:19:59+02:00
package-lock.json,Nick Funk,Vinh,2020-08-20 21:46:14+00:00,2020-08-20 22:30:32+00:00
package-lock.json,Vinh,Wyatt Johnson,2020-08-20 22:30:32+00:00,2020-08-20 23:33:18+00:00
package-lock.json,Wyatt Johnson,Tessa Thornton,2020-08-20 23:33:18+00:00,2020-08-21 22:58:21+00:00
package-lock.json,Vinh,Nick Funk,2020-08-27 17:43:32+02:00,2020-08-27 17:20:12+00:00
package-lock.json,Nick Funk,Kim Gardner,2020-08-27 17:20:12+00:00,2020-08-27 18:02:50+00:00
package-lock.json,Kim Gardner,Wyatt Johnson,2020-08-28 19:43:27+00:00,2020-08-28 19:57:46+00:00
package-lock.json,Tessa Thornton,dependabot[bot],2020-09-02 17:30:01+00:00,2020-09-03 17:57:27+02:00
package-lock.json,dependabot[bot],Vinh,2020-09-03 17:57:27+02:00,2020-09-03 18:05:40+00:00
package-lock.json,Vinh,dependabot[bot],2020-09-16 14:34:19+00:00,2020-09-16 16:33:13+00:00
package-lock.json,Wyatt Johnson,Vinh,2020-09-29 14:24:03+00:00,2020-09-29 23:30:36+00:00
package-lock.json,Wyatt Johnson,Kim Gardner,2020-10-06 23:15:25+00:00,2020-10-07 15:34:47+00:00
package-lock.json,Kim Gardner,Wyatt Johnson,2020-10-07 15:34:47+00:00,2020-10-07 19:32:44+00:00
package-lock.json,Wyatt Johnson,dependabot[bot],2020-10-20 15:36:39+00:00,2020-10-20 20:24:55+00:00
package-lock.json,dependabot[bot],Vinh,2020-10-20 20:24:55+00:00,2020-10-20 21:36:37+00:00
package-lock.json,Tessa Thornton,Wyatt Johnson,2020-10-26 22:02:46+00:00,2020-10-27 14:14:09-06:00
package-lock.json,Wyatt Johnson,Tessa Thornton,2020-12-07 23:09:37+00:00,2020-12-08 19:38:08+00:00
package-lock.json,Vinh,dependabot[bot],2020-12-11 00:37:32+00:00,2020-12-11 21:03:03+00:00
package-lock.json,Vinh,Nick Funk,2020-12-16 09:47:28-07:00,2020-12-16 19:27:40+00:00
package-lock.json,Nick Funk,Wyatt Johnson,2020-12-16 19:27:40+00:00,2020-12-16 19:47:22+00:00
package-lock.json,dependabot[bot],Wyatt Johnson,2020-12-21 20:11:07+00:00,2020-12-21 13:14:27-07:00
package-lock.json,dependabot[bot],Vinh,2021-01-06 18:19:11+00:00,2021-01-06 18:37:23+00:00
package-lock.json,dependabot[bot],Nick Funk,2021-01-21 16:28:19+00:00,2021-01-21 19:56:47+00:00
package-lock.json,Wyatt Johnson,dependabot[bot],2021-01-27 14:49:18-07:00,2021-01-28 15:05:11+00:00
package-lock.json,dependabot[bot],Tessa Thornton,2021-01-28 16:04:22+00:00,2021-01-28 17:00:11+00:00
package-lock.json,Tessa Thornton,nick-funk,2021-01-28 17:00:11+00:00,2021-01-28 12:13:59-07:00
package-lock.json,Vinh,Tessa Thornton,2021-02-02 13:51:53+00:00,2021-02-02 17:50:47+00:00
package-lock.json,Tessa Thornton,dependabot[bot],2021-02-02 17:50:47+00:00,2021-02-03 16:53:42+00:00
package-lock.json,Wyatt Johnson,Vinh,2021-04-27 11:40:34-04:00,2021-04-27 11:40:34-04:00
package-lock.json,Vinh,Wyatt Johnson,2021-04-27 11:40:34-04:00,2021-04-27 11:40:34-04:00
package-lock.json,Wyatt Johnson,Tessa Thornton,2021-04-27 11:40:34-04:00,2021-04-27 11:40:34-04:00
package-lock.json,Tessa Thornton,tessalt,2021-04-27 11:40:35-04:00,2021-04-27 11:40:35-04:00
package-lock.json,tessalt,Wyatt Johnson,2021-04-27 11:40:35-04:00,2021-04-27 11:40:35-04:00
package-lock.json,Wyatt Johnson,Vinh,2021-04-27 11:40:35-04:00,2021-04-27 11:43:17-04:00
package-lock.json,Vinh,Wyatt Johnson,2021-04-27 11:43:17-04:00,2021-04-27 11:44:53-04:00
package-lock.json,Wyatt Johnson,Tessa Thornton,2021-04-27 11:44:53-04:00,2021-04-27 11:45:27-04:00
package-lock.json,Tessa Thornton,Vinh,2021-07-07 21:05:51+00:00,2021-07-08 17:35:29+00:00
package-lock.json,Vinh,Tessa Thornton,2021-07-08 17:35:29+00:00,2021-07-09 11:42:10+00:00
package-lock.json,Tessa Thornton,Yonathan Randolph,2021-07-19 17:00:58+00:00,2021-07-20 14:23:40+00:00
package-lock.json,Tessa Thornton,nick-funk,2021-09-08 20:13:18+00:00,2021-09-08 16:32:10-06:00
package-lock.json,nick-funk,Chi Vinh Le,2021-09-08 16:32:10-06:00,2021-09-09 15:11:13+02:00
package-lock.json,nick-funk,Nick Funk,2021-10-18 16:30:23-06:00,2021-10-19 10:05:33-06:00
package-lock.json,Nick Funk,nick-funk,2021-11-15 11:28:31-07:00,2021-11-15 11:42:58-07:00
package-lock.json,Nick Funk,nick-funk,2022-01-05 10:49:50-07:00,2022-01-05 10:56:36-07:00
package-lock.json,Nick Funk,Tessa Thornton,2022-05-06 16:12:08+00:00,2022-05-06 16:47:35+00:00
package-lock.json,Kathryn Beaty,Tessa Thornton,2022-06-17 14:57:26+00:00,2022-06-17 16:20:03+00:00
package-lock.json,Kathryn Beaty,tessalt,2022-07-25 16:37:18+00:00,2022-07-26 10:05:17-04:00
package-lock.json,Kathryn Beaty,Nick Funk,2022-08-11 17:15:18+00:00,2022-08-11 17:32:14+00:00
package-lock.json,Kathryn Beaty,Tessa Thornton,2022-10-06 13:39:41+00:00,2022-10-06 09:42:46-04:00
package-lock.json,Tessa Thornton,Kathryn Beaty,2022-10-06 09:42:46-04:00,2022-10-06 15:17:25+00:00
package-lock.json,nick-funk,Tessa Thornton,2022-12-01 20:10:02-07:00,2022-12-02 13:35:15-05:00
package-lock.json,Marcus Haddon,nick-funk,2023-01-17 11:30:41-08:00,2023-01-18 11:06:17-07:00
package-lock.json,nick-funk,Tessa Thornton,2023-01-18 11:29:58-07:00,2023-01-19 10:14:15-05:00
package-lock.json,Tessa Thornton,nick-funk,2023-01-19 12:02:49-05:00,2023-01-19 10:41:31-07:00
package-lock.json,nick-funk,Tessa Thornton,2023-04-26 11:08:23-06:00,2023-04-27 09:45:05-04:00
package-lock.json,Tessa Thornton,nick-funk,2023-06-07 14:28:37-04:00,2023-06-08 09:21:34-06:00
package.json,Wyatt Johnson,Kiwi,2018-06-28 17:06:45-06:00,2018-06-29 15:25:40+00:00
package.json,Kiwi,Wyatt Johnson,2018-06-29 10:33:16-06:00,2018-06-29 16:11:32-06:00
package.json,Kiwi,Wyatt Johnson,2018-07-03 12:21:58-06:00,2018-07-04 10:17:48-06:00
package.json,Wyatt Johnson,Kiwi,2018-07-04 10:17:48-06:00,2018-07-04 11:12:43-06:00
package.json,Kiwi,Chi Vinh Le,2018-07-04 11:12:43-06:00,2018-07-04 17:16:51-03:00
package.json,Chi Vinh Le,Wyatt Johnson,2018-07-04 17:16:51-03:00,2018-07-04 14:44:26-06:00
package.json,Wyatt Johnson,Chi Vinh Le,2018-07-04 14:44:26-06:00,2018-07-04 19:02:03-03:00
package.json,Chi Vinh Le,Kiwi,2018-07-04 19:02:03-03:00,2018-07-05 09:04:38-06:00
package.json,Kiwi,Wyatt Johnson,2018-07-05 09:04:38-06:00,2018-07-05 15:58:19-06:00
package.json,Wyatt Johnson,Chi Vinh Le,2018-07-05 15:58:19-06:00,2018-07-05 19:11:32-03:00
package.json,Chi Vinh Le,okbel,2018-07-06 21:19:49-03:00,2018-07-06 23:44:29-03:00
package.json,okbel,Belén Curcio,2018-07-09 18:37:46-03:00,2018-07-10 13:34:27-03:00
package.json,Belén Curcio,Chi Vinh Le,2018-07-10 13:34:27-03:00,2018-07-10 19:17:16-03:00
package.json,Chi Vinh Le,Belén Curcio,2018-07-10 19:17:16-03:00,2018-07-11 17:50:21-03:00
package.json,Belén Curcio,Chi Vinh Le,2018-07-11 17:50:21-03:00,2018-07-12 03:19:14-03:00
package.json,Belén Curcio,Wyatt Johnson,2018-07-16 14:25:56-03:00,2018-07-16 11:38:28-06:00
package.json,Wyatt Johnson,Belén Curcio,2018-07-16 11:38:28-06:00,2018-07-16 18:31:06-03:00
package.json,Belén Curcio,Wyatt Johnson,2018-07-16 18:36:21-03:00,2018-07-17 14:09:00-06:00
package.json,Wyatt Johnson,Chi Vinh Le,2018-07-17 14:09:00-06:00,2018-07-17 18:45:20-03:00
package.json,Wyatt Johnson,Belén Curcio,2018-07-23 10:08:12-06:00,2018-07-23 18:17:33-03:00
package.json,Belen Curcio,Kiwi,2018-08-02 07:43:12-03:00,2018-08-02 15:29:18+00:00
package.json,Kiwi,Belen Curcio,2018-08-02 15:29:18+00:00,2018-08-02 12:52:16-03:00
package.json,Belen Curcio,Wyatt Johnson,2018-08-02 12:52:16-03:00,2018-08-02 20:09:55+00:00
package.json,Wyatt Johnson,Chi Vinh Le,2018-08-02 20:09:55+00:00,2018-08-03 15:33:04+02:00
package.json,Chi Vinh Le,Belen Curcio,2018-08-03 15:33:04+02:00,2018-08-03 12:57:49-03:00
package.json,Chi Vinh Le,Belen Curcio,2018-08-08 01:03:49+02:00,2018-08-08 08:41:10-03:00
package.json,Chi Vinh Le,Wyatt Johnson,2018-08-10 12:07:46+02:00,2018-08-10 16:17:39+00:00
package.json,Wyatt Johnson,Chi Vinh Le,2018-08-10 16:17:39+00:00,2018-08-10 19:07:41+02:00
package.json,Chi Vinh Le,Kiwi,2018-09-06 00:07:14+02:00,2018-09-05 22:50:01+00:00
package.json,Chi Vinh Le,Wyatt Johnson,2018-09-20 17:06:31+02:00,2018-09-20 23:35:56-06:00
package.json,Wyatt Johnson,Chi Vinh Le,2018-09-20 23:35:56-06:00,2018-09-21 19:02:27+02:00
package.json,Chi Vinh Le,Wyatt Johnson,2018-09-21 19:02:27+02:00,2018-09-21 14:55:00-06:00
package.json,Wyatt Johnson,Kiwi,2018-09-21 22:06:46+00:00,2018-09-21 22:43:28+00:00
package.json,Kiwi,Wyatt Johnson,2018-09-21 22:43:28+00:00,2018-09-21 23:52:28-06:00
package.json,Kiwi,Belén Curcio,2018-09-25 16:25:42+00:00,2018-09-25 15:09:43-03:00
package.json,Wyatt Johnson,Kiwi,2018-10-12 22:14:36+00:00,2018-10-12 23:16:13+00:00
package.json,Kiwi,Wyatt Johnson,2018-10-15 16:01:49+00:00,2018-10-15 14:56:43-06:00
package.json,Wyatt Johnson,Chi Vinh Le,2018-10-19 17:06:40+00:00,2018-10-19 20:19:27+02:00
package.json,Wyatt Johnson,Kiwi,2018-12-17 16:39:56+00:00,2018-12-17 16:56:48+00:00
package.json,Wyatt Johnson,Kiwi,2018-12-20 17:01:10+00:00,2018-12-20 22:32:04+01:00
package.json,Wyatt Johnson,Kiwi,2019-02-06 23:42:17+00:00,2019-02-07 01:10:51+01:00
package.json,Wyatt Johnson,Kiwi,2019-02-08 18:07:09+00:00,2019-02-08 23:18:39+01:00
package.json,Kiwi,Wyatt Johnson,2019-02-13 18:06:42+01:00,2019-02-13 20:45:11+00:00
package.json,Kiwi,Wyatt Johnson,2019-03-22 20:13:11+00:00,2019-03-22 20:29:02+00:00
package.json,Kiwi,Wyatt Johnson,2019-04-02 01:14:27+02:00,2019-04-02 18:09:15+02:00
package.json,Wyatt Johnson,Kiwi,2019-04-22 22:57:32+00:00,2019-04-23 19:46:14+00:00
package.json,Wyatt Johnson,Kiwi,2019-04-25 15:16:36+00:00,2019-04-26 14:23:46+00:00
package.json,Kiwi,Wyatt Johnson,2019-05-09 22:08:12+02:00,2019-05-09 22:54:56+02:00
package.json,Vinh,Wyatt Johnson,2019-06-21 17:01:07+00:00,2019-06-21 23:04:52+00:00
package.json,Wyatt Johnson,Kim Gardner,2019-08-12 16:36:46-04:00,2019-08-12 16:52:31-04:00
package.json,Kim Gardner,Wyatt Johnson,2019-08-12 16:52:31-04:00,2019-08-12 19:12:34-04:00
package.json,Wyatt Johnson,Kim Gardner,2019-09-05 07:02:26+00:00,2019-09-05 17:15:40-04:00
package.json,Vinh,Wyatt Johnson,2019-11-08 17:17:01+00:00,2019-11-08 17:00:41-05:00
package.json,Vinh,Wyatt Johnson,2019-11-21 20:04:42+00:00,2019-11-22 18:16:41+00:00
package.json,Wyatt Johnson,Vinh,2019-11-22 18:16:41+00:00,2019-11-22 19:10:51+00:00
package.json,Vinh,Wyatt Johnson,2019-11-22 19:10:51+00:00,2019-11-22 22:46:16+00:00
package.json,Nick Funk,Wyatt Johnson,2019-12-03 16:06:38-05:00,2019-12-03 21:47:36+00:00
package.json,Vinh,Wyatt Johnson,2020-06-08 13:24:38-06:00,2020-06-08 13:47:23-06:00
package.json,Wyatt Johnson,dependabot[bot],2020-06-11 22:10:52+00:00,2020-06-11 22:28:43+00:00
package.json,dependabot[bot],Tessa Thornton,2020-06-11 22:28:43+00:00,2020-06-12 10:39:28-04:00
package.json,Tessa Thornton,Nick Funk,2020-06-12 10:39:28-04:00,2020-06-12 09:23:28-06:00
package.json,Tessa Thornton,Nick Funk,2020-07-15 02:16:06+00:00,2020-07-15 18:20:25+00:00
package.json,Vinh,Wyatt Johnson,2020-08-20 22:30:32+00:00,2020-08-20 23:33:18+00:00
package.json,Vinh,Nick Funk,2020-08-27 17:43:32+02:00,2020-08-27 17:20:12+00:00
package.json,Nick Funk,Kim Gardner,2020-08-27 17:20:12+00:00,2020-08-27 18:02:50+00:00
package.json,Kim Gardner,Wyatt Johnson,2020-08-28 19:43:27+00:00,2020-08-28 19:57:46+00:00
package.json,Vinh,dependabot[bot],2020-09-16 14:34:19+00:00,2020-09-16 16:33:13+00:00
package.json,Wyatt Johnson,Vinh,2020-09-29 14:24:03+00:00,2020-09-29 23:30:36+00:00
package.json,Wyatt Johnson,Kim Gardner,2020-10-06 23:15:25+00:00,2020-10-07 15:34:47+00:00
package.json,Kim Gardner,Wyatt Johnson,2020-10-07 15:34:47+00:00,2020-10-07 19:32:44+00:00
package.json,Wyatt Johnson,Vinh,2020-10-20 15:36:39+00:00,2020-10-20 21:36:37+00:00
package.json,Tessa Thornton,Wyatt Johnson,2020-10-26 22:02:46+00:00,2020-10-27 14:14:09-06:00
package.json,Wyatt Johnson,Tessa Thornton,2020-12-07 23:09:37+00:00,2020-12-08 19:38:08+00:00
package.json,Vinh,Nick Funk,2020-12-16 09:47:28-07:00,2020-12-16 19:27:40+00:00
package.json,Nick Funk,Wyatt Johnson,2020-12-16 19:27:40+00:00,2020-12-16 19:47:22+00:00
package.json,Tessa Thornton,Wyatt Johnson,2020-12-18 16:53:12+00:00,2020-12-18 17:11:44+00:00
package.json,dependabot[bot],Wyatt Johnson,2020-12-21 20:11:07+00:00,2020-12-21 13:14:27-07:00
package.json,dependabot[bot],Vinh,2021-01-06 18:19:11+00:00,2021-01-06 18:37:23+00:00
package.json,Wyatt Johnson,dependabot[bot],2021-01-27 14:49:18-07:00,2021-01-28 15:05:11+00:00
package.json,dependabot[bot],Vinh,2021-01-28 15:24:22+00:00,2021-01-28 15:42:18+00:00
package.json,Vinh,dependabot[bot],2021-01-28 15:42:18+00:00,2021-01-28 16:04:22+00:00
package.json,dependabot[bot],Tessa Thornton,2021-01-28 16:04:22+00:00,2021-01-28 17:00:11+00:00
package.json,Tessa Thornton,nick-funk,2021-01-28 17:00:11+00:00,2021-01-28 12:13:59-07:00
package.json,Vinh,Tessa Thornton,2021-02-02 13:51:53+00:00,2021-02-02 17:50:47+00:00
package.json,Chi Vinh Le,Tessa Thornton,2021-02-10 16:29:18+01:00,2021-02-11 14:05:08+00:00
package.json,Tessa Thornton,dependabot[bot],2021-04-27 11:40:35-04:00,2021-04-27 11:41:10-04:00
package.json,dependabot[bot],Vinh,2021-04-27 11:41:10-04:00,2021-04-27 11:43:17-04:00
package.json,Tessa Thornton,Vinh,2021-07-07 21:05:51+00:00,2021-07-08 17:35:29+00:00
package.json,Vinh,Tessa Thornton,2021-07-08 17:35:29+00:00,2021-07-09 11:42:10+00:00
package.json,Tessa Thornton,Yonathan Randolph,2021-07-19 17:00:58+00:00,2021-07-20 14:23:40+00:00
package.json,Tessa Thornton,nick-funk,2021-09-08 20:13:18+00:00,2021-09-08 16:32:10-06:00
package.json,nick-funk,Chi Vinh Le,2021-09-08 16:32:10-06:00,2021-09-09 15:11:13+02:00
package.json,nick-funk,Nick Funk,2021-10-18 16:30:23-06:00,2021-10-19 10:05:33-06:00
package.json,Nick Funk,nick-funk,2022-01-05 10:49:50-07:00,2022-01-05 10:56:36-07:00
package.json,Nick Funk,Tessa Thornton,2022-05-06 16:12:08+00:00,2022-05-06 16:47:35+00:00
package.json,Nick Funk,Kathryn Beaty,2022-05-13 14:24:58+00:00,2022-05-13 15:28:48+00:00
package.json,Kathryn Beaty,Tessa Thornton,2022-06-17 14:57:26+00:00,2022-06-17 16:20:03+00:00
package.json,Kathryn Beaty,tessalt,2022-07-25 16:37:18+00:00,2022-07-26 10:05:17-04:00
package.json,Kathryn Beaty,Nick Funk,2022-08-11 17:15:18+00:00,2022-08-11 17:32:14+00:00
package.json,Kathryn Beaty,Tessa Thornton,2022-10-06 13:39:41+00:00,2022-10-06 09:42:46-04:00
package.json,Tessa Thornton,Kathryn Beaty,2022-10-06 09:42:46-04:00,2022-10-06 15:17:25+00:00
package.json,nick-funk,Tessa Thornton,2022-12-01 20:10:02-07:00,2022-12-02 13:35:15-05:00
package.json,Marcus Haddon,nick-funk,2023-01-17 11:30:41-08:00,2023-01-17 17:18:53-07:00
package.json,nick-funk,Tessa Thornton,2023-01-18 11:29:58-07:00,2023-01-19 10:14:15-05:00
package.json,Tessa Thornton,nick-funk,2023-01-19 10:14:15-05:00,2023-01-19 09:52:56-07:00
package.json,nick-funk,Tessa Thornton,2023-03-23 11:38:20-06:00,2023-03-24 09:40:25-04:00
package.json,nick-funk,Tessa Thornton,2023-04-26 11:08:23-06:00,2023-04-27 09:45:05-04:00
package.json,Tessa Thornton,nick-funk,2023-06-07 14:28:37-04:00,2023-06-08 09:21:34-06:00
scripts/docker.sh,Wyatt Johnson,Daniel Kolkena,2021-12-01 14:32:39-07:00,2021-12-01 14:06:22-08:00
scripts/test.js,Belén Curcio,Wyatt Johnson,2018-07-16 18:36:21-03:00,2018-07-17 14:09:00-06:00
scripts/watcher/bin/watcher.ts,Kiwi,Wyatt Johnson,2018-07-03 12:21:58-06:00,2018-07-04 10:50:10-06:00
scripts/watcher/types.ts,Kiwi,Wyatt Johnson,2018-07-03 12:21:58-06:00,2018-07-04 10:50:10-06:00
scripts/watcher/watch.ts,Kiwi,Wyatt Johnson,2018-07-03 12:21:58-06:00,2018-07-04 10:50:10-06:00
server/package-lock.json,nick-funk,Kathryn Beaty,2024-01-02 16:24:31-07:00,2024-01-03 15:46:44-05:00
server/package.json,nick-funk,Kathryn Beaty,2024-01-02 15:10:50-07:00,2024-01-03 13:47:28-05:00
server/package.json,nick-funk,Tessa Thornton,2024-09-10 12:59:49-06:00,2024-09-10 16:04:14-04:00
server/src/core/server/data/context.ts,nick-funk,Kathryn Beaty,2023-10-16 16:23:38-06:00,2023-10-17 10:00:32-04:00
server/src/core/server/graph/loaders/DSAReports.ts,nick-funk,Kathryn Beaty,2023-10-30 09:31:04-06:00,2023-10-31 09:27:45-04:00
server/src/core/server/graph/loaders/index.ts,nick-funk,Kathryn Beaty,2023-10-16 16:23:38-06:00,2023-10-17 10:00:32-04:00
server/src/core/server/graph/mutators/Comments.ts,Kathryn Beaty,Marcus Haddon,2023-11-13 09:37:49-05:00,2023-11-13 10:29:30-08:00
server/src/core/server/graph/mutators/DSAReports.ts,Kathryn Beaty,Marcus Haddon,2023-11-13 09:37:49-05:00,2023-11-13 10:29:30-08:00
server/src/core/server/graph/mutators/DSAReports.ts,Marcus Haddon,nick-funk,2023-11-13 10:29:30-08:00,2023-11-14 11:18:24-07:00
server/src/core/server/graph/resolvers/Query.ts,nick-funk,Kathryn Beaty,2023-10-16 16:23:38-06:00,2023-10-17 10:00:32-04:00
server/src/core/server/graph/schema/schema.graphql,Kathryn Beaty,nick-funk,2023-10-16 13:11:05-04:00,2023-10-16 16:23:38-06:00
server/src/core/server/graph/schema/schema.graphql,nick-funk,Kathryn Beaty,2023-10-16 16:23:38-06:00,2023-10-17 10:00:32-04:00
server/src/core/server/graph/schema/schema.graphql,Kathryn Beaty,nick-funk,2023-10-18 14:33:57-04:00,2023-10-18 16:00:49-06:00
server/src/core/server/graph/schema/schema.graphql,nick-funk,Kathryn Beaty,2023-10-18 16:00:49-06:00,2023-10-19 09:25:42-04:00
server/src/core/server/graph/schema/schema.graphql,Kathryn Beaty,nick-funk,2023-10-19 10:44:21-04:00,2023-10-19 14:42:42-06:00
server/src/core/server/graph/schema/schema.graphql,nick-funk,Kathryn Beaty,2023-10-19 14:42:42-06:00,2023-10-20 12:13:28-04:00
server/src/core/server/graph/schema/schema.graphql,Kathryn Beaty,nick-funk,2023-10-24 15:21:47-04:00,2023-10-24 14:54:42-06:00
server/src/core/server/graph/schema/schema.graphql,nick-funk,Kathryn Beaty,2023-10-25 16:55:36-06:00,2023-10-26 11:51:54-04:00
server/src/core/server/graph/schema/schema.graphql,Kathryn Beaty,Marcus Haddon,2023-10-26 11:51:54-04:00,2023-10-26 12:28:24-07:00
server/src/core/server/graph/schema/schema.graphql,Kathryn Beaty,nick-funk,2023-10-30 10:09:42-04:00,2023-10-30 09:31:04-06:00
server/src/core/server/graph/schema/schema.graphql,nick-funk,Kathryn Beaty,2023-10-30 09:31:04-06:00,2023-10-30 12:17:46-04:00
server/src/core/server/graph/schema/schema.graphql,Kathryn Beaty,nick-funk,2023-10-30 12:17:46-04:00,2023-10-30 13:53:15-06:00
server/src/core/server/graph/schema/schema.graphql,nick-funk,Kathryn Beaty,2023-10-30 13:53:15-06:00,2023-10-31 09:27:45-04:00
server/src/core/server/graph/schema/schema.graphql,Kathryn Beaty,Marcus Haddon,2023-11-01 10:54:33-04:00,2023-11-01 15:02:24-07:00
server/src/core/server/graph/schema/schema.graphql,Marcus Haddon,Kathryn Beaty,2023-11-01 15:02:24-07:00,2023-11-02 11:31:07-04:00
server/src/core/server/graph/schema/schema.graphql,Kathryn Beaty,nick-funk,2023-11-02 11:31:07-04:00,2023-11-02 10:34:30-06:00
server/src/core/server/graph/schema/schema.graphql,Kathryn Beaty,nick-funk,2023-12-12 10:41:46-05:00,2023-12-12 09:15:53-07:00
server/src/core/server/graph/schema/schema.graphql,nick-funk,Kathryn Beaty,2024-01-18 13:48:23-07:00,2024-01-19 10:15:12-05:00
server/src/core/server/models/action/comment.ts,Kathryn Beaty,nick-funk,2023-11-17 12:24:39-05:00,2023-11-17 11:09:40-07:00
server/src/core/server/models/action/moderation/comment.ts,Kathryn Beaty,Marcus Haddon,2023-10-30 12:17:46-04:00,2023-10-30 11:03:18-07:00
server/src/core/server/models/dsaReport/report.ts,Marcus Haddon,Kathryn Beaty,2023-10-26 13:28:18-07:00,2023-10-27 10:48:44-04:00
server/src/core/server/models/dsaReport/report.ts,Kathryn Beaty,nick-funk,2023-10-30 10:09:42-04:00,2023-10-30 09:31:04-06:00
server/src/core/server/models/dsaReport/report.ts,nick-funk,Kathryn Beaty,2023-10-30 09:31:04-06:00,2023-10-31 09:27:45-04:00
server/src/core/server/models/notifications/notification.ts,Kathryn Beaty,nick-funk,2024-03-06 12:13:26-05:00,2024-03-07 09:58:45-07:00
server/src/core/server/services/comments/actions.ts,Kathryn Beaty,Marcus Haddon,2023-11-13 09:37:49-05:00,2023-11-13 10:29:30-08:00
server/src/core/server/services/comments/pipeline/phases/external.ts,nick-funk,Aapakallio-Autio Riku,2024-10-01 17:09:12-06:00,2024-10-02 15:13:26+03:00
server/src/core/server/services/dsaReports/reports.ts,Kathryn Beaty,nick-funk,2023-11-09 13:21:40-05:00,2023-11-09 14:25:43-07:00
server/src/core/server/services/dsaReports/reports.ts,Kathryn Beaty,nick-funk,2023-11-14 08:40:14-05:00,2023-11-14 12:16:51-07:00
server/src/core/server/services/notifications/internal/context.ts,Kathryn Beaty,nick-funk,2023-11-14 08:40:14-05:00,2023-11-14 12:09:43-07:00
server/src/core/server/services/notifications/internal/context.ts,Kathryn Beaty,nick-funk,2024-01-22 09:31:27-05:00,2024-01-22 15:04:35-07:00
server/src/core/server/services/notifications/internal/context.ts,Kathryn Beaty,nick-funk,2024-03-06 12:13:26-05:00,2024-03-07 09:58:45-07:00
server/src/core/server/services/users/delete.ts,Marcus Haddon,Kathryn Beaty,2023-11-20 14:12:01-08:00,2023-11-21 09:27:50-05:00
server/src/core/server/services/users/users.spec.ts,Marcus Haddon,Kathryn Beaty,2023-11-21 11:18:06-08:00,2023-11-21 15:38:47-05:00
server/src/core/server/stacks/createComment.ts,Kathryn Beaty,nick-funk,2024-01-31 14:14:26-05:00,2024-01-31 15:49:10-07:00
server/src/core/server/stacks/rejectComment.ts,Kathryn Beaty,nick-funk,2024-03-06 12:36:17-05:00,2024-03-07 09:58:45-07:00
src/core/build/config.ts,Wyatt Johnson,Vinh,2021-01-27 14:26:13-07:00,2021-01-28 15:42:18+00:00
src/core/build/createWebpackConfig.ts,Chi Vinh Le,Belen Curcio,2018-08-08 01:03:49+02:00,2018-08-08 11:13:44-03:00
src/core/build/createWebpackConfig.ts,Belen Curcio,Belén Curcio,2018-08-08 11:42:09-03:00,2018-08-09 10:16:27-03:00
src/core/build/createWebpackConfig.ts,Wyatt Johnson,Vinh,2020-11-05 17:38:46+00:00,2020-11-05 22:34:40+00:00
src/core/build/createWebpackConfig.ts,Vinh,Wyatt Johnson,2020-11-05 22:34:40+00:00,2020-11-06 17:18:30+00:00
src/core/build/createWebpackConfig.ts,Wyatt Johnson,Vinh,2021-01-27 14:26:13-07:00,2021-01-28 15:42:18+00:00
src/core/build/paths.ts,Chi Vinh Le,Belen Curcio,2018-08-08 01:03:49+02:00,2018-08-08 11:13:44-03:00
src/core/client/account/test/__snapshots__/confirmEmail.spec.tsx.snap,Vinh,Nick Funk,2020-07-31 00:19:59+02:00,2020-07-31 15:40:48+00:00
src/core/client/account/test/__snapshots__/resetPassword.spec.tsx.snap,Vinh,Nick Funk,2020-07-31 00:19:59+02:00,2020-07-31 15:40:48+00:00
src/core/client/account/test/__snapshots__/unsubscribeNotifications.spec.tsx.snap,Vinh,Nick Funk,2020-07-31 00:19:59+02:00,2020-07-31 15:40:48+00:00
src/core/client/admin/components/App.spec.tsx,Kiwi,Wyatt Johnson,2019-03-20 21:26:05+01:00,2019-03-21 19:37:35+01:00
src/core/client/admin/components/App.tsx,Kiwi,Wyatt Johnson,2019-03-20 21:26:05+01:00,2019-03-21 19:37:35+01:00
src/core/client/admin/components/ModerateCard/MarkersContainer.tsx,Vinh,Tessa Thornton,2019-10-15 22:56:38+00:00,2019-10-16 15:51:34+00:00
src/core/client/admin/components/ModerateCard/Media.css,Tessa Thornton,Nick Funk,2020-07-15 02:16:06+00:00,2020-07-15 18:20:25+00:00
src/core/client/admin/components/ModerateCard/ModerateCardContainer.tsx,Wyatt Johnson,Vinh,2020-04-14 21:55:40+00:00,2020-04-15 18:15:31+02:00
src/core/client/admin/components/ModerateCard/ModerateCardDetailsContainer.tsx,Nick Funk,Wyatt Johnson,2019-12-20 17:55:56-05:00,2019-12-20 23:18:49+00:00
src/core/client/admin/components/ModerateCard/__snapshots__/ModeratedByContainer.spec.tsx.snap,Wyatt Johnson,Vinh,2020-04-14 21:55:40+00:00,2020-04-15 18:15:31+02:00
src/core/client/admin/components/PaginatedSelect/PaginatedSelect.css,Nick Funk,Wyatt Johnson,2020-07-15 18:20:25+00:00,2020-07-16 17:45:47+00:00
src/core/client/admin/components/PaginatedSelect/PaginatedSelect.css,Vinh,Wyatt Johnson,2020-07-31 00:19:59+02:00,2020-07-31 13:30:08-04:00
src/core/client/admin/components/UserHistoryDrawer/UserHistoryDrawerAllComments.tsx,Wyatt Johnson,Vinh,2020-04-14 21:55:40+00:00,2020-04-15 18:15:31+02:00
src/core/client/admin/components/UserHistoryDrawer/UserHistoryDrawerAllCommentsQuery.tsx,Wyatt Johnson,Vinh,2020-04-14 21:55:40+00:00,2020-04-15 18:15:31+02:00
src/core/client/admin/components/UserHistoryDrawer/UserHistoryDrawerQuery.tsx,Tessa Thornton,Wyatt Johnson,2019-08-07 16:22:47-04:00,2019-08-08 18:18:18+00:00
src/core/client/admin/components/UserHistoryDrawer/UserHistoryDrawerRejectedComments.tsx,Wyatt Johnson,Vinh,2020-04-14 21:55:40+00:00,2020-04-15 18:15:31+02:00
src/core/client/admin/components/UserHistoryDrawer/UserHistoryDrawerRejectedCommentsQuery.tsx,Wyatt Johnson,Vinh,2020-04-14 21:55:40+00:00,2020-04-15 18:15:31+02:00
src/core/client/admin/components/UserRole/SiteRoleActions.tsx,Marcus Haddon,Kathryn Beaty,2022-09-27 15:26:44-07:00,2022-09-27 23:25:14+00:00
src/core/client/admin/components/UserRole/UserRoleChange.tsx,Kathryn Beaty,Marcus Haddon,2022-09-27 23:25:14+00:00,2022-09-28 14:43:53-07:00
src/core/client/admin/components/__snapshots__/App.spec.tsx.snap,Kiwi,Wyatt Johnson,2019-03-20 21:26:05+01:00,2019-03-21 19:37:35+01:00
src/core/client/admin/containers/AppContainer.tsx,Kiwi,Wyatt Johnson,2019-03-20 21:26:05+01:00,2019-03-21 19:37:35+01:00
src/core/client/admin/containers/UserMenuContainer.tsx,Kiwi,Wyatt Johnson,2019-03-20 21:26:05+01:00,2019-03-21 19:37:35+01:00
src/core/client/admin/mutations/ApproveCommentMutation.ts,Nick Funk,Vinh,2019-06-20 23:11:02+02:00,2019-06-21 17:01:07+00:00
src/core/client/admin/mutations/ApproveCommentMutation.ts,Wyatt Johnson,Vinh,2020-04-14 21:55:40+00:00,2020-04-15 18:15:31+02:00
src/core/client/admin/mutations/BanUserMutation.ts,Wyatt Johnson,Kiwi,2019-04-22 22:57:32+00:00,2019-04-23 20:29:58+00:00
src/core/client/admin/mutations/RejectCommentMutation.ts,Nick Funk,Vinh,2019-06-20 23:11:02+02:00,2019-06-21 17:01:07+00:00
src/core/client/admin/mutations/RejectCommentMutation.ts,Wyatt Johnson,Vinh,2020-04-14 21:55:40+00:00,2020-04-15 18:15:31+02:00
src/core/client/admin/mutations/RemoveUserBanMutation.ts,Wyatt Johnson,Kiwi,2019-04-22 22:57:32+00:00,2019-04-23 20:29:58+00:00
src/core/client/admin/permissions.tsx,Cristian Dean,Vinh,2019-10-15 22:16:08+00:00,2019-10-15 22:56:38+00:00
src/core/client/admin/routes/Configure/sections/Auth/SSOKeyField.tsx,Nick Funk,Wyatt Johnson,2019-11-13 09:50:56-07:00,2019-11-13 17:50:40+00:00
src/core/client/admin/routes/Configure/sections/General/GeneralConfigContainer.tsx,Tessa Thornton,Nick Funk,2020-07-15 02:16:06+00:00,2020-07-15 18:20:25+00:00
src/core/client/admin/routes/Configure/sections/General/MediaLinksConfig.css,Tessa Thornton,Nick Funk,2020-07-15 02:16:06+00:00,2020-07-15 18:20:25+00:00
src/core/client/admin/routes/Configure/sections/Organization/OrganizationURLConfig.tsx,Tessa Thornton,Nick Funk,2019-09-06 13:52:48-04:00,2019-09-06 12:29:27-06:00
src/core/client/admin/routes/Configure/sections/Slack/SlackChannel.tsx,Nick Funk,Tessa Thornton,2019-12-09 16:29:57-05:00,2019-12-09 18:03:30-05:00
src/core/client/admin/routes/Configure/sections/Slack/SlackConfigContainer.tsx,Nick Funk,Tessa Thornton,2019-12-09 16:29:57-05:00,2019-12-09 18:03:30-05:00
src/core/client/admin/routes/Configure/sections/Slack/SlackConfigContainer.tsx,Wyatt Johnson,Vinh,2020-04-14 22:28:14+00:00,2020-04-15 18:15:31+02:00
src/core/client/admin/routes/Moderate/Moderate.tsx,Tessa Thornton,Wyatt Johnson,2019-10-03 23:22:24+00:00,2019-10-04 19:53:14+00:00
src/core/client/admin/routes/Moderate/ModerateCard/FeatureCommentMutation.ts,Nick Funk,Vinh,2019-06-20 23:11:02+02:00,2019-06-21 17:01:07+00:00
src/core/client/admin/routes/Moderate/ModerateCard/ModerateCard.spec.tsx,Nick Funk,Vinh,2019-06-20 23:11:02+02:00,2019-06-21 17:01:07+00:00
src/core/client/admin/routes/Moderate/ModerateCard/ModerateCard.tsx,Nick Funk,Vinh,2019-06-20 23:11:02+02:00,2019-06-21 17:01:07+00:00
src/core/client/admin/routes/Moderate/ModerateCard/ModerateCardContainer.tsx,Nick Funk,Vinh,2019-06-20 23:11:02+02:00,2019-06-21 17:01:07+00:00
src/core/client/admin/routes/Moderate/ModerateSearchBar/ModerateSearchBarContainer.tsx,Tessa Thornton,Wyatt Johnson,2019-10-01 20:43:50+00:00,2019-10-02 16:21:49+00:00
src/core/client/admin/routes/Moderate/Queue/ApprovedQueueRoute.tsx,Wyatt Johnson,Vinh,2020-04-14 21:55:40+00:00,2020-04-15 18:15:31+02:00
src/core/client/admin/routes/Moderate/Queue/QueueRoute.tsx,Wyatt Johnson,Vinh,2020-04-14 21:55:40+00:00,2020-04-15 18:15:31+02:00
src/core/client/admin/routes/Moderate/Queue/RejectedQueueRoute.tsx,Wyatt Johnson,Vinh,2020-04-14 21:55:40+00:00,2020-04-15 18:15:31+02:00
src/core/client/admin/routes/Moderate/SingleModerate/SingleModerateRoute.tsx,Wyatt Johnson,Vinh,2020-04-14 21:55:40+00:00,2020-04-15 18:15:31+02:00
src/core/client/admin/routes/Moderate/SiteSelector/SiteSelector.css,Nick Funk,Wyatt Johnson,2020-07-15 18:20:25+00:00,2020-07-16 17:45:47+00:00
src/core/client/admin/routes/Stories/StoryStatus/StoryStatusChangeContainer.tsx,Cristian Dean,Vinh,2019-10-15 22:28:16+00:00,2019-10-15 22:56:38+00:00
src/core/client/admin/routes/community/containers/UserStatusChangeContainer.tsx,Wyatt Johnson,Kiwi,2019-04-22 22:57:32+00:00,2019-04-23 19:46:14+00:00
src/core/client/admin/test/auth/accountCompletion.spec.tsx,Wyatt Johnson,Kiwi,2019-04-22 22:57:32+00:00,2019-04-23 19:46:14+00:00
src/core/client/admin/test/auth/addEmailAddress.spec.tsx,Wyatt Johnson,Kiwi,2019-04-22 22:57:32+00:00,2019-04-23 19:46:14+00:00
src/core/client/admin/test/auth/createPassword.spec.tsx,Wyatt Johnson,Kiwi,2019-04-22 22:57:32+00:00,2019-04-23 19:46:14+00:00
src/core/client/admin/test/auth/redirectLoggedIn.spec.tsx,Wyatt Johnson,Kiwi,2019-04-22 22:57:32+00:00,2019-04-23 19:46:14+00:00
src/core/client/admin/test/auth/restricted.spec.tsx,Wyatt Johnson,Kiwi,2019-04-22 22:57:32+00:00,2019-04-23 19:46:14+00:00
src/core/client/admin/test/auth/signOut.spec.tsx,Kiwi,Wyatt Johnson,2019-03-20 21:26:05+01:00,2019-03-21 19:37:35+01:00
src/core/client/admin/test/auth/signOut.spec.tsx,Wyatt Johnson,Kiwi,2019-04-22 22:57:32+00:00,2019-04-23 19:46:14+00:00
src/core/client/admin/test/community/__snapshots__/community.spec.tsx.snap,Wyatt Johnson,Tessa Thornton,2019-08-01 21:59:05+00:00,2019-08-02 21:16:21+00:00
src/core/client/admin/test/community/community-rtl.spec.tsx,Kathryn Beaty,Marcus Haddon,2022-09-27 23:25:14+00:00,2022-09-28 14:43:53-07:00
src/core/client/admin/test/community/community.spec.tsx,Wyatt Johnson,Kiwi,2019-04-22 22:57:32+00:00,2019-04-23 19:46:14+00:00
src/core/client/admin/test/configure/__snapshots__/auth.spec.tsx.snap,Tessa Thornton,Vinh,2019-09-03 16:56:36-06:00,2019-09-04 12:34:42-04:00
src/core/client/admin/test/configure/__snapshots__/auth.spec.tsx.snap,Kim Gardner,Nick Funk,2019-09-05 17:15:40-04:00,2019-09-06 12:29:27-06:00
src/core/client/admin/test/configure/__snapshots__/auth.spec.tsx.snap,Tessa Thornton,Vinh,2021-07-20 14:02:20+00:00,2021-07-20 23:34:10+00:00
src/core/client/admin/test/configure/__snapshots__/general.spec.tsx.snap,Tessa Thornton,Vinh,2019-08-20 13:03:25-04:00,2019-08-20 19:22:58+00:00
src/core/client/admin/test/configure/__snapshots__/general.spec.tsx.snap,Tessa Thornton,Nick Funk,2019-09-06 13:41:55-04:00,2019-09-06 12:29:27-06:00
src/core/client/admin/test/configure/__snapshots__/general.spec.tsx.snap,Vinh,Dzarr,2019-12-03 01:07:50+07:00,2019-12-02 18:11:03-05:00
src/core/client/admin/test/configure/__snapshots__/general.spec.tsx.snap,Dzarr,Nick Funk,2019-12-02 18:11:03-05:00,2019-12-03 16:06:38-05:00
src/core/client/admin/test/configure/__snapshots__/general.spec.tsx.snap,Tessa Thornton,Nick Funk,2020-07-15 02:16:06+00:00,2020-07-15 18:20:25+00:00
src/core/client/admin/test/configure/__snapshots__/general.spec.tsx.snap,Kim Gardner,Tessa Thornton,2020-09-01 18:55:27+00:00,2020-09-02 17:30:01+00:00
src/core/client/admin/test/configure/__snapshots__/moderation.spec.tsx.snap,Tessa Thornton,Wyatt Johnson,2020-02-18 10:31:48-05:00,2020-02-18 13:25:48-05:00
src/core/client/admin/test/configure/__snapshots__/organization.spec.tsx.snap,Tessa Thornton,Nick Funk,2019-09-06 13:52:48-04:00,2019-09-06 12:29:27-06:00
src/core/client/admin/test/configure/advanced.spec.tsx,Wyatt Johnson,Kiwi,2019-04-22 22:57:32+00:00,2019-04-23 19:46:14+00:00
src/core/client/admin/test/configure/auth.spec.tsx,Wyatt Johnson,Kiwi,2019-04-22 22:57:32+00:00,2019-04-23 19:46:14+00:00
src/core/client/admin/test/configure/general.spec.tsx,Wyatt Johnson,Kiwi,2019-04-22 22:57:32+00:00,2019-04-23 19:46:14+00:00
src/core/client/admin/test/configure/moderation.spec.tsx,Wyatt Johnson,Kiwi,2019-04-22 22:57:32+00:00,2019-04-23 19:46:14+00:00
src/core/client/admin/test/configure/organization.spec.tsx,Wyatt Johnson,Kiwi,2019-04-22 22:57:32+00:00,2019-04-23 19:46:14+00:00
src/core/client/admin/test/configure/permission.spec.tsx,Wyatt Johnson,Kiwi,2019-04-22 22:57:32+00:00,2019-04-23 19:46:14+00:00
src/core/client/admin/test/configure/wordList.spec.tsx,Wyatt Johnson,Kiwi,2019-04-22 22:57:32+00:00,2019-04-23 19:46:14+00:00
src/core/client/admin/test/decisionHistory/decisionHistory.spec.tsx,Wyatt Johnson,Kiwi,2019-04-22 22:57:32+00:00,2019-04-23 19:46:14+00:00
src/core/client/admin/test/fixtures.ts,Kiwi,Wyatt Johnson,2019-02-13 18:36:37+01:00,2019-02-13 20:45:11+00:00
src/core/client/admin/test/fixtures.ts,Nick Funk,Vinh,2019-06-20 23:11:02+02:00,2019-06-21 17:01:07+00:00
src/core/client/admin/test/fixtures.ts,Nick Funk,Tessa Thornton,2019-09-03 16:38:43-06:00,2019-09-03 16:56:36-06:00
src/core/client/admin/test/fixtures.ts,Tessa Thornton,Wyatt Johnson,2019-09-05 11:35:16-04:00,2019-09-05 17:02:06+00:00
src/core/client/admin/test/fixtures.ts,Wyatt Johnson,Tessa Thornton,2020-07-29 21:11:53+00:00,2020-07-29 23:29:51+00:00
src/core/client/admin/test/moderate/__snapshots__/moderate.spec.tsx.snap,Nick Funk,Vinh,2019-06-20 23:11:02+02:00,2019-06-21 17:01:07+00:00
src/core/client/admin/test/moderate/__snapshots__/regularQueue.spec.tsx.snap,Nick Funk,Vinh,2019-09-03 16:38:43-06:00,2019-09-04 12:34:42-04:00
src/core/client/admin/test/moderate/__snapshots__/rejectedQueue.spec.tsx.snap,Nick Funk,Vinh,2019-09-03 16:38:43-06:00,2019-09-04 12:34:42-04:00
src/core/client/admin/test/moderate/__snapshots__/singleComment.spec.tsx.snap,Nick Funk,Vinh,2019-09-03 16:38:43-06:00,2019-09-04 12:34:42-04:00
src/core/client/admin/test/moderate/moderate.spec.tsx,Wyatt Johnson,Kiwi,2019-04-22 22:57:32+00:00,2019-04-23 19:46:14+00:00
src/core/client/admin/test/stories/stories.spec.tsx,Wyatt Johnson,Kiwi,2019-04-22 22:57:32+00:00,2019-04-23 19:46:14+00:00
src/core/client/auth/.babelrc.js,Chi Vinh Le,Belen Curcio,2018-08-08 01:03:49+02:00,2018-08-08 11:13:44-03:00
src/core/client/auth/components/App.css,Belén Curcio,Chi Vinh Le,2018-08-21 22:47:39-03:00,2018-08-22 19:29:25+02:00
src/core/client/auth/components/App.tsx,Chi Vinh Le,Belen Curcio,2018-08-08 15:07:37+02:00,2018-08-08 11:13:44-03:00
src/core/client/auth/components/App.tsx,Belen Curcio,Belén Curcio,2018-08-08 11:37:58-03:00,2018-08-09 11:03:13-03:00
src/core/client/auth/components/ForgotPassword.css,Belén Curcio,Chi Vinh Le,2018-08-21 22:47:39-03:00,2018-08-22 19:29:25+02:00
src/core/client/auth/components/ForgotPassword.tsx,Belén Curcio,Belen Curcio,2018-08-13 00:20:15-03:00,2018-08-13 13:37:18-03:00
src/core/client/auth/components/ForgotPassword.tsx,Belén Curcio,Chi Vinh Le,2018-08-21 22:47:39-03:00,2018-08-22 19:31:44+02:00
src/core/client/auth/components/ResetPassword.css,Belén Curcio,Chi Vinh Le,2018-08-21 22:47:39-03:00,2018-08-22 19:29:25+02:00
src/core/client/auth/components/ResetPassword.tsx,Belén Curcio,Belen Curcio,2018-08-13 00:20:15-03:00,2018-08-13 13:37:18-03:00
src/core/client/auth/components/ResetPassword.tsx,Belén Curcio,Chi Vinh Le,2018-08-21 22:47:39-03:00,2018-08-22 19:31:44+02:00
src/core/client/auth/components/SignIn.css,Belén Curcio,Chi Vinh Le,2018-08-22 09:48:06-03:00,2018-08-22 19:29:25+02:00
src/core/client/auth/components/SignIn.tsx,Belén Curcio,Belen Curcio,2018-08-13 00:20:15-03:00,2018-08-13 13:25:51-03:00
src/core/client/auth/components/SignIn.tsx,Belén Curcio,Chi Vinh Le,2018-08-22 10:06:50-03:00,2018-08-22 19:29:25+02:00
src/core/client/auth/components/SignUp.css,Belén Curcio,Chi Vinh Le,2018-08-21 22:47:39-03:00,2018-08-22 19:29:25+02:00
src/core/client/auth/components/SignUp.tsx,Belén Curcio,Belen Curcio,2018-08-13 00:20:15-03:00,2018-08-13 12:59:53-03:00
src/core/client/auth/components/SignUp.tsx,Belén Curcio,Chi Vinh Le,2018-08-22 10:06:50-03:00,2018-08-22 19:29:25+02:00
src/core/client/auth/containers/AppContainer.tsx,Chi Vinh Le,Belen Curcio,2018-08-08 01:03:49+02:00,2018-08-08 11:13:44-03:00
src/core/client/auth/containers/ForgotPasswordContainer.tsx,Belén Curcio,Belen Curcio,2018-08-13 00:20:15-03:00,2018-08-13 13:37:18-03:00
src/core/client/auth/containers/ResetPasswordContainer.tsx,Belén Curcio,Belen Curcio,2018-08-13 00:20:15-03:00,2018-08-13 13:37:18-03:00
src/core/client/auth/containers/SignInContainer.tsx,Belén Curcio,Belen Curcio,2018-08-13 00:20:15-03:00,2018-08-13 13:25:51-03:00
src/core/client/auth/containers/SignUpContainer.tsx,Belén Curcio,Belen Curcio,2018-08-12 23:08:23-03:00,2018-08-13 13:52:18-03:00
src/core/client/auth/index.html,Chi Vinh Le,Belen Curcio,2018-08-08 01:03:49+02:00,2018-08-08 11:13:44-03:00
src/core/client/auth/index.tsx,Chi Vinh Le,Belen Curcio,2018-08-08 01:03:49+02:00,2018-08-08 11:13:44-03:00
src/core/client/auth/locales.ts,Chi Vinh Le,Belen Curcio,2018-08-08 01:03:49+02:00,2018-08-08 11:13:44-03:00
src/core/client/auth/test/__snapshots__/addEmailAddress.spec.tsx.snap,Tessa Thornton,Nick Funk,2020-07-15 02:16:06+00:00,2020-07-15 18:20:25+00:00
src/core/client/auth/test/__snapshots__/addEmailAddress.spec.tsx.snap,Vinh,Nick Funk,2020-07-31 00:19:59+02:00,2020-07-31 15:40:48+00:00
src/core/client/auth/test/__snapshots__/createPassword.spec.tsx.snap,Vinh,Nick Funk,2020-07-31 00:19:59+02:00,2020-07-31 15:40:48+00:00
src/core/client/auth/test/__snapshots__/createUsername.spec.tsx.snap,Tessa Thornton,Nick Funk,2020-07-15 02:16:06+00:00,2020-07-15 18:20:25+00:00
src/core/client/auth/test/__snapshots__/createUsername.spec.tsx.snap,Vinh,Nick Funk,2020-07-31 00:19:59+02:00,2020-07-31 15:40:48+00:00
src/core/client/auth/test/__snapshots__/forgotPassword.spec.tsx.snap,Tessa Thornton,Nick Funk,2020-07-15 02:16:06+00:00,2020-07-15 18:20:25+00:00
src/core/client/auth/test/__snapshots__/signIn.spec.tsx.snap,Tessa Thornton,Nick Funk,2020-07-15 02:16:06+00:00,2020-07-15 18:20:25+00:00
src/core/client/auth/test/__snapshots__/signUp.spec.tsx.snap,Belén Curcio,Chi Vinh Le,2018-09-11 13:09:49-03:00,2018-09-12 17:05:31+02:00
src/core/client/auth/test/__snapshots__/signUp.spec.tsx.snap,Chi Vinh Le,Belen Curcio,2018-09-12 17:05:31+02:00,2018-09-12 15:40:04-03:00
src/core/client/auth/test/__snapshots__/signUp.spec.tsx.snap,Kiwi,Wyatt Johnson,2018-12-20 22:32:04+01:00,2018-12-20 23:33:23+01:00
src/core/client/auth/test/__snapshots__/signUp.spec.tsx.snap,Tessa Thornton,Nick Funk,2020-07-15 02:16:06+00:00,2020-07-15 18:20:25+00:00
src/core/client/embed/decorators/__snapshots__/withPymStorage.spec.ts.snap,Kiwi,Chi Vinh Le,2018-09-06 17:07:17+00:00,2018-09-06 23:53:29+02:00
src/core/client/embed/decorators/withPymStorage.spec.ts,Kiwi,Chi Vinh Le,2018-09-06 17:07:17+00:00,2018-09-06 23:53:29+02:00
src/core/client/embed/decorators/withPymStorage.ts,Kiwi,Chi Vinh Le,2018-09-06 17:07:17+00:00,2018-09-06 23:53:29+02:00
src/core/client/embed/utils/index.ts,Wyatt Johnson,Chi Vinh Le,2018-11-01 18:15:42+01:00,2018-11-01 20:28:09+01:00
src/core/client/framework/helpers/getAriaPoliteMacOSWorkaround.ts,Vinh,Chi Vinh Le,2021-07-20 23:34:10+00:00,2021-07-21 18:27:11+02:00
src/core/client/framework/lib/bootstrap/TalkContext.tsx,Chi Vinh Le,Kiwi,2018-09-06 00:06:58+02:00,2018-09-06 17:07:17+00:00
src/core/client/framework/lib/bootstrap/TalkContext.tsx,Kiwi,Chi Vinh Le,2018-09-06 17:07:17+00:00,2018-09-06 23:53:29+02:00
src/core/client/framework/lib/bootstrap/createContext.tsx,Chi Vinh Le,Kiwi,2018-09-06 00:06:58+02:00,2018-09-06 17:07:17+00:00
src/core/client/framework/lib/bootstrap/createContext.tsx,Kiwi,Chi Vinh Le,2018-09-06 17:07:17+00:00,2018-09-06 23:53:29+02:00
src/core/client/framework/lib/browserInfo.ts,Vinh,Chi Vinh Le,2021-07-20 23:34:10+00:00,2021-07-21 18:27:11+02:00
src/core/client/framework/lib/i18n/index.ts,Tessa Thornton,Wyatt Johnson,2019-08-12 10:45:49-04:00,2019-08-12 16:44:35-04:00
src/core/client/framework/lib/relay/createMutationContainer.tsx,Wyatt Johnson,Kiwi,2019-04-22 22:57:32+00:00,2019-04-23 19:46:14+00:00
src/core/client/framework/lib/relay/lookup.ts,Wyatt Johnson,Kiwi,2019-04-22 22:57:32+00:00,2019-04-23 19:46:14+00:00
src/core/client/framework/lib/relay/mutation.tsx,Wyatt Johnson,Kiwi,2019-04-22 22:57:32+00:00,2019-04-23 19:46:14+00:00
src/core/client/framework/lib/storage/InMemoryStorage.ts,Chi Vinh Le,Kiwi,2018-09-06 00:06:58+02:00,2018-09-06 17:07:17+00:00
src/core/client/framework/lib/storage/InMemoryStorage.ts,Kiwi,Chi Vinh Le,2018-09-06 17:07:17+00:00,2018-09-06 23:53:29+02:00
src/core/client/framework/lib/storage/PymStorage.spec.ts,Kiwi,Chi Vinh Le,2018-09-06 17:07:17+00:00,2018-09-06 23:53:29+02:00
src/core/client/framework/lib/storage/PymStorage.ts,Chi Vinh Le,Kiwi,2018-09-06 00:06:58+02:00,2018-09-06 17:07:17+00:00
src/core/client/framework/lib/storage/PymStorage.ts,Kiwi,Chi Vinh Le,2018-09-06 17:07:17+00:00,2018-09-06 23:53:29+02:00
src/core/client/framework/lib/storage/index.ts,Chi Vinh Le,Kiwi,2018-09-06 00:06:58+02:00,2018-09-06 17:07:17+00:00
src/core/client/framework/lib/validation.tsx,Kiwi,Wyatt Johnson,2018-12-20 22:32:04+01:00,2018-12-20 23:33:23+01:00
src/core/client/framework/lib/validation.tsx,Tessa Thornton,Wyatt Johnson,2019-08-12 10:45:49-04:00,2019-08-12 18:02:15+00:00
src/core/client/framework/lib/validation.tsx,Tessa Thornton,Nick Funk,2020-07-15 02:16:06+00:00,2020-07-15 18:20:25+00:00
src/core/client/framework/rest/signOff.ts,Belén Curcio,Chi Vinh Le,2018-08-22 09:48:06-03:00,2018-08-23 08:55:16+02:00
src/core/client/framework/testHelpers/byLabelText.ts,Kim Gardner,Vinh,2020-04-14 22:18:34+00:00,2020-04-15 18:15:31+02:00
src/core/client/framework/testHelpers/createFakePymStorage.ts,Chi Vinh Le,Kiwi,2018-09-06 00:06:58+02:00,2018-09-06 17:07:17+00:00
src/core/client/framework/testHelpers/createFakePymStorage.ts,Kiwi,Chi Vinh Le,2018-09-06 17:07:17+00:00,2018-09-06 23:53:29+02:00
src/core/client/framework/testHelpers/createFixture.ts,Wyatt Johnson,Kiwi,2019-04-22 22:57:32+00:00,2019-04-23 19:46:14+00:00
src/core/client/framework/testHelpers/createFixtures.ts,Wyatt Johnson,Kiwi,2019-04-22 22:57:32+00:00,2019-04-23 19:46:14+00:00
src/core/client/framework/testHelpers/createMutationResolverStub.ts,Wyatt Johnson,Kiwi,2019-04-22 22:57:32+00:00,2019-04-23 19:46:14+00:00
src/core/client/framework/testHelpers/createQueryResolverStub.ts,Wyatt Johnson,Kiwi,2019-04-22 22:57:32+00:00,2019-04-23 19:46:14+00:00
src/core/client/framework/testHelpers/index.ts,Kiwi,Chi Vinh Le,2018-09-06 17:07:17+00:00,2018-09-06 23:53:29+02:00
src/core/client/framework/testHelpers/index.ts,Wyatt Johnson,Kiwi,2019-04-22 22:57:32+00:00,2019-04-23 19:46:14+00:00
src/core/client/install/components/Header.tsx,Wyatt Johnson,Kiwi,2018-10-11 22:13:02+00:00,2018-10-11 22:42:39+00:00
src/core/client/install/steps/components/BackButton.tsx,Wyatt Johnson,Kiwi,2018-10-11 22:13:02+00:00,2018-10-11 22:42:39+00:00
src/core/client/install/steps/components/NextButton.tsx,Wyatt Johnson,Kiwi,2018-10-11 22:13:02+00:00,2018-10-11 22:42:39+00:00
src/core/client/install/steps/components/PermittedDomains.tsx,Wyatt Johnson,Kiwi,2018-10-11 22:13:02+00:00,2018-10-11 22:42:39+00:00
src/core/client/stream/classes.ts,Tessa Thornton,Vinh,2019-08-20 13:15:59-04:00,2019-08-20 19:22:58+00:00
src/core/client/stream/classes.ts,Wyatt Johnson,Vinh,2020-07-30 17:18:59-04:00,2020-07-31 00:19:59+02:00
src/core/client/stream/common/KeyboardShortcuts/KeyboardShortcuts.tsx,Kathryn Beaty,Tessa Thornton,2022-04-21 16:28:18+00:00,2022-04-21 17:04:30+00:00
src/core/client/stream/common/KeyboardShortcuts/KeyboardShortcuts.tsx,Marcus Haddon,Nick Funk,2022-07-25 17:53:47+00:00,2022-07-25 18:07:50+00:00
src/core/client/stream/common/Media/OEmbed.css,Tessa Thornton,Nick Funk,2020-07-15 02:16:06+00:00,2020-07-15 18:20:25+00:00
src/core/client/stream/components/App.tsx,Chi Vinh Le,Belén Curcio,2018-09-13 18:29:22+02:00,2018-09-14 10:03:25-03:00
src/core/client/stream/components/App.tsx,Chi Vinh Le,Belén Curcio,2018-10-03 15:49:49+02:00,2018-10-04 10:33:50-03:00
src/core/client/stream/components/Auth.tsx,Belen Curcio,Belén Curcio,2018-08-08 12:04:37-03:00,2018-08-09 09:50:17-03:00
src/core/client/stream/components/Comment.css,okbel,Chi Vinh Le,2018-07-09 18:57:41-03:00,2018-07-10 12:15:39-03:00
src/core/client/stream/components/Comment.spec.tsx,Chi Vinh Le,Kiwi,2018-07-04 19:04:12-03:00,2018-07-05 09:04:38-06:00
src/core/client/stream/components/Comment.tsx,okbel,Chi Vinh Le,2018-07-09 18:57:41-03:00,2018-07-10 12:15:39-03:00
src/core/client/stream/components/Comment.tsx,Chi Vinh Le,Belén Curcio,2018-07-10 12:15:39-03:00,2018-07-10 13:34:27-03:00
src/core/client/stream/components/Comment.tsx,Belén Curcio,Chi Vinh Le,2018-07-10 13:34:27-03:00,2018-07-10 15:30:39-03:00
src/core/client/stream/components/Comment/Comment.tsx,Wyatt Johnson,Belén Curcio,2018-07-23 13:33:44-06:00,2018-07-23 18:17:33-03:00
src/core/client/stream/components/Comment/Comment.tsx,Belen Curcio,Chi Vinh Le,2018-08-03 08:21:18-03:00,2018-08-03 15:57:14+02:00
src/core/client/stream/components/Comment/__snapshots__/TopBar.spec.tsx.snap,Chi Vinh Le,Kiwi,2018-07-20 12:24:03-03:00,2018-07-20 22:40:12+00:00
src/core/client/stream/components/PostCommentForm.tsx,Belén Curcio,Belen Curcio,2018-08-12 22:52:03-03:00,2018-08-13 12:59:53-03:00
src/core/client/stream/components/PostCommentForm.tsx,Kiwi,Chi Vinh Le,2018-09-06 17:07:17+00:00,2018-09-07 16:29:46+02:00
src/core/client/stream/components/PoweredBy.css,Belén Curcio,Belen Curcio,2018-08-12 22:52:03-03:00,2018-08-13 12:59:53-03:00
src/core/client/stream/components/ReplyList.spec.tsx,Belén Curcio,Chi Vinh Le,2018-07-16 18:36:21-03:00,2018-07-17 15:31:40-03:00
src/core/client/stream/components/Stream.tsx,Chi Vinh Le,Belen Curcio,2018-08-08 01:04:25+02:00,2018-08-08 12:04:37-03:00
src/core/client/stream/components/Stream.tsx,Belen Curcio,Belén Curcio,2018-08-08 12:04:37-03:00,2018-08-09 09:50:17-03:00
src/core/client/stream/components/UserBoxUnauthenticated.tsx,Chi Vinh Le,Belén Curcio,2018-08-08 16:23:18+02:00,2018-08-09 10:40:59-03:00
src/core/client/stream/components/UserBoxUnauthenticated.tsx,Belén Curcio,Chi Vinh Le,2018-08-09 10:40:59-03:00,2018-08-09 19:40:45+02:00
src/core/client/stream/components/UserBoxUnauthenticated.tsx,Chi Vinh Le,Belen Curcio,2018-08-09 19:40:45+02:00,2018-08-10 12:11:32-03:00
src/core/client/stream/components/__snapshots__/Comment.spec.tsx.snap,Chi Vinh Le,Kiwi,2018-07-04 19:04:12-03:00,2018-07-05 09:04:38-06:00
src/core/client/stream/components/__snapshots__/Comment.spec.tsx.snap,Chi Vinh Le,Belén Curcio,2018-07-10 12:29:42-03:00,2018-07-10 13:34:27-03:00
src/core/client/stream/components/__snapshots__/Comment.spec.tsx.snap,Belén Curcio,Chi Vinh Le,2018-07-10 13:34:27-03:00,2018-07-10 18:51:22-03:00
src/core/client/stream/components/__snapshots__/ReplyList.spec.tsx.snap,Belén Curcio,Chi Vinh Le,2018-07-16 18:36:21-03:00,2018-07-17 15:31:40-03:00
src/core/client/stream/components/__snapshots__/Stream.spec.tsx.snap,Chi Vinh Le,Kiwi,2018-09-06 00:07:14+02:00,2018-09-06 17:07:17+00:00
src/core/client/stream/containers/AppContainer.tsx,Chi Vinh Le,Belén Curcio,2018-09-13 18:29:22+02:00,2018-09-14 10:13:42-03:00
src/core/client/stream/containers/AuthContainer.tsx,Belen Curcio,Belén Curcio,2018-08-08 12:04:37-03:00,2018-08-09 09:50:17-03:00
src/core/client/stream/containers/CommentContainer.tsx,okbel,Chi Vinh Le,2018-07-09 11:04:16-03:00,2018-07-09 16:45:36-03:00
src/core/client/stream/containers/CommentContainer.tsx,Chi Vinh Le,Belén Curcio,2018-07-09 16:45:36-03:00,2018-07-10 13:34:27-03:00
src/core/client/stream/containers/CommentContainer.tsx,Chi Vinh Le,Wyatt Johnson,2018-09-11 18:03:54+02:00,2018-09-11 17:07:42-06:00
src/core/client/stream/containers/CommentContainer.tsx,Wyatt Johnson,Chi Vinh Le,2018-09-11 17:07:42-06:00,2018-09-12 17:05:31+02:00
src/core/client/stream/containers/PostCommentFormContainer.spec.tsx,Kiwi,Chi Vinh Le,2018-09-06 17:07:17+00:00,2018-09-06 23:53:29+02:00
src/core/client/stream/containers/PostCommentFormContainer.tsx,Chi Vinh Le,Kiwi,2018-09-06 00:06:58+02:00,2018-09-06 17:07:17+00:00
src/core/client/stream/containers/PostCommentFormContainer.tsx,Kiwi,Chi Vinh Le,2018-09-06 17:07:17+00:00,2018-09-06 23:53:29+02:00
src/core/client/stream/local/initLocalState.spec.ts,Chi Vinh Le,Kiwi,2018-09-06 00:06:58+02:00,2018-09-06 17:07:17+00:00
src/core/client/stream/local/initLocalState.spec.ts,Kiwi,Chi Vinh Le,2018-09-06 17:07:17+00:00,2018-09-06 23:53:29+02:00
src/core/client/stream/local/initLocalState.ts,Chi Vinh Le,Kiwi,2018-09-06 00:06:58+02:00,2018-09-06 17:07:17+00:00
src/core/client/stream/local/initLocalState.ts,Kiwi,Chi Vinh Le,2018-09-06 17:07:17+00:00,2018-09-06 23:53:29+02:00
src/core/client/stream/mutations/CreateCommentMutation.ts,Belén Curcio,Wyatt Johnson,2018-10-04 18:31:16-03:00,2018-10-04 22:34:54+00:00
src/core/client/stream/mutations/SetActiveTabMutation.ts,Chi Vinh Le,Belén Curcio,2018-09-13 21:49:30+02:00,2018-09-14 10:13:42-03:00
src/core/client/stream/tabs/Comments/Comment/Comment.tsx,Tessa Thornton,Nick Funk,2020-07-15 02:16:06+00:00,2020-07-15 18:20:25+00:00
src/core/client/stream/tabs/Comments/Comment/CommentContainer.css,Chi Vinh Le,Nick Funk,2021-07-27 16:21:23+02:00,2021-07-27 17:13:32+00:00
src/core/client/stream/tabs/Comments/Comment/CommentContainer.tsx,Nick Funk,Vinh,2019-09-03 16:38:43-06:00,2019-09-04 12:34:42-04:00
src/core/client/stream/tabs/Comments/Comment/CommentContainer.tsx,Nick Funk,Wyatt Johnson,2020-08-05 21:10:55+00:00,2020-08-06 14:42:04+00:00
src/core/client/stream/tabs/Comments/Comment/CommentContainer.tsx,Nick Funk,Wyatt Johnson,2020-08-11 20:13:11+00:00,2020-08-11 21:49:32+00:00
src/core/client/stream/tabs/Comments/Comment/CommentContainer.tsx,Nick Funk,Tessa Thornton,2020-08-20 23:19:38+00:00,2020-08-21 22:20:34+00:00
src/core/client/stream/tabs/Comments/Comment/CommentContainer.tsx,Nick Funk,Wyatt Johnson,2020-08-25 00:17:27+00:00,2020-08-25 19:21:29+00:00
src/core/client/stream/tabs/Comments/Comment/CommentContainer.tsx,Tessa Thornton,Nick Funk,2020-09-02 14:52:38+00:00,2020-09-02 16:25:23+00:00
src/core/client/stream/tabs/Comments/Comment/CommentContainer.tsx,Chi Vinh Le,Marcus Haddon,2021-07-26 18:50:07+02:00,2021-07-26 15:26:51-07:00
src/core/client/stream/tabs/Comments/Comment/CommentContainer.tsx,Marcus Haddon,Chi Vinh Le,2021-07-26 15:26:51-07:00,2021-07-27 16:21:23+02:00
src/core/client/stream/tabs/Comments/Comment/CommentContainer.tsx,Chi Vinh Le,Nick Funk,2021-07-27 16:21:23+02:00,2021-07-27 17:13:32+00:00
src/core/client/stream/tabs/Comments/Comment/CommentContainer.tsx,Nick Funk,Chi Vinh Le,2021-07-27 17:13:32+00:00,2021-07-27 22:07:15+02:00
src/core/client/stream/tabs/Comments/Comment/CommentContainer.tsx,Nick Funk,Vinh,2021-10-13 09:57:38-06:00,2021-10-13 17:29:24+00:00
src/core/client/stream/tabs/Comments/Comment/EditCommentForm/EditCommentForm.css,Tessa Thornton,Nick Funk,2020-07-15 02:16:06+00:00,2020-07-15 18:20:25+00:00
src/core/client/stream/tabs/Comments/Comment/EditCommentForm/EditCommentFormContainer.tsx,Vinh,Wyatt Johnson,2020-08-05 23:32:14+00:00,2020-08-06 14:56:57+00:00
src/core/client/stream/tabs/Comments/Comment/EditCommentForm/EditCommentMutation.ts,Tessa Thornton,Nick Funk,2020-07-15 02:16:06+00:00,2020-07-15 18:20:25+00:00
src/core/client/stream/tabs/Comments/Comment/MediaConfirmation/MediaConfirmPrompt.css,Tessa Thornton,Nick Funk,2020-07-15 02:16:06+00:00,2020-07-15 18:20:25+00:00
src/core/client/stream/tabs/Comments/Comment/MediaConfirmation/MediaConfirmation.css,Tessa Thornton,Nick Funk,2020-07-15 02:16:06+00:00,2020-07-15 18:20:25+00:00
src/core/client/stream/tabs/Comments/Comment/MediaConfirmation/MediaPreview.css,Tessa Thornton,Nick Funk,2020-07-15 02:16:06+00:00,2020-07-15 18:20:25+00:00
src/core/client/stream/tabs/Comments/Comment/MediaConfirmation/MediaPreview.tsx,Nick Funk,Wyatt Johnson,2020-08-25 18:54:40+00:00,2020-08-26 15:19:58+00:00
src/core/client/stream/tabs/Comments/Comment/ModerationDropdown/ModerationActionsContainer.tsx,Nick Funk,Vinh,2019-09-03 16:38:43-06:00,2019-09-04 12:34:42-04:00
src/core/client/stream/tabs/Comments/Comment/ReactionButton/ReactionButtonContainer.tsx,Nick Funk,Vinh,2019-09-03 16:38:43-06:00,2019-09-04 12:34:42-04:00
src/core/client/stream/tabs/Comments/Comment/ReplyCommentForm/CreateCommentReplyMutation.ts,Nick Funk,Wyatt Johnson,2019-06-13 17:24:50+00:00,2019-06-14 16:27:25+00:00
src/core/client/stream/tabs/Comments/Comment/ReplyCommentForm/CreateCommentReplyMutation.ts,Nick Funk,Vinh,2019-06-28 23:10:09+00:00,2019-06-28 23:20:10+00:00
src/core/client/stream/tabs/Comments/Comment/ReplyCommentForm/CreateCommentReplyMutation.ts,Vinh,Tessa Thornton,2020-08-20 22:30:32+00:00,2020-08-21 22:20:34+00:00
src/core/client/stream/tabs/Comments/Comment/ReplyCommentForm/ReplyCommentForm.css,Tessa Thornton,Nick Funk,2020-07-15 02:16:06+00:00,2020-07-15 18:20:25+00:00
src/core/client/stream/tabs/Comments/Comment/ReplyCommentForm/ReplyCommentFormContainer.tsx,Nick Funk,Vinh,2019-09-03 16:38:43-06:00,2019-09-04 12:34:42-04:00
src/core/client/stream/tabs/Comments/Comment/ReplyCommentForm/ReplyCommentFormContainer.tsx,Vinh,Chi Vinh Le,2021-09-08 22:28:13+00:00,2021-09-09 00:41:46+02:00
src/core/client/stream/tabs/Comments/Comment/UserBanPopover/UserBanPopoverContainer.tsx,Nick Funk,Vinh,2019-09-03 16:38:43-06:00,2019-09-04 12:34:42-04:00
src/core/client/stream/tabs/Comments/Comment/__snapshots__/CommentContainer.spec.tsx.snap,Nick Funk,Vinh,2019-09-03 16:38:43-06:00,2019-09-04 12:34:42-04:00
src/core/client/stream/tabs/Comments/Comment/__snapshots__/CommentContainer.spec.tsx.snap,Nick Funk,Wyatt Johnson,2020-08-05 21:10:55+00:00,2020-08-06 14:42:04+00:00
src/core/client/stream/tabs/Comments/Comment/__snapshots__/CommentContainer.spec.tsx.snap,Nick Funk,Tessa Thornton,2020-08-20 23:19:38+00:00,2020-08-21 22:20:34+00:00
src/core/client/stream/tabs/Comments/Comment/__snapshots__/CommentContainer.spec.tsx.snap,Nick Funk,Wyatt Johnson,2020-08-25 00:17:27+00:00,2020-08-25 15:38:00+00:00
src/core/client/stream/tabs/Comments/Comment/__snapshots__/CommentContainer.spec.tsx.snap,Tessa Thornton,Nick Funk,2020-09-02 14:52:38+00:00,2020-09-02 16:25:23+00:00
src/core/client/stream/tabs/Comments/Comment/__snapshots__/CommentContainer.spec.tsx.snap,Vinh,Chi Vinh Le,2021-07-20 23:34:10+00:00,2021-07-21 20:10:22+02:00
src/core/client/stream/tabs/Comments/ExternalImageInput/ExternalImageInput.tsx,Wyatt Johnson,Nick Funk,2020-08-26 17:40:42+00:00,2020-08-26 23:04:23+00:00
src/core/client/stream/tabs/Comments/GifSelector/GifPreview.css,Tessa Thornton,Nick Funk,2020-07-15 02:16:06+00:00,2020-07-15 18:20:25+00:00
src/core/client/stream/tabs/Comments/GifSelector/GifSelector.css,Tessa Thornton,Nick Funk,2020-07-15 02:16:06+00:00,2020-07-15 18:20:25+00:00
src/core/client/stream/tabs/Comments/IgnoredTombstoneOrHideContainer.tsx,Nick Funk,Vinh,2019-09-03 16:38:43-06:00,2019-09-04 12:34:42-04:00
src/core/client/stream/tabs/Comments/RTE/RTE.css,Tessa Thornton,Nick Funk,2020-07-15 02:16:06+00:00,2020-07-15 18:20:25+00:00
src/core/client/stream/tabs/Comments/RTE/RTE.tsx,Tessa Thornton,Nick Funk,2020-07-15 02:16:06+00:00,2020-07-15 18:20:25+00:00
src/core/client/stream/tabs/Comments/RTE/__snapshots__/RTE.spec.tsx.snap,Tessa Thornton,Nick Funk,2020-07-15 02:16:06+00:00,2020-07-15 18:20:25+00:00
src/core/client/stream/tabs/Comments/Stream/CommentForm/CommentForm.css,Tessa Thornton,Nick Funk,2020-07-15 02:16:06+00:00,2020-07-15 18:20:25+00:00
src/core/client/stream/tabs/Comments/Stream/CommentForm/CommentForm.tsx,Vinh,Nick Funk,2020-07-31 00:19:59+02:00,2020-07-31 15:40:48+00:00
src/core/client/stream/tabs/Comments/Stream/CommentForm/CommentForm.tsx,Wyatt Johnson,Nick Funk,2020-12-16 17:04:12+00:00,2020-12-16 19:27:40+00:00
src/core/client/stream/tabs/Comments/Stream/DeleteAccount/StreamDeletionRequestCalloutContainer.tsx,Nick Funk,Vinh,2019-09-03 16:38:43-06:00,2019-09-04 12:34:42-04:00
src/core/client/stream/tabs/Comments/Stream/PostCommentForm/CreateCommentMutation.ts,Nick Funk,Wyatt Johnson,2019-06-13 17:24:50+00:00,2019-06-14 16:27:25+00:00
src/core/client/stream/tabs/Comments/Stream/PostCommentForm/CreateCommentMutation.ts,Nick Funk,Vinh,2019-06-28 23:10:09+00:00,2019-06-28 23:20:10+00:00
src/core/client/stream/tabs/Comments/Stream/PostCommentForm/CreateCommentMutation.ts,Vinh,Tessa Thornton,2020-08-20 22:30:32+00:00,2020-08-21 22:20:34+00:00
src/core/client/stream/tabs/Comments/Stream/PostCommentForm/PostCommentForm.css,Tessa Thornton,Nick Funk,2020-07-15 02:16:06+00:00,2020-07-15 18:20:25+00:00
src/core/client/stream/tabs/Comments/Stream/PostCommentForm/PostCommentFormFake.css,Tessa Thornton,Nick Funk,2020-07-15 02:16:06+00:00,2020-07-15 18:20:25+00:00
src/core/client/stream/tabs/Comments/Stream/PostCommentForm/PostCommentFormFake.tsx,Tessa Thornton,Nick Funk,2020-07-15 02:16:06+00:00,2020-07-15 18:20:25+00:00
src/core/client/stream/tabs/Comments/Stream/PostCommentForm/PostCommentInput.css,Tessa Thornton,Nick Funk,2020-07-15 02:16:06+00:00,2020-07-15 18:20:25+00:00
src/core/client/stream/tabs/Comments/Stream/StreamContainer.tsx,Nick Funk,Vinh,2019-09-03 16:38:43-06:00,2019-09-04 12:34:42-04:00
src/core/client/stream/tabs/Comments/Stream/StreamContainer.tsx,Tessa Thornton,Vinh,2019-10-15 20:49:37+00:00,2019-10-15 22:56:38+00:00
src/core/client/stream/tabs/Comments/Stream/StreamContainer.tsx,Jan Slusarczyk,Tessa Thornton,2020-02-27 22:26:28+00:00,2020-02-27 23:28:07+00:00
src/core/client/stream/tabs/Configure/ConfigureStream/MessageBoxConfig.tsx,Nick Funk,Wyatt Johnson,2019-12-20 17:25:55-05:00,2019-12-20 23:18:49+00:00
src/core/client/stream/tabs/Configure/Q&A/NoLongerAnExpert.tsx,Vinh,Chi Vinh Le,2021-07-20 23:34:10+00:00,2021-07-21 18:27:11+02:00
src/core/client/stream/tabs/Discussions/DiscussionsContainer.tsx,Wyatt Johnson,Vinh,2020-07-30 17:18:59-04:00,2020-07-31 00:19:59+02:00
src/core/client/stream/tabs/Discussions/DiscussionsQuery.tsx,Nick Funk,Vinh,2021-07-20 13:46:50+00:00,2021-07-20 23:34:10+00:00
src/core/client/stream/tabs/Profile/ChangeUsername/ChangeUsernameContainer.tsx,Tessa Thornton,Wyatt Johnson,2019-08-12 10:45:49-04:00,2019-08-12 16:44:35-04:00
src/core/client/stream/tabs/Profile/ChangeUsername/ChangeUsernameContainer.tsx,Tessa Thornton,Vinh,2019-09-03 16:56:36-06:00,2019-09-04 12:34:42-04:00
src/core/client/stream/tabs/Profile/DeletionRequest/DeletionRequestCalloutContainer.tsx,Nick Funk,Vinh,2019-09-03 16:38:43-06:00,2019-09-04 12:34:42-04:00
src/core/client/stream/tabs/Profile/MyComments/DownloadCommentsContainer.css,Tessa Thornton,Nick Funk,2020-07-15 02:16:06+00:00,2020-07-15 18:20:25+00:00
src/core/client/stream/tabs/Profile/Preferences/IgnoreUserListItem.tsx,Vinh,Chi Vinh Le,2021-07-20 23:34:10+00:00,2021-07-21 18:27:11+02:00
src/core/client/stream/tabs/Profile/Preferences/IgnoreUserSettingsContainer.tsx,Vinh,Chi Vinh Le,2021-07-20 23:34:10+00:00,2021-07-21 18:27:11+02:00
src/core/client/stream/tabs/Profile/Profile.tsx,Tessa Thornton,Vinh,2019-08-20 12:28:14-04:00,2019-08-20 19:22:58+00:00
src/core/client/stream/tabs/Profile/Profile.tsx,Nick Funk,Vinh,2019-09-03 16:38:43-06:00,2019-09-04 12:34:42-04:00
src/core/client/stream/tabs/Profile/ProfileQuery.tsx,Nick Funk,Vinh,2021-07-20 13:46:50+00:00,2021-07-20 23:34:10+00:00
src/core/client/stream/tabs/Profile/Settings/DeleteAccount/DeleteAccountContainer.tsx,Nick Funk,Vinh,2019-09-03 16:38:43-06:00,2019-09-04 12:34:42-04:00
src/core/client/stream/tabs/Profile/Settings/DeleteAccount/DeleteAccountModalContents.tsx,Nick Funk,Vinh,2019-09-03 16:38:43-06:00,2019-09-04 12:34:42-04:00
src/core/client/stream/tabs/Profile/Settings/DeleteAccount/Pages/CompletionPage.tsx,Nick Funk,Vinh,2019-09-03 16:38:43-06:00,2019-09-04 12:34:42-04:00
src/core/client/stream/tabs/Profile/Settings/DeleteAccount/Pages/ConfirmPage.tsx,Nick Funk,Vinh,2019-09-03 16:38:43-06:00,2019-09-04 12:34:42-04:00
src/core/client/stream/tabs/Profile/Settings/DeleteAccount/Pages/DescriptionPage.tsx,Nick Funk,Vinh,2019-09-03 16:38:43-06:00,2019-09-04 12:34:42-04:00
src/core/client/stream/tabs/Profile/Settings/DeleteAccount/Pages/DownloadCommentsPage.tsx,Nick Funk,Vinh,2019-09-03 16:38:43-06:00,2019-09-04 12:34:42-04:00
src/core/client/stream/tabs/Profile/Settings/DeleteAccount/Pages/WhenPage.tsx,Nick Funk,Vinh,2019-09-03 16:38:43-06:00,2019-09-04 12:34:42-04:00
src/core/client/stream/tabs/Profile/Settings/DownloadCommentsContainer.tsx,Nick Funk,Wyatt Johnson,2019-11-13 09:50:56-07:00,2019-11-13 17:50:40+00:00
src/core/client/stream/tabs/Profile/Settings/SettingsContainer.tsx,Nick Funk,Tessa Thornton,2019-09-03 16:38:43-06:00,2019-09-03 16:56:36-06:00
src/core/client/stream/tabs/comments/components/ReplyList.tsx,Kiwi,Chi Vinh Le,2018-09-21 15:57:33+00:00,2018-09-22 01:05:25+02:00
src/core/client/stream/tabs/comments/components/ReplyList.tsx,Wyatt Johnson,Chi Vinh Le,2018-09-26 16:06:35-06:00,2018-09-27 14:56:28+02:00
src/core/client/stream/tabs/comments/components/RespectButton.tsx,Belén Curcio,Wyatt Johnson,2018-09-26 15:18:12-03:00,2018-09-26 16:06:35-06:00
src/core/client/stream/tabs/comments/components/Stream.tsx,Kiwi,Wyatt Johnson,2019-04-23 20:29:58+00:00,2019-04-23 20:50:02+00:00
src/core/client/stream/tabs/comments/containers/CommentContainer.tsx,Chi Vinh Le,Belén Curcio,2018-09-25 21:42:15+02:00,2018-09-25 18:03:56-03:00
src/core/client/stream/tabs/comments/containers/CommentContainer.tsx,Belén Curcio,Wyatt Johnson,2018-09-25 20:05:26-03:00,2018-09-26 16:06:35-06:00
src/core/client/stream/tabs/comments/containers/CommentContainer.tsx,Chi Vinh Le,Kiwi,2018-10-19 17:31:21+02:00,2018-10-19 17:32:12+00:00
src/core/client/stream/tabs/comments/containers/ReplyListContainer.spec.tsx,Wyatt Johnson,Chi Vinh Le,2018-09-23 18:16:47-06:00,2018-09-24 20:08:11+02:00
src/core/client/stream/tabs/comments/containers/ReplyListContainer.tsx,Kiwi,Chi Vinh Le,2018-09-21 15:57:33+00:00,2018-09-22 01:05:25+02:00
src/core/client/stream/tabs/comments/containers/ReplyListContainer.tsx,Wyatt Johnson,Chi Vinh Le,2018-09-26 16:06:35-06:00,2018-09-27 14:56:28+02:00
src/core/client/stream/tabs/comments/containers/RespectButtonContainer.tsx,Belén Curcio,Wyatt Johnson,2018-09-26 15:18:12-03:00,2018-09-26 13:31:15-06:00
src/core/client/stream/tabs/comments/containers/__snapshots__/CommentContainer.spec.tsx.snap,Chi Vinh Le,Kiwi,2018-10-19 17:31:21+02:00,2018-10-19 17:32:12+00:00
src/core/client/stream/tabs/comments/containers/__snapshots__/CommentContainer.spec.tsx.snap,Kiwi,Chi Vinh Le,2018-10-19 17:32:12+00:00,2018-10-19 20:33:35+02:00
src/core/client/stream/tabs/comments/containers/__snapshots__/ReplyListContainer.spec.tsx.snap,Wyatt Johnson,Chi Vinh Le,2018-09-23 18:16:47-06:00,2018-09-24 20:08:11+02:00
src/core/client/stream/tabs/comments/containers/__snapshots__/ReplyListContainer.spec.tsx.snap,Wyatt Johnson,Chi Vinh Le,2018-09-26 17:48:24-06:00,2018-09-27 14:56:28+02:00
src/core/client/stream/test/__snapshots__/loadMore.spec.tsx.snap,Belén Curcio,Chi Vinh Le,2018-07-16 18:36:21-03:00,2018-07-17 15:23:16-03:00
src/core/client/stream/test/__snapshots__/loadMore.spec.tsx.snap,Chi Vinh Le,Kiwi,2018-07-20 12:24:03-03:00,2018-07-20 22:40:12+00:00
src/core/client/stream/test/__snapshots__/loadMore.spec.tsx.snap,Chi Vinh Le,Belen Curcio,2018-09-12 17:05:31+02:00,2018-09-12 15:40:04-03:00
src/core/client/stream/test/__snapshots__/permalinkView.spec.tsx.snap,Chi Vinh Le,Belen Curcio,2018-09-12 17:05:31+02:00,2018-09-12 15:40:04-03:00
src/core/client/stream/test/__snapshots__/permalinkViewCommentNotFound.spec.tsx.snap,Chi Vinh Le,Belen Curcio,2018-09-12 17:05:31+02:00,2018-09-12 15:40:04-03:00
src/core/client/stream/test/__snapshots__/postComment.spec.tsx.snap,Chi Vinh Le,Kiwi,2018-09-06 00:07:14+02:00,2018-09-06 17:07:17+00:00
src/core/client/stream/test/__snapshots__/postComment.spec.tsx.snap,Kiwi,Chi Vinh Le,2018-09-06 17:07:17+00:00,2018-09-07 00:34:17+02:00
src/core/client/stream/test/__snapshots__/postComment.spec.tsx.snap,Chi Vinh Le,Belen Curcio,2018-09-12 17:05:31+02:00,2018-09-12 15:40:04-03:00
src/core/client/stream/test/__snapshots__/postReply.spec.tsx.snap,Chi Vinh Le,Belen Curcio,2018-09-12 17:05:31+02:00,2018-09-12 15:40:04-03:00
src/core/client/stream/test/__snapshots__/renderReplies.spec.tsx.snap,Belén Curcio,Chi Vinh Le,2018-07-16 18:36:21-03:00,2018-07-17 15:23:16-03:00
src/core/client/stream/test/__snapshots__/renderReplies.spec.tsx.snap,Chi Vinh Le,Kiwi,2018-07-20 12:24:03-03:00,2018-07-20 22:40:12+00:00
src/core/client/stream/test/__snapshots__/renderReplies.spec.tsx.snap,Chi Vinh Le,Belen Curcio,2018-09-12 17:05:31+02:00,2018-09-12 15:40:04-03:00
src/core/client/stream/test/__snapshots__/renderStream.spec.tsx.snap,Belén Curcio,Chi Vinh Le,2018-07-16 18:36:21-03:00,2018-07-17 15:23:16-03:00
src/core/client/stream/test/__snapshots__/renderStream.spec.tsx.snap,Chi Vinh Le,Kiwi,2018-07-20 12:24:03-03:00,2018-07-20 22:40:12+00:00
src/core/client/stream/test/__snapshots__/renderStream.spec.tsx.snap,Chi Vinh Le,Belen Curcio,2018-09-12 17:05:31+02:00,2018-09-12 15:40:04-03:00
src/core/client/stream/test/__snapshots__/showAllReplies.spec.tsx.snap,Belén Curcio,Chi Vinh Le,2018-07-16 18:36:21-03:00,2018-07-17 15:23:16-03:00
src/core/client/stream/test/__snapshots__/showAllReplies.spec.tsx.snap,Chi Vinh Le,Kiwi,2018-07-20 12:24:03-03:00,2018-07-20 22:40:12+00:00
src/core/client/stream/test/__snapshots__/showAllReplies.spec.tsx.snap,Chi Vinh Le,Belen Curcio,2018-09-12 17:05:31+02:00,2018-09-12 15:40:04-03:00
src/core/client/stream/test/comments/__snapshots__/editComment.spec.tsx.snap,Chi Vinh Le,Belén Curcio,2018-09-13 18:29:22+02:00,2018-09-14 10:13:42-03:00
src/core/client/stream/test/comments/__snapshots__/editComment.spec.tsx.snap,Chi Vinh Le,Belén Curcio,2018-09-25 21:42:15+02:00,2018-09-26 16:37:30-03:00
src/core/client/stream/test/comments/__snapshots__/editComment.spec.tsx.snap,Belén Curcio,Chi Vinh Le,2018-09-26 17:03:01-03:00,2018-09-27 17:48:10+02:00
src/core/client/stream/test/comments/__snapshots__/editComment.spec.tsx.snap,Kiwi,Belén Curcio,2018-10-12 16:41:58+00:00,2018-10-12 17:28:59+00:00
src/core/client/stream/test/comments/__snapshots__/editComment.spec.tsx.snap,Chi Vinh Le,Kiwi,2018-10-19 17:31:21+02:00,2018-10-19 17:32:12+00:00
src/core/client/stream/test/comments/__snapshots__/loadMore.spec.tsx.snap,Chi Vinh Le,Belén Curcio,2018-09-25 21:42:15+02:00,2018-09-26 16:37:30-03:00
src/core/client/stream/test/comments/__snapshots__/loadMore.spec.tsx.snap,Belén Curcio,Chi Vinh Le,2018-09-26 17:03:01-03:00,2018-09-27 17:48:10+02:00
src/core/client/stream/test/comments/__snapshots__/loadMore.spec.tsx.snap,Kiwi,Belén Curcio,2018-10-12 16:41:58+00:00,2018-10-12 17:28:59+00:00
src/core/client/stream/test/comments/__snapshots__/loadMore.spec.tsx.snap,Chi Vinh Le,Kiwi,2018-10-19 17:31:21+02:00,2018-10-19 17:32:12+00:00
src/core/client/stream/test/comments/__snapshots__/permalinkView.spec.tsx.snap,Chi Vinh Le,Belén Curcio,2018-09-25 21:42:15+02:00,2018-09-26 16:37:30-03:00
src/core/client/stream/test/comments/__snapshots__/permalinkView.spec.tsx.snap,Kiwi,Belén Curcio,2018-10-12 16:41:58+00:00,2018-10-12 17:28:59+00:00
src/core/client/stream/test/comments/__snapshots__/permalinkView.spec.tsx.snap,Chi Vinh Le,Kiwi,2018-10-19 17:31:21+02:00,2018-10-19 17:32:12+00:00
src/core/client/stream/test/comments/__snapshots__/permalinkViewCommentNotFound.spec.tsx.snap,Kiwi,Belén Curcio,2018-10-12 16:41:58+00:00,2018-10-12 17:28:59+00:00
src/core/client/stream/test/comments/__snapshots__/permalinkViewCommentNotFound.spec.tsx.snap,Chi Vinh Le,Kiwi,2018-10-19 17:31:21+02:00,2018-10-19 17:32:12+00:00
src/core/client/stream/test/comments/__snapshots__/permalinkViewLoadMoreParents.spec.tsx.snap,Kiwi,Belén Curcio,2018-10-12 16:41:58+00:00,2018-10-12 17:28:59+00:00
src/core/client/stream/test/comments/__snapshots__/permalinkViewLoadMoreParents.spec.tsx.snap,Chi Vinh Le,Kiwi,2018-10-19 17:31:21+02:00,2018-10-19 17:32:12+00:00
src/core/client/stream/test/comments/__snapshots__/postComment.spec.tsx.snap,Chi Vinh Le,Belén Curcio,2018-09-25 21:42:15+02:00,2018-09-26 16:37:30-03:00
src/core/client/stream/test/comments/__snapshots__/postComment.spec.tsx.snap,Belén Curcio,Chi Vinh Le,2018-09-26 17:23:54-03:00,2018-09-27 17:48:10+02:00
src/core/client/stream/test/comments/__snapshots__/postComment.spec.tsx.snap,Kiwi,Belén Curcio,2018-10-12 16:41:58+00:00,2018-10-12 17:28:59+00:00
src/core/client/stream/test/comments/__snapshots__/postComment.spec.tsx.snap,Chi Vinh Le,Kiwi,2018-10-19 17:31:21+02:00,2018-10-19 17:32:12+00:00
src/core/client/stream/test/comments/__snapshots__/postLocalReply.spec.tsx.snap,Chi Vinh Le,Belén Curcio,2018-09-25 21:42:15+02:00,2018-09-26 16:37:30-03:00
src/core/client/stream/test/comments/__snapshots__/postLocalReply.spec.tsx.snap,Kiwi,Belén Curcio,2018-10-12 16:41:58+00:00,2018-10-12 17:28:59+00:00
src/core/client/stream/test/comments/__snapshots__/postLocalReply.spec.tsx.snap,Chi Vinh Le,Kiwi,2018-10-19 17:31:21+02:00,2018-10-19 17:32:12+00:00
src/core/client/stream/test/comments/__snapshots__/postReply.spec.tsx.snap,Chi Vinh Le,Belén Curcio,2018-09-25 21:42:15+02:00,2018-09-26 16:37:30-03:00
src/core/client/stream/test/comments/__snapshots__/postReply.spec.tsx.snap,Belén Curcio,Chi Vinh Le,2018-09-26 17:23:54-03:00,2018-09-27 17:48:10+02:00
src/core/client/stream/test/comments/__snapshots__/postReply.spec.tsx.snap,Kiwi,Belén Curcio,2018-10-12 16:41:58+00:00,2018-10-12 17:28:59+00:00
src/core/client/stream/test/comments/__snapshots__/postReply.spec.tsx.snap,Chi Vinh Le,Kiwi,2018-10-19 17:31:21+02:00,2018-10-19 17:32:12+00:00
src/core/client/stream/test/comments/__snapshots__/renderCommunityGuidelines.spec.tsx.snap,Kiwi,Wyatt Johnson,2019-04-23 20:29:58+00:00,2019-04-23 20:50:02+00:00
src/core/client/stream/test/comments/__snapshots__/renderReplies.spec.tsx.snap,Chi Vinh Le,Belén Curcio,2018-09-25 21:42:15+02:00,2018-09-26 16:37:30-03:00
src/core/client/stream/test/comments/__snapshots__/renderReplies.spec.tsx.snap,Belén Curcio,Chi Vinh Le,2018-09-26 17:03:01-03:00,2018-09-27 17:48:10+02:00
src/core/client/stream/test/comments/__snapshots__/renderReplies.spec.tsx.snap,Kiwi,Belén Curcio,2018-10-12 16:41:58+00:00,2018-10-12 17:28:59+00:00
src/core/client/stream/test/comments/__snapshots__/renderReplies.spec.tsx.snap,Chi Vinh Le,Kiwi,2018-10-19 17:31:21+02:00,2018-10-19 17:32:12+00:00
src/core/client/stream/test/comments/__snapshots__/renderStream.spec.tsx.snap,Chi Vinh Le,Belén Curcio,2018-09-25 21:42:15+02:00,2018-09-26 16:37:30-03:00
src/core/client/stream/test/comments/__snapshots__/renderStream.spec.tsx.snap,Belén Curcio,Chi Vinh Le,2018-09-26 17:03:01-03:00,2018-09-27 17:48:10+02:00
src/core/client/stream/test/comments/__snapshots__/renderStream.spec.tsx.snap,Kiwi,Belén Curcio,2018-10-12 16:41:58+00:00,2018-10-12 17:28:59+00:00
src/core/client/stream/test/comments/__snapshots__/renderStream.spec.tsx.snap,Chi Vinh Le,Kiwi,2018-10-19 17:31:21+02:00,2018-10-19 17:32:12+00:00
src/core/client/stream/test/comments/__snapshots__/showAllReplies.spec.tsx.snap,Chi Vinh Le,Belén Curcio,2018-09-25 21:42:15+02:00,2018-09-26 16:37:30-03:00
src/core/client/stream/test/comments/__snapshots__/showAllReplies.spec.tsx.snap,Belén Curcio,Chi Vinh Le,2018-09-26 17:03:01-03:00,2018-09-27 17:48:10+02:00
src/core/client/stream/test/comments/__snapshots__/showAllReplies.spec.tsx.snap,Kiwi,Belén Curcio,2018-10-12 16:41:58+00:00,2018-10-12 17:28:59+00:00
src/core/client/stream/test/comments/__snapshots__/showAllReplies.spec.tsx.snap,Chi Vinh Le,Kiwi,2018-10-19 17:31:21+02:00,2018-10-19 17:32:12+00:00
src/core/client/stream/test/comments/__snapshots__/showConversation.spec.tsx.snap,Kiwi,Belén Curcio,2018-10-12 16:41:58+00:00,2018-10-12 17:28:59+00:00
src/core/client/stream/test/comments/__snapshots__/showConversation.spec.tsx.snap,Chi Vinh Le,Kiwi,2018-10-19 17:31:21+02:00,2018-10-19 17:32:12+00:00
src/core/client/stream/test/comments/editComment.spec.tsx,Wyatt Johnson,Chi Vinh Le,2018-09-26 17:48:24-06:00,2018-09-27 15:02:53+02:00
src/core/client/stream/test/comments/featured/__snapshots__/renderFeaturedStream.spec.tsx.snap,Tessa Thornton,Vinh,2019-10-15 20:49:37+00:00,2019-10-15 22:56:38+00:00
src/core/client/stream/test/comments/featured/__snapshots__/renderFeaturedStream.spec.tsx.snap,Tessa Thornton,Nick Funk,2020-07-15 02:16:06+00:00,2020-07-15 18:20:25+00:00
src/core/client/stream/test/comments/featured/__snapshots__/renderFeaturedStream.spec.tsx.snap,Nick Funk,Wyatt Johnson,2020-08-11 20:13:11+00:00,2020-08-11 21:49:32+00:00
src/core/client/stream/test/comments/featured/__snapshots__/renderFeaturedStream.spec.tsx.snap,Vinh,Chi Vinh Le,2021-07-20 23:34:10+00:00,2021-07-21 17:26:23+02:00
src/core/client/stream/test/comments/loadMore.spec.tsx,Wyatt Johnson,Chi Vinh Le,2018-09-26 17:48:24-06:00,2018-09-27 15:02:53+02:00
src/core/client/stream/test/comments/permalink/__snapshots__/permalinkView.spec.tsx.snap,Nick Funk,Wyatt Johnson,2020-08-11 20:13:11+00:00,2020-08-11 21:49:32+00:00
src/core/client/stream/test/comments/permalink/__snapshots__/permalinkView.spec.tsx.snap,Nick Funk,Tessa Thornton,2020-08-20 23:19:38+00:00,2020-08-21 22:20:34+00:00
src/core/client/stream/test/comments/permalink/__snapshots__/permalinkView.spec.tsx.snap,Tessa Thornton,Nick Funk,2020-09-02 14:52:38+00:00,2020-09-02 16:25:23+00:00
src/core/client/stream/test/comments/permalink/__snapshots__/permalinkView.spec.tsx.snap,Vinh,Chi Vinh Le,2021-07-20 23:34:10+00:00,2021-07-21 20:10:22+02:00
src/core/client/stream/test/comments/permalink/__snapshots__/permalinkViewLoadMoreParents.spec.tsx.snap,Nick Funk,Tessa Thornton,2020-08-20 23:19:38+00:00,2020-08-21 22:20:34+00:00
src/core/client/stream/test/comments/permalink/__snapshots__/permalinkViewLoadMoreParents.spec.tsx.snap,Tessa Thornton,Nick Funk,2020-09-02 14:52:38+00:00,2020-09-02 16:25:23+00:00
src/core/client/stream/test/comments/permalink/__snapshots__/permalinkViewLoadMoreParents.spec.tsx.snap,Nick Funk,Tessa Thornton,2020-09-02 16:25:23+00:00,2020-09-02 17:30:01+00:00
src/core/client/stream/test/comments/permalink/__snapshots__/permalinkViewLoadMoreParents.spec.tsx.snap,Vinh,Chi Vinh Le,2021-07-20 23:34:10+00:00,2021-07-21 20:10:22+02:00
src/core/client/stream/test/comments/permalink/create.ts,Wyatt Johnson,Vinh,2019-06-14 16:27:25+00:00,2019-06-14 17:17:30+00:00
src/core/client/stream/test/comments/permalinkView.spec.tsx,Wyatt Johnson,Chi Vinh Le,2018-09-26 17:48:24-06:00,2018-09-27 15:02:53+02:00
src/core/client/stream/test/comments/permalinkViewAssetNotFound.spec.tsx,Wyatt Johnson,Chi Vinh Le,2018-09-26 17:48:24-06:00,2018-09-27 15:02:53+02:00
src/core/client/stream/test/comments/permalinkViewCommentNotFound.spec.tsx,Wyatt Johnson,Chi Vinh Le,2018-09-26 17:48:24-06:00,2018-09-27 15:02:53+02:00
src/core/client/stream/test/comments/postComment.spec.tsx,Belén Curcio,Wyatt Johnson,2018-09-26 17:23:54-03:00,2018-09-26 17:48:24-06:00
src/core/client/stream/test/comments/postComment.spec.tsx,Wyatt Johnson,Chi Vinh Le,2018-09-26 17:48:24-06:00,2018-09-27 15:02:53+02:00
src/core/client/stream/test/comments/postLocalReply.spec.tsx,Belén Curcio,Wyatt Johnson,2018-09-26 17:23:54-03:00,2018-09-26 17:48:24-06:00
src/core/client/stream/test/comments/postLocalReply.spec.tsx,Wyatt Johnson,Chi Vinh Le,2018-09-26 17:49:01-06:00,2018-09-27 15:02:53+02:00
src/core/client/stream/test/comments/postReply.spec.tsx,Belén Curcio,Wyatt Johnson,2018-09-26 17:23:54-03:00,2018-09-26 17:48:24-06:00
src/core/client/stream/test/comments/postReply.spec.tsx,Wyatt Johnson,Chi Vinh Le,2018-09-26 17:48:24-06:00,2018-09-27 15:02:53+02:00
src/core/client/stream/test/comments/renderReplies.spec.tsx,Wyatt Johnson,Chi Vinh Le,2018-09-26 17:48:24-06:00,2018-09-27 15:02:53+02:00
src/core/client/stream/test/comments/renderStream.spec.tsx,Wyatt Johnson,Chi Vinh Le,2018-09-26 17:48:24-06:00,2018-09-27 15:02:53+02:00
src/core/client/stream/test/comments/showAllReplies.spec.tsx,Wyatt Johnson,Chi Vinh Le,2018-09-26 17:48:24-06:00,2018-09-27 15:02:53+02:00
src/core/client/stream/test/comments/stream/__snapshots__/editComment.spec.tsx.snap,Tessa Thornton,Nick Funk,2020-07-15 02:16:06+00:00,2020-07-15 18:20:25+00:00
src/core/client/stream/test/comments/stream/__snapshots__/editComment.spec.tsx.snap,Vinh,Nick Funk,2020-07-31 00:19:59+02:00,2020-07-31 15:40:48+00:00
src/core/client/stream/test/comments/stream/__snapshots__/editComment.spec.tsx.snap,Nick Funk,Tessa Thornton,2020-08-20 23:19:38+00:00,2020-08-21 22:20:34+00:00
src/core/client/stream/test/comments/stream/__snapshots__/editComment.spec.tsx.snap,Tessa Thornton,Nick Funk,2020-09-02 14:52:38+00:00,2020-09-02 16:25:23+00:00
src/core/client/stream/test/comments/stream/__snapshots__/editComment.spec.tsx.snap,Vinh,Chi Vinh Le,2021-07-20 23:34:10+00:00,2021-07-21 20:10:22+02:00
src/core/client/stream/test/comments/stream/__snapshots__/loadMore.spec.tsx.snap,Nick Funk,Tessa Thornton,2020-08-20 23:19:38+00:00,2020-08-21 22:20:34+00:00
src/core/client/stream/test/comments/stream/__snapshots__/loadMore.spec.tsx.snap,Wyatt Johnson,Tessa Thornton,2020-08-31 20:49:19+00:00,2020-09-01 19:39:44+00:00
src/core/client/stream/test/comments/stream/__snapshots__/loadMore.spec.tsx.snap,Tessa Thornton,Nick Funk,2020-09-02 14:52:38+00:00,2020-09-02 16:25:23+00:00
src/core/client/stream/test/comments/stream/__snapshots__/loadMore.spec.tsx.snap,Vinh,Chi Vinh Le,2021-07-20 23:34:10+00:00,2021-07-21 20:10:22+02:00
src/core/client/stream/test/comments/stream/__snapshots__/postComment.spec.tsx.snap,Nick Funk,Tessa Thornton,2020-08-20 23:19:38+00:00,2020-08-21 22:20:34+00:00
src/core/client/stream/test/comments/stream/__snapshots__/postComment.spec.tsx.snap,Tessa Thornton,Nick Funk,2020-09-02 14:52:38+00:00,2020-09-02 16:25:23+00:00
src/core/client/stream/test/comments/stream/__snapshots__/postComment.spec.tsx.snap,Vinh,Chi Vinh Le,2021-07-20 23:34:10+00:00,2021-07-21 20:10:22+02:00
src/core/client/stream/test/comments/stream/__snapshots__/postLocalReply.spec.tsx.snap,Tessa Thornton,Nick Funk,2020-07-15 02:16:06+00:00,2020-07-15 18:20:25+00:00
src/core/client/stream/test/comments/stream/__snapshots__/postLocalReply.spec.tsx.snap,Nick Funk,Wyatt Johnson,2020-08-11 20:13:11+00:00,2020-08-11 21:49:32+00:00
src/core/client/stream/test/comments/stream/__snapshots__/postLocalReply.spec.tsx.snap,Nick Funk,Tessa Thornton,2020-08-20 23:19:38+00:00,2020-08-21 22:20:34+00:00
src/core/client/stream/test/comments/stream/__snapshots__/postLocalReply.spec.tsx.snap,Wyatt Johnson,Tessa Thornton,2020-08-31 20:49:19+00:00,2020-09-01 19:39:44+00:00
src/core/client/stream/test/comments/stream/__snapshots__/postLocalReply.spec.tsx.snap,Tessa Thornton,Nick Funk,2020-09-02 14:52:38+00:00,2020-09-02 16:25:23+00:00
src/core/client/stream/test/comments/stream/__snapshots__/postReply.spec.tsx.snap,Tessa Thornton,Nick Funk,2020-07-15 02:16:06+00:00,2020-07-15 18:20:25+00:00
src/core/client/stream/test/comments/stream/__snapshots__/postReply.spec.tsx.snap,Nick Funk,Tessa Thornton,2020-08-20 23:19:38+00:00,2020-08-21 22:20:34+00:00
src/core/client/stream/test/comments/stream/__snapshots__/postReply.spec.tsx.snap,Tessa Thornton,Nick Funk,2020-09-02 14:52:38+00:00,2020-09-02 16:25:23+00:00
src/core/client/stream/test/comments/stream/__snapshots__/postReply.spec.tsx.snap,Vinh,Chi Vinh Le,2021-07-20 23:34:10+00:00,2021-07-21 20:10:22+02:00
src/core/client/stream/test/comments/stream/__snapshots__/renderCommunityGuidelines.spec.tsx.snap,Tessa Thornton,Vinh,2019-10-15 20:49:37+00:00,2019-10-15 22:56:38+00:00
src/core/client/stream/test/comments/stream/__snapshots__/renderCommunityGuidelines.spec.tsx.snap,Tessa Thornton,Nick Funk,2020-07-15 02:16:06+00:00,2020-07-15 18:20:25+00:00
src/core/client/stream/test/comments/stream/__snapshots__/renderCommunityGuidelines.spec.tsx.snap,Nick Funk,Tessa Thornton,2020-08-20 23:19:38+00:00,2020-08-21 22:20:34+00:00
src/core/client/stream/test/comments/stream/__snapshots__/renderCommunityGuidelines.spec.tsx.snap,Wyatt Johnson,Tessa Thornton,2020-08-31 20:49:19+00:00,2020-09-01 19:39:44+00:00
src/core/client/stream/test/comments/stream/__snapshots__/renderCommunityGuidelines.spec.tsx.snap,Tessa Thornton,Nick Funk,2020-09-02 14:52:38+00:00,2020-09-02 16:25:23+00:00
src/core/client/stream/test/comments/stream/__snapshots__/renderCommunityGuidelines.spec.tsx.snap,Vinh,Chi Vinh Le,2021-07-20 23:34:10+00:00,2021-07-21 17:26:23+02:00
src/core/client/stream/test/comments/stream/__snapshots__/renderMessageBox.spec.tsx.snap,Tessa Thornton,Nick Funk,2020-07-15 02:16:06+00:00,2020-07-15 18:20:25+00:00
src/core/client/stream/test/comments/stream/__snapshots__/renderMessageBox.spec.tsx.snap,Vinh,Chi Vinh Le,2021-07-20 23:34:10+00:00,2021-07-21 17:26:23+02:00
src/core/client/stream/test/comments/stream/__snapshots__/renderReplies.spec.tsx.snap,Nick Funk,Tessa Thornton,2020-08-20 23:19:38+00:00,2020-08-21 22:20:34+00:00
src/core/client/stream/test/comments/stream/__snapshots__/renderReplies.spec.tsx.snap,Tessa Thornton,Nick Funk,2020-09-02 14:52:38+00:00,2020-09-02 16:25:23+00:00
src/core/client/stream/test/comments/stream/__snapshots__/renderReplies.spec.tsx.snap,Vinh,Chi Vinh Le,2021-07-20 23:34:10+00:00,2021-07-21 20:10:22+02:00
src/core/client/stream/test/comments/stream/__snapshots__/renderStream.spec.tsx.snap,Tessa Thornton,Vinh,2019-10-15 20:49:37+00:00,2019-10-15 22:56:38+00:00
src/core/client/stream/test/comments/stream/__snapshots__/renderStream.spec.tsx.snap,Tessa Thornton,Nick Funk,2020-07-15 02:16:06+00:00,2020-07-15 18:20:25+00:00
src/core/client/stream/test/comments/stream/__snapshots__/renderStream.spec.tsx.snap,Nick Funk,Tessa Thornton,2020-08-20 23:19:38+00:00,2020-08-21 22:20:34+00:00
src/core/client/stream/test/comments/stream/__snapshots__/renderStream.spec.tsx.snap,Wyatt Johnson,Tessa Thornton,2020-08-31 20:49:19+00:00,2020-09-01 19:39:44+00:00
src/core/client/stream/test/comments/stream/__snapshots__/renderStream.spec.tsx.snap,Tessa Thornton,Nick Funk,2020-09-02 14:52:38+00:00,2020-09-02 16:25:23+00:00
src/core/client/stream/test/comments/stream/__snapshots__/renderStream.spec.tsx.snap,Nick Funk,Tessa Thornton,2020-09-02 16:25:23+00:00,2020-09-02 17:30:01+00:00
src/core/client/stream/test/comments/stream/__snapshots__/renderStream.spec.tsx.snap,Vinh,Chi Vinh Le,2021-07-20 23:34:10+00:00,2021-07-21 17:26:23+02:00
src/core/client/stream/test/comments/stream/__snapshots__/reportComment.spec.tsx.snap,Vinh,Nick Funk,2020-07-31 00:19:59+02:00,2020-07-31 15:40:48+00:00
src/core/client/stream/test/comments/stream/__snapshots__/reportComment.spec.tsx.snap,Nick Funk,Tessa Thornton,2020-08-20 23:19:38+00:00,2020-08-21 22:20:34+00:00
src/core/client/stream/test/comments/stream/__snapshots__/reportComment.spec.tsx.snap,Tessa Thornton,Nick Funk,2020-09-02 14:52:38+00:00,2020-09-02 16:25:23+00:00
src/core/client/stream/test/comments/stream/__snapshots__/reportComment.spec.tsx.snap,Vinh,Chi Vinh Le,2021-07-20 23:34:10+00:00,2021-07-21 20:10:22+02:00
src/core/client/stream/test/comments/stream/__snapshots__/showAllReplies.spec.tsx.snap,Nick Funk,Tessa Thornton,2020-08-20 23:19:38+00:00,2020-08-21 22:20:34+00:00
src/core/client/stream/test/comments/stream/__snapshots__/showAllReplies.spec.tsx.snap,Tessa Thornton,Nick Funk,2020-09-02 14:52:38+00:00,2020-09-02 16:25:23+00:00
src/core/client/stream/test/comments/stream/__snapshots__/showAllReplies.spec.tsx.snap,Vinh,Chi Vinh Le,2021-07-20 23:34:10+00:00,2021-07-21 20:10:22+02:00
src/core/client/stream/test/comments/stream/__snapshots__/showConversation.spec.tsx.snap,Nick Funk,Wyatt Johnson,2020-08-11 20:13:11+00:00,2020-08-11 21:49:32+00:00
src/core/client/stream/test/comments/stream/__snapshots__/showConversation.spec.tsx.snap,Nick Funk,Tessa Thornton,2020-08-20 23:19:38+00:00,2020-08-21 22:20:34+00:00
src/core/client/stream/test/comments/stream/__snapshots__/showConversation.spec.tsx.snap,Tessa Thornton,Nick Funk,2020-09-02 14:52:38+00:00,2020-09-02 16:25:23+00:00
src/core/client/stream/test/comments/stream/__snapshots__/showConversation.spec.tsx.snap,Vinh,Chi Vinh Le,2021-07-20 23:34:10+00:00,2021-07-21 20:10:22+02:00
src/core/client/stream/test/comments/stream/__snapshots__/sortStream.spec.tsx.snap,Nick Funk,Tessa Thornton,2020-08-20 23:19:38+00:00,2020-08-21 22:20:34+00:00
src/core/client/stream/test/comments/stream/__snapshots__/sortStream.spec.tsx.snap,Wyatt Johnson,Tessa Thornton,2020-08-31 20:49:19+00:00,2020-09-01 19:39:44+00:00
src/core/client/stream/test/comments/stream/__snapshots__/sortStream.spec.tsx.snap,Tessa Thornton,Nick Funk,2020-09-02 14:52:38+00:00,2020-09-02 16:25:23+00:00
src/core/client/stream/test/comments/stream/__snapshots__/sortStream.spec.tsx.snap,Vinh,Chi Vinh Le,2021-07-20 23:34:10+00:00,2021-07-21 20:10:22+02:00
src/core/client/stream/test/comments/stream/banned.spec.tsx,Nick Funk,Vinh,2019-06-28 23:10:09+00:00,2019-06-28 23:20:10+00:00
src/core/client/stream/test/comments/stream/create.ts,Wyatt Johnson,Vinh,2019-06-14 16:27:25+00:00,2019-06-14 17:17:30+00:00
src/core/client/stream/test/comments/stream/ignoreUser.spec.tsx,Wyatt Johnson,Nick Funk,2019-06-14 16:27:25+00:00,2019-06-14 21:14:41+02:00
src/core/client/stream/test/configure/__snapshots__/renderConfigure.spec.tsx.snap,Vinh,Nick Funk,2020-07-31 00:19:59+02:00,2020-07-31 15:40:48+00:00
src/core/client/stream/test/create.tsx,Chi Vinh Le,Kiwi,2018-09-06 00:06:58+02:00,2018-09-06 17:07:17+00:00
src/core/client/stream/test/create.tsx,Kiwi,Chi Vinh Le,2018-09-06 17:07:17+00:00,2018-09-06 23:53:29+02:00
src/core/client/stream/test/fixtures.ts,Belén Curcio,Wyatt Johnson,2018-09-26 17:03:01-03:00,2018-09-26 17:48:24-06:00
src/core/client/stream/test/fixtures.ts,Wyatt Johnson,Chi Vinh Le,2018-09-26 17:48:24-06:00,2018-09-27 14:56:28+02:00
src/core/client/stream/test/fixtures.ts,Kiwi,Wyatt Johnson,2018-11-20 17:56:02+01:00,2018-11-21 17:42:47+01:00
src/core/client/stream/test/fixtures.ts,Kiwi,Wyatt Johnson,2019-04-23 20:29:58+00:00,2019-04-23 20:50:02+00:00
src/core/client/stream/test/fixtures.ts,Nick Funk,Wyatt Johnson,2019-06-13 17:24:50+00:00,2019-06-14 16:27:25+00:00
src/core/client/stream/test/fixtures.ts,Wyatt Johnson,Nick Funk,2019-06-14 16:27:25+00:00,2019-06-14 21:14:41+02:00
src/core/client/stream/test/fixtures.ts,Nick Funk,Vinh,2019-06-28 23:10:09+00:00,2019-06-28 23:20:10+00:00
src/core/client/stream/test/fixtures.ts,Wyatt Johnson,Tessa Thornton,2019-08-01 22:08:14+00:00,2019-08-02 21:16:21+00:00
src/core/client/stream/test/fixtures.ts,Nick Funk,Tessa Thornton,2019-09-03 16:38:43-06:00,2019-09-03 16:56:36-06:00
src/core/client/stream/test/postComment.spec.tsx,Chi Vinh Le,Kiwi,2018-09-06 00:14:47+02:00,2018-09-06 17:07:17+00:00
src/core/client/stream/test/postComment.spec.tsx,Kiwi,Chi Vinh Le,2018-09-06 17:07:17+00:00,2018-09-07 00:34:17+02:00
src/core/client/stream/test/postComment.spec.tsx,Chi Vinh Le,Kiwi,2018-09-12 17:05:31+02:00,2018-09-12 16:04:54+00:00
src/core/client/stream/test/postReply.spec.tsx,Chi Vinh Le,Kiwi,2018-09-12 17:05:31+02:00,2018-09-12 16:04:54+00:00
src/core/client/stream/test/profile/__snapshots__/account.spec.tsx.snap,Vinh,Nick Funk,2020-07-31 00:19:59+02:00,2020-07-31 15:40:48+00:00
src/core/client/stream/test/profile/__snapshots__/settings.spec.tsx.snap,Tessa Thornton,Wyatt Johnson,2019-08-12 10:45:49-04:00,2019-08-12 16:44:35-04:00
src/core/client/stream/test/profile/__snapshots__/settings.spec.tsx.snap,Tessa Thornton,Vinh,2019-08-20 12:28:14-04:00,2019-08-20 19:22:58+00:00
src/core/client/stream/test/profile/__snapshots__/settings.spec.tsx.snap,Nick Funk,Vinh,2019-09-03 16:38:43-06:00,2019-09-04 12:34:42-04:00
src/core/client/stream/test/profile/__snapshots__/settings.spec.tsx.snap,Vinh,Wyatt Johnson,2019-09-04 12:34:42-04:00,2019-09-05 07:02:26+00:00
src/core/client/stream/test/profile/changeUsername.spec.tsx,Tessa Thornton,Wyatt Johnson,2019-08-12 10:45:49-04:00,2019-08-12 16:44:35-04:00
src/core/client/test/helpers/fixture.ts,Vinh,Tessa Thornton,2019-10-15 22:56:38+00:00,2019-10-16 15:51:34+00:00
src/core/client/tsconfig.json,Kiwi,Wyatt Johnson,2018-07-03 12:21:58-06:00,2018-07-04 10:17:48-06:00
src/core/client/tsconfig.json,Wyatt Johnson,Chi Vinh Le,2018-07-04 10:17:48-06:00,2018-07-04 19:04:12-03:00
src/core/client/tsconfig.json,Wyatt Johnson,Belén Curcio,2018-07-16 11:38:28-06:00,2018-07-16 18:31:06-03:00
src/core/client/ui/components/BaseButton/BaseButton.tsx,Chi Vinh Le,Belén Curcio,2018-07-16 18:05:19-03:00,2018-07-16 18:19:21-03:00
src/core/client/ui/components/BaseButton/BaseButton.tsx,Belén Curcio,Chi Vinh Le,2018-07-16 18:36:21-03:00,2018-07-17 15:23:16-03:00
src/core/client/ui/components/Brand/LogoHorizontal.tsx,Nick Funk,Wyatt Johnson,2019-12-20 17:03:07-05:00,2019-12-20 23:18:49+00:00
src/core/client/ui/components/Button/Button.css,Chi Vinh Le,Belén Curcio,2018-07-16 18:26:41-03:00,2018-07-16 18:31:06-03:00
src/core/client/ui/components/Button/Button.css,Chi Vinh Le,Kiwi,2018-07-20 12:31:35-03:00,2018-07-20 22:51:13+00:00
src/core/client/ui/components/Button/Button.mdx,Chi Vinh Le,Belén Curcio,2018-07-16 16:25:32-03:00,2018-07-16 18:31:06-03:00
src/core/client/ui/components/Button/Button.tsx,Chi Vinh Le,Belén Curcio,2018-07-16 18:05:19-03:00,2018-07-16 18:19:21-03:00
src/core/client/ui/components/Button/Button.tsx,Belén Curcio,Chi Vinh Le,2018-07-16 18:19:21-03:00,2018-07-16 18:26:41-03:00
src/core/client/ui/components/Button/Button.tsx,Chi Vinh Le,Belén Curcio,2018-07-16 18:26:41-03:00,2018-07-16 18:31:06-03:00
src/core/client/ui/components/Button/Button.tsx,Belén Curcio,Chi Vinh Le,2018-07-16 18:36:21-03:00,2018-07-17 15:23:16-03:00
src/core/client/ui/components/Center/Center.tsx,Belén Curcio,Chi Vinh Le,2018-07-11 17:50:21-03:00,2018-07-12 02:02:47-03:00
src/core/client/ui/components/ClickOutside/ClickOutside.tsx,Kiwi,Chi Vinh Le,2018-08-02 15:29:18+00:00,2018-08-03 15:57:14+02:00
src/core/client/ui/components/Flex/Flex.css,Belén Curcio,Chi Vinh Le,2018-07-11 17:50:21-03:00,2018-07-12 01:13:23-03:00
src/core/client/ui/components/Flex/Flex.css,Chi Vinh Le,Belén Curcio,2018-07-16 16:25:32-03:00,2018-07-16 18:31:06-03:00
src/core/client/ui/components/Flex/Flex.spec.tsx,Belén Curcio,Chi Vinh Le,2018-07-11 17:50:21-03:00,2018-07-12 01:13:23-03:00
src/core/client/ui/components/Flex/Flex.tsx,Belén Curcio,Chi Vinh Le,2018-07-11 17:50:21-03:00,2018-07-12 01:13:23-03:00
src/core/client/ui/components/Flex/Flex.tsx,Chi Vinh Le,Belén Curcio,2018-07-16 16:25:32-03:00,2018-07-16 18:31:06-03:00
src/core/client/ui/components/Flex/Flex.tsx,Belén Curcio,Chi Vinh Le,2018-07-16 18:36:21-03:00,2018-07-17 15:23:16-03:00
src/core/client/ui/components/Flex/Flex.tsx,Chi Vinh Le,Kiwi,2018-07-20 12:24:03-03:00,2018-07-20 22:40:12+00:00
src/core/client/ui/components/Flex/__snapshots__/Flex.spec.tsx.snap,Belén Curcio,Chi Vinh Le,2018-07-11 17:50:21-03:00,2018-07-12 01:13:23-03:00
src/core/client/ui/components/Icon/Icon.css,Belen Curcio,Chi Vinh Le,2018-08-02 12:52:16-03:00,2018-08-03 15:33:04+02:00
src/core/client/ui/components/InputDescription/InputDescription.mdx,Belén Curcio,Belen Curcio,2018-08-12 19:22:50-03:00,2018-08-13 12:59:53-03:00
src/core/client/ui/components/InputDescription/InputDescription.tsx,Belén Curcio,Belen Curcio,2018-08-12 19:22:50-03:00,2018-08-13 12:59:53-03:00
src/core/client/ui/components/MatchMedia/MatchMedia.spec.tsx,Belén Curcio,Chi Vinh Le,2018-07-11 17:50:21-03:00,2018-07-12 01:13:23-03:00
src/core/client/ui/components/MatchMedia/__snapshots__/MatchMedia.spec.tsx.snap,Belén Curcio,Chi Vinh Le,2018-07-11 17:50:21-03:00,2018-07-12 01:13:23-03:00
src/core/client/ui/components/RelativeTime/RelativeTime.tsx,Belén Curcio,Chi Vinh Le,2018-07-16 18:36:21-03:00,2018-07-17 15:23:16-03:00
src/core/client/ui/components/Tabs/Tab.tsx,Belén Curcio,Belen Curcio,2018-09-12 09:00:38-03:00,2018-09-12 15:10:14-03:00
src/core/client/ui/components/Tabs/Tab.tsx,Belen Curcio,Belén Curcio,2018-09-12 15:10:14-03:00,2018-09-13 09:32:05-03:00
src/core/client/ui/components/TextField/TextField.css,Belen Curcio,Chi Vinh Le,2018-08-02 19:46:05-03:00,2018-08-03 15:57:14+02:00
src/core/client/ui/components/TextField/TextField.css,Belen Curcio,Belén Curcio,2018-08-08 13:23:20-03:00,2018-08-09 09:45:29-03:00
src/core/client/ui/components/TextField/TextField.css,Belén Curcio,Chi Vinh Le,2018-08-09 13:17:45-03:00,2018-08-10 13:10:37+02:00
src/core/client/ui/components/TextField/TextField.tsx,Belén Curcio,Chi Vinh Le,2018-08-09 11:43:32-03:00,2018-08-10 13:10:37+02:00
src/core/client/ui/components/ToggleShow/ToggleShow.spec.tsx,Belén Curcio,Kiwi,2018-07-19 15:38:41-03:00,2018-07-19 15:44:42-03:00
src/core/client/ui/components/ToggleShow/ToogleShow.mdx,Belén Curcio,Chi Vinh Le,2018-07-19 15:38:41-03:00,2018-07-20 11:05:42-03:00
src/core/client/ui/components/ToggleShow/ToogleShow.mdx,Chi Vinh Le,Kiwi,2018-07-20 11:05:42-03:00,2018-07-20 22:40:12+00:00
src/core/client/ui/components/Typography/Typography.css,Tessa Thornton,Nick Funk,2019-09-06 13:41:55-04:00,2019-09-06 12:29:27-06:00
src/core/client/ui/components/Typography/Typography.tsx,Belén Curcio,Chi Vinh Le,2018-07-16 18:36:21-03:00,2018-07-17 15:23:16-03:00
src/core/client/ui/components/Typography/Typography.tsx,Tessa Thornton,Nick Funk,2019-09-06 13:41:55-04:00,2019-09-06 12:29:27-06:00
src/core/client/ui/components/ValidationMessage/__snapshots__/ValidationMessage.spec.tsx.snap,Belen Curcio,Belén Curcio,2018-08-08 12:11:53-03:00,2018-08-09 09:45:29-03:00
src/core/client/ui/components/index.ts,okbel,Belén Curcio,2018-07-09 18:57:41-03:00,2018-07-10 13:34:27-03:00
src/core/client/ui/components/v2/Button/Button.css,Tessa Thornton,Nick Funk,2020-07-15 02:16:06+00:00,2020-07-15 18:20:25+00:00
src/core/client/ui/components/v2/Dropdown/Button.tsx,Tessa Thornton,Nick Funk,2020-06-12 10:39:28-04:00,2020-06-12 09:23:28-06:00
src/core/client/ui/components/v2/TextField/TextField.css,Tessa Thornton,Nick Funk,2020-07-15 02:16:06+00:00,2020-07-15 18:20:25+00:00
src/core/client/ui/components/v2/TextField/TextField.tsx,Tessa Thornton,Nick Funk,2020-07-15 02:16:06+00:00,2020-07-15 18:20:25+00:00
src/core/client/ui/components/v3/Button/Button.css,Vinh,Nick Funk,2020-07-31 00:19:59+02:00,2020-07-31 15:40:48+00:00
src/core/client/ui/components/v3/Button/Button.tsx,Vinh,Nick Funk,2020-07-31 00:19:59+02:00,2020-07-31 15:40:48+00:00
src/core/client/ui/components/v3/CallOut/CallOut.css,Vinh,Nick Funk,2020-07-31 00:19:59+02:00,2020-07-31 15:40:48+00:00
src/core/client/ui/components/v3/CallOut/CallOut.tsx,Vinh,Chi Vinh Le,2021-07-20 23:34:10+00:00,2021-07-21 18:27:11+02:00
src/core/client/ui/components/v3/QueryError/QueryError.tsx,Nick Funk,Vinh,2021-07-20 13:46:50+00:00,2021-07-20 23:34:10+00:00
src/core/client/ui/components/v3/QueryError/QueryError.tsx,Vinh,Chi Vinh Le,2021-07-20 23:34:10+00:00,2021-07-21 18:27:11+02:00
src/core/client/ui/hocs/withForwardRef.tsx,Belén Curcio,Chi Vinh Le,2018-07-16 18:36:21-03:00,2018-07-17 15:23:16-03:00
src/core/client/ui/shared/typography.css,Belén Curcio,Chi Vinh Le,2018-08-09 15:46:56-03:00,2018-08-10 13:10:37+02:00
src/core/client/ui/shared/typography.css,Belén Curcio,Belen Curcio,2018-08-12 19:22:50-03:00,2018-08-13 12:59:53-03:00
src/core/client/ui/shared/typography.css,Tessa Thornton,Nick Funk,2019-09-06 13:41:55-04:00,2019-09-06 12:29:27-06:00
src/core/client/ui/theme/mixins.css,Tessa Thornton,Nick Funk,2019-09-06 13:41:55-04:00,2019-09-06 12:29:27-06:00
src/core/client/ui/theme/sharedVariables.ts,Vinh,Nick Funk,2020-07-31 00:19:59+02:00,2020-07-31 15:40:48+00:00
src/core/client/ui/theme/variables.ts,Belén Curcio,Chi Vinh Le,2018-07-11 17:50:21-03:00,2018-07-12 01:13:23-03:00
src/core/client/ui/theme/variables.ts,Chi Vinh Le,Belén Curcio,2018-07-16 18:03:35-03:00,2018-07-16 18:31:06-03:00
src/core/client/ui/theme/variables.ts,Tessa Thornton,Nick Funk,2019-09-06 13:41:55-04:00,2019-09-06 12:29:27-06:00
src/core/client/ui/types.ts,Chi Vinh Le,Belén Curcio,2018-07-16 16:25:10-03:00,2018-07-16 18:31:06-03:00
src/core/common/types.ts,Wyatt Johnson,Kiwi,2019-04-22 22:57:32+00:00,2019-04-23 19:46:14+00:00
src/core/common/utils/pascalCase.ts,Belén Curcio,Chi Vinh Le,2018-07-11 17:50:21-03:00,2018-07-12 14:26:17-03:00
src/core/server/app/handlers/api/index.ts,Wyatt Johnson,Tessa Thornton,2020-08-20 23:33:18+00:00,2020-08-21 22:58:21+00:00
src/core/server/app/index.ts,Kiwi,Wyatt Johnson,2018-08-02 15:29:18+00:00,2018-08-02 20:09:55+00:00
src/core/server/app/index.ts,Vinh,Wyatt Johnson,2019-08-15 21:03:32+00:00,2019-08-16 16:09:59+00:00
src/core/server/app/index.ts,Cristian Dean,Wyatt Johnson,2019-10-01 15:35:32+00:00,2019-10-01 16:00:27+00:00
src/core/server/app/middleware/csp/tenant.ts,Tessa Thornton,Wyatt Johnson,2020-07-15 02:16:06+00:00,2020-07-15 18:47:07+00:00
src/core/server/app/middleware/passport/jwt.spec.ts,Kiwi,Wyatt Johnson,2018-08-02 15:29:18+00:00,2018-08-02 20:09:55+00:00
src/core/server/app/middleware/passport/jwt.ts,Kiwi,Wyatt Johnson,2018-08-02 15:29:18+00:00,2018-08-02 20:09:55+00:00
src/core/server/app/middleware/passport/strategies/facebook.ts,Kiwi,Wyatt Johnson,2018-12-20 22:32:04+01:00,2018-12-21 16:26:01+00:00
src/core/server/app/middleware/passport/strategies/google.ts,Kiwi,Wyatt Johnson,2018-12-20 22:32:04+01:00,2018-12-21 16:26:01+00:00
src/core/server/app/middleware/passport/strategies/oauth2.ts,Kiwi,Wyatt Johnson,2018-12-20 22:32:04+01:00,2018-12-21 16:26:01+00:00
src/core/server/app/middleware/passport/strategies/oidc/index.ts,Wyatt Johnson,Vinh,2019-10-15 21:56:47+00:00,2019-10-15 22:56:38+00:00
src/core/server/app/middleware/passport/strategies/verifiers/sso.ts,Nick Funk,nick-funk,2022-02-16 16:47:51+00:00,2022-02-16 12:18:12-07:00
src/core/server/app/middleware/tenant.ts,Wyatt Johnson,Kiwi,2018-06-27 11:39:26-06:00,2018-06-27 22:06:30+00:00
src/core/server/app/router.ts,Belén Curcio,Wyatt Johnson,2018-07-10 13:34:27-03:00,2018-07-10 13:56:20-06:00
src/core/server/app/router.ts,Chi Vinh Le,Wyatt Johnson,2018-07-12 20:45:38-03:00,2018-07-13 14:36:54-06:00
src/core/server/app/router.ts,Belén Curcio,Wyatt Johnson,2018-09-25 15:09:43-03:00,2018-09-26 16:26:44+00:00
src/core/server/app/router.ts,Wyatt Johnson,Belén Curcio,2018-09-26 16:26:44+00:00,2018-09-27 10:37:09-03:00
src/core/server/app/router/api/index.ts,Wyatt Johnson,Tessa Thornton,2020-08-20 23:33:18+00:00,2020-08-21 22:58:21+00:00
src/core/server/app/router/api/index.ts,Wyatt Johnson,nick-funk,2021-01-27 14:49:18-07:00,2021-01-28 12:13:59-07:00
src/core/server/app/router/client.ts,Nick Funk,Wyatt Johnson,2021-01-05 18:41:30+00:00,2021-01-06 17:33:07+00:00
src/core/server/config.ts,Wyatt Johnson,Belén Curcio,2018-07-16 13:26:41-06:00,2018-07-16 18:31:06-03:00
src/core/server/config.ts,Wyatt Johnson,Kiwi,2018-12-20 17:01:10+00:00,2018-12-20 22:32:04+01:00
src/core/server/config.ts,Wyatt Johnson,Nick Funk,2020-06-11 22:10:52+00:00,2020-06-12 18:09:37+00:00
src/core/server/config.ts,Wyatt Johnson,Vinh,2021-05-12 15:56:38+02:00,2021-05-12 14:15:50+00:00
src/core/server/errors/index.ts,Nick Funk,Wyatt Johnson,2019-06-13 17:24:50+00:00,2019-06-14 16:27:25+00:00
src/core/server/errors/index.ts,Tessa Thornton,Wyatt Johnson,2019-08-12 10:45:49-04:00,2019-08-12 16:44:35-04:00
src/core/server/errors/index.ts,Vinh,Tessa Thornton,2019-10-15 22:56:38+00:00,2019-10-16 15:51:34+00:00
src/core/server/graph/management/middleware.ts,Kiwi,Wyatt Johnson,2018-08-02 15:29:18+00:00,2018-08-02 20:09:55+00:00
src/core/server/graph/resolvers/CommentRevision.ts,Tessa Thornton,Nick Funk,2020-07-15 02:16:06+00:00,2020-07-15 18:20:25+00:00
src/core/server/graph/resolvers/Mutation.ts,Nick Funk,Kathryn Beaty,2022-01-20 16:06:02+00:00,2022-01-20 16:21:43+00:00
src/core/server/graph/resolvers/index.ts,Wyatt Johnson,Tessa Thornton,2020-09-01 19:10:36+00:00,2020-09-02 17:30:01+00:00
src/core/server/graph/schema/schema.graphql,Wyatt Johnson,Nick Funk,2020-02-25 15:46:32-05:00,2020-02-25 20:10:25-05:00
src/core/server/graph/schema/schema.graphql,Wyatt Johnson,Tessa Thornton,2020-03-26 18:31:48-04:00,2020-03-26 21:21:09-04:00
src/core/server/graph/schema/schema.graphql,Nick Funk,Tessa Thornton,2020-08-05 21:10:55+00:00,2020-08-06 17:49:49+00:00
src/core/server/graph/schema/schema.graphql,Tessa Thornton,Nick Funk,2020-12-10 23:45:27+00:00,2020-12-11 00:03:03+00:00
src/core/server/graph/schema/schema.graphql,Nick Funk,Vinh,2020-12-11 00:03:03+00:00,2020-12-11 00:37:32+00:00
src/core/server/graph/schema/schema.graphql,Vinh,Tessa Thornton,2020-12-11 00:37:32+00:00,2020-12-11 19:47:19+00:00
src/core/server/graph/schema/schema.graphql,Nick Funk,Kathryn Beaty,2021-11-15 11:28:31-07:00,2021-11-16 17:57:07+00:00
src/core/server/graph/schema/schema.graphql,Nick Funk,Kathryn Beaty,2022-01-20 16:06:02+00:00,2022-01-20 16:21:43+00:00
src/core/server/graph/schema/schema.graphql,Marcus Haddon,Kathryn Beaty,2022-08-10 16:04:40-07:00,2022-08-11 17:15:18+00:00
src/core/server/graph/schema/schema.graphql,Marcus Haddon,Nick Funk,2022-09-01 17:57:03+00:00,2022-09-01 18:28:48+00:00
src/core/server/graph/schema/schema.graphql,Marcus Haddon,nick-funk,2023-01-18 14:22:02+00:00,2023-01-18 16:34:31-07:00
src/core/server/graph/tenant/middleware.ts,Kiwi,Wyatt Johnson,2018-08-02 15:29:18+00:00,2018-08-02 20:09:55+00:00
src/core/server/graph/tenant/mutators/Settings.ts,Wyatt Johnson,Kiwi,2019-02-06 23:42:17+00:00,2019-02-07 01:10:51+01:00
src/core/server/graph/tenant/mutators/User.ts,Kiwi,Wyatt Johnson,2018-12-20 22:32:04+01:00,2018-12-20 22:42:44+00:00
src/core/server/graph/tenant/mutators/Users.ts,Wyatt Johnson,Tessa Thornton,2019-08-01 22:08:14+00:00,2019-08-02 21:16:21+00:00
src/core/server/graph/tenant/mutators/Users.ts,Tessa Thornton,Wyatt Johnson,2019-08-12 10:45:49-04:00,2019-08-12 16:44:35-04:00
src/core/server/graph/tenant/persisted/loader.ts,Vinh,Wyatt Johnson,2019-08-15 21:03:32+00:00,2019-08-16 16:09:59+00:00
src/core/server/graph/tenant/resolvers/Comment.ts,Wyatt Johnson,Kiwi,2019-02-06 17:53:34+00:00,2019-02-07 01:10:51+01:00
src/core/server/graph/tenant/resolvers/Comment.ts,Nick Funk,Wyatt Johnson,2019-09-04 12:43:00-04:00,2019-09-05 07:02:26+00:00
src/core/server/graph/tenant/resolvers/Mutation.ts,Kiwi,Wyatt Johnson,2018-12-20 22:32:04+01:00,2018-12-20 22:42:44+00:00
src/core/server/graph/tenant/resolvers/index.ts,Nick Funk,Vinh,2019-06-20 23:11:02+02:00,2019-06-21 17:01:07+00:00
src/core/server/graph/tenant/resolvers/index.ts,Wyatt Johnson,Vinh,2019-06-28 22:51:42+00:00,2019-06-28 23:20:10+00:00
src/core/server/graph/tenant/schema/schema.graphql,Belén Curcio,Wyatt Johnson,2018-07-10 13:34:27-03:00,2018-07-10 13:11:36-06:00
src/core/server/graph/tenant/schema/schema.graphql,Wyatt Johnson,Chi Vinh Le,2018-07-10 15:54:52-06:00,2018-07-10 19:14:42-03:00
src/core/server/graph/tenant/schema/schema.graphql,Chi Vinh Le,Wyatt Johnson,2018-07-10 19:14:42-03:00,2018-07-11 14:24:51-06:00
src/core/server/graph/tenant/schema/schema.graphql,Wyatt Johnson,Kiwi,2018-09-11 16:35:00-06:00,2018-09-12 16:04:54+00:00
src/core/server/graph/tenant/schema/schema.graphql,Kiwi,Wyatt Johnson,2018-12-20 22:32:04+01:00,2018-12-20 22:42:44+00:00
src/core/server/graph/tenant/schema/schema.graphql,Wyatt Johnson,Kiwi,2019-02-06 23:42:17+00:00,2019-02-07 01:10:51+01:00
src/core/server/graph/tenant/schema/schema.graphql,Kiwi,Wyatt Johnson,2019-02-13 18:36:37+01:00,2019-02-13 20:45:11+00:00
src/core/server/graph/tenant/schema/schema.graphql,Wyatt Johnson,Kiwi,2019-03-22 18:09:22+01:00,2019-03-22 23:13:05+00:00
src/core/server/graph/tenant/schema/schema.graphql,Nick Funk,Wyatt Johnson,2019-06-13 17:24:50+00:00,2019-06-14 16:27:25+00:00
src/core/server/graph/tenant/schema/schema.graphql,Nick Funk,Vinh,2019-06-20 23:11:02+02:00,2019-06-21 17:01:07+00:00
src/core/server/graph/tenant/schema/schema.graphql,Wyatt Johnson,Vinh,2019-06-28 22:51:42+00:00,2019-06-28 23:20:10+00:00
src/core/server/graph/tenant/schema/schema.graphql,Wyatt Johnson,Tessa Thornton,2019-08-01 22:08:14+00:00,2019-08-02 21:16:21+00:00
src/core/server/graph/tenant/schema/schema.graphql,Wyatt Johnson,Tessa Thornton,2019-08-23 14:01:43-04:00,2019-08-23 16:05:53-04:00
src/core/server/graph/tenant/schema/schema.graphql,Nick Funk,Tessa Thornton,2019-09-03 16:38:43-06:00,2019-09-03 16:56:36-06:00
src/core/server/graph/tenant/schema/schema.graphql,Tessa Thornton,Nick Funk,2019-09-10 08:06:07+00:00,2019-09-10 20:16:40+07:00
src/core/server/graph/tenant/schema/schema.graphql,Wyatt Johnson,Tessa Thornton,2019-10-01 18:57:50+00:00,2019-10-02 18:41:53+00:00
src/core/server/graph/tenant/schema/schema.graphql,Tessa Thornton,Wyatt Johnson,2019-10-16 15:51:34+00:00,2019-10-16 18:44:44-04:00
src/core/server/index.ts,Kiwi,Wyatt Johnson,2018-08-02 15:29:18+00:00,2018-08-02 20:09:55+00:00
src/core/server/index.ts,Vinh,Wyatt Johnson,2019-08-15 21:03:32+00:00,2019-08-16 16:09:59+00:00
src/core/server/models/comment.ts,Wyatt Johnson,Kiwi,2018-06-27 11:39:26-06:00,2018-06-27 22:06:30+00:00
src/core/server/models/comment/comment.ts,Wyatt Johnson,Tessa Thornton,2020-11-25 19:50:11+00:00,2020-11-26 16:24:43+00:00
src/core/server/models/comment/comment.ts,Marcus Haddon,Nick Funk,2022-09-01 17:57:03+00:00,2022-09-01 18:28:48+00:00
src/core/server/models/queries/index.ts,Vinh,Wyatt Johnson,2019-08-15 21:03:32+00:00,2019-08-16 16:09:59+00:00
src/core/server/models/queries/queries.ts,Vinh,Wyatt Johnson,2019-08-15 21:03:32+00:00,2019-08-16 16:09:59+00:00
src/core/server/models/settings.ts,Kiwi,Wyatt Johnson,2019-02-13 18:36:37+01:00,2019-02-13 20:45:11+00:00
src/core/server/models/settings/settings.ts,Wyatt Johnson,Tessa Thornton,2020-09-01 19:10:36+00:00,2020-09-02 17:30:01+00:00
src/core/server/models/story/counts/index.ts,Wyatt Johnson,Vinh,2019-10-01 16:00:27+00:00,2019-10-01 19:22:15+00:00
src/core/server/models/story/index.ts,Wyatt Johnson,Kiwi,2019-04-22 22:57:32+00:00,2019-04-23 20:29:58+00:00
src/core/server/models/tenant.ts,Wyatt Johnson,Kiwi,2019-02-06 23:42:17+00:00,2019-02-07 01:10:51+01:00
src/core/server/models/user.ts,Kiwi,Wyatt Johnson,2018-12-20 22:32:04+01:00,2018-12-20 23:33:23+01:00
src/core/server/models/user/index.ts,Nick Funk,Wyatt Johnson,2019-06-13 17:24:50+00:00,2019-06-14 16:27:25+00:00
src/core/server/models/user/user.ts,Wyatt Johnson,Tessa Thornton,2019-08-01 22:08:14+00:00,2019-08-02 21:16:21+00:00
src/core/server/queue/tasks/mailer/index.ts,nick-funk,Nick Funk,2022-11-07 09:37:01-07:00,2022-11-07 10:08:17-07:00
src/core/server/services/archive/index.ts,Nick Funk,nick-funk,2021-11-15 11:28:31-07:00,2021-11-15 11:42:58-07:00
src/core/server/services/comments/pipeline/phases/toxic.ts,Nick Funk,Wyatt Johnson,2020-01-08 10:32:24-07:00,2020-01-08 19:43:10+00:00
src/core/server/services/comments/pipeline/pipeline.ts,Nick Funk,Wyatt Johnson,2020-01-08 17:07:25+00:00,2020-01-08 19:43:10+00:00
src/core/server/services/stories/index.ts,Wyatt Johnson,Kiwi,2019-02-06 23:42:17+00:00,2019-02-07 01:10:51+01:00
src/core/server/services/tenant/index.ts,Wyatt Johnson,Nick Funk,2019-09-05 17:02:06+00:00,2019-09-05 21:36:09+00:00
src/core/server/services/users/index.ts,Kiwi,Wyatt Johnson,2018-12-20 22:32:04+01:00,2018-12-20 23:33:23+01:00
src/core/server/services/users/index.ts,Wyatt Johnson,Tessa Thornton,2019-08-01 22:08:14+00:00,2019-08-02 21:16:21+00:00
src/core/server/services/users/index.ts,Tessa Thornton,Wyatt Johnson,2019-08-12 10:45:49-04:00,2019-08-12 16:44:35-04:00
src/core/server/services/users/index.ts,Nick Funk,Tessa Thornton,2019-09-03 16:38:43-06:00,2019-09-03 16:56:36-06:00
src/core/server/services/users/index.ts,Tessa Thornton,Wyatt Johnson,2019-09-03 16:56:36-06:00,2019-09-04 17:23:59-04:00
src/core/server/services/users/users.ts,Wyatt Johnson,Vinh,2019-10-15 21:56:47+00:00,2019-10-15 22:56:38+00:00
src/core/server/services/users/users.ts,Vinh,Tessa Thornton,2019-10-15 22:56:38+00:00,2019-10-16 15:51:34+00:00
src/core/server/services/users/users.ts,Wyatt Johnson,Nick Funk,2020-08-04 18:09:55+00:00,2020-08-05 15:34:42+00:00
src/core/server/services/users/users.ts,Nick Funk,nick-funk,2022-02-16 16:47:51+00:00,2022-02-16 12:18:12-07:00
src/core/server/services/users/users.ts,Kathryn Beaty,Marcus Haddon,2023-07-10 11:54:01-04:00,2023-07-10 12:20:18-07:00
src/core/server/services/users/users.ts,Marcus Haddon,Kathryn Beaty,2023-07-10 13:25:29-07:00,2023-07-11 09:11:25-04:00
src/locales/de/framework.ftl,Belén Curcio,Chi Vinh Le,2018-07-10 13:34:27-03:00,2018-07-10 18:44:56-03:00
src/locales/en-US/admin.ftl,Kiwi,Wyatt Johnson,2019-03-20 21:26:05+01:00,2019-03-21 19:37:35+01:00
src/locales/en-US/admin.ftl,Kiwi,Wyatt Johnson,2019-05-15 01:21:07+02:00,2019-05-15 18:50:47+02:00
src/locales/en-US/admin.ftl,Nick Funk,Vinh,2019-06-20 23:11:02+02:00,2019-06-21 17:01:07+00:00
src/locales/en-US/admin.ftl,Tessa Thornton,Wyatt Johnson,2019-08-07 16:22:47-04:00,2019-08-08 18:18:18+00:00
src/locales/en-US/admin.ftl,Tessa Thornton,Wyatt Johnson,2019-08-12 10:45:49-04:00,2019-08-12 18:02:15+00:00
src/locales/en-US/admin.ftl,Nick Funk,Tessa Thornton,2019-09-03 16:38:43-06:00,2019-09-03 16:56:36-06:00
src/locales/en-US/admin.ftl,Tessa Thornton,Wyatt Johnson,2019-09-05 11:35:16-04:00,2019-09-05 17:02:06+00:00
src/locales/en-US/admin.ftl,Wyatt Johnson,Kim Gardner,2019-09-05 17:02:06+00:00,2019-09-05 17:15:40-04:00
src/locales/en-US/admin.ftl,Kim Gardner,Tessa Thornton,2019-09-05 17:15:40-04:00,2019-09-06 13:52:48-04:00
src/locales/en-US/admin.ftl,Tessa Thornton,Nick Funk,2019-09-06 13:52:48-04:00,2019-09-06 12:29:27-06:00
src/locales/en-US/admin.ftl,Tessa Thornton,Kim Gardner,2019-09-10 08:06:07+00:00,2019-09-10 20:55:34+07:00
src/locales/en-US/admin.ftl,Tessa Thornton,Wyatt Johnson,2019-10-03 23:22:24+00:00,2019-10-04 20:22:31+00:00
src/locales/en-US/admin.ftl,Nick Funk,Wyatt Johnson,2019-11-13 09:50:56-07:00,2019-11-13 17:50:40+00:00
src/locales/en-US/admin.ftl,Vinh,Tessa Thornton,2019-12-03 01:07:50+07:00,2019-12-02 19:03:10-05:00
src/locales/en-US/admin.ftl,Tessa Thornton,Nick Funk,2019-12-02 19:03:10-05:00,2019-12-03 16:06:38-05:00
src/locales/en-US/admin.ftl,Wyatt Johnson,Nick Funk,2020-01-14 16:39:21+00:00,2020-01-14 22:26:33+00:00
src/locales/en-US/admin.ftl,Wyatt Johnson,Vinh,2020-04-14 22:28:14+00:00,2020-04-15 18:15:31+02:00
src/locales/en-US/admin.ftl,Vinh,Tessa Thornton,2020-06-08 13:24:38-06:00,2020-06-08 14:14:22-06:00
src/locales/en-US/admin.ftl,Tessa Thornton,Nick Funk,2020-06-12 10:39:28-04:00,2020-06-12 09:23:28-06:00
src/locales/en-US/admin.ftl,Nick Funk,Wyatt Johnson,2020-08-20 23:19:38+00:00,2020-08-20 23:33:18+00:00
src/locales/en-US/admin.ftl,Wyatt Johnson,Tessa Thornton,2020-08-20 23:33:18+00:00,2020-08-21 22:58:21+00:00
src/locales/en-US/admin.ftl,Kim Gardner,Tessa Thornton,2020-09-01 18:55:27+00:00,2020-09-02 17:30:01+00:00
src/locales/en-US/admin.ftl,Nick Funk,Kathryn Beaty,2021-11-30 10:41:27-07:00,2021-11-30 20:32:09+00:00
src/locales/en-US/admin.ftl,Marcus Haddon,nick-funk,2023-01-18 14:22:02+00:00,2023-01-18 16:34:31-07:00
src/locales/en-US/admin.ftl,Marcus Haddon,Kathryn Beaty,2023-08-23 12:58:17-07:00,2023-08-24 11:24:34-04:00
src/locales/en-US/framework.ftl,Belén Curcio,Chi Vinh Le,2018-07-10 13:34:27-03:00,2018-07-10 18:44:56-03:00
src/locales/en-US/install.ftl,Wyatt Johnson,Kiwi,2018-10-11 22:13:02+00:00,2018-10-11 22:42:39+00:00
src/locales/en-US/stream.ftl,okbel,Chi Vinh Le,2018-07-10 12:33:31-03:00,2018-07-10 18:44:56-03:00
src/locales/en-US/stream.ftl,Belén Curcio,Chi Vinh Le,2018-09-25 11:20:57-03:00,2018-09-25 21:42:15+02:00
src/locales/en-US/stream.ftl,Chi Vinh Le,Belén Curcio,2018-09-25 21:42:15+02:00,2018-09-25 18:03:56-03:00
src/locales/en-US/stream.ftl,Belén Curcio,Chi Vinh Le,2018-10-04 10:33:50-03:00,2018-10-04 17:29:26+02:00
src/locales/en-US/stream.ftl,Chi Vinh Le,Belén Curcio,2018-10-04 17:29:26+02:00,2018-10-04 18:31:16-03:00
src/locales/en-US/stream.ftl,Kiwi,Belén Curcio,2018-10-12 16:41:58+00:00,2018-10-12 17:28:59+00:00
src/locales/en-US/stream.ftl,Belén Curcio,Kiwi,2018-10-12 17:28:59+00:00,2018-10-12 23:16:13+00:00
src/locales/en-US/stream.ftl,Chi Vinh Le,Kiwi,2018-10-19 17:31:21+02:00,2018-10-19 17:54:40+00:00
src/locales/en-US/stream.ftl,Nick Funk,Vinh,2019-06-28 23:10:09+00:00,2019-06-28 23:20:10+00:00
src/locales/en-US/stream.ftl,Tessa Thornton,Wyatt Johnson,2019-08-01 17:18:12-04:00,2019-08-01 22:08:14+00:00
src/locales/en-US/stream.ftl,Wyatt Johnson,Tessa Thornton,2019-08-01 22:08:14+00:00,2019-08-02 21:16:21+00:00
src/locales/en-US/stream.ftl,Tessa Thornton,Wyatt Johnson,2019-08-12 10:45:49-04:00,2019-08-12 16:44:35-04:00
src/locales/en-US/stream.ftl,Nick Funk,Vinh,2019-09-03 16:38:43-06:00,2019-09-04 12:34:42-04:00
src/locales/en-US/stream.ftl,Vinh,Wyatt Johnson,2019-09-04 12:34:42-04:00,2019-09-05 07:02:26+00:00
src/locales/en-US/stream.ftl,Tessa Thornton,Nick Funk,2019-09-09 11:53:28-04:00,2019-09-10 10:18:36+00:00
src/locales/en-US/stream.ftl,Nick Funk,Kim Gardner,2019-09-10 10:18:36+00:00,2019-09-10 20:55:34+07:00
src/locales/en-US/stream.ftl,Nick Funk,Wyatt Johnson,2019-11-13 09:50:56-07:00,2019-11-13 17:50:40+00:00
src/locales/en-US/stream.ftl,Wyatt Johnson,Vinh,2019-11-22 17:50:09+00:00,2019-11-22 19:10:51+00:00
src/locales/en-US/stream.ftl,Tessa Thornton,Nick Funk,2020-07-15 02:16:06+00:00,2020-07-15 18:20:25+00:00
src/locales/en-US/stream.ftl,Nick Funk,Tessa Thornton,2020-08-20 23:19:38+00:00,2020-08-21 22:20:34+00:00
src/locales/en-US/stream.ftl,Wyatt Johnson,Tessa Thornton,2021-01-27 14:26:13-07:00,2021-01-28 17:00:11+00:00
src/locales/en-US/stream.ftl,Nick Funk,Marcus Haddon,2022-07-25 15:48:46+00:00,2022-07-25 17:53:47+00:00
src/locales/en-US/stream.ftl,Kathryn Beaty,Marcus Haddon,2023-04-28 09:45:11-04:00,2023-04-28 10:56:18-07:00
src/locales/en-US/stream.ftl,Tessa Thornton,nick-funk,2023-06-07 14:40:45-04:00,2023-06-08 09:20:10-06:00
src/locales/en-US/ui.ftl,Vinh,Chi Vinh Le,2021-07-20 23:34:10+00:00,2021-07-21 17:26:23+02:00
src/locales/fr-FR/account.ftl,ant1,Tessa Thornton,2021-01-27 18:05:48+00:00,2021-01-28 17:00:11+00:00
src/locales/fr-FR/framework.ftl,ant1,Tessa Thornton,2021-01-27 18:05:48+00:00,2021-01-28 17:00:11+00:00
src/locales/fr-FR/stream.ftl,ant1,Wyatt Johnson,2021-01-27 18:05:48+00:00,2021-01-27 14:26:13-07:00
src/locales/fr-FR/stream.ftl,Wyatt Johnson,Tessa Thornton,2021-01-27 14:26:13-07:00,2021-01-28 17:00:11+00:00
src/locales/fr-FR/stream.ftl,DimDimDimDimDimDim,Dimitri Piriou,2023-06-06 14:12:11+02:00,2023-06-06 23:20:48+02:00
src/locales/nl-NL/stream.ftl,rmens,Tessa Thornton,2023-06-07 01:10:27+02:00,2023-06-07 14:17:05-04:00
src/locales/nl-NL/stream.ftl,Tessa Thornton,nick-funk,2023-06-07 14:17:05-04:00,2023-06-08 09:20:10-06:00
src/locales/nl-NL/stream.ftl,Raymon Mens,rmens,2023-08-01 14:59:55+02:00,2023-08-01 17:17:51+02:00
src/locales/pt-BR/admin.ftl,Cristian Dean,Tessa Thornton,2019-10-01 19:37:25+00:00,2019-10-01 20:43:50+00:00
src/locales/pt-BR/admin.ftl,Allan Assis,Cristian Dean,2019-10-17 15:22:05-04:00,2019-10-18 12:44:41-04:00
src/locales/pt-BR/admin.ftl,Wyatt Johnson,Vinh,2020-04-14 22:28:14+00:00,2020-04-15 18:15:31+02:00
src/locales/pt-BR/admin.ftl,Ricardo Gomes,Wyatt Johnson,2020-08-20 20:50:11+00:00,2020-08-20 23:33:18+00:00
src/tsconfig.json,Kiwi,Wyatt Johnson,2018-07-03 12:21:58-06:00,2018-07-04 10:17:48-06:00
src/tsconfig.json,Wyatt Johnson,Chi Vinh Le,2018-07-04 10:17:48-06:00,2018-07-04 19:04:12-03:00
src/tsconfig.json,okbel,Belén Curcio,2018-07-09 14:33:28-03:00,2018-07-10 13:34:27-03:00
tsconfig.json,Kiwi,Wyatt Johnson,2018-07-03 12:21:58-06:00,2018-07-04 10:17:48-06:00
