author,timestamp,file
Romain Vimont,2017-12-12 15:25:15+01:00,.gitignore
Romain Vimont,2017-12-12 15:25:15+01:00,Makefile
Romain Vimont,2017-12-12 15:25:15+01:00,app/meson.build
Romain Vimont,2017-12-12 15:25:15+01:00,app/src/command.c
Romain Vimont,2017-12-12 15:25:15+01:00,app/src/command.h
Romain Vimont,2017-12-12 15:25:15+01:00,app/src/decoder.c
Romain Vimont,2017-12-12 15:25:15+01:00,app/src/decoder.h
Romain Vimont,2017-12-12 15:25:15+01:00,app/src/events.h
Romain Vimont,2017-12-12 15:25:15+01:00,app/src/frames.c
Romain Vimont,2017-12-12 15:25:15+01:00,app/src/frames.h
Romain Vimont,2017-12-12 15:25:15+01:00,app/src/lockutil.h
Romain Vimont,2017-12-12 15:25:15+01:00,app/src/netutil.c
Romain Vimont,2017-12-12 15:25:15+01:00,app/src/netutil.h
Romain Vimont,2017-12-12 15:25:15+01:00,app/src/scrcpy.c
Romain Vimont,2017-12-12 15:25:15+01:00,app/src/screen.c
Romain Vimont,2017-12-12 15:25:15+01:00,app/src/screen.h
Romain Vimont,2017-12-12 15:25:15+01:00,app/src/strutil.c
Romain Vimont,2017-12-12 15:25:15+01:00,app/src/strutil.h
Romain Vimont,2017-12-12 15:25:15+01:00,app/src/unix/command.c
Romain Vimont,2017-12-12 15:25:15+01:00,app/src/win/command.c
Romain Vimont,2017-12-12 15:25:15+01:00,server/.gitignore
Romain Vimont,2017-12-12 15:25:15+01:00,server/Makefile
Romain Vimont,2017-12-12 15:25:15+01:00,server/src/android/view/IRotationWatcher.aidl
Romain Vimont,2017-12-12 15:25:15+01:00,server/src/com/genymobile/scrcpy/DesktopConnection.java
Romain Vimont,2017-12-12 15:25:15+01:00,server/src/com/genymobile/scrcpy/ScrCpyServer.java
Romain Vimont,2017-12-12 15:25:15+01:00,server/src/com/genymobile/scrcpy/ScreenInfo.java
Romain Vimont,2017-12-12 15:25:15+01:00,server/src/com/genymobile/scrcpy/ScreenStreamer.java
Romain Vimont,2017-12-12 15:25:15+01:00,server/src/com/genymobile/scrcpy/ScreenStreamerSession.java
Romain Vimont,2017-12-12 15:25:15+01:00,server/src/com/genymobile/scrcpy/ScreenUtil.java
Romain Vimont,2017-12-12 16:00:49+01:00,README.md
Romain Vimont,2017-12-13 10:02:07+01:00,app/src/screen.c
Romain Vimont,2017-12-13 10:02:07+01:00,server/Makefile
Romain Vimont,2017-12-13 10:02:07+01:00,server/src/com/genymobile/scrcpy/DesktopConnection.java
Romain Vimont,2017-12-13 10:02:07+01:00,server/src/com/genymobile/scrcpy/DeviceUtil.java
Romain Vimont,2017-12-13 10:02:07+01:00,server/src/com/genymobile/scrcpy/ScrCpyServer.java
Romain Vimont,2017-12-13 10:02:07+01:00,server/src/com/genymobile/scrcpy/ScreenStreamer.java
Romain Vimont,2017-12-14 11:41:08+01:00,server/Makefile
Romain Vimont,2017-12-14 11:41:08+01:00,server/src/com/genymobile/scrcpy/DeviceUtil.java
Romain Vimont,2017-12-14 11:41:08+01:00,server/src/com/genymobile/scrcpy/wrappers/DisplayManager.java
Romain Vimont,2017-12-14 11:41:08+01:00,server/src/com/genymobile/scrcpy/wrappers/ServiceManager.java
Romain Vimont,2017-12-14 11:41:08+01:00,server/src/com/genymobile/scrcpy/wrappers/WindowManager.java
Romain Vimont,2017-12-15 11:12:02+01:00,app/src/frames.c
Romain Vimont,2017-12-15 11:27:54+01:00,app/src/decoder.c
Romain Vimont,2017-12-15 11:27:54+01:00,app/src/decoder.h
Romain Vimont,2017-12-15 11:27:54+01:00,app/src/frames.c
Romain Vimont,2017-12-15 11:27:54+01:00,app/src/frames.h
Romain Vimont,2017-12-15 11:27:54+01:00,app/src/scrcpy.c
Romain Vimont,2017-12-15 11:27:54+01:00,app/src/screen.c
Romain Vimont,2017-12-15 11:27:54+01:00,app/src/screen.h
Romain Vimont,2017-12-15 11:37:29+01:00,app/src/screen.c
Romain Vimont,2017-12-15 17:15:55+01:00,app/src/decoder.c
Romain Vimont,2017-12-15 17:15:55+01:00,app/src/lockutil.h
Romain Vimont,2017-12-15 17:15:55+01:00,app/src/screen.c
Romain Vimont,2017-12-15 17:15:55+01:00,app/src/decoder.c
Romain Vimont,2017-12-15 17:15:55+01:00,app/src/lockutil.h
Romain Vimont,2017-12-15 17:15:55+01:00,app/src/screen.c
Romain Vimont,2017-12-15 17:19:43+01:00,app/src/decoder.h
Romain Vimont,2017-12-15 17:19:43+01:00,app/src/frames.h
Romain Vimont,2017-12-18 11:07:42+01:00,app/meson.build
Romain Vimont,2017-12-18 11:07:42+01:00,app/src/lockutil.c
Romain Vimont,2017-12-18 11:07:42+01:00,app/src/lockutil.h
Romain Vimont,2017-12-18 11:07:42+01:00,app/src/command.h
Romain Vimont,2017-12-18 11:07:42+01:00,app/src/decoder.h
Romain Vimont,2017-12-18 11:07:42+01:00,app/src/frames.h
Romain Vimont,2017-12-18 11:07:42+01:00,app/src/screen.c
Romain Vimont,2017-12-18 11:07:42+01:00,app/src/screen.h
Romain Vimont,2017-12-18 11:27:55+01:00,app/src/screen.c
Romain Vimont,2017-12-18 11:29:34+01:00,app/src/scrcpy.c
Romain Vimont,2017-12-19 14:11:55+01:00,app/src/frames.c
Romain Vimont,2017-12-19 14:12:11+01:00,app/src/screen.c
Romain Vimont,2018-01-04 10:22:09+01:00,app/src/unix/command.c
Romain Vimont,2018-01-04 10:22:09+01:00,app/meson.build
Romain Vimont,2018-01-04 10:22:09+01:00,app/src/sys/unix/command.c
Romain Vimont,2018-01-04 10:22:09+01:00,app/src/sys/win/command.c
Romain Vimont,2018-01-18 16:53:20+01:00,server/src/com/genymobile/scrcpy/Ln.java
Romain Vimont,2018-01-18 16:53:20+01:00,server/src/com/genymobile/scrcpy/ScrCpyServer.java
Romain Vimont,2018-01-18 17:25:13+01:00,Makefile
Romain Vimont,2018-01-18 17:25:13+01:00,app/meson.build
Romain Vimont,2018-01-18 17:25:13+01:00,app/src/android/input.h
Romain Vimont,2018-01-18 17:25:13+01:00,app/src/android/keycodes.h
Romain Vimont,2018-01-18 17:25:13+01:00,app/src/control.c
Romain Vimont,2018-01-18 17:25:13+01:00,app/src/control.h
Romain Vimont,2018-01-18 17:25:13+01:00,app/src/controlevent.c
Romain Vimont,2018-01-18 17:25:13+01:00,app/src/controlevent.h
Romain Vimont,2018-01-18 17:25:13+01:00,app/src/convert.c
Romain Vimont,2018-01-18 17:25:13+01:00,app/src/convert.h
Romain Vimont,2018-01-18 17:25:13+01:00,app/src/screen.c
Romain Vimont,2018-01-18 17:25:13+01:00,app/src/strutil.h
Romain Vimont,2018-01-18 17:25:13+01:00,app/tests/test_control_event_queue.c
Romain Vimont,2018-01-18 17:25:13+01:00,server/Makefile
Romain Vimont,2018-01-18 17:25:13+01:00,server/src/com/genymobile/scrcpy/ControlEvent.java
Romain Vimont,2018-01-18 17:25:13+01:00,server/src/com/genymobile/scrcpy/ControlEventReader.java
Romain Vimont,2018-01-18 17:25:13+01:00,server/src/com/genymobile/scrcpy/DesktopConnection.java
Romain Vimont,2018-01-18 17:25:13+01:00,server/src/com/genymobile/scrcpy/DeviceUtil.java
Romain Vimont,2018-01-18 17:25:13+01:00,server/src/com/genymobile/scrcpy/EventController.java
Romain Vimont,2018-01-18 17:25:13+01:00,server/src/com/genymobile/scrcpy/ScrCpyServer.java
Romain Vimont,2018-01-18 17:25:13+01:00,server/src/com/genymobile/scrcpy/wrappers/InputManager.java
Romain Vimont,2018-01-18 17:25:13+01:00,server/src/com/genymobile/scrcpy/wrappers/ServiceManager.java
Romain Vimont,2018-01-18 17:25:13+01:00,server/tests/com/genymobile/scrcpy/ControlEventReaderTest.java
Romain Vimont,2018-01-18 17:25:13+01:00,app/meson.build
Romain Vimont,2018-01-18 17:25:13+01:00,app/tests/test_strutil.c
Romain Vimont,2018-01-18 17:28:05+01:00,README.md
Romain Vimont,2018-01-19 11:15:51+01:00,app/src/sys/win/command.c
Romain Vimont,2018-01-19 14:09:15+01:00,app/src/convert.c
Romain Vimont,2018-01-19 15:13:38+01:00,app/src/control.c
Romain Vimont,2018-01-19 15:13:38+01:00,app/src/control.h
Romain Vimont,2018-01-19 15:13:38+01:00,app/src/controlevent.c
Romain Vimont,2018-01-19 15:13:38+01:00,app/src/controlevent.h
Romain Vimont,2018-01-19 15:13:38+01:00,app/src/convert.c
Romain Vimont,2018-01-19 15:13:38+01:00,app/src/convert.h
Romain Vimont,2018-01-19 15:13:38+01:00,app/src/screen.c
Romain Vimont,2018-01-19 16:55:39+01:00,app/meson.build
Romain Vimont,2018-01-19 16:55:39+01:00,app/tests/test_control_event_serialize.c
Romain Vimont,2018-01-22 11:29:44+01:00,app/meson.build
Romain Vimont,2018-01-22 11:29:44+01:00,app/src/screen.c
Romain Vimont,2018-01-22 11:29:44+01:00,app/src/server.c
Romain Vimont,2018-01-22 11:29:44+01:00,app/src/server.h
Romain Vimont,2018-01-23 16:20:03+01:00,server/src/com/genymobile/scrcpy/ScreenStreamerSession.java
Romain Vimont,2018-01-23 16:20:03+01:00,app/src/screen.c
Romain Vimont,2018-01-23 16:20:03+01:00,app/src/server.c
Romain Vimont,2018-01-23 16:20:03+01:00,app/src/server.h
Romain Vimont,2018-01-23 16:44:59+01:00,server/Makefile
Romain Vimont,2018-01-23 16:44:59+01:00,server/src/com/genymobile/scrcpy/Device.java
Romain Vimont,2018-01-23 16:44:59+01:00,server/src/com/genymobile/scrcpy/DeviceUtil.java
Romain Vimont,2018-01-23 16:44:59+01:00,server/src/com/genymobile/scrcpy/EventController.java
Romain Vimont,2018-01-23 16:44:59+01:00,server/src/com/genymobile/scrcpy/ScrCpyServer.java
Romain Vimont,2018-01-23 16:44:59+01:00,server/src/com/genymobile/scrcpy/ScreenStreamer.java
Romain Vimont,2018-01-23 16:44:59+01:00,app/src/common.h
Romain Vimont,2018-01-23 16:44:59+01:00,app/src/controlevent.c
Romain Vimont,2018-01-23 16:44:59+01:00,app/src/controlevent.h
Romain Vimont,2018-01-23 16:44:59+01:00,app/src/convert.c
Romain Vimont,2018-01-23 16:44:59+01:00,app/src/convert.h
Romain Vimont,2018-01-23 16:44:59+01:00,app/src/screen.c
Romain Vimont,2018-01-23 16:44:59+01:00,app/tests/test_control_event_serialize.c
Romain Vimont,2018-01-23 16:44:59+01:00,server/src/com/genymobile/scrcpy/ControlEvent.java
Romain Vimont,2018-01-23 16:44:59+01:00,server/src/com/genymobile/scrcpy/ControlEventReader.java
Romain Vimont,2018-01-23 16:44:59+01:00,server/src/com/genymobile/scrcpy/Device.java
Romain Vimont,2018-01-23 16:44:59+01:00,server/src/com/genymobile/scrcpy/EventController.java
Romain Vimont,2018-01-23 16:44:59+01:00,server/src/com/genymobile/scrcpy/Point.java
Romain Vimont,2018-01-23 16:44:59+01:00,server/src/com/genymobile/scrcpy/RawPoint.java
Romain Vimont,2018-01-23 16:44:59+01:00,app/meson.build
Romain Vimont,2018-01-23 16:44:59+01:00,app/src/main.c
Romain Vimont,2018-01-23 16:44:59+01:00,app/src/scrcpy.c
Romain Vimont,2018-01-23 16:44:59+01:00,app/src/scrcpy.h
Romain Vimont,2018-01-23 16:44:59+01:00,app/src/screen.c
Romain Vimont,2018-01-24 09:53:09+01:00,app/src/scrcpy.c
Romain Vimont,2018-01-24 09:56:42+01:00,app/src/scrcpy.c
Romain Vimont,2018-01-25 17:15:40+01:00,server/Makefile
Romain Vimont,2018-01-25 17:16:32+01:00,server/src/com/genymobile/scrcpy/Point.java
Romain Vimont,2018-01-25 17:16:32+01:00,server/src/com/genymobile/scrcpy/RawPoint.java
Romain Vimont,2018-01-25 17:17:21+01:00,server/src/com/genymobile/scrcpy/EventController.java
Romain Vimont,2018-01-29 14:52:22+01:00,app/src/common.h
Romain Vimont,2018-01-29 14:52:22+01:00,app/src/controlevent.c
Romain Vimont,2018-01-29 14:52:22+01:00,app/src/controlevent.h
Romain Vimont,2018-01-29 14:52:22+01:00,app/src/convert.c
Romain Vimont,2018-01-29 14:52:22+01:00,app/src/convert.h
Romain Vimont,2018-01-29 14:52:22+01:00,app/src/scrcpy.c
Romain Vimont,2018-01-29 14:52:22+01:00,app/tests/test_control_event_serialize.c
Romain Vimont,2018-01-29 14:52:22+01:00,server/Makefile
Romain Vimont,2018-01-29 14:52:22+01:00,server/src/com/genymobile/scrcpy/ControlEvent.java
Romain Vimont,2018-01-29 14:52:22+01:00,server/src/com/genymobile/scrcpy/ControlEventReader.java
Romain Vimont,2018-01-29 14:52:22+01:00,server/src/com/genymobile/scrcpy/Device.java
Romain Vimont,2018-01-29 14:52:22+01:00,server/src/com/genymobile/scrcpy/EventController.java
Romain Vimont,2018-01-29 14:52:22+01:00,server/src/com/genymobile/scrcpy/Point.java
Romain Vimont,2018-01-29 14:52:22+01:00,server/src/com/genymobile/scrcpy/Position.java
Romain Vimont,2018-01-29 14:52:22+01:00,server/src/com/genymobile/scrcpy/RawPoint.java
Romain Vimont,2018-01-29 15:00:15+01:00,server/src/com/genymobile/scrcpy/DesktopConnection.java
Romain Vimont,2018-01-29 15:00:15+01:00,server/src/com/genymobile/scrcpy/Device.java
Romain Vimont,2018-01-29 15:00:15+01:00,server/src/com/genymobile/scrcpy/EventController.java
Romain Vimont,2018-01-29 15:00:15+01:00,server/src/com/genymobile/scrcpy/ScrCpyServer.java
Romain Vimont,2018-01-29 15:40:33+01:00,app/src/main.c
Romain Vimont,2018-01-29 15:40:33+01:00,app/src/scrcpy.c
Romain Vimont,2018-01-29 15:40:33+01:00,app/src/scrcpy.h
Romain Vimont,2018-01-29 15:40:33+01:00,app/src/server.c
Romain Vimont,2018-01-29 15:40:33+01:00,app/src/server.h
Romain Vimont,2018-01-29 15:40:33+01:00,server/Makefile
Romain Vimont,2018-01-29 15:40:33+01:00,server/src/com/genymobile/scrcpy/DesktopConnection.java
Romain Vimont,2018-01-29 15:40:33+01:00,server/src/com/genymobile/scrcpy/Device.java
Romain Vimont,2018-01-29 15:40:33+01:00,server/src/com/genymobile/scrcpy/DisplayInfo.java
Romain Vimont,2018-01-29 15:40:33+01:00,server/src/com/genymobile/scrcpy/Options.java
Romain Vimont,2018-01-29 15:40:33+01:00,server/src/com/genymobile/scrcpy/Point.java
Romain Vimont,2018-01-29 15:40:33+01:00,server/src/com/genymobile/scrcpy/Position.java
Romain Vimont,2018-01-29 15:40:33+01:00,server/src/com/genymobile/scrcpy/ScrCpyServer.java
Romain Vimont,2018-01-29 15:40:33+01:00,server/src/com/genymobile/scrcpy/ScreenInfo.java
Romain Vimont,2018-01-29 15:40:33+01:00,server/src/com/genymobile/scrcpy/ScreenStreamer.java
Romain Vimont,2018-01-29 15:40:33+01:00,server/src/com/genymobile/scrcpy/ScreenStreamerSession.java
Romain Vimont,2018-01-29 15:40:33+01:00,server/src/com/genymobile/scrcpy/Size.java
Romain Vimont,2018-01-29 15:40:33+01:00,server/src/com/genymobile/scrcpy/wrappers/DisplayManager.java
Romain Vimont,2018-01-30 12:01:36+01:00,.gitignore
Romain Vimont,2018-01-30 12:01:36+01:00,Makefile
Romain Vimont,2018-01-30 12:01:36+01:00,app/src/server.c
Romain Vimont,2018-01-30 12:01:36+01:00,build.gradle
Romain Vimont,2018-01-30 12:01:36+01:00,gradle.properties
Romain Vimont,2018-01-30 12:01:36+01:00,gradle/wrapper/gradle-wrapper.jar
Romain Vimont,2018-01-30 12:01:36+01:00,gradle/wrapper/gradle-wrapper.properties
Romain Vimont,2018-01-30 12:01:36+01:00,gradlew
Romain Vimont,2018-01-30 12:01:36+01:00,gradlew.bat
Romain Vimont,2018-01-30 12:01:36+01:00,server/.gitignore
Romain Vimont,2018-01-30 12:01:36+01:00,server/Makefile
Romain Vimont,2018-01-30 12:01:36+01:00,server/build.gradle
Romain Vimont,2018-01-30 12:01:36+01:00,server/proguard-rules.pro
Romain Vimont,2018-01-30 12:01:36+01:00,server/src/main/AndroidManifest.xml
Romain Vimont,2018-01-30 12:01:36+01:00,server/src/main/aidl/android/view/IRotationWatcher.aidl
Romain Vimont,2018-01-30 12:01:36+01:00,server/src/main/java/com/genymobile/scrcpy/ControlEvent.java
Romain Vimont,2018-01-30 12:01:36+01:00,server/src/main/java/com/genymobile/scrcpy/ControlEventReader.java
Romain Vimont,2018-01-30 12:01:36+01:00,server/src/main/java/com/genymobile/scrcpy/DesktopConnection.java
Romain Vimont,2018-01-30 12:01:36+01:00,server/src/main/java/com/genymobile/scrcpy/Device.java
Romain Vimont,2018-01-30 12:01:36+01:00,server/src/main/java/com/genymobile/scrcpy/DisplayInfo.java
Romain Vimont,2018-01-30 12:01:36+01:00,server/src/main/java/com/genymobile/scrcpy/EventController.java
Romain Vimont,2018-01-30 12:01:36+01:00,server/src/main/java/com/genymobile/scrcpy/Ln.java
Romain Vimont,2018-01-30 12:01:36+01:00,server/src/main/java/com/genymobile/scrcpy/Options.java
Romain Vimont,2018-01-30 12:01:36+01:00,server/src/main/java/com/genymobile/scrcpy/Point.java
Romain Vimont,2018-01-30 12:01:36+01:00,server/src/main/java/com/genymobile/scrcpy/Position.java
Romain Vimont,2018-01-30 12:01:36+01:00,server/src/main/java/com/genymobile/scrcpy/ScrCpyServer.java
Romain Vimont,2018-01-30 12:01:36+01:00,server/src/main/java/com/genymobile/scrcpy/ScreenInfo.java
Romain Vimont,2018-01-30 12:01:36+01:00,server/src/main/java/com/genymobile/scrcpy/ScreenStreamer.java
Romain Vimont,2018-01-30 12:01:36+01:00,server/src/main/java/com/genymobile/scrcpy/ScreenStreamerSession.java
Romain Vimont,2018-01-30 12:01:36+01:00,server/src/main/java/com/genymobile/scrcpy/Size.java
Romain Vimont,2018-01-30 12:01:36+01:00,server/src/main/java/com/genymobile/scrcpy/wrappers/DisplayManager.java
Romain Vimont,2018-01-30 12:01:36+01:00,server/src/main/java/com/genymobile/scrcpy/wrappers/InputManager.java
Romain Vimont,2018-01-30 12:01:36+01:00,server/src/main/java/com/genymobile/scrcpy/wrappers/ServiceManager.java
Romain Vimont,2018-01-30 12:01:36+01:00,server/src/main/java/com/genymobile/scrcpy/wrappers/WindowManager.java
Romain Vimont,2018-01-30 12:01:36+01:00,server/src/test/java/com/genymobile/scrcpy/ControlEventReaderTest.java
Romain Vimont,2018-01-30 12:01:36+01:00,settings.gradle
Romain Vimont,2018-01-31 19:42:08+01:00,server/src/main/java/com/genymobile/scrcpy/Device.java
Romain Vimont,2018-01-31 19:42:08+01:00,server/src/main/java/com/genymobile/scrcpy/EventController.java
Romain Vimont,2018-01-31 19:42:08+01:00,server/src/main/java/com/genymobile/scrcpy/Point.java
Romain Vimont,2018-01-31 19:42:08+01:00,server/src/main/java/com/genymobile/scrcpy/Position.java
Romain Vimont,2018-01-31 19:49:49+01:00,server/src/main/java/com/genymobile/scrcpy/ScrCpyServer.java
Romain Vimont,2018-01-31 19:50:45+01:00,server/src/main/java/com/genymobile/scrcpy/ScrCpyServer.java
Romain Vimont,2018-01-31 19:51:43+01:00,server/src/main/java/com/genymobile/scrcpy/DesktopConnection.java
Romain Vimont,2018-01-31 19:51:43+01:00,server/src/main/java/com/genymobile/scrcpy/Device.java
Romain Vimont,2018-01-31 19:51:43+01:00,server/src/main/java/com/genymobile/scrcpy/ScrCpyServer.java
Romain Vimont,2018-01-31 19:51:43+01:00,server/src/main/java/com/genymobile/scrcpy/ScreenEncoder.java
Romain Vimont,2018-01-31 19:51:43+01:00,server/src/main/java/com/genymobile/scrcpy/ScreenInfo.java
Romain Vimont,2018-01-31 19:51:43+01:00,server/src/main/java/com/genymobile/scrcpy/ScreenStreamer.java
Romain Vimont,2018-01-31 19:51:43+01:00,server/src/main/java/com/genymobile/scrcpy/ScreenStreamerSession.java
Romain Vimont,2018-01-31 19:51:43+01:00,server/src/main/java/com/genymobile/scrcpy/Size.java
Romain Vimont,2018-01-31 19:51:43+01:00,server/src/main/java/com/genymobile/scrcpy/wrappers/SurfaceControl.java
Romain Vimont,2018-01-31 19:51:43+01:00,app/src/command.c
Romain Vimont,2018-02-01 11:44:20+01:00,app/src/controlevent.c
Romain Vimont,2018-02-01 11:44:20+01:00,app/src/main.c
Romain Vimont,2018-02-01 11:44:20+01:00,app/src/scrcpy.c
Romain Vimont,2018-02-01 15:35:20+01:00,app/src/main.c
Romain Vimont,2018-02-01 17:11:40+01:00,app/src/main.c
Romain Vimont,2018-02-01 17:11:40+01:00,app/src/scrcpy.c
Romain Vimont,2018-02-01 17:11:40+01:00,app/src/scrcpy.h
Romain Vimont,2018-02-01 17:11:40+01:00,app/src/server.c
Romain Vimont,2018-02-01 17:11:40+01:00,app/src/server.h
Romain Vimont,2018-02-01 17:11:40+01:00,server/src/main/java/com/genymobile/scrcpy/Device.java
Romain Vimont,2018-02-01 17:11:40+01:00,server/src/main/java/com/genymobile/scrcpy/Options.java
Romain Vimont,2018-02-01 17:11:40+01:00,server/src/main/java/com/genymobile/scrcpy/ScrCpyServer.java
Romain Vimont,2018-02-01 17:11:40+01:00,app/src/main.c
Romain Vimont,2018-02-01 17:11:40+01:00,app/src/scrcpy.c
Romain Vimont,2018-02-01 17:11:40+01:00,app/src/scrcpy.c
Romain Vimont,2018-02-01 17:11:40+01:00,app/src/controlevent.c
Romain Vimont,2018-02-01 17:11:40+01:00,app/src/main.c
Romain Vimont,2018-02-01 17:11:40+01:00,app/src/main.c
Romain Vimont,2018-02-01 17:11:40+01:00,app/src/main.c
Romain Vimont,2018-02-01 17:11:40+01:00,app/src/scrcpy.c
Romain Vimont,2018-02-01 17:11:40+01:00,app/src/scrcpy.h
Romain Vimont,2018-02-01 17:11:40+01:00,app/src/server.c
Romain Vimont,2018-02-01 17:11:40+01:00,app/src/server.h
Romain Vimont,2018-02-01 17:11:40+01:00,server/src/main/java/com/genymobile/scrcpy/Options.java
Romain Vimont,2018-02-01 17:11:40+01:00,server/src/main/java/com/genymobile/scrcpy/ScrCpyServer.java
Romain Vimont,2018-02-01 17:11:40+01:00,server/src/main/java/com/genymobile/scrcpy/ScreenEncoder.java
Romain Vimont,2018-02-01 20:52:44+01:00,app/src/scrcpy.c
Romain Vimont,2018-02-02 09:26:25+01:00,app/src/scrcpy.c
Romain Vimont,2018-02-02 09:34:52+01:00,app/src/server.c
Romain Vimont,2018-02-02 09:37:10+01:00,Makefile
Romain Vimont,2018-02-02 09:37:10+01:00,app/src/server.c
Romain Vimont,2018-02-02 11:39:25+01:00,app/src/scrcpy.c
Romain Vimont,2018-02-02 11:48:05+01:00,app/src/scrcpy.c
Romain Vimont,2018-02-02 11:52:19+01:00,app/src/scrcpy.c
Romain Vimont,2018-02-02 12:01:38+01:00,app/src/scrcpy.c
Romain Vimont,2018-02-02 14:52:00+01:00,server/src/main/java/com/genymobile/scrcpy/EventController.java
Romain Vimont,2018-02-02 14:56:03+01:00,app/src/controlevent.c
Romain Vimont,2018-02-02 14:56:03+01:00,app/src/controlevent.h
Romain Vimont,2018-02-02 14:56:03+01:00,app/src/scrcpy.c
Romain Vimont,2018-02-02 14:56:03+01:00,server/src/main/java/com/genymobile/scrcpy/ControlEvent.java
Romain Vimont,2018-02-02 14:56:03+01:00,server/src/main/java/com/genymobile/scrcpy/ControlEventReader.java
Romain Vimont,2018-02-02 14:56:03+01:00,server/src/main/java/com/genymobile/scrcpy/Device.java
Romain Vimont,2018-02-02 14:56:03+01:00,server/src/main/java/com/genymobile/scrcpy/EventController.java
Romain Vimont,2018-02-02 14:56:03+01:00,server/src/main/java/com/genymobile/scrcpy/wrappers/PowerManager.java
Romain Vimont,2018-02-02 14:56:03+01:00,server/src/main/java/com/genymobile/scrcpy/wrappers/ServiceManager.java
Romain Vimont,2018-02-02 14:57:33+01:00,server/src/main/java/com/genymobile/scrcpy/EventController.java
Romain Vimont,2018-02-02 15:10:44+01:00,app/src/main.c
Romain Vimont,2018-02-02 15:17:03+01:00,app/src/scrcpy.c
Romain Vimont,2018-02-02 15:23:04+01:00,app/src/scrcpy.c
Romain Vimont,2018-02-02 16:25:37+01:00,server/src/main/java/com/genymobile/scrcpy/wrappers/ServiceManager.java
Romain Vimont,2018-02-02 17:06:57+01:00,server/src/main/java/com/genymobile/scrcpy/Device.java
Romain Vimont,2018-02-02 17:06:57+01:00,server/src/main/java/com/genymobile/scrcpy/EventController.java
Romain Vimont,2018-02-04 12:17:34+01:00,Makefile
Romain Vimont,2018-02-04 12:17:34+01:00,README.md
Romain Vimont,2018-02-04 12:39:17+01:00,app/src/main.c
Romain Vimont,2018-02-04 12:39:17+01:00,app/src/scrcpy.c
Romain Vimont,2018-02-05 14:46:00+01:00,README.md
Romain Vimont,2018-02-05 14:46:00+01:00,app/meson.build
Romain Vimont,2018-02-05 14:46:00+01:00,app/src/icon.xpm
Romain Vimont,2018-02-05 14:46:00+01:00,app/src/scrcpy.c
Romain Vimont,2018-02-05 14:52:19+01:00,Makefile
Romain Vimont,2018-02-05 16:15:52+01:00,app/src/scrcpy.c
Romain Vimont,2018-02-05 19:24:00+01:00,Makefile
Romain Vimont,2018-02-05 19:24:33+01:00,README.md
Romain Vimont,2018-02-05 19:24:33+01:00,app/meson.build
Romain Vimont,2018-02-05 19:24:33+01:00,app/src/scrcpy.c
Romain Vimont,2018-02-05 19:24:33+01:00,app/src/tinyxpm.c
Romain Vimont,2018-02-05 19:24:33+01:00,app/src/tinyxpm.h
Romain Vimont,2018-02-07 11:47:10+01:00,Makefile
Romain Vimont,2018-02-07 11:48:25+01:00,app/src/tinyxpm.c
Romain Vimont,2018-02-07 12:09:10+01:00,app/meson.build
Romain Vimont,2018-02-07 12:09:10+01:00,app/src/main.c
Romain Vimont,2018-02-07 15:40:24+01:00,app/meson.build
Romain Vimont,2018-02-07 15:40:24+01:00,app/src/decoder.c
Romain Vimont,2018-02-07 15:40:24+01:00,app/src/decoder.h
Romain Vimont,2018-02-07 15:40:24+01:00,app/src/frames.c
Romain Vimont,2018-02-07 15:40:24+01:00,app/src/frames.h
Romain Vimont,2018-02-07 15:40:24+01:00,app/src/scrcpy.c
Romain Vimont,2018-02-07 15:41:59+01:00,app/meson.build
Romain Vimont,2018-02-07 15:41:59+01:00,app/src/main.c
Romain Vimont,2018-02-07 15:41:59+01:00,app/src/main.c
Romain Vimont,2018-02-07 15:41:59+01:00,app/src/scrcpy.c
Romain Vimont,2018-02-07 15:41:59+01:00,app/src/scrcpy.c
Romain Vimont,2018-02-07 15:50:38+01:00,server/src/main/java/com/genymobile/scrcpy/ScreenEncoder.java
Romain Vimont,2018-02-07 16:32:16+01:00,server/src/main/java/com/genymobile/scrcpy/ScreenEncoder.java
Romain Vimont,2018-02-07 16:47:31+01:00,server/build.gradle
Romain Vimont,2018-02-07 17:45:28+01:00,server/src/main/java/com/genymobile/scrcpy/ControlEventReader.java
Romain Vimont,2018-02-07 17:48:21+01:00,server/src/main/java/com/genymobile/scrcpy/EventController.java
Romain Vimont,2018-02-07 20:50:58+01:00,server/src/main/java/com/genymobile/scrcpy/EventController.java
Romain Vimont,2018-02-07 20:58:18+01:00,config/android-checkstyle.gradle
Romain Vimont,2018-02-07 20:58:18+01:00,config/checkstyle/checkstyle.xml
Romain Vimont,2018-02-07 20:58:18+01:00,server/build.gradle
Romain Vimont,2018-02-07 20:58:18+01:00,server/src/main/java/com/genymobile/scrcpy/ControlEvent.java
Romain Vimont,2018-02-07 20:58:18+01:00,server/src/main/java/com/genymobile/scrcpy/ControlEventReader.java
Romain Vimont,2018-02-07 20:58:18+01:00,server/src/main/java/com/genymobile/scrcpy/DesktopConnection.java
Romain Vimont,2018-02-07 20:58:18+01:00,server/src/main/java/com/genymobile/scrcpy/Device.java
Romain Vimont,2018-02-07 20:58:18+01:00,server/src/main/java/com/genymobile/scrcpy/EventController.java
Romain Vimont,2018-02-07 20:58:18+01:00,server/src/main/java/com/genymobile/scrcpy/Ln.java
Romain Vimont,2018-02-07 20:58:18+01:00,server/src/main/java/com/genymobile/scrcpy/Position.java
Romain Vimont,2018-02-07 20:58:18+01:00,server/src/main/java/com/genymobile/scrcpy/ScrCpyServer.java
Romain Vimont,2018-02-07 20:58:18+01:00,server/src/main/java/com/genymobile/scrcpy/ScreenEncoder.java
Romain Vimont,2018-02-07 20:58:18+01:00,server/src/main/java/com/genymobile/scrcpy/Size.java
Romain Vimont,2018-02-07 20:58:18+01:00,server/src/main/java/com/genymobile/scrcpy/wrappers/DisplayManager.java
Romain Vimont,2018-02-07 20:58:18+01:00,server/src/main/java/com/genymobile/scrcpy/wrappers/InputManager.java
Romain Vimont,2018-02-07 20:58:18+01:00,server/src/main/java/com/genymobile/scrcpy/wrappers/PowerManager.java
Romain Vimont,2018-02-07 20:58:18+01:00,server/src/main/java/com/genymobile/scrcpy/wrappers/ServiceManager.java
Romain Vimont,2018-02-07 20:58:18+01:00,server/src/main/java/com/genymobile/scrcpy/wrappers/SurfaceControl.java
Romain Vimont,2018-02-07 20:58:18+01:00,server/src/main/java/com/genymobile/scrcpy/wrappers/WindowManager.java
Romain Vimont,2018-02-08 09:08:55+01:00,app/src/scrcpy.c
Romain Vimont,2018-02-08 13:26:01+01:00,app/meson.build
Romain Vimont,2018-02-08 13:26:01+01:00,app/src/controller.c
Romain Vimont,2018-02-08 13:26:01+01:00,app/src/controller.h
Romain Vimont,2018-02-08 13:26:01+01:00,app/src/scrcpy.c
Romain Vimont,2018-02-08 15:26:08+01:00,app/src/controlevent.h
Romain Vimont,2018-02-08 15:26:08+01:00,app/src/server.h
Romain Vimont,2018-02-08 15:26:08+01:00,app/src/strutil.h
Romain Vimont,2018-02-08 15:26:08+01:00,app/src/tinyxpm.h
Romain Vimont,2018-02-08 15:43:28+01:00,app/meson.build
Romain Vimont,2018-02-08 15:43:28+01:00,app/src/scrcpy.c
Romain Vimont,2018-02-08 15:43:28+01:00,app/src/scrcpy.h
Romain Vimont,2018-02-08 15:43:28+01:00,app/src/screen.c
Romain Vimont,2018-02-08 15:43:28+01:00,app/src/screen.h
Romain Vimont,2018-02-08 17:40:09+01:00,app/src/command.c
Romain Vimont,2018-02-08 17:40:09+01:00,app/src/command.h
Romain Vimont,2018-02-08 17:40:09+01:00,app/src/netutil.c
Romain Vimont,2018-02-08 17:40:09+01:00,app/src/netutil.h
Romain Vimont,2018-02-08 17:40:09+01:00,app/src/scrcpy.c
Romain Vimont,2018-02-08 17:40:09+01:00,app/src/server.c
Romain Vimont,2018-02-08 17:40:09+01:00,app/src/server.h
Romain Vimont,2018-02-08 17:40:09+01:00,app/meson.build
Romain Vimont,2018-02-08 17:40:09+01:00,app/src/device.c
Romain Vimont,2018-02-08 17:40:09+01:00,app/src/device.h
Romain Vimont,2018-02-08 17:40:09+01:00,app/src/scrcpy.c
Romain Vimont,2018-02-08 17:40:09+01:00,app/src/scrcpy.c
Romain Vimont,2018-02-08 17:40:09+01:00,app/src/server.c
Romain Vimont,2018-02-08 17:40:09+01:00,app/src/server.h
Romain Vimont,2018-02-08 18:14:50+01:00,app/meson.build
Romain Vimont,2018-02-08 18:14:50+01:00,app/src/scrcpy.c
Romain Vimont,2018-02-08 18:14:50+01:00,app/src/screencontrol.c
Romain Vimont,2018-02-08 18:14:50+01:00,app/src/screencontrol.h
Romain Vimont,2018-02-08 18:39:38+01:00,app/src/scrcpy.c
Romain Vimont,2018-02-08 20:57:29+01:00,app/src/decoder.c
Romain Vimont,2018-02-08 20:57:29+01:00,app/src/frames.c
Romain Vimont,2018-02-08 20:57:29+01:00,app/src/frames.h
Romain Vimont,2018-02-08 20:57:29+01:00,app/src/scrcpy.c
Romain Vimont,2018-02-09 09:41:05+01:00,app/src/decoder.c
Romain Vimont,2018-02-09 09:41:05+01:00,app/src/decoder.h
Romain Vimont,2018-02-09 09:41:05+01:00,app/src/frames.c
Romain Vimont,2018-02-09 09:41:05+01:00,app/src/frames.h
Romain Vimont,2018-02-09 09:41:05+01:00,app/src/scrcpy.c
Romain Vimont,2018-02-09 09:43:58+01:00,app/src/screencontrol.c
Romain Vimont,2018-02-09 09:57:23+01:00,app/src/decoder.c
Romain Vimont,2018-02-09 10:59:15+01:00,server/src/main/java/com/genymobile/scrcpy/ScrCpyServer.java
Romain Vimont,2018-02-09 11:01:50+01:00,app/src/server.c
Romain Vimont,2018-02-09 11:14:47+01:00,app/src/scrcpy.c
Romain Vimont,2018-02-09 11:14:47+01:00,app/src/screen.c
Romain Vimont,2018-02-09 11:14:47+01:00,app/src/screen.h
Romain Vimont,2018-02-09 12:12:07+01:00,Makefile
Romain Vimont,2018-02-09 12:59:36+01:00,app/src/scrcpy.c
Romain Vimont,2018-02-09 12:59:36+01:00,app/src/server.c
Romain Vimont,2018-02-09 12:59:36+01:00,app/src/server.h
Romain Vimont,2018-02-09 13:30:49+01:00,app/src/decoder.c
Romain Vimont,2018-02-09 13:30:49+01:00,app/src/decoder.h
Romain Vimont,2018-02-09 13:30:49+01:00,app/src/scrcpy.c
Romain Vimont,2018-02-09 14:03:25+01:00,server/src/main/java/com/genymobile/scrcpy/EventController.java
Romain Vimont,2018-02-09 16:19:50+01:00,app/src/scrcpy.c
Romain Vimont,2018-02-09 16:19:50+01:00,app/src/screen.c
Romain Vimont,2018-02-09 16:19:50+01:00,app/src/screen.h
Romain Vimont,2018-02-09 16:21:10+01:00,app/src/netutil.c
Romain Vimont,2018-02-09 16:21:10+01:00,app/src/netutil.h
Romain Vimont,2018-02-09 16:21:10+01:00,app/src/scrcpy.c
Romain Vimont,2018-02-09 16:21:10+01:00,app/src/server.c
Romain Vimont,2018-02-09 16:21:10+01:00,app/src/server.h
Romain Vimont,2018-02-09 16:21:10+01:00,app/src/screen.c
Romain Vimont,2018-02-12 14:17:10+01:00,server/src/main/java/com/genymobile/scrcpy/EventController.java
Romain Vimont,2018-02-12 14:17:10+01:00,server/src/main/java/com/genymobile/scrcpy/KeyComposition.java
Romain Vimont,2018-02-12 14:17:29+01:00,Makefile
Romain Vimont,2018-02-12 14:17:29+01:00,app/meson.build
Romain Vimont,2018-02-12 14:17:29+01:00,app/src/main.c
Romain Vimont,2018-02-12 15:59:27+01:00,Makefile
Romain Vimont,2018-02-12 16:09:34+01:00,app/src/command.c
Romain Vimont,2018-02-12 16:09:34+01:00,app/src/controller.c
Romain Vimont,2018-02-12 16:09:34+01:00,app/src/decoder.c
Romain Vimont,2018-02-12 16:09:34+01:00,app/src/frames.c
Romain Vimont,2018-02-12 16:09:34+01:00,app/src/lockutil.c
Romain Vimont,2018-02-12 16:09:34+01:00,app/src/netutil.c
Romain Vimont,2018-02-12 16:09:34+01:00,app/src/screen.c
Romain Vimont,2018-02-12 16:09:34+01:00,app/src/server.c
Romain Vimont,2018-02-12 16:09:34+01:00,app/src/tinyxpm.c
Romain Vimont,2018-02-12 16:35:23+01:00,app/src/sys/win/command.c
Romain Vimont,2018-02-12 17:19:52+01:00,server/src/main/java/com/genymobile/scrcpy/Ln.java
Romain Vimont,2018-02-12 17:27:25+01:00,app/meson.build
Romain Vimont,2018-02-13 10:10:18+01:00,app/src/command.c
Romain Vimont,2018-02-13 10:10:18+01:00,app/src/controlevent.c
Romain Vimont,2018-02-13 10:10:18+01:00,app/src/controller.c
Romain Vimont,2018-02-13 10:10:18+01:00,app/src/decoder.c
Romain Vimont,2018-02-13 10:10:18+01:00,app/src/device.c
Romain Vimont,2018-02-13 10:10:18+01:00,app/src/frames.c
Romain Vimont,2018-02-13 10:10:18+01:00,app/src/lockutil.c
Romain Vimont,2018-02-13 10:10:18+01:00,app/src/log.h
Romain Vimont,2018-02-13 10:10:18+01:00,app/src/main.c
Romain Vimont,2018-02-13 10:10:18+01:00,app/src/netutil.c
Romain Vimont,2018-02-13 10:10:18+01:00,app/src/scrcpy.c
Romain Vimont,2018-02-13 10:10:18+01:00,app/src/screen.c
Romain Vimont,2018-02-13 10:10:18+01:00,app/src/screencontrol.c
Romain Vimont,2018-02-13 10:10:18+01:00,app/src/server.c
Romain Vimont,2018-02-13 10:10:18+01:00,app/src/sys/win/command.c
Romain Vimont,2018-02-13 10:10:18+01:00,app/src/tinyxpm.c
Romain Vimont,2018-02-13 10:24:02+01:00,app/meson.build
Romain Vimont,2018-02-13 10:24:02+01:00,app/src/config.h.in
Romain Vimont,2018-02-14 09:23:14+01:00,Makefile
Romain Vimont,2018-02-14 09:23:14+01:00,app/meson.build
Romain Vimont,2018-02-14 09:23:14+01:00,app/meson_options.txt
Romain Vimont,2018-02-14 09:23:14+01:00,app/src/config.h.in
Romain Vimont,2018-02-14 09:23:14+01:00,app/src/server.c
Romain Vimont,2018-02-14 09:23:14+01:00,meson.build
Romain Vimont,2018-02-14 09:23:14+01:00,scripts/run-scrcpy.sh
Romain Vimont,2018-02-14 09:23:14+01:00,server/meson.build
Romain Vimont,2018-02-14 09:23:14+01:00,server/scripts/build-wrapper.sh
Romain Vimont,2018-02-14 14:03:56+01:00,Makefile
Romain Vimont,2018-02-14 14:03:56+01:00,app/meson.build
Romain Vimont,2018-02-14 14:03:56+01:00,app/meson_options.txt
Romain Vimont,2018-02-14 14:03:56+01:00,meson.build
Romain Vimont,2018-02-14 14:03:56+01:00,meson_options.txt
Romain Vimont,2018-02-14 14:03:56+01:00,server/meson.build
Romain Vimont,2018-02-14 14:03:56+01:00,server/scripts/build-wrapper.sh
Romain Vimont,2018-02-14 14:03:56+01:00,app/meson.build
Romain Vimont,2018-02-14 14:03:56+01:00,app/src/config.h.in
Romain Vimont,2018-02-14 14:03:56+01:00,meson.build
Romain Vimont,2018-02-14 16:28:21+01:00,meson_options.txt
Romain Vimont,2018-02-14 16:28:21+01:00,server/meson.build
Romain Vimont,2018-02-14 18:31:42+01:00,run
Romain Vimont,2018-02-14 18:39:46+01:00,app/src/main.c
Romain Vimont,2018-02-14 18:44:28+01:00,app/src/main.c
Romain Vimont,2018-02-14 18:53:16+01:00,app/src/main.c
Romain Vimont,2018-02-14 18:57:29+01:00,app/src/main.c
Romain Vimont,2018-02-14 19:01:26+01:00,app/src/main.c
Romain Vimont,2018-02-15 11:22:48+01:00,app/meson.build
Romain Vimont,2018-02-15 11:22:48+01:00,app/src/fpscounter.c
Romain Vimont,2018-02-15 11:22:48+01:00,app/src/fpscounter.h
Romain Vimont,2018-02-15 11:22:48+01:00,app/src/frames.c
Romain Vimont,2018-02-15 11:22:48+01:00,app/src/frames.h
Romain Vimont,2018-02-15 11:22:48+01:00,app/src/scrcpy.c
Romain Vimont,2018-02-15 11:24:18+01:00,app/meson.build
Romain Vimont,2018-02-15 11:24:18+01:00,meson_options.txt
Romain Vimont,2018-02-15 11:28:19+01:00,meson_options.txt
Romain Vimont,2018-02-15 12:07:47+01:00,app/meson.build
Romain Vimont,2018-02-15 12:07:47+01:00,app/src/inputmanager.c
Romain Vimont,2018-02-15 12:07:47+01:00,app/src/inputmanager.h
Romain Vimont,2018-02-15 12:07:47+01:00,app/src/scrcpy.c
Romain Vimont,2018-02-15 12:07:47+01:00,app/src/screencontrol.h
Romain Vimont,2018-02-15 12:24:16+01:00,app/src/inputmanager.c
Romain Vimont,2018-02-15 12:24:16+01:00,app/src/inputmanager.h
Romain Vimont,2018-02-15 12:24:16+01:00,app/src/main.c
Romain Vimont,2018-02-15 12:24:16+01:00,app/src/scrcpy.c
Romain Vimont,2018-02-15 13:42:31+01:00,app/src/screen.c
Romain Vimont,2018-02-15 14:04:48+01:00,app/src/main.c
Romain Vimont,2018-02-15 22:42:37+01:00,app/src/sys/win/command.c
Romain Vimont,2018-02-15 22:59:04+01:00,app/src/decoder.c
Romain Vimont,2018-02-16 00:56:58+01:00,app/meson.build
Romain Vimont,2018-02-16 00:56:58+01:00,app/src/command.h
Romain Vimont,2018-02-16 00:56:58+01:00,app/src/controller.c
Romain Vimont,2018-02-16 00:56:58+01:00,app/src/controller.h
Romain Vimont,2018-02-16 00:56:58+01:00,app/src/decoder.c
Romain Vimont,2018-02-16 00:56:58+01:00,app/src/decoder.h
Romain Vimont,2018-02-16 00:56:58+01:00,app/src/device.c
Romain Vimont,2018-02-16 00:56:58+01:00,app/src/device.h
Romain Vimont,2018-02-16 00:56:58+01:00,app/src/main.c
Romain Vimont,2018-02-16 00:56:58+01:00,app/src/net.c
Romain Vimont,2018-02-16 00:56:58+01:00,app/src/net.h
Romain Vimont,2018-02-16 00:56:58+01:00,app/src/netutil.c
Romain Vimont,2018-02-16 00:56:58+01:00,app/src/netutil.h
Romain Vimont,2018-02-16 00:56:58+01:00,app/src/scrcpy.c
Romain Vimont,2018-02-16 00:56:58+01:00,app/src/server.c
Romain Vimont,2018-02-16 00:56:58+01:00,app/src/server.h
Romain Vimont,2018-02-16 00:56:58+01:00,app/src/sys/unix/net.c
Romain Vimont,2018-02-16 00:56:58+01:00,app/src/sys/win/net.c
Romain Vimont,2018-02-16 00:57:47+01:00,app/src/device.c
Romain Vimont,2018-02-16 00:57:48+01:00,app/src/decoder.c
Romain Vimont,2018-02-16 00:57:48+01:00,app/src/screen.c
Romain Vimont,2018-02-16 00:57:48+01:00,app/src/controller.c
Romain Vimont,2018-02-16 00:57:48+01:00,app/src/device.c
Romain Vimont,2018-02-16 00:57:48+01:00,app/src/net.c
Romain Vimont,2018-02-16 00:57:48+01:00,app/src/net.h
Romain Vimont,2018-02-16 11:47:42+01:00,app/src/net.c
Romain Vimont,2018-02-16 11:47:42+01:00,app/src/net.h
Romain Vimont,2018-02-16 11:47:42+01:00,app/src/scrcpy.c
Romain Vimont,2018-02-16 11:47:42+01:00,app/src/server.c
Romain Vimont,2018-02-16 11:47:42+01:00,server/src/main/java/com/genymobile/scrcpy/ScrCpyServer.java
Romain Vimont,2018-02-16 14:13:13+01:00,server/src/main/java/com/genymobile/scrcpy/ControlEventReader.java
Romain Vimont,2018-02-16 14:13:13+01:00,server/src/main/java/com/genymobile/scrcpy/ScrCpyServer.java
Romain Vimont,2018-02-16 15:03:50+01:00,app/src/net.c
Romain Vimont,2018-02-16 15:03:50+01:00,app/src/net.h
Romain Vimont,2018-02-16 15:03:50+01:00,app/src/server.c
Romain Vimont,2018-02-16 15:03:50+01:00,app/src/sys/unix/net.c
Romain Vimont,2018-02-16 15:03:50+01:00,app/src/sys/win/net.c
Romain Vimont,2018-02-16 15:36:25+01:00,app/src/net.c
Romain Vimont,2018-02-16 15:36:25+01:00,Makefile
Romain Vimont,2018-02-16 15:36:25+01:00,app/meson.build
Romain Vimont,2018-02-16 15:36:25+01:00,app/src/server.c
Romain Vimont,2018-02-16 15:36:25+01:00,meson_options.txt
Romain Vimont,2018-02-16 15:36:25+01:00,run
Romain Vimont,2018-02-16 15:36:25+01:00,scripts/run-scrcpy.sh
Romain Vimont,2018-02-16 15:36:25+01:00,Makefile
Romain Vimont,2018-02-28 14:57:18+01:00,app/src/server.c
Romain Vimont,2018-02-28 14:57:18+01:00,server/src/main/java/com/genymobile/scrcpy/Server.java
Romain Vimont,2018-02-28 15:05:49+01:00,app/src/command.c
Romain Vimont,2018-02-28 15:27:45+01:00,app/src/command.c
Romain Vimont,2018-02-28 15:27:45+01:00,app/src/command.h
Romain Vimont,2018-02-28 15:27:45+01:00,app/src/server.c
Romain Vimont,2018-02-28 15:27:45+01:00,app/src/server.h
Romain Vimont,2018-02-28 15:40:52+01:00,server/src/main/java/com/genymobile/scrcpy/ScreenEncoder.java
Romain Vimont,2018-02-28 16:56:20+01:00,app/src/server.c
Romain Vimont,2018-02-28 17:02:15+01:00,LICENSE
Romain Vimont,2018-03-07 18:04:38+01:00,README.md
Romain Vimont,2018-03-07 18:04:38+01:00,assets/screenshot-debian-600.jpg
Romain Vimont,2018-03-07 18:04:38+01:00,app/src/screen.c
Romain Vimont,2018-03-07 18:04:38+01:00,server/src/main/java/com/genymobile/scrcpy/ScreenEncoder.java
Romain Vimont,2018-03-07 18:04:38+01:00,README.md
Romain Vimont,2018-03-07 18:04:38+01:00,app/meson.build
Romain Vimont,2018-03-07 18:04:38+01:00,server/src/main/java/com/genymobile/scrcpy/ScreenEncoder.java
Romain Vimont,2018-03-07 18:04:38+01:00,app/src/server.c
Romain Vimont,2018-03-07 18:04:39+01:00,app/src/inputmanager.c
Romain Vimont,2018-03-07 18:04:39+01:00,app/src/server.c
Romain Vimont,2018-03-07 18:06:43+01:00,app/src/screen.c
Romain Vimont,2018-03-07 18:07:01+01:00,app/src/decoder.c
Romain Vimont,2018-03-07 18:07:01+01:00,app/src/decoder.c
Romain Vimont,2018-03-07 18:07:02+01:00,app/src/inputmanager.c
Romain Vimont,2018-03-07 18:07:02+01:00,server/src/main/java/com/genymobile/scrcpy/KeyComposition.java
Romain Vimont,2018-03-07 18:07:02+01:00,app/src/decoder.c
Romain Vimont,2018-03-07 18:07:02+01:00,app/meson.build
Romain Vimont,2018-03-07 18:07:02+01:00,app/src/screen.c
Romain Vimont,2018-03-07 18:07:02+01:00,meson_options.txt
Romain Vimont,2018-03-07 18:07:02+01:00,app/src/inputmanager.c
Romain Vimont,2018-03-07 18:07:02+01:00,README.md
Romain Vimont,2018-03-07 18:07:02+01:00,app/src/controlevent.c
Romain Vimont,2018-03-07 18:07:02+01:00,app/src/controlevent.h
Romain Vimont,2018-03-07 18:07:02+01:00,app/src/controller.c
Romain Vimont,2018-03-07 18:07:02+01:00,app/src/inputmanager.c
Romain Vimont,2018-03-07 18:07:02+01:00,app/src/main.c
Romain Vimont,2018-03-07 18:07:02+01:00,server/src/main/java/com/genymobile/scrcpy/ControlEventReader.java
Romain Vimont,2018-03-07 18:07:02+01:00,server/src/main/java/com/genymobile/scrcpy/EventController.java
Romain Vimont,2018-03-08 09:21:06+01:00,app/meson.build
Romain Vimont,2018-03-08 10:27:40+01:00,DEVELOP.md
Romain Vimont,2018-03-08 10:27:40+01:00,README.md
Romain Vimont,2018-03-08 11:34:54+01:00,README.md
Romain Vimont,2018-03-08 12:31:26+01:00,README.md
Romain Vimont,2018-03-08 14:53:18+01:00,README.md
Romain Vimont,2018-03-08 20:46:02+01:00,app/src/decoder.c
Romain Vimont,2018-03-08 21:36:04+01:00,app/src/decoder.c
Romain Vimont,2018-03-09 22:30:10+01:00,app/src/controlevent.c
Romain Vimont,2018-03-09 22:30:10+01:00,app/src/controlevent.h
Romain Vimont,2018-03-09 22:30:10+01:00,app/tests/test_control_event_serialize.c
Romain Vimont,2018-03-09 22:30:10+01:00,server/src/main/java/com/genymobile/scrcpy/ControlEventReader.java
Romain Vimont,2018-03-09 22:30:10+01:00,server/src/test/java/com/genymobile/scrcpy/ControlEventReaderTest.java
Romain Vimont,2018-03-10 00:16:29+01:00,README.md
Romain Vimont,2018-03-10 00:16:29+01:00,app/src/controlevent.h
Romain Vimont,2018-03-10 00:16:29+01:00,app/src/inputmanager.c
Romain Vimont,2018-03-10 00:16:29+01:00,server/src/main/java/com/genymobile/scrcpy/ControlEvent.java
Romain Vimont,2018-03-10 00:16:29+01:00,server/src/main/java/com/genymobile/scrcpy/EventController.java
Romain Vimont,2018-03-10 00:44:19+01:00,README.md
Romain Vimont,2018-03-10 00:44:19+01:00,app/src/inputmanager.c
Romain Vimont,2018-03-10 00:44:19+01:00,app/src/main.c
Siddharth Dushantha,2018-03-10 09:12:47+01:00,README.md
Siddharth Dushantha,2018-03-10 15:34:59+01:00,README.md
Romain Vimont,2018-03-10 16:24:03+01:00,README.md
Romain Vimont,2018-03-11 10:40:46+01:00,FAQ.md
Romain Vimont,2018-03-11 10:40:46+01:00,README.md
Romain Vimont,2018-03-11 14:09:25+01:00,server/src/main/java/com/genymobile/scrcpy/Device.java
Romain Vimont,2018-03-11 14:11:43+01:00,server/src/main/java/com/genymobile/scrcpy/EventController.java
Romain Vimont,2018-03-11 22:05:41+01:00,README.md
Michael Gangolf,2018-03-11 22:06:15+01:00,README.md
Romain Vimont,2018-03-11 22:06:15+01:00,README.md
Romain Vimont,2018-03-12 09:37:46+01:00,app/src/convert.c
Romain Vimont,2018-03-12 14:10:12+01:00,app/src/screen.c
Romain Vimont,2018-03-12 14:10:32+01:00,app/src/scrcpy.c
Romain Vimont,2018-03-12 14:10:32+01:00,app/src/server.c
Romain Vimont,2018-03-12 14:10:32+01:00,app/src/server.h
Romain Vimont,2018-03-12 14:10:32+01:00,app/src/command.c
Romain Vimont,2018-03-12 14:10:32+01:00,app/src/command.h
Romain Vimont,2018-03-12 14:10:32+01:00,app/src/net.c
Romain Vimont,2018-03-12 14:10:32+01:00,app/src/net.h
Romain Vimont,2018-03-12 14:10:32+01:00,app/src/server.c
Romain Vimont,2018-03-12 14:10:32+01:00,app/src/server.h
Romain Vimont,2018-03-12 14:10:32+01:00,server/src/main/java/com/genymobile/scrcpy/DesktopConnection.java
Romain Vimont,2018-03-12 14:10:32+01:00,server/src/main/java/com/genymobile/scrcpy/Options.java
Romain Vimont,2018-03-12 14:10:32+01:00,server/src/main/java/com/genymobile/scrcpy/Server.java
Romain Vimont,2018-03-12 16:00:12+01:00,README.md
Romain Vimont,2018-03-13 08:37:46+01:00,README.md
Romain Vimont,2018-03-13 08:37:46+01:00,app/src/inputmanager.c
Romain Vimont,2018-03-13 08:37:46+01:00,app/src/main.c
Romain Vimont,2018-03-13 10:20:09+01:00,app/src/main.c
Romain Vimont,2018-03-13 22:48:04+01:00,app/src/scrcpy.c
Romain Vimont,2018-03-14 09:28:25+01:00,server/src/main/java/com/genymobile/scrcpy/DesktopConnection.java
Romain Vimont,2018-03-14 09:32:05+01:00,app/src/scrcpy.c
Romain Vimont,2018-03-14 09:34:00+01:00,app/meson.build
Romain Vimont,2018-03-14 09:34:00+01:00,server/build.gradle
Romain Vimont,2018-03-14 09:53:55+01:00,README.md
Romain Vimont,2018-03-14 09:56:36+01:00,FAQ.md
Romain Vimont,2018-03-14 18:03:34+01:00,README.md
Romain Vimont,2018-03-15 09:29:14+01:00,FAQ.md
Romain Vimont,2018-03-15 16:00:40+01:00,app/src/scrcpy.c
Romain Vimont,2018-03-15 16:14:40+01:00,app/src/inputmanager.c
Romain Vimont,2018-03-15 16:30:51+01:00,app/src/convert.c
Romain Vimont,2018-03-16 08:58:59+01:00,app/src/command.h
Romain Vimont,2018-03-16 08:58:59+01:00,app/src/net.h
Romain Vimont,2018-03-16 14:59:08+01:00,app/src/server.c
Romain Vimont,2018-03-18 12:10:06+01:00,README.md
Romain Vimont,2018-03-20 21:32:41+01:00,app/meson.build
Romain Vimont,2018-03-20 21:32:41+01:00,app/src/sys/unix/command.c
Romain Vimont,2018-03-20 21:32:41+01:00,app/src/sys/unix/net.c
Romain Vimont,2018-03-20 21:32:41+01:00,app/src/sys/win/command.c
Romain Vimont,2018-03-20 21:32:41+01:00,app/src/sys/win/net.c
Romain Vimont,2018-03-21 11:14:15+01:00,app/src/main.c
Romain Vimont,2018-03-21 21:43:12+01:00,app/src/scrcpy.c
Romain Vimont,2018-03-21 21:43:12+01:00,app/src/server.c
Romain Vimont,2018-03-21 21:43:12+01:00,app/src/server.h
Andy Rich,2018-03-22 16:15:24-07:00,README.md
Andy Rich,2018-03-22 16:15:24-07:00,app/src/inputmanager.c
Andy Rich,2018-03-22 16:15:24-07:00,app/src/main.c
Romain Vimont,2018-03-23 09:57:45+01:00,FAQ.md
Romain Vimont,2018-03-23 10:07:48+01:00,app/src/inputmanager.c
Romain Vimont,2018-03-23 10:10:24+01:00,README.md
Romain Vimont,2018-03-23 10:10:24+01:00,app/src/inputmanager.c
Romain Vimont,2018-03-23 10:10:24+01:00,app/src/main.c
Romain Vimont,2018-03-23 10:55:52+01:00,README.md
Romain Vimont,2018-03-23 13:57:32+01:00,app/src/decoder.c
Romain Vimont,2018-03-23 14:01:58+01:00,app/src/decoder.c
Owen Campbell,2018-03-24 00:55:05-07:00,README.md
Owen Campbell,2018-03-24 01:09:41-07:00,README.md
Pierre Gordon,2018-03-24 23:15:14-05:00,README.md
Sean,2018-03-25 17:51:29+08:00,README.md
Viktor Oreshkin,2018-03-25 14:29:22+02:00,README.md
Romain Vimont,2018-03-25 15:16:29+02:00,app/src/main.c
Romain Vimont,2018-03-25 15:16:29+02:00,app/src/scrcpy.c
Romain Vimont,2018-03-25 15:16:29+02:00,app/src/scrcpy.h
Romain Vimont,2018-03-25 15:43:27+02:00,README.md
Romain Vimont,2018-03-25 15:43:27+02:00,app/src/command.c
Romain Vimont,2018-03-25 15:43:27+02:00,app/src/common.h
Romain Vimont,2018-03-25 15:43:27+02:00,app/src/main.c
Romain Vimont,2018-03-25 15:43:27+02:00,app/src/scrcpy.c
Romain Vimont,2018-03-25 15:43:27+02:00,app/src/scrcpy.h
Romain Vimont,2018-03-25 16:03:02+02:00,app/src/scrcpy.c
Romain Vimont,2018-03-25 16:39:36+02:00,app/src/scrcpy.c
Romain Vimont,2018-03-26 14:49:10+02:00,app/src/inputmanager.c
Romain Vimont,2018-03-27 11:01:40+02:00,app/src/screen.c
Romain Vimont,2018-03-28 11:08:01+02:00,Makefile
Romain Vimont,2018-03-28 14:14:56+02:00,README.md
Romain Vimont,2018-03-28 22:05:34+02:00,server/src/test/java/com/genymobile/scrcpy/ControlEventReaderTest.java
Romain Vimont,2018-03-31 11:07:25+02:00,README.md
Romain Vimont,2018-04-03 14:25:11+02:00,README.md
Romain Vimont,2018-04-03 14:25:11+02:00,app/src/inputmanager.c
Romain Vimont,2018-04-03 14:25:11+02:00,app/src/main.c
Romain Vimont,2018-04-04 10:50:07+02:00,app/src/net.c
Romain Vimont,2018-04-04 10:50:07+02:00,app/src/net.h
Romain Vimont,2018-04-04 10:50:12+02:00,app/src/net.c
Romain Vimont,2018-04-05 02:03:26+02:00,FAQ.md
Romain Vimont,2018-04-08 12:40:05+02:00,app/src/convert.c
Romain Vimont,2018-05-13 15:33:13+02:00,app/src/controlevent.c
Romain Vimont,2018-05-13 15:33:13+02:00,app/src/server.c
Romain Vimont,2018-05-13 15:33:13+02:00,app/tests/test_control_event_queue.c
Romain Vimont,2018-05-13 15:33:13+02:00,app/tests/test_control_event_serialize.c
Romain Vimont,2018-05-26 14:20:05+02:00,app/src/server.c
Romain Vimont,2018-05-26 15:14:46+02:00,app/src/controller.c
Romain Vimont,2018-05-28 20:21:50+02:00,app/src/scrcpy.c
Romain Vimont,2018-05-28 20:21:56+02:00,app/src/net.c
Adonis Najimi,2018-05-28 20:45:54+02:00,app/meson.build
Adonis Najimi,2018-05-28 20:45:54+02:00,app/src/command.c
Adonis Najimi,2018-05-28 20:45:54+02:00,app/src/command.h
Adonis Najimi,2018-05-28 20:45:54+02:00,app/src/installer.c
Adonis Najimi,2018-05-28 20:45:54+02:00,app/src/installer.h
Adonis Najimi,2018-05-28 20:45:54+02:00,app/src/scrcpy.c
Romain Vimont,2018-05-28 20:45:54+02:00,app/src/command.c
Romain Vimont,2018-05-28 20:45:54+02:00,README.md
Romain Vimont,2018-05-28 20:45:54+02:00,app/src/main.c
Romain Vimont,2018-05-28 20:45:54+02:00,README.md
Romain Vimont,2018-05-28 20:45:54+02:00,README.md
Romain Vimont,2018-05-28 20:45:54+02:00,Makefile
Romain Vimont,2018-05-28 20:45:54+02:00,Makefile.CrossWindows
Romain Vimont,2018-05-28 20:45:54+02:00,app/meson.build
Romain Vimont,2018-05-28 20:45:54+02:00,cross_win32.txt
Romain Vimont,2018-05-28 20:45:54+02:00,cross_win64.txt
Romain Vimont,2018-05-28 20:45:54+02:00,prebuilt-deps/.gitignore
Romain Vimont,2018-05-28 20:45:54+02:00,prebuilt-deps/Makefile
Romain Vimont,2018-05-28 20:45:54+02:00,prebuilt-deps/prepare-dep
Romain Vimont,2018-05-28 20:45:54+02:00,Makefile.CrossWindows
Romain Vimont,2018-05-28 20:45:54+02:00,app/meson.build
Romain Vimont,2018-05-28 20:45:54+02:00,meson_options.txt
Romain Vimont,2018-05-28 20:45:54+02:00,FAQ.md
Romain Vimont,2018-05-28 20:45:54+02:00,README.md
Romain Vimont,2018-05-28 22:28:20+02:00,app/meson.build
Romain Vimont,2018-05-28 22:28:20+02:00,app/src/sys/win/command.c
Romain Vimont,2018-05-28 22:32:14+02:00,Makefile.CrossWindows
Romain Vimont,2018-05-28 22:32:14+02:00,app/meson.build
Romain Vimont,2018-05-28 22:32:14+02:00,server/build.gradle
Romain Vimont,2018-05-28 22:52:52+02:00,README.md
Romain Vimont,2018-06-05 20:33:37+02:00,build.gradle
Romain Vimont,2018-06-05 20:33:37+02:00,gradle/wrapper/gradle-wrapper.properties
Romain Vimont,2018-06-05 20:42:35+02:00,Makefile.CrossWindows
Romain Vimont,2018-06-05 20:45:41+02:00,Makefile.CrossWindows
Romain Vimont,2018-06-05 20:45:41+02:00,app/meson.build
Romain Vimont,2018-06-05 20:45:41+02:00,meson_options.txt
zack,2018-06-08 12:21:04+08:00,meson.build
Romain Vimont,2018-06-22 18:35:58+02:00,app/src/installer.c
Romain Vimont,2018-06-22 19:56:58+02:00,app/src/sys/unix/command.c
Romain Vimont,2018-06-24 20:46:14+02:00,app/src/inputmanager.c
Romain Vimont,2018-06-24 21:50:53+02:00,app/src/inputmanager.c
Romain Vimont,2018-06-24 21:51:54+02:00,app/src/inputmanager.c
Romain Vimont,2018-07-16 17:13:36+02:00,README.md
Romain Vimont,2018-08-09 18:18:22+02:00,app/src/main.c
Romain Vimont,2018-08-09 18:22:42+02:00,app/src/server.c
Romain Vimont,2018-08-09 18:22:52+02:00,server/src/main/java/com/genymobile/scrcpy/Device.java
Romain Vimont,2018-08-09 18:23:38+02:00,server/src/main/java/com/genymobile/scrcpy/Device.java
Romain Vimont,2018-08-09 19:12:27+02:00,README.md
Romain Vimont,2018-08-09 19:12:27+02:00,app/src/main.c
Romain Vimont,2018-08-09 19:12:27+02:00,app/src/scrcpy.c
Romain Vimont,2018-08-09 19:12:27+02:00,app/src/scrcpy.h
Romain Vimont,2018-08-09 19:12:27+02:00,app/src/server.c
Romain Vimont,2018-08-09 19:12:27+02:00,app/src/server.h
Romain Vimont,2018-08-09 19:12:27+02:00,server/src/main/java/com/genymobile/scrcpy/Device.java
Romain Vimont,2018-08-09 19:12:27+02:00,server/src/main/java/com/genymobile/scrcpy/Options.java
Romain Vimont,2018-08-09 19:12:27+02:00,server/src/main/java/com/genymobile/scrcpy/ScreenEncoder.java
Romain Vimont,2018-08-09 19:12:27+02:00,server/src/main/java/com/genymobile/scrcpy/ScreenInfo.java
Romain Vimont,2018-08-09 19:12:27+02:00,server/src/main/java/com/genymobile/scrcpy/Server.java
Romain Vimont,2018-08-09 19:14:17+02:00,app/meson.build
Romain Vimont,2018-08-09 19:14:17+02:00,server/build.gradle
Romain Vimont,2018-08-09 19:26:31+02:00,README.md
npes87184,2018-08-11 21:16:36+08:00,app/src/inputmanager.c
npes87184,2018-08-12 14:57:36+02:00,app/src/installer.c
Romain Vimont,2018-08-12 15:21:30+02:00,meson.build
Romain Vimont,2018-08-12 15:35:25+02:00,app/src/tinyxpm.c
Romain Vimont,2018-08-12 15:35:29+02:00,app/src/android/input.h
Grief,2018-08-15 14:20:45+02:00,app/src/scrcpy.c
Romain Vimont,2018-08-15 17:10:07+02:00,app/src/installer.c
npes87184,2018-08-15 17:11:41+02:00,app/meson.build
npes87184,2018-08-15 17:11:41+02:00,app/src/file_handler.c
npes87184,2018-08-15 17:11:41+02:00,app/src/file_handler.h
npes87184,2018-08-15 17:11:41+02:00,app/src/installer.c
npes87184,2018-08-15 17:11:41+02:00,app/src/installer.h
npes87184,2018-08-15 17:11:41+02:00,app/src/scrcpy.c
npes87184,2018-08-15 17:12:10+02:00,app/src/device.h
npes87184,2018-08-15 17:12:10+02:00,app/src/file_handler.c
npes87184,2018-08-15 17:12:10+02:00,app/src/file_handler.h
npes87184,2018-08-15 17:12:10+02:00,app/src/scrcpy.c
Romain Vimont,2018-08-15 17:19:32+02:00,app/src/controller.c
Romain Vimont,2018-08-15 17:19:32+02:00,app/src/file_handler.c
Romain Vimont,2018-08-15 17:19:32+02:00,app/src/controller.c
Romain Vimont,2018-08-15 17:19:32+02:00,app/src/file_handler.c
Romain Vimont,2018-08-15 17:19:32+02:00,app/src/file_handler.c
Romain Vimont,2018-08-15 17:19:32+02:00,README.md
Romain Vimont,2018-08-15 19:30:01+02:00,app/meson.build
Romain Vimont,2018-08-15 19:30:01+02:00,app/src/control_event.c
Romain Vimont,2018-08-15 19:30:01+02:00,app/src/control_event.h
Romain Vimont,2018-08-15 19:30:01+02:00,app/src/controller.c
Romain Vimont,2018-08-15 19:30:01+02:00,app/src/controller.h
Romain Vimont,2018-08-15 19:30:01+02:00,app/src/convert.h
Romain Vimont,2018-08-15 19:30:01+02:00,app/src/decoder.c
Romain Vimont,2018-08-15 19:30:01+02:00,app/src/file_handler.c
Romain Vimont,2018-08-15 19:30:01+02:00,app/src/fps_counter.c
Romain Vimont,2018-08-15 19:30:01+02:00,app/src/fps_counter.h
Romain Vimont,2018-08-15 19:30:01+02:00,app/src/frames.c
Romain Vimont,2018-08-15 19:30:01+02:00,app/src/frames.h
Romain Vimont,2018-08-15 19:30:01+02:00,app/src/input_manager.c
Romain Vimont,2018-08-15 19:30:01+02:00,app/src/input_manager.h
Romain Vimont,2018-08-15 19:30:01+02:00,app/src/lock_util.c
Romain Vimont,2018-08-15 19:30:01+02:00,app/src/lock_util.h
Romain Vimont,2018-08-15 19:30:01+02:00,app/src/scrcpy.c
Romain Vimont,2018-08-15 19:30:01+02:00,app/src/screen.c
Romain Vimont,2018-08-15 19:30:01+02:00,app/src/str_util.c
Romain Vimont,2018-08-15 19:30:01+02:00,app/src/str_util.h
Romain Vimont,2018-08-15 19:30:01+02:00,app/src/sys/win/command.c
Romain Vimont,2018-08-15 19:30:01+02:00,app/src/tiny_xpm.c
Romain Vimont,2018-08-15 19:30:01+02:00,app/src/tiny_xpm.h
Romain Vimont,2018-08-15 19:30:01+02:00,app/tests/test_control_event_queue.c
Romain Vimont,2018-08-15 19:30:01+02:00,app/tests/test_control_event_serialize.c
Romain Vimont,2018-08-15 19:30:01+02:00,app/tests/test_strutil.c
Romain Vimont,2018-08-15 19:30:02+02:00,app/src/lock_util.c
Romain Vimont,2018-08-15 19:30:02+02:00,prebuilt-deps/Makefile
Romain Vimont,2018-08-15 19:30:02+02:00,Makefile.CrossWindows
Romain Vimont,2018-08-15 19:30:02+02:00,cross_win32.txt
Romain Vimont,2018-08-15 19:30:02+02:00,cross_win64.txt
Romain Vimont,2018-08-15 19:30:02+02:00,prebuilt-deps/Makefile
Romain Vimont,2018-08-17 17:57:08+02:00,BUILD.md
Romain Vimont,2018-08-17 17:57:08+02:00,README.md
Romain Vimont,2018-08-17 19:51:25+02:00,README.md
Romain Vimont,2018-08-20 15:00:01+02:00,FAQ.md
yuchenlin,2018-09-04 08:46:17+02:00,app/src/command.c
yuchenlin,2018-09-04 08:46:17+02:00,app/src/command.h
yuchenlin,2018-09-04 08:46:17+02:00,app/src/sys/unix/command.c
yuchenlin,2018-09-04 08:46:17+02:00,app/src/sys/win/command.c
Romain Vimont,2018-09-04 08:57:07+02:00,app/src/command.c
Romain Vimont,2018-09-04 08:57:07+02:00,app/src/command.h
Romain Vimont,2018-09-04 08:57:07+02:00,app/src/sys/unix/command.c
Romain Vimont,2018-09-04 08:57:07+02:00,app/src/sys/win/command.c
Philipp Sandhaus,2018-09-04 18:51:32+02:00,app/src/main.c
Philipp Sandhaus,2018-09-04 18:51:32+02:00,app/src/scrcpy.c
Philipp Sandhaus,2018-09-04 18:51:32+02:00,app/src/scrcpy.h
Romain Vimont,2018-09-04 18:51:35+02:00,README.md
Romain Vimont,2018-09-09 15:05:06+02:00,server/src/main/java/com/genymobile/scrcpy/DesktopConnection.java
Romain Vimont,2018-09-09 15:05:06+02:00,server/src/main/java/com/genymobile/scrcpy/IO.java
Romain Vimont,2018-09-09 15:05:06+02:00,server/src/main/java/com/genymobile/scrcpy/ScreenEncoder.java
Romain Vimont,2018-09-09 15:05:06+02:00,server/src/main/java/com/genymobile/scrcpy/Server.java
yuchenlin,2018-09-09 15:28:25+02:00,app/src/sys/win/command.c
Romain Vimont,2018-09-13 16:27:19+02:00,app/src/file_handler.h
yuchenlin,2018-09-14 20:34:59+08:00,app/src/main.c
Romain Vimont,2018-09-19 22:09:52+02:00,README.md
Romain Vimont,2018-10-03 22:07:09+02:00,app/src/convert.c
Romain Vimont,2018-10-03 22:07:09+02:00,app/src/input_manager.c
Romain Vimont,2018-10-03 23:03:27+02:00,app/meson.build
Romain Vimont,2018-10-03 23:03:27+02:00,server/build.gradle
Romain Vimont,2018-10-03 23:18:37+02:00,prebuilt-deps/Makefile
Romain Vimont,2018-10-04 00:13:28+02:00,BUILD.md
Romain Vimont,2018-10-04 00:13:28+02:00,README.md
Romain Vimont,2018-10-04 17:04:20+02:00,app/src/command.c
Romain Vimont,2018-10-04 17:04:20+02:00,app/tests/test_control_event_queue.c
Romain Vimont,2018-10-04 17:04:20+02:00,app/tests/test_control_event_serialize.c
Romain Vimont,2018-10-04 17:04:20+02:00,app/tests/test_strutil.c
Romain Vimont,2018-10-04 21:01:23+02:00,app/src/command.c
Romain Vimont,2018-10-04 21:01:23+02:00,app/src/str_util.c
Romain Vimont,2018-10-04 21:01:23+02:00,app/src/str_util.h
Romain Vimont,2018-10-09 08:43:17+02:00,server/src/main/java/com/genymobile/scrcpy/IO.java
Romain Vimont,2018-10-21 18:57:06+02:00,app/src/sys/win/command.c
Romain Vimont,2018-10-24 19:08:36+02:00,app/src/input_manager.c
yuchenlin,2018-10-27 20:07:22+08:00,app/src/input_manager.c
Romain Vimont,2018-11-01 16:19:07+01:00,app/src/input_manager.c
Romain Vimont,2018-11-01 16:19:07+01:00,README.md
Romain Vimont,2018-11-01 16:19:07+01:00,app/src/input_manager.c
Romain Vimont,2018-11-09 16:10:44+01:00,app/src/decoder.c
Romain Vimont,2018-11-10 16:16:08+01:00,app/src/sys/unix/command.c
Romain Vimont,2018-11-11 00:08:41+01:00,BUILD.md
Romain Vimont,2018-11-11 01:01:56+01:00,app/src/buffer_util.h
Romain Vimont,2018-11-11 01:01:56+01:00,app/src/control_event.c
Romain Vimont,2018-11-11 16:04:17+01:00,Makefile.CrossWindows
Romain Vimont,2018-11-11 16:04:17+01:00,prebuilt-deps/Makefile
Romain Vimont,2018-11-11 16:29:03+01:00,cross_win32.txt
Romain Vimont,2018-11-11 16:29:03+01:00,cross_win64.txt
Ivan Gorinov,2018-11-11 16:30:23+01:00,app/src/decoder.c
Ivan Gorinov,2018-11-11 16:30:23+01:00,app/src/decoder.h
Ivan Gorinov,2018-11-11 16:30:23+01:00,app/src/main.c
Ivan Gorinov,2018-11-11 16:30:23+01:00,app/src/scrcpy.c
Ivan Gorinov,2018-11-11 16:30:23+01:00,app/src/scrcpy.h
Ivan Gorinov,2018-11-11 16:30:23+01:00,gradle.properties
Ivan Gorinov,2018-11-11 16:30:23+01:00,server/src/main/java/com/genymobile/scrcpy/ScreenEncoder.java
Romain Vimont,2018-11-11 16:30:23+01:00,app/meson.build
Romain Vimont,2018-11-11 16:30:23+01:00,app/src/decoder.c
Romain Vimont,2018-11-11 16:30:23+01:00,app/src/decoder.h
Romain Vimont,2018-11-11 16:30:23+01:00,app/src/recorder.c
Romain Vimont,2018-11-11 16:30:23+01:00,app/src/recorder.h
Romain Vimont,2018-11-11 16:30:23+01:00,app/src/scrcpy.c
Romain Vimont,2018-11-11 21:37:26+01:00,app/src/decoder.c
Romain Vimont,2018-11-11 21:37:26+01:00,app/src/decoder.h
Romain Vimont,2018-11-11 21:37:26+01:00,server/src/main/java/com/genymobile/scrcpy/ScreenEncoder.java
Romain Vimont,2018-11-11 21:37:31+01:00,app/src/decoder.c
Romain Vimont,2018-11-11 21:37:31+01:00,app/src/decoder.c
Romain Vimont,2018-11-11 21:37:31+01:00,app/src/decoder.h
Romain Vimont,2018-11-11 21:37:31+01:00,app/src/decoder.c
Romain Vimont,2018-11-11 21:37:31+01:00,app/src/decoder.h
Romain Vimont,2018-11-11 21:37:31+01:00,server/src/main/java/com/genymobile/scrcpy/ScreenEncoder.java
Romain Vimont,2018-11-11 21:37:31+01:00,app/src/scrcpy.c
yuchenlin,2018-11-11 21:37:31+01:00,app/src/recorder.c
Romain Vimont,2018-11-11 21:37:31+01:00,app/src/recorder.c
Romain Vimont,2018-11-11 21:37:31+01:00,app/src/buffer_util.h
Romain Vimont,2018-11-11 21:37:31+01:00,app/src/decoder.c
Romain Vimont,2018-11-11 21:37:31+01:00,app/src/decoder.c
Romain Vimont,2018-11-11 21:37:31+01:00,app/src/decoder.c
Romain Vimont,2018-11-11 21:37:31+01:00,app/src/decoder.h
Romain Vimont,2018-11-11 21:37:31+01:00,app/src/main.c
Romain Vimont,2018-11-11 21:37:31+01:00,app/src/scrcpy.c
Romain Vimont,2018-11-11 21:37:31+01:00,app/src/scrcpy.h
Romain Vimont,2018-11-11 21:37:31+01:00,app/src/decoder.c
Romain Vimont,2018-11-11 21:37:31+01:00,app/src/scrcpy.c
Romain Vimont,2018-11-11 21:37:31+01:00,app/src/server.c
Romain Vimont,2018-11-11 21:37:31+01:00,app/src/server.h
Romain Vimont,2018-11-11 21:37:31+01:00,server/src/main/java/com/genymobile/scrcpy/Options.java
Romain Vimont,2018-11-11 21:37:31+01:00,server/src/main/java/com/genymobile/scrcpy/ScreenEncoder.java
Romain Vimont,2018-11-11 21:37:31+01:00,server/src/main/java/com/genymobile/scrcpy/Server.java
Romain Vimont,2018-11-11 21:37:31+01:00,app/src/decoder.c
Romain Vimont,2018-11-11 21:37:31+01:00,app/src/decoder.h
Romain Vimont,2018-11-11 21:37:31+01:00,app/src/decoder.c
Romain Vimont,2018-11-11 21:37:31+01:00,server/src/main/java/com/genymobile/scrcpy/ScreenEncoder.java
Romain Vimont,2018-11-11 21:40:05+01:00,README.md
Romain Vimont,2018-11-11 23:35:47+01:00,BUILD.md
Romain Vimont,2018-11-11 23:35:47+01:00,README.md
Pierre Gordon,2018-11-12 08:24:18+01:00,app/meson.build
Pierre Gordon,2018-11-12 08:24:18+01:00,server/build.gradle
Romain Vimont,2018-11-12 08:52:45+01:00,BUILD.md
Romain Vimont,2018-11-12 08:52:45+01:00,README.md
Romain Vimont,2018-11-12 14:10:21+01:00,app/meson.build
Romain Vimont,2018-11-12 14:10:21+01:00,app/src/main.c
Romain Vimont,2018-11-12 14:10:21+01:00,meson.build
Romain Vimont,2018-11-12 14:45:43+01:00,app/src/decoder.c
Romain Vimont,2018-11-13 20:39:18+01:00,README.md
Romain Vimont,2018-11-15 21:11:58+01:00,BUILD.md
Romain Vimont,2018-11-16 18:36:01+01:00,server/src/main/java/com/genymobile/scrcpy/Server.java
Romain Vimont,2018-11-16 18:39:41+01:00,app/src/server.c
Romain Vimont,2018-11-16 18:39:41+01:00,server/src/main/java/com/genymobile/scrcpy/Server.java
Romain Vimont,2018-11-18 21:31:57+01:00,app/src/input_manager.c
Romain Vimont,2018-11-19 09:43:05+01:00,BUILD.md
Romain Vimont,2018-11-25 11:29:27+01:00,README.md
Romain Vimont,2018-11-27 08:59:22+01:00,app/src/common.h
Romain Vimont,2018-11-27 08:59:22+01:00,app/src/control_event.c
Romain Vimont,2018-11-27 08:59:22+01:00,app/src/input_manager.c
Romain Vimont,2018-11-27 08:59:22+01:00,server/src/main/java/com/genymobile/scrcpy/ControlEventReader.java
Romain Vimont,2019-01-14 21:12:23+01:00,app/src/command.c
Romain Vimont,2019-01-14 21:12:23+01:00,app/src/command.h
Romain Vimont,2019-01-14 21:12:23+01:00,app/src/server.c
Romain Vimont,2019-01-14 21:12:23+01:00,app/src/server.h
Romain Vimont,2019-01-14 21:12:23+01:00,server/src/main/java/com/genymobile/scrcpy/Server.java
yuchenlin,2019-01-15 21:32:46+08:00,prebuilt-deps/prepare-dep
Romain Vimont,2019-01-16 14:21:18+01:00,FAQ.md
Romain Vimont,2019-01-16 14:21:18+01:00,server/src/main/java/com/genymobile/scrcpy/ScreenEncoder.java
Yu-Chen Lin,2019-01-18 20:21:25+08:00,app/src/input_manager.c
Romain Vimont,2019-01-18 23:17:31+01:00,app/src/screen.c
Romain Vimont,2019-01-19 18:14:05+01:00,Makefile.CrossWindows
Romain Vimont,2019-01-19 18:14:05+01:00,cross_win32.txt
Romain Vimont,2019-01-19 18:14:05+01:00,cross_win64.txt
Romain Vimont,2019-01-19 18:14:05+01:00,prebuilt-deps/Makefile
Romain Vimont,2019-01-20 21:35:42+01:00,meson.build
Romain Vimont,2019-01-20 21:35:42+01:00,server/build.gradle
Romain Vimont,2019-01-20 22:05:32+01:00,BUILD.md
Romain Vimont,2019-01-20 22:05:32+01:00,README.md
Romain Vimont,2019-01-22 09:38:51+01:00,app/src/control_event.c
Romain Vimont,2019-01-22 09:47:26+01:00,server/src/main/java/com/genymobile/scrcpy/ControlEventReader.java
Yu-Chen Lin,2019-01-26 20:09:32+08:00,app/tests/test_control_event_serialize.c
Romain Vimont,2019-01-26 15:31:14+01:00,Makefile.CrossWindows
Romain Vimont,2019-01-26 15:31:14+01:00,release.sh
Yu-Chen Lin,2019-01-27 20:54:24+08:00,README.md
Yu-Chen Lin,2019-01-27 20:54:24+08:00,app/src/main.c
Yu-Chen Lin,2019-01-27 20:54:24+08:00,app/src/scrcpy.c
Yu-Chen Lin,2019-01-27 20:54:24+08:00,app/src/scrcpy.h
Yu-Chen Lin,2019-01-27 20:54:24+08:00,app/src/screen.c
Yu-Chen Lin,2019-01-27 20:54:24+08:00,app/src/screen.h
Romain Vimont,2019-02-09 12:27:13+01:00,app/src/decoder.c
Romain Vimont,2019-02-09 12:27:13+01:00,app/src/log.h
Romain Vimont,2019-02-09 12:27:13+01:00,app/src/scrcpy.c
Romain Vimont,2019-02-09 15:50:24+01:00,app/src/recorder.c
Romain Vimont,2019-02-09 15:50:24+01:00,app/src/recorder.h
Romain Vimont,2019-02-09 15:51:18+01:00,app/src/recorder.c
Romain Vimont,2019-02-09 15:56:24+01:00,README.md
Romain Vimont,2019-02-09 15:56:24+01:00,app/src/main.c
Romain Vimont,2019-02-09 15:56:24+01:00,app/src/recorder.c
Romain Vimont,2019-02-09 15:56:24+01:00,app/src/recorder.h
Romain Vimont,2019-02-09 15:56:24+01:00,app/src/scrcpy.c
Romain Vimont,2019-02-09 15:56:24+01:00,app/src/scrcpy.h
Romain Vimont,2019-02-10 11:29:34+01:00,app/src/recorder.c
Romain Vimont,2019-02-10 13:08:28+01:00,app/src/str_util.c
Romain Vimont,2019-02-10 13:08:28+01:00,app/src/str_util.h
Romain Vimont,2019-02-10 13:08:28+01:00,app/src/sys/win/command.c
Romain Vimont,2019-02-10 14:33:59+01:00,app/src/command.h
Romain Vimont,2019-02-16 00:53:12+01:00,app/src/recorder.c
Romain Vimont,2019-02-16 00:53:19+01:00,meson.build
Romain Vimont,2019-02-16 00:53:19+01:00,server/build.gradle
Romain Vimont,2019-02-16 01:07:15+01:00,BUILD.md
Romain Vimont,2019-02-16 01:07:15+01:00,README.md
Romain Vimont,2019-02-16 15:28:56+01:00,app/src/compat.h
Romain Vimont,2019-02-16 15:28:56+01:00,app/src/decoder.c
Romain Vimont,2019-02-16 15:28:56+01:00,app/src/main.c
Romain Vimont,2019-02-16 15:28:56+01:00,app/src/recorder.c
Romain Vimont,2019-02-16 15:28:56+01:00,app/src/screen.c
Romain Vimont,2019-02-16 15:28:56+01:00,app/src/compat.h
Romain Vimont,2019-02-16 15:28:56+01:00,app/src/screen.c
Romain Vimont,2019-02-26 20:35:37+01:00,README.md
Romain Vimont,2019-02-26 20:35:37+01:00,app/src/control_event.h
Romain Vimont,2019-02-26 20:35:37+01:00,app/src/input_manager.c
Romain Vimont,2019-02-26 20:35:37+01:00,app/src/main.c
Romain Vimont,2019-02-26 20:35:37+01:00,server/src/main/java/com/genymobile/scrcpy/ControlEvent.java
Romain Vimont,2019-02-26 20:35:37+01:00,server/src/main/java/com/genymobile/scrcpy/Device.java
Romain Vimont,2019-02-26 20:35:37+01:00,server/src/main/java/com/genymobile/scrcpy/EventController.java
Romain Vimont,2019-02-26 20:35:37+01:00,server/src/main/java/com/genymobile/scrcpy/wrappers/ServiceManager.java
Romain Vimont,2019-02-26 20:35:37+01:00,server/src/main/java/com/genymobile/scrcpy/wrappers/StatusBarManager.java
Romain Vimont,2019-03-02 14:48:34+01:00,app/src/decoder.h
Romain Vimont,2019-03-02 15:24:33+01:00,app/meson.build
Romain Vimont,2019-03-02 15:24:33+01:00,app/src/decoder.c
Romain Vimont,2019-03-02 15:24:33+01:00,app/src/decoder.h
Romain Vimont,2019-03-02 15:24:33+01:00,app/src/frames.c
Romain Vimont,2019-03-02 15:24:33+01:00,app/src/input_manager.c
Romain Vimont,2019-03-02 15:24:33+01:00,app/src/input_manager.h
Romain Vimont,2019-03-02 15:24:33+01:00,app/src/scrcpy.c
Romain Vimont,2019-03-02 15:24:33+01:00,app/src/screen.c
Romain Vimont,2019-03-02 15:24:33+01:00,app/src/screen.h
Romain Vimont,2019-03-02 15:24:33+01:00,app/src/video_buffer.c
Romain Vimont,2019-03-02 15:24:33+01:00,app/src/video_buffer.h
Romain Vimont,2019-03-02 17:03:15+01:00,app/src/decoder.c
Romain Vimont,2019-03-02 17:03:15+01:00,app/src/video_buffer.c
Romain Vimont,2019-03-02 17:03:15+01:00,app/src/video_buffer.h
Romain Vimont,2019-03-02 17:03:15+01:00,app/src/decoder.c
Romain Vimont,2019-03-02 18:13:11+01:00,app/src/scrcpy.c
Romain Vimont,2019-03-02 18:21:20+01:00,app/src/scrcpy.c
Romain Vimont,2019-03-02 18:45:45+01:00,app/meson.build
Romain Vimont,2019-03-02 18:45:45+01:00,app/src/decoder.c
Romain Vimont,2019-03-02 18:45:45+01:00,app/src/decoder.h
Romain Vimont,2019-03-02 18:45:45+01:00,app/src/events.h
Romain Vimont,2019-03-02 18:45:45+01:00,app/src/scrcpy.c
Romain Vimont,2019-03-02 18:45:45+01:00,app/src/stream.c
Romain Vimont,2019-03-02 18:45:45+01:00,app/src/stream.h
CapsLock,2019-03-02 18:45:56+01:00,app/src/main.c
CapsLock,2019-03-02 18:45:56+01:00,app/src/scrcpy.h
CapsLock,2019-03-02 18:45:56+01:00,app/src/screen.h
Romain Vimont,2019-03-02 18:45:56+01:00,app/src/scrcpy.c
Romain Vimont,2019-03-02 18:45:56+01:00,README.md
Romain Vimont,2019-03-02 20:10:34+01:00,app/src/stream.c
Romain Vimont,2019-03-02 20:28:46+01:00,app/src/buffer_util.h
Romain Vimont,2019-03-02 20:28:46+01:00,app/src/command.c
Romain Vimont,2019-03-02 20:28:46+01:00,app/src/command.h
Romain Vimont,2019-03-02 20:28:46+01:00,app/src/common.h
Romain Vimont,2019-03-02 20:28:46+01:00,app/src/control_event.c
Romain Vimont,2019-03-02 20:28:46+01:00,app/src/control_event.h
Romain Vimont,2019-03-02 20:28:46+01:00,app/src/controller.c
Romain Vimont,2019-03-02 20:28:46+01:00,app/src/controller.h
Romain Vimont,2019-03-02 20:28:46+01:00,app/src/convert.c
Romain Vimont,2019-03-02 20:28:46+01:00,app/src/convert.h
Romain Vimont,2019-03-02 20:28:46+01:00,app/src/decoder.c
Romain Vimont,2019-03-02 20:28:46+01:00,app/src/decoder.h
Romain Vimont,2019-03-02 20:28:46+01:00,app/src/device.c
Romain Vimont,2019-03-02 20:28:46+01:00,app/src/device.h
Romain Vimont,2019-03-02 20:28:46+01:00,app/src/file_handler.c
Romain Vimont,2019-03-02 20:28:46+01:00,app/src/file_handler.h
Romain Vimont,2019-03-02 20:28:46+01:00,app/src/fps_counter.c
Romain Vimont,2019-03-02 20:28:46+01:00,app/src/fps_counter.h
Romain Vimont,2019-03-02 20:28:46+01:00,app/src/input_manager.c
Romain Vimont,2019-03-02 20:28:46+01:00,app/src/input_manager.h
Romain Vimont,2019-03-02 20:28:46+01:00,app/src/lock_util.c
Romain Vimont,2019-03-02 20:28:46+01:00,app/src/lock_util.h
Romain Vimont,2019-03-02 20:28:46+01:00,app/src/main.c
Romain Vimont,2019-03-02 20:28:46+01:00,app/src/net.c
Romain Vimont,2019-03-02 20:28:46+01:00,app/src/net.h
Romain Vimont,2019-03-02 20:28:46+01:00,app/src/recorder.c
Romain Vimont,2019-03-02 20:28:46+01:00,app/src/recorder.h
Romain Vimont,2019-03-02 20:28:46+01:00,app/src/scrcpy.c
Romain Vimont,2019-03-02 20:28:46+01:00,app/src/scrcpy.h
Romain Vimont,2019-03-02 20:28:46+01:00,app/src/screen.c
Romain Vimont,2019-03-02 20:28:46+01:00,app/src/screen.h
Romain Vimont,2019-03-02 20:28:46+01:00,app/src/server.c
Romain Vimont,2019-03-02 20:28:46+01:00,app/src/server.h
Romain Vimont,2019-03-02 20:28:46+01:00,app/src/str_util.c
Romain Vimont,2019-03-02 20:28:46+01:00,app/src/str_util.h
Romain Vimont,2019-03-02 20:28:46+01:00,app/src/stream.c
Romain Vimont,2019-03-02 20:28:46+01:00,app/src/stream.h
Romain Vimont,2019-03-02 20:28:46+01:00,app/src/sys/unix/command.c
Romain Vimont,2019-03-02 20:28:46+01:00,app/src/sys/unix/net.c
Romain Vimont,2019-03-02 20:28:46+01:00,app/src/sys/win/command.c
Romain Vimont,2019-03-02 20:28:46+01:00,app/src/sys/win/net.c
Romain Vimont,2019-03-02 20:28:46+01:00,app/src/tiny_xpm.c
Romain Vimont,2019-03-02 20:28:46+01:00,app/src/tiny_xpm.h
Romain Vimont,2019-03-02 20:28:46+01:00,app/src/video_buffer.c
Romain Vimont,2019-03-02 20:28:46+01:00,app/src/video_buffer.h
Romain Vimont,2019-03-02 21:51:07+01:00,app/src/scrcpy.c
Romain Vimont,2019-03-02 21:51:07+01:00,app/src/scrcpy.c
Romain Vimont,2019-03-02 22:42:28+01:00,app/src/main.c
Romain Vimont,2019-03-02 22:46:46+01:00,README.md
Romain Vimont,2019-03-02 22:46:46+01:00,app/src/main.c
Romain Vimont,2019-03-02 22:46:46+01:00,app/src/scrcpy.c
Romain Vimont,2019-03-02 22:46:46+01:00,app/src/scrcpy.h
Romain Vimont,2019-03-02 23:10:21+01:00,README.md
Romain Vimont,2019-03-02 23:10:21+01:00,app/src/input_manager.c
Romain Vimont,2019-03-02 23:10:21+01:00,app/src/input_manager.h
Romain Vimont,2019-03-02 23:10:21+01:00,app/src/main.c
Romain Vimont,2019-03-02 23:10:21+01:00,app/src/scrcpy.c
Romain Vimont,2019-03-02 23:10:21+01:00,app/src/scrcpy.h
Romain Vimont,2019-03-02 23:55:23+01:00,app/src/buffer_util.h
Romain Vimont,2019-03-02 23:55:23+01:00,app/src/command.c
Romain Vimont,2019-03-02 23:55:23+01:00,app/src/command.h
Romain Vimont,2019-03-02 23:55:23+01:00,app/src/common.h
Romain Vimont,2019-03-02 23:55:23+01:00,app/src/control_event.c
Romain Vimont,2019-03-02 23:55:23+01:00,app/src/control_event.h
Romain Vimont,2019-03-02 23:55:23+01:00,app/src/controller.c
Romain Vimont,2019-03-02 23:55:23+01:00,app/src/controller.h
Romain Vimont,2019-03-02 23:55:23+01:00,app/src/convert.c
Romain Vimont,2019-03-02 23:55:23+01:00,app/src/convert.h
Romain Vimont,2019-03-02 23:55:23+01:00,app/src/decoder.c
Romain Vimont,2019-03-02 23:55:23+01:00,app/src/decoder.h
Romain Vimont,2019-03-02 23:55:23+01:00,app/src/device.c
Romain Vimont,2019-03-02 23:55:23+01:00,app/src/device.h
Romain Vimont,2019-03-02 23:55:23+01:00,app/src/file_handler.c
Romain Vimont,2019-03-02 23:55:23+01:00,app/src/file_handler.h
Romain Vimont,2019-03-02 23:55:23+01:00,app/src/fps_counter.c
Romain Vimont,2019-03-02 23:55:23+01:00,app/src/fps_counter.h
Romain Vimont,2019-03-02 23:55:23+01:00,app/src/input_manager.c
Romain Vimont,2019-03-02 23:55:23+01:00,app/src/input_manager.h
Romain Vimont,2019-03-02 23:55:23+01:00,app/src/main.c
Romain Vimont,2019-03-02 23:55:23+01:00,app/src/net.c
Romain Vimont,2019-03-02 23:55:23+01:00,app/src/net.h
Romain Vimont,2019-03-02 23:55:23+01:00,app/src/recorder.c
Romain Vimont,2019-03-02 23:55:23+01:00,app/src/recorder.h
Romain Vimont,2019-03-02 23:55:23+01:00,app/src/scrcpy.c
Romain Vimont,2019-03-02 23:55:23+01:00,app/src/scrcpy.h
Romain Vimont,2019-03-02 23:55:23+01:00,app/src/screen.c
Romain Vimont,2019-03-02 23:55:23+01:00,app/src/screen.h
Romain Vimont,2019-03-02 23:55:23+01:00,app/src/server.c
Romain Vimont,2019-03-02 23:55:23+01:00,app/src/server.h
Romain Vimont,2019-03-02 23:55:23+01:00,app/src/stream.c
Romain Vimont,2019-03-02 23:55:23+01:00,app/src/stream.h
Romain Vimont,2019-03-02 23:55:23+01:00,app/src/sys/unix/command.c
Romain Vimont,2019-03-02 23:55:23+01:00,app/src/sys/unix/net.c
Romain Vimont,2019-03-02 23:55:23+01:00,app/src/sys/win/command.c
Romain Vimont,2019-03-02 23:55:23+01:00,app/src/sys/win/net.c
Romain Vimont,2019-03-02 23:55:23+01:00,app/src/tiny_xpm.c
Romain Vimont,2019-03-02 23:55:23+01:00,app/src/video_buffer.c
Romain Vimont,2019-03-02 23:55:23+01:00,app/src/video_buffer.h
Romain Vimont,2019-03-03 00:01:16+01:00,app/src/server.c
Romain Vimont,2019-03-03 00:01:16+01:00,app/src/server.h
Romain Vimont,2019-03-03 00:35:20+01:00,app/src/decoder.c
Romain Vimont,2019-03-03 00:35:20+01:00,app/src/video_buffer.c
Romain Vimont,2019-03-03 00:35:20+01:00,app/src/video_buffer.h
Romain Vimont,2019-03-03 01:41:35+01:00,app/src/scrcpy.c
Romain Vimont,2019-03-03 01:41:35+01:00,app/src/screen.c
Romain Vimont,2019-03-03 01:41:35+01:00,app/src/screen.h
Yu-Chen Lin,2019-03-03 12:27:56+08:00,server/meson.build
Romain Vimont,2019-03-03 11:05:26+01:00,app/src/input_manager.c
Romain Vimont,2019-03-03 11:05:26+01:00,app/src/input_manager.h
Romain Vimont,2019-03-03 11:05:26+01:00,app/src/scrcpy.c
Romain Vimont,2019-03-03 12:02:41+01:00,app/src/decoder.c
Romain Vimont,2019-03-03 12:02:41+01:00,app/src/decoder.h
Romain Vimont,2019-03-03 12:02:41+01:00,app/src/recorder.c
Romain Vimont,2019-03-03 12:02:41+01:00,app/src/recorder.h
Romain Vimont,2019-03-07 19:03:13+01:00,server/src/main/java/com/genymobile/scrcpy/ScreenEncoder.java
Romain Vimont,2019-03-07 20:18:03+01:00,app/src/screen.c
Romain Vimont,2019-03-07 20:21:07+01:00,meson.build
Romain Vimont,2019-03-07 20:21:07+01:00,server/build.gradle
Romain Vimont,2019-03-07 20:42:02+01:00,BUILD.md
Romain Vimont,2019-03-07 20:42:02+01:00,README.md
Romain Vimont,2019-03-07 20:42:08+01:00,README.md
Romain Vimont,2019-03-07 20:48:43+01:00,DEVELOP.md
Andrew Rabert,2019-03-10 23:19:09+01:00,README.md
Romain Vimont,2019-03-21 18:46:22+01:00,server/src/main/java/com/genymobile/scrcpy/ScreenEncoder.java
Romain Vimont,2019-03-25 11:33:32+01:00,app/tests/test_control_event_serialize.c
Romain Vimont,2019-03-27 21:47:54+01:00,server/src/main/java/com/genymobile/scrcpy/EventController.java
Romain Vimont,2019-03-27 21:47:54+01:00,server/src/main/java/com/genymobile/scrcpy/IO.java
Romain Vimont,2019-03-27 21:47:54+01:00,server/src/main/java/com/genymobile/scrcpy/ScreenEncoder.java
Romain Vimont,2019-03-27 21:47:54+01:00,server/src/main/java/com/genymobile/scrcpy/Server.java
Romain Vimont,2019-03-27 21:47:54+01:00,server/src/main/java/com/genymobile/scrcpy/wrappers/StatusBarManager.java
Romain Vimont,2019-03-27 21:50:25+01:00,release.sh
Romain Vimont,2019-03-27 21:51:42+01:00,release.sh
Gerdal,2019-03-31 20:07:07+02:00,app/src/main.c
Romain Vimont,2019-05-04 14:49:04+02:00,build.gradle
Romain Vimont,2019-05-04 14:49:04+02:00,gradle/wrapper/gradle-wrapper.properties
Romain Vimont,2019-05-04 14:49:04+02:00,server/src/main/java/com/genymobile/scrcpy/Ln.java
Romain Vimont,2019-05-04 14:49:48+02:00,server/src/main/java/com/genymobile/scrcpy/wrappers/StatusBarManager.java
Sebastian Krzyszkowiak,2019-05-05 17:28:25+02:00,app/src/scrcpy.c
Sebastian Krzyszkowiak,2019-05-05 17:35:00+02:00,app/src/compat.h
Sebastian Krzyszkowiak,2019-05-05 17:35:00+02:00,app/src/scrcpy.c
Romain Vimont,2019-05-12 14:31:18+02:00,app/src/command.c
Romain Vimont,2019-05-12 14:31:18+02:00,app/src/command.h
Romain Vimont,2019-05-12 15:16:13+02:00,app/src/command.c
Yu-Chen Lin,2019-05-20 08:36:32+02:00,server/src/main/java/com/genymobile/scrcpy/EventController.java
Romain Vimont,2019-05-20 08:40:10+02:00,server/src/main/java/com/genymobile/scrcpy/EventController.java
Romain Vimont,2019-05-20 09:44:45+02:00,app/src/tiny_xpm.c
Romain Vimont,2019-05-23 20:58:08+02:00,app/src/screen.c
Romain Vimont,2019-05-24 13:25:12+02:00,README.md
Romain Vimont,2019-05-24 17:23:21+02:00,app/src/file_handler.c
Romain Vimont,2019-05-24 17:23:21+02:00,app/src/server.c
Romain Vimont,2019-05-24 17:24:17+02:00,app/src/file_handler.c
Romain Vimont,2019-05-24 17:24:17+02:00,app/src/file_handler.h
Romain Vimont,2019-05-24 17:25:31+02:00,app/src/file_handler.c
Romain Vimont,2019-05-24 17:25:31+02:00,app/src/file_handler.h
Romain Vimont,2019-05-27 10:24:47+02:00,app/src/convert.c
Romain Vimont,2019-05-27 10:24:47+02:00,app/src/main.c
Romain Vimont,2019-05-30 00:22:05+02:00,server/src/main/java/com/genymobile/scrcpy/wrappers/StatusBarManager.java
Romain Vimont,2019-05-30 22:30:08+02:00,app/src/command.c
Romain Vimont,2019-05-30 22:30:08+02:00,app/src/str_util.c
Romain Vimont,2019-05-30 22:30:08+02:00,app/src/stream.c
Romain Vimont,2019-05-30 22:30:08+02:00,app/src/sys/win/command.c
Romain Vimont,2019-05-30 22:30:18+02:00,app/tests/test_control_event_queue.c
Romain Vimont,2019-05-30 22:30:18+02:00,app/meson.build
Romain Vimont,2019-05-30 22:30:18+02:00,app/src/scrcpy.c
Romain Vimont,2019-05-30 22:30:18+02:00,app/src/server.h
Romain Vimont,2019-05-30 22:30:18+02:00,app/src/control_event.c
Romain Vimont,2019-05-30 22:30:18+02:00,app/src/control_event.h
Romain Vimont,2019-05-30 22:30:18+02:00,app/src/control_event.h
Romain Vimont,2019-05-30 22:30:18+02:00,app/src/control_event.c
Romain Vimont,2019-05-30 22:30:18+02:00,app/src/control_event.h
Romain Vimont,2019-05-30 22:30:18+02:00,app/src/controller.c
Romain Vimont,2019-05-30 22:30:18+02:00,app/tests/test_control_event_serialize.c
Romain Vimont,2019-05-30 22:30:18+02:00,app/src/control_event.h
Romain Vimont,2019-05-30 22:30:18+02:00,app/src/file_handler.c
Romain Vimont,2019-05-30 22:30:18+02:00,app/src/control_event.c
Romain Vimont,2019-05-30 22:30:18+02:00,app/src/control_event.h
Romain Vimont,2019-05-30 22:30:18+02:00,app/src/buffer_util.h
Romain Vimont,2019-05-30 22:30:18+02:00,app/src/buffer_util.h
Romain Vimont,2019-05-30 22:30:18+02:00,app/meson.build
Romain Vimont,2019-05-30 22:30:18+02:00,app/src/cbuf.h
Romain Vimont,2019-05-30 22:30:18+02:00,app/tests/test_cbuf.c
Romain Vimont,2019-05-30 22:30:18+02:00,app/meson.build
Romain Vimont,2019-05-30 22:30:18+02:00,app/src/control_event.c
Romain Vimont,2019-05-30 22:30:18+02:00,app/src/control_event.h
Romain Vimont,2019-05-30 22:30:18+02:00,app/src/controller.c
Romain Vimont,2019-05-30 22:30:18+02:00,app/src/controller.h
Romain Vimont,2019-05-30 22:30:18+02:00,app/tests/test_control_event_queue.c
Romain Vimont,2019-05-30 22:30:18+02:00,app/src/file_handler.c
Romain Vimont,2019-05-30 22:30:18+02:00,app/src/file_handler.h
Romain Vimont,2019-05-30 22:30:18+02:00,app/tests/test_control_event_serialize.c
Romain Vimont,2019-05-30 22:30:18+02:00,app/src/scrcpy.c
Romain Vimont,2019-05-30 22:30:18+02:00,app/src/server.c
Romain Vimont,2019-05-30 22:30:18+02:00,app/src/server.h
Romain Vimont,2019-05-30 22:30:18+02:00,app/src/server.c
Romain Vimont,2019-05-30 22:30:18+02:00,app/src/server.c
Romain Vimont,2019-05-30 22:30:18+02:00,app/src/scrcpy.c
Romain Vimont,2019-05-30 22:30:18+02:00,app/src/server.c
Romain Vimont,2019-05-30 22:30:18+02:00,app/src/stream.c
Romain Vimont,2019-05-30 22:30:18+02:00,app/src/stream.h
Romain Vimont,2019-05-30 22:30:18+02:00,app/src/control_event.c
Romain Vimont,2019-05-30 22:30:18+02:00,app/src/control_event.h
Romain Vimont,2019-05-30 22:30:18+02:00,app/src/input_manager.c
Romain Vimont,2019-05-30 22:30:18+02:00,server/src/main/java/com/genymobile/scrcpy/ControlEvent.java
Romain Vimont,2019-05-30 22:30:18+02:00,server/src/main/java/com/genymobile/scrcpy/ControlEventReader.java
Romain Vimont,2019-05-30 22:30:18+02:00,server/src/main/java/com/genymobile/scrcpy/EventController.java
Romain Vimont,2019-05-30 22:30:18+02:00,server/src/main/java/com/genymobile/scrcpy/Device.java
Romain Vimont,2019-05-30 22:30:18+02:00,server/src/main/java/com/genymobile/scrcpy/EventController.java
Romain Vimont,2019-05-30 22:30:18+02:00,server/src/main/java/com/genymobile/scrcpy/Point.java
Romain Vimont,2019-05-30 22:30:18+02:00,server/src/main/java/com/genymobile/scrcpy/Position.java
Romain Vimont,2019-05-30 22:30:18+02:00,app/tests/test_control_event_serialize.c
Romain Vimont,2019-05-30 22:30:18+02:00,app/tests/test_control_event_serialize.c
Romain Vimont,2019-05-30 22:30:18+02:00,server/src/test/java/com/genymobile/scrcpy/ControlEventReaderTest.java
Romain Vimont,2019-05-30 22:30:18+02:00,app/meson.build
Romain Vimont,2019-05-30 22:30:18+02:00,app/src/str_util.c
Romain Vimont,2019-05-30 22:30:18+02:00,app/src/str_util.h
Romain Vimont,2019-05-30 22:30:18+02:00,app/tests/test_strutil.c
Romain Vimont,2019-05-30 22:30:18+02:00,server/src/main/java/com/genymobile/scrcpy/StringUtils.java
Romain Vimont,2019-05-30 22:30:18+02:00,server/src/test/java/com/genymobile/scrcpy/StringUtilsTest.java
Romain Vimont,2019-05-30 22:34:59+02:00,app/src/control_event.c
Romain Vimont,2019-05-30 22:35:04+02:00,app/src/control_event.c
Romain Vimont,2019-05-30 22:35:41+02:00,app/src/controller.c
Romain Vimont,2019-05-30 22:35:41+02:00,app/src/controller.h
Romain Vimont,2019-05-30 22:35:41+02:00,app/src/scrcpy.c
Romain Vimont,2019-05-30 22:35:41+02:00,app/src/server.c
Romain Vimont,2019-05-30 22:35:41+02:00,app/src/server.h
Romain Vimont,2019-05-30 22:35:41+02:00,server/src/main/java/com/genymobile/scrcpy/DesktopConnection.java
Romain Vimont,2019-05-30 22:35:41+02:00,server/src/main/java/com/genymobile/scrcpy/Server.java
Romain Vimont,2019-05-30 22:36:22+02:00,app/meson.build
Romain Vimont,2019-05-30 22:36:22+02:00,app/src/device_event.c
Romain Vimont,2019-05-30 22:36:22+02:00,app/src/device_event.h
Romain Vimont,2019-05-30 22:36:22+02:00,app/tests/test_device_event_deserialize.c
Romain Vimont,2019-05-30 22:36:22+02:00,server/src/main/java/com/genymobile/scrcpy/DeviceEvent.java
Romain Vimont,2019-05-30 22:46:52+02:00,app/meson.build
Romain Vimont,2019-05-30 22:46:52+02:00,app/src/controller.c
Romain Vimont,2019-05-30 22:46:52+02:00,app/src/controller.h
Romain Vimont,2019-05-30 22:46:52+02:00,app/src/receiver.c
Romain Vimont,2019-05-30 22:46:52+02:00,app/src/receiver.h
Romain Vimont,2019-05-30 22:46:52+02:00,server/src/main/java/com/genymobile/scrcpy/DesktopConnection.java
Romain Vimont,2019-05-30 22:46:52+02:00,server/src/main/java/com/genymobile/scrcpy/DeviceEventWriter.java
Romain Vimont,2019-05-30 22:46:52+02:00,server/src/main/java/com/genymobile/scrcpy/EventController.java
Romain Vimont,2019-05-30 22:46:52+02:00,server/src/main/java/com/genymobile/scrcpy/EventSender.java
Romain Vimont,2019-05-30 22:46:52+02:00,server/src/main/java/com/genymobile/scrcpy/Server.java
Romain Vimont,2019-05-30 22:46:52+02:00,README.md
Romain Vimont,2019-05-30 22:46:52+02:00,app/src/control_event.c
Romain Vimont,2019-05-30 22:46:52+02:00,app/src/control_event.h
Romain Vimont,2019-05-30 22:46:52+02:00,app/src/input_manager.c
Romain Vimont,2019-05-30 22:46:52+02:00,app/src/main.c
Romain Vimont,2019-05-30 22:46:52+02:00,app/tests/test_control_event_serialize.c
Romain Vimont,2019-05-30 22:46:52+02:00,server/src/main/java/com/genymobile/scrcpy/ControlEvent.java
Romain Vimont,2019-05-30 22:46:52+02:00,server/src/main/java/com/genymobile/scrcpy/ControlEventReader.java
Romain Vimont,2019-05-30 22:46:52+02:00,server/src/main/java/com/genymobile/scrcpy/Device.java
Romain Vimont,2019-05-30 22:46:52+02:00,server/src/main/java/com/genymobile/scrcpy/EventController.java
Romain Vimont,2019-05-30 22:46:52+02:00,server/src/main/java/com/genymobile/scrcpy/wrappers/ClipboardManager.java
Romain Vimont,2019-05-30 22:46:52+02:00,server/src/main/java/com/genymobile/scrcpy/wrappers/ServiceManager.java
Romain Vimont,2019-05-30 22:46:52+02:00,server/src/test/java/com/genymobile/scrcpy/ControlEventReaderTest.java
Romain Vimont,2019-05-30 22:46:52+02:00,server/src/main/java/com/genymobile/scrcpy/ControlEventReader.java
Romain Vimont,2019-05-30 22:46:52+02:00,server/src/main/java/com/genymobile/scrcpy/ControlEventReader.java
Romain Vimont,2019-05-30 22:46:52+02:00,README.md
Romain Vimont,2019-05-30 22:46:52+02:00,app/src/control_event.c
Romain Vimont,2019-05-30 22:46:52+02:00,app/src/control_event.h
Romain Vimont,2019-05-30 22:46:52+02:00,app/src/input_manager.c
Romain Vimont,2019-05-30 22:46:52+02:00,app/src/main.c
Romain Vimont,2019-05-30 22:46:52+02:00,app/tests/test_control_event_serialize.c
Romain Vimont,2019-05-30 22:46:52+02:00,server/src/main/java/com/genymobile/scrcpy/ControlEvent.java
Romain Vimont,2019-05-30 22:46:52+02:00,server/src/main/java/com/genymobile/scrcpy/ControlEventReader.java
Romain Vimont,2019-05-30 22:46:52+02:00,server/src/main/java/com/genymobile/scrcpy/Device.java
Romain Vimont,2019-05-30 22:46:52+02:00,server/src/main/java/com/genymobile/scrcpy/EventController.java
Romain Vimont,2019-05-30 22:46:52+02:00,server/src/main/java/com/genymobile/scrcpy/wrappers/ClipboardManager.java
Romain Vimont,2019-05-30 22:46:52+02:00,server/src/test/java/com/genymobile/scrcpy/ControlEventReaderTest.java
Romain Vimont,2019-05-30 22:46:52+02:00,DEVELOP.md
Yu-Chen Lin,2019-05-30 23:06:52+02:00,server/meson.build
Yu-Chen Lin,2019-05-31 20:57:06+08:00,app/src/scrcpy.c
Romain Vimont,2019-05-31 16:18:00+02:00,app/meson.build
Romain Vimont,2019-05-31 16:18:00+02:00,app/src/control_event.c
Romain Vimont,2019-05-31 16:18:00+02:00,app/src/control_event.h
Romain Vimont,2019-05-31 16:18:00+02:00,app/src/control_msg.c
Romain Vimont,2019-05-31 16:18:00+02:00,app/src/control_msg.h
Romain Vimont,2019-05-31 16:18:00+02:00,app/src/controller.c
Romain Vimont,2019-05-31 16:18:00+02:00,app/src/controller.h
Romain Vimont,2019-05-31 16:18:00+02:00,app/src/convert.c
Romain Vimont,2019-05-31 16:18:00+02:00,app/src/convert.h
Romain Vimont,2019-05-31 16:18:00+02:00,app/src/device_event.h
Romain Vimont,2019-05-31 16:18:00+02:00,app/src/device_msg.c
Romain Vimont,2019-05-31 16:18:00+02:00,app/src/device_msg.h
Romain Vimont,2019-05-31 16:18:00+02:00,app/src/input_manager.c
Romain Vimont,2019-05-31 16:18:00+02:00,app/src/receiver.c
Romain Vimont,2019-05-31 16:18:00+02:00,app/tests/test_control_event_serialize.c
Romain Vimont,2019-05-31 16:18:00+02:00,app/tests/test_control_msg_serialize.c
Romain Vimont,2019-05-31 16:18:00+02:00,app/tests/test_device_event_deserialize.c
Romain Vimont,2019-05-31 16:18:00+02:00,app/tests/test_device_msg_deserialize.c
Romain Vimont,2019-05-31 16:18:00+02:00,server/src/main/java/com/genymobile/scrcpy/ControlMessage.java
Romain Vimont,2019-05-31 16:18:00+02:00,server/src/main/java/com/genymobile/scrcpy/ControlMessageReader.java
Romain Vimont,2019-05-31 16:18:00+02:00,server/src/main/java/com/genymobile/scrcpy/Controller.java
Romain Vimont,2019-05-31 16:18:00+02:00,server/src/main/java/com/genymobile/scrcpy/DesktopConnection.java
Romain Vimont,2019-05-31 16:18:00+02:00,server/src/main/java/com/genymobile/scrcpy/DeviceEvent.java
Romain Vimont,2019-05-31 16:18:00+02:00,server/src/main/java/com/genymobile/scrcpy/DeviceMessage.java
Romain Vimont,2019-05-31 16:18:00+02:00,server/src/main/java/com/genymobile/scrcpy/DeviceMessageSender.java
Romain Vimont,2019-05-31 16:18:00+02:00,server/src/main/java/com/genymobile/scrcpy/DeviceMessageWriter.java
Romain Vimont,2019-05-31 16:18:00+02:00,server/src/main/java/com/genymobile/scrcpy/Server.java
Romain Vimont,2019-05-31 16:18:00+02:00,server/src/test/java/com/genymobile/scrcpy/ControlMessageReaderTest.java
Romain Vimont,2019-05-31 16:18:00+02:00,server/src/main/java/com/genymobile/scrcpy/Ln.java
Romain Vimont,2019-05-31 16:18:00+02:00,app/src/scrcpy.c
Romain Vimont,2019-05-31 16:18:00+02:00,app/src/receiver.c
Romain Vimont,2019-05-31 16:18:00+02:00,server/src/main/java/com/genymobile/scrcpy/Device.java
Yu-Chen Lin,2019-05-31 22:24:17+02:00,app/src/command.h
Yu-Chen Lin,2019-05-31 22:24:17+02:00,app/src/device.h
Yu-Chen Lin,2019-05-31 22:24:17+02:00,app/src/recorder.h
Yu-Chen Lin,2019-05-31 22:24:31+02:00,app/src/net.c
Romain Vimont,2019-05-31 22:57:12+02:00,app/src/command.c
Romain Vimont,2019-05-31 23:07:23+02:00,README.md
Romain Vimont,2019-05-31 23:07:23+02:00,app/src/control_msg.c
Romain Vimont,2019-05-31 23:07:23+02:00,app/src/control_msg.h
Romain Vimont,2019-05-31 23:07:23+02:00,app/src/input_manager.c
Romain Vimont,2019-05-31 23:07:23+02:00,app/src/main.c
Romain Vimont,2019-05-31 23:07:23+02:00,app/tests/test_control_msg_serialize.c
Romain Vimont,2019-05-31 23:07:23+02:00,server/src/main/java/com/genymobile/scrcpy/ControlMessage.java
Romain Vimont,2019-05-31 23:07:23+02:00,server/src/main/java/com/genymobile/scrcpy/ControlMessageReader.java
Romain Vimont,2019-05-31 23:07:23+02:00,server/src/main/java/com/genymobile/scrcpy/Controller.java
Romain Vimont,2019-05-31 23:07:23+02:00,server/src/main/java/com/genymobile/scrcpy/Device.java
Romain Vimont,2019-05-31 23:07:23+02:00,server/src/main/java/com/genymobile/scrcpy/wrappers/SurfaceControl.java
Romain Vimont,2019-05-31 23:07:23+02:00,server/src/test/java/com/genymobile/scrcpy/ControlMessageReaderTest.java
Romain Vimont,2019-05-31 23:31:53+02:00,server/src/main/java/com/genymobile/scrcpy/ControlMessage.java
Romain Vimont,2019-05-31 23:33:44+02:00,app/src/net.c
Romain Vimont,2019-06-01 07:18:05+02:00,app/src/input_manager.c
Romain Vimont,2019-06-02 20:34:52+02:00,server/src/main/java/com/genymobile/scrcpy/Controller.java
Romain Vimont,2019-06-03 11:44:39+02:00,README.md
Romain Vimont,2019-06-03 11:44:39+02:00,app/src/input_manager.c
Romain Vimont,2019-06-03 11:44:39+02:00,app/src/main.c
Romain Vimont,2019-06-04 21:29:14+02:00,app/src/server.h
Romain Vimont,2019-06-05 00:25:15+02:00,app/src/main.c
Romain Vimont,2019-06-05 00:25:15+02:00,app/src/scrcpy.c
Romain Vimont,2019-06-05 00:25:15+02:00,app/src/scrcpy.h
Romain Vimont,2019-06-05 00:25:57+02:00,app/src/scrcpy.c
Romain Vimont,2019-06-05 00:25:57+02:00,app/src/server.c
Romain Vimont,2019-06-05 00:25:57+02:00,app/src/server.h
Romain Vimont,2019-06-05 00:25:57+02:00,app/src/scrcpy.c
Romain Vimont,2019-06-05 00:25:57+02:00,app/src/server.c
Romain Vimont,2019-06-05 00:25:57+02:00,app/src/server.h
Romain Vimont,2019-06-05 00:25:57+02:00,server/src/main/java/com/genymobile/scrcpy/Options.java
Romain Vimont,2019-06-05 00:25:57+02:00,server/src/main/java/com/genymobile/scrcpy/Server.java
Romain Vimont,2019-06-05 00:55:39+02:00,app/src/main.c
Romain Vimont,2019-06-05 00:55:46+02:00,app/src/main.c
Romain Vimont,2019-06-05 00:55:46+02:00,app/src/scrcpy.c
Romain Vimont,2019-06-05 00:55:46+02:00,app/src/scrcpy.h
Romain Vimont,2019-06-05 00:55:46+02:00,server/src/main/java/com/genymobile/scrcpy/Controller.java
Chris Knowles,2019-06-05 01:15:59-04:00,BUILD.md
Romain Vimont,2019-06-05 09:52:25+02:00,BUILD.md
Romain Vimont,2019-06-05 19:02:42+02:00,README.md
Romain Vimont,2019-06-05 19:02:42+02:00,app/src/main.c
Romain Vimont,2019-06-05 21:39:42+02:00,README.md
Romain Vimont,2019-06-05 21:39:42+02:00,app/meson.build
Romain Vimont,2019-06-05 21:39:42+02:00,app/src/fps_counter.c
Romain Vimont,2019-06-05 21:39:42+02:00,app/src/fps_counter.h
Romain Vimont,2019-06-05 21:39:42+02:00,app/src/main.c
Romain Vimont,2019-06-05 21:39:42+02:00,app/src/scrcpy.c
Romain Vimont,2019-06-05 21:39:42+02:00,app/src/scrcpy.h
Romain Vimont,2019-06-05 21:39:42+02:00,app/src/video_buffer.c
Romain Vimont,2019-06-05 21:39:42+02:00,app/src/video_buffer.h
Romain Vimont,2019-06-07 00:03:21+02:00,app/src/scrcpy.c
Romain Vimont,2019-06-07 16:54:31+02:00,app/src/lock_util.c
Romain Vimont,2019-06-07 16:54:31+02:00,app/src/lock_util.h
Romain Vimont,2019-06-07 17:16:26+02:00,app/src/fps_counter.c
Romain Vimont,2019-06-07 17:16:26+02:00,app/src/fps_counter.h
Romain Vimont,2019-06-07 17:16:26+02:00,app/src/input_manager.c
Romain Vimont,2019-06-07 17:16:26+02:00,app/src/scrcpy.c
Romain Vimont,2019-06-07 17:16:26+02:00,app/src/video_buffer.c
Romain Vimont,2019-06-07 17:16:26+02:00,app/src/video_buffer.h
Romain Vimont,2019-06-07 17:19:00+02:00,app/meson.build
Romain Vimont,2019-06-07 17:19:00+02:00,app/src/lock_util.c
Romain Vimont,2019-06-07 17:19:00+02:00,app/src/lock_util.h
Romain Vimont,2019-06-07 17:45:03+02:00,server/src/main/java/com/genymobile/scrcpy/DesktopConnection.java
Romain Vimont,2019-06-11 17:44:07+02:00,app/src/stream.c
Romain Vimont,2019-06-11 17:44:07+02:00,app/meson.build
Romain Vimont,2019-06-11 17:44:07+02:00,app/src/server.c
Romain Vimont,2019-06-11 17:44:07+02:00,Makefile.CrossWindows
Romain Vimont,2019-06-11 17:44:07+02:00,app/meson.build
Romain Vimont,2019-06-11 17:44:07+02:00,app/src/server.c
Romain Vimont,2019-06-11 17:44:07+02:00,meson_options.txt
Romain Vimont,2019-06-11 17:44:07+02:00,app/src/server.c
Romain Vimont,2019-06-11 17:44:07+02:00,app/src/str_util.c
Romain Vimont,2019-06-11 17:44:07+02:00,app/src/str_util.h
Romain Vimont,2019-06-11 17:44:07+02:00,app/meson.build
Romain Vimont,2019-06-11 17:44:07+02:00,app/src/command.h
Romain Vimont,2019-06-11 17:44:07+02:00,app/src/server.c
Romain Vimont,2019-06-11 17:44:07+02:00,app/src/sys/unix/command.c
Romain Vimont,2019-06-11 17:44:07+02:00,app/src/sys/win/command.c
Romain Vimont,2019-06-11 17:44:07+02:00,meson_options.txt
Romain Vimont,2019-06-11 19:18:45+02:00,Makefile.CrossWindows
Romain Vimont,2019-06-11 19:18:45+02:00,cross_win32.txt
Romain Vimont,2019-06-11 19:18:45+02:00,cross_win64.txt
Romain Vimont,2019-06-11 19:18:45+02:00,prebuilt-deps/Makefile
Romain Vimont,2019-06-11 19:18:45+02:00,Makefile.CrossWindows
Romain Vimont,2019-06-11 19:18:45+02:00,cross_win32.txt
Romain Vimont,2019-06-11 19:18:45+02:00,cross_win64.txt
Romain Vimont,2019-06-11 19:18:45+02:00,prebuilt-deps/Makefile
Romain Vimont,2019-06-11 19:19:47+02:00,prebuilt-deps/Makefile
Romain Vimont,2019-06-11 21:18:43+02:00,DEVELOP.md
Romain Vimont,2019-06-11 21:20:06+02:00,FAQ.md
Romain Vimont,2019-06-11 21:37:09+02:00,README.md
Romain Vimont,2019-06-11 21:47:31+02:00,server/src/test/java/com/genymobile/scrcpy/StringUtilsTest.java
Romain Vimont,2019-06-11 21:48:58+02:00,server/src/test/java/com/genymobile/scrcpy/StringUtilsTest.java
Romain Vimont,2019-06-11 21:49:14+02:00,server/build.gradle
Romain Vimont,2019-06-11 21:50:29+02:00,meson.build
Romain Vimont,2019-06-11 21:50:29+02:00,server/build.gradle
Romain Vimont,2019-06-11 23:00:09+02:00,BUILD.md
Romain Vimont,2019-06-11 23:00:09+02:00,README.md
Romain Vimont,2019-06-11 23:01:23+02:00,README.md
Romain Vimont,2019-06-11 23:41:56+02:00,README.md
zzndb,2019-06-12 11:22:50+02:00,app/src/server.c
Romain Vimont,2019-06-12 11:26:23+02:00,meson_options.txt
Romain Vimont,2019-06-12 11:43:18+02:00,meson_options.txt
Arne Schwabe,2019-06-13 13:30:54+02:00,server/src/main/java/com/genymobile/scrcpy/wrappers/SurfaceControl.java
Romain Vimont,2019-06-14 10:11:15+02:00,server/src/main/java/com/genymobile/scrcpy/wrappers/SurfaceControl.java
Romain Vimont,2019-06-14 10:15:53+02:00,server/src/main/java/com/genymobile/scrcpy/wrappers/SurfaceControl.java
taaem,2019-06-15 15:10:51+02:00,BUILD.md
Romain Vimont,2019-06-18 17:13:53+02:00,app/src/main.c
Romain Vimont,2019-06-20 10:47:02+02:00,README.md
Romain Vimont,2019-06-20 10:59:19+02:00,app/src/main.c
Romain Vimont,2019-06-20 12:15:45+02:00,app/src/server.c
Romain Vimont,2019-06-23 20:47:21+02:00,server/src/main/java/com/genymobile/scrcpy/Server.java
Romain Vimont,2019-06-23 20:52:03+02:00,app/src/controller.c
Romain Vimont,2019-06-23 20:52:03+02:00,app/src/file_handler.c
Romain Vimont,2019-06-23 20:52:03+02:00,app/src/input_manager.c
Romain Vimont,2019-06-23 20:52:03+02:00,app/src/main.c
Romain Vimont,2019-06-23 20:52:03+02:00,app/src/recorder.c
Romain Vimont,2019-06-23 20:52:03+02:00,app/src/scrcpy.c
Romain Vimont,2019-06-23 20:52:03+02:00,app/src/screen.c
Romain Vimont,2019-06-23 20:52:03+02:00,app/src/server.c
Romain Vimont,2019-06-23 20:52:03+02:00,app/src/stream.c
Romain Vimont,2019-06-23 20:52:03+02:00,app/src/sys/unix/command.c
Romain Vimont,2019-06-23 20:52:03+02:00,app/src/sys/win/command.c
Romain Vimont,2019-06-23 20:52:03+02:00,server/src/main/java/com/genymobile/scrcpy/Server.java
Romain Vimont,2019-06-23 20:52:03+02:00,server/src/main/java/com/genymobile/scrcpy/wrappers/StatusBarManager.java
beango1,2019-06-24 19:58:00+02:00,app/src/main.c
beango1,2019-06-24 19:58:00+02:00,app/src/scrcpy.c
beango1,2019-06-24 19:58:00+02:00,app/src/scrcpy.h
beango1,2019-06-24 19:58:00+02:00,app/src/screen.c
beango1,2019-06-24 19:58:00+02:00,app/src/screen.h
Romain Vimont,2019-06-24 21:37:38+02:00,README.md
Romain Vimont,2019-06-26 23:50:39+02:00,app/src/stream.c
Romain Vimont,2019-07-12 21:07:06+02:00,app/src/recorder.c
Romain Vimont,2019-07-29 14:59:44+02:00,LICENSE
Romain Vimont,2019-07-29 14:59:44+02:00,README.md
Jonathan,2019-07-29 14:59:44+02:00,README.md
Romain Vimont,2019-07-29 15:19:07+02:00,Makefile.CrossWindows
Romain Vimont,2019-07-29 15:19:07+02:00,meson.build
Romain Vimont,2019-07-29 15:19:07+02:00,meson_options.txt
Romain Vimont,2019-07-30 12:17:33+02:00,server/src/test/java/com/genymobile/scrcpy/DeviceMessageWriterTest.java
Romain Vimont,2019-07-31 01:53:16+02:00,README.md
Romain Vimont,2019-07-31 01:53:16+02:00,app/src/device.h
Romain Vimont,2019-07-31 01:53:16+02:00,app/src/file_handler.c
Romain Vimont,2019-07-31 01:53:16+02:00,app/src/file_handler.h
Romain Vimont,2019-07-31 01:53:16+02:00,app/src/main.c
Romain Vimont,2019-07-31 01:53:16+02:00,app/src/scrcpy.c
Romain Vimont,2019-07-31 01:53:16+02:00,app/src/scrcpy.h
Romain Vimont,2019-07-31 01:55:32+02:00,app/src/recorder.c
Romain Vimont,2019-07-31 01:55:32+02:00,app/src/scrcpy.c
Romain Vimont,2019-07-31 01:55:32+02:00,app/src/server.c
Romain Vimont,2019-07-31 01:55:32+02:00,app/src/server.h
Romain Vimont,2019-07-31 01:55:32+02:00,app/src/stream.c
Romain Vimont,2019-07-31 01:55:32+02:00,app/src/stream.h
Romain Vimont,2019-07-31 01:55:40+02:00,app/src/recorder.c
Romain Vimont,2019-07-31 01:55:40+02:00,app/src/recorder.h
Romain Vimont,2019-07-31 01:55:40+02:00,app/src/stream.c
Romain Vimont,2019-07-31 01:55:43+02:00,app/src/main.c
Romain Vimont,2019-07-31 11:04:38+02:00,app/src/recorder.c
Romain Vimont,2019-07-31 16:35:14+02:00,Makefile.CrossWindows
Romain Vimont,2019-08-01 22:08:34+02:00,app/src/cbuf.h
Romain Vimont,2019-08-01 22:50:03+02:00,app/src/cbuf.h
Romain Vimont,2019-08-01 23:14:50+02:00,app/meson.build
Romain Vimont,2019-08-01 23:14:50+02:00,app/src/queue.h
Romain Vimont,2019-08-01 23:14:50+02:00,app/tests/test_queue.c
Romain Vimont,2019-08-01 23:15:47+02:00,app/src/recorder.c
Romain Vimont,2019-08-01 23:15:47+02:00,app/src/recorder.h
Romain Vimont,2019-08-03 23:13:44+02:00,README.md
Romain Vimont,2019-08-03 23:13:44+02:00,app/src/input_manager.c
Romain Vimont,2019-08-03 23:13:44+02:00,app/src/main.c
Romain Vimont,2019-08-04 16:22:39+02:00,app/src/queue.h
Romain Vimont,2019-08-04 16:23:42+02:00,Makefile.CrossWindows
Romain Vimont,2019-08-04 16:23:42+02:00,cross_win32.txt
Romain Vimont,2019-08-04 16:23:42+02:00,cross_win64.txt
Romain Vimont,2019-08-04 16:23:42+02:00,prebuilt-deps/Makefile
Romain Vimont,2019-08-04 16:23:42+02:00,prebuilt-deps/Makefile
Romain Vimont,2019-08-04 16:23:42+02:00,Makefile.CrossWindows
Romain Vimont,2019-08-04 16:23:42+02:00,cross_win32.txt
Romain Vimont,2019-08-04 16:23:42+02:00,cross_win64.txt
Romain Vimont,2019-08-04 16:23:42+02:00,prebuilt-deps/Makefile
Romain Vimont,2019-08-04 16:23:42+02:00,README.md
Romain Vimont,2019-08-04 16:41:04+02:00,meson.build
Romain Vimont,2019-08-04 16:41:04+02:00,server/build.gradle
Romain Vimont,2019-08-04 22:03:45+02:00,BUILD.md
Romain Vimont,2019-08-04 22:03:45+02:00,README.md
Arne Schwabe,2019-08-05 15:02:05+02:00,app/src/queue.h
Harsh Shandilya,2019-08-07 23:20:16+02:00,build.gradle
Harsh Shandilya,2019-08-07 23:41:36+02:00,gradle/wrapper/gradle-wrapper.jar
Harsh Shandilya,2019-08-07 23:41:36+02:00,gradle/wrapper/gradle-wrapper.properties
Harsh Shandilya,2019-08-07 23:41:36+02:00,gradlew
Harsh Shandilya,2019-08-07 23:41:36+02:00,gradlew.bat
Romain Vimont,2019-08-08 18:57:52+02:00,app/src/recorder.c
Romain Vimont,2019-08-08 18:57:52+02:00,app/src/recorder.h
toddsierens,2019-08-08 17:17:48-04:00,server/src/main/java/com/genymobile/scrcpy/wrappers/WindowManager.java
Romain Vimont,2019-08-09 15:15:28+02:00,server/meson.build
Romain Vimont,2019-08-13 18:58:36+02:00,app/src/recorder.c
Romain Vimont,2019-08-14 22:32:46+02:00,FAQ.md
Romain Vimont,2019-09-15 17:29:03+02:00,server/src/test/java/com/genymobile/scrcpy/ControlMessageReaderTest.java
Romain Vimont,2019-09-15 17:29:03+02:00,server/src/main/java/com/genymobile/scrcpy/ControlMessage.java
Romain Vimont,2019-09-15 17:29:03+02:00,app/meson.build
Romain Vimont,2019-09-15 17:29:03+02:00,app/src/event_converter.c
Romain Vimont,2019-09-15 17:29:03+02:00,app/src/event_converter.h
Romain Vimont,2019-09-15 17:29:03+02:00,app/src/input_manager.c
Romain Vimont,2019-09-15 17:29:03+02:00,app/src/event_converter.c
Romain Vimont,2019-09-15 17:29:03+02:00,app/src/event_converter.h
Romain Vimont,2019-09-15 17:29:03+02:00,app/src/input_manager.c
Ta-da,2019-09-27 10:04:41+08:00,app/src/main.c
Yu-Chen Lin,2019-09-28 10:37:25+08:00,app/src/input_manager.c
Romain Vimont,2019-09-28 12:23:54+02:00,server/src/test/java/com/genymobile/scrcpy/ControlMessageReaderTest.java
Romain Vimont,2019-09-28 14:46:44+02:00,BUILD.md
Louis Kruger,2019-09-29 22:39:47+02:00,app/src/screen.c
Romain Vimont,2019-09-29 22:39:53+02:00,app/src/buffer_util.h
Romain Vimont,2019-09-29 22:39:53+02:00,app/src/cbuf.h
Romain Vimont,2019-09-29 22:39:53+02:00,app/src/command.c
Romain Vimont,2019-09-29 22:39:53+02:00,app/src/command.h
Romain Vimont,2019-09-29 22:39:53+02:00,app/src/common.h
Romain Vimont,2019-09-29 22:39:53+02:00,app/src/control_msg.c
Romain Vimont,2019-09-29 22:39:53+02:00,app/src/control_msg.h
Romain Vimont,2019-09-29 22:39:53+02:00,app/src/controller.h
Romain Vimont,2019-09-29 22:39:53+02:00,app/src/decoder.c
Romain Vimont,2019-09-29 22:39:53+02:00,app/src/decoder.h
Romain Vimont,2019-09-29 22:39:53+02:00,app/src/device.c
Romain Vimont,2019-09-29 22:39:53+02:00,app/src/device.h
Romain Vimont,2019-09-29 22:39:53+02:00,app/src/device_msg.c
Romain Vimont,2019-09-29 22:39:53+02:00,app/src/device_msg.h
Romain Vimont,2019-09-29 22:39:53+02:00,app/src/event_converter.c
Romain Vimont,2019-09-29 22:39:53+02:00,app/src/event_converter.h
Romain Vimont,2019-09-29 22:39:53+02:00,app/src/file_handler.h
Romain Vimont,2019-09-29 22:39:53+02:00,app/src/fps_counter.c
Romain Vimont,2019-09-29 22:39:53+02:00,app/src/fps_counter.h
Romain Vimont,2019-09-29 22:39:53+02:00,app/src/input_manager.c
Romain Vimont,2019-09-29 22:39:53+02:00,app/src/input_manager.h
Romain Vimont,2019-09-29 22:39:53+02:00,app/src/lock_util.h
Romain Vimont,2019-09-29 22:39:53+02:00,app/src/main.c
Romain Vimont,2019-09-29 22:39:53+02:00,app/src/net.c
Romain Vimont,2019-09-29 22:39:53+02:00,app/src/net.h
Romain Vimont,2019-09-29 22:39:53+02:00,app/src/queue.h
Romain Vimont,2019-09-29 22:39:53+02:00,app/src/receiver.h
Romain Vimont,2019-09-29 22:39:53+02:00,app/src/recorder.c
Romain Vimont,2019-09-29 22:39:53+02:00,app/src/recorder.h
Romain Vimont,2019-09-29 22:39:53+02:00,app/src/scrcpy.c
Romain Vimont,2019-09-29 22:39:53+02:00,app/src/scrcpy.h
Romain Vimont,2019-09-29 22:39:53+02:00,app/src/screen.h
Romain Vimont,2019-09-29 22:39:53+02:00,app/src/server.h
Romain Vimont,2019-09-29 22:39:53+02:00,app/src/str_util.c
Romain Vimont,2019-09-29 22:39:53+02:00,app/src/str_util.h
Romain Vimont,2019-09-29 22:39:53+02:00,app/src/stream.c
Romain Vimont,2019-09-29 22:39:53+02:00,app/src/stream.h
Romain Vimont,2019-09-29 22:39:53+02:00,app/src/sys/unix/command.c
Romain Vimont,2019-09-29 22:39:53+02:00,app/src/sys/unix/net.c
Romain Vimont,2019-09-29 22:39:53+02:00,app/src/sys/win/net.c
Romain Vimont,2019-09-29 22:39:53+02:00,app/src/tiny_xpm.c
Romain Vimont,2019-09-29 22:39:53+02:00,app/src/tiny_xpm.h
Romain Vimont,2019-09-29 22:39:53+02:00,app/src/video_buffer.h
Romain Vimont,2019-10-02 21:40:26+02:00,app/src/buffer_util.h
Romain Vimont,2019-10-02 21:40:26+02:00,server/src/main/java/com/genymobile/scrcpy/Controller.java
Romain Vimont,2019-10-03 20:05:27+02:00,app/src/control_msg.c
Romain Vimont,2019-10-03 20:05:27+02:00,app/src/control_msg.h
Romain Vimont,2019-10-03 20:05:27+02:00,app/tests/test_control_msg_serialize.c
Romain Vimont,2019-10-03 20:05:27+02:00,server/src/main/java/com/genymobile/scrcpy/ControlMessage.java
Romain Vimont,2019-10-03 20:05:27+02:00,server/src/main/java/com/genymobile/scrcpy/ControlMessageReader.java
Romain Vimont,2019-10-03 20:05:27+02:00,server/src/test/java/com/genymobile/scrcpy/ControlMessageReaderTest.java
Romain Vimont,2019-10-03 20:05:29+02:00,server/src/main/java/com/genymobile/scrcpy/Controller.java
Romain Vimont,2019-10-03 20:05:29+02:00,server/src/main/java/com/genymobile/scrcpy/Pointer.java
Romain Vimont,2019-10-03 20:05:29+02:00,server/src/main/java/com/genymobile/scrcpy/PointersState.java
Romain Vimont,2019-10-03 20:05:29+02:00,app/src/event_converter.c
Romain Vimont,2019-10-03 20:05:29+02:00,app/src/event_converter.h
Romain Vimont,2019-10-03 20:05:29+02:00,app/src/input_manager.c
Romain Vimont,2019-10-03 20:05:29+02:00,app/src/input_manager.h
Romain Vimont,2019-10-03 20:05:29+02:00,app/src/scrcpy.c
Romain Vimont,2019-10-03 20:05:29+02:00,app/src/input_manager.c
Romain Vimont,2019-10-03 20:05:29+02:00,server/src/main/java/com/genymobile/scrcpy/Controller.java
Romain Vimont,2019-10-03 20:05:29+02:00,server/src/main/java/com/genymobile/scrcpy/PointersState.java
Romain Vimont,2019-10-03 20:27:28+02:00,server/src/main/java/com/genymobile/scrcpy/Controller.java
Romain Vimont,2019-10-03 20:37:49+02:00,app/src/control_msg.c
Romain Vimont,2019-10-03 20:37:49+02:00,app/src/control_msg.h
Romain Vimont,2019-10-03 20:37:49+02:00,app/src/event_converter.c
Romain Vimont,2019-10-03 20:37:49+02:00,app/tests/test_control_msg_serialize.c
Romain Vimont,2019-10-03 20:37:49+02:00,server/src/main/java/com/genymobile/scrcpy/ControlMessage.java
Romain Vimont,2019-10-03 20:37:49+02:00,server/src/main/java/com/genymobile/scrcpy/ControlMessageReader.java
Romain Vimont,2019-10-03 20:37:49+02:00,server/src/main/java/com/genymobile/scrcpy/Controller.java
Romain Vimont,2019-10-03 20:37:49+02:00,server/src/main/java/com/genymobile/scrcpy/PointersState.java
Romain Vimont,2019-10-03 20:37:49+02:00,server/src/test/java/com/genymobile/scrcpy/ControlMessageReaderTest.java
Romain Vimont,2019-10-17 22:09:54+02:00,server/src/main/java/com/genymobile/scrcpy/Device.java
Romain Vimont,2019-10-17 22:09:54+02:00,server/src/main/java/com/genymobile/scrcpy/wrappers/ClipboardManager.java
Romain Vimont,2019-10-17 22:09:54+02:00,server/src/main/java/com/genymobile/scrcpy/wrappers/InputManager.java
Romain Vimont,2019-10-17 22:09:54+02:00,server/src/main/java/com/genymobile/scrcpy/wrappers/PowerManager.java
Romain Vimont,2019-10-17 22:09:54+02:00,server/src/main/java/com/genymobile/scrcpy/wrappers/StatusBarManager.java
Romain Vimont,2019-10-17 22:09:54+02:00,server/src/main/java/com/genymobile/scrcpy/wrappers/SurfaceControl.java
Romain Vimont,2019-10-17 22:11:39+02:00,server/src/main/java/com/genymobile/scrcpy/wrappers/ClipboardManager.java
Romain Vimont,2019-10-17 22:21:47+02:00,server/src/main/java/com/genymobile/scrcpy/wrappers/ClipboardManager.java
Romain Vimont,2019-10-17 23:25:00+02:00,server/src/main/java/com/genymobile/scrcpy/Device.java
Romain Vimont,2019-10-17 23:25:00+02:00,server/src/main/java/com/genymobile/scrcpy/wrappers/SurfaceControl.java
Romain Vimont,2019-10-20 16:08:16+02:00,app/src/screen.c
Romain Vimont,2019-10-25 11:04:04+02:00,server/src/main/java/com/genymobile/scrcpy/Controller.java
Romain Vimont,2019-10-25 11:09:06+02:00,app/src/event_converter.c
Romain Vimont,2019-10-30 21:47:20+01:00,server/build_without_gradle.sh
Romain Vimont,2019-10-30 22:51:40+01:00,app/src/main.c
Romain Vimont,2019-10-31 10:54:29+01:00,BUILD.md
Romain Vimont,2019-10-31 10:54:29+01:00,DEVELOP.md
Romain Vimont,2019-10-31 10:54:29+01:00,Makefile.CrossWindows
Romain Vimont,2019-10-31 10:54:29+01:00,README.md
Romain Vimont,2019-10-31 10:54:29+01:00,app/meson.build
Romain Vimont,2019-10-31 10:54:29+01:00,app/src/server.c
Romain Vimont,2019-10-31 10:54:29+01:00,meson_options.txt
Romain Vimont,2019-10-31 10:54:29+01:00,release.sh
Romain Vimont,2019-10-31 10:54:29+01:00,run
Romain Vimont,2019-10-31 10:54:29+01:00,scripts/run-scrcpy.sh
Romain Vimont,2019-10-31 10:54:29+01:00,server/build_without_gradle.sh
Romain Vimont,2019-10-31 10:54:29+01:00,server/meson.build
Romain Vimont,2019-10-31 10:54:29+01:00,server/src/main/java/com/genymobile/scrcpy/Server.java
yangfl,2019-10-31 18:18:19+08:00,app/meson.build
yangfl,2019-10-31 18:18:19+08:00,app/scrcpy.1
Romain Vimont,2019-10-31 20:57:57+01:00,app/src/recorder.c
Romain Vimont,2019-10-31 21:05:04+01:00,BUILD.md
Romain Vimont,2019-11-03 16:51:47+01:00,app/scrcpy.1
Romain Vimont,2019-11-03 19:42:37+01:00,DEVELOP.md
Romain Vimont,2019-11-03 19:42:37+01:00,app/meson.build
Romain Vimont,2019-11-03 19:42:37+01:00,app/src/server.c
Romain Vimont,2019-11-03 19:42:37+01:00,meson_options.txt
Romain Vimont,2019-11-06 21:24:36+01:00,app/src/input_manager.c
Romain Vimont,2019-11-06 21:24:36+01:00,app/src/input_manager.h
Romain Vimont,2019-11-06 21:24:36+01:00,app/src/event_converter.c
Romain Vimont,2019-11-06 21:24:36+01:00,app/src/event_converter.h
Romain Vimont,2019-11-06 21:24:36+01:00,app/src/input_manager.c
Romain Vimont,2019-11-06 21:24:36+01:00,app/src/input_manager.c
Romain Vimont,2019-11-06 22:06:54+01:00,app/src/main.c
Romain Vimont,2019-11-06 22:06:54+01:00,app/src/recorder.h
Romain Vimont,2019-11-06 22:06:54+01:00,app/src/scrcpy.h
Romain Vimont,2019-11-06 22:22:46+01:00,app/src/scrcpy.h
Romain Vimont,2019-11-07 09:48:48+01:00,app/src/main.c
Romain Vimont,2019-11-07 10:01:59+01:00,README.md
Romain Vimont,2019-11-07 10:01:59+01:00,app/src/main.c
Romain Vimont,2019-11-07 19:01:35+01:00,app/scrcpy.1
Romain Vimont,2019-11-07 19:01:35+01:00,app/src/event_converter.c
Romain Vimont,2019-11-07 19:01:35+01:00,app/src/event_converter.h
Romain Vimont,2019-11-07 19:01:35+01:00,app/src/input_manager.c
Romain Vimont,2019-11-07 19:01:35+01:00,app/src/input_manager.h
Romain Vimont,2019-11-07 19:01:35+01:00,app/src/main.c
Romain Vimont,2019-11-07 19:01:35+01:00,app/src/scrcpy.c
Romain Vimont,2019-11-07 19:01:35+01:00,app/src/scrcpy.h
Romain Vimont,2019-11-07 21:58:57+01:00,app/src/recorder.c
olbb,2019-11-09 20:31:57+01:00,server/src/main/java/com/genymobile/scrcpy/ScreenEncoder.java
Romain Vimont,2019-11-09 21:17:03+01:00,app/src/scrcpy.c
Romain Vimont,2019-11-11 15:02:26+01:00,app/src/scrcpy.c
Romain Vimont,2019-11-11 15:02:26+01:00,app/src/screen.c
Romain Vimont,2019-11-11 15:02:26+01:00,app/src/screen.h
Romain Vimont,2019-11-11 21:49:23+01:00,app/src/screen.c
Romain Vimont,2019-11-11 21:49:23+01:00,app/src/screen.h
Romain Vimont,2019-11-11 21:49:23+01:00,app/src/screen.c
Yu-Chen Lin,2019-11-13 12:00:50+01:00,app/src/server.c
Yu-Chen Lin,2019-11-13 12:00:50+01:00,server/src/main/java/com/genymobile/scrcpy/Server.java
Romain Vimont,2019-11-13 16:14:46+01:00,app/src/recorder.c
Diego Fernando Díaz A,2019-11-15 18:50:49+01:00,app/src/main.c
Diego Fernando Díaz A,2019-11-15 18:50:49+01:00,app/src/scrcpy.c
Diego Fernando Díaz A,2019-11-15 18:50:49+01:00,app/src/scrcpy.h
Diego Fernando Díaz A,2019-11-15 18:50:49+01:00,app/src/screen.c
Diego Fernando Díaz A,2019-11-15 18:50:49+01:00,app/src/screen.h
Romain Vimont,2019-11-15 18:50:49+01:00,app/scrcpy.1
Romain Vimont,2019-11-15 18:52:58+01:00,app/scrcpy.1
Romain Vimont,2019-11-15 18:52:58+01:00,app/src/main.c
Romain Vimont,2019-11-15 18:52:58+01:00,app/src/scrcpy.c
Romain Vimont,2019-11-15 18:52:58+01:00,app/src/scrcpy.h
Romain Vimont,2019-11-15 18:52:58+01:00,app/src/screen.c
Romain Vimont,2019-11-15 18:52:58+01:00,app/src/screen.h
Diego Fernando Díaz A,2019-11-15 18:59:40+01:00,app/src/main.c
Diego Fernando Díaz A,2019-11-15 18:59:40+01:00,app/src/scrcpy.c
Diego Fernando Díaz A,2019-11-15 18:59:40+01:00,app/src/scrcpy.h
Diego Fernando Díaz A,2019-11-15 18:59:40+01:00,app/src/screen.c
Diego Fernando Díaz A,2019-11-15 18:59:40+01:00,app/src/screen.h
Romain Vimont,2019-11-15 18:59:47+01:00,app/scrcpy.1
Romain Vimont,2019-11-17 22:08:34+01:00,app/src/main.c
Romain Vimont,2019-11-17 22:10:33+01:00,server/src/main/java/com/genymobile/scrcpy/ScreenEncoder.java
Romain Vimont,2019-11-17 22:10:39+01:00,README.md
Romain Vimont,2019-11-17 22:10:39+01:00,app/scrcpy.1
Romain Vimont,2019-11-17 22:10:39+01:00,app/src/main.c
Romain Vimont,2019-11-17 22:10:39+01:00,app/src/scrcpy.c
Romain Vimont,2019-11-17 22:10:39+01:00,app/src/scrcpy.h
Romain Vimont,2019-11-17 22:10:39+01:00,app/src/server.c
Romain Vimont,2019-11-17 22:10:39+01:00,app/src/server.h
Romain Vimont,2019-11-17 22:10:39+01:00,server/src/main/java/com/genymobile/scrcpy/Options.java
Romain Vimont,2019-11-17 22:10:39+01:00,server/src/main/java/com/genymobile/scrcpy/ScreenEncoder.java
Romain Vimont,2019-11-17 22:10:39+01:00,server/src/main/java/com/genymobile/scrcpy/Server.java
Romain Vimont,2019-11-18 14:32:07+01:00,server/build_without_gradle.sh
Romain Vimont,2019-11-18 14:33:14+01:00,server/build_without_gradle.sh
senta2006,2019-11-18 17:45:52+01:00,app/src/server.c
senta2006,2019-11-18 17:45:52+01:00,config/checkstyle/checkstyle.xml
Romain Vimont,2019-11-19 12:22:11+01:00,app/meson.build
Romain Vimont,2019-11-19 22:23:08+01:00,server/src/main/java/com/genymobile/scrcpy/ScreenEncoder.java
Romain Vimont,2019-11-19 22:23:08+01:00,server/src/main/java/com/genymobile/scrcpy/Workarounds.java
act262,2019-11-19 22:23:08+01:00,server/src/main/java/com/genymobile/scrcpy/ScreenEncoder.java
act262,2019-11-19 22:23:08+01:00,server/src/main/java/com/genymobile/scrcpy/Workarounds.java
Romain Vimont,2019-11-19 22:23:08+01:00,README.md
Romain Vimont,2019-11-19 22:23:08+01:00,README.md
Romain Vimont,2019-11-19 22:23:08+01:00,README.md
Romain Vimont,2019-11-19 22:58:18+01:00,app/src/main.c
Romain Vimont,2019-11-19 23:05:39+01:00,app/scrcpy.1
Romain Vimont,2019-11-19 23:05:39+01:00,app/src/main.c
Romain Vimont,2019-11-19 23:05:39+01:00,Makefile.CrossWindows
Romain Vimont,2019-11-19 23:05:39+01:00,cross_win32.txt
Romain Vimont,2019-11-19 23:05:39+01:00,cross_win64.txt
Romain Vimont,2019-11-19 23:05:39+01:00,prebuilt-deps/Makefile
Romain Vimont,2019-11-19 23:05:39+01:00,prebuilt-deps/Makefile
Romain Vimont,2019-11-19 23:05:39+01:00,meson.build
Romain Vimont,2019-11-19 23:05:39+01:00,server/build.gradle
Romain Vimont,2019-11-19 23:05:39+01:00,server/build_without_gradle.sh
Romain Vimont,2019-11-19 23:39:30+01:00,BUILD.md
Romain Vimont,2019-11-19 23:39:30+01:00,README.md
yangfl,2019-11-20 17:16:46+01:00,server/build_without_gradle.sh
Romain Vimont,2019-11-22 15:16:00+01:00,app/src/server.c
Romain Vimont,2019-11-22 15:23:57+01:00,app/src/server.c
Romain Vimont,2019-11-22 15:23:57+01:00,server/src/main/java/com/genymobile/scrcpy/Server.java
seoyeonK,2019-11-24 11:09:30+01:00,FAQ.ko.md
seoyeonK,2019-11-24 11:09:30+01:00,README.ko.md
Romain Vimont,2019-11-24 11:53:23+01:00,app/meson.build
Romain Vimont,2019-11-24 11:53:23+01:00,app/src/command.c
Romain Vimont,2019-11-24 11:53:23+01:00,app/src/control_msg.c
Romain Vimont,2019-11-24 11:53:23+01:00,app/src/controller.c
Romain Vimont,2019-11-24 11:53:23+01:00,app/src/controller.h
Romain Vimont,2019-11-24 11:53:23+01:00,app/src/decoder.c
Romain Vimont,2019-11-24 11:53:23+01:00,app/src/device.c
Romain Vimont,2019-11-24 11:53:23+01:00,app/src/device.h
Romain Vimont,2019-11-24 11:53:23+01:00,app/src/device_msg.c
Romain Vimont,2019-11-24 11:53:23+01:00,app/src/file_handler.c
Romain Vimont,2019-11-24 11:53:23+01:00,app/src/file_handler.h
Romain Vimont,2019-11-24 11:53:23+01:00,app/src/fps_counter.c
Romain Vimont,2019-11-24 11:53:23+01:00,app/src/input_manager.c
Romain Vimont,2019-11-24 11:53:23+01:00,app/src/main.c
Romain Vimont,2019-11-24 11:53:23+01:00,app/src/receiver.c
Romain Vimont,2019-11-24 11:53:23+01:00,app/src/receiver.h
Romain Vimont,2019-11-24 11:53:23+01:00,app/src/recorder.c
Romain Vimont,2019-11-24 11:53:23+01:00,app/src/recorder.h
Romain Vimont,2019-11-24 11:53:23+01:00,app/src/scrcpy.c
Romain Vimont,2019-11-24 11:53:23+01:00,app/src/screen.c
Romain Vimont,2019-11-24 11:53:23+01:00,app/src/server.c
Romain Vimont,2019-11-24 11:53:23+01:00,app/src/server.h
Romain Vimont,2019-11-24 11:53:23+01:00,app/src/stream.c
Romain Vimont,2019-11-24 11:53:23+01:00,app/src/stream.h
Romain Vimont,2019-11-24 11:53:23+01:00,app/src/sys/unix/command.c
Romain Vimont,2019-11-24 11:53:23+01:00,app/src/sys/unix/net.c
Romain Vimont,2019-11-24 11:53:23+01:00,app/src/tiny_xpm.c
Romain Vimont,2019-11-24 11:53:23+01:00,app/src/util/buffer_util.h
Romain Vimont,2019-11-24 11:53:23+01:00,app/src/util/cbuf.h
Romain Vimont,2019-11-24 11:53:23+01:00,app/src/util/lock.h
Romain Vimont,2019-11-24 11:53:23+01:00,app/src/util/log.h
Romain Vimont,2019-11-24 11:53:23+01:00,app/src/util/net.c
Romain Vimont,2019-11-24 11:53:23+01:00,app/src/util/net.h
Romain Vimont,2019-11-24 11:53:23+01:00,app/src/util/queue.h
Romain Vimont,2019-11-24 11:53:23+01:00,app/src/util/str_util.c
Romain Vimont,2019-11-24 11:53:23+01:00,app/src/util/str_util.h
Romain Vimont,2019-11-24 11:53:23+01:00,app/src/video_buffer.c
Romain Vimont,2019-11-24 11:53:23+01:00,app/tests/test_cbuf.c
Romain Vimont,2019-11-24 11:53:23+01:00,app/tests/test_queue.c
Romain Vimont,2019-11-24 11:53:23+01:00,app/tests/test_strutil.c
Romain Vimont,2019-11-24 11:55:42+01:00,server/src/main/java/com/genymobile/scrcpy/Workarounds.java
Romain Vimont,2019-11-24 11:58:40+01:00,server/src/main/java/com/genymobile/scrcpy/Workarounds.java
Romain Vimont,2019-11-25 17:33:42+01:00,server/src/main/java/com/genymobile/scrcpy/ControlMessage.java
Romain Vimont,2019-11-25 17:33:42+01:00,server/src/main/java/com/genymobile/scrcpy/Controller.java
Romain Vimont,2019-11-25 17:33:42+01:00,server/src/main/java/com/genymobile/scrcpy/Ln.java
Romain Vimont,2019-11-25 17:33:42+01:00,server/src/main/java/com/genymobile/scrcpy/Point.java
Romain Vimont,2019-11-25 17:33:42+01:00,server/src/main/java/com/genymobile/scrcpy/Position.java
Romain Vimont,2019-11-25 17:33:42+01:00,server/src/main/java/com/genymobile/scrcpy/Server.java
Romain Vimont,2019-11-25 17:33:42+01:00,server/src/main/java/com/genymobile/scrcpy/Size.java
Romain Vimont,2019-11-25 17:33:42+01:00,server/src/main/java/com/genymobile/scrcpy/wrappers/ClipboardManager.java
Romain Vimont,2019-11-26 09:10:41+01:00,app/src/receiver.c
Romain Vimont,2019-11-26 09:10:41+01:00,app/src/scrcpy.c
Romain Vimont,2019-11-26 09:10:41+01:00,app/src/screen.c
Romain Vimont,2019-11-26 09:22:20+01:00,meson.build
yangfl,2019-11-27 10:58:17+01:00,app/scrcpy.1
Romain Vimont,2019-11-27 13:25:56+01:00,app/src/sys/win/command.c
Romain Vimont,2019-11-27 13:25:56+01:00,app/src/sys/win/net.c
Romain Vimont,2019-11-27 21:11:52+01:00,app/src/command.h
Romain Vimont,2019-11-27 21:11:52+01:00,app/src/main.c
Romain Vimont,2019-11-27 21:11:52+01:00,app/src/scrcpy.c
Romain Vimont,2019-11-27 21:11:52+01:00,app/src/stream.c
Romain Vimont,2019-11-27 21:11:52+01:00,app/src/sys/win/command.c
Romain Vimont,2019-11-27 21:11:52+01:00,app/src/command.c
Romain Vimont,2019-11-27 21:11:52+01:00,app/src/command.h
Romain Vimont,2019-11-27 21:11:52+01:00,app/src/sys/unix/command.c
Romain Vimont,2019-11-27 21:11:52+01:00,app/src/sys/win/command.c
Romain Vimont,2019-11-27 21:11:52+01:00,app/meson.build
Romain Vimont,2019-11-27 21:11:52+01:00,app/src/main.c
Romain Vimont,2019-11-27 21:11:52+01:00,app/src/tiny_xpm.c
Romain Vimont,2019-11-27 21:19:46+01:00,app/src/control_msg.c
Romain Vimont,2019-11-27 21:19:46+01:00,app/src/controller.c
Romain Vimont,2019-11-27 21:19:46+01:00,app/src/decoder.c
Romain Vimont,2019-11-27 21:19:46+01:00,app/src/device_msg.c
Romain Vimont,2019-11-27 21:19:46+01:00,app/src/file_handler.c
Romain Vimont,2019-11-27 21:19:46+01:00,app/src/fps_counter.c
Romain Vimont,2019-11-27 21:19:46+01:00,app/src/input_manager.c
Romain Vimont,2019-11-27 21:19:46+01:00,app/src/receiver.c
Romain Vimont,2019-11-27 21:19:46+01:00,app/src/recorder.c
Romain Vimont,2019-11-27 21:19:46+01:00,app/src/screen.c
Romain Vimont,2019-11-27 21:19:46+01:00,app/src/server.c
Romain Vimont,2019-11-27 21:19:46+01:00,app/src/stream.c
Romain Vimont,2019-11-27 21:19:46+01:00,app/src/tiny_xpm.c
Romain Vimont,2019-11-27 21:19:46+01:00,app/src/util/queue.h
Romain Vimont,2019-11-27 21:19:46+01:00,app/src/video_buffer.c
Romain Vimont,2019-11-27 21:40:54+01:00,app/src/decoder.c
Romain Vimont,2019-11-27 21:40:54+01:00,app/src/stream.c
Romain Vimont,2019-11-27 21:40:58+01:00,app/src/util/lock.h
Romain Vimont,2019-11-29 14:31:19+01:00,server/src/main/java/com/genymobile/scrcpy/Controller.java
Romain Vimont,2019-11-30 10:46:22+01:00,server/src/main/java/com/genymobile/scrcpy/Server.java
Romain Vimont,2019-12-03 12:07:36+01:00,app/src/scrcpy.h
Seb Leo,2019-12-03 16:05:23+01:00,BUILD.md
Romain Vimont,2019-12-03 21:10:43+01:00,app/src/input_manager.c
Yu-Chen Lin,2019-12-04 19:24:59+01:00,app/tests/test_strutil.c
Yu-Chen Lin,2019-12-04 19:24:59+01:00,app/meson.build
Yu-Chen Lin,2019-12-04 19:24:59+01:00,app/tests/test_buffer_util.c
Yu-Chen Lin,2019-12-04 19:24:59+01:00,app/src/util/buffer_util.h
Romain Vimont,2019-12-04 19:32:38+01:00,server/src/main/java/com/genymobile/scrcpy/wrappers/WindowManager.java
Romain Vimont,2019-12-04 19:34:20+01:00,server/src/main/java/com/genymobile/scrcpy/wrappers/ClipboardManager.java
Romain Vimont,2019-12-04 19:34:20+01:00,server/src/main/java/com/genymobile/scrcpy/wrappers/InputManager.java
Romain Vimont,2019-12-04 19:34:20+01:00,server/src/main/java/com/genymobile/scrcpy/wrappers/PowerManager.java
Romain Vimont,2019-12-04 19:34:20+01:00,server/src/main/java/com/genymobile/scrcpy/wrappers/StatusBarManager.java
Romain Vimont,2019-12-04 19:34:20+01:00,server/src/main/java/com/genymobile/scrcpy/wrappers/SurfaceControl.java
Romain Vimont,2019-12-04 22:03:25+01:00,README.md
Romain Vimont,2019-12-04 22:03:25+01:00,app/scrcpy.1
Romain Vimont,2019-12-04 22:03:25+01:00,app/src/control_msg.c
Romain Vimont,2019-12-04 22:03:25+01:00,app/src/control_msg.h
Romain Vimont,2019-12-04 22:03:25+01:00,app/src/input_manager.c
Romain Vimont,2019-12-04 22:03:25+01:00,app/src/main.c
Romain Vimont,2019-12-04 22:03:25+01:00,app/tests/test_control_msg_serialize.c
Romain Vimont,2019-12-04 22:03:25+01:00,server/src/main/java/com/genymobile/scrcpy/ControlMessage.java
Romain Vimont,2019-12-04 22:03:25+01:00,server/src/main/java/com/genymobile/scrcpy/ControlMessageReader.java
Romain Vimont,2019-12-04 22:03:25+01:00,server/src/main/java/com/genymobile/scrcpy/Controller.java
Romain Vimont,2019-12-04 22:03:25+01:00,server/src/main/java/com/genymobile/scrcpy/Device.java
Romain Vimont,2019-12-04 22:03:25+01:00,server/src/main/java/com/genymobile/scrcpy/wrappers/WindowManager.java
Romain Vimont,2019-12-04 22:03:25+01:00,server/src/test/java/com/genymobile/scrcpy/ControlMessageReaderTest.java
Romain Vimont,2019-12-05 21:05:45+01:00,server/src/main/java/com/genymobile/scrcpy/Server.java
Romain Vimont,2019-12-05 21:06:49+01:00,app/tests/test_strutil.c
Romain Vimont,2019-12-05 21:07:11+01:00,app/src/command.c
Romain Vimont,2019-12-05 21:07:11+01:00,app/src/command.h
Romain Vimont,2019-12-05 21:07:11+01:00,app/src/server.c
Romain Vimont,2019-12-08 21:19:53+01:00,app/src/main.c
Romain Vimont,2019-12-08 21:19:53+01:00,app/src/util/str_util.c
Romain Vimont,2019-12-08 21:19:53+01:00,app/src/util/str_util.h
Romain Vimont,2019-12-08 21:19:53+01:00,app/tests/test_strutil.c
Romain Vimont,2019-12-08 23:18:57+01:00,app/meson.build
Romain Vimont,2019-12-08 23:18:57+01:00,app/src/cli.c
Romain Vimont,2019-12-08 23:18:57+01:00,app/src/cli.h
Romain Vimont,2019-12-08 23:18:57+01:00,app/src/main.c
Romain Vimont,2019-12-08 23:19:01+01:00,app/meson.build
Romain Vimont,2019-12-08 23:19:01+01:00,app/src/cli.c
Romain Vimont,2019-12-08 23:19:01+01:00,app/tests/test_cli.c
Romain Vimont,2019-12-09 20:59:11+01:00,app/tests/test_cli.c
Romain Vimont,2019-12-09 22:30:48+01:00,app/src/cli.c
Romain Vimont,2019-12-09 22:31:14+01:00,app/src/main.c
Romain Vimont,2019-12-09 22:51:27+01:00,README.md
Romain Vimont,2019-12-09 23:00:55+01:00,app/meson.build
Romain Vimont,2019-12-09 23:24:39+01:00,app/meson.build
Romain Vimont,2019-12-09 23:24:39+01:00,app/tests/test_strutil.c
Romain Vimont,2019-12-09 23:24:39+01:00,app/meson.build
Romain Vimont,2019-12-09 23:24:43+01:00,meson.build
Romain Vimont,2019-12-09 23:24:43+01:00,server/build.gradle
Romain Vimont,2019-12-09 23:24:43+01:00,server/build_without_gradle.sh
Romain Vimont,2019-12-09 23:52:26+01:00,BUILD.md
Romain Vimont,2019-12-09 23:52:26+01:00,README.md
Romain Vimont,2019-12-10 09:28:27+01:00,app/src/cli.c
Romain Vimont,2019-12-10 10:07:48+01:00,meson.build
Romain Vimont,2019-12-10 10:07:48+01:00,server/build.gradle
Romain Vimont,2019-12-10 10:07:48+01:00,server/build_without_gradle.sh
Romain Vimont,2019-12-10 17:59:44+01:00,BUILD.md
Romain Vimont,2019-12-10 17:59:44+01:00,README.md
Romain Vimont,2019-12-14 18:23:25+01:00,app/src/server.c
Yu-Chen Lin,2019-12-14 18:47:30+01:00,app/src/command.c
Yu-Chen Lin,2019-12-14 18:47:30+01:00,app/src/sys/unix/command.c
Yu-Chen Lin,2019-12-14 18:47:30+01:00,app/src/sys/win/command.c
Yu-Chen Lin,2019-12-14 18:47:54+01:00,app/src/server.c
Romain Vimont,2019-12-15 22:04:09+01:00,app/meson.build
Romain Vimont,2019-12-15 22:04:09+01:00,app/src/sys/unix/net.c
Romain Vimont,2019-12-15 22:04:09+01:00,app/src/sys/win/net.c
Romain Vimont,2019-12-15 22:04:09+01:00,app/src/util/net.c
Romain Vimont,2019-12-19 11:52:09+01:00,README.md
Romain Vimont,2019-12-19 11:52:09+01:00,app/scrcpy.1
Romain Vimont,2019-12-19 11:52:09+01:00,app/src/cli.c
Romain Vimont,2019-12-19 11:52:09+01:00,server/src/main/java/com/genymobile/scrcpy/ScreenEncoder.java
Romain Vimont,2020-01-17 21:00:14+01:00,app/src/sys/win/command.c
Romain Vimont,2020-01-18 17:21:00+01:00,app/src/server.c
Romain Vimont,2020-01-18 17:21:00+01:00,app/src/server.c
Romain Vimont,2020-01-18 17:21:00+01:00,app/src/util/str_util.c
Romain Vimont,2020-01-18 17:21:00+01:00,app/src/util/str_util.h
Romain Vimont,2020-01-18 17:21:00+01:00,app/tests/test_strutil.c
Romain Vimont,2020-01-18 17:21:00+01:00,app/meson.build
Romain Vimont,2020-01-18 17:21:00+01:00,app/scrcpy.1
Romain Vimont,2020-01-18 17:21:00+01:00,app/src/cli.c
Romain Vimont,2020-01-18 17:21:00+01:00,app/src/common.h
Romain Vimont,2020-01-18 17:21:00+01:00,app/src/scrcpy.c
Romain Vimont,2020-01-18 17:21:00+01:00,app/src/scrcpy.h
Romain Vimont,2020-01-18 17:21:00+01:00,app/src/server.c
Romain Vimont,2020-01-18 17:21:00+01:00,app/src/server.h
Romain Vimont,2020-01-18 17:21:00+01:00,app/tests/test_cli.c
Romain Vimont,2020-01-19 15:52:24+01:00,server/src/main/java/com/genymobile/scrcpy/Workarounds.java
Romain Vimont,2020-01-19 16:04:20+01:00,LICENSE
Romain Vimont,2020-01-19 16:04:20+01:00,README.ko.md
Romain Vimont,2020-01-19 16:04:20+01:00,README.md
Romain Vimont,2020-01-19 16:04:20+01:00,app/scrcpy.1
Romain Vimont,2020-01-19 16:19:51+01:00,README.md
Romain Vimont,2020-02-06 18:42:08+01:00,README.md
Camilo Martinez,2020-02-15 22:26:30+01:00,README.md
George Stamoulis,2020-02-16 16:04:17+01:00,DEVELOP.md
Romain Vimont,2020-02-25 12:20:18+01:00,app/src/scrcpy.c
Romain Vimont,2020-02-27 21:24:37+01:00,server/src/main/java/com/genymobile/scrcpy/ScreenEncoder.java
George Stamoulis,2020-02-27 21:24:37+01:00,README.md
George Stamoulis,2020-02-27 21:24:37+01:00,app/meson.build
George Stamoulis,2020-02-27 21:24:37+01:00,app/scrcpy.1
George Stamoulis,2020-02-27 21:24:37+01:00,app/src/cli.c
George Stamoulis,2020-02-27 21:24:37+01:00,app/src/scrcpy.c
George Stamoulis,2020-02-27 21:24:37+01:00,app/src/scrcpy.h
George Stamoulis,2020-02-27 21:24:37+01:00,app/src/server.c
George Stamoulis,2020-02-27 21:24:37+01:00,app/src/server.h
George Stamoulis,2020-02-27 21:24:37+01:00,app/tests/test_cli.c
George Stamoulis,2020-02-27 21:24:37+01:00,server/src/main/java/com/genymobile/scrcpy/Device.java
George Stamoulis,2020-02-27 21:24:37+01:00,server/src/main/java/com/genymobile/scrcpy/Options.java
George Stamoulis,2020-02-27 21:24:37+01:00,server/src/main/java/com/genymobile/scrcpy/Position.java
George Stamoulis,2020-02-27 21:24:37+01:00,server/src/main/java/com/genymobile/scrcpy/ScreenEncoder.java
George Stamoulis,2020-02-27 21:24:37+01:00,server/src/main/java/com/genymobile/scrcpy/ScreenInfo.java
George Stamoulis,2020-02-27 21:24:37+01:00,server/src/main/java/com/genymobile/scrcpy/Server.java
yangfl,2020-02-27 21:28:42+01:00,app/src/command.c
yangfl,2020-02-27 21:28:42+01:00,app/src/command.h
yangfl,2020-02-27 21:28:42+01:00,app/src/sys/unix/command.c
Romain Vimont,2020-03-03 21:39:27+01:00,README.md
Romain Vimont,2020-03-04 22:15:10+01:00,server/src/main/java/com/genymobile/scrcpy/ScreenEncoder.java
Romain Vimont,2020-03-04 22:15:10+01:00,server/src/main/java/com/genymobile/scrcpy/Device.java
Romain Vimont,2020-03-04 22:15:10+01:00,server/src/main/java/com/genymobile/scrcpy/ScreenInfo.java
Romain Vimont,2020-03-04 22:15:10+01:00,server/src/main/java/com/genymobile/scrcpy/Device.java
Romain Vimont,2020-03-04 22:15:10+01:00,server/src/main/java/com/genymobile/scrcpy/ScreenEncoder.java
Romain Vimont,2020-03-04 22:15:10+01:00,server/src/main/java/com/genymobile/scrcpy/ScreenInfo.java
Romain Vimont,2020-03-08 10:38:31+01:00,server/src/main/java/com/genymobile/scrcpy/Device.java
Romain Vimont,2020-03-08 10:38:31+01:00,server/src/main/java/com/genymobile/scrcpy/ScreenEncoder.java
Romain Vimont,2020-03-08 10:38:31+01:00,server/src/main/java/com/genymobile/scrcpy/ScreenInfo.java
Romain Vimont,2020-03-14 17:07:20+01:00,README.md
Yogev Boaron Ben-Har,2020-03-14 17:11:49+01:00,README.md
Jaafar Biyadi,2020-03-14 17:37:14+01:00,app/src/event_converter.c
Romain Vimont,2020-03-19 19:15:43+01:00,DEVELOP.md
Romain Vimont,2020-03-19 19:15:43+01:00,app/meson.build
Romain Vimont,2020-03-19 19:15:43+01:00,app/src/server.c
Romain Vimont,2020-03-19 19:15:43+01:00,meson_options.txt
Romain Vimont,2020-03-19 19:16:08+01:00,README.md
Romain Vimont,2020-03-19 19:22:58+01:00,FAQ.md
Tzah Mazuz,2020-03-19 19:28:57+01:00,server/src/main/java/com/genymobile/scrcpy/Server.java
Romain Vimont,2020-03-26 22:43:53+01:00,server/src/main/java/com/genymobile/scrcpy/ControlMessageReader.java
Romain Vimont,2020-03-26 22:45:43+01:00,server/src/main/java/com/genymobile/scrcpy/ControlMessageReader.java
Romain Vimont,2020-03-26 22:48:01+01:00,server/src/main/java/com/genymobile/scrcpy/ControlMessageReader.java
Romain Vimont,2020-03-26 22:48:01+01:00,server/src/test/java/com/genymobile/scrcpy/ControlMessageReaderTest.java
Romain Vimont,2020-03-26 22:52:41+01:00,app/scrcpy.1
Romain Vimont,2020-03-26 22:52:41+01:00,app/src/cli.c
Romain Vimont,2020-03-26 22:52:41+01:00,app/src/scrcpy.h
Romain Vimont,2020-03-26 22:52:41+01:00,app/src/screen.c
Romain Vimont,2020-03-26 22:52:41+01:00,app/src/screen.h
Romain Vimont,2020-03-27 14:01:56+01:00,app/src/cli.c
Romain Vimont,2020-03-28 15:52:02+01:00,server/src/main/java/com/genymobile/scrcpy/Server.java
Romain Vimont,2020-03-28 22:08:16+01:00,config/checkstyle/checkstyle.xml
Romain Vimont,2020-03-28 22:08:16+01:00,server/src/main/java/com/genymobile/scrcpy/ControlMessageReader.java
Romain Vimont,2020-03-28 22:08:16+01:00,server/src/main/java/com/genymobile/scrcpy/Controller.java
Romain Vimont,2020-03-28 22:08:16+01:00,server/src/main/java/com/genymobile/scrcpy/DesktopConnection.java
Romain Vimont,2020-03-28 22:08:16+01:00,server/src/main/java/com/genymobile/scrcpy/DeviceMessageWriter.java
Romain Vimont,2020-03-28 22:08:16+01:00,server/src/main/java/com/genymobile/scrcpy/ScreenEncoder.java
Romain Vimont,2020-03-28 22:08:16+01:00,server/src/main/java/com/genymobile/scrcpy/ScreenInfo.java
Romain Vimont,2020-03-28 22:08:16+01:00,server/src/main/java/com/genymobile/scrcpy/Server.java
Romain Vimont,2020-03-28 22:08:16+01:00,server/src/main/java/com/genymobile/scrcpy/StringUtils.java
Romain Vimont,2020-03-28 22:08:16+01:00,server/src/test/java/com/genymobile/scrcpy/ControlMessageReaderTest.java
Romain Vimont,2020-03-28 22:08:16+01:00,server/src/test/java/com/genymobile/scrcpy/StringUtilsTest.java
e_vigurskiy,2020-04-02 21:02:52+02:00,README.md
e_vigurskiy,2020-04-02 21:02:52+02:00,app/scrcpy.1
e_vigurskiy,2020-04-02 21:02:52+02:00,app/src/cli.c
e_vigurskiy,2020-04-02 21:02:52+02:00,app/src/scrcpy.c
e_vigurskiy,2020-04-02 21:02:52+02:00,app/src/scrcpy.h
e_vigurskiy,2020-04-02 21:02:52+02:00,app/src/server.c
e_vigurskiy,2020-04-02 21:02:52+02:00,app/src/server.h
e_vigurskiy,2020-04-02 21:02:52+02:00,server/src/main/java/com/genymobile/scrcpy/Controller.java
e_vigurskiy,2020-04-02 21:02:52+02:00,server/src/main/java/com/genymobile/scrcpy/Device.java
e_vigurskiy,2020-04-02 21:02:52+02:00,server/src/main/java/com/genymobile/scrcpy/DisplayInfo.java
e_vigurskiy,2020-04-02 21:02:52+02:00,server/src/main/java/com/genymobile/scrcpy/InvalidDisplayIdException.java
e_vigurskiy,2020-04-02 21:02:52+02:00,server/src/main/java/com/genymobile/scrcpy/Options.java
e_vigurskiy,2020-04-02 21:02:52+02:00,server/src/main/java/com/genymobile/scrcpy/ScreenEncoder.java
e_vigurskiy,2020-04-02 21:02:52+02:00,server/src/main/java/com/genymobile/scrcpy/Server.java
e_vigurskiy,2020-04-02 21:02:52+02:00,server/src/main/java/com/genymobile/scrcpy/wrappers/DisplayManager.java
e_vigurskiy,2020-04-02 21:02:52+02:00,server/src/main/java/com/genymobile/scrcpy/wrappers/InputManager.java
Romain Vimont,2020-04-02 21:05:26+02:00,app/src/server.c
Romain Vimont,2020-04-02 21:05:26+02:00,app/src/server.c
Romain Vimont,2020-04-02 21:05:26+02:00,app/src/server.h
Romain Vimont,2020-04-02 21:05:26+02:00,app/src/server.c
Romain Vimont,2020-04-02 21:05:26+02:00,app/src/server.h
Romain Vimont,2020-04-02 21:05:26+02:00,app/src/server.c
Romain Vimont,2020-04-02 21:05:26+02:00,server/src/main/java/com/genymobile/scrcpy/Device.java
Romain Vimont,2020-04-02 21:05:26+02:00,server/src/main/java/com/genymobile/scrcpy/wrappers/ClipboardManager.java
Romain Vimont,2020-04-02 21:05:26+02:00,server/src/main/java/com/genymobile/scrcpy/wrappers/SurfaceControl.java
Romain Vimont,2020-04-02 21:05:26+02:00,app/src/fps_counter.c
Romain Vimont,2020-04-02 21:05:26+02:00,app/src/fps_counter.h
Romain Vimont,2020-04-02 21:05:26+02:00,app/src/server.c
Romain Vimont,2020-04-02 21:05:26+02:00,app/src/server.h
Harsh Shandilya,2020-04-03 18:10:51+02:00,build.gradle
Harsh Shandilya,2020-04-03 18:11:35+02:00,gradle/wrapper/gradle-wrapper.jar
Harsh Shandilya,2020-04-03 18:11:35+02:00,gradle/wrapper/gradle-wrapper.properties
Harsh Shandilya,2020-04-03 18:11:35+02:00,gradlew
Harsh Shandilya,2020-04-03 18:11:35+02:00,gradlew.bat
Harsh Shandilya,2020-04-03 18:20:33+02:00,.gitignore
Romain Vimont,2020-04-03 18:51:18+02:00,.github/ISSUE_TEMPLATE/bug_report.md
Romain Vimont,2020-04-03 18:51:18+02:00,.github/ISSUE_TEMPLATE/feature_request.md
Romain Vimont,2020-04-03 21:29:09+02:00,.github/ISSUE_TEMPLATE/bug_report.md
Romain Vimont,2020-04-07 10:37:19+02:00,FAQ.md
Romain Vimont,2020-04-07 10:43:20+02:00,BUILD.md
Romain Vimont,2020-04-07 23:06:33+02:00,BUILD.md
Romain Vimont,2020-04-08 12:02:15+02:00,app/scrcpy.1
Romain Vimont,2020-04-08 12:02:15+02:00,app/src/cli.c
Romain Vimont,2020-04-08 12:02:26+02:00,README.md
Romain Vimont,2020-04-08 12:02:26+02:00,app/scrcpy.1
Romain Vimont,2020-04-08 12:02:26+02:00,app/src/cli.c
Romain Vimont,2020-04-08 12:02:26+02:00,app/src/input_manager.c
Romain Vimont,2020-04-08 12:02:26+02:00,app/src/screen.c
Romain Vimont,2020-04-08 12:02:26+02:00,app/src/screen.h
Romain Vimont,2020-04-08 12:09:22+02:00,README.md
Romain Vimont,2020-04-08 12:09:22+02:00,app/scrcpy.1
Romain Vimont,2020-04-08 12:09:22+02:00,app/src/cli.c
Romain Vimont,2020-04-08 12:09:22+02:00,app/src/scrcpy.c
Romain Vimont,2020-04-08 12:09:22+02:00,app/src/scrcpy.h
Romain Vimont,2020-04-08 12:09:22+02:00,app/src/screen.c
Romain Vimont,2020-04-08 12:09:22+02:00,app/src/screen.h
Romain Vimont,2020-04-08 12:09:24+02:00,app/scrcpy.1
Romain Vimont,2020-04-08 12:09:24+02:00,app/src/cli.c
Romain Vimont,2020-04-08 12:09:24+02:00,app/src/cli.c
Romain Vimont,2020-04-08 12:09:24+02:00,server/src/main/java/com/genymobile/scrcpy/Workarounds.java
Romain Vimont,2020-04-08 12:09:24+02:00,server/src/main/java/com/genymobile/scrcpy/wrappers/ServiceManager.java
Kostiantyn Luzan,2020-04-08 12:09:24+02:00,server/src/main/java/com/genymobile/scrcpy/Device.java
Kostiantyn Luzan,2020-04-08 12:09:24+02:00,server/src/main/java/com/genymobile/scrcpy/wrappers/WindowManager.java
Romain Vimont,2020-04-08 14:12:54+02:00,app/src/screen.c
Romain Vimont,2020-04-08 14:12:54+02:00,app/src/screen.h
Romain Vimont,2020-04-08 14:27:25+02:00,app/src/input_manager.c
Romain Vimont,2020-04-08 16:37:33+02:00,app/src/input_manager.c
Romain Vimont,2020-04-11 14:31:14+02:00,app/src/cli.c
Romain Vimont,2020-04-12 02:08:16+02:00,server/src/main/java/com/genymobile/scrcpy/ScreenEncoder.java
Romain Vimont,2020-04-12 02:08:16+02:00,server/src/main/java/com/genymobile/scrcpy/Server.java
Romain Vimont,2020-04-12 02:09:28+02:00,server/src/main/java/com/genymobile/scrcpy/ScreenEncoder.java
Romain Vimont,2020-04-13 16:33:19+02:00,app/src/server.c
Romain Vimont,2020-04-13 16:33:21+02:00,app/src/sys/unix/command.c
Romain Vimont,2020-04-13 16:33:21+02:00,app/src/input_manager.c
Romain Vimont,2020-04-13 19:38:43+02:00,app/src/control_msg.c
Romain Vimont,2020-04-13 19:38:43+02:00,app/src/control_msg.h
Romain Vimont,2020-04-13 19:38:43+02:00,app/tests/test_control_msg_serialize.c
Romain Vimont,2020-04-13 19:38:43+02:00,server/src/main/java/com/genymobile/scrcpy/ControlMessageReader.java
Romain Vimont,2020-04-13 19:38:43+02:00,server/src/test/java/com/genymobile/scrcpy/ControlMessageReaderTest.java
Romain Vimont,2020-04-13 22:47:03+02:00,meson.build
Romain Vimont,2020-04-13 22:47:03+02:00,server/meson.build
Romain Vimont,2020-04-15 09:57:59+02:00,README.md
Romain Vimont,2020-04-15 17:39:51+02:00,app/scrcpy.1
Romain Vimont,2020-04-15 17:39:51+02:00,app/src/cli.c
Romain Vimont,2020-04-15 17:39:51+02:00,app/src/scrcpy.c
Romain Vimont,2020-04-15 17:39:51+02:00,app/src/scrcpy.h
Romain Vimont,2020-04-15 17:39:51+02:00,app/src/screen.c
Romain Vimont,2020-04-15 17:39:51+02:00,app/meson.build
Romain Vimont,2020-04-15 17:39:51+02:00,app/src/opengl.c
Romain Vimont,2020-04-15 17:39:51+02:00,app/src/opengl.h
Romain Vimont,2020-04-15 17:39:51+02:00,app/src/screen.c
Romain Vimont,2020-04-15 17:39:51+02:00,app/src/screen.h
Romain Vimont,2020-04-15 17:39:51+02:00,app/scrcpy.1
Romain Vimont,2020-04-15 17:39:51+02:00,app/src/cli.c
Romain Vimont,2020-04-15 17:39:51+02:00,app/src/scrcpy.c
Romain Vimont,2020-04-15 17:39:51+02:00,app/src/scrcpy.h
Romain Vimont,2020-04-15 17:39:51+02:00,app/src/screen.c
Romain Vimont,2020-04-15 17:39:51+02:00,app/src/screen.h
Romain Vimont,2020-04-15 17:39:51+02:00,FAQ.md
Romain Vimont,2020-04-16 20:54:00+02:00,server/src/main/java/com/genymobile/scrcpy/Device.java
Romain Vimont,2020-04-16 20:54:00+02:00,server/src/main/java/com/genymobile/scrcpy/DisplayInfo.java
Romain Vimont,2020-04-16 20:54:00+02:00,server/src/main/java/com/genymobile/scrcpy/wrappers/InputManager.java
Romain Vimont,2020-04-17 18:17:12+02:00,app/src/input_manager.c
Tzah Mazuz,2020-04-18 02:14:42+02:00,server/src/main/java/com/genymobile/scrcpy/ScreenEncoder.java
Romain Vimont,2020-04-18 02:15:22+02:00,app/src/screen.c
Romain Vimont,2020-04-18 02:15:22+02:00,app/src/input_manager.c
Romain Vimont,2020-04-18 02:15:22+02:00,app/src/screen.c
Romain Vimont,2020-04-18 02:15:22+02:00,app/src/screen.h
Romain Vimont,2020-04-23 16:36:48+02:00,README.md
Romain Vimont,2020-04-24 21:36:25+02:00,app/src/scrcpy.c
Romain Vimont,2020-04-24 22:52:02+02:00,app/src/screen.c
Romain Vimont,2020-04-24 23:01:58+02:00,app/src/screen.c
Romain Vimont,2020-04-27 21:45:15+02:00,Makefile.CrossWindows
Romain Vimont,2020-04-27 21:45:15+02:00,cross_win32.txt
Romain Vimont,2020-04-27 21:45:15+02:00,cross_win64.txt
Romain Vimont,2020-04-27 21:45:15+02:00,prebuilt-deps/Makefile
Romain Vimont,2020-04-27 21:45:15+02:00,Makefile.CrossWindows
Romain Vimont,2020-04-27 21:45:15+02:00,cross_win32.txt
Romain Vimont,2020-04-27 21:45:15+02:00,cross_win64.txt
Romain Vimont,2020-04-27 21:45:15+02:00,prebuilt-deps/Makefile
Romain Vimont,2020-04-29 22:24:08+02:00,meson.build
Romain Vimont,2020-04-29 22:24:08+02:00,server/build.gradle
Romain Vimont,2020-04-29 22:24:08+02:00,server/build_without_gradle.sh
Romain Vimont,2020-04-29 22:56:26+02:00,BUILD.md
Romain Vimont,2020-04-29 22:56:26+02:00,README.md
antoninsmetana,2020-05-01 19:34:08+02:00,README.md
Romain Vimont,2020-05-01 19:42:31+02:00,server/src/main/java/com/genymobile/scrcpy/ScreenEncoder.java
Romain Vimont,2020-05-02 01:22:10+02:00,server/src/main/java/com/genymobile/scrcpy/Device.java
Romain Vimont,2020-05-02 01:22:10+02:00,server/src/main/java/com/genymobile/scrcpy/wrappers/ActivityManager.java
Romain Vimont,2020-05-02 01:22:10+02:00,server/src/main/java/com/genymobile/scrcpy/wrappers/ContentProvider.java
Romain Vimont,2020-05-02 01:22:10+02:00,server/src/main/java/com/genymobile/scrcpy/wrappers/ServiceManager.java
Romain Vimont,2020-05-02 01:22:18+02:00,server/src/main/java/com/genymobile/scrcpy/CleanUp.java
Romain Vimont,2020-05-02 01:22:18+02:00,server/src/main/java/com/genymobile/scrcpy/Server.java
Romain Vimont,2020-05-02 01:22:18+02:00,server/src/main/java/com/genymobile/scrcpy/wrappers/ClipboardManager.java
Romain Vimont,2020-05-02 01:22:18+02:00,server/src/main/java/com/genymobile/scrcpy/wrappers/ServiceManager.java
Romain Vimont,2020-05-02 01:55:30+02:00,README.md
Romain Vimont,2020-05-02 01:55:30+02:00,app/scrcpy.1
Romain Vimont,2020-05-02 01:55:30+02:00,app/src/cli.c
Romain Vimont,2020-05-02 01:55:30+02:00,app/src/scrcpy.c
Romain Vimont,2020-05-02 01:55:30+02:00,app/src/server.c
Romain Vimont,2020-05-02 01:55:30+02:00,app/src/server.h
Romain Vimont,2020-05-02 01:55:30+02:00,server/src/main/java/com/genymobile/scrcpy/CleanUp.java
Romain Vimont,2020-05-02 01:55:30+02:00,server/src/main/java/com/genymobile/scrcpy/Options.java
Romain Vimont,2020-05-02 01:55:30+02:00,server/src/main/java/com/genymobile/scrcpy/Server.java
Romain Vimont,2020-05-02 01:55:32+02:00,app/src/cli.c
Romain Vimont,2020-05-02 02:14:25+02:00,README.md
Romain Vimont,2020-05-02 02:14:25+02:00,app/scrcpy.1
Romain Vimont,2020-05-02 02:14:25+02:00,app/src/cli.c
Romain Vimont,2020-05-02 02:14:25+02:00,app/src/scrcpy.c
Romain Vimont,2020-05-02 02:14:25+02:00,app/src/scrcpy.h
Romain Vimont,2020-05-02 02:14:25+02:00,app/src/server.c
Romain Vimont,2020-05-02 02:14:25+02:00,app/src/server.h
Romain Vimont,2020-05-02 02:14:25+02:00,server/src/main/java/com/genymobile/scrcpy/CleanUp.java
Romain Vimont,2020-05-02 02:14:25+02:00,server/src/main/java/com/genymobile/scrcpy/Options.java
Romain Vimont,2020-05-02 02:14:25+02:00,server/src/main/java/com/genymobile/scrcpy/Server.java
Romain Vimont,2020-05-05 19:01:44+02:00,server/src/main/java/com/genymobile/scrcpy/ScreenEncoder.java
Romain Vimont,2020-05-06 01:10:25+02:00,app/src/scrcpy.c
Romain Vimont,2020-05-06 22:21:33+02:00,README.md
Romain Vimont,2020-05-06 22:26:43+02:00,.github/ISSUE_TEMPLATE/bug_report.md
Romain Vimont,2020-05-07 15:08:11+02:00,server/src/main/java/com/genymobile/scrcpy/Controller.java
Romain Vimont,2020-05-08 14:54:33+02:00,README.md
Romain Vimont,2020-05-08 14:54:33+02:00,app/src/scrcpy.c
latreta,2020-05-10 11:46:24+02:00,README.pt-br.md
Romain Vimont,2020-05-10 11:47:56+02:00,README.ko.md
Romain Vimont,2020-05-10 11:47:56+02:00,README.pt-br.md
Romain Vimont,2020-05-11 01:32:54+02:00,app/src/scrcpy.c
Romain Vimont,2020-05-23 14:19:09+02:00,app/src/screen.c
Romain Vimont,2020-05-23 14:19:09+02:00,app/src/screen.c
Romain Vimont,2020-05-23 14:19:09+02:00,app/src/screen.h
Romain Vimont,2020-05-23 14:19:09+02:00,app/src/screen.c
Romain Vimont,2020-05-23 14:19:09+02:00,app/src/screen.c
Romain Vimont,2020-05-23 14:19:09+02:00,app/src/screen.c
Romain Vimont,2020-05-23 14:19:09+02:00,app/src/input_manager.c
Romain Vimont,2020-05-23 14:19:09+02:00,app/src/scrcpy.c
Romain Vimont,2020-05-23 14:19:09+02:00,app/src/screen.c
Romain Vimont,2020-05-23 14:19:09+02:00,app/src/screen.h
Romain Vimont,2020-05-23 14:19:09+02:00,app/src/screen.c
Romain Vimont,2020-05-23 14:23:30+02:00,app/src/screen.c
Romain Vimont,2020-05-23 14:32:16+02:00,app/src/screen.c
Romain Vimont,2020-05-23 14:39:09+02:00,server/src/main/java/com/genymobile/scrcpy/Device.java
Romain Vimont,2020-05-23 18:21:54+02:00,server/src/main/java/com/genymobile/scrcpy/Device.java
Romain Vimont,2020-05-24 14:31:49+02:00,README.md
Romain Vimont,2020-05-24 14:31:49+02:00,server/src/main/aidl/android/content/IOnPrimaryClipChangedListener.aidl
Romain Vimont,2020-05-24 14:31:49+02:00,server/src/main/java/com/genymobile/scrcpy/Device.java
Romain Vimont,2020-05-24 14:31:49+02:00,server/src/main/java/com/genymobile/scrcpy/Server.java
Romain Vimont,2020-05-24 14:31:49+02:00,server/src/main/java/com/genymobile/scrcpy/wrappers/ClipboardManager.java
Romain Vimont,2020-05-24 14:33:23+02:00,server/src/main/java/com/genymobile/scrcpy/ControlMessageReader.java
Romain Vimont,2020-05-24 14:33:43+02:00,server/src/test/java/com/genymobile/scrcpy/ControlMessageReaderTest.java
Tzah Mazuz,2020-05-24 14:54:34+02:00,app/scrcpy.1
Tzah Mazuz,2020-05-24 14:54:34+02:00,app/src/cli.c
Tzah Mazuz,2020-05-24 14:54:34+02:00,app/src/scrcpy.c
Tzah Mazuz,2020-05-24 14:54:34+02:00,app/src/scrcpy.h
Tzah Mazuz,2020-05-24 14:54:34+02:00,app/src/server.c
Tzah Mazuz,2020-05-24 14:54:34+02:00,app/src/server.h
Tzah Mazuz,2020-05-24 14:54:34+02:00,server/src/main/java/com/genymobile/scrcpy/CodecOption.java
Tzah Mazuz,2020-05-24 14:54:34+02:00,server/src/main/java/com/genymobile/scrcpy/Options.java
Tzah Mazuz,2020-05-24 14:54:34+02:00,server/src/main/java/com/genymobile/scrcpy/ScreenEncoder.java
Tzah Mazuz,2020-05-24 14:54:34+02:00,server/src/main/java/com/genymobile/scrcpy/Server.java
Tzah Mazuz,2020-05-24 14:54:34+02:00,server/src/test/java/com/genymobile/scrcpy/CodecOptionsTest.java
Romain Vimont,2020-05-24 21:11:21+02:00,app/src/server.c
Romain Vimont,2020-05-24 21:14:25+02:00,app/src/server.c
Romain Vimont,2020-05-24 21:14:25+02:00,server/src/main/java/com/genymobile/scrcpy/Ln.java
Romain Vimont,2020-05-24 21:14:25+02:00,server/src/main/java/com/genymobile/scrcpy/Options.java
Romain Vimont,2020-05-24 21:14:25+02:00,server/src/main/java/com/genymobile/scrcpy/Server.java
Romain Vimont,2020-05-24 22:01:51+02:00,app/scrcpy.1
Romain Vimont,2020-05-24 22:01:51+02:00,app/src/cli.c
Romain Vimont,2020-05-24 22:01:51+02:00,app/src/main.c
Romain Vimont,2020-05-24 22:01:51+02:00,app/src/scrcpy.c
Romain Vimont,2020-05-24 22:01:51+02:00,app/src/scrcpy.h
Romain Vimont,2020-05-24 22:01:51+02:00,app/src/server.c
Romain Vimont,2020-05-24 22:01:51+02:00,app/src/server.h
Romain Vimont,2020-05-24 22:01:51+02:00,app/src/util/log.h
Romain Vimont,2020-05-24 23:14:30+02:00,app/scrcpy.1
Romain Vimont,2020-05-24 23:28:31+02:00,README.md
Romain Vimont,2020-05-24 23:28:31+02:00,app/scrcpy.1
Romain Vimont,2020-05-24 23:28:31+02:00,app/src/cli.c
Romain Vimont,2020-05-24 23:28:31+02:00,app/src/scrcpy.c
Romain Vimont,2020-05-24 23:28:31+02:00,app/src/scrcpy.h
Romain Vimont,2020-05-24 23:28:31+02:00,app/src/server.c
Romain Vimont,2020-05-24 23:28:31+02:00,app/src/server.h
Romain Vimont,2020-05-25 03:22:07+02:00,server/src/main/java/com/genymobile/scrcpy/Ln.java
Romain Vimont,2020-05-25 03:28:15+02:00,server/src/main/java/com/genymobile/scrcpy/Server.java
Romain Vimont,2020-05-25 03:28:33+02:00,server/src/main/java/com/genymobile/scrcpy/Controller.java
Romain Vimont,2020-05-25 03:28:33+02:00,server/src/main/java/com/genymobile/scrcpy/Device.java
Romain Vimont,2020-05-25 03:28:33+02:00,server/src/main/java/com/genymobile/scrcpy/Device.java
Romain Vimont,2020-05-25 03:28:33+02:00,server/src/main/java/com/genymobile/scrcpy/Controller.java
Romain Vimont,2020-05-25 03:28:33+02:00,server/src/main/java/com/genymobile/scrcpy/Device.java
Romain Vimont,2020-05-25 18:41:05+02:00,app/src/control_msg.c
Romain Vimont,2020-05-25 18:41:05+02:00,app/tests/test_control_msg_serialize.c
Romain Vimont,2020-05-25 20:59:21+02:00,README.md
Romain Vimont,2020-05-25 20:59:21+02:00,app/scrcpy.1
Romain Vimont,2020-05-25 20:59:21+02:00,app/src/cli.c
Romain Vimont,2020-05-25 20:59:21+02:00,app/src/control_msg.c
Romain Vimont,2020-05-25 20:59:21+02:00,app/src/control_msg.h
Romain Vimont,2020-05-25 20:59:21+02:00,app/src/input_manager.c
Romain Vimont,2020-05-25 20:59:21+02:00,app/tests/test_control_msg_serialize.c
Romain Vimont,2020-05-25 20:59:21+02:00,server/src/main/java/com/genymobile/scrcpy/ControlMessage.java
Romain Vimont,2020-05-25 20:59:21+02:00,server/src/main/java/com/genymobile/scrcpy/ControlMessageReader.java
Romain Vimont,2020-05-25 20:59:21+02:00,server/src/main/java/com/genymobile/scrcpy/Controller.java
Romain Vimont,2020-05-25 20:59:21+02:00,server/src/test/java/com/genymobile/scrcpy/ControlMessageReaderTest.java
Romain Vimont,2020-05-26 19:21:05+02:00,prebuilt-deps/Makefile
Romain Vimont,2020-05-27 12:05:29+02:00,server/src/main/java/com/genymobile/scrcpy/Ln.java
Romain Vimont,2020-05-27 12:39:42+02:00,app/scrcpy.1
Romain Vimont,2020-05-27 18:26:39+02:00,server/src/main/java/com/genymobile/scrcpy/Controller.java
Romain Vimont,2020-05-27 18:26:46+02:00,README.md
Romain Vimont,2020-05-27 18:26:46+02:00,app/scrcpy.1
Romain Vimont,2020-05-27 18:26:46+02:00,app/src/cli.c
Romain Vimont,2020-05-27 18:26:46+02:00,app/src/input_manager.c
Romain Vimont,2020-05-27 18:26:46+02:00,meson.build
Romain Vimont,2020-05-27 18:26:46+02:00,server/build.gradle
Romain Vimont,2020-05-27 18:26:46+02:00,server/build_without_gradle.sh
Romain Vimont,2020-05-27 19:31:12+02:00,BUILD.md
Romain Vimont,2020-05-27 19:31:12+02:00,README.md
Romain Vimont,2020-05-27 19:32:02+02:00,README.md
Romain Vimont,2020-05-28 23:07:28+02:00,README.md
Romain Vimont,2020-05-28 23:07:28+02:00,app/scrcpy.1
Romain Vimont,2020-05-28 23:07:28+02:00,app/src/cli.c
Romain Vimont,2020-05-29 22:02:41+02:00,app/src/input_manager.c
Romain Vimont,2020-06-02 18:25:22+02:00,.gitignore
Romain Vimont,2020-06-02 18:27:14+02:00,app/src/main.c
Romain Vimont,2020-06-02 18:27:23+02:00,app/src/main.c
Louis Leseur,2020-06-07 22:00:35+02:00,server/build_without_gradle.sh
Romain Vimont,2020-06-09 22:09:23+02:00,README.md
Romain Vimont,2020-06-11 22:58:54+02:00,app/src/control_msg.h
Romain Vimont,2020-06-11 22:58:54+02:00,app/src/device_msg.h
Romain Vimont,2020-06-11 22:58:54+02:00,server/src/main/java/com/genymobile/scrcpy/ControlMessageReader.java
Romain Vimont,2020-06-11 22:58:54+02:00,server/src/main/java/com/genymobile/scrcpy/DeviceMessageWriter.java
Romain Vimont,2020-06-11 23:06:02+02:00,server/src/main/java/com/genymobile/scrcpy/ControlMessageReader.java
Romain Vimont,2020-06-11 23:06:02+02:00,app/meson.build
Romain Vimont,2020-06-11 23:06:02+02:00,app/tests/test_device_msg_deserialize.c
Romain Vimont,2020-06-11 23:08:04+02:00,app/src/control_msg.h
Romain Vimont,2020-06-11 23:08:04+02:00,app/src/controller.c
Romain Vimont,2020-06-11 23:08:04+02:00,app/src/device_msg.h
Romain Vimont,2020-06-11 23:08:04+02:00,app/src/receiver.c
Romain Vimont,2020-06-11 23:08:04+02:00,app/tests/test_control_msg_serialize.c
Romain Vimont,2020-06-11 23:08:04+02:00,app/tests/test_device_msg_deserialize.c
Romain Vimont,2020-06-11 23:11:17+02:00,app/src/control_msg.c
Romain Vimont,2020-06-11 23:11:17+02:00,app/src/control_msg.h
Romain Vimont,2020-06-11 23:11:17+02:00,app/src/device_msg.c
Romain Vimont,2020-06-11 23:11:17+02:00,app/src/device_msg.h
Romain Vimont,2020-06-11 23:11:17+02:00,app/tests/test_control_msg_serialize.c
Romain Vimont,2020-06-11 23:11:17+02:00,app/tests/test_device_msg_deserialize.c
Romain Vimont,2020-06-11 23:11:17+02:00,server/src/main/java/com/genymobile/scrcpy/ControlMessageReader.java
Romain Vimont,2020-06-11 23:11:17+02:00,server/src/main/java/com/genymobile/scrcpy/DeviceMessageWriter.java
Romain Vimont,2020-06-11 23:11:17+02:00,server/src/test/java/com/genymobile/scrcpy/ControlMessageReaderTest.java
Romain Vimont,2020-06-11 23:11:17+02:00,server/src/test/java/com/genymobile/scrcpy/DeviceMessageWriterTest.java
Romain Vimont,2020-06-11 23:11:20+02:00,app/src/receiver.c
Romain Vimont,2020-06-11 23:11:20+02:00,app/src/control_msg.h
Romain Vimont,2020-06-11 23:11:20+02:00,app/src/device_msg.h
Romain Vimont,2020-06-11 23:11:20+02:00,server/src/main/java/com/genymobile/scrcpy/ControlMessageReader.java
Romain Vimont,2020-06-11 23:11:20+02:00,server/src/main/java/com/genymobile/scrcpy/DeviceMessageWriter.java
Romain Vimont,2020-06-11 23:11:20+02:00,app/src/controller.c
Romain Vimont,2020-06-11 23:11:20+02:00,app/src/receiver.c
AreYouLoco?,2020-06-18 21:13:35+02:00,README.md
Ivan Keliukh,2020-06-18 21:35:28+02:00,README.md
Ivan Keliukh,2020-06-18 21:35:28+02:00,app/scrcpy.1
Ivan Keliukh,2020-06-18 21:35:28+02:00,app/src/cli.c
Ivan Keliukh,2020-06-18 21:35:28+02:00,app/src/scrcpy.c
Ivan Keliukh,2020-06-18 21:35:28+02:00,app/src/scrcpy.h
Romain Vimont,2020-06-19 21:54:46+02:00,app/tests/test_cli.c
Romain Vimont,2020-06-19 22:30:02+02:00,app/src/cli.c
Romain Vimont,2020-06-19 22:30:02+02:00,app/src/main.c
Romain Vimont,2020-06-19 22:30:02+02:00,app/src/recorder.c
Romain Vimont,2020-06-19 22:30:02+02:00,app/src/recorder.h
Romain Vimont,2020-06-19 22:30:02+02:00,app/src/scrcpy.c
Romain Vimont,2020-06-19 22:30:02+02:00,app/src/scrcpy.h
Romain Vimont,2020-06-19 22:30:02+02:00,app/src/screen.c
Romain Vimont,2020-06-19 22:30:02+02:00,app/src/screen.h
Romain Vimont,2020-06-19 22:30:02+02:00,app/src/server.c
Romain Vimont,2020-06-19 22:30:02+02:00,app/src/server.h
Romain Vimont,2020-06-19 22:30:02+02:00,app/src/util/log.h
Romain Vimont,2020-06-19 22:30:02+02:00,app/tests/test_cli.c
xeropresence,2020-06-19 22:30:17+02:00,app/src/control_msg.c
xeropresence,2020-06-19 22:30:17+02:00,app/src/control_msg.h
xeropresence,2020-06-19 22:30:17+02:00,app/src/input_manager.c
xeropresence,2020-06-19 22:30:17+02:00,app/src/input_manager.h
xeropresence,2020-06-19 22:30:17+02:00,app/src/scrcpy.c
xeropresence,2020-06-19 22:30:17+02:00,app/tests/test_control_msg_serialize.c
xeropresence,2020-06-19 22:30:17+02:00,server/src/main/java/com/genymobile/scrcpy/ControlMessage.java
xeropresence,2020-06-19 22:30:17+02:00,server/src/main/java/com/genymobile/scrcpy/ControlMessageReader.java
xeropresence,2020-06-19 22:30:17+02:00,server/src/main/java/com/genymobile/scrcpy/Controller.java
xeropresence,2020-06-19 22:30:17+02:00,server/src/test/java/com/genymobile/scrcpy/ControlMessageReaderTest.java
Hossam Elbadissi,2020-06-25 22:08:02+02:00,README.md
Romain Vimont,2020-06-27 15:45:28+02:00,app/src/input_manager.c
Romain Vimont,2020-06-27 15:45:28+02:00,app/src/screen.c
Romain Vimont,2020-06-27 15:45:28+02:00,app/src/screen.h
axxx007xxxz,2020-06-27 15:51:44+02:00,README.md
Romain Vimont,2020-07-03 08:53:51+02:00,server/src/main/java/com/genymobile/scrcpy/Device.java
Romain Vimont,2020-07-03 08:53:51+02:00,server/src/main/java/com/genymobile/scrcpy/wrappers/ServiceManager.java
Romain Vimont,2020-07-07 15:34:34+02:00,server/src/main/java/com/genymobile/scrcpy/Controller.java
Romain Vimont,2020-07-07 15:34:34+02:00,server/src/main/java/com/genymobile/scrcpy/Device.java
Romain Vimont,2020-07-07 15:47:25+02:00,server/src/main/java/com/genymobile/scrcpy/Device.java
NGAU Zeonfung,2020-07-07 20:50:09+02:00,BUILD.md
Romain Vimont,2020-07-09 22:31:47+02:00,app/src/input_manager.c
Romain Vimont,2020-07-09 22:32:14+02:00,server/src/main/java/com/genymobile/scrcpy/Controller.java
brunoais,2020-07-09 22:33:11+02:00,server/src/main/java/com/genymobile/scrcpy/CleanUp.java
brunoais,2020-07-09 22:33:11+02:00,server/src/main/java/com/genymobile/scrcpy/Server.java
Romain Vimont,2020-07-15 12:03:44+02:00,server/src/main/java/com/genymobile/scrcpy/Controller.java
Romain Vimont,2020-07-15 12:17:04+02:00,app/tests/test_buffer_util.c
Romain Vimont,2020-07-15 12:17:04+02:00,app/tests/test_cbuf.c
Romain Vimont,2020-07-15 12:17:04+02:00,app/tests/test_cli.c
Romain Vimont,2020-07-15 12:17:04+02:00,app/tests/test_control_msg_serialize.c
Romain Vimont,2020-07-15 12:17:04+02:00,app/tests/test_device_msg_deserialize.c
Romain Vimont,2020-07-15 12:17:04+02:00,app/tests/test_queue.c
Romain Vimont,2020-07-15 12:17:04+02:00,app/tests/test_strutil.c
Romain Vimont,2020-07-17 00:00:42+02:00,server/src/main/java/com/genymobile/scrcpy/ControlMessage.java
Romain Vimont,2020-07-17 00:00:42+02:00,server/src/main/java/com/genymobile/scrcpy/ControlMessageReader.java
Romain Vimont,2020-07-17 00:00:42+02:00,server/src/main/java/com/genymobile/scrcpy/Controller.java
Romain Vimont,2020-07-17 00:00:42+02:00,server/src/test/java/com/genymobile/scrcpy/ControlMessageReaderTest.java
Romain Vimont,2020-07-17 00:00:42+02:00,app/src/input_manager.c
Romain Vimont,2020-08-01 16:31:08+02:00,README.md
Romain Vimont,2020-08-01 16:31:08+02:00,app/src/cli.c
Romain Vimont,2020-08-01 16:31:08+02:00,app/src/input_manager.c
Romain Vimont,2020-08-01 16:31:27+02:00,README.md
Romain Vimont,2020-08-01 16:31:27+02:00,app/meson.build
Romain Vimont,2020-08-01 16:31:27+02:00,app/scrcpy.1
Romain Vimont,2020-08-01 16:31:27+02:00,app/src/cli.c
Romain Vimont,2020-08-01 16:31:27+02:00,app/src/cli.h
Romain Vimont,2020-08-01 16:31:27+02:00,app/src/input_manager.c
Romain Vimont,2020-08-01 16:31:27+02:00,app/src/input_manager.h
Romain Vimont,2020-08-01 16:31:27+02:00,app/src/scrcpy.c
Romain Vimont,2020-08-01 16:31:27+02:00,app/src/scrcpy.h
Romain Vimont,2020-08-01 16:31:27+02:00,app/tests/test_cli.c
Romain Vimont,2020-08-01 16:31:31+02:00,README.md
Romain Vimont,2020-08-01 16:31:31+02:00,app/scrcpy.1
Romain Vimont,2020-08-01 16:31:31+02:00,app/src/cli.c
Romain Vimont,2020-08-01 16:31:31+02:00,app/src/scrcpy.h
Romain Vimont,2020-08-01 16:31:31+02:00,app/src/input_manager.c
Romain Vimont,2020-08-01 16:31:31+02:00,app/src/event_converter.c
Romain Vimont,2020-08-01 16:31:31+02:00,app/src/event_converter.c
Romain Vimont,2020-08-01 16:31:31+02:00,app/src/input_manager.c
Romain Vimont,2020-08-01 16:31:31+02:00,server/src/main/java/com/genymobile/scrcpy/Device.java
Romain Vimont,2020-08-01 16:31:31+02:00,app/src/receiver.c
Romain Vimont,2020-08-01 16:31:31+02:00,README.md
Romain Vimont,2020-08-01 16:31:31+02:00,app/scrcpy.1
Romain Vimont,2020-08-01 16:31:31+02:00,app/src/cli.c
Romain Vimont,2020-08-01 16:31:31+02:00,app/src/input_manager.c
Romain Vimont,2020-08-01 16:31:31+02:00,README.md
Romain Vimont,2020-08-01 16:31:31+02:00,app/scrcpy.1
Romain Vimont,2020-08-01 16:31:31+02:00,app/src/cli.c
Romain Vimont,2020-08-01 16:31:31+02:00,app/src/input_manager.c
Romain Vimont,2020-08-01 16:47:43+02:00,README.md
Romain Vimont,2020-08-01 16:47:43+02:00,app/scrcpy.1
Romain Vimont,2020-08-01 16:47:43+02:00,app/src/cli.c
Romain Vimont,2020-08-01 16:47:43+02:00,app/src/input_manager.c
Romain Vimont,2020-08-01 16:47:44+02:00,README.md
Romain Vimont,2020-08-01 16:47:44+02:00,app/scrcpy.1
Romain Vimont,2020-08-01 16:47:44+02:00,app/src/cli.c
Romain Vimont,2020-08-01 16:47:44+02:00,app/src/input_manager.c
Romain Vimont,2020-08-01 16:51:37+02:00,README.md
Romain Vimont,2020-08-01 16:51:38+02:00,README.md
Romain Vimont,2020-08-01 17:04:16+02:00,README.md
Romain Vimont,2020-08-01 17:10:09+02:00,README.md
Romain Vimont,2020-08-02 18:19:41+02:00,app/src/input_manager.c
Romain Vimont,2020-08-02 18:19:41+02:00,app/src/input_manager.h
Romain Vimont,2020-08-02 18:19:41+02:00,app/src/scrcpy.c
xeropresence,2020-08-02 18:20:14+02:00,app/src/scrcpy.c
xeropresence,2020-08-03 19:51:55+02:00,README.md
xeropresence,2020-08-03 19:51:55+02:00,app/scrcpy.1
xeropresence,2020-08-03 19:51:55+02:00,app/src/cli.c
xeropresence,2020-08-03 19:51:55+02:00,app/src/input_manager.c
xeropresence,2020-08-03 19:51:55+02:00,app/src/input_manager.h
xeropresence,2020-08-03 19:51:55+02:00,app/src/scrcpy.h
brunoais,2020-08-03 19:51:58+02:00,README.md
brunoais,2020-08-03 19:51:58+02:00,server/src/main/java/com/genymobile/scrcpy/Controller.java
Romain Vimont,2020-08-06 21:00:48+02:00,prebuilt-deps/Makefile
Romain Vimont,2020-08-06 21:00:48+02:00,Makefile.CrossWindows
Romain Vimont,2020-08-06 21:00:48+02:00,cross_win32.txt
Romain Vimont,2020-08-06 21:00:48+02:00,cross_win64.txt
Romain Vimont,2020-08-06 21:00:48+02:00,prebuilt-deps/Makefile
Romain Vimont,2020-08-06 21:00:48+02:00,meson.build
Romain Vimont,2020-08-06 21:00:48+02:00,server/build.gradle
Romain Vimont,2020-08-06 21:00:48+02:00,server/build_without_gradle.sh
Romain Vimont,2020-08-06 21:56:06+02:00,BUILD.md
Romain Vimont,2020-08-06 21:56:06+02:00,README.md
Romain Vimont,2020-08-07 11:32:11+02:00,app/src/input_manager.c
Romain Vimont,2020-08-07 12:01:34+02:00,meson.build
Romain Vimont,2020-08-07 12:01:34+02:00,server/build.gradle
Romain Vimont,2020-08-07 12:01:34+02:00,server/build_without_gradle.sh
Romain Vimont,2020-08-07 12:13:27+02:00,BUILD.md
Romain Vimont,2020-08-07 12:13:27+02:00,README.md
Jozef Hollý,2020-08-08 13:18:23+02:00,README.md
Yu-Chen Lin,2020-08-09 11:14:38+02:00,README.md
Romain Vimont,2020-08-09 17:10:27+02:00,server/src/main/java/com/genymobile/scrcpy/Controller.java
Romain Vimont,2020-08-10 14:37:32+02:00,server/src/main/java/com/genymobile/scrcpy/Device.java
RaenonX JELLYCAT,2020-08-10 19:58:00+02:00,README.md
RaenonX JELLYCAT,2020-08-10 19:58:00+02:00,README.zh-Hant.md
RaenonX JELLYCAT,2020-08-10 19:58:11+02:00,README.md
Romain Vimont,2020-08-10 20:08:24+02:00,README.md
Romain Vimont,2020-08-10 20:08:24+02:00,app/scrcpy.1
Romain Vimont,2020-08-10 20:08:24+02:00,app/src/cli.c
Romain Vimont,2020-08-10 20:08:24+02:00,app/src/control_msg.h
Romain Vimont,2020-08-10 20:08:24+02:00,app/src/input_manager.c
Romain Vimont,2020-08-10 20:08:24+02:00,app/src/input_manager.h
Romain Vimont,2020-08-10 20:09:28+02:00,meson.build
Romain Vimont,2020-08-10 20:09:28+02:00,server/build.gradle
Romain Vimont,2020-08-10 20:09:28+02:00,server/build_without_gradle.sh
Romain Vimont,2020-08-10 20:34:51+02:00,BUILD.md
Romain Vimont,2020-08-10 20:34:51+02:00,README.md
Romain Vimont,2020-08-16 13:44:42+02:00,app/scrcpy.1
Romain Vimont,2020-08-16 13:44:42+02:00,app/src/cli.c
Romain Vimont,2020-08-16 13:52:01+02:00,app/src/cli.c
Romain Vimont,2020-08-20 19:14:45+02:00,FAQ.md
Romain Vimont,2020-08-21 12:34:50+02:00,server/src/main/java/com/genymobile/scrcpy/Controller.java
Romain Vimont,2020-08-21 12:34:50+02:00,server/src/main/java/com/genymobile/scrcpy/Device.java
Romain Vimont,2020-08-21 12:34:50+02:00,server/src/main/java/com/genymobile/scrcpy/Server.java
brunoais,2020-08-21 12:34:59+02:00,server/src/main/java/com/genymobile/scrcpy/CleanUp.java
Romain Vimont,2020-08-31 13:40:32+02:00,app/src/server.c
Romain Vimont,2020-08-31 14:02:51+02:00,app/src/sys/unix/command.c
Romain Vimont,2020-09-15 13:31:10+02:00,server/src/main/java/com/genymobile/scrcpy/wrappers/ContentProvider.java
CapsLock,2020-09-15 13:44:02+02:00,server/scripts/build-wrapper.sh
Luís Ferreira,2020-09-15 13:52:50+02:00,server/build_without_gradle.sh
Romain Vimont,2020-09-15 13:54:00+02:00,prebuilt-deps/prepare-dep
Romain Vimont,2020-09-15 13:54:00+02:00,run
Romain Vimont,2020-09-15 13:54:00+02:00,scripts/run-scrcpy.sh
Romain Vimont,2020-09-15 14:54:22+02:00,server/build.gradle
Romain Vimont,2020-09-15 14:54:22+02:00,server/build_without_gradle.sh
Romain Vimont,2020-09-17 13:03:40+02:00,README.md
Win7GM,2020-09-17 13:09:43+02:00,README.md
Win7GM,2020-09-17 13:09:43+02:00,README.zh-Hans.md
Romain Vimont,2020-09-20 01:11:13+02:00,app/src/recorder.c
Romain Vimont,2020-09-20 01:11:22+02:00,app/src/stream.h
Brinan Sjostrom,2020-10-01 14:52:24+02:00,app/src/main.c
redev,2020-10-01 14:57:09+02:00,FAQ.ko.md
Romain Vimont,2020-10-01 15:08:18+02:00,app/scrcpy.1
Romain Vimont,2020-10-01 15:08:18+02:00,app/src/cli.c
Romain Vimont,2020-10-05 21:09:47+02:00,server/src/main/java/com/genymobile/scrcpy/Workarounds.java
Romain Vimont,2020-10-05 21:11:50+02:00,build.gradle
yanuarakhid,2020-10-05 21:17:43+02:00,README.id.md
yanuarakhid,2020-10-05 21:17:43+02:00,README.md
Romain Vimont,2020-10-05 21:24:59+02:00,README.md
Romain Vimont,2020-11-03 17:08:21+01:00,app/src/scrcpy.c
Romain Vimont,2020-11-03 17:09:03+01:00,.gitignore
Romain Vimont,2020-11-03 17:12:26+01:00,README.md
Romain Vimont,2020-11-03 17:12:26+01:00,app/scrcpy.1
Romain Vimont,2020-11-03 17:12:26+01:00,app/src/cli.c
Romain Vimont,2020-11-03 17:12:26+01:00,app/src/input_manager.c
Romain Vimont,2020-11-03 17:12:26+01:00,app/src/input_manager.h
Romain Vimont,2020-11-03 17:12:26+01:00,app/src/scrcpy.h
Romain Vimont,2020-11-03 17:12:26+01:00,server/src/main/java/com/genymobile/scrcpy/Controller.java
Romain Vimont,2020-11-07 15:16:51+01:00,README.md
Romain Vimont,2020-11-07 15:16:51+01:00,app/scrcpy.1
Romain Vimont,2020-11-07 15:16:51+01:00,app/src/cli.c
Romain Vimont,2020-11-07 15:16:51+01:00,app/src/input_manager.c
Romain Vimont,2020-11-07 15:16:51+01:00,app/src/input_manager.h
Romain Vimont,2020-11-07 15:16:51+01:00,app/src/scrcpy.h
Tzah Mazuz,2020-11-08 21:07:17+01:00,app/src/cli.c
Tzah Mazuz,2020-11-08 21:07:17+01:00,app/src/scrcpy.c
Tzah Mazuz,2020-11-08 21:07:17+01:00,app/src/scrcpy.h
Tzah Mazuz,2020-11-08 21:07:17+01:00,app/src/server.c
Tzah Mazuz,2020-11-08 21:07:17+01:00,app/src/server.h
Tzah Mazuz,2020-11-08 21:07:17+01:00,server/src/main/java/com/genymobile/scrcpy/Options.java
Tzah Mazuz,2020-11-08 21:07:17+01:00,server/src/main/java/com/genymobile/scrcpy/ScreenEncoder.java
Tzah Mazuz,2020-11-08 21:07:17+01:00,server/src/main/java/com/genymobile/scrcpy/Server.java
Romain Vimont,2020-11-08 21:07:20+01:00,server/src/main/java/com/genymobile/scrcpy/ScreenEncoder.java
Romain Vimont,2020-11-08 21:07:20+01:00,server/src/main/java/com/genymobile/scrcpy/InvalidEncoderException.java
Romain Vimont,2020-11-08 21:07:20+01:00,server/src/main/java/com/genymobile/scrcpy/ScreenEncoder.java
Romain Vimont,2020-11-08 21:07:20+01:00,server/src/main/java/com/genymobile/scrcpy/Server.java
Romain Vimont,2020-11-08 21:11:12+01:00,README.md
Romain Vimont,2020-11-08 21:11:12+01:00,app/scrcpy.1
Romain Vimont,2020-11-14 22:10:11+01:00,app/src/command.h
Romain Vimont,2020-11-24 09:45:18+01:00,build.gradle
SamBe.ng,2020-12-10 21:37:23+01:00,README.md
jianzhang4,2020-12-12 15:50:33+01:00,app/src/sys/unix/command.c
Romain Vimont,2020-12-12 15:56:32+01:00,prebuilt-deps/Makefile
Romain Vimont,2020-12-12 16:26:08+01:00,prebuilt-deps/Makefile
Romain Vimont,2020-12-14 09:04:14+01:00,FAQ.md
Romain Vimont,2020-12-14 09:44:17+01:00,Makefile.CrossWindows
Romain Vimont,2020-12-14 09:44:17+01:00,app/src/main.c
Romain Vimont,2020-12-14 09:44:17+01:00,data/scrcpy-console.bat
Romain Vimont,2020-12-17 10:53:35+01:00,server/build.gradle
Romain Vimont,2020-12-22 01:14:30+01:00,app/src/sys/unix/command.c
Romain Vimont,2020-12-22 01:44:55+01:00,FAQ.md
Romain Vimont,2020-12-22 01:48:01+01:00,README.md
Romain Vimont,2020-12-22 18:51:59+01:00,Makefile.CrossWindows
Romain Vimont,2020-12-22 18:51:59+01:00,app/meson.build
Romain Vimont,2020-12-22 18:51:59+01:00,app/src/sys/win/command.c
Romain Vimont,2020-12-22 18:51:59+01:00,data/scrcpy-noconsole.vbs
Romain Vimont,2020-12-22 18:51:59+01:00,meson_options.txt
Romain Vimont,2020-12-22 18:52:05+01:00,release.make
Romain Vimont,2020-12-22 18:52:05+01:00,release.sh
Romain Vimont,2021-01-01 15:51:10+01:00,release.mk
Romain Vimont,2021-01-01 15:51:10+01:00,release.sh
Romain Vimont,2021-01-01 16:08:58+01:00,cross_win32.txt
Romain Vimont,2021-01-01 16:08:58+01:00,cross_win64.txt
Romain Vimont,2021-01-01 16:08:58+01:00,prebuilt-deps/Makefile
Romain Vimont,2021-01-01 16:08:58+01:00,release.mk
Romain Vimont,2021-01-01 17:16:44+01:00,LICENSE
Romain Vimont,2021-01-01 17:16:44+01:00,README.id.md
Romain Vimont,2021-01-01 17:16:44+01:00,README.ko.md
Romain Vimont,2021-01-01 17:16:44+01:00,README.md
Romain Vimont,2021-01-01 17:16:44+01:00,README.pt-br.md
Romain Vimont,2021-01-01 17:16:44+01:00,README.zh-Hans.md
Romain Vimont,2021-01-01 17:16:44+01:00,README.zh-Hant.md
Romain Vimont,2021-01-01 17:31:07+01:00,FAQ.md
Romain Vimont,2021-01-01 17:32:34+01:00,server/src/main/java/com/genymobile/scrcpy/Server.java
Romain Vimont,2021-01-01 17:40:52+01:00,app/src/scrcpy.c
Romain Vimont,2021-01-01 17:40:52+01:00,app/src/server.c
Romain Vimont,2021-01-01 17:40:52+01:00,app/src/server.h
Romain Vimont,2021-01-01 23:57:01+01:00,app/src/sys/win/command.c
Romain Vimont,2021-01-01 23:57:01+01:00,app/src/server.c
Romain Vimont,2021-01-01 23:57:01+01:00,app/src/server.h
Romain Vimont,2021-01-02 00:53:32+01:00,meson.build
Romain Vimont,2021-01-02 00:53:32+01:00,server/build.gradle
Romain Vimont,2021-01-02 00:53:32+01:00,server/build_without_gradle.sh
Romain Vimont,2021-01-02 01:26:23+01:00,BUILD.md
Romain Vimont,2021-01-02 01:26:23+01:00,README.md
clesiemo3,2021-01-02 18:27:38+01:00,README.md
Romain Vimont,2021-01-03 22:41:51+01:00,app/src/scrcpy.c
Romain Vimont,2021-01-04 08:16:32+01:00,app/src/cli.c
Romain Vimont,2021-01-04 08:16:32+01:00,app/src/scrcpy.h
Romain Vimont,2021-01-04 08:16:32+01:00,app/src/server.c
Romain Vimont,2021-01-04 08:16:32+01:00,app/src/server.h
Romain Vimont,2021-01-08 16:44:21+01:00,app/meson.build
Romain Vimont,2021-01-08 16:44:21+01:00,app/src/adb.c
Romain Vimont,2021-01-08 16:44:21+01:00,app/src/adb.h
Romain Vimont,2021-01-08 16:44:21+01:00,app/src/file_handler.c
Romain Vimont,2021-01-08 16:44:21+01:00,app/src/file_handler.h
Romain Vimont,2021-01-08 16:44:21+01:00,app/src/scrcpy.c
Romain Vimont,2021-01-08 16:44:21+01:00,app/src/server.c
Romain Vimont,2021-01-08 16:44:21+01:00,app/src/server.h
Romain Vimont,2021-01-08 16:44:21+01:00,app/src/sys/unix/process.c
Romain Vimont,2021-01-08 16:44:21+01:00,app/src/sys/win/process.c
Romain Vimont,2021-01-08 16:44:21+01:00,app/src/util/process.c
Romain Vimont,2021-01-08 16:44:21+01:00,app/src/util/process.h
Romain Vimont,2021-01-08 16:44:21+01:00,app/meson.build
Romain Vimont,2021-01-08 16:44:21+01:00,app/src/file_handler.c
Romain Vimont,2021-01-08 16:44:21+01:00,app/src/server.c
Romain Vimont,2021-01-08 16:44:21+01:00,app/src/sys/unix/process.c
Romain Vimont,2021-01-08 16:44:21+01:00,app/src/sys/win/process.c
Romain Vimont,2021-01-08 16:44:21+01:00,app/src/util/process.c
Romain Vimont,2021-01-08 16:44:21+01:00,app/src/util/process.h
Romain Vimont,2021-01-08 16:44:21+01:00,app/src/server.c
Romain Vimont,2021-01-08 16:44:21+01:00,app/src/sys/unix/process.c
Romain Vimont,2021-01-08 16:44:21+01:00,app/src/sys/win/process.c
Romain Vimont,2021-01-08 16:44:21+01:00,app/src/util/process.h
Romain Vimont,2021-01-08 19:13:53+01:00,app/src/common.h
Romain Vimont,2021-01-08 19:21:54+01:00,app/src/compat.h
Romain Vimont,2021-01-08 19:22:10+01:00,app/src/common.h
Romain Vimont,2021-01-08 19:22:10+01:00,app/src/control_msg.h
Romain Vimont,2021-01-08 19:22:10+01:00,app/src/coords.h
Romain Vimont,2021-01-08 19:22:10+01:00,app/src/device.h
Romain Vimont,2021-01-08 19:22:10+01:00,app/src/input_manager.h
Romain Vimont,2021-01-08 19:22:10+01:00,app/src/recorder.h
Romain Vimont,2021-01-08 19:22:10+01:00,app/src/scrcpy.c
Romain Vimont,2021-01-08 19:22:10+01:00,app/src/screen.h
Romain Vimont,2021-01-08 19:22:10+01:00,app/src/server.h
Romain Vimont,2021-01-08 19:22:10+01:00,app/src/adb.c
Romain Vimont,2021-01-08 19:22:10+01:00,app/src/adb.h
Romain Vimont,2021-01-08 19:22:10+01:00,app/src/cli.c
Romain Vimont,2021-01-08 19:22:10+01:00,app/src/cli.h
Romain Vimont,2021-01-08 19:22:10+01:00,app/src/common.h
Romain Vimont,2021-01-08 19:22:10+01:00,app/src/control_msg.c
Romain Vimont,2021-01-08 19:22:10+01:00,app/src/control_msg.h
Romain Vimont,2021-01-08 19:22:10+01:00,app/src/controller.c
Romain Vimont,2021-01-08 19:22:10+01:00,app/src/controller.h
Romain Vimont,2021-01-08 19:22:10+01:00,app/src/decoder.c
Romain Vimont,2021-01-08 19:22:10+01:00,app/src/decoder.h
Romain Vimont,2021-01-08 19:22:10+01:00,app/src/device.c
Romain Vimont,2021-01-08 19:22:10+01:00,app/src/device.h
Romain Vimont,2021-01-08 19:22:10+01:00,app/src/device_msg.c
Romain Vimont,2021-01-08 19:22:10+01:00,app/src/device_msg.h
Romain Vimont,2021-01-08 19:22:10+01:00,app/src/event_converter.c
Romain Vimont,2021-01-08 19:22:10+01:00,app/src/event_converter.h
Romain Vimont,2021-01-08 19:22:10+01:00,app/src/file_handler.c
Romain Vimont,2021-01-08 19:22:10+01:00,app/src/file_handler.h
Romain Vimont,2021-01-08 19:22:10+01:00,app/src/fps_counter.c
Romain Vimont,2021-01-08 19:22:10+01:00,app/src/fps_counter.h
Romain Vimont,2021-01-08 19:22:10+01:00,app/src/input_manager.c
Romain Vimont,2021-01-08 19:22:10+01:00,app/src/input_manager.h
Romain Vimont,2021-01-08 19:22:10+01:00,app/src/main.c
Romain Vimont,2021-01-08 19:22:10+01:00,app/src/opengl.h
Romain Vimont,2021-01-08 19:22:10+01:00,app/src/receiver.c
Romain Vimont,2021-01-08 19:22:10+01:00,app/src/receiver.h
Romain Vimont,2021-01-08 19:22:10+01:00,app/src/recorder.c
Romain Vimont,2021-01-08 19:22:10+01:00,app/src/recorder.h
Romain Vimont,2021-01-08 19:22:10+01:00,app/src/scrcpy.c
Romain Vimont,2021-01-08 19:22:10+01:00,app/src/scrcpy.h
Romain Vimont,2021-01-08 19:22:10+01:00,app/src/screen.c
Romain Vimont,2021-01-08 19:22:10+01:00,app/src/screen.h
Romain Vimont,2021-01-08 19:22:10+01:00,app/src/server.c
Romain Vimont,2021-01-08 19:22:10+01:00,app/src/server.h
Romain Vimont,2021-01-08 19:22:10+01:00,app/src/stream.c
Romain Vimont,2021-01-08 19:22:10+01:00,app/src/stream.h
Romain Vimont,2021-01-08 19:22:10+01:00,app/src/sys/unix/process.c
Romain Vimont,2021-01-08 19:22:10+01:00,app/src/sys/win/process.c
Romain Vimont,2021-01-08 19:22:10+01:00,app/src/tiny_xpm.c
Romain Vimont,2021-01-08 19:22:10+01:00,app/src/tiny_xpm.h
Romain Vimont,2021-01-08 19:22:10+01:00,app/src/util/buffer_util.h
Romain Vimont,2021-01-08 19:22:10+01:00,app/src/util/cbuf.h
Romain Vimont,2021-01-08 19:22:10+01:00,app/src/util/lock.h
Romain Vimont,2021-01-08 19:22:10+01:00,app/src/util/net.c
Romain Vimont,2021-01-08 19:22:10+01:00,app/src/util/net.h
Romain Vimont,2021-01-08 19:22:10+01:00,app/src/util/process.h
Romain Vimont,2021-01-08 19:22:10+01:00,app/src/util/queue.h
Romain Vimont,2021-01-08 19:22:10+01:00,app/src/util/str_util.c
Romain Vimont,2021-01-08 19:22:10+01:00,app/src/util/str_util.h
Romain Vimont,2021-01-08 19:22:10+01:00,app/src/video_buffer.c
Romain Vimont,2021-01-08 19:22:10+01:00,app/src/video_buffer.h
Romain Vimont,2021-01-08 19:22:10+01:00,app/tests/test_cli.c
Natan Junges,2021-01-15 10:17:11+01:00,README.md
Natan Junges,2021-01-15 10:17:11+01:00,README.pt-br.md
Simon Chan,2021-01-15 16:20:34+01:00,README.md
Simon Chan,2021-01-15 16:20:34+01:00,README.zh-Hans.md
Romain Vimont,2021-01-17 14:08:48+01:00,app/src/adb.h
Romain Vimont,2021-01-17 14:08:48+01:00,app/src/cli.h
Romain Vimont,2021-01-17 14:08:48+01:00,app/src/compat.h
Romain Vimont,2021-01-17 14:08:48+01:00,app/src/control_msg.h
Romain Vimont,2021-01-17 14:08:48+01:00,app/src/controller.h
Romain Vimont,2021-01-17 14:08:48+01:00,app/src/decoder.h
Romain Vimont,2021-01-17 14:08:48+01:00,app/src/device.h
Romain Vimont,2021-01-17 14:08:48+01:00,app/src/device_msg.h
Romain Vimont,2021-01-17 14:08:48+01:00,app/src/event_converter.h
Romain Vimont,2021-01-17 14:08:48+01:00,app/src/file_handler.h
Romain Vimont,2021-01-17 14:08:48+01:00,app/src/fps_counter.h
Romain Vimont,2021-01-17 14:08:48+01:00,app/src/input_manager.h
Romain Vimont,2021-01-17 14:08:48+01:00,app/src/main.c
Romain Vimont,2021-01-17 14:08:48+01:00,app/src/opengl.h
Romain Vimont,2021-01-17 14:08:48+01:00,app/src/receiver.h
Romain Vimont,2021-01-17 14:08:48+01:00,app/src/recorder.h
Romain Vimont,2021-01-17 14:08:48+01:00,app/src/scrcpy.h
Romain Vimont,2021-01-17 14:08:48+01:00,app/src/screen.h
Romain Vimont,2021-01-17 14:08:48+01:00,app/src/server.h
Romain Vimont,2021-01-17 14:08:48+01:00,app/src/stream.h
Romain Vimont,2021-01-17 14:08:48+01:00,app/src/sys/unix/process.c
Romain Vimont,2021-01-17 14:08:48+01:00,app/src/tiny_xpm.h
Romain Vimont,2021-01-17 14:08:48+01:00,app/src/util/buffer_util.h
Romain Vimont,2021-01-17 14:08:48+01:00,app/src/util/cbuf.h
Romain Vimont,2021-01-17 14:08:48+01:00,app/src/util/lock.h
Romain Vimont,2021-01-17 14:08:48+01:00,app/src/util/net.h
Romain Vimont,2021-01-17 14:08:48+01:00,app/src/util/process.h
Romain Vimont,2021-01-17 14:08:48+01:00,app/src/util/queue.h
Romain Vimont,2021-01-17 14:08:48+01:00,app/src/util/str_util.h
Romain Vimont,2021-01-17 14:08:48+01:00,app/src/video_buffer.h
Romain Vimont,2021-01-17 14:08:48+01:00,app/tests/test_buffer_util.c
Romain Vimont,2021-01-17 14:08:48+01:00,app/tests/test_cbuf.c
Romain Vimont,2021-01-17 14:08:48+01:00,app/tests/test_cli.c
Romain Vimont,2021-01-17 14:08:48+01:00,app/tests/test_control_msg_serialize.c
Romain Vimont,2021-01-17 14:08:48+01:00,app/tests/test_device_msg_deserialize.c
Romain Vimont,2021-01-17 14:08:48+01:00,app/tests/test_queue.c
Romain Vimont,2021-01-17 14:08:48+01:00,app/tests/test_strutil.c
Romain Vimont,2021-01-17 19:44:23+01:00,app/meson.build
Romain Vimont,2021-01-17 19:44:23+01:00,app/src/controller.c
Romain Vimont,2021-01-17 19:44:23+01:00,app/tests/test_control_msg_serialize.c
Romain Vimont,2021-01-22 18:29:21+01:00,app/src/file_handler.c
Romain Vimont,2021-01-22 18:29:21+01:00,app/src/server.c
Romain Vimont,2021-01-22 18:29:21+01:00,app/src/sys/unix/process.c
Romain Vimont,2021-01-22 18:29:21+01:00,app/src/sys/win/process.c
Romain Vimont,2021-01-22 18:29:21+01:00,app/src/util/process.c
Romain Vimont,2021-01-22 18:29:21+01:00,app/src/util/process.h
Romain Vimont,2021-01-24 14:24:18+01:00,app/src/file_handler.c
Romain Vimont,2021-01-24 14:24:18+01:00,app/src/server.c
Romain Vimont,2021-01-24 14:24:18+01:00,app/src/sys/unix/process.c
Romain Vimont,2021-01-24 14:24:18+01:00,app/src/sys/win/process.c
Romain Vimont,2021-01-24 14:24:18+01:00,app/src/util/process.c
Romain Vimont,2021-01-24 14:24:18+01:00,app/src/util/process.h
Romain Vimont,2021-01-24 14:24:24+01:00,app/src/file_handler.c
Romain Vimont,2021-01-24 14:24:24+01:00,app/src/server.c
Romain Vimont,2021-01-24 14:24:24+01:00,app/src/util/process.c
Romain Vimont,2021-01-24 14:24:24+01:00,app/src/util/process.h
Romain Vimont,2021-01-24 14:24:24+01:00,app/src/sys/unix/process.c
Romain Vimont,2021-01-24 14:24:24+01:00,app/src/file_handler.c
Romain Vimont,2021-01-24 15:31:21+01:00,app/src/util/buffer_util.h
Michael Richardson,2021-01-27 21:50:17+01:00,BUILD.md
Romain Vimont,2021-02-14 14:44:05+01:00,app/src/events.h
Romain Vimont,2021-02-14 14:47:49+01:00,app/src/server.c
Romain Vimont,2021-02-14 14:47:49+01:00,app/src/server.h
Romain Vimont,2021-02-17 09:53:25+01:00,app/meson.build
Romain Vimont,2021-02-17 09:53:25+01:00,app/src/compat.c
Romain Vimont,2021-02-17 09:53:25+01:00,app/src/compat.h
Romain Vimont,2021-02-17 09:54:03+01:00,app/src/adb.c
Romain Vimont,2021-02-17 09:54:03+01:00,app/src/control_msg.c
Romain Vimont,2021-02-17 09:54:03+01:00,app/src/control_msg.h
Romain Vimont,2021-02-17 09:54:03+01:00,app/src/device_msg.c
Romain Vimont,2021-02-17 09:54:03+01:00,app/src/device_msg.h
Romain Vimont,2021-02-17 09:54:03+01:00,app/src/file_handler.c
Romain Vimont,2021-02-17 09:54:03+01:00,app/src/file_handler.h
Romain Vimont,2021-02-17 09:54:03+01:00,app/src/input_manager.c
Romain Vimont,2021-02-17 09:54:03+01:00,app/src/recorder.c
Romain Vimont,2021-02-17 09:54:03+01:00,app/src/scrcpy.c
Romain Vimont,2021-02-17 09:54:03+01:00,app/src/server.c
Romain Vimont,2021-02-17 09:54:03+01:00,app/src/sys/unix/process.c
Romain Vimont,2021-02-17 09:54:03+01:00,app/src/sys/win/process.c
Romain Vimont,2021-02-17 09:54:03+01:00,app/src/util/process.h
Romain Vimont,2021-02-17 09:54:03+01:00,app/src/util/str_util.c
Romain Vimont,2021-02-17 09:54:03+01:00,app/tests/test_strutil.c
Romain Vimont,2021-02-17 09:54:03+01:00,app/meson.build
Romain Vimont,2021-02-17 09:54:03+01:00,app/src/controller.c
Romain Vimont,2021-02-17 09:54:03+01:00,app/src/controller.h
Romain Vimont,2021-02-17 09:54:03+01:00,app/src/decoder.c
Romain Vimont,2021-02-17 09:54:03+01:00,app/src/file_handler.c
Romain Vimont,2021-02-17 09:54:03+01:00,app/src/file_handler.h
Romain Vimont,2021-02-17 09:54:03+01:00,app/src/fps_counter.c
Romain Vimont,2021-02-17 09:54:03+01:00,app/src/fps_counter.h
Romain Vimont,2021-02-17 09:54:03+01:00,app/src/input_manager.c
Romain Vimont,2021-02-17 09:54:03+01:00,app/src/receiver.c
Romain Vimont,2021-02-17 09:54:03+01:00,app/src/receiver.h
Romain Vimont,2021-02-17 09:54:03+01:00,app/src/recorder.c
Romain Vimont,2021-02-17 09:54:03+01:00,app/src/recorder.h
Romain Vimont,2021-02-17 09:54:03+01:00,app/src/scrcpy.c
Romain Vimont,2021-02-17 09:54:03+01:00,app/src/screen.c
Romain Vimont,2021-02-17 09:54:03+01:00,app/src/server.c
Romain Vimont,2021-02-17 09:54:03+01:00,app/src/server.h
Romain Vimont,2021-02-17 09:54:03+01:00,app/src/stream.c
Romain Vimont,2021-02-17 09:54:03+01:00,app/src/stream.h
Romain Vimont,2021-02-17 09:54:03+01:00,app/src/util/lock.h
Romain Vimont,2021-02-17 09:54:03+01:00,app/src/util/thread.c
Romain Vimont,2021-02-17 09:54:03+01:00,app/src/util/thread.h
Romain Vimont,2021-02-17 09:54:03+01:00,app/src/video_buffer.c
Romain Vimont,2021-02-17 09:54:03+01:00,app/src/video_buffer.h
Romain Vimont,2021-02-17 09:54:03+01:00,app/src/util/thread.c
Romain Vimont,2021-02-17 09:54:03+01:00,app/src/util/thread.h
Romain Vimont,2021-02-17 09:54:03+01:00,app/src/util/thread.c
Romain Vimont,2021-02-17 09:54:03+01:00,app/src/util/thread.h
Romain Vimont,2021-02-17 09:54:03+01:00,app/src/video_buffer.c
Romain Vimont,2021-02-17 09:54:03+01:00,app/src/util/thread.c
Romain Vimont,2021-02-17 09:54:03+01:00,app/src/screen.c
Romain Vimont,2021-02-17 09:54:03+01:00,app/src/video_buffer.c
Romain Vimont,2021-02-17 09:54:03+01:00,app/src/video_buffer.h
Romain Vimont,2021-02-17 09:54:03+01:00,app/src/screen.c
Romain Vimont,2021-02-17 09:54:03+01:00,app/src/screen.h
Romain Vimont,2021-02-17 09:54:03+01:00,app/src/screen.c
Romain Vimont,2021-02-17 09:54:03+01:00,app/src/scrcpy.c
Romain Vimont,2021-02-25 22:18:51+01:00,app/src/screen.c
Romain Vimont,2021-02-25 22:19:05+01:00,app/src/scrcpy.c
Romain Vimont,2021-02-25 22:19:05+01:00,app/src/screen.c
Romain Vimont,2021-02-25 22:19:05+01:00,app/src/screen.h
Romain Vimont,2021-02-25 22:19:05+01:00,app/src/scrcpy.c
Romain Vimont,2021-02-25 22:19:05+01:00,app/src/screen.c
Romain Vimont,2021-02-25 22:19:05+01:00,app/src/screen.h
Romain Vimont,2021-02-25 22:19:05+01:00,app/src/screen.c
Romain Vimont,2021-02-25 22:19:05+01:00,app/src/input_manager.c
Romain Vimont,2021-02-25 22:19:05+01:00,app/src/input_manager.h
Romain Vimont,2021-02-25 22:19:05+01:00,app/src/scrcpy.c
Romain Vimont,2021-02-25 22:19:05+01:00,app/meson.build
Romain Vimont,2021-02-25 22:19:05+01:00,meson.build
Romain Vimont,2021-02-25 22:19:05+01:00,app/src/screen.h
Romain Vimont,2021-02-25 22:19:05+01:00,app/src/cli.c
Romain Vimont,2021-02-25 22:19:05+01:00,app/meson.build
Romain Vimont,2021-02-25 22:19:05+01:00,app/src/cli.c
Romain Vimont,2021-02-25 22:19:05+01:00,app/src/scrcpy.h
Romain Vimont,2021-02-27 00:20:18+01:00,BUILD.md
Romain Vimont,2021-02-27 00:27:58+01:00,BUILD.md
yangfl,2021-02-27 17:53:40+01:00,app/scrcpy.1
Romain Vimont,2021-03-03 18:22:54+01:00,server/src/main/java/com/genymobile/scrcpy/Controller.java
Romain Vimont,2021-03-04 15:19:00+01:00,FAQ.md
Romain Vimont,2021-03-06 14:28:06+01:00,FAQ.md
Romain Vimont,2021-03-06 22:58:03+01:00,app/src/decoder.c
Romain Vimont,2021-03-06 22:58:03+01:00,app/src/decoder.h
Romain Vimont,2021-03-06 22:58:03+01:00,app/src/input_manager.c
Romain Vimont,2021-03-06 22:58:03+01:00,app/src/input_manager.h
Romain Vimont,2021-03-06 22:58:03+01:00,app/src/scrcpy.c
Romain Vimont,2021-03-06 22:58:03+01:00,app/src/screen.c
Romain Vimont,2021-03-06 22:58:03+01:00,app/src/screen.h
Romain Vimont,2021-03-06 22:58:03+01:00,app/src/video_buffer.c
Romain Vimont,2021-03-06 22:58:03+01:00,app/src/video_buffer.h
Romain Vimont,2021-03-06 22:58:03+01:00,app/src/decoder.c
Romain Vimont,2021-03-06 22:58:03+01:00,app/src/screen.c
Romain Vimont,2021-03-06 22:58:03+01:00,app/src/video_buffer.c
Romain Vimont,2021-03-06 22:58:03+01:00,app/src/video_buffer.h
Romain Vimont,2021-03-06 22:58:03+01:00,app/src/scrcpy.c
Romain Vimont,2021-03-06 22:58:03+01:00,app/src/decoder.c
Romain Vimont,2021-03-06 22:58:03+01:00,app/src/screen.c
Romain Vimont,2021-03-06 22:58:03+01:00,app/src/video_buffer.c
Romain Vimont,2021-03-06 22:58:03+01:00,app/src/video_buffer.h
Romain Vimont,2021-03-06 22:58:03+01:00,app/src/decoder.c
Romain Vimont,2021-03-06 22:58:03+01:00,app/src/decoder.h
Romain Vimont,2021-03-06 22:58:03+01:00,app/src/scrcpy.c
Romain Vimont,2021-03-06 22:58:03+01:00,app/src/screen.c
Romain Vimont,2021-03-06 22:58:03+01:00,app/src/video_buffer.c
Romain Vimont,2021-03-06 22:58:03+01:00,app/src/video_buffer.h
Romain Vimont,2021-03-06 22:58:03+01:00,app/src/screen.c
Romain Vimont,2021-03-06 22:58:03+01:00,app/src/screen.h
Romain Vimont,2021-03-06 22:58:03+01:00,app/src/scrcpy.c
Romain Vimont,2021-03-06 22:58:03+01:00,app/src/screen.c
Romain Vimont,2021-03-06 22:58:03+01:00,app/src/screen.h
Romain Vimont,2021-03-06 22:58:03+01:00,app/src/scrcpy.c
Romain Vimont,2021-03-06 22:58:03+01:00,app/src/screen.c
Romain Vimont,2021-03-06 22:58:03+01:00,app/src/screen.h
Romain Vimont,2021-03-06 22:58:03+01:00,app/src/video_buffer.c
Romain Vimont,2021-03-06 22:58:03+01:00,app/src/video_buffer.c
Biswapriyo Nath,2021-03-09 09:59:57+01:00,cross_win32.txt
Biswapriyo Nath,2021-03-09 09:59:57+01:00,cross_win64.txt
Romain Vimont,2021-03-11 10:55:12+01:00,server/src/main/java/com/genymobile/scrcpy/Server.java
Romain Vimont,2021-03-14 18:30:56+01:00,server/src/main/java/com/genymobile/scrcpy/Controller.java
Romain Vimont,2021-03-15 18:46:56+01:00,server/src/main/java/com/genymobile/scrcpy/Controller.java
slingmint,2021-03-16 21:04:04+01:00,data/scrcpy-noconsole.vbs
Yu-Chen Lin,2021-03-16 21:12:29+01:00,server/src/main/java/com/genymobile/scrcpy/Device.java
Yu-Chen Lin,2021-03-16 21:12:35+01:00,app/src/cli.c
Yu-Chen Lin,2021-03-16 21:12:35+01:00,app/src/scrcpy.c
Yu-Chen Lin,2021-03-16 21:12:35+01:00,app/src/scrcpy.h
Yu-Chen Lin,2021-03-16 21:12:35+01:00,app/src/server.c
Yu-Chen Lin,2021-03-16 21:12:35+01:00,app/src/server.h
Yu-Chen Lin,2021-03-16 21:12:35+01:00,server/src/main/java/com/genymobile/scrcpy/CleanUp.java
Yu-Chen Lin,2021-03-16 21:12:35+01:00,server/src/main/java/com/genymobile/scrcpy/Options.java
Yu-Chen Lin,2021-03-16 21:12:35+01:00,server/src/main/java/com/genymobile/scrcpy/Server.java
Romain Vimont,2021-03-16 21:43:52+01:00,README.md
Romain Vimont,2021-03-17 08:52:16+01:00,README.md
Romain Vimont,2021-03-28 12:25:08+02:00,README.md
aruko-210,2021-03-28 21:28:20+02:00,README.jp.md
aruko-210,2021-03-28 21:28:20+02:00,README.md
Romain Vimont,2021-03-28 21:36:00+02:00,README.id.md
Romain Vimont,2021-03-28 21:36:00+02:00,README.jp.md
Romain Vimont,2021-03-28 21:36:00+02:00,README.ko.md
Romain Vimont,2021-03-28 21:36:00+02:00,README.pt-br.md
Romain Vimont,2021-03-28 21:36:00+02:00,README.zh-Hans.md
Romain Vimont,2021-03-28 21:36:00+02:00,README.zh-Hant.md
Romain Vimont,2021-03-29 08:39:02+02:00,BUILD.md
Romain Vimont,2021-03-29 09:11:40+02:00,BUILD.md
Ray Foss,2021-03-29 09:28:08+02:00,BUILD.md
Romain Vimont,2021-03-29 09:33:39+02:00,BUILD.md
Romain Vimont,2021-03-29 09:33:39+02:00,README.md
Romain Vimont,2021-03-29 09:33:39+02:00,install_release.sh
Romain Vimont,2021-04-01 09:47:15+02:00,BUILD.md
quyleanh,2021-04-04 14:38:54+02:00,BUILD.md
quyleanh,2021-04-04 14:38:54+02:00,README.md
Romain Vimont,2021-04-04 14:39:16+02:00,BUILD.md
Romain Vimont,2021-04-04 15:00:13+02:00,app/meson.build
Romain Vimont,2021-04-04 15:00:13+02:00,app/src/screen.c
Romain Vimont,2021-04-04 15:00:13+02:00,meson_options.txt
Romain Vimont,2021-04-05 22:35:14+02:00,app/src/decoder.c
Romain Vimont,2021-04-07 15:12:33+02:00,app/src/cli.c
Romain Vimont,2021-04-10 18:48:44+02:00,app/src/decoder.c
Romain Vimont,2021-04-10 18:48:52+02:00,app/src/stream.h
Romain Vimont,2021-04-10 18:48:52+02:00,app/src/input_manager.h
Romain Vimont,2021-04-10 18:48:52+02:00,app/src/scrcpy.c
Romain Vimont,2021-04-10 18:48:52+02:00,app/src/recorder.c
Romain Vimont,2021-04-11 13:07:44+02:00,app/src/scrcpy.c
Romain Vimont,2021-04-11 14:42:09+02:00,app/src/scrcpy.c
Romain Vimont,2021-04-13 22:04:38+02:00,app/src/screen.c
Romain Vimont,2021-04-13 22:04:38+02:00,app/src/screen.h
Romain Vimont,2021-04-13 22:15:05+02:00,app/src/scrcpy.c
Romain Vimont,2021-04-13 22:15:05+02:00,app/src/screen.c
Romain Vimont,2021-04-13 22:15:05+02:00,app/src/screen.h
Romain Vimont,2021-04-13 22:36:59+02:00,app/src/scrcpy.c
Romain Vimont,2021-04-13 22:36:59+02:00,app/src/screen.c
Romain Vimont,2021-04-13 22:37:08+02:00,app/src/scrcpy.c
Romain Vimont,2021-04-16 17:40:39+02:00,app/scrcpy.1
Romain Vimont,2021-04-16 17:40:39+02:00,app/src/cli.c
Romain Vimont,2021-04-17 18:04:13+02:00,app/src/input_manager.c
Romain Vimont,2021-04-17 18:04:24+02:00,app/src/input_manager.c
Andrea Gelmini,2021-04-18 14:36:31+02:00,BUILD.md
Andrea Gelmini,2021-04-18 14:36:31+02:00,DEVELOP.md
Andrea Gelmini,2021-04-18 14:36:31+02:00,app/src/android/input.h
Andrea Gelmini,2021-04-18 14:36:31+02:00,app/src/event_converter.c
Andrea Gelmini,2021-04-18 14:36:31+02:00,app/src/util/str_util.h
Romain Vimont,2021-04-19 20:16:45+02:00,app/src/control_msg.c
Romain Vimont,2021-04-19 20:16:45+02:00,app/src/control_msg.h
Romain Vimont,2021-04-19 20:16:45+02:00,app/src/input_manager.c
Romain Vimont,2021-04-19 20:16:45+02:00,app/tests/test_control_msg_serialize.c
Romain Vimont,2021-04-19 20:16:45+02:00,server/src/main/java/com/genymobile/scrcpy/ControlMessage.java
Romain Vimont,2021-04-19 20:16:45+02:00,server/src/main/java/com/genymobile/scrcpy/ControlMessageReader.java
Romain Vimont,2021-04-19 20:16:45+02:00,server/src/main/java/com/genymobile/scrcpy/Controller.java
Romain Vimont,2021-04-19 20:16:45+02:00,server/src/test/java/com/genymobile/scrcpy/ControlMessageReaderTest.java
brunoais,2021-04-19 20:16:45+02:00,app/src/input_manager.c
Frank Leon Rose,2021-04-22 22:12:23+02:00,app/src/server.c
Romain Vimont,2021-04-25 14:36:48+02:00,server/src/main/java/com/genymobile/scrcpy/wrappers/ActivityManager.java
brunoais,2021-04-25 14:36:48+02:00,app/src/control_msg.c
brunoais,2021-04-25 14:36:48+02:00,app/src/control_msg.h
brunoais,2021-04-25 14:36:48+02:00,app/src/input_manager.c
brunoais,2021-04-25 14:36:48+02:00,app/tests/test_control_msg_serialize.c
brunoais,2021-04-25 14:36:48+02:00,server/src/main/java/com/genymobile/scrcpy/ControlMessage.java
brunoais,2021-04-25 14:36:48+02:00,server/src/main/java/com/genymobile/scrcpy/ControlMessageReader.java
brunoais,2021-04-25 14:36:48+02:00,server/src/main/java/com/genymobile/scrcpy/Controller.java
brunoais,2021-04-25 14:36:48+02:00,server/src/test/java/com/genymobile/scrcpy/ControlMessageReaderTest.java
brunoais,2021-04-25 14:36:48+02:00,app/src/input_manager.c
brunoais,2021-04-25 14:36:48+02:00,app/src/input_manager.h
brunoais,2021-04-25 14:36:48+02:00,app/src/control_msg.c
brunoais,2021-04-25 14:36:48+02:00,app/src/control_msg.h
brunoais,2021-04-25 14:36:48+02:00,app/src/input_manager.c
brunoais,2021-04-25 14:36:48+02:00,app/tests/test_control_msg_serialize.c
brunoais,2021-04-25 14:36:48+02:00,server/src/main/java/com/genymobile/scrcpy/ControlMessage.java
brunoais,2021-04-25 14:36:48+02:00,server/src/main/java/com/genymobile/scrcpy/ControlMessageReader.java
brunoais,2021-04-25 14:36:48+02:00,server/src/main/java/com/genymobile/scrcpy/Controller.java
brunoais,2021-04-25 14:36:48+02:00,server/src/main/java/com/genymobile/scrcpy/Device.java
brunoais,2021-04-25 14:36:48+02:00,server/src/main/java/com/genymobile/scrcpy/wrappers/StatusBarManager.java
brunoais,2021-04-25 14:36:48+02:00,server/src/test/java/com/genymobile/scrcpy/ControlMessageReaderTest.java
brunoais,2021-04-25 14:36:48+02:00,app/src/input_manager.c
brunoais,2021-04-25 14:36:48+02:00,app/src/input_manager.c
brunoais,2021-04-25 14:36:48+02:00,README.md
Romain Vimont,2021-04-25 14:38:42+02:00,app/src/recorder.c
Romain Vimont,2021-04-25 14:38:42+02:00,README.md
Romain Vimont,2021-04-25 14:38:42+02:00,app/scrcpy.1
Romain Vimont,2021-04-25 14:38:42+02:00,app/src/cli.c
Romain Vimont,2021-04-25 14:38:42+02:00,app/src/decoder.c
Romain Vimont,2021-04-25 14:38:42+02:00,app/src/decoder.h
Romain Vimont,2021-04-25 14:38:42+02:00,app/src/scrcpy.c
Romain Vimont,2021-04-25 14:38:42+02:00,app/src/scrcpy.h
Romain Vimont,2021-04-25 14:38:42+02:00,app/src/stream.c
Romain Vimont,2021-04-25 14:38:42+02:00,app/src/stream.h
Romain Vimont,2021-04-25 14:38:42+02:00,app/src/video_buffer.c
Romain Vimont,2021-04-25 14:38:42+02:00,app/src/video_buffer.h
Romain Vimont,2021-04-25 14:38:42+02:00,app/tests/test_cli.c
Romain Vimont,2021-04-25 14:38:42+02:00,app/src/compat.h
Romain Vimont,2021-04-25 14:38:42+02:00,app/src/decoder.c
Romain Vimont,2021-04-25 14:38:42+02:00,app/src/compat.h
Romain Vimont,2021-04-25 14:38:42+02:00,app/src/recorder.c
Romain Vimont,2021-04-25 14:38:42+02:00,app/src/decoder.c
Romain Vimont,2021-04-25 14:38:42+02:00,app/src/decoder.h
Romain Vimont,2021-04-25 14:38:42+02:00,app/src/screen.c
Romain Vimont,2021-04-25 14:38:42+02:00,app/src/screen.h
Romain Vimont,2021-04-25 14:38:42+02:00,app/src/video_buffer.c
Romain Vimont,2021-04-25 14:38:42+02:00,app/src/video_buffer.h
Romain Vimont,2021-04-25 14:38:42+02:00,app/src/common.h
Romain Vimont,2021-04-25 14:38:42+02:00,app/src/trait/packet_sink.h
Romain Vimont,2021-04-25 14:38:42+02:00,app/src/recorder.c
Romain Vimont,2021-04-25 14:38:42+02:00,app/src/recorder.c
Romain Vimont,2021-04-25 14:38:42+02:00,app/src/recorder.h
Romain Vimont,2021-04-25 14:38:42+02:00,app/src/stream.c
Romain Vimont,2021-04-25 14:38:42+02:00,app/src/recorder.c
Romain Vimont,2021-04-25 14:38:42+02:00,app/src/recorder.h
Romain Vimont,2021-04-25 14:38:42+02:00,app/src/decoder.c
Romain Vimont,2021-04-25 14:38:42+02:00,app/src/decoder.c
Romain Vimont,2021-04-25 14:38:42+02:00,app/src/decoder.h
Romain Vimont,2021-04-25 14:38:42+02:00,app/src/decoder.c
Romain Vimont,2021-04-25 14:38:42+02:00,app/src/decoder.h
Romain Vimont,2021-04-25 14:38:42+02:00,app/src/recorder.c
Romain Vimont,2021-04-25 14:38:42+02:00,app/src/recorder.h
Romain Vimont,2021-04-25 14:38:42+02:00,app/src/scrcpy.c
Romain Vimont,2021-04-25 14:38:42+02:00,app/src/stream.c
Romain Vimont,2021-04-25 14:38:42+02:00,app/src/stream.h
Romain Vimont,2021-04-25 14:38:42+02:00,app/src/trait/frame_sink.h
Romain Vimont,2021-04-25 14:38:42+02:00,app/src/screen.c
Romain Vimont,2021-04-25 14:38:42+02:00,app/src/screen.h
Romain Vimont,2021-04-25 14:38:42+02:00,app/src/decoder.c
Romain Vimont,2021-04-25 14:38:42+02:00,app/src/decoder.h
Romain Vimont,2021-04-25 14:38:42+02:00,app/src/scrcpy.c
Romain Vimont,2021-04-25 14:38:42+02:00,app/src/scrcpy.c
Romain Vimont,2021-04-25 14:38:42+02:00,app/src/screen.c
Romain Vimont,2021-04-25 14:38:42+02:00,app/src/screen.h
Romain Vimont,2021-04-25 14:38:42+02:00,app/src/screen.c
Romain Vimont,2021-04-25 14:38:42+02:00,app/src/video_buffer.c
Romain Vimont,2021-04-25 14:38:42+02:00,app/src/video_buffer.h
Romain Vimont,2021-04-25 14:38:42+02:00,app/src/screen.c
Romain Vimont,2021-04-25 14:38:42+02:00,app/src/screen.h
Romain Vimont,2021-04-25 14:38:42+02:00,app/src/scrcpy.c
Romain Vimont,2021-04-25 14:38:42+02:00,app/src/screen.c
Romain Vimont,2021-04-25 14:38:42+02:00,app/src/screen.h
Romain Vimont,2021-04-25 14:38:42+02:00,app/src/recorder.c
Romain Vimont,2021-04-25 14:38:42+02:00,app/src/recorder.c
Romain Vimont,2021-04-25 14:38:42+02:00,app/src/decoder.c
Romain Vimont,2021-04-25 14:38:42+02:00,app/src/recorder.c
Romain Vimont,2021-04-25 14:38:42+02:00,app/src/util/str_util.c
Romain Vimont,2021-04-25 14:38:42+02:00,app/src/util/str_util.h
Romain Vimont,2021-04-25 14:38:42+02:00,app/tests/test_strutil.c
Romain Vimont,2021-04-25 14:55:19+02:00,app/src/recorder.c
Romain Vimont,2021-04-25 14:55:54+02:00,README.md
Romain Vimont,2021-04-25 14:55:54+02:00,app/scrcpy.1
Romain Vimont,2021-04-25 14:55:54+02:00,app/src/cli.c
Romain Vimont,2021-04-25 14:55:54+02:00,app/src/scrcpy.h
Romain Vimont,2021-04-25 14:55:54+02:00,server/src/main/java/com/genymobile/scrcpy/Device.java
Romain Vimont,2021-04-25 14:55:54+02:00,server/src/main/java/com/genymobile/scrcpy/ScreenInfo.java
Romain Vimont,2021-04-25 14:55:54+02:00,README.md
Romain Vimont,2021-04-25 14:55:54+02:00,app/scrcpy.1
Romain Vimont,2021-04-25 14:55:54+02:00,app/src/cli.c
Marco Martinelli,2021-04-25 14:59:10+02:00,app/meson.build
Marco Martinelli,2021-04-25 14:59:10+02:00,app/scrcpy.1
Marco Martinelli,2021-04-25 14:59:10+02:00,app/src/cli.c
Marco Martinelli,2021-04-25 14:59:10+02:00,app/src/decoder.h
Marco Martinelli,2021-04-25 14:59:10+02:00,app/src/main.c
Marco Martinelli,2021-04-25 14:59:10+02:00,app/src/scrcpy.c
Marco Martinelli,2021-04-25 14:59:10+02:00,app/src/scrcpy.h
Marco Martinelli,2021-04-25 14:59:10+02:00,app/src/v4l2_sink.c
Marco Martinelli,2021-04-25 14:59:10+02:00,app/src/v4l2_sink.h
Romain Vimont,2021-04-25 15:00:56+02:00,README.md
Romain Vimont,2021-04-26 17:59:35+02:00,app/scrcpy.1
Romain Vimont,2021-04-26 17:59:35+02:00,app/src/cli.c
Romain Vimont,2021-04-26 18:04:51+02:00,app/src/v4l2_sink.c
Romain Vimont,2021-04-26 18:05:11+02:00,app/src/v4l2_sink.c
Romain Vimont,2021-04-26 18:05:43+02:00,app/src/decoder.c
Romain Vimont,2021-04-30 23:07:29+02:00,server/src/main/java/com/genymobile/scrcpy/Device.java
Romain Vimont,2021-04-30 23:07:37+02:00,server/src/main/java/com/genymobile/scrcpy/Device.java
Romain Vimont,2021-04-30 23:07:37+02:00,server/src/main/java/com/genymobile/scrcpy/Controller.java
Romain Vimont,2021-04-30 23:07:37+02:00,server/src/main/java/com/genymobile/scrcpy/Device.java
Romain Vimont,2021-05-03 20:43:45+02:00,app/src/server.c
Haren S,2021-05-09 10:55:59+02:00,README.md
Romain Vimont,2021-05-09 11:01:16+02:00,BUILD.md
Romain Vimont,2021-05-09 11:06:02+02:00,app/src/server.c
LYK,2021-05-15 18:56:45+02:00,README.ko.md
Alberto Pasqualetto,2021-05-15 18:58:04+02:00,README.md
Romain Vimont,2021-05-16 15:48:07+02:00,app/src/scrcpy.c
Romain Vimont,2021-05-16 15:48:07+02:00,app/src/stream.c
Romain Vimont,2021-05-16 15:48:07+02:00,app/src/stream.h
Romain Vimont,2021-05-16 18:46:47+02:00,app/src/screen.c
Romain Vimont,2021-05-16 18:47:16+02:00,app/src/fps_counter.c
Romain Vimont,2021-05-16 18:47:16+02:00,app/src/input_manager.c
Romain Vimont,2021-05-16 18:47:16+02:00,app/src/input_manager.h
Romain Vimont,2021-05-16 18:47:16+02:00,app/src/scrcpy.c
Romain Vimont,2021-05-16 18:47:16+02:00,app/src/screen.c
Romain Vimont,2021-05-16 18:47:16+02:00,app/src/screen.h
Romain Vimont,2021-05-16 18:48:04+02:00,app/src/screen.c
Romain Vimont,2021-05-17 08:48:51+02:00,app/src/input_manager.c
Romain Vimont,2021-05-17 08:48:51+02:00,app/src/input_manager.h
Romain Vimont,2021-05-17 08:48:51+02:00,app/src/scrcpy.c
Romain Vimont,2021-05-17 08:52:08+02:00,app/meson.build
Romain Vimont,2021-05-17 08:52:08+02:00,app/src/device.c
Romain Vimont,2021-05-17 08:52:08+02:00,app/src/device.h
Romain Vimont,2021-05-17 08:52:08+02:00,app/src/scrcpy.c
Romain Vimont,2021-05-17 08:52:08+02:00,app/src/server.c
Romain Vimont,2021-05-17 08:52:08+02:00,app/src/server.h
Romain Vimont,2021-05-28 10:06:26+02:00,README.md
Romain Vimont,2021-05-28 10:18:36+02:00,FAQ.md
Alberto Pasqualetto,2021-05-28 10:18:49+02:00,README.it.md
Alberto Pasqualetto,2021-05-28 10:18:49+02:00,README.md
Alberto Pasqualetto,2021-05-28 10:19:17+02:00,FAQ.it.md
Alberto Pasqualetto,2021-05-28 10:19:17+02:00,FAQ.md
Secreto31126,2021-05-28 10:19:17+02:00,README.md
Secreto31126,2021-05-28 10:19:17+02:00,README.sp.md
Romain Vimont,2021-05-28 21:21:54+02:00,app/src/scrcpy.c
Romain Vimont,2021-05-28 21:21:54+02:00,app/src/server.c
Romain Vimont,2021-05-28 21:21:54+02:00,app/src/server.h
Romain Vimont,2021-05-28 21:23:18+02:00,app/src/decoder.c
Romain Vimont,2021-05-28 21:29:14+02:00,app/src/scrcpy.c
Romain Vimont,2021-06-11 09:33:29+02:00,server/src/main/java/com/genymobile/scrcpy/CleanUp.java
Romain Vimont,2021-06-11 09:33:29+02:00,server/src/main/java/com/genymobile/scrcpy/Server.java
Romain Vimont,2021-06-11 09:37:29+02:00,server/src/main/java/com/genymobile/scrcpy/ScreenEncoder.java
Romain Vimont,2021-06-11 10:02:52+02:00,server/src/main/java/com/genymobile/scrcpy/ScreenEncoder.java
Romain Vimont,2021-06-11 18:40:12+02:00,README.md
Romain Vimont,2021-06-11 18:40:12+02:00,app/tests/test_cli.c
Romain Vimont,2021-06-13 19:20:57+02:00,app/src/compat.h
Romain Vimont,2021-06-13 19:20:57+02:00,app/src/v4l2_sink.c
Romain Vimont,2021-06-14 08:16:05+02:00,README.md
Romain Vimont,2021-06-14 09:07:49+02:00,app/src/stream.c
Romain Vimont,2021-06-14 09:07:49+02:00,app/src/stream.h
Romain Vimont,2021-06-14 09:07:49+02:00,app/src/stream.c
Romain Vimont,2021-06-14 09:07:49+02:00,app/src/recorder.c
Romain Vimont,2021-06-14 09:07:49+02:00,app/src/recorder.h
Romain Vimont,2021-06-14 09:07:49+02:00,app/src/v4l2_sink.c
Romain Vimont,2021-06-14 09:07:49+02:00,app/src/v4l2_sink.h
Romain Vimont,2021-06-14 09:36:08+02:00,app/src/screen.c
Romain Vimont,2021-06-14 21:24:51+02:00,app/src/screen.c
Romain Vimont,2021-06-16 22:56:11+02:00,README.md
Romain Vimont,2021-06-16 22:56:11+02:00,app/scrcpy.1
Romain Vimont,2021-06-16 22:56:11+02:00,app/src/cli.c
Romain Vimont,2021-06-16 22:56:11+02:00,app/src/file_handler.c
Romain Vimont,2021-06-19 22:59:48+02:00,server/src/main/java/com/genymobile/scrcpy/wrappers/ContentProvider.java
Romain Vimont,2021-06-20 12:34:19+02:00,app/src/scrcpy.c
Romain Vimont,2021-06-20 12:34:19+02:00,app/src/control_msg.h
Romain Vimont,2021-06-20 12:34:19+02:00,app/src/input_manager.c
Marti Raudsepp,2021-06-20 12:34:19+02:00,app/scrcpy.1
Marti Raudsepp,2021-06-20 12:34:19+02:00,app/src/cli.c
Marti Raudsepp,2021-06-20 12:34:19+02:00,app/src/main.c
Marti Raudsepp,2021-06-20 12:34:19+02:00,app/src/scrcpy.h
Marti Raudsepp,2021-06-20 12:34:19+02:00,app/src/server.c
Marti Raudsepp,2021-06-20 12:34:19+02:00,server/src/main/java/com/genymobile/scrcpy/Ln.java
Marti Raudsepp,2021-06-20 16:03:52+02:00,app/src/control_msg.c
Marti Raudsepp,2021-06-20 16:03:52+02:00,app/src/control_msg.h
Marti Raudsepp,2021-06-20 16:03:52+02:00,app/src/controller.c
Romain Vimont,2021-06-20 16:04:18+02:00,app/src/control_msg.c
Romain Vimont,2021-06-20 16:04:18+02:00,app/meson.build
Romain Vimont,2021-06-20 16:04:18+02:00,app/src/main.c
Romain Vimont,2021-06-20 16:04:18+02:00,app/src/util/log.c
Romain Vimont,2021-06-20 16:04:18+02:00,app/src/util/log.h
Romain Vimont,2021-06-20 16:04:18+02:00,app/src/util/log.c
Romain Vimont,2021-06-20 16:04:18+02:00,app/src/util/log.h
Romain Vimont,2021-06-20 16:44:59+02:00,app/src/controller.c
Romain Vimont,2021-06-20 21:16:03+02:00,app/src/cli.c
Romain Vimont,2021-06-20 21:16:42+02:00,app/src/sys/win/process.c
Wirtos_new,2021-06-20 21:16:42+02:00,app/src/adb.c
Wirtos_new,2021-06-20 21:16:42+02:00,app/src/adb.c
Wirtos_new,2021-06-20 21:16:42+02:00,app/src/sys/win/process.c
Romain Vimont,2021-06-20 21:19:11+02:00,prebuilt-deps/Makefile
Romain Vimont,2021-06-20 22:01:07+02:00,meson.build
Romain Vimont,2021-06-20 22:01:07+02:00,server/build.gradle
Romain Vimont,2021-06-20 22:01:07+02:00,server/build_without_gradle.sh
Romain Vimont,2021-06-20 22:11:56+02:00,BUILD.md
Romain Vimont,2021-06-20 22:11:56+02:00,README.md
Romain Vimont,2021-06-21 09:47:15+02:00,install_release.sh
Romain Vimont,2021-06-25 21:48:07+02:00,app/src/scrcpy.c
Romain Vimont,2021-06-26 15:31:50+02:00,app/src/util/thread.c
Romain Vimont,2021-06-26 15:31:50+02:00,app/src/util/thread.h
Romain Vimont,2021-06-26 16:03:34+02:00,app/src/v4l2_sink.c
Romain Vimont,2021-06-26 16:03:52+02:00,app/src/v4l2_sink.c
Romain Vimont,2021-06-26 16:03:52+02:00,app/src/v4l2_sink.h
Romain Vimont,2021-07-04 12:19:52+02:00,app/src/recorder.c
Romain Vimont,2021-07-04 12:19:52+02:00,app/src/stream.c
Romain Vimont,2021-07-06 18:32:40+02:00,app/scrcpy.1
Romain Vimont,2021-07-06 18:32:40+02:00,app/src/cli.c
Romain Vimont,2021-07-06 18:33:04+02:00,app/scrcpy.1
Romain Vimont,2021-07-14 00:35:10+02:00,app/src/recorder.c
Romain Vimont,2021-07-14 00:35:10+02:00,app/src/recorder.h
Romain Vimont,2021-07-14 00:35:10+02:00,app/src/util/queue.h
Romain Vimont,2021-07-14 00:35:10+02:00,app/tests/test_queue.c
Romain Vimont,2021-07-14 00:35:10+02:00,app/src/video_buffer.h
Romain Vimont,2021-07-14 00:35:10+02:00,app/src/screen.h
Romain Vimont,2021-07-14 00:35:10+02:00,app/src/video_buffer.h
Romain Vimont,2021-07-14 00:39:35+02:00,app/src/v4l2_sink.c
Romain Vimont,2021-07-14 14:22:32+02:00,app/meson.build
Romain Vimont,2021-07-14 14:22:32+02:00,app/src/fps_counter.c
Romain Vimont,2021-07-14 14:22:32+02:00,app/src/fps_counter.h
Romain Vimont,2021-07-14 14:22:32+02:00,app/src/server.c
Romain Vimont,2021-07-14 14:22:32+02:00,app/src/util/thread.c
Romain Vimont,2021-07-14 14:22:32+02:00,app/src/util/thread.h
Romain Vimont,2021-07-14 14:22:32+02:00,app/src/util/tick.c
Romain Vimont,2021-07-14 14:22:32+02:00,app/src/util/tick.h
Romain Vimont,2021-07-14 14:22:32+02:00,app/src/fps_counter.c
Romain Vimont,2021-07-14 14:22:32+02:00,app/src/server.c
Romain Vimont,2021-07-14 14:22:32+02:00,app/src/util/thread.c
Romain Vimont,2021-07-14 14:22:32+02:00,app/src/util/thread.h
Romain Vimont,2021-07-14 14:22:32+02:00,app/src/v4l2_sink.c
Romain Vimont,2021-07-14 14:22:32+02:00,app/src/screen.c
Romain Vimont,2021-07-14 14:22:32+02:00,app/src/screen.h
Romain Vimont,2021-07-14 14:22:32+02:00,app/src/v4l2_sink.c
Romain Vimont,2021-07-14 14:22:32+02:00,app/src/v4l2_sink.h
Romain Vimont,2021-07-14 14:22:32+02:00,app/src/video_buffer.c
Romain Vimont,2021-07-14 14:22:32+02:00,app/src/video_buffer.h
Romain Vimont,2021-07-14 14:22:32+02:00,app/meson.build
Romain Vimont,2021-07-14 14:22:32+02:00,app/src/frame_buffer.c
Romain Vimont,2021-07-14 14:22:32+02:00,app/src/frame_buffer.h
Romain Vimont,2021-07-14 14:22:32+02:00,app/src/video_buffer.c
Romain Vimont,2021-07-14 14:22:32+02:00,app/src/video_buffer.h
Romain Vimont,2021-07-14 14:22:32+02:00,app/src/screen.c
Romain Vimont,2021-07-14 14:22:32+02:00,app/src/v4l2_sink.c
Romain Vimont,2021-07-14 14:22:32+02:00,app/src/video_buffer.c
Romain Vimont,2021-07-14 14:22:32+02:00,app/src/video_buffer.h
Romain Vimont,2021-07-14 14:27:33+02:00,app/meson.build
Romain Vimont,2021-07-14 14:27:33+02:00,app/src/clock.c
Romain Vimont,2021-07-14 14:27:33+02:00,app/src/clock.h
Romain Vimont,2021-07-14 14:27:33+02:00,app/src/screen.c
Romain Vimont,2021-07-14 14:27:33+02:00,app/src/v4l2_sink.c
Romain Vimont,2021-07-14 14:27:33+02:00,app/src/video_buffer.c
Romain Vimont,2021-07-14 14:27:33+02:00,app/src/video_buffer.h
Romain Vimont,2021-07-14 14:54:22+02:00,README.md
Romain Vimont,2021-07-14 14:54:22+02:00,app/scrcpy.1
Romain Vimont,2021-07-14 14:54:22+02:00,app/src/cli.c
Romain Vimont,2021-07-14 14:54:22+02:00,app/src/scrcpy.c
Romain Vimont,2021-07-14 14:54:22+02:00,app/src/scrcpy.h
Romain Vimont,2021-07-14 14:54:22+02:00,app/src/screen.c
Romain Vimont,2021-07-14 14:54:22+02:00,app/src/screen.h
Romain Vimont,2021-07-14 14:54:22+02:00,app/src/v4l2_sink.c
Romain Vimont,2021-07-14 14:54:22+02:00,app/src/v4l2_sink.h
Romain Vimont,2021-07-14 14:54:22+02:00,app/meson.build
Romain Vimont,2021-07-14 14:54:22+02:00,app/tests/test_clock.c
Romain Vimont,2021-07-14 14:54:22+02:00,app/src/clock.c
Romain Vimont,2021-07-14 14:54:22+02:00,app/src/util/tick.h
Romain Vimont,2021-07-14 14:54:22+02:00,app/src/video_buffer.c
Romain Vimont,2021-07-14 14:54:22+02:00,app/src/video_buffer.h
Romain Vimont,2021-07-14 14:54:22+02:00,app/src/clock.c
Romain Vimont,2021-07-15 18:07:39+02:00,app/src/recorder.c
Romain Vimont,2021-07-15 18:07:39+02:00,app/src/server.c
Romain Vimont,2021-07-15 18:16:26+02:00,app/src/util/net.c
Romain Vimont,2021-07-15 18:16:56+02:00,app/src/controller.c
Romain Vimont,2021-07-15 18:16:56+02:00,app/src/server.c
Stefan Huber,2021-08-11 15:26:32+02:00,DEVELOP.md
Hyperterminal Byte,2021-08-11 15:29:17+02:00,README.md
kosantosbik,2021-08-11 15:42:31+02:00,README.md
kosantosbik,2021-08-11 15:42:31+02:00,README.tr.md
Romain Vimont,2021-08-13 12:40:22+02:00,FAQ.md
horizon86,2021-08-24 19:29:02+02:00,FAQ.md
horizon86,2021-08-24 19:29:02+02:00,FAQ.zh-Hans.md
Romain Vimont,2021-08-26 12:26:44+02:00,app/src/scrcpy.c
nkh0472,2021-08-28 14:12:00+02:00,prebuilt-deps/Makefile
nkh0472,2021-08-28 14:20:17+02:00,cross_win32.txt
nkh0472,2021-08-28 14:20:17+02:00,cross_win64.txt
nkh0472,2021-08-28 14:20:17+02:00,prebuilt-deps/Makefile
nkh0472,2021-08-28 14:20:17+02:00,release.mk
Romain Vimont,2021-08-28 23:14:56+02:00,server/src/main/java/com/genymobile/scrcpy/Controller.java
a1346054,2021-09-07 21:41:40+02:00,app/scrcpy.1
Romain Vimont,2021-09-09 12:51:18+02:00,app/src/server.c
Romain Vimont,2021-09-09 23:03:35+02:00,app/src/util/net.c
Romain Vimont,2021-09-10 21:40:08+02:00,meson.build
Romain Vimont,2021-09-10 21:40:08+02:00,server/build.gradle
Romain Vimont,2021-09-10 21:40:08+02:00,server/build_without_gradle.sh
Romain Vimont,2021-09-10 22:01:18+02:00,BUILD.md
Romain Vimont,2021-09-10 22:01:18+02:00,README.md
Romain Vimont,2021-09-10 22:01:18+02:00,install_release.sh
Romain Vimont,2021-09-11 10:46:25+02:00,server/src/main/java/com/genymobile/scrcpy/wrappers/StatusBarManager.java
Romain Vimont,2021-09-11 21:36:21+02:00,README.md
Romain Vimont,2021-09-20 18:27:37+02:00,app/src/decoder.c
Romain Vimont,2021-09-20 18:27:37+02:00,app/src/recorder.c
Romain Vimont,2021-09-22 15:33:17+02:00,server/src/main/java/com/genymobile/scrcpy/ScreenEncoder.java
Alberto Pasqualetto,2021-10-08 08:34:49+02:00,FAQ.it.md
Alberto Pasqualetto,2021-10-08 08:34:49+02:00,FAQ.md
Alberto Pasqualetto,2021-10-08 08:34:49+02:00,README.it.md
Alberto Pasqualetto,2021-10-08 08:34:49+02:00,README.md
Pedro Miguel A Carraro,2021-10-08 21:46:56+02:00,README.md
Pedro Miguel A Carraro,2021-10-08 21:46:56+02:00,README.pt-br.md
Romain Vimont,2021-10-17 16:21:37+02:00,app/src/util/net.c
zhongkaizhu,2021-10-21 16:26:48+02:00,app/src/v4l2_sink.c
Romain Vimont,2021-10-21 18:36:34+02:00,app/src/controller.c
Romain Vimont,2021-10-25 16:29:43+02:00,app/src/server.c
Romain Vimont,2021-10-25 16:29:43+02:00,app/src/util/process.c
Romain Vimont,2021-10-25 16:29:43+02:00,app/src/util/process.h
Romain Vimont,2021-10-25 18:08:31+02:00,app/src/server.c
Romain Vimont,2021-10-25 18:08:37+02:00,app/meson.build
Romain Vimont,2021-10-25 18:08:37+02:00,app/src/icon.c
Romain Vimont,2021-10-25 18:08:37+02:00,app/src/icon.h
Romain Vimont,2021-10-25 18:08:37+02:00,app/src/icon.c
Romain Vimont,2021-10-25 18:08:37+02:00,app/meson.build
Romain Vimont,2021-10-25 18:08:37+02:00,app/src/screen.c
Romain Vimont,2021-10-25 18:08:37+02:00,data/icon.png
Romain Vimont,2021-10-25 18:08:37+02:00,release.mk
Romain Vimont,2021-10-25 18:08:37+02:00,run
Romain Vimont,2021-10-25 18:08:37+02:00,data/icon.svg
Romain Vimont,2021-10-25 18:08:37+02:00,app/meson.build
Romain Vimont,2021-10-25 18:08:37+02:00,app/src/icon.xpm
Romain Vimont,2021-10-25 18:08:37+02:00,app/src/scrcpy.c
Romain Vimont,2021-10-25 18:08:37+02:00,app/src/tiny_xpm.c
Romain Vimont,2021-10-25 18:08:37+02:00,app/src/tiny_xpm.h
Romain Vimont,2021-10-25 18:08:37+02:00,README.md
Romain Vimont,2021-10-25 18:22:17+02:00,README.md
Romain Vimont,2021-10-25 18:22:48+02:00,README.md
Romain Vimont,2021-10-26 21:30:04+02:00,app/src/trait/frame_sink.h
Romain Vimont,2021-10-26 21:30:04+02:00,app/src/trait/packet_sink.h
Romain Vimont,2021-10-26 21:30:04+02:00,app/meson.build
Romain Vimont,2021-10-26 21:30:04+02:00,app/src/event_converter.c
Romain Vimont,2021-10-26 21:30:04+02:00,app/src/event_converter.h
Romain Vimont,2021-10-26 21:30:04+02:00,app/src/input_manager.c
Romain Vimont,2021-10-26 21:30:04+02:00,app/src/input_manager.h
Romain Vimont,2021-10-26 21:30:04+02:00,app/src/keyboard_inject.c
Romain Vimont,2021-10-26 21:30:04+02:00,app/src/keyboard_inject.h
Romain Vimont,2021-10-26 21:30:04+02:00,app/src/scrcpy.c
Romain Vimont,2021-10-26 21:30:04+02:00,app/src/trait/key_processor.h
Romain Vimont,2021-10-26 21:30:04+02:00,app/meson.build
Romain Vimont,2021-10-26 21:30:04+02:00,app/src/event_converter.c
Romain Vimont,2021-10-26 21:30:04+02:00,app/src/event_converter.h
Romain Vimont,2021-10-26 21:30:04+02:00,app/src/input_manager.c
Romain Vimont,2021-10-26 21:30:04+02:00,app/src/input_manager.h
Romain Vimont,2021-10-26 21:30:04+02:00,app/src/mouse_inject.c
Romain Vimont,2021-10-26 21:30:04+02:00,app/src/mouse_inject.h
Romain Vimont,2021-10-26 21:30:04+02:00,app/src/scrcpy.c
Romain Vimont,2021-10-26 21:30:04+02:00,app/src/trait/mouse_processor.h
Alynx Zhou,2021-10-26 21:30:04+02:00,BUILD.md
Alynx Zhou,2021-10-26 21:30:04+02:00,README.md
Alynx Zhou,2021-10-26 21:30:04+02:00,app/meson.build
Alynx Zhou,2021-10-26 21:30:04+02:00,app/scrcpy.1
Alynx Zhou,2021-10-26 21:30:04+02:00,app/src/aoa_hid.c
Alynx Zhou,2021-10-26 21:30:04+02:00,app/src/aoa_hid.h
Alynx Zhou,2021-10-26 21:30:04+02:00,app/src/cli.c
Alynx Zhou,2021-10-26 21:30:04+02:00,app/src/hid_keyboard.c
Alynx Zhou,2021-10-26 21:30:04+02:00,app/src/hid_keyboard.h
Alynx Zhou,2021-10-26 21:30:04+02:00,app/src/scrcpy.c
Alynx Zhou,2021-10-26 21:30:04+02:00,app/src/scrcpy.h
Romain Vimont,2021-10-26 21:30:04+02:00,app/src/sys/unix/process.c
Romain Vimont,2021-10-26 21:30:04+02:00,app/src/sys/win/process.c
Romain Vimont,2021-10-26 21:30:04+02:00,app/src/util/process.h
Romain Vimont,2021-10-26 21:30:04+02:00,app/src/adb.c
Romain Vimont,2021-10-26 21:30:04+02:00,app/src/adb.h
Romain Vimont,2021-10-26 21:30:04+02:00,app/src/util/process.c
Romain Vimont,2021-10-26 21:30:04+02:00,app/src/util/process.h
Romain Vimont,2021-10-26 21:30:04+02:00,app/src/adb.c
Romain Vimont,2021-10-26 21:30:04+02:00,app/src/adb.h
Romain Vimont,2021-10-26 21:30:04+02:00,app/src/scrcpy.c
Romain Vimont,2021-10-26 21:30:04+02:00,app/src/hid_keyboard.c
Romain Vimont,2021-10-26 21:30:04+02:00,app/src/hid_keyboard.h
Romain Vimont,2021-10-26 21:30:04+02:00,app/src/aoa_hid.c
Romain Vimont,2021-10-26 21:30:04+02:00,app/src/aoa_hid.h
Romain Vimont,2021-10-26 21:30:04+02:00,app/src/hid_keyboard.c
Romain Vimont,2021-10-26 21:30:04+02:00,FAQ.md
Romain Vimont,2021-10-26 22:49:45+02:00,app/src/util/net.c
Romain Vimont,2021-10-26 22:49:45+02:00,app/src/controller.c
Romain Vimont,2021-10-26 22:49:45+02:00,app/src/controller.h
Romain Vimont,2021-10-26 22:49:45+02:00,app/src/receiver.c
Romain Vimont,2021-10-26 22:49:45+02:00,app/src/receiver.h
Romain Vimont,2021-10-26 22:49:45+02:00,app/src/server.c
Romain Vimont,2021-10-26 22:49:45+02:00,app/src/server.h
Romain Vimont,2021-10-26 22:49:45+02:00,app/src/stream.c
Romain Vimont,2021-10-26 22:49:45+02:00,app/src/stream.h
Romain Vimont,2021-10-26 22:49:45+02:00,app/src/util/net.c
Romain Vimont,2021-10-26 22:49:45+02:00,app/src/util/net.h
Romain Vimont,2021-10-26 22:49:45+02:00,app/src/util/net.c
Romain Vimont,2021-10-26 22:49:57+02:00,app/src/util/net.c
Romain Vimont,2021-10-26 22:49:57+02:00,app/src/util/net.h
Romain Vimont,2021-10-27 18:41:58+02:00,app/src/server.c
Romain Vimont,2021-10-27 18:41:58+02:00,app/src/server.h
Romain Vimont,2021-10-27 18:41:58+02:00,app/src/util/net.c
Romain Vimont,2021-10-27 18:41:58+02:00,app/src/util/net.h
Romain Vimont,2021-10-27 18:43:47+02:00,app/src/aoa_hid.h
Romain Vimont,2021-10-27 18:43:47+02:00,app/src/cli.c
Romain Vimont,2021-10-27 18:43:47+02:00,app/src/cli.h
Romain Vimont,2021-10-27 18:43:47+02:00,app/src/input_manager.h
Romain Vimont,2021-10-27 18:43:47+02:00,app/src/keyboard_inject.h
Romain Vimont,2021-10-27 18:43:47+02:00,app/src/main.c
Romain Vimont,2021-10-27 18:43:47+02:00,app/src/mouse_inject.h
Romain Vimont,2021-10-27 18:43:47+02:00,app/src/options.h
Romain Vimont,2021-10-27 18:43:47+02:00,app/src/recorder.h
Romain Vimont,2021-10-27 18:43:47+02:00,app/src/scrcpy.h
Romain Vimont,2021-10-27 18:43:47+02:00,app/src/screen.c
Romain Vimont,2021-10-27 18:43:47+02:00,app/src/server.h
Romain Vimont,2021-10-27 18:43:47+02:00,app/src/util/log.h
Romain Vimont,2021-10-27 18:43:47+02:00,app/tests/test_cli.c
Romain Vimont,2021-10-27 18:43:47+02:00,app/meson.build
Romain Vimont,2021-10-27 18:43:47+02:00,app/src/main.c
Romain Vimont,2021-10-27 18:43:47+02:00,app/src/options.c
Romain Vimont,2021-10-27 18:43:47+02:00,app/src/options.h
Romain Vimont,2021-10-27 18:43:47+02:00,app/tests/test_cli.c
Romain Vimont,2021-10-27 18:43:47+02:00,app/src/options.c
Romain Vimont,2021-10-27 18:43:47+02:00,app/src/options.h
Romain Vimont,2021-10-29 12:21:34+02:00,app/src/clock.h
Romain Vimont,2021-10-30 11:23:51+02:00,server/build.gradle
Romain Vimont,2021-10-30 11:23:51+02:00,config/android-checkstyle.gradle
Romain Vimont,2021-10-30 11:23:51+02:00,config/checkstyle/checkstyle.xml
Romain Vimont,2021-10-30 11:23:51+02:00,server/src/test/java/com/genymobile/scrcpy/ControlMessageReaderTest.java
Romain Vimont,2021-10-30 11:32:48+02:00,build.gradle
Romain Vimont,2021-10-30 11:32:48+02:00,gradle/wrapper/gradle-wrapper.properties
Romain Vimont,2021-10-30 15:20:39+02:00,app/src/control_msg.c
Romain Vimont,2021-10-30 15:20:39+02:00,app/src/control_msg.h
Romain Vimont,2021-10-30 15:20:39+02:00,app/src/coords.h
Romain Vimont,2021-10-30 15:20:39+02:00,app/src/input_manager.c
Romain Vimont,2021-10-30 15:20:39+02:00,app/src/mouse_inject.c
Romain Vimont,2021-10-30 15:20:39+02:00,app/src/recorder.c
Romain Vimont,2021-10-30 15:20:39+02:00,app/src/recorder.h
Romain Vimont,2021-10-30 15:20:39+02:00,app/src/scrcpy.c
Romain Vimont,2021-10-30 15:20:39+02:00,app/src/screen.c
Romain Vimont,2021-10-30 15:20:39+02:00,app/src/screen.h
Romain Vimont,2021-10-30 15:20:39+02:00,app/src/server.c
Romain Vimont,2021-10-30 15:20:39+02:00,app/src/server.h
Romain Vimont,2021-10-30 15:20:39+02:00,app/src/v4l2_sink.c
Romain Vimont,2021-10-30 15:20:39+02:00,app/src/v4l2_sink.h
Romain Vimont,2021-10-30 20:25:20+02:00,app/src/scrcpy.c
Romain Vimont,2021-10-30 20:25:20+02:00,app/src/screen.c
Romain Vimont,2021-10-30 20:25:20+02:00,app/src/screen.h
Romain Vimont,2021-10-30 22:36:56+02:00,app/src/scrcpy.c
Romain Vimont,2021-10-31 12:45:56+01:00,app/src/scrcpy.c
Romain Vimont,2021-10-31 12:45:59+01:00,app/src/scrcpy.c
Romain Vimont,2021-10-31 12:45:59+01:00,app/src/scrcpy.c
Romain Vimont,2021-10-31 12:45:59+01:00,app/src/scrcpy.c
Romain Vimont,2021-10-31 12:45:59+01:00,app/src/compat.h
Romain Vimont,2021-10-31 12:45:59+01:00,app/src/scrcpy.c
Romain Vimont,2021-10-31 12:45:59+01:00,app/src/scrcpy.c
Kaleidot725,2021-10-31 13:03:27+01:00,README.jp.md
Kaleidot725,2021-10-31 13:03:27+01:00,README.md
Romain Vimont,2021-11-02 11:08:58+01:00,app/src/scrcpy.c
Romain Vimont,2021-11-02 11:08:58+01:00,app/src/server.c
Romain Vimont,2021-11-02 11:08:58+01:00,app/src/server.h
Romain Vimont,2021-11-06 19:26:29+01:00,app/src/util/tick.h
Romain Vimont,2021-11-07 18:50:24+01:00,app/src/cli.c
Romain Vimont,2021-11-07 18:50:24+01:00,README.md
Romain Vimont,2021-11-07 18:50:29+01:00,README.md
Romain Vimont,2021-11-07 18:51:22+01:00,README.md
Romain Vimont,2021-11-07 18:51:22+01:00,app/scrcpy.1
Romain Vimont,2021-11-07 18:51:22+01:00,app/src/cli.c
Romain Vimont,2021-11-07 19:27:53+01:00,README.md
Romain Vimont,2021-11-07 19:27:53+01:00,app/scrcpy.1
Romain Vimont,2021-11-07 19:27:53+01:00,app/src/cli.c
Romain Vimont,2021-11-07 21:35:53+01:00,app/src/cli.c
Romain Vimont,2021-11-07 21:35:57+01:00,app/src/cli.c
Romain Vimont,2021-11-11 14:55:52+01:00,app/meson.build
Romain Vimont,2021-11-11 14:55:52+01:00,app/src/util/strbuf.c
Romain Vimont,2021-11-11 14:55:52+01:00,app/src/util/strbuf.h
Romain Vimont,2021-11-11 14:55:52+01:00,app/tests/test_strbuf.c
Romain Vimont,2021-11-11 14:55:53+01:00,app/meson.build
Romain Vimont,2021-11-11 14:55:53+01:00,app/src/util/str_util.c
Romain Vimont,2021-11-11 14:55:53+01:00,app/src/util/str_util.h
Romain Vimont,2021-11-11 14:55:53+01:00,app/tests/test_strutil.c
Romain Vimont,2021-11-11 14:59:34+01:00,app/src/cli.c
Romain Vimont,2021-11-11 14:59:34+01:00,app/src/cli.c
Romain Vimont,2021-11-11 14:59:34+01:00,app/src/cli.c
Romain Vimont,2021-11-11 15:22:39+01:00,app/meson.build
Romain Vimont,2021-11-11 15:22:39+01:00,app/src/util/term.c
Romain Vimont,2021-11-11 15:22:39+01:00,app/src/util/term.h
Romain Vimont,2021-11-11 15:22:39+01:00,app/src/cli.c
Romain Vimont,2021-11-12 22:44:18+01:00,server/build.gradle
Romain Vimont,2021-11-12 22:44:22+01:00,app/src/screen.c
Romain Vimont,2021-11-12 22:44:22+01:00,app/src/screen.h
Romain Vimont,2021-11-12 22:44:37+01:00,app/meson.build
Romain Vimont,2021-11-12 22:44:37+01:00,app/src/adb.c
Romain Vimont,2021-11-12 22:44:37+01:00,app/src/icon.c
Romain Vimont,2021-11-12 22:44:37+01:00,app/src/server.c
Romain Vimont,2021-11-12 22:44:37+01:00,app/src/sys/unix/file.c
Romain Vimont,2021-11-12 22:44:37+01:00,app/src/sys/unix/process.c
Romain Vimont,2021-11-12 22:44:37+01:00,app/src/sys/win/file.c
Romain Vimont,2021-11-12 22:44:37+01:00,app/src/sys/win/process.c
Romain Vimont,2021-11-12 22:44:37+01:00,app/src/util/file.c
Romain Vimont,2021-11-12 22:44:37+01:00,app/src/util/file.h
Romain Vimont,2021-11-12 22:44:37+01:00,app/src/util/process.c
Romain Vimont,2021-11-12 22:44:37+01:00,app/src/util/process.h
Romain Vimont,2021-11-12 22:44:37+01:00,app/src/adb.c
Romain Vimont,2021-11-12 22:44:37+01:00,app/src/icon.c
Romain Vimont,2021-11-12 22:44:37+01:00,app/src/server.c
Romain Vimont,2021-11-12 22:44:37+01:00,app/src/sys/unix/file.c
Romain Vimont,2021-11-12 22:44:37+01:00,app/src/sys/win/file.c
Romain Vimont,2021-11-12 22:44:37+01:00,app/src/util/file.c
Romain Vimont,2021-11-12 22:44:37+01:00,app/src/util/file.h
Romain Vimont,2021-11-12 22:44:37+01:00,app/src/util/process.h
Romain Vimont,2021-11-12 22:44:37+01:00,app/src/sys/unix/process.c
Romain Vimont,2021-11-12 22:44:37+01:00,app/src/sys/win/process.c
Romain Vimont,2021-11-12 22:44:37+01:00,app/src/util/process.c
Romain Vimont,2021-11-12 22:44:37+01:00,app/src/adb.c
Romain Vimont,2021-11-12 22:44:37+01:00,app/src/adb.h
Romain Vimont,2021-11-12 22:44:37+01:00,app/src/file_handler.c
Romain Vimont,2021-11-12 22:44:37+01:00,app/src/file_handler.h
Romain Vimont,2021-11-12 22:44:37+01:00,app/src/server.c
Romain Vimont,2021-11-12 22:44:37+01:00,app/src/server.h
Romain Vimont,2021-11-12 22:44:37+01:00,app/src/sys/unix/process.c
Romain Vimont,2021-11-12 22:44:37+01:00,app/src/sys/win/process.c
Romain Vimont,2021-11-12 22:44:37+01:00,app/src/util/process.c
Romain Vimont,2021-11-12 22:44:37+01:00,app/src/util/process.h
Romain Vimont,2021-11-13 10:02:23+01:00,app/src/server.c
Romain Vimont,2021-11-13 10:02:23+01:00,app/src/server.h
Romain Vimont,2021-11-13 10:02:23+01:00,app/src/util/process.c
Romain Vimont,2021-11-13 10:02:23+01:00,app/src/util/process.h
Romain Vimont,2021-11-13 10:03:03+01:00,app/src/server.c
Romain Vimont,2021-11-13 10:05:01+01:00,app/src/server.c
Romain Vimont,2021-11-13 10:05:20+01:00,app/src/server.c
Romain Vimont,2021-11-13 10:05:20+01:00,app/src/util/net.c
Romain Vimont,2021-11-13 10:05:20+01:00,app/src/util/net.h
Romain Vimont,2021-11-13 10:05:20+01:00,app/src/server.h
Romain Vimont,2021-11-13 10:05:20+01:00,app/src/scrcpy.c
Romain Vimont,2021-11-13 10:05:20+01:00,app/src/server.c
Romain Vimont,2021-11-13 10:05:20+01:00,app/src/server.h
Romain Vimont,2021-11-13 10:16:35+01:00,app/src/server.c
Romain Vimont,2021-11-13 10:17:51+01:00,app/src/server.c
Romain Vimont,2021-11-13 10:17:51+01:00,app/src/server.h
Romain Vimont,2021-11-13 10:19:52+01:00,app/src/events.h
Romain Vimont,2021-11-13 10:19:52+01:00,app/src/scrcpy.c
Romain Vimont,2021-11-13 10:19:52+01:00,app/src/server.c
Romain Vimont,2021-11-13 10:19:52+01:00,app/src/server.h
Romain Vimont,2021-11-13 22:53:07+01:00,app/meson.build
Romain Vimont,2021-11-13 22:53:07+01:00,app/src/util/intr.c
Romain Vimont,2021-11-13 22:53:07+01:00,app/src/util/intr.h
Romain Vimont,2021-11-13 22:54:18+01:00,app/meson.build
Romain Vimont,2021-11-13 22:54:18+01:00,app/src/util/net_intr.c
Romain Vimont,2021-11-13 22:54:18+01:00,app/src/util/net_intr.h
Romain Vimont,2021-11-13 22:54:18+01:00,app/src/util/process_intr.c
Romain Vimont,2021-11-13 22:54:18+01:00,app/src/util/process_intr.h
Romain Vimont,2021-11-14 01:22:20+01:00,app/src/server.c
Romain Vimont,2021-11-14 01:22:20+01:00,app/src/server.h
Romain Vimont,2021-11-14 01:22:22+01:00,app/src/server.c
Romain Vimont,2021-11-14 01:22:22+01:00,app/src/server.c
Romain Vimont,2021-11-14 01:22:22+01:00,app/src/util/net.h
Romain Vimont,2021-11-14 01:22:22+01:00,app/meson.build
Romain Vimont,2021-11-14 01:22:22+01:00,app/src/adb_tunnel.c
Romain Vimont,2021-11-14 01:22:22+01:00,app/src/adb_tunnel.h
Romain Vimont,2021-11-14 01:22:22+01:00,app/src/server.c
Romain Vimont,2021-11-14 01:22:22+01:00,app/src/server.h
Romain Vimont,2021-11-14 01:22:22+01:00,app/src/adb_tunnel.c
Romain Vimont,2021-11-14 01:22:22+01:00,app/src/server.c
Romain Vimont,2021-11-14 01:22:22+01:00,app/src/util/intr.c
Romain Vimont,2021-11-14 01:22:22+01:00,app/src/util/intr.h
Romain Vimont,2021-11-14 01:22:22+01:00,app/src/util/net.c
Romain Vimont,2021-11-14 01:22:22+01:00,app/src/util/net.h
Romain Vimont,2021-11-14 01:22:22+01:00,app/src/util/net_intr.c
Romain Vimont,2021-11-14 01:22:22+01:00,app/src/adb.c
Romain Vimont,2021-11-14 01:22:22+01:00,app/src/cli.c
Romain Vimont,2021-11-14 01:22:22+01:00,app/src/control_msg.c
Romain Vimont,2021-11-14 01:22:22+01:00,app/src/icon.c
Romain Vimont,2021-11-14 01:22:22+01:00,app/src/recorder.c
Romain Vimont,2021-11-14 01:22:22+01:00,app/src/server.c
Romain Vimont,2021-11-14 01:22:22+01:00,app/src/sys/win/file.c
Romain Vimont,2021-11-14 01:22:22+01:00,app/src/sys/win/process.c
Romain Vimont,2021-11-14 01:22:22+01:00,app/src/util/str_util.c
Romain Vimont,2021-11-14 01:22:22+01:00,app/src/util/str_util.h
Romain Vimont,2021-11-14 01:22:22+01:00,app/src/v4l2_sink.c
Romain Vimont,2021-11-14 01:22:22+01:00,app/tests/test_strutil.c
Romain Vimont,2021-11-14 01:22:22+01:00,app/meson.build
Romain Vimont,2021-11-14 01:22:22+01:00,app/src/adb.c
Romain Vimont,2021-11-14 01:22:22+01:00,app/src/cli.c
Romain Vimont,2021-11-14 01:22:22+01:00,app/src/control_msg.c
Romain Vimont,2021-11-14 01:22:22+01:00,app/src/icon.c
Romain Vimont,2021-11-14 01:22:22+01:00,app/src/recorder.c
Romain Vimont,2021-11-14 01:22:22+01:00,app/src/server.c
Romain Vimont,2021-11-14 01:22:22+01:00,app/src/sys/win/file.c
Romain Vimont,2021-11-14 01:22:22+01:00,app/src/sys/win/process.c
Romain Vimont,2021-11-14 01:22:22+01:00,app/src/util/str.c
Romain Vimont,2021-11-14 01:22:22+01:00,app/src/util/str.h
Romain Vimont,2021-11-14 01:22:22+01:00,app/src/v4l2_sink.c
Romain Vimont,2021-11-14 01:22:22+01:00,app/tests/test_str.c
Romain Vimont,2021-11-14 01:23:05+01:00,app/src/scrcpy.c
Romain Vimont,2021-11-14 01:23:05+01:00,app/src/server.c
Romain Vimont,2021-11-14 01:23:05+01:00,app/src/server.h
Romain Vimont,2021-11-14 01:23:06+01:00,app/src/hid_keyboard.c
Romain Vimont,2021-11-14 01:23:06+01:00,README.md
Romain Vimont,2021-11-14 01:23:06+01:00,README.md
Romain Vimont,2021-11-14 01:23:06+01:00,README.md
Romain Vimont,2021-11-14 01:23:06+01:00,FAQ.md
Romain Vimont,2021-11-14 01:23:06+01:00,README.md
Romain Vimont,2021-11-14 01:25:24+01:00,server/build_without_gradle.sh
Romain Vimont,2021-11-14 01:25:24+01:00,server/build_without_gradle.sh
Romain Vimont,2021-11-14 01:25:24+01:00,meson.build
Romain Vimont,2021-11-14 01:25:24+01:00,server/build.gradle
Romain Vimont,2021-11-14 01:25:24+01:00,server/build_without_gradle.sh
Romain Vimont,2021-11-14 01:51:32+01:00,BUILD.md
Romain Vimont,2021-11-14 01:51:32+01:00,README.md
Romain Vimont,2021-11-14 01:51:32+01:00,install_release.sh
Romain Vimont,2021-11-14 15:37:30+01:00,app/src/icon.c
Romain Vimont,2021-11-14 15:40:59+01:00,app/src/server.c
Romain Vimont,2021-11-14 22:41:38+01:00,app/src/sys/win/process.c
Romain Vimont,2021-11-14 22:53:49+01:00,app/src/sys/win/process.c
Romain Vimont,2021-11-15 07:49:01+01:00,app/src/sys/win/process.c
Romain Vimont,2021-11-15 10:13:30+01:00,app/src/sys/win/process.c
Alex Burdusel,2021-11-15 22:42:08+01:00,BUILD.md
LuXu,2021-11-17 19:14:32+01:00,README.md
LuXu,2021-11-17 19:14:32+01:00,README.zh-Hans.md
Romain Vimont,2021-11-18 08:36:48+01:00,server/src/main/java/com/genymobile/scrcpy/CleanUp.java
Romain Vimont,2021-11-18 08:36:48+01:00,server/src/main/java/com/genymobile/scrcpy/Device.java
Romain Vimont,2021-11-18 08:36:48+01:00,server/src/main/java/com/genymobile/scrcpy/Server.java
Romain Vimont,2021-11-18 08:36:48+01:00,server/src/main/java/com/genymobile/scrcpy/Settings.java
Romain Vimont,2021-11-18 08:36:48+01:00,server/src/main/java/com/genymobile/scrcpy/wrappers/ContentProvider.java
Romain Vimont,2021-11-18 08:37:02+01:00,server/src/main/java/com/genymobile/scrcpy/CleanUp.java
Romain Vimont,2021-11-18 08:37:02+01:00,server/src/main/java/com/genymobile/scrcpy/Server.java
Romain Vimont,2021-11-18 08:37:02+01:00,server/src/main/java/com/genymobile/scrcpy/Settings.java
Romain Vimont,2021-11-18 08:37:02+01:00,server/src/main/java/com/genymobile/scrcpy/SettingsException.java
Romain Vimont,2021-11-18 08:37:02+01:00,server/src/main/java/com/genymobile/scrcpy/wrappers/ContentProvider.java
Romain Vimont,2021-11-18 08:37:18+01:00,server/src/main/java/com/genymobile/scrcpy/Ln.java
Romain Vimont,2021-11-18 08:37:22+01:00,server/src/main/java/com/genymobile/scrcpy/Command.java
Romain Vimont,2021-11-18 08:37:22+01:00,server/src/main/java/com/genymobile/scrcpy/Settings.java
Romain Vimont,2021-11-18 08:37:26+01:00,server/src/main/java/com/genymobile/scrcpy/Server.java
Romain Vimont,2021-11-18 08:37:28+01:00,server/src/main/java/com/genymobile/scrcpy/Server.java
Romain Vimont,2021-11-18 08:37:32+01:00,server/src/main/java/com/genymobile/scrcpy/Server.java
Romain Vimont,2021-11-18 18:31:36+01:00,app/src/adb_tunnel.c
Romain Vimont,2021-11-18 18:31:36+01:00,app/src/server.c
Romain Vimont,2021-11-18 18:31:36+01:00,app/src/util/process_intr.c
Romain Vimont,2021-11-18 18:31:36+01:00,app/src/util/process_intr.h
Romain Vimont,2021-11-18 18:32:15+01:00,app/src/adb.c
Romain Vimont,2021-11-18 18:32:15+01:00,app/src/scrcpy.c
Romain Vimont,2021-11-18 18:32:15+01:00,app/src/server.c
Romain Vimont,2021-11-18 18:48:11+01:00,app/src/file_handler.c
Romain Vimont,2021-11-18 18:48:16+01:00,app/src/adb.c
Romain Vimont,2021-11-18 18:48:16+01:00,app/src/util/str.c
Romain Vimont,2021-11-18 18:48:16+01:00,app/src/util/str.h
Romain Vimont,2021-11-18 18:48:16+01:00,app/tests/test_str.c
Romain Vimont,2021-11-18 18:48:16+01:00,app/src/adb.c
Romain Vimont,2021-11-18 18:48:16+01:00,app/src/util/str.c
Romain Vimont,2021-11-18 18:48:16+01:00,app/src/util/str.h
Romain Vimont,2021-11-18 18:48:16+01:00,app/tests/test_str.c
Romain Vimont,2021-11-18 19:37:53+01:00,app/src/util/str.c
Romain Vimont,2021-11-18 19:39:11+01:00,app/src/util/process_intr.c
Romain Vimont,2021-11-18 19:39:11+01:00,app/src/util/process_intr.h
Romain Vimont,2021-11-18 19:41:41+01:00,app/src/adb.c
Romain Vimont,2021-11-18 19:41:41+01:00,app/src/adb.h
Romain Vimont,2021-11-18 19:41:41+01:00,app/src/server.c
Romain Vimont,2021-11-18 19:43:10+01:00,app/src/adb.c
Romain Vimont,2021-11-18 19:43:10+01:00,app/src/adb.h
Romain Vimont,2021-11-18 19:46:40+01:00,app/src/file_handler.c
Romain Vimont,2021-11-18 19:46:47+01:00,app/src/file_handler.c
Romain Vimont,2021-11-18 21:33:25+01:00,app/src/file_handler.c
Romain Vimont,2021-11-18 21:33:25+01:00,app/src/file_handler.h
Romain Vimont,2021-11-18 21:47:17+01:00,app/src/adb.c
Romain Vimont,2021-11-18 21:47:17+01:00,app/src/adb.h
Romain Vimont,2021-11-18 21:47:17+01:00,app/src/adb_tunnel.c
Romain Vimont,2021-11-18 21:47:17+01:00,app/src/file_handler.c
Romain Vimont,2021-11-18 21:47:17+01:00,app/src/server.c
Romain Vimont,2021-11-18 22:08:15+01:00,app/src/adb.c
Romain Vimont,2021-11-18 22:08:15+01:00,app/src/adb.h
Romain Vimont,2021-11-18 22:11:19+01:00,app/src/adb_tunnel.c
Romain Vimont,2021-11-18 22:11:19+01:00,app/src/file_handler.c
Romain Vimont,2021-11-18 22:11:19+01:00,app/src/server.c
Romain Vimont,2021-11-19 07:25:03+01:00,app/src/adb.c
Romain Vimont,2021-11-19 07:25:03+01:00,app/src/adb.h
Romain Vimont,2021-11-19 07:25:03+01:00,app/src/adb_tunnel.c
Romain Vimont,2021-11-19 08:06:23+01:00,app/src/cli.c
Romain Vimont,2021-11-19 08:18:13+01:00,app/src/cli.c
Romain Vimont,2021-11-19 09:45:02+01:00,app/src/main.c
Romain Vimont,2021-11-19 21:03:29+01:00,README.md
Romain Vimont,2021-11-21 00:13:25+01:00,app/src/compat.h
Romain Vimont,2021-11-21 00:20:11+01:00,app/meson.build
Romain Vimont,2021-11-21 00:20:11+01:00,app/src/compat.h
Romain Vimont,2021-11-21 00:20:11+01:00,app/src/sys/win/process.c
RipleyTom,2021-11-21 22:37:37+01:00,app/src/util/net.c
RipleyTom,2021-11-21 22:37:37+01:00,app/src/util/net.h
RipleyTom,2021-11-21 22:37:52+01:00,app/meson.build
RipleyTom,2021-11-21 22:37:52+01:00,app/scrcpy.1
RipleyTom,2021-11-21 22:37:52+01:00,app/src/cli.c
RipleyTom,2021-11-21 22:37:52+01:00,app/src/options.c
RipleyTom,2021-11-21 22:37:52+01:00,app/src/options.h
RipleyTom,2021-11-21 22:37:52+01:00,app/src/scrcpy.c
RipleyTom,2021-11-21 22:37:52+01:00,app/src/server.c
RipleyTom,2021-11-21 22:37:52+01:00,app/src/server.h
Romain Vimont,2021-11-21 22:37:52+01:00,app/src/cli.c
Romain Vimont,2021-11-21 22:37:52+01:00,README.md
Romain Vimont,2021-11-21 22:57:33+01:00,app/tests/test_control_msg_serialize.c
Romain Vimont,2021-11-23 21:14:49+01:00,app/src/input_manager.c
Romain Vimont,2021-11-23 21:15:05+01:00,app/src/input_manager.c
Romain Vimont,2021-11-23 21:15:05+01:00,app/src/hid_keyboard.c
Romain Vimont,2021-11-23 21:15:05+01:00,app/src/input_manager.c
Romain Vimont,2021-11-23 21:15:05+01:00,app/src/keyboard_inject.c
Romain Vimont,2021-11-23 21:15:05+01:00,app/src/trait/key_processor.h
Romain Vimont,2021-11-23 21:15:05+01:00,app/meson.build
Romain Vimont,2021-11-23 21:15:05+01:00,app/src/util/acksync.c
Romain Vimont,2021-11-23 21:15:05+01:00,app/src/util/acksync.h
Romain Vimont,2021-11-23 21:15:05+01:00,app/src/control_msg.c
Romain Vimont,2021-11-23 21:15:05+01:00,app/src/control_msg.h
Romain Vimont,2021-11-23 21:15:05+01:00,app/src/input_manager.c
Romain Vimont,2021-11-23 21:15:05+01:00,app/tests/test_control_msg_serialize.c
Romain Vimont,2021-11-23 21:15:05+01:00,server/src/main/java/com/genymobile/scrcpy/ControlMessage.java
Romain Vimont,2021-11-23 21:15:05+01:00,server/src/main/java/com/genymobile/scrcpy/ControlMessageReader.java
Romain Vimont,2021-11-23 21:15:05+01:00,server/src/test/java/com/genymobile/scrcpy/ControlMessageReaderTest.java
Romain Vimont,2021-11-23 21:15:05+01:00,app/src/device_msg.c
Romain Vimont,2021-11-23 21:15:05+01:00,app/src/device_msg.h
Romain Vimont,2021-11-23 21:15:05+01:00,app/src/receiver.c
Romain Vimont,2021-11-23 21:15:05+01:00,app/tests/test_device_msg_deserialize.c
Romain Vimont,2021-11-23 21:15:05+01:00,server/src/main/java/com/genymobile/scrcpy/DeviceMessage.java
Romain Vimont,2021-11-23 21:15:05+01:00,server/src/main/java/com/genymobile/scrcpy/DeviceMessageWriter.java
Romain Vimont,2021-11-23 21:15:05+01:00,server/src/test/java/com/genymobile/scrcpy/DeviceMessageWriterTest.java
Romain Vimont,2021-11-23 21:15:05+01:00,server/src/main/java/com/genymobile/scrcpy/ControlMessage.java
Romain Vimont,2021-11-23 21:15:05+01:00,server/src/main/java/com/genymobile/scrcpy/Controller.java
Romain Vimont,2021-11-23 21:15:05+01:00,server/src/main/java/com/genymobile/scrcpy/DeviceMessage.java
Romain Vimont,2021-11-23 21:15:05+01:00,server/src/main/java/com/genymobile/scrcpy/DeviceMessageSender.java
Romain Vimont,2021-11-23 21:15:05+01:00,app/src/compat.h
Romain Vimont,2021-11-23 21:15:05+01:00,app/src/control_msg.c
Romain Vimont,2021-11-24 09:41:21+01:00,app/src/aoa_hid.c
Romain Vimont,2021-11-24 09:41:21+01:00,app/src/aoa_hid.h
Romain Vimont,2021-11-24 09:41:21+01:00,app/src/controller.c
Romain Vimont,2021-11-24 09:41:21+01:00,app/src/controller.h
Romain Vimont,2021-11-24 09:41:21+01:00,app/src/hid_keyboard.c
Romain Vimont,2021-11-24 09:41:21+01:00,app/src/input_manager.c
Romain Vimont,2021-11-24 09:41:21+01:00,app/src/input_manager.h
Romain Vimont,2021-11-24 09:41:21+01:00,app/src/keyboard_inject.c
Romain Vimont,2021-11-24 09:41:21+01:00,app/src/receiver.c
Romain Vimont,2021-11-24 09:41:21+01:00,app/src/receiver.h
Romain Vimont,2021-11-24 09:41:21+01:00,app/src/scrcpy.c
Romain Vimont,2021-11-24 09:41:21+01:00,app/src/trait/key_processor.h
Romain Vimont,2021-11-24 09:41:21+01:00,app/src/util/acksync.h
Romain Vimont,2021-11-24 09:44:39+01:00,README.md
Romain Vimont,2021-11-24 09:44:39+01:00,app/scrcpy.1
Romain Vimont,2021-11-24 09:44:39+01:00,app/src/cli.c
Romain Vimont,2021-11-24 09:44:39+01:00,app/src/input_manager.c
Romain Vimont,2021-11-24 09:44:39+01:00,app/src/input_manager.h
Romain Vimont,2021-11-24 09:44:39+01:00,app/src/options.c
Romain Vimont,2021-11-24 09:44:39+01:00,app/src/options.h
Romain Vimont,2021-11-24 09:44:39+01:00,app/src/scrcpy.c
Romain Vimont,2021-11-24 09:44:39+01:00,app/src/server.c
Romain Vimont,2021-11-24 09:44:39+01:00,app/src/server.h
Romain Vimont,2021-11-24 09:44:39+01:00,server/src/main/java/com/genymobile/scrcpy/Device.java
Romain Vimont,2021-11-24 09:44:39+01:00,server/src/main/java/com/genymobile/scrcpy/Options.java
Romain Vimont,2021-11-24 09:44:39+01:00,server/src/main/java/com/genymobile/scrcpy/Server.java
Romain Vimont,2021-11-24 19:36:33+01:00,app/meson.build
Romain Vimont,2021-11-24 19:37:33+01:00,app/src/compat.c
Romain Vimont,2021-11-24 19:38:33+01:00,app/meson.build
Romain Vimont,2021-11-24 19:55:00+01:00,app/meson.build
Romain Vimont,2021-11-24 19:55:00+01:00,app/src/compat.c
Romain Vimont,2021-11-24 19:55:00+01:00,app/src/compat.h
Romain Vimont,2021-11-24 21:01:25+01:00,app/src/server.c
Romain Vimont,2021-11-24 21:06:02+01:00,server/src/main/java/com/genymobile/scrcpy/Options.java
Romain Vimont,2021-11-24 21:06:02+01:00,server/src/main/java/com/genymobile/scrcpy/Server.java
Romain Vimont,2021-11-24 21:10:18+01:00,app/src/server.c
Romain Vimont,2021-11-24 21:23:20+01:00,app/src/server.c
Romain Vimont,2021-11-24 21:23:20+01:00,server/src/main/java/com/genymobile/scrcpy/CodecOption.java
Romain Vimont,2021-11-24 21:23:20+01:00,server/src/main/java/com/genymobile/scrcpy/Options.java
Romain Vimont,2021-11-24 21:23:20+01:00,server/src/main/java/com/genymobile/scrcpy/Server.java
Romain Vimont,2021-11-24 21:31:12+01:00,app/src/server.c
Romain Vimont,2021-11-24 21:33:58+01:00,server/src/main/java/com/genymobile/scrcpy/Device.java
Romain Vimont,2021-11-24 21:33:58+01:00,server/src/main/java/com/genymobile/scrcpy/Options.java
Romain Vimont,2021-11-24 21:33:58+01:00,server/src/main/java/com/genymobile/scrcpy/Server.java
Romain Vimont,2021-11-24 21:44:29+01:00,app/src/sys/unix/file.c
Romain Vimont,2021-11-24 21:44:29+01:00,app/src/v4l2_sink.c
Romain Vimont,2021-11-24 21:44:29+01:00,app/tests/test_str.c
Romain Vimont,2021-11-24 21:44:29+01:00,app/tests/test_strbuf.c
Romain Vimont,2021-11-24 21:46:02+01:00,app/src/file_handler.c
Romain Vimont,2021-11-24 21:48:57+01:00,app/src/v4l2_sink.c
Romain Vimont,2021-11-24 22:06:49+01:00,app/src/adb.c
Romain Vimont,2021-11-24 22:06:49+01:00,app/src/aoa_hid.c
Romain Vimont,2021-11-24 22:06:49+01:00,app/src/cli.c
Romain Vimont,2021-11-24 22:06:49+01:00,app/src/decoder.c
Romain Vimont,2021-11-24 22:06:49+01:00,app/src/device_msg.c
Romain Vimont,2021-11-24 22:06:49+01:00,app/src/file_handler.c
Romain Vimont,2021-11-24 22:06:49+01:00,app/src/frame_buffer.c
Romain Vimont,2021-11-24 22:06:49+01:00,app/src/hid_keyboard.c
Romain Vimont,2021-11-24 22:06:49+01:00,app/src/icon.c
Romain Vimont,2021-11-24 22:06:49+01:00,app/src/recorder.c
Romain Vimont,2021-11-24 22:06:49+01:00,app/src/scrcpy.c
Romain Vimont,2021-11-24 22:06:49+01:00,app/src/screen.c
Romain Vimont,2021-11-24 22:06:49+01:00,app/src/server.c
Romain Vimont,2021-11-24 22:06:49+01:00,app/src/stream.c
Romain Vimont,2021-11-24 22:06:49+01:00,app/src/sys/unix/file.c
Romain Vimont,2021-11-24 22:06:49+01:00,app/src/sys/win/file.c
Romain Vimont,2021-11-24 22:06:49+01:00,app/src/sys/win/process.c
Romain Vimont,2021-11-24 22:06:49+01:00,app/src/util/file.c
Romain Vimont,2021-11-24 22:06:49+01:00,app/src/util/intr.c
Romain Vimont,2021-11-24 22:06:49+01:00,app/src/util/log.h
Romain Vimont,2021-11-24 22:06:49+01:00,app/src/util/net.c
Romain Vimont,2021-11-24 22:06:49+01:00,app/src/util/str.c
Romain Vimont,2021-11-24 22:06:49+01:00,app/src/util/strbuf.c
Romain Vimont,2021-11-24 22:06:49+01:00,app/src/util/thread.c
Romain Vimont,2021-11-24 22:06:49+01:00,app/src/v4l2_sink.c
Romain Vimont,2021-11-24 22:06:49+01:00,app/src/video_buffer.c
Romain Vimont,2021-11-25 22:22:34+01:00,app/src/adb.c
Romain Vimont,2021-11-25 22:22:34+01:00,app/src/cli.c
Romain Vimont,2021-11-25 22:22:34+01:00,app/src/server.c
Romain Vimont,2021-11-25 22:22:34+01:00,app/src/adb.c
Romain Vimont,2021-11-25 22:22:34+01:00,app/src/adb.c
Romain Vimont,2021-11-25 22:22:34+01:00,app/src/util/process.c
Romain Vimont,2021-11-25 22:22:34+01:00,app/src/util/process.h
Romain Vimont,2021-11-25 22:22:34+01:00,app/src/util/process_intr.c
Romain Vimont,2021-11-25 22:22:34+01:00,app/src/util/process_intr.h
Romain Vimont,2021-11-26 09:40:39+01:00,app/meson.build
Romain Vimont,2021-11-26 09:40:39+01:00,app/src/util/net.c
Romain Vimont,2021-11-26 09:41:11+01:00,app/src/adb.c
Romain Vimont,2021-11-26 09:41:11+01:00,app/src/sys/win/process.c
Romain Vimont,2021-11-29 00:36:09+01:00,README.md
Romain Vimont,2021-11-29 20:39:03+01:00,app/src/adb.c
Romain Vimont,2021-11-29 20:39:03+01:00,app/src/sys/unix/process.c
Romain Vimont,2021-11-29 20:39:03+01:00,app/src/sys/win/process.c
Romain Vimont,2021-11-29 20:39:03+01:00,app/src/util/process.c
Romain Vimont,2021-11-29 20:39:03+01:00,app/src/util/process.h
Romain Vimont,2021-11-29 20:39:03+01:00,app/src/adb.c
Romain Vimont,2021-11-29 20:39:03+01:00,app/src/adb.h
Romain Vimont,2021-11-29 20:39:03+01:00,app/src/adb_tunnel.c
Romain Vimont,2021-11-29 20:39:03+01:00,app/src/file_handler.c
Romain Vimont,2021-11-29 20:39:03+01:00,app/src/server.c
Romain Vimont,2021-11-29 20:39:03+01:00,app/src/adb.c
Romain Vimont,2021-11-29 20:39:03+01:00,app/src/adb.h
Romain Vimont,2021-11-29 20:39:03+01:00,app/src/adb.c
Romain Vimont,2021-11-29 20:39:03+01:00,app/src/adb.h
Romain Vimont,2021-11-29 20:39:03+01:00,app/src/adb.c
Romain Vimont,2021-11-29 20:39:03+01:00,app/src/util/str.c
Romain Vimont,2021-11-29 20:39:03+01:00,app/src/util/str.h
Romain Vimont,2021-11-29 20:39:03+01:00,app/tests/test_str.c
Romain Vimont,2021-11-29 20:39:03+01:00,app/src/util/str.c
Romain Vimont,2021-11-29 20:39:03+01:00,app/src/util/str.h
Romain Vimont,2021-11-29 20:39:03+01:00,app/tests/test_str.c
Romain Vimont,2021-11-29 20:39:03+01:00,app/meson.build
Romain Vimont,2021-11-29 20:39:03+01:00,app/src/adb.c
Romain Vimont,2021-11-29 20:39:03+01:00,app/src/adb.h
Romain Vimont,2021-11-29 20:39:03+01:00,app/src/adb_parser.c
Romain Vimont,2021-11-29 20:39:03+01:00,app/src/adb_parser.h
Romain Vimont,2021-11-29 20:39:03+01:00,app/tests/test_adb_parser.c
Romain Vimont,2021-11-29 20:39:03+01:00,app/src/adb.c
Romain Vimont,2021-11-29 20:39:03+01:00,app/src/adb.h
Romain Vimont,2021-11-29 20:39:03+01:00,app/src/adb.c
Romain Vimont,2021-11-29 20:39:03+01:00,app/src/adb.h
Romain Vimont,2021-11-29 20:39:03+01:00,app/src/server.c
Romain Vimont,2021-11-29 20:39:03+01:00,app/scrcpy.1
Romain Vimont,2021-11-29 20:39:03+01:00,app/src/adb.h
Romain Vimont,2021-11-29 20:39:03+01:00,app/src/cli.c
Romain Vimont,2021-11-29 20:39:03+01:00,app/src/options.c
Romain Vimont,2021-11-29 20:39:03+01:00,app/src/options.h
Romain Vimont,2021-11-29 20:39:03+01:00,app/src/scrcpy.c
Romain Vimont,2021-11-29 20:39:03+01:00,app/src/server.c
Romain Vimont,2021-11-29 20:39:03+01:00,app/src/server.h
Romain Vimont,2021-11-29 20:39:03+01:00,README.md
Romain Vimont,2021-11-29 21:01:15+01:00,README.md
Romain Vimont,2021-11-29 21:01:15+01:00,app/scrcpy.1
Romain Vimont,2021-11-29 21:01:15+01:00,app/src/cli.c
Romain Vimont,2021-11-29 21:01:57+01:00,app/src/keyboard_inject.c
Romain Vimont,2021-11-29 21:15:07+01:00,app/meson.build
Romain Vimont,2021-11-29 21:15:07+01:00,app/src/keyboard_inject.c
Romain Vimont,2021-11-29 21:15:07+01:00,app/src/mouse_inject.c
Romain Vimont,2021-11-29 21:15:07+01:00,app/src/util/intmap.c
Romain Vimont,2021-11-29 21:15:07+01:00,app/src/util/intmap.h
Romain Vimont,2021-11-29 21:15:32+01:00,app/src/cli.c
Romain Vimont,2021-11-29 21:15:32+01:00,app/src/keyboard_inject.c
Romain Vimont,2021-11-29 21:15:32+01:00,app/src/keyboard_inject.h
Romain Vimont,2021-11-29 21:15:32+01:00,app/src/options.c
Romain Vimont,2021-11-29 21:15:32+01:00,app/src/options.h
Romain Vimont,2021-11-29 21:15:32+01:00,app/tests/test_cli.c
Romain Vimont,2021-11-29 21:15:41+01:00,README.md
Romain Vimont,2021-11-29 21:15:41+01:00,app/scrcpy.1
Romain Vimont,2021-11-29 21:15:41+01:00,app/src/cli.c
Romain Vimont,2021-11-29 21:15:41+01:00,app/src/keyboard_inject.c
Romain Vimont,2021-11-29 21:15:41+01:00,app/src/options.h
Romain Vimont,2021-11-29 21:55:12+01:00,build.gradle
Romain Vimont,2021-11-29 21:55:37+01:00,app/src/control_msg.c
Romain Vimont,2021-11-29 21:58:30+01:00,server/src/main/java/com/genymobile/scrcpy/Controller.java
Romain Vimont,2021-11-29 22:00:21+01:00,server/src/main/java/com/genymobile/scrcpy/Controller.java
Romain Vimont,2021-11-29 22:00:21+01:00,server/src/main/java/com/genymobile/scrcpy/Device.java
Romain Vimont,2021-11-29 22:00:55+01:00,app/src/control_msg.c
Romain Vimont,2021-11-29 22:00:55+01:00,app/src/control_msg.h
Romain Vimont,2021-11-29 22:00:55+01:00,app/src/input_manager.c
Romain Vimont,2021-11-29 22:00:55+01:00,app/tests/test_control_msg_serialize.c
Romain Vimont,2021-11-29 22:00:55+01:00,server/src/main/java/com/genymobile/scrcpy/ControlMessage.java
Romain Vimont,2021-11-29 22:00:55+01:00,server/src/main/java/com/genymobile/scrcpy/ControlMessageReader.java
Romain Vimont,2021-11-29 22:00:55+01:00,server/src/main/java/com/genymobile/scrcpy/Controller.java
Romain Vimont,2021-11-29 22:00:55+01:00,server/src/main/java/com/genymobile/scrcpy/Server.java
Romain Vimont,2021-11-29 22:00:55+01:00,server/src/test/java/com/genymobile/scrcpy/ControlMessageReaderTest.java
Romain Vimont,2021-11-29 22:03:58+01:00,README.md
Romain Vimont,2021-11-29 22:15:28+01:00,meson.build
Romain Vimont,2021-11-29 22:15:28+01:00,server/build.gradle
Romain Vimont,2021-11-29 22:15:28+01:00,server/build_without_gradle.sh
Romain Vimont,2021-11-29 22:24:06+01:00,BUILD.md
Romain Vimont,2021-11-29 22:24:06+01:00,README.md
Romain Vimont,2021-11-29 22:24:06+01:00,install_release.sh
Romain Vimont,2021-11-30 09:41:47+01:00,app/src/sys/win/process.c
Romain Vimont,2021-12-01 18:02:35+01:00,app/src/sys/win/process.c
Archisman Panigrahi,2021-12-02 08:48:47+01:00,README.md
yangfl,2021-12-03 21:46:49+01:00,server/build_without_gradle.sh
Romain Vimont,2021-12-03 21:47:00+01:00,server/build_without_gradle.sh
Romain Vimont,2021-12-03 21:47:31+01:00,app/scrcpy.1
Romain Vimont,2021-12-04 09:12:20+01:00,app/tests/test_control_msg_serialize.c
Yu-Chen Lin,2021-12-04 09:18:43+01:00,app/src/control_msg.c
Yu-Chen Lin,2021-12-04 09:18:55+01:00,app/src/control_msg.h
Romain Vimont,2021-12-04 09:22:35+01:00,app/tests/test_control_msg_serialize.c
Romain Vimont,2021-12-04 09:25:58+01:00,app/src/control_msg.c
Romain Vimont,2021-12-04 09:29:30+01:00,app/src/cli.c
Romain Vimont,2021-12-04 09:29:30+01:00,app/tests/test_cli.c
Romain Vimont,2021-12-06 23:49:55+01:00,app/meson.build
Romain Vimont,2021-12-06 23:49:55+01:00,app/src/compat.h
Romain Vimont,2021-12-06 23:49:55+01:00,app/src/scrcpy.c
Romain Vimont,2021-12-06 23:49:55+01:00,app/src/screen.c
Romain Vimont,2021-12-07 00:04:27+01:00,app/meson.build
Romain Vimont,2021-12-07 00:04:35+01:00,app/meson.build
Romain Vimont,2021-12-08 23:41:38+01:00,app/src/server.c
Romain Vimont,2021-12-08 23:41:38+01:00,server/src/main/java/com/genymobile/scrcpy/DesktopConnection.java
Romain Vimont,2021-12-08 23:41:38+01:00,server/src/main/java/com/genymobile/scrcpy/Server.java
Romain Vimont,2021-12-08 23:44:23+01:00,app/src/server.c
Romain Vimont,2021-12-08 23:45:45+01:00,app/src/util/tick.c
Romain Vimont,2021-12-08 23:45:45+01:00,app/src/util/tick.h
Romain Vimont,2021-12-08 23:53:54+01:00,app/src/decoder.c
Romain Vimont,2021-12-09 21:32:11+01:00,app/src/aoa_hid.c
Romain Vimont,2021-12-09 21:32:11+01:00,app/src/controller.c
Romain Vimont,2021-12-09 21:32:11+01:00,app/src/file_handler.c
Romain Vimont,2021-12-09 21:32:11+01:00,app/src/fps_counter.c
Romain Vimont,2021-12-09 21:32:11+01:00,app/src/receiver.c
Romain Vimont,2021-12-09 21:32:11+01:00,app/src/recorder.c
Romain Vimont,2021-12-09 21:32:11+01:00,app/src/server.c
Romain Vimont,2021-12-09 21:32:11+01:00,app/src/stream.c
Romain Vimont,2021-12-09 21:32:11+01:00,app/src/util/process.c
Romain Vimont,2021-12-09 21:32:11+01:00,app/src/util/thread.c
Romain Vimont,2021-12-09 21:32:11+01:00,app/src/v4l2_sink.c
Romain Vimont,2021-12-09 21:32:11+01:00,app/src/video_buffer.c
Romain Vimont,2021-12-09 21:43:54+01:00,app/src/cli.c
Romain Vimont,2021-12-09 21:45:39+01:00,app/src/cli.c
Romain Vimont,2021-12-09 21:47:05+01:00,app/scrcpy.1
Romain Vimont,2021-12-09 23:37:40+01:00,app/scrcpy.1
Romain Vimont,2021-12-09 23:38:13+01:00,app/meson.build
Romain Vimont,2021-12-09 23:38:13+01:00,app/scrcpy-windows.rc
Romain Vimont,2021-12-09 23:38:13+01:00,cross_win32.txt
Romain Vimont,2021-12-09 23:38:13+01:00,cross_win64.txt
Romain Vimont,2021-12-09 23:38:13+01:00,data/icon.ico
Romain Vimont,2021-12-09 23:38:13+01:00,app/scrcpy-windows.rc
Romain Vimont,2021-12-10 19:50:17+01:00,bump_version
Romain Vimont,2021-12-10 19:50:58+01:00,app/meson.build
Romain Vimont,2021-12-10 19:50:58+01:00,meson_options.txt
Romain Vimont,2021-12-10 19:50:58+01:00,release.mk
Chih-Hsuan Yen,2021-12-11 19:09:11+01:00,app/src/sys/unix/process.c
Romain Vimont,2021-12-15 18:27:45+01:00,app/src/server.c
Romain Vimont,2021-12-15 18:27:45+01:00,app/src/util/str.c
Thomas Van Machelen,2021-12-18 16:48:44+01:00,README.md
Romain Vimont,2021-12-20 19:13:02+01:00,app/scrcpy-windows.manifest
Romain Vimont,2021-12-20 19:13:02+01:00,app/scrcpy-windows.rc
Romain Vimont,2021-12-20 19:16:28+01:00,cross_win32.txt
Romain Vimont,2021-12-20 19:16:28+01:00,cross_win64.txt
Romain Vimont,2021-12-20 19:16:28+01:00,prebuilt-deps/Makefile
Romain Vimont,2021-12-20 19:16:28+01:00,release.mk
Romain Vimont,2021-12-20 19:24:28+01:00,app/src/screen.c
Romain Vimont,2021-12-20 19:24:28+01:00,app/src/screen.c
Romain Vimont,2021-12-28 12:23:03+01:00,app/src/hid_keyboard.c
Romain Vimont,2021-12-31 10:49:22+01:00,app/tests/test_adb_parser.c
Romain Vimont,2022-01-01 17:20:36+01:00,LICENSE
Romain Vimont,2022-01-01 17:20:36+01:00,README.id.md
Romain Vimont,2022-01-01 17:20:36+01:00,README.it.md
Romain Vimont,2022-01-01 17:20:36+01:00,README.jp.md
Romain Vimont,2022-01-01 17:20:36+01:00,README.ko.md
Romain Vimont,2022-01-01 17:20:36+01:00,README.md
Romain Vimont,2022-01-01 17:20:36+01:00,README.pt-br.md
Romain Vimont,2022-01-01 17:20:36+01:00,README.sp.md
Romain Vimont,2022-01-01 17:20:36+01:00,README.tr.md
Romain Vimont,2022-01-01 17:20:36+01:00,README.zh-Hans.md
Romain Vimont,2022-01-01 17:20:36+01:00,README.zh-Hant.md
Romain Vimont,2022-01-01 17:20:36+01:00,app/scrcpy.1
Romain Vimont,2022-01-01 23:27:34+01:00,app/src/util/net.c
Romain Vimont,2022-01-01 23:28:45+01:00,app/src/cli.c
Romain Vimont,2022-01-01 23:28:45+01:00,app/src/scrcpy.c
Romain Vimont,2022-01-01 23:28:45+01:00,app/src/cli.c
Romain Vimont,2022-01-01 23:28:45+01:00,app/src/input_manager.c
Romain Vimont,2022-01-01 23:28:45+01:00,app/src/cli.c
Romain Vimont,2022-01-01 23:28:45+01:00,app/src/input_manager.c
Romain Vimont,2022-01-01 23:28:45+01:00,app/src/options.c
Romain Vimont,2022-01-01 23:28:45+01:00,app/src/options.h
Romain Vimont,2022-01-01 23:28:45+01:00,app/tests/test_cli.c
Romain Vimont,2022-01-01 23:28:45+01:00,app/src/input_events.h
Romain Vimont,2022-01-01 23:28:45+01:00,app/src/input_manager.c
Romain Vimont,2022-01-01 23:28:45+01:00,app/src/hid_keyboard.c
Romain Vimont,2022-01-01 23:28:45+01:00,app/src/input_manager.c
Romain Vimont,2022-01-01 23:28:45+01:00,app/src/keyboard_inject.c
Romain Vimont,2022-01-01 23:28:45+01:00,app/src/trait/key_processor.h
Romain Vimont,2022-01-01 23:28:45+01:00,app/src/input_manager.c
Romain Vimont,2022-01-01 23:28:45+01:00,app/src/mouse_inject.c
Romain Vimont,2022-01-01 23:28:45+01:00,app/src/mouse_inject.h
Romain Vimont,2022-01-01 23:28:45+01:00,app/src/scrcpy.c
Romain Vimont,2022-01-01 23:28:45+01:00,app/src/trait/mouse_processor.h
Romain Vimont,2022-01-01 23:28:45+01:00,app/src/keyboard_inject.c
Romain Vimont,2022-01-01 23:28:45+01:00,app/src/mouse_inject.c
Romain Vimont,2022-01-01 23:30:55+01:00,app/src/mouse_inject.c
Romain Vimont,2022-01-01 23:31:01+01:00,app/src/mouse_inject.c
Romain Vimont,2022-01-01 23:31:01+01:00,app/src/trait/mouse_processor.h
Romain Vimont,2022-01-01 23:31:01+01:00,app/src/input_manager.c
Romain Vimont,2022-01-01 23:31:01+01:00,app/src/hid_keyboard.c
Romain Vimont,2022-01-01 23:31:01+01:00,app/src/input_manager.c
Romain Vimont,2022-01-01 23:31:01+01:00,app/src/trait/key_processor.h
Romain Vimont,2022-01-01 23:34:56+01:00,app/src/input_manager.c
Romain Vimont,2022-01-01 23:34:56+01:00,app/src/trait/mouse_processor.h
Romain Vimont,2022-01-02 00:00:33+01:00,app/src/input_manager.c
Romain Vimont,2022-01-04 15:11:33+01:00,app/src/input_events.h
Romain Vimont,2022-01-04 15:14:38+01:00,app/src/input_manager.c
Romain Vimont,2022-01-04 15:14:38+01:00,app/src/input_manager.h
Romain Vimont,2022-01-04 15:14:38+01:00,app/src/scrcpy.c
Romain Vimont,2022-01-04 17:41:35+01:00,app/src/input_manager.c
Romain Vimont,2022-01-04 17:41:35+01:00,app/src/input_manager.h
Romain Vimont,2022-01-04 17:41:35+01:00,app/src/scrcpy.c
Romain Vimont,2022-01-04 17:41:35+01:00,app/src/screen.c
Romain Vimont,2022-01-04 17:41:35+01:00,app/src/screen.h
Romain Vimont,2022-01-04 17:41:40+01:00,app/src/scrcpy.c
Romain Vimont,2022-01-04 17:41:40+01:00,app/src/scrcpy.c
Romain Vimont,2022-01-04 17:41:40+01:00,app/src/scrcpy.c
Romain Vimont,2022-01-04 17:41:40+01:00,app/src/control_msg.c
Romain Vimont,2022-01-04 17:41:40+01:00,app/src/control_msg.h
Romain Vimont,2022-01-04 17:41:40+01:00,app/src/input_events.h
Romain Vimont,2022-01-04 17:41:40+01:00,app/src/input_manager.c
Romain Vimont,2022-01-04 17:41:40+01:00,app/src/mouse_inject.c
Romain Vimont,2022-01-04 17:41:40+01:00,app/tests/test_control_msg_serialize.c
Romain Vimont,2022-01-04 17:41:40+01:00,server/src/main/java/com/genymobile/scrcpy/ControlMessage.java
Romain Vimont,2022-01-04 17:41:40+01:00,server/src/main/java/com/genymobile/scrcpy/ControlMessageReader.java
Romain Vimont,2022-01-04 17:41:40+01:00,server/src/main/java/com/genymobile/scrcpy/Controller.java
Romain Vimont,2022-01-04 17:41:40+01:00,server/src/test/java/com/genymobile/scrcpy/ControlMessageReaderTest.java
Romain Vimont,2022-01-04 17:41:40+01:00,app/src/input_manager.c
Romain Vimont,2022-01-04 17:41:40+01:00,app/src/mouse_inject.c
Romain Vimont,2022-01-04 17:41:40+01:00,app/src/trait/mouse_processor.h
Romain Vimont,2022-01-04 17:41:40+01:00,app/src/input_events.h
Romain Vimont,2022-01-04 17:41:40+01:00,app/src/input_manager.c
Romain Vimont,2022-01-04 17:41:40+01:00,app/src/input_manager.c
Romain Vimont,2022-01-04 17:41:40+01:00,app/src/mouse_inject.c
Romain Vimont,2022-01-04 17:41:40+01:00,app/src/screen.c
Romain Vimont,2022-01-04 17:41:40+01:00,app/src/screen.h
Romain Vimont,2022-01-04 17:41:40+01:00,app/src/common.h
Romain Vimont,2022-01-04 17:41:40+01:00,app/src/scrcpy.c
Romain Vimont,2022-01-04 17:41:40+01:00,app/meson.build
Romain Vimont,2022-01-04 17:41:40+01:00,app/scrcpy.1
Romain Vimont,2022-01-04 17:41:40+01:00,app/src/cli.c
Romain Vimont,2022-01-04 17:41:40+01:00,app/src/hid_mouse.c
Romain Vimont,2022-01-04 17:41:40+01:00,app/src/hid_mouse.h
Romain Vimont,2022-01-04 17:41:40+01:00,app/src/options.h
Romain Vimont,2022-01-04 17:41:40+01:00,app/src/scrcpy.c
Romain Vimont,2022-01-04 17:41:40+01:00,README.md
Romain Vimont,2022-01-14 20:55:44+01:00,app/src/keyboard_inject.c
Romain Vimont,2022-01-14 20:55:44+01:00,app/src/keyboard_inject.h
Romain Vimont,2022-01-14 20:55:44+01:00,app/src/scrcpy.c
Romain Vimont,2022-01-14 20:57:03+01:00,app/src/aoa_hid.c
Romain Vimont,2022-01-14 22:17:30+01:00,app/src/input_manager.c
Romain Vimont,2022-01-14 22:17:30+01:00,app/src/input_manager.h
Romain Vimont,2022-01-14 22:17:30+01:00,app/src/scrcpy.c
Romain Vimont,2022-01-14 22:17:30+01:00,app/src/screen.c
Romain Vimont,2022-01-14 22:17:30+01:00,app/src/screen.h
Romain Vimont,2022-01-14 22:17:30+01:00,app/src/input_manager.c
Romain Vimont,2022-01-14 22:17:30+01:00,app/src/input_manager.h
Romain Vimont,2022-01-14 22:17:30+01:00,app/src/screen.c
Romain Vimont,2022-01-14 22:17:30+01:00,app/src/screen.h
Romain Vimont,2022-01-14 22:17:30+01:00,app/src/controller.c
Romain Vimont,2022-01-14 22:17:30+01:00,app/src/controller.h
Romain Vimont,2022-01-14 22:17:30+01:00,app/src/input_manager.c
Romain Vimont,2022-01-14 22:17:30+01:00,app/src/input_manager.h
Romain Vimont,2022-01-14 22:17:30+01:00,app/src/keyboard_inject.c
Romain Vimont,2022-01-14 22:17:30+01:00,app/src/keyboard_inject.h
Romain Vimont,2022-01-14 22:17:30+01:00,app/src/mouse_inject.c
Romain Vimont,2022-01-14 22:17:30+01:00,app/src/mouse_inject.h
Romain Vimont,2022-01-14 22:17:30+01:00,app/src/scrcpy.c
Romain Vimont,2022-01-14 22:17:30+01:00,app/src/screen.h
Romain Vimont,2022-01-14 22:17:30+01:00,app/src/control_msg.c
Romain Vimont,2022-01-14 22:17:30+01:00,app/src/control_msg.h
Romain Vimont,2022-01-14 22:17:30+01:00,app/src/controller.c
Romain Vimont,2022-01-14 22:17:30+01:00,app/src/controller.h
Romain Vimont,2022-01-14 22:17:30+01:00,app/src/input_manager.c
Romain Vimont,2022-01-14 22:17:30+01:00,app/src/keyboard_inject.c
Romain Vimont,2022-01-14 22:17:30+01:00,app/src/mouse_inject.c
Romain Vimont,2022-01-14 22:17:30+01:00,app/src/scrcpy.c
Romain Vimont,2022-01-14 22:17:30+01:00,app/tests/test_control_msg_serialize.c
Romain Vimont,2022-01-15 23:25:43+01:00,app/src/server.c
Romain Vimont,2022-01-15 23:25:55+01:00,server/src/main/java/com/genymobile/scrcpy/ScreenEncoder.java
Bernhard Rosenkränzer,2022-01-16 17:37:28+01:00,app/src/decoder.h
Bernhard Rosenkränzer,2022-01-16 17:37:28+01:00,app/src/icon.c
Bernhard Rosenkränzer,2022-01-16 17:37:28+01:00,app/src/stream.c
Bernhard Rosenkränzer,2022-01-16 17:37:28+01:00,app/src/stream.h
Bernhard Rosenkränzer,2022-01-16 17:37:28+01:00,app/src/v4l2_sink.h
Tobias Preuss,2022-01-16 17:46:43+01:00,FAQ.md
Romain Vimont,2022-01-18 10:13:18+01:00,prebuilt-deps/Makefile
Romain Vimont,2022-01-18 10:13:38+01:00,app/meson.build
Romain Vimont,2022-01-18 10:13:38+01:00,cross_win32.txt
Romain Vimont,2022-01-18 10:13:38+01:00,cross_win64.txt
Romain Vimont,2022-01-18 10:13:38+01:00,prebuilt-deps/Makefile
Romain Vimont,2022-01-18 10:13:41+01:00,app/meson.build
Romain Vimont,2022-01-18 10:13:41+01:00,cross_win32.txt
Romain Vimont,2022-01-18 10:13:41+01:00,cross_win64.txt
Romain Vimont,2022-01-18 10:13:41+01:00,prebuilt-deps/Makefile
Romain Vimont,2022-01-18 10:13:41+01:00,prebuilt-deps/prepare-dep
Romain Vimont,2022-01-18 10:13:41+01:00,release.mk
Thomas Rebele,2022-01-18 10:15:55+01:00,server/src/main/java/com/genymobile/scrcpy/wrappers/InputManager.java
Romain Vimont,2022-01-21 18:36:44+01:00,server/src/main/java/com/genymobile/scrcpy/wrappers/InputManager.java
Romain Vimont,2022-01-21 18:36:46+01:00,server/src/main/java/com/genymobile/scrcpy/Device.java
Romain Vimont,2022-01-21 18:36:46+01:00,server/src/main/java/com/genymobile/scrcpy/ScreenInfo.java
Romain Vimont,2022-01-21 18:36:46+01:00,server/src/main/java/com/genymobile/scrcpy/Device.java
Romain Vimont,2022-01-21 18:36:46+01:00,server/src/main/java/com/genymobile/scrcpy/Device.java
Romain Vimont,2022-01-21 18:36:46+01:00,server/src/main/java/com/genymobile/scrcpy/ScreenEncoder.java
Romain Vimont,2022-01-21 18:36:46+01:00,app/scrcpy.1
Romain Vimont,2022-01-21 18:36:46+01:00,app/src/cli.c
Romain Vimont,2022-01-21 18:36:46+01:00,app/src/options.c
Romain Vimont,2022-01-21 18:36:46+01:00,app/src/options.h
Romain Vimont,2022-01-21 18:36:46+01:00,app/src/scrcpy.c
Romain Vimont,2022-01-21 18:36:46+01:00,app/src/server.c
Romain Vimont,2022-01-21 18:36:46+01:00,app/src/server.h
Romain Vimont,2022-01-21 18:36:46+01:00,server/src/main/java/com/genymobile/scrcpy/Options.java
Romain Vimont,2022-01-21 18:36:46+01:00,server/src/main/java/com/genymobile/scrcpy/ScreenEncoder.java
Romain Vimont,2022-01-21 18:36:46+01:00,server/src/main/java/com/genymobile/scrcpy/Server.java
Romain Vimont,2022-01-21 18:41:26+01:00,server/src/main/java/com/genymobile/scrcpy/Server.java
Romain Vimont,2022-01-21 18:42:38+01:00,FAQ.md
Romain Vimont,2022-01-21 18:42:39+01:00,app/src/screen.h
Romain Vimont,2022-01-21 18:42:39+01:00,app/src/screen.c
Romain Vimont,2022-01-21 18:43:46+01:00,app/src/screen.c
Romain Vimont,2022-01-21 18:43:46+01:00,app/src/screen.h
Romain Vimont,2022-01-21 18:44:05+01:00,app/src/cli.c
Romain Vimont,2022-01-21 18:44:05+01:00,server/src/main/java/com/genymobile/scrcpy/ScreenEncoder.java
Romain Vimont,2022-01-21 21:52:29+01:00,server/src/main/java/com/genymobile/scrcpy/ScreenEncoder.java
Romain Vimont,2022-01-21 21:52:41+01:00,app/meson.build
Romain Vimont,2022-01-21 21:52:41+01:00,app/src/file_handler.c
Romain Vimont,2022-01-21 21:52:41+01:00,app/src/file_handler.h
Romain Vimont,2022-01-21 21:52:41+01:00,app/src/file_pusher.c
Romain Vimont,2022-01-21 21:52:41+01:00,app/src/file_pusher.h
Romain Vimont,2022-01-21 21:52:41+01:00,app/src/scrcpy.c
Romain Vimont,2022-01-21 21:52:41+01:00,app/src/scrcpy.c
Romain Vimont,2022-01-21 21:52:41+01:00,app/src/input_manager.c
Romain Vimont,2022-01-21 21:52:41+01:00,app/src/input_manager.h
Romain Vimont,2022-01-21 21:52:41+01:00,app/src/scrcpy.c
Romain Vimont,2022-01-21 21:52:41+01:00,app/src/screen.c
Romain Vimont,2022-01-21 21:52:41+01:00,app/src/screen.h
Romain Vimont,2022-01-21 21:52:41+01:00,app/src/input_manager.c
Romain Vimont,2022-01-21 21:52:41+01:00,app/src/input_manager.h
Romain Vimont,2022-01-21 21:52:41+01:00,app/src/scrcpy.c
Romain Vimont,2022-01-21 21:52:41+01:00,app/src/screen.c
Romain Vimont,2022-01-21 21:52:41+01:00,app/src/screen.h
Romain Vimont,2022-01-21 21:52:41+01:00,app/src/scrcpy.c
Romain Vimont,2022-01-23 12:16:07+01:00,app/src/screen.c
Romain Vimont,2022-01-23 12:16:24+01:00,app/src/input_manager.c
Romain Vimont,2022-01-23 12:16:24+01:00,app/src/scrcpy.c
Romain Vimont,2022-01-23 12:16:24+01:00,app/src/input_manager.c
Romain Vimont,2022-01-23 12:16:24+01:00,app/src/input_manager.h
Romain Vimont,2022-01-23 12:16:24+01:00,app/src/scrcpy.c
Romain Vimont,2022-01-23 12:16:24+01:00,app/src/screen.c
Romain Vimont,2022-01-23 12:16:24+01:00,app/src/screen.h
Romain Vimont,2022-01-23 12:16:24+01:00,app/src/input_manager.c
Romain Vimont,2022-01-23 12:32:04+01:00,app/src/scrcpy.c
Romain Vimont,2022-01-23 12:32:37+01:00,app/src/aoa_hid.c
Romain Vimont,2022-01-23 12:32:37+01:00,app/src/aoa_hid.c
Romain Vimont,2022-01-23 15:01:11+01:00,app/src/screen.c
Romain Vimont,2022-01-23 15:01:11+01:00,app/src/screen.c
Romain Vimont,2022-01-23 21:16:35+01:00,app/src/hid_mouse.c
Romain Vimont,2022-01-23 21:16:40+01:00,app/src/screen.c
Romain Vimont,2022-01-23 21:31:11+01:00,app/src/screen.c
Romain Vimont,2022-01-23 21:31:53+01:00,app/src/screen.c
Romain Vimont,2022-01-23 21:46:57+01:00,server/src/main/java/com/genymobile/scrcpy/ScreenEncoder.java
Romain Vimont,2022-01-24 08:54:09+01:00,FAQ.md
Romain Vimont,2022-01-24 08:55:27+01:00,FAQ.md
Romain Vimont,2022-01-24 21:37:40+01:00,app/src/hid_mouse.h
Romain Vimont,2022-01-24 21:38:30+01:00,app/src/cli.c
Romain Vimont,2022-01-24 21:44:28+01:00,app/src/cli.c
Romain Vimont,2022-01-24 21:45:44+01:00,app/src/cli.c
Romain Vimont,2022-01-26 11:30:19+01:00,server/src/main/java/com/genymobile/scrcpy/DesktopConnection.java
Romain Vimont,2022-01-26 11:30:19+01:00,server/src/main/java/com/genymobile/scrcpy/Server.java
Romain Vimont,2022-01-26 11:30:30+01:00,server/src/main/java/com/genymobile/scrcpy/Options.java
Romain Vimont,2022-01-26 11:30:30+01:00,server/src/main/java/com/genymobile/scrcpy/Server.java
Romain Vimont,2022-01-26 11:30:37+01:00,server/src/main/java/com/genymobile/scrcpy/Options.java
Romain Vimont,2022-01-26 11:30:37+01:00,server/src/main/java/com/genymobile/scrcpy/Server.java
Romain Vimont,2022-01-26 11:30:46+01:00,server/src/main/java/com/genymobile/scrcpy/DesktopConnection.java
Romain Vimont,2022-01-26 11:30:46+01:00,server/src/main/java/com/genymobile/scrcpy/Options.java
Romain Vimont,2022-01-26 11:30:46+01:00,server/src/main/java/com/genymobile/scrcpy/Server.java
Romain Vimont,2022-01-27 16:47:51+01:00,server/src/main/java/com/genymobile/scrcpy/Server.java
Romain Vimont,2022-01-27 16:47:51+01:00,app/src/control_msg.c
Romain Vimont,2022-01-27 16:47:51+01:00,app/src/control_msg.h
Romain Vimont,2022-01-27 16:47:51+01:00,app/src/controller.c
Romain Vimont,2022-01-27 16:47:51+01:00,app/src/input_manager.c
Romain Vimont,2022-01-27 16:47:51+01:00,app/src/keyboard_inject.c
Romain Vimont,2022-01-27 16:47:51+01:00,app/src/mouse_inject.c
Romain Vimont,2022-01-27 16:47:51+01:00,app/src/scrcpy.c
Romain Vimont,2022-01-27 16:47:51+01:00,app/tests/test_control_msg_serialize.c
Romain Vimont,2022-01-27 16:47:51+01:00,server/src/main/java/com/genymobile/scrcpy/Server.java
Romain Vimont,2022-01-27 16:47:51+01:00,FAQ.md
Romain Vimont,2022-01-27 16:47:51+01:00,data/open_a_terminal_here.bat
Romain Vimont,2022-01-27 16:47:51+01:00,release.mk
Romain Vimont,2022-01-27 16:47:51+01:00,app/src/adb.c
Romain Vimont,2022-01-27 19:01:43+01:00,app/src/frame_buffer.c
Romain Vimont,2022-01-27 19:02:07+01:00,app/src/frame_buffer.c
Romain Vimont,2022-01-27 19:02:07+01:00,cross_win32.txt
Romain Vimont,2022-01-27 19:02:07+01:00,cross_win64.txt
Romain Vimont,2022-01-27 19:02:07+01:00,prebuilt-deps/Makefile
Romain Vimont,2022-01-27 19:02:07+01:00,release.mk
Romain Vimont,2022-01-27 19:02:07+01:00,prebuilt-deps/Makefile
Romain Vimont,2022-01-27 19:05:33+01:00,README.md
Tomás Raiti,2022-01-27 19:14:07+01:00,README.md
Tomás Raiti,2022-01-27 19:14:07+01:00,README.sp.md
Romain Vimont,2022-01-27 21:12:46+01:00,app/src/main.c
Romain Vimont,2022-01-27 21:26:56+01:00,app/src/main.c
Romain Vimont,2022-01-27 23:26:46+01:00,app/src/server.c
Romain Vimont,2022-01-27 23:35:34+01:00,app/meson.build
Romain Vimont,2022-01-27 23:35:34+01:00,app/src/scrcpy.c
Romain Vimont,2022-01-27 23:35:34+01:00,app/src/usb/aoa_hid.c
Romain Vimont,2022-01-27 23:35:34+01:00,app/src/usb/aoa_hid.h
Romain Vimont,2022-01-27 23:35:34+01:00,app/src/usb/hid_keyboard.c
Romain Vimont,2022-01-27 23:35:34+01:00,app/src/usb/hid_keyboard.h
Romain Vimont,2022-01-27 23:35:34+01:00,app/src/usb/hid_mouse.c
Romain Vimont,2022-01-27 23:35:34+01:00,app/src/usb/hid_mouse.h
Romain Vimont,2022-01-27 23:35:48+01:00,app/meson.build
Romain Vimont,2022-01-27 23:35:48+01:00,app/src/cli.c
Romain Vimont,2022-01-27 23:35:48+01:00,app/src/scrcpy.c
Romain Vimont,2022-01-27 23:35:55+01:00,app/meson.build
Romain Vimont,2022-01-27 23:35:55+01:00,app/src/usb/aoa_hid.c
Romain Vimont,2022-01-27 23:35:55+01:00,app/src/usb/aoa_hid.h
Romain Vimont,2022-01-27 23:35:55+01:00,app/src/usb/usb.c
Romain Vimont,2022-01-27 23:35:55+01:00,app/src/usb/usb.h
Romain Vimont,2022-01-27 23:35:57+01:00,app/src/usb/usb.c
Romain Vimont,2022-01-27 23:35:59+01:00,app/src/scrcpy.c
Romain Vimont,2022-01-27 23:35:59+01:00,app/src/usb/aoa_hid.c
Romain Vimont,2022-01-27 23:35:59+01:00,app/src/usb/aoa_hid.h
Romain Vimont,2022-01-27 23:36:00+01:00,app/src/usb/usb.c
Romain Vimont,2022-01-27 23:36:00+01:00,app/src/usb/usb.h
Romain Vimont,2022-01-27 23:36:02+01:00,app/src/usb/usb.c
Romain Vimont,2022-01-27 23:36:04+01:00,app/src/scrcpy.c
Romain Vimont,2022-01-27 23:36:04+01:00,app/src/usb/usb.c
Romain Vimont,2022-01-27 23:36:04+01:00,app/src/usb/usb.h
Romain Vimont,2022-01-27 23:36:06+01:00,app/src/usb/usb.c
Romain Vimont,2022-01-27 23:36:08+01:00,app/src/scrcpy.c
Romain Vimont,2022-01-27 23:36:08+01:00,app/src/usb/usb.c
Romain Vimont,2022-01-27 23:36:08+01:00,app/src/usb/usb.h
Romain Vimont,2022-01-27 23:36:11+01:00,app/src/scrcpy.c
Romain Vimont,2022-01-27 23:36:11+01:00,app/src/usb/usb.c
Romain Vimont,2022-01-27 23:36:11+01:00,app/src/usb/usb.h
Romain Vimont,2022-01-27 23:36:13+01:00,app/src/scrcpy.c
Romain Vimont,2022-01-27 23:36:13+01:00,app/src/usb/usb.c
Romain Vimont,2022-01-27 23:36:13+01:00,app/src/usb/usb.h
Romain Vimont,2022-01-27 23:36:15+01:00,app/src/usb/usb.c
Romain Vimont,2022-01-27 23:36:16+01:00,app/src/usb/aoa_hid.c
Romain Vimont,2022-01-27 23:36:18+01:00,app/src/scrcpy.c
Romain Vimont,2022-01-27 23:36:18+01:00,app/src/usb/usb.c
Romain Vimont,2022-01-27 23:36:18+01:00,app/src/usb/usb.h
Romain Vimont,2022-01-27 23:36:21+01:00,app/src/input_events.h
Romain Vimont,2022-01-27 23:36:21+01:00,app/src/input_manager.c
Romain Vimont,2022-01-27 23:36:23+01:00,app/meson.build
Romain Vimont,2022-01-27 23:36:23+01:00,app/scrcpy.1
Romain Vimont,2022-01-27 23:36:23+01:00,app/src/cli.c
Romain Vimont,2022-01-27 23:36:23+01:00,app/src/events.h
Romain Vimont,2022-01-27 23:36:23+01:00,app/src/main.c
Romain Vimont,2022-01-27 23:36:23+01:00,app/src/options.c
Romain Vimont,2022-01-27 23:36:23+01:00,app/src/options.h
Romain Vimont,2022-01-27 23:36:23+01:00,app/src/usb/scrcpy_otg.c
Romain Vimont,2022-01-27 23:36:23+01:00,app/src/usb/scrcpy_otg.h
Romain Vimont,2022-01-27 23:36:23+01:00,app/src/usb/screen_otg.c
Romain Vimont,2022-01-27 23:36:23+01:00,app/src/usb/screen_otg.h
Romain Vimont,2022-01-27 23:36:25+01:00,README.md
Romain Vimont,2022-01-27 23:36:27+01:00,README.md
Romain Vimont,2022-01-27 23:36:27+01:00,app/scrcpy.1
Romain Vimont,2022-01-27 23:36:27+01:00,app/src/cli.c
Romain Vimont,2022-01-27 23:36:27+01:00,app/src/usb/scrcpy_otg.c
Romain Vimont,2022-01-27 23:36:27+01:00,app/src/usb/screen_otg.c
Romain Vimont,2022-01-27 23:36:30+01:00,app/src/usb/scrcpy_otg.c
Romain Vimont,2022-01-28 09:15:18+01:00,app/src/util/log.c
Romain Vimont,2022-01-28 09:15:18+01:00,app/src/util/log.h
Romain Vimont,2022-01-28 09:15:18+01:00,app/src/util/net.c
Romain Vimont,2022-01-29 08:05:59+01:00,app/src/util/process.h
Romain Vimont,2022-01-29 11:46:39+01:00,prebuilt-deps/Makefile
Romain Vimont,2022-01-29 14:40:21+01:00,app/meson.build
Romain Vimont,2022-01-29 14:40:21+01:00,cross_win32.txt
Romain Vimont,2022-01-29 14:40:21+01:00,cross_win64.txt
Romain Vimont,2022-01-29 14:40:21+01:00,prebuilt-deps/.gitignore
Romain Vimont,2022-01-29 14:40:21+01:00,prebuilt-deps/Makefile
Romain Vimont,2022-01-29 14:40:21+01:00,prebuilt-deps/common
Romain Vimont,2022-01-29 14:40:21+01:00,prebuilt-deps/prepare-adb.sh
Romain Vimont,2022-01-29 14:40:21+01:00,prebuilt-deps/prepare-dep
Romain Vimont,2022-01-29 14:40:21+01:00,prebuilt-deps/prepare-ffmpeg-win32.sh
Romain Vimont,2022-01-29 14:40:21+01:00,prebuilt-deps/prepare-ffmpeg-win64.sh
Romain Vimont,2022-01-29 14:40:21+01:00,prebuilt-deps/prepare-sdl.sh
Romain Vimont,2022-01-29 14:40:21+01:00,release.mk
Cccc_owo,2022-01-29 15:10:05+01:00,README.md
Cccc_owo,2022-01-29 15:10:05+01:00,README.zh-Hans.md
Romain Vimont,2022-01-29 15:44:52+01:00,app/scrcpy-windows.rc
Romain Vimont,2022-01-29 15:44:52+01:00,meson.build
Romain Vimont,2022-01-29 15:44:52+01:00,server/build.gradle
Romain Vimont,2022-01-29 15:44:52+01:00,server/build_without_gradle.sh
Romain Vimont,2022-01-29 16:16:41+01:00,BUILD.md
Romain Vimont,2022-01-29 16:16:41+01:00,README.md
Romain Vimont,2022-01-29 16:16:41+01:00,install_release.sh
Cccc_owo,2022-01-30 16:55:45+01:00,README.md
Cccc_owo,2022-01-30 16:55:45+01:00,README.zh-Hans.md
Cccc_owo,2022-01-30 16:56:18+01:00,FAQ.md
Cccc_owo,2022-01-30 16:56:18+01:00,FAQ.zh-Hans.md
Romain Vimont,2022-02-01 21:09:02+01:00,app/src/adb_parser.c
Romain Vimont,2022-02-01 21:38:50+01:00,app/src/util/str.h
Romain Vimont,2022-02-01 21:39:14+01:00,app/src/adb_parser.h
Romain Vimont,2022-02-01 21:40:15+01:00,app/src/adb_parser.h
Romain Vimont,2022-02-02 08:22:17+01:00,server/src/main/java/com/genymobile/scrcpy/ScreenEncoder.java
CennoxX,2022-02-02 12:32:39+01:00,app/src/cli.c
Romain Vimont,2022-02-02 21:03:55+01:00,app/src/decoder.c
Romain Vimont,2022-02-02 21:03:55+01:00,app/src/decoder.h
Romain Vimont,2022-02-02 21:03:55+01:00,app/src/scrcpy.c
Romain Vimont,2022-02-02 21:03:55+01:00,app/src/recorder.c
Romain Vimont,2022-02-02 21:03:55+01:00,app/src/recorder.h
Romain Vimont,2022-02-02 21:03:55+01:00,app/src/scrcpy.c
Romain Vimont,2022-02-02 21:03:55+01:00,app/meson.build
Romain Vimont,2022-02-02 21:03:55+01:00,app/src/demuxer.c
Romain Vimont,2022-02-02 21:03:55+01:00,app/src/demuxer.h
Romain Vimont,2022-02-02 21:03:55+01:00,app/src/scrcpy.c
Romain Vimont,2022-02-02 21:03:55+01:00,app/src/demuxer.c
Romain Vimont,2022-02-04 08:39:10+01:00,app/meson.build
Romain Vimont,2022-02-04 08:39:10+01:00,app/src/adb/adb.c
Romain Vimont,2022-02-04 08:39:10+01:00,app/src/adb/adb.h
Romain Vimont,2022-02-04 08:39:10+01:00,app/src/adb/adb_parser.c
Romain Vimont,2022-02-04 08:39:10+01:00,app/src/adb/adb_parser.h
Romain Vimont,2022-02-04 08:39:10+01:00,app/src/adb/adb_tunnel.c
Romain Vimont,2022-02-04 08:39:10+01:00,app/src/adb/adb_tunnel.h
Romain Vimont,2022-02-04 08:39:10+01:00,app/src/file_pusher.c
Romain Vimont,2022-02-04 08:39:10+01:00,app/src/file_pusher.h
Romain Vimont,2022-02-04 08:39:10+01:00,app/src/server.c
Romain Vimont,2022-02-04 08:39:10+01:00,app/src/server.h
Romain Vimont,2022-02-04 08:39:10+01:00,app/tests/test_adb_parser.c
Romain Vimont,2022-02-04 08:39:10+01:00,app/src/adb/adb.c
Romain Vimont,2022-02-04 08:39:10+01:00,app/src/adb/adb.h
Romain Vimont,2022-02-04 08:39:10+01:00,app/src/adb/adb_tunnel.c
Romain Vimont,2022-02-04 08:39:10+01:00,app/src/file_pusher.c
Romain Vimont,2022-02-04 08:39:10+01:00,app/src/server.c
Romain Vimont,2022-02-04 08:39:10+01:00,app/src/adb/adb.c
Romain Vimont,2022-02-04 09:12:28+01:00,app/src/scrcpy.c
Romain Vimont,2022-02-05 10:09:24+01:00,app/src/server.c
Romain Vimont,2022-02-05 10:56:21+01:00,app/src/adb/adb.c
Romain Vimont,2022-02-05 10:56:58+01:00,app/src/adb/adb.c
Romain Vimont,2022-02-05 10:56:58+01:00,app/src/adb/adb.c
Romain Vimont,2022-02-05 10:56:58+01:00,app/src/adb/adb.c
Romain Vimont,2022-02-05 10:56:58+01:00,app/src/adb/adb.h
Romain Vimont,2022-02-05 10:56:58+01:00,app/src/adb/adb.c
Romain Vimont,2022-02-05 10:56:58+01:00,app/src/adb/adb.h
Romain Vimont,2022-02-05 10:56:58+01:00,app/src/server.c
Romain Vimont,2022-02-05 10:56:58+01:00,app/src/server.c
Romain Vimont,2022-02-05 11:17:45+01:00,app/src/scrcpy.c
Romain Vimont,2022-02-05 11:17:45+01:00,app/src/server.c
Romain Vimont,2022-02-05 11:17:45+01:00,app/src/server.h
Romain Vimont,2022-02-06 14:30:07+01:00,app/src/adb/adb.c
Romain Vimont,2022-02-06 14:30:07+01:00,app/src/adb/adb_parser.c
Romain Vimont,2022-02-06 14:30:07+01:00,app/src/adb/adb_parser.h
Romain Vimont,2022-02-06 14:30:07+01:00,app/tests/test_adb_parser.c
Romain Vimont,2022-02-06 14:30:13+01:00,app/src/adb/adb.c
Romain Vimont,2022-02-06 14:30:19+01:00,app/src/adb/adb.c
Romain Vimont,2022-02-06 14:31:32+01:00,app/src/adb/adb.c
Romain Vimont,2022-02-06 14:39:51+01:00,app/src/util/str.c
Romain Vimont,2022-02-06 14:39:51+01:00,app/src/util/str.h
Romain Vimont,2022-02-06 14:39:51+01:00,app/tests/test_str.c
Romain Vimont,2022-02-07 12:56:25+01:00,app/src/usb/aoa_hid.c
Romain Vimont,2022-02-07 12:56:25+01:00,app/src/usb/usb.c
Romain Vimont,2022-02-07 13:03:23+01:00,app/src/usb/usb.c
Romain Vimont,2022-02-07 13:10:53+01:00,app/src/usb/usb.c
Romain Vimont,2022-02-09 09:52:15+01:00,app/src/controller.c
Romain Vimont,2022-02-09 09:52:15+01:00,app/src/demuxer.c
Romain Vimont,2022-02-09 09:52:15+01:00,app/src/file_pusher.c
Romain Vimont,2022-02-09 09:52:15+01:00,app/src/receiver.c
Romain Vimont,2022-02-09 09:52:15+01:00,app/src/recorder.c
Romain Vimont,2022-02-09 09:52:15+01:00,app/src/scrcpy.c
Romain Vimont,2022-02-09 09:52:15+01:00,app/src/screen.c
Romain Vimont,2022-02-09 09:52:15+01:00,app/src/sys/unix/process.c
Romain Vimont,2022-02-09 09:52:15+01:00,app/src/usb/aoa_hid.c
Romain Vimont,2022-02-09 09:52:15+01:00,app/src/usb/scrcpy_otg.c
Romain Vimont,2022-02-09 09:52:15+01:00,app/src/util/log.h
Romain Vimont,2022-02-09 09:52:15+01:00,app/src/util/net.c
Romain Vimont,2022-02-09 09:52:15+01:00,app/src/util/thread.c
Romain Vimont,2022-02-09 09:52:15+01:00,app/src/v4l2_sink.c
Romain Vimont,2022-02-09 09:53:11+01:00,app/src/util/log.c
Romain Vimont,2022-02-09 09:53:11+01:00,app/src/util/log.h
Romain Vimont,2022-02-09 09:53:19+01:00,app/src/scrcpy.c
Romain Vimont,2022-02-09 09:53:19+01:00,app/src/usb/scrcpy_otg.c
Romain Vimont,2022-02-09 09:53:19+01:00,app/src/usb/usb.c
Romain Vimont,2022-02-09 09:53:19+01:00,app/src/usb/usb.h
Romain Vimont,2022-02-09 09:53:19+01:00,app/src/compat.h
Romain Vimont,2022-02-09 09:53:19+01:00,app/src/util/process.h
Romain Vimont,2022-02-09 09:55:23+01:00,app/src/usb/usb.c
Romain Vimont,2022-02-09 09:55:23+01:00,app/src/usb/usb.h
Romain Vimont,2022-02-09 09:55:25+01:00,app/src/scrcpy.c
Romain Vimont,2022-02-09 09:55:25+01:00,app/src/usb/scrcpy_otg.c
Romain Vimont,2022-02-09 09:55:25+01:00,app/src/usb/usb.c
Romain Vimont,2022-02-09 09:55:25+01:00,app/src/usb/usb.h
Romain Vimont,2022-02-09 09:55:25+01:00,app/src/usb/usb.c
Romain Vimont,2022-02-09 09:55:25+01:00,app/src/usb/usb.h
Romain Vimont,2022-02-09 09:55:25+01:00,app/src/server.c
Romain Vimont,2022-02-09 09:56:25+01:00,app/meson.build
Romain Vimont,2022-02-09 09:56:25+01:00,app/src/adb/adb_device.c
Romain Vimont,2022-02-09 09:56:25+01:00,app/src/adb/adb_device.h
Romain Vimont,2022-02-09 09:56:25+01:00,app/src/adb/adb_parser.c
Romain Vimont,2022-02-09 09:56:25+01:00,app/src/adb/adb_parser.h
Romain Vimont,2022-02-09 09:56:25+01:00,app/tests/test_adb_parser.c
Romain Vimont,2022-02-09 09:56:25+01:00,app/src/adb/adb.c
Romain Vimont,2022-02-09 09:56:25+01:00,app/src/adb/adb.h
Romain Vimont,2022-02-09 09:56:25+01:00,app/src/server.c
Romain Vimont,2022-02-09 09:56:26+01:00,app/src/adb/adb.c
Romain Vimont,2022-02-09 09:56:26+01:00,app/src/adb/adb.h
Romain Vimont,2022-02-09 09:56:26+01:00,app/src/adb/adb_device.h
Romain Vimont,2022-02-09 09:56:26+01:00,app/src/adb/adb_parser.c
Romain Vimont,2022-02-09 09:56:26+01:00,app/src/server.c
Romain Vimont,2022-02-09 09:56:26+01:00,app/src/usb/usb.c
Romain Vimont,2022-02-09 09:56:26+01:00,app/src/adb/adb.c
Romain Vimont,2022-02-09 09:56:26+01:00,app/src/adb/adb.c
Romain Vimont,2022-02-09 09:56:26+01:00,app/src/adb/adb.h
Romain Vimont,2022-02-09 10:00:14+01:00,app/src/adb/adb.c
Romain Vimont,2022-02-09 10:00:14+01:00,app/src/adb/adb.h
Romain Vimont,2022-02-09 10:00:14+01:00,app/src/server.c
Romain Vimont,2022-02-09 10:00:25+01:00,app/src/adb/adb.c
Romain Vimont,2022-02-09 10:00:25+01:00,app/src/adb/adb.h
Romain Vimont,2022-02-09 10:00:25+01:00,app/src/server.c
Romain Vimont,2022-02-09 10:00:25+01:00,app/scrcpy.1
Romain Vimont,2022-02-09 10:00:25+01:00,app/src/adb/adb.c
Romain Vimont,2022-02-09 10:00:25+01:00,app/src/adb/adb.h
Romain Vimont,2022-02-09 10:00:25+01:00,app/src/cli.c
Romain Vimont,2022-02-09 10:00:25+01:00,app/src/options.c
Romain Vimont,2022-02-09 10:00:25+01:00,app/src/options.h
Romain Vimont,2022-02-09 10:00:25+01:00,app/src/scrcpy.c
Romain Vimont,2022-02-09 10:00:25+01:00,app/src/server.c
Romain Vimont,2022-02-09 10:00:25+01:00,app/src/server.h
Romain Vimont,2022-02-09 10:00:25+01:00,README.md
Romain Vimont,2022-02-09 10:04:09+01:00,app/src/usb/usb.c
Romain Vimont,2022-02-09 10:15:07+01:00,app/meson.build
Romain Vimont,2022-02-09 10:15:07+01:00,app/src/main.c
Romain Vimont,2022-02-09 10:15:07+01:00,app/src/version.c
Romain Vimont,2022-02-09 10:15:07+01:00,app/src/version.h
Romain Vimont,2022-02-09 10:15:19+01:00,app/src/version.c
Romain Vimont,2022-02-09 10:15:19+01:00,app/src/version.c
Romain Vimont,2022-02-09 18:16:34+01:00,BUILD.md
Romain Vimont,2022-02-09 18:16:34+01:00,install_release.sh
Romain Vimont,2022-02-09 23:01:49+01:00,release.mk
Romain Vimont,2022-02-09 23:18:34+01:00,app/meson.build
Romain Vimont,2022-02-09 23:18:34+01:00,app/prebuilt-deps/.gitignore
Romain Vimont,2022-02-09 23:18:34+01:00,app/prebuilt-deps/common
Romain Vimont,2022-02-09 23:18:34+01:00,app/prebuilt-deps/prepare-adb.sh
Romain Vimont,2022-02-09 23:18:34+01:00,app/prebuilt-deps/prepare-ffmpeg-win32.sh
Romain Vimont,2022-02-09 23:18:34+01:00,app/prebuilt-deps/prepare-ffmpeg-win64.sh
Romain Vimont,2022-02-09 23:18:34+01:00,app/prebuilt-deps/prepare-sdl.sh
Romain Vimont,2022-02-09 23:18:34+01:00,release.mk
Romain Vimont,2022-02-10 08:47:39+01:00,app/src/usb/scrcpy_otg.c
Romain Vimont,2022-02-10 08:50:18+01:00,app/src/screen.c
Romain Vimont,2022-02-10 08:50:18+01:00,app/src/screen.h
Romain Vimont,2022-02-10 08:50:18+01:00,app/src/usb/screen_otg.c
Romain Vimont,2022-02-10 08:50:18+01:00,app/src/usb/screen_otg.h
Romain Vimont,2022-02-10 08:54:43+01:00,app/src/usb/usb.c
Romain Vimont,2022-02-10 09:24:19+01:00,app/src/cli.c
Romain Vimont,2022-02-11 21:32:11+01:00,app/src/demuxer.c
Romain Vimont,2022-02-11 21:32:11+01:00,server/src/main/java/com/genymobile/scrcpy/ScreenEncoder.java
Romain Vimont,2022-02-11 21:32:55+01:00,app/src/demuxer.c
Romain Vimont,2022-02-11 21:32:55+01:00,server/src/main/java/com/genymobile/scrcpy/ScreenEncoder.java
Romain Vimont,2022-02-11 21:33:09+01:00,app/src/demuxer.c
Romain Vimont,2022-02-11 21:34:12+01:00,app/src/demuxer.c
Romain Vimont,2022-02-11 21:34:58+01:00,app/src/demuxer.c
Romain Vimont,2022-02-12 09:12:46+01:00,app/src/control_msg.c
Romain Vimont,2022-02-12 09:12:46+01:00,app/src/demuxer.c
Romain Vimont,2022-02-12 09:12:46+01:00,app/src/device_msg.c
Romain Vimont,2022-02-12 09:12:46+01:00,app/src/util/buffer_util.h
Romain Vimont,2022-02-12 09:12:46+01:00,app/tests/test_buffer_util.c
Romain Vimont,2022-02-12 14:15:02+01:00,app/src/server.c
Romain Vimont,2022-02-12 14:15:07+01:00,app/meson.build
Romain Vimont,2022-02-12 14:15:07+01:00,app/src/cli.c
Romain Vimont,2022-02-12 14:15:07+01:00,meson_options.txt
Romain Vimont,2022-02-12 14:15:07+01:00,app/meson.build
Romain Vimont,2022-02-12 14:15:07+01:00,app/src/cli.c
Romain Vimont,2022-02-12 14:15:07+01:00,meson_options.txt
Romain Vimont,2022-02-13 17:26:34+01:00,app/src/cli.c
Romain Vimont,2022-02-15 19:25:57+01:00,app/scrcpy.1
Romain Vimont,2022-02-15 19:25:57+01:00,app/src/cli.c
Romain Vimont,2022-02-15 19:25:57+01:00,app/src/options.c
Romain Vimont,2022-02-15 19:25:57+01:00,app/src/options.h
Romain Vimont,2022-02-15 19:25:57+01:00,app/src/scrcpy.c
Romain Vimont,2022-02-15 19:25:57+01:00,app/src/server.c
Romain Vimont,2022-02-15 19:25:57+01:00,app/src/server.h
Romain Vimont,2022-02-15 19:25:57+01:00,server/src/main/java/com/genymobile/scrcpy/Options.java
Romain Vimont,2022-02-15 19:25:57+01:00,server/src/main/java/com/genymobile/scrcpy/Server.java
Firq,2022-02-15 21:52:08+01:00,README.de.md
Firq,2022-02-15 21:52:08+01:00,README.md
Romain Vimont,2022-02-16 18:12:57+01:00,app/src/fps_counter.c
Romain Vimont,2022-02-16 18:29:30+01:00,app/src/util/thread.c
Firq,2022-02-16 20:44:09+01:00,README.de.md
Romain Vimont,2022-02-17 19:55:24+01:00,app/src/fps_counter.c
Romain Vimont,2022-02-17 19:55:24+01:00,app/src/fps_counter.h
Romain Vimont,2022-02-17 19:55:24+01:00,app/src/input_manager.c
Romain Vimont,2022-02-17 19:55:24+01:00,app/src/screen.c
Romain Vimont,2022-02-17 19:55:24+01:00,app/src/screen.h
Romain Vimont,2022-02-18 18:13:35+01:00,FAQ.md
Romain Vimont,2022-02-18 18:16:12+01:00,app/src/fps_counter.c
Romain Vimont,2022-02-18 18:16:12+01:00,app/src/input_manager.c
Romain Vimont,2022-02-18 18:16:50+01:00,README.md
Romain Vimont,2022-02-18 18:16:50+01:00,app/scrcpy.1
Romain Vimont,2022-02-18 18:16:50+01:00,app/src/cli.c
Romain Vimont,2022-02-18 18:16:50+01:00,app/src/options.c
Romain Vimont,2022-02-18 18:16:50+01:00,app/src/options.h
Romain Vimont,2022-02-18 18:16:50+01:00,app/src/scrcpy.c
Romain Vimont,2022-02-18 18:16:50+01:00,app/src/screen.c
Romain Vimont,2022-02-18 18:16:50+01:00,app/src/screen.h
Romain Vimont,2022-02-18 19:34:54+01:00,app/tests/test_adb_parser.c
Romain Vimont,2022-02-18 21:18:36+01:00,app/src/adb/adb.c
Romain Vimont,2022-02-20 17:21:25+01:00,app/src/cli.c
Romain Vimont,2022-02-20 17:27:22+01:00,BUILD.md
Romain Vimont,2022-02-20 17:27:22+01:00,app/meson.build
Romain Vimont,2022-02-20 17:27:43+01:00,app/scrcpy.1
Romain Vimont,2022-02-20 17:27:43+01:00,app/src/cli.c
Romain Vimont,2022-02-20 17:27:53+01:00,app/src/screen.c
Romain Vimont,2022-02-20 17:27:53+01:00,app/src/usb/screen_otg.c
Romain Vimont,2022-02-20 17:28:02+01:00,app/src/screen.c
Romain Vimont,2022-02-20 17:28:02+01:00,app/src/usb/screen_otg.c
Romain Vimont,2022-02-20 17:38:14+01:00,app/src/usb/aoa_hid.c
Romain Vimont,2022-02-20 17:38:14+01:00,app/src/usb/usb.c
Romain Vimont,2022-02-20 17:38:14+01:00,app/src/usb/usb.h
Romain Vimont,2022-02-20 17:38:51+01:00,app/src/usb/usb.c
Romain Vimont,2022-02-20 17:39:04+01:00,app/src/usb/scrcpy_otg.c
Romain Vimont,2022-02-20 17:39:04+01:00,app/src/usb/usb.c
Romain Vimont,2022-02-20 17:39:09+01:00,app/src/usb/usb.c
Romain Vimont,2022-02-20 17:39:12+01:00,BUILD.md
Romain Vimont,2022-02-20 17:39:12+01:00,app/meson.build
Romain Vimont,2022-02-20 17:39:12+01:00,app/prebuilt-deps/prepare-libusb.sh
Romain Vimont,2022-02-20 17:39:12+01:00,cross_win32.txt
Romain Vimont,2022-02-20 17:39:12+01:00,cross_win64.txt
Romain Vimont,2022-02-20 17:39:12+01:00,release.mk
Romain Vimont,2022-02-20 17:39:30+01:00,app/src/cli.c
Romain Vimont,2022-02-20 17:39:36+01:00,app/src/adb/adb.c
Romain Vimont,2022-02-20 17:39:36+01:00,app/src/util/process_intr.c
Romain Vimont,2022-02-20 17:39:39+01:00,app/src/adb/adb.c
Romain Vimont,2022-02-20 17:39:39+01:00,app/src/adb/adb.h
Romain Vimont,2022-02-20 17:39:39+01:00,app/src/usb/scrcpy_otg.c
Romain Vimont,2022-02-20 17:39:42+01:00,app/src/cli.c
Romain Vimont,2022-02-20 17:39:52+01:00,release.mk
Romain Vimont,2022-02-20 17:56:50+01:00,app/data/icon.ico
Romain Vimont,2022-02-20 17:56:50+01:00,app/data/icon.png
Romain Vimont,2022-02-20 17:56:50+01:00,app/data/icon.svg
Romain Vimont,2022-02-20 17:56:50+01:00,app/data/open_a_terminal_here.bat
Romain Vimont,2022-02-20 17:56:50+01:00,app/data/scrcpy-console.bat
Romain Vimont,2022-02-20 17:56:50+01:00,app/data/scrcpy-noconsole.vbs
Romain Vimont,2022-02-20 17:56:50+01:00,app/meson.build
Romain Vimont,2022-02-20 17:56:50+01:00,app/scrcpy-windows.rc
Romain Vimont,2022-02-20 17:56:50+01:00,release.mk
Romain Vimont,2022-02-20 23:59:35+01:00,app/meson.build
Romain Vimont,2022-02-20 23:59:35+01:00,app/src/util/vector.h
Romain Vimont,2022-02-20 23:59:35+01:00,app/tests/test_vector.c
Romain Vimont,2022-02-20 23:59:35+01:00,app/src/usb/usb.c
Romain Vimont,2022-02-20 23:59:35+01:00,app/src/adb/adb.c
Romain Vimont,2022-02-20 23:59:35+01:00,app/src/adb/adb_device.c
Romain Vimont,2022-02-20 23:59:35+01:00,app/src/adb/adb_device.h
Romain Vimont,2022-02-20 23:59:35+01:00,app/src/adb/adb_parser.c
Romain Vimont,2022-02-20 23:59:35+01:00,app/src/adb/adb_parser.h
Romain Vimont,2022-02-20 23:59:35+01:00,app/tests/test_adb_parser.c
Romain Vimont,2022-02-21 00:03:45+01:00,app/src/adb/adb.c
Romain Vimont,2022-02-22 10:27:11+01:00,server/src/main/java/com/genymobile/scrcpy/ScreenEncoder.java
Romain Vimont,2022-02-22 18:10:30+01:00,app/src/cli.c
Romain Vimont,2022-02-22 18:27:13+01:00,README.md
Flying Press,2022-02-22 18:27:25+01:00,README.md
Flying Press,2022-02-22 18:27:25+01:00,README.md
Flying Press,2022-02-22 18:27:25+01:00,README.md
Flying Press,2022-02-22 18:27:25+01:00,README.md
Flying Press,2022-02-22 18:27:25+01:00,README.md
Flying Press,2022-02-22 18:27:25+01:00,README.md
Romain Vimont,2022-02-22 18:31:37+01:00,server/src/main/java/com/genymobile/scrcpy/Server.java
Romain Vimont,2022-02-22 19:08:15+01:00,FAQ.md
Romain Vimont,2022-02-22 19:12:02+01:00,FAQ.md
hltdev8642,2022-02-22 19:15:27+01:00,app/data/zsh-completion/_scrcpy
hltdev8642,2022-02-22 19:15:27+01:00,app/meson.build
Romain Vimont,2022-02-22 19:22:12+01:00,app/data/bash-completion/scrcpy
Romain Vimont,2022-02-22 19:22:12+01:00,app/meson.build
Romain Vimont,2022-02-22 19:36:22+01:00,README.md
Romain Vimont,2022-02-22 21:00:43+01:00,app/src/util/vector.h
Romain Vimont,2022-02-22 21:01:55+01:00,app/scrcpy-windows.rc
Romain Vimont,2022-02-22 21:01:55+01:00,meson.build
Romain Vimont,2022-02-22 21:01:55+01:00,server/build.gradle
Romain Vimont,2022-02-22 21:01:55+01:00,server/build_without_gradle.sh
Romain Vimont,2022-02-22 23:48:00+01:00,BUILD.md
Romain Vimont,2022-02-22 23:48:00+01:00,README.md
Romain Vimont,2022-02-22 23:48:00+01:00,install_release.sh
Romain Vimont,2022-02-23 01:21:18+01:00,README.md
Romain Vimont,2022-02-24 23:25:02+01:00,app/src/usb/usb.c
Romain Vimont,2022-02-24 23:26:12+01:00,app/src/usb/hid_keyboard.c
Romain Vimont,2022-02-24 23:26:12+01:00,app/src/usb/hid_mouse.c
Romain Vimont,2022-02-24 23:28:20+01:00,app/src/usb/hid_keyboard.c
Romain Vimont,2022-02-24 23:28:20+01:00,app/src/usb/hid_mouse.c
Romain Vimont,2022-03-06 22:16:13+01:00,app/src/scrcpy.c
martin f. krafft,2022-03-06 22:19:46+01:00,app/scrcpy.1
martin f. krafft,2022-03-06 22:19:46+01:00,app/src/main.c
martin f. krafft,2022-03-06 22:19:46+01:00,app/src/scrcpy.c
martin f. krafft,2022-03-06 22:19:46+01:00,app/src/scrcpy.h
martin f. krafft,2022-03-06 22:19:46+01:00,app/src/usb/scrcpy_otg.c
martin f. krafft,2022-03-06 22:19:46+01:00,app/src/usb/scrcpy_otg.h
Romain Vimont,2022-03-10 09:13:21+01:00,app/src/cli.c
Romain Vimont,2022-03-15 08:32:34+01:00,README.md
Romain Vimont,2022-03-15 08:32:34+01:00,app/scrcpy.1
Romain Vimont,2022-03-15 08:32:34+01:00,app/src/cli.c
Romain Vimont,2022-03-15 08:32:34+01:00,app/src/server.c
Romain Vimont,2022-03-20 14:56:52+01:00,app/src/adb/adb.c
Romain Vimont,2022-03-22 21:08:08+01:00,app/src/adb/adb.c
Romain Vimont,2022-03-22 21:08:08+01:00,app/src/adb/adb.h
Romain Vimont,2022-03-22 21:08:08+01:00,app/src/adb/adb_device.c
Romain Vimont,2022-03-22 21:08:08+01:00,app/src/adb/adb_device.h
Romain Vimont,2022-03-22 21:08:08+01:00,app/src/server.c
IskandarMa,2022-03-25 08:38:58+01:00,README.zh-Hans.md
Romain Vimont,2022-03-30 12:01:01+02:00,app/src/opengl.c
Romain Vimont,2022-03-30 14:00:05+02:00,run
e1e0,2022-04-10 13:57:44+02:00,README.md
Romain Vimont,2022-04-12 23:51:05+02:00,app/src/adb/adb_device.c
Romain Vimont,2022-04-12 23:59:01+02:00,app/src/common.h
Romain Vimont,2022-04-12 23:59:01+02:00,app/src/compat.h
Romain Vimont,2022-04-12 23:59:01+02:00,app/src/control_msg.h
Romain Vimont,2022-04-12 23:59:01+02:00,app/src/controller.h
Romain Vimont,2022-04-12 23:59:01+02:00,app/src/device_msg.h
Romain Vimont,2022-04-12 23:59:01+02:00,app/src/fps_counter.h
Romain Vimont,2022-04-12 23:59:01+02:00,app/src/icon.h
Romain Vimont,2022-04-12 23:59:01+02:00,app/src/input_manager.h
Romain Vimont,2022-04-12 23:59:01+02:00,app/src/receiver.h
Romain Vimont,2022-04-12 23:59:01+02:00,app/src/util/cbuf.h
Romain Vimont,2022-04-12 23:59:01+02:00,app/src/util/net.h
Alessandro Sarretta,2022-04-14 10:11:03+02:00,README.it.md
Alessandro Sarretta,2022-04-14 10:11:03+02:00,README.md
John Veness,2022-04-14 10:18:45+02:00,README.md
Gitoffthelawn,2022-04-16 10:03:52+02:00,README.md
Romain Vimont,2022-04-22 09:52:41+02:00,server/src/main/java/com/genymobile/scrcpy/wrappers/InputManager.java
Romain Vimont,2022-04-22 09:52:41+02:00,server/src/main/java/com/genymobile/scrcpy/wrappers/ServiceManager.java
Romain Vimont,2022-04-22 09:52:41+02:00,server/src/main/java/com/genymobile/scrcpy/wrappers/InputManager.java
Romain Vimont,2022-04-22 13:34:11+02:00,app/prebuilt-deps/prepare-adb.sh
Romain Vimont,2022-04-22 13:34:58+02:00,app/meson.build
Romain Vimont,2022-04-22 13:34:58+02:00,app/prebuilt-deps/prepare-libusb.sh
Romain Vimont,2022-04-22 13:34:58+02:00,cross_win32.txt
Romain Vimont,2022-04-22 13:34:58+02:00,cross_win64.txt
Romain Vimont,2022-04-22 13:34:58+02:00,release.mk
Sean Wei,2022-04-25 18:25:47+02:00,README.id.md
Sean Wei,2022-04-25 18:25:59+02:00,README.de.md
Sean Wei,2022-04-25 18:25:59+02:00,BUILD.md
Romain Vimont,2022-04-25 18:35:06+02:00,app/src/cli.c
Romain Vimont,2022-04-28 19:12:52+02:00,README.md
Romain Vimont,2022-04-28 19:12:52+02:00,app/data/bash-completion/scrcpy
Romain Vimont,2022-04-28 19:12:52+02:00,app/data/zsh-completion/_scrcpy
Romain Vimont,2022-04-28 19:12:52+02:00,app/scrcpy.1
Romain Vimont,2022-04-28 19:12:52+02:00,app/src/cli.c
Romain Vimont,2022-04-28 19:12:52+02:00,app/src/options.c
Romain Vimont,2022-04-28 19:12:52+02:00,app/src/options.h
Romain Vimont,2022-04-28 19:12:52+02:00,app/src/scrcpy.c
Romain Vimont,2022-04-28 19:12:52+02:00,app/src/server.c
Romain Vimont,2022-04-28 19:12:52+02:00,app/src/server.h
Romain Vimont,2022-04-28 19:12:52+02:00,server/src/main/java/com/genymobile/scrcpy/Controller.java
Romain Vimont,2022-04-28 19:12:52+02:00,server/src/main/java/com/genymobile/scrcpy/Options.java
Romain Vimont,2022-04-28 19:12:52+02:00,server/src/main/java/com/genymobile/scrcpy/Server.java
Romain Vimont,2022-04-28 19:17:49+02:00,app/src/usb/screen_otg.c
Romain Vimont,2022-04-28 19:18:09+02:00,app/src/usb/scrcpy_otg.c
Romain Vimont,2022-04-28 19:18:09+02:00,app/src/usb/screen_otg.c
Romain Vimont,2022-04-28 19:18:09+02:00,app/src/usb/screen_otg.h
Romain Vimont,2022-04-28 19:18:12+02:00,app/src/usb/screen_otg.c
Romain Vimont,2022-04-28 19:18:16+02:00,app/src/usb/scrcpy_otg.c
Romain Vimont,2022-04-28 19:23:59+02:00,app/prebuilt-deps/prepare-sdl.sh
Romain Vimont,2022-04-28 19:23:59+02:00,cross_win32.txt
Romain Vimont,2022-04-28 19:23:59+02:00,cross_win64.txt
Romain Vimont,2022-04-28 19:23:59+02:00,release.mk
Romain Vimont,2022-04-28 19:32:14+02:00,app/prebuilt-deps/prepare-ffmpeg-win64.sh
Romain Vimont,2022-04-28 19:32:14+02:00,cross_win64.txt
Romain Vimont,2022-04-28 19:32:14+02:00,release.mk
Romain Vimont,2022-04-28 19:49:34+02:00,BUILD.md
Romain Vimont,2022-04-28 19:50:35+02:00,BUILD.md
Romain Vimont,2022-04-28 20:45:38+02:00,release.mk
Romain Vimont,2022-04-28 20:45:46+02:00,app/src/usb/screen_otg.c
Romain Vimont,2022-04-28 20:45:46+02:00,app/src/usb/screen_otg.c
Romain Vimont,2022-04-28 20:46:28+02:00,app/scrcpy-windows.rc
Romain Vimont,2022-04-28 20:46:28+02:00,meson.build
Romain Vimont,2022-04-28 20:46:28+02:00,server/build.gradle
Romain Vimont,2022-04-28 20:46:28+02:00,server/build_without_gradle.sh
Romain Vimont,2022-04-28 21:03:03+02:00,BUILD.md
Romain Vimont,2022-04-28 21:03:03+02:00,README.md
Romain Vimont,2022-04-28 21:03:03+02:00,install_release.sh
Romain Vimont,2022-04-28 21:34:56+02:00,BUILD.md
Romain Vimont,2022-04-28 21:34:56+02:00,README.md
Romain Vimont,2022-06-09 15:02:42+02:00,app/tests/test_adb_parser.c
Romain Vimont,2022-06-09 15:02:42+02:00,app/tests/test_adb_parser.c
Romain Vimont,2022-06-09 15:02:42+02:00,app/src/adb/adb.c
Romain Vimont,2022-06-09 15:02:42+02:00,app/src/adb/adb_parser.c
Romain Vimont,2022-06-09 15:02:42+02:00,app/src/adb/adb_parser.h
Romain Vimont,2022-06-09 15:02:42+02:00,app/tests/test_adb_parser.c
Romain Vimont,2022-06-09 15:02:42+02:00,app/src/stream.h
Romain Vimont,2022-06-17 08:36:58+02:00,FAQ.md
Romain Vimont,2022-06-17 08:44:17+02:00,FAQ.md
Romain Vimont,2022-06-17 08:44:17+02:00,README.md
Romain Vimont,2022-06-20 21:23:05+02:00,server/build.gradle
Romain Vimont,2022-07-19 12:15:06+02:00,app/src/adb/adb.c
Romain Vimont,2022-07-19 12:17:02+02:00,app/src/usb/usb.c
Romain Vimont,2022-07-20 11:41:04+02:00,app/src/demuxer.c
Romain Vimont,2022-07-27 14:54:27+02:00,app/src/util/net.c
Romain Vimont,2022-07-27 14:54:27+02:00,app/src/util/net.h
Romain Vimont,2022-08-03 23:25:09+02:00,app/src/clock.c
Romain Vimont,2022-08-03 23:25:09+02:00,app/src/control_msg.c
Romain Vimont,2022-08-17 16:40:45+02:00,app/src/util/net.c
Romain Vimont,2022-08-17 16:40:45+02:00,app/src/util/net.h
Romain Vimont,2022-08-17 16:40:45+02:00,app/src/util/net_intr.c
Romain Vimont,2022-08-17 16:40:45+02:00,app/src/util/net_intr.h
Derek Wu,2022-08-19 18:03:38+02:00,server/src/main/java/com/genymobile/scrcpy/wrappers/DisplayManager.java
Derek Wu,2022-08-19 18:03:38+02:00,server/src/main/java/com/genymobile/scrcpy/wrappers/ServiceManager.java
Romain Vimont,2022-08-21 13:52:51+02:00,FAQ.md
Romain Vimont,2022-08-28 15:13:03+02:00,FAQ.it.md
Romain Vimont,2022-08-28 15:13:03+02:00,FAQ.ko.md
Romain Vimont,2022-08-28 15:13:03+02:00,FAQ.md
Romain Vimont,2022-08-28 15:13:03+02:00,FAQ.zh-Hans.md
Romain Vimont,2022-08-28 15:13:03+02:00,README.de.md
Romain Vimont,2022-08-28 15:13:03+02:00,README.id.md
Romain Vimont,2022-08-28 15:13:03+02:00,README.it.md
Romain Vimont,2022-08-28 15:13:03+02:00,README.jp.md
Romain Vimont,2022-08-28 15:13:03+02:00,README.ko.md
Romain Vimont,2022-08-28 15:13:03+02:00,README.md
Romain Vimont,2022-08-28 15:13:03+02:00,README.pt-br.md
Romain Vimont,2022-08-28 15:13:03+02:00,README.sp.md
Romain Vimont,2022-08-28 15:13:03+02:00,README.tr.md
Romain Vimont,2022-08-28 15:13:03+02:00,README.zh-Hans.md
Romain Vimont,2022-08-28 15:13:03+02:00,README.zh-Hant.md
Romain Vimont,2022-08-28 15:16:31+02:00,server/meson.build
Romain Vimont,2022-08-28 15:23:08+02:00,server/src/main/java/com/genymobile/scrcpy/Binary.java
Romain Vimont,2022-08-28 15:23:08+02:00,server/src/main/java/com/genymobile/scrcpy/ControlMessageReader.java
Romain Vimont,2022-08-28 15:23:08+02:00,server/src/main/java/com/genymobile/scrcpy/Binary.java
Romain Vimont,2022-08-28 15:23:08+02:00,server/src/main/java/com/genymobile/scrcpy/ControlMessageReader.java
Romain Vimont,2022-08-28 15:23:08+02:00,server/src/test/java/com/genymobile/scrcpy/BinaryTest.java
Romain Vimont,2022-08-28 15:23:08+02:00,app/meson.build
Romain Vimont,2022-08-28 15:23:08+02:00,app/src/control_msg.c
Romain Vimont,2022-08-28 15:23:08+02:00,app/src/demuxer.c
Romain Vimont,2022-08-28 15:23:08+02:00,app/src/device_msg.c
Romain Vimont,2022-08-28 15:23:08+02:00,app/src/util/binary.h
Romain Vimont,2022-08-28 15:23:08+02:00,app/tests/test_binary.c
Romain Vimont,2022-08-28 15:23:08+02:00,app/src/control_msg.c
Romain Vimont,2022-08-28 15:23:08+02:00,app/src/util/binary.h
Romain Vimont,2022-08-28 15:23:08+02:00,app/tests/test_binary.c
Romain Vimont,2022-08-28 15:23:08+02:00,app/src/util/binary.h
Romain Vimont,2022-08-28 15:23:08+02:00,app/tests/test_binary.c
Romain Vimont,2022-08-28 15:23:08+02:00,server/src/main/java/com/genymobile/scrcpy/Binary.java
Romain Vimont,2022-08-28 15:23:08+02:00,server/src/test/java/com/genymobile/scrcpy/BinaryTest.java
Simon Chan,2022-08-28 15:23:08+02:00,app/src/control_msg.c
Simon Chan,2022-08-28 15:23:08+02:00,app/src/control_msg.h
Simon Chan,2022-08-28 15:23:08+02:00,app/src/input_events.h
Simon Chan,2022-08-28 15:23:08+02:00,app/src/input_manager.c
Simon Chan,2022-08-28 15:23:08+02:00,app/tests/test_control_msg_serialize.c
Simon Chan,2022-08-28 15:23:08+02:00,server/src/main/java/com/genymobile/scrcpy/ControlMessage.java
Simon Chan,2022-08-28 15:23:08+02:00,server/src/main/java/com/genymobile/scrcpy/ControlMessageReader.java
Simon Chan,2022-08-28 15:23:08+02:00,server/src/main/java/com/genymobile/scrcpy/Controller.java
Simon Chan,2022-08-28 15:23:08+02:00,server/src/test/java/com/genymobile/scrcpy/ControlMessageReaderTest.java
Romain Vimont,2022-09-02 14:31:15+02:00,build.gradle
Romain Vimont,2022-09-02 14:40:16+02:00,build.gradle
Romain Vimont,2022-09-02 14:40:16+02:00,gradle/wrapper/gradle-wrapper.properties
Romain Vimont,2022-09-02 14:42:37+02:00,server/build.gradle
Romain Vimont,2022-09-02 14:42:37+02:00,server/build_without_gradle.sh
Romain Vimont,2022-09-09 19:06:29+02:00,app/meson.build
Addison Snelling,2022-09-09 19:06:29+02:00,app/data/scrcpy.desktop
Addison Snelling,2022-09-09 19:06:29+02:00,app/meson.build
Chih-Hsuan Yen,2022-09-09 19:06:29+02:00,app/data/scrcpy.desktop
Romain Vimont,2022-09-09 19:06:29+02:00,app/data/scrcpy-console.desktop
Romain Vimont,2022-09-09 19:06:29+02:00,app/meson.build
Romain Vimont,2022-09-25 14:26:07+02:00,server/build_without_gradle.sh
Romain Vimont,2022-09-25 15:42:33+02:00,app/src/sys/unix/process.c
SeungHoon Han,2022-09-25 16:22:51+02:00,server/src/main/java/com/genymobile/scrcpy/Command.java
SeungHoon Han,2022-09-25 16:22:51+02:00,server/src/main/java/com/genymobile/scrcpy/IO.java
SeungHoon Han,2022-09-25 16:22:51+02:00,server/src/main/java/com/genymobile/scrcpy/wrappers/DisplayManager.java
SeungHoon Han,2022-09-25 16:22:51+02:00,server/src/test/java/com/genymobile/scrcpy/CommandParserTest.java
Romain Vimont,2022-09-27 14:12:37+02:00,app/src/control_msg.c
Romain Vimont,2022-10-02 17:57:35+02:00,server/src/main/java/com/genymobile/scrcpy/CleanUp.java
Romain Vimont,2022-10-02 17:57:35+02:00,server/src/main/java/com/genymobile/scrcpy/Device.java
Romain Vimont,2022-10-02 17:57:35+02:00,server/src/main/java/com/genymobile/scrcpy/Server.java
Romain Vimont,2022-10-02 17:57:35+02:00,server/src/main/java/com/genymobile/scrcpy/Settings.java
Romain Vimont,2022-10-02 17:57:35+02:00,server/src/main/java/com/genymobile/scrcpy/wrappers/ServiceManager.java
Anima C13,2022-10-12 13:24:43+02:00,app/data/bash-completion/scrcpy
Anima C13,2022-10-12 13:24:43+02:00,app/data/zsh-completion/_scrcpy
Romain Vimont,2022-10-19 15:13:55+02:00,app/src/util/vector.h
Romain Vimont,2022-10-19 15:14:56+02:00,app/src/util/thread.c
Romain Vimont,2022-10-19 15:17:43+02:00,app/meson.build
Yu-Chen Lin,2022-10-23 12:31:44+02:00,cross_win32.txt
Yu-Chen Lin,2022-10-23 12:31:44+02:00,cross_win64.txt
Yu-Chen Lin,2022-10-23 23:45:00+02:00,app/src/main.c
SeungHoon Han,2022-11-12 18:15:45+01:00,server/src/main/java/com/genymobile/scrcpy/wrappers/DisplayManager.java
SeungHoon Han,2022-11-12 18:15:45+01:00,server/src/test/java/com/genymobile/scrcpy/CommandParserTest.java
Romain Vimont,2022-11-17 09:27:05+01:00,README.md
Romain Vimont,2022-11-24 09:27:10+01:00,server/src/test/java/com/genymobile/scrcpy/CommandParserTest.java
Romain Vimont,2022-12-02 19:09:53+01:00,README.md
Romain Vimont,2022-12-02 19:09:53+01:00,app/scrcpy.1
Romain Vimont,2022-12-02 19:09:53+01:00,app/src/server.c
Romain Vimont,2022-12-02 19:09:53+01:00,app/src/util/str.h
Romain Vimont,2022-12-21 13:28:22+01:00,server/build.gradle
Romain Vimont,2022-12-21 13:28:22+01:00,server/src/main/java/com/genymobile/scrcpy/wrappers/ClipboardManager.java
Romain Vimont,2022-12-21 13:29:27+01:00,BUILD.md
Romain Vimont,2022-12-21 13:29:27+01:00,DEVELOP.md
Romain Vimont,2022-12-21 13:29:27+01:00,release.mk
Romain Vimont,2022-12-21 13:31:18+01:00,release.mk
Romain Vimont,2022-12-21 22:06:43+01:00,app/src/screen.c
Pawel Jasinski,2022-12-22 11:26:26+01:00,app/src/control_msg.c
Pawel Jasinski,2022-12-22 11:26:26+01:00,app/src/control_msg.h
Pawel Jasinski,2022-12-22 11:26:26+01:00,app/src/input_events.h
Pawel Jasinski,2022-12-22 11:26:26+01:00,app/src/input_manager.c
Pawel Jasinski,2022-12-22 11:26:26+01:00,app/src/mouse_inject.c
Pawel Jasinski,2022-12-22 11:26:26+01:00,server/src/main/java/com/genymobile/scrcpy/Controller.java
Romain Vimont,2022-12-22 12:29:08+01:00,app/prebuilt-deps/prepare-adb.sh
Romain Vimont,2022-12-22 12:29:08+01:00,release.mk
Romain Vimont,2022-12-22 12:29:08+01:00,app/prebuilt-deps/prepare-sdl.sh
Romain Vimont,2022-12-22 12:29:08+01:00,cross_win32.txt
Romain Vimont,2022-12-22 12:29:08+01:00,cross_win64.txt
Romain Vimont,2022-12-22 12:29:08+01:00,release.mk
Romain Vimont,2022-12-22 12:33:08+01:00,app/prebuilt-deps/prepare-ffmpeg-win64.sh
Romain Vimont,2022-12-22 12:33:08+01:00,cross_win64.txt
Romain Vimont,2022-12-22 12:33:08+01:00,release.mk
Romain Vimont,2022-12-22 12:33:29+01:00,app/scrcpy-windows.rc
Romain Vimont,2022-12-22 12:33:29+01:00,meson.build
Romain Vimont,2022-12-22 12:33:29+01:00,server/build.gradle
Romain Vimont,2022-12-22 12:33:29+01:00,server/build_without_gradle.sh
Romain Vimont,2022-12-22 12:44:01+01:00,BUILD.md
Romain Vimont,2022-12-22 12:44:01+01:00,README.md
Romain Vimont,2022-12-22 12:44:01+01:00,install_release.sh
Romain Vimont,2022-12-22 13:07:07+01:00,install_release.sh
Romain Vimont,2022-12-26 12:42:59+01:00,app/src/screen.c
Romain Vimont,2023-01-02 16:18:23+01:00,app/src/demuxer.c
Romain Vimont,2023-01-03 08:48:46+01:00,FAQ.md
Romain Vimont,2023-01-18 14:37:55+01:00,FAQ.md
Romain Vimont,2023-01-26 10:44:31+01:00,server/build_without_gradle.sh
Romain Vimont,2023-01-26 18:11:23+01:00,app/meson.build
Romain Vimont,2023-01-26 18:11:23+01:00,app/src/compat.c
Romain Vimont,2023-01-26 18:11:23+01:00,app/src/compat.h
Romain Vimont,2023-01-27 19:26:19+01:00,app/meson.build
Romain Vimont,2023-01-27 19:26:19+01:00,app/src/util/rand.c
Romain Vimont,2023-01-27 19:26:19+01:00,app/src/util/rand.h
Romain Vimont,2023-01-27 21:51:59+01:00,app/src/adb/adb_tunnel.c
Romain Vimont,2023-01-27 21:51:59+01:00,app/src/adb/adb_tunnel.h
Romain Vimont,2023-01-27 21:51:59+01:00,app/src/scrcpy.c
Romain Vimont,2023-01-27 21:51:59+01:00,app/src/server.c
Romain Vimont,2023-01-27 21:51:59+01:00,app/src/server.h
Romain Vimont,2023-01-27 21:51:59+01:00,server/src/main/java/com/genymobile/scrcpy/DesktopConnection.java
Romain Vimont,2023-01-27 21:51:59+01:00,server/src/main/java/com/genymobile/scrcpy/Options.java
Romain Vimont,2023-01-27 21:51:59+01:00,server/src/main/java/com/genymobile/scrcpy/Server.java
Romain Vimont,2023-01-27 21:59:26+01:00,server/src/main/java/com/genymobile/scrcpy/DesktopConnection.java
Romain Vimont,2023-01-27 22:08:17+01:00,server/src/main/java/com/genymobile/scrcpy/CodecOption.java
Romain Vimont,2023-01-27 22:08:17+01:00,server/src/main/java/com/genymobile/scrcpy/Position.java
Romain Vimont,2023-01-27 22:08:25+01:00,server/build_without_gradle.sh
Romain Vimont,2023-01-27 22:16:36+01:00,server/src/main/java/com/genymobile/scrcpy/Controller.java
Romain Vimont,2023-01-27 22:16:36+01:00,server/src/main/java/com/genymobile/scrcpy/Server.java
Romain Vimont,2023-01-27 22:20:35+01:00,server/src/main/java/com/genymobile/scrcpy/Controller.java
Romain Vimont,2023-01-27 22:20:35+01:00,server/src/main/java/com/genymobile/scrcpy/DeviceMessageSender.java
Romain Vimont,2023-01-27 22:26:01+01:00,server/src/main/java/com/genymobile/scrcpy/ScreenEncoder.java
Romain Vimont,2023-01-27 22:28:11+01:00,server/src/main/java/com/genymobile/scrcpy/ScreenEncoder.java
Romain Vimont,2023-01-27 22:31:09+01:00,server/src/main/java/com/genymobile/scrcpy/ScreenEncoder.java
Romain Vimont,2023-01-27 22:38:37+01:00,server/src/main/java/com/genymobile/scrcpy/ScreenEncoder.java
Romain Vimont,2023-01-27 22:39:28+01:00,server/src/main/java/com/genymobile/scrcpy/ScreenEncoder.java
Romain Vimont,2023-01-27 22:43:16+01:00,server/src/main/java/com/genymobile/scrcpy/ScreenEncoder.java
Romain Vimont,2023-01-29 14:49:36+01:00,server/src/main/java/com/genymobile/scrcpy/ScreenEncoder.java
Romain Vimont,2023-01-30 20:55:51+01:00,server/src/main/java/com/genymobile/scrcpy/ScreenEncoder.java
Simon Chan,2023-01-30 20:57:54+01:00,app/src/control_msg.c
Simon Chan,2023-01-30 20:57:54+01:00,app/src/control_msg.h
Simon Chan,2023-01-30 20:57:54+01:00,app/src/input_manager.c
Simon Chan,2023-01-30 20:57:54+01:00,app/src/mouse_inject.c
Simon Chan,2023-01-30 20:57:54+01:00,app/tests/test_control_msg_serialize.c
Simon Chan,2023-01-30 20:57:54+01:00,server/src/main/java/com/genymobile/scrcpy/ControlMessage.java
Simon Chan,2023-01-30 20:57:54+01:00,server/src/main/java/com/genymobile/scrcpy/ControlMessageReader.java
Simon Chan,2023-01-30 20:57:54+01:00,server/src/test/java/com/genymobile/scrcpy/ControlMessageReaderTest.java
Simon Chan,2023-01-30 20:57:54+01:00,server/src/main/java/com/genymobile/scrcpy/Controller.java
Simon Chan,2023-01-30 20:57:54+01:00,server/src/main/java/com/genymobile/scrcpy/Controller.java
Simon Chan,2023-01-30 20:57:54+01:00,server/src/main/java/com/genymobile/scrcpy/wrappers/InputManager.java
Romain Vimont,2023-02-03 12:31:28+01:00,app/scrcpy.1
Romain Vimont,2023-02-03 12:31:28+01:00,server/src/main/java/com/genymobile/scrcpy/Controller.java
Romain Vimont,2023-02-03 12:31:28+01:00,server/src/main/java/com/genymobile/scrcpy/DeviceMessageSender.java
Romain Vimont,2023-02-03 12:31:28+01:00,server/src/main/java/com/genymobile/scrcpy/Server.java
Romain Vimont,2023-02-03 12:31:28+01:00,server/src/main/java/com/genymobile/scrcpy/ScreenEncoder.java
Romain Vimont,2023-02-03 12:31:28+01:00,server/src/main/java/com/genymobile/scrcpy/Server.java
Romain Vimont,2023-02-03 12:31:28+01:00,server/src/main/java/com/genymobile/scrcpy/Server.java
Romain Vimont,2023-02-03 12:31:28+01:00,app/src/recorder.c
Romain Vimont,2023-02-03 12:31:28+01:00,app/src/recorder.h
Romain Vimont,2023-02-03 12:31:28+01:00,server/src/main/java/com/genymobile/scrcpy/ScreenEncoder.java
Romain Vimont,2023-02-03 12:31:28+01:00,server/src/main/java/com/genymobile/scrcpy/ScreenEncoder.java
Romain Vimont,2023-02-03 12:31:28+01:00,server/src/main/java/com/genymobile/scrcpy/ScreenEncoder.java
Romain Vimont,2023-02-03 12:31:28+01:00,server/src/main/java/com/genymobile/scrcpy/Server.java
Romain Vimont,2023-02-03 12:31:28+01:00,server/src/main/java/com/genymobile/scrcpy/VideoStreamer.java
Romain Vimont,2023-02-03 12:31:28+01:00,app/src/server.c
Romain Vimont,2023-02-06 10:58:45+01:00,README.md
Romain Vimont,2023-02-06 10:58:45+01:00,app/scrcpy.1
Romain Vimont,2023-02-06 10:58:45+01:00,app/src/cli.c
Romain Vimont,2023-02-06 10:58:45+01:00,app/src/demuxer.c
Romain Vimont,2023-02-06 10:58:45+01:00,app/src/options.c
Romain Vimont,2023-02-06 10:58:45+01:00,app/src/options.h
Romain Vimont,2023-02-06 10:58:45+01:00,app/src/scrcpy.c
Romain Vimont,2023-02-06 10:58:45+01:00,app/src/server.c
Romain Vimont,2023-02-06 10:58:45+01:00,app/src/server.h
Romain Vimont,2023-02-06 10:58:45+01:00,server/src/main/java/com/genymobile/scrcpy/Options.java
Romain Vimont,2023-02-06 10:58:45+01:00,server/src/main/java/com/genymobile/scrcpy/ScreenEncoder.java
Romain Vimont,2023-02-06 10:58:45+01:00,server/src/main/java/com/genymobile/scrcpy/Server.java
Romain Vimont,2023-02-06 10:58:45+01:00,server/src/main/java/com/genymobile/scrcpy/VideoCodec.java
Romain Vimont,2023-02-06 10:58:45+01:00,server/src/main/java/com/genymobile/scrcpy/VideoStreamer.java
Romain Vimont,2023-02-06 11:00:49+01:00,README.md
Romain Vimont,2023-02-06 11:00:49+01:00,app/scrcpy.1
Romain Vimont,2023-02-06 11:00:49+01:00,app/src/cli.c
Romain Vimont,2023-02-06 11:00:49+01:00,app/src/demuxer.c
Romain Vimont,2023-02-06 11:00:49+01:00,app/src/options.h
Romain Vimont,2023-02-06 11:00:49+01:00,app/src/server.c
Romain Vimont,2023-02-06 11:00:49+01:00,server/src/main/java/com/genymobile/scrcpy/VideoCodec.java
Romain Vimont,2023-02-06 11:00:49+01:00,README.md
Romain Vimont,2023-02-06 11:00:49+01:00,app/scrcpy.1
Romain Vimont,2023-02-06 11:00:49+01:00,app/src/cli.c
Romain Vimont,2023-02-06 11:00:49+01:00,app/src/demuxer.c
Romain Vimont,2023-02-06 11:00:49+01:00,app/src/options.h
Romain Vimont,2023-02-06 11:00:49+01:00,app/src/server.c
Romain Vimont,2023-02-06 11:00:49+01:00,server/src/main/java/com/genymobile/scrcpy/VideoCodec.java
Romain Vimont,2023-02-06 11:07:14+01:00,server/src/main/java/com/genymobile/scrcpy/Device.java
Romain Vimont,2023-02-06 11:07:14+01:00,server/src/main/java/com/genymobile/scrcpy/wrappers/SurfaceControl.java
Kartik Kushwaha,2023-02-06 11:13:18+01:00,README.md
Romain Vimont,2023-02-07 23:11:42+01:00,server/src/main/java/com/genymobile/scrcpy/Options.java
Romain Vimont,2023-02-10 18:46:01+01:00,app/src/demuxer.c
Romain Vimont,2023-02-10 18:46:01+01:00,app/src/demuxer.h
Romain Vimont,2023-02-10 18:55:39+01:00,app/src/demuxer.c
Romain Vimont,2023-02-10 18:55:43+01:00,app/src/demuxer.c
Romain Vimont,2023-02-10 18:55:43+01:00,app/src/demuxer.c
Romain Vimont,2023-02-10 18:55:43+01:00,app/src/events.h
Romain Vimont,2023-02-10 18:55:43+01:00,app/src/scrcpy.c
Romain Vimont,2023-02-10 18:55:43+01:00,app/src/screen.c
Romain Vimont,2023-02-10 18:55:43+01:00,app/src/usb/scrcpy_otg.c
Romain Vimont,2023-02-10 18:55:43+01:00,app/src/demuxer.c
Romain Vimont,2023-02-10 18:55:43+01:00,app/src/demuxer.h
Romain Vimont,2023-02-10 18:55:43+01:00,app/src/events.h
Romain Vimont,2023-02-10 18:55:43+01:00,app/src/scrcpy.c
Romain Vimont,2023-02-10 19:04:56+01:00,server/src/main/java/com/genymobile/scrcpy/Controller.java
Romain Vimont,2023-02-10 19:04:56+01:00,server/src/main/java/com/genymobile/scrcpy/DeviceMessageSender.java
Romain Vimont,2023-02-10 19:04:56+01:00,server/src/main/java/com/genymobile/scrcpy/Server.java
Romain Vimont,2023-02-10 19:06:17+01:00,server/src/main/java/com/genymobile/scrcpy/Controller.java
Romain Vimont,2023-02-10 19:06:17+01:00,server/src/main/java/com/genymobile/scrcpy/DeviceMessageSender.java
Romain Vimont,2023-02-10 19:06:17+01:00,server/src/main/java/com/genymobile/scrcpy/Server.java
Romain Vimont,2023-02-10 23:18:11+01:00,app/src/demuxer.c
Romain Vimont,2023-02-10 23:18:11+01:00,app/src/demuxer.h
Romain Vimont,2023-02-11 09:44:33+01:00,app/meson.build
Romain Vimont,2023-02-11 09:44:33+01:00,app/src/demuxer.c
Romain Vimont,2023-02-11 09:44:33+01:00,app/src/demuxer.h
Romain Vimont,2023-02-11 09:44:33+01:00,app/src/packet_merger.c
Romain Vimont,2023-02-11 09:44:33+01:00,app/src/packet_merger.h
Romain Vimont,2023-02-11 09:58:40+01:00,app/src/scrcpy.c
Romain Vimont,2023-02-11 09:58:40+01:00,app/src/server.c
Romain Vimont,2023-02-11 09:58:40+01:00,app/src/server.h
Romain Vimont,2023-02-11 09:58:40+01:00,server/src/main/java/com/genymobile/scrcpy/DesktopConnection.java
Romain Vimont,2023-02-11 09:58:40+01:00,server/src/main/java/com/genymobile/scrcpy/Options.java
Romain Vimont,2023-02-11 09:58:40+01:00,server/src/main/java/com/genymobile/scrcpy/Server.java
Romain Vimont,2023-02-17 08:33:16+01:00,server/src/main/java/com/genymobile/scrcpy/IO.java
Romain Vimont,2023-02-17 08:33:16+01:00,server/src/main/java/com/genymobile/scrcpy/Server.java
Romain Vimont,2023-02-18 09:31:06+01:00,app/src/demuxer.c
Romain Vimont,2023-02-18 09:37:31+01:00,app/src/controller.c
Romain Vimont,2023-02-18 09:37:31+01:00,app/src/controller.h
Romain Vimont,2023-02-18 09:37:31+01:00,app/src/receiver.c
Romain Vimont,2023-02-18 09:37:31+01:00,app/src/receiver.h
Romain Vimont,2023-02-18 18:11:34+01:00,app/src/cli.c
Romain Vimont,2023-02-18 19:10:25+01:00,app/scrcpy.1
Romain Vimont,2023-02-18 19:10:25+01:00,app/src/cli.c
Romain Vimont,2023-02-19 02:10:14+01:00,app/src/decoder.c
Romain Vimont,2023-02-19 02:10:14+01:00,app/src/demuxer.c
Romain Vimont,2023-02-19 15:59:05+01:00,server/src/main/java/com/genymobile/scrcpy/Server.java
Romain Vimont,2023-02-19 16:18:19+01:00,server/src/main/java/com/genymobile/scrcpy/Server.java
Romain Vimont,2023-02-19 16:18:19+01:00,server/src/main/java/com/genymobile/scrcpy/InvalidEncoderException.java
Romain Vimont,2023-02-20 20:49:56+01:00,app/src/cli.c
Romain Vimont,2023-02-21 12:11:39+01:00,app/src/options.c
Romain Vimont,2023-02-21 19:47:27+01:00,app/src/cli.c
Romain Vimont,2023-02-21 19:48:28+01:00,app/data/bash-completion/scrcpy
Romain Vimont,2023-02-21 19:48:28+01:00,app/data/zsh-completion/_scrcpy
Romain Vimont,2023-02-21 19:50:01+01:00,app/data/bash-completion/scrcpy
Romain Vimont,2023-02-27 20:51:35+01:00,app/src/util/net.c
Romain Vimont,2023-02-27 20:51:54+01:00,app/src/util/net.c
Romain Vimont,2023-02-27 20:51:54+01:00,app/src/main.c
Romain Vimont,2023-02-27 20:51:54+01:00,app/src/icon.c
Romain Vimont,2023-02-28 12:34:34+01:00,app/src/server.c
Romain Vimont,2023-03-03 01:18:10+01:00,app/src/common.h
Romain Vimont,2023-03-03 11:12:31+01:00,app/src/server.c
Romain Vimont,2023-03-03 11:13:48+01:00,build.gradle
Romain Vimont,2023-03-03 11:13:48+01:00,gradle/wrapper/gradle-wrapper.properties
Romain Vimont,2023-03-03 11:13:48+01:00,server/build.gradle
Romain Vimont,2023-03-03 11:13:48+01:00,server/src/main/AndroidManifest.xml
Romain Vimont,2023-03-03 11:13:48+01:00,server/src/main/java/com/genymobile/scrcpy/VideoCodec.java
Romain Vimont,2023-03-10 22:22:15+01:00,app/meson.build
Romain Vimont,2023-03-10 22:22:15+01:00,app/prebuilt-deps/prepare-libusb.sh
Romain Vimont,2023-03-10 22:22:15+01:00,cross_win32.txt
Romain Vimont,2023-03-10 22:22:15+01:00,cross_win64.txt
Romain Vimont,2023-03-10 22:22:15+01:00,release.mk
Romain Vimont,2023-03-10 22:22:15+01:00,app/meson.build
Romain Vimont,2023-03-10 22:22:15+01:00,app/prebuilt-deps/prepare-ffmpeg-win32.sh
Romain Vimont,2023-03-10 22:22:15+01:00,app/prebuilt-deps/prepare-ffmpeg-win64.sh
Romain Vimont,2023-03-10 22:22:15+01:00,app/prebuilt-deps/prepare-ffmpeg.sh
Romain Vimont,2023-03-10 22:22:15+01:00,cross_win32.txt
Romain Vimont,2023-03-10 22:22:15+01:00,cross_win64.txt
Romain Vimont,2023-03-10 22:22:15+01:00,release.mk
Romain Vimont,2023-03-10 22:22:15+01:00,app/meson.build
Romain Vimont,2023-03-10 22:22:15+01:00,app/prebuilt-deps/prepare-ffmpeg.sh
Romain Vimont,2023-03-10 22:22:15+01:00,cross_win32.txt
Romain Vimont,2023-03-10 22:22:15+01:00,cross_win64.txt
Romain Vimont,2023-03-10 22:22:15+01:00,release.mk
Romain Vimont,2023-03-10 22:22:15+01:00,app/prebuilt-deps/prepare-ffmpeg.sh
Romain Vimont,2023-03-10 22:22:15+01:00,cross_win32.txt
Romain Vimont,2023-03-10 22:22:15+01:00,cross_win64.txt
Romain Vimont,2023-03-10 22:22:15+01:00,release.mk
Romain Vimont,2023-03-10 22:22:15+01:00,app/src/main.c
Romain Vimont,2023-03-10 22:22:15+01:00,app/src/scrcpy.c
Romain Vimont,2023-03-10 22:22:15+01:00,app/src/util/log.c
Romain Vimont,2023-03-10 22:22:15+01:00,app/src/util/log.h
Romain Vimont,2023-03-10 22:22:15+01:00,app/src/util/log.c
Romain Vimont,2023-03-10 22:22:15+01:00,app/src/scrcpy.c
Romain Vimont,2023-03-10 22:22:15+01:00,app/src/server.c
Romain Vimont,2023-03-10 22:22:15+01:00,app/src/server.h
Romain Vimont,2023-03-10 22:22:15+01:00,app/data/bash-completion/scrcpy
Romain Vimont,2023-03-10 22:22:15+01:00,server/src/main/java/com/genymobile/scrcpy/ConfigurationException.java
Romain Vimont,2023-03-10 22:22:15+01:00,server/src/main/java/com/genymobile/scrcpy/Device.java
Romain Vimont,2023-03-10 22:22:15+01:00,server/src/main/java/com/genymobile/scrcpy/InvalidDisplayIdException.java
Romain Vimont,2023-03-10 22:22:15+01:00,server/src/main/java/com/genymobile/scrcpy/InvalidEncoderException.java
Romain Vimont,2023-03-10 22:22:15+01:00,server/src/main/java/com/genymobile/scrcpy/ScreenEncoder.java
Romain Vimont,2023-03-10 22:22:15+01:00,server/src/main/java/com/genymobile/scrcpy/Server.java
Romain Vimont,2023-03-10 22:22:15+01:00,app/data/zsh-completion/_scrcpy
Romain Vimont,2023-03-10 22:22:15+01:00,app/scrcpy.1
Romain Vimont,2023-03-10 22:22:15+01:00,app/src/cli.c
Romain Vimont,2023-03-10 22:22:15+01:00,app/src/recorder.c
Romain Vimont,2023-03-10 22:22:15+01:00,app/src/recorder.h
Romain Vimont,2023-03-10 22:22:15+01:00,app/src/recorder.c
Romain Vimont,2023-03-10 22:22:15+01:00,app/src/recorder.h
Romain Vimont,2023-03-10 22:22:15+01:00,app/src/recorder.c
Romain Vimont,2023-03-10 22:22:15+01:00,app/src/recorder.h
Romain Vimont,2023-03-10 22:22:15+01:00,app/src/events.h
Romain Vimont,2023-03-10 22:22:15+01:00,app/src/recorder.c
Romain Vimont,2023-03-10 22:22:15+01:00,app/src/recorder.h
Romain Vimont,2023-03-10 22:22:15+01:00,app/src/scrcpy.c
Romain Vimont,2023-03-10 22:22:15+01:00,app/src/recorder.c
Romain Vimont,2023-03-10 22:22:15+01:00,app/src/recorder.c
Romain Vimont,2023-03-10 22:22:15+01:00,app/src/recorder.c
Romain Vimont,2023-03-10 22:22:15+01:00,app/src/recorder.h
Romain Vimont,2023-03-10 22:22:15+01:00,app/src/scrcpy.c
Romain Vimont,2023-03-10 22:22:15+01:00,app/src/trait/packet_sink.h
Romain Vimont,2023-03-10 22:22:15+01:00,app/src/recorder.c
Romain Vimont,2023-03-10 22:22:15+01:00,app/src/recorder.h
Romain Vimont,2023-03-10 22:22:15+01:00,app/src/scrcpy.c
Romain Vimont,2023-03-10 22:22:15+01:00,app/src/recorder.c
Romain Vimont,2023-03-10 22:22:15+01:00,app/src/recorder.c
Romain Vimont,2023-03-10 22:22:15+01:00,app/src/recorder.h
Romain Vimont,2023-03-10 22:22:15+01:00,app/src/scrcpy.c
Romain Vimont,2023-03-10 22:22:15+01:00,server/src/main/java/com/genymobile/scrcpy/DesktopConnection.java
Romain Vimont,2023-03-10 22:22:15+01:00,server/src/main/java/com/genymobile/scrcpy/ScreenEncoder.java
Romain Vimont,2023-03-10 22:22:15+01:00,server/src/main/java/com/genymobile/scrcpy/VideoStreamer.java
Romain Vimont,2023-03-10 22:22:15+01:00,server/src/main/java/com/genymobile/scrcpy/ScreenEncoder.java
Romain Vimont,2023-03-10 22:22:15+01:00,server/src/main/java/com/genymobile/scrcpy/Server.java
Romain Vimont,2023-03-10 22:22:15+01:00,server/src/main/java/com/genymobile/scrcpy/VideoStreamer.java
Romain Vimont,2023-03-10 22:22:15+01:00,server/src/main/java/com/genymobile/scrcpy/Server.java
Romain Vimont,2023-03-10 22:22:15+01:00,server/src/main/java/com/genymobile/scrcpy/ScreenEncoder.java
Romain Vimont,2023-03-10 22:22:15+01:00,server/src/main/java/com/genymobile/scrcpy/Server.java
Romain Vimont,2023-03-10 22:22:15+01:00,server/src/main/java/com/genymobile/scrcpy/VideoStreamer.java
Romain Vimont,2023-03-10 22:22:15+01:00,server/src/main/java/com/genymobile/scrcpy/Codec.java
Romain Vimont,2023-03-10 22:22:15+01:00,server/src/main/java/com/genymobile/scrcpy/ScreenEncoder.java
Romain Vimont,2023-03-10 22:22:15+01:00,server/src/main/java/com/genymobile/scrcpy/Server.java
Romain Vimont,2023-03-10 22:22:15+01:00,server/src/main/java/com/genymobile/scrcpy/Streamer.java
Romain Vimont,2023-03-10 22:22:15+01:00,server/src/main/java/com/genymobile/scrcpy/VideoCodec.java
Romain Vimont,2023-03-10 22:22:15+01:00,server/src/main/java/com/genymobile/scrcpy/ScreenEncoder.java
Romain Vimont,2023-03-10 22:22:15+01:00,server/src/main/java/com/genymobile/scrcpy/ScreenEncoder.java
Simon Chan,2023-03-10 22:22:15+01:00,server/src/main/java/com/genymobile/scrcpy/FakeContext.java
Romain Vimont,2023-03-10 22:22:15+01:00,server/src/main/java/com/genymobile/scrcpy/wrappers/ContentProvider.java
Romain Vimont,2023-03-10 22:22:15+01:00,server/src/main/java/com/genymobile/scrcpy/wrappers/ClipboardManager.java
Romain Vimont,2023-03-10 22:22:15+01:00,server/src/main/java/com/genymobile/scrcpy/wrappers/ContentProvider.java
Romain Vimont,2023-03-10 22:22:15+01:00,server/src/main/java/com/genymobile/scrcpy/wrappers/ServiceManager.java
Romain Vimont,2023-03-10 22:22:15+01:00,server/src/main/java/com/genymobile/scrcpy/FakeContext.java
Romain Vimont,2023-03-10 22:22:15+01:00,server/src/main/java/com/genymobile/scrcpy/wrappers/ActivityManager.java
Romain Vimont,2023-03-10 22:22:15+01:00,server/src/main/java/com/genymobile/scrcpy/wrappers/ClipboardManager.java
Romain Vimont,2023-03-10 22:22:15+01:00,server/src/main/java/com/genymobile/scrcpy/wrappers/ContentProvider.java
Romain Vimont,2023-03-10 22:22:15+01:00,server/src/main/java/com/genymobile/scrcpy/wrappers/ServiceManager.java
Romain Vimont,2023-03-10 22:22:15+01:00,server/src/main/java/com/genymobile/scrcpy/Workarounds.java
Romain Vimont,2023-03-10 22:22:15+01:00,server/src/main/java/com/genymobile/scrcpy/Workarounds.java
Simon Chan,2023-03-10 22:22:15+01:00,app/data/bash-completion/scrcpy
Simon Chan,2023-03-10 22:22:15+01:00,app/data/zsh-completion/_scrcpy
Simon Chan,2023-03-10 22:22:15+01:00,app/src/cli.c
Simon Chan,2023-03-10 22:22:15+01:00,app/src/options.c
Simon Chan,2023-03-10 22:22:15+01:00,app/src/options.h
Simon Chan,2023-03-10 22:22:15+01:00,app/src/scrcpy.c
Simon Chan,2023-03-10 22:22:15+01:00,app/src/server.c
Simon Chan,2023-03-10 22:22:15+01:00,app/src/server.h
Simon Chan,2023-03-10 22:22:15+01:00,server/src/main/java/com/genymobile/scrcpy/Options.java
Simon Chan,2023-03-10 22:22:15+01:00,server/src/main/java/com/genymobile/scrcpy/Server.java
Simon Chan,2023-03-10 22:22:15+01:00,app/src/server.c
Simon Chan,2023-03-10 22:22:15+01:00,app/src/server.h
Simon Chan,2023-03-10 22:22:15+01:00,server/src/main/java/com/genymobile/scrcpy/DesktopConnection.java
Simon Chan,2023-03-10 22:22:15+01:00,server/src/main/java/com/genymobile/scrcpy/Server.java
Simon Chan,2023-03-10 22:22:15+01:00,server/src/main/java/com/genymobile/scrcpy/AudioEncoder.java
Simon Chan,2023-03-10 22:22:15+01:00,server/src/main/java/com/genymobile/scrcpy/Server.java
Romain Vimont,2023-03-10 22:22:15+01:00,server/src/main/java/com/genymobile/scrcpy/Streamer.java
Romain Vimont,2023-03-10 22:22:15+01:00,server/src/main/java/com/genymobile/scrcpy/AudioEncoder.java
Romain Vimont,2023-03-10 22:22:15+01:00,server/src/main/java/com/genymobile/scrcpy/AudioCodec.java
Romain Vimont,2023-03-10 22:22:15+01:00,server/src/main/java/com/genymobile/scrcpy/AudioEncoder.java
Romain Vimont,2023-03-10 22:22:15+01:00,server/src/main/java/com/genymobile/scrcpy/Codec.java
Romain Vimont,2023-03-10 22:22:15+01:00,server/src/main/java/com/genymobile/scrcpy/Server.java
Romain Vimont,2023-03-10 22:22:15+01:00,server/src/main/java/com/genymobile/scrcpy/Streamer.java
Romain Vimont,2023-03-10 22:22:15+01:00,app/src/scrcpy.c
Romain Vimont,2023-03-10 22:22:15+01:00,app/src/demuxer.c
Romain Vimont,2023-03-10 22:22:15+01:00,app/src/demuxer.h
Romain Vimont,2023-03-10 22:22:15+01:00,app/src/scrcpy.c
Romain Vimont,2023-03-10 22:22:15+01:00,app/src/cli.c
Romain Vimont,2023-03-10 22:22:15+01:00,app/src/demuxer.c
Romain Vimont,2023-03-10 22:22:15+01:00,app/src/scrcpy.c
Romain Vimont,2023-03-10 22:22:15+01:00,app/src/demuxer.c
Romain Vimont,2023-03-10 22:22:15+01:00,app/src/recorder.c
Romain Vimont,2023-03-10 22:22:15+01:00,app/src/recorder.h
Romain Vimont,2023-03-10 22:22:15+01:00,app/src/scrcpy.c
Romain Vimont,2023-03-10 22:22:15+01:00,app/src/recorder.c
Romain Vimont,2023-03-10 22:22:15+01:00,app/src/recorder.h
Romain Vimont,2023-03-10 22:22:15+01:00,app/src/scrcpy.c
Romain Vimont,2023-03-10 22:22:15+01:00,app/src/demuxer.c
Romain Vimont,2023-03-10 22:22:15+01:00,app/src/recorder.c
Romain Vimont,2023-03-10 22:22:15+01:00,app/src/recorder.h
Romain Vimont,2023-03-10 22:22:15+01:00,app/src/trait/packet_sink.h
Romain Vimont,2023-03-10 22:22:15+01:00,server/src/main/java/com/genymobile/scrcpy/AudioEncoder.java
Romain Vimont,2023-03-10 22:22:15+01:00,server/src/main/java/com/genymobile/scrcpy/Streamer.java
Romain Vimont,2023-03-10 22:22:15+01:00,server/src/main/java/com/genymobile/scrcpy/AudioEncoder.java
Romain Vimont,2023-03-10 22:22:15+01:00,app/src/recorder.c
Romain Vimont,2023-03-10 22:22:15+01:00,app/meson.build
Romain Vimont,2023-03-10 22:22:15+01:00,app/scrcpy.1
Romain Vimont,2023-03-10 22:22:15+01:00,app/src/cli.c
Romain Vimont,2023-03-10 22:22:15+01:00,app/src/options.c
Romain Vimont,2023-03-10 22:22:15+01:00,app/src/server.c
Romain Vimont,2023-03-10 22:22:15+01:00,README.md
Romain Vimont,2023-03-10 22:22:15+01:00,app/data/bash-completion/scrcpy
Romain Vimont,2023-03-10 22:22:15+01:00,app/data/zsh-completion/_scrcpy
Romain Vimont,2023-03-10 22:22:15+01:00,app/scrcpy.1
Romain Vimont,2023-03-10 22:22:15+01:00,app/src/cli.c
Romain Vimont,2023-03-10 22:22:15+01:00,app/src/options.c
Romain Vimont,2023-03-10 22:22:15+01:00,app/src/options.h
Romain Vimont,2023-03-10 22:22:15+01:00,app/src/scrcpy.c
Romain Vimont,2023-03-10 22:22:15+01:00,app/src/server.c
Romain Vimont,2023-03-10 22:22:15+01:00,app/src/server.h
Romain Vimont,2023-03-10 22:22:15+01:00,server/src/main/java/com/genymobile/scrcpy/Options.java
Romain Vimont,2023-03-10 22:22:15+01:00,server/src/main/java/com/genymobile/scrcpy/ScreenEncoder.java
Romain Vimont,2023-03-10 22:22:15+01:00,server/src/main/java/com/genymobile/scrcpy/Server.java
Romain Vimont,2023-03-10 22:22:15+01:00,README.md
Romain Vimont,2023-03-10 22:22:15+01:00,app/data/bash-completion/scrcpy
Romain Vimont,2023-03-10 22:22:15+01:00,app/data/zsh-completion/_scrcpy
Romain Vimont,2023-03-10 22:22:15+01:00,app/scrcpy.1
Romain Vimont,2023-03-10 22:22:15+01:00,app/src/cli.c
Romain Vimont,2023-03-10 22:22:15+01:00,app/src/options.c
Romain Vimont,2023-03-10 22:22:15+01:00,app/src/options.h
Romain Vimont,2023-03-10 22:22:15+01:00,app/src/scrcpy.c
Romain Vimont,2023-03-10 22:22:15+01:00,app/src/server.c
Romain Vimont,2023-03-10 22:22:15+01:00,app/src/server.h
Romain Vimont,2023-03-10 22:22:15+01:00,app/tests/test_cli.c
Romain Vimont,2023-03-10 22:22:15+01:00,server/src/main/java/com/genymobile/scrcpy/Options.java
Romain Vimont,2023-03-10 22:22:15+01:00,server/src/main/java/com/genymobile/scrcpy/ScreenEncoder.java
Romain Vimont,2023-03-10 22:22:15+01:00,server/src/main/java/com/genymobile/scrcpy/Server.java
Romain Vimont,2023-03-10 22:22:15+01:00,app/data/bash-completion/scrcpy
Romain Vimont,2023-03-10 22:22:15+01:00,app/data/zsh-completion/_scrcpy
Romain Vimont,2023-03-10 22:22:15+01:00,app/scrcpy.1
Romain Vimont,2023-03-10 22:22:15+01:00,app/src/cli.c
Romain Vimont,2023-03-10 22:22:15+01:00,app/src/options.c
Romain Vimont,2023-03-10 22:22:15+01:00,app/src/options.h
Romain Vimont,2023-03-10 22:22:15+01:00,app/src/scrcpy.c
Romain Vimont,2023-03-10 22:22:15+01:00,app/src/server.c
Romain Vimont,2023-03-10 22:22:15+01:00,app/src/server.h
Romain Vimont,2023-03-10 22:22:15+01:00,server/src/main/java/com/genymobile/scrcpy/Options.java
Romain Vimont,2023-03-10 22:22:15+01:00,server/src/main/java/com/genymobile/scrcpy/Server.java
Romain Vimont,2023-03-10 22:22:15+01:00,README.md
Romain Vimont,2023-03-10 22:22:15+01:00,app/data/bash-completion/scrcpy
Romain Vimont,2023-03-10 22:22:15+01:00,app/data/zsh-completion/_scrcpy
Romain Vimont,2023-03-10 22:22:15+01:00,app/scrcpy.1
Romain Vimont,2023-03-10 22:22:15+01:00,app/src/cli.c
Romain Vimont,2023-03-10 22:22:15+01:00,app/src/options.c
Romain Vimont,2023-03-10 22:22:15+01:00,app/src/options.h
Romain Vimont,2023-03-10 22:22:15+01:00,app/src/scrcpy.c
Romain Vimont,2023-03-10 22:22:15+01:00,app/src/server.c
Romain Vimont,2023-03-10 22:22:15+01:00,app/src/server.h
Romain Vimont,2023-03-10 22:22:15+01:00,server/src/main/java/com/genymobile/scrcpy/Options.java
Romain Vimont,2023-03-10 22:22:15+01:00,server/src/main/java/com/genymobile/scrcpy/Server.java
Romain Vimont,2023-03-10 22:22:15+01:00,server/src/main/java/com/genymobile/scrcpy/Server.java
Romain Vimont,2023-03-10 22:22:15+01:00,app/data/bash-completion/scrcpy
Romain Vimont,2023-03-10 22:22:15+01:00,app/data/zsh-completion/_scrcpy
Romain Vimont,2023-03-10 22:22:15+01:00,app/scrcpy.1
Romain Vimont,2023-03-10 22:22:15+01:00,app/src/cli.c
Romain Vimont,2023-03-10 22:22:15+01:00,app/src/options.c
Romain Vimont,2023-03-10 22:22:15+01:00,app/src/options.h
Romain Vimont,2023-03-10 22:22:15+01:00,app/src/scrcpy.c
Romain Vimont,2023-03-10 22:22:15+01:00,app/src/server.c
Romain Vimont,2023-03-10 22:22:15+01:00,app/src/server.h
Romain Vimont,2023-03-10 22:22:15+01:00,server/src/main/java/com/genymobile/scrcpy/AudioEncoder.java
Romain Vimont,2023-03-10 22:22:15+01:00,server/src/main/java/com/genymobile/scrcpy/Options.java
Romain Vimont,2023-03-10 22:22:15+01:00,server/src/main/java/com/genymobile/scrcpy/Server.java
Romain Vimont,2023-03-10 22:22:15+01:00,app/data/bash-completion/scrcpy
Romain Vimont,2023-03-10 22:22:15+01:00,app/data/zsh-completion/_scrcpy
Romain Vimont,2023-03-10 22:22:15+01:00,app/scrcpy.1
Romain Vimont,2023-03-10 22:22:15+01:00,app/src/cli.c
Romain Vimont,2023-03-10 22:22:15+01:00,app/src/options.c
Romain Vimont,2023-03-10 22:22:15+01:00,app/src/options.h
Romain Vimont,2023-03-10 22:22:15+01:00,app/src/scrcpy.c
Romain Vimont,2023-03-10 22:22:15+01:00,app/src/server.c
Romain Vimont,2023-03-10 22:22:15+01:00,app/src/server.h
Romain Vimont,2023-03-10 22:22:15+01:00,server/src/main/java/com/genymobile/scrcpy/AudioEncoder.java
Romain Vimont,2023-03-10 22:22:15+01:00,server/src/main/java/com/genymobile/scrcpy/Options.java
Romain Vimont,2023-03-10 22:22:15+01:00,server/src/main/java/com/genymobile/scrcpy/Server.java
Romain Vimont,2023-03-10 22:22:15+01:00,app/data/bash-completion/scrcpy
Romain Vimont,2023-03-10 22:22:15+01:00,app/data/zsh-completion/_scrcpy
Romain Vimont,2023-03-10 22:22:15+01:00,app/scrcpy.1
Romain Vimont,2023-03-10 22:22:15+01:00,app/src/cli.c
Romain Vimont,2023-03-10 22:22:15+01:00,app/src/demuxer.c
Romain Vimont,2023-03-10 22:22:15+01:00,app/src/options.h
Romain Vimont,2023-03-10 22:22:15+01:00,app/src/server.c
Romain Vimont,2023-03-10 22:22:15+01:00,server/src/main/java/com/genymobile/scrcpy/AudioCodec.java
Romain Vimont,2023-03-10 22:22:15+01:00,server/src/main/java/com/genymobile/scrcpy/CodecUtils.java
Romain Vimont,2023-03-10 22:22:15+01:00,server/src/main/java/com/genymobile/scrcpy/ScreenEncoder.java
Romain Vimont,2023-03-10 22:22:15+01:00,app/data/bash-completion/scrcpy
Romain Vimont,2023-03-10 22:22:15+01:00,app/data/zsh-completion/_scrcpy
Romain Vimont,2023-03-10 22:22:15+01:00,app/scrcpy.1
Romain Vimont,2023-03-10 22:22:15+01:00,app/src/cli.c
Romain Vimont,2023-03-10 22:22:15+01:00,app/src/options.c
Romain Vimont,2023-03-10 22:22:15+01:00,app/src/options.h
Romain Vimont,2023-03-10 22:22:15+01:00,app/src/scrcpy.c
Romain Vimont,2023-03-10 22:22:15+01:00,app/src/server.c
Romain Vimont,2023-03-10 22:22:15+01:00,app/src/server.h
Romain Vimont,2023-03-10 22:22:15+01:00,server/src/main/java/com/genymobile/scrcpy/AudioEncoder.java
Romain Vimont,2023-03-10 22:22:15+01:00,server/src/main/java/com/genymobile/scrcpy/Options.java
Romain Vimont,2023-03-10 22:22:15+01:00,server/src/main/java/com/genymobile/scrcpy/Server.java
Romain Vimont,2023-03-10 22:22:15+01:00,server/src/main/java/com/genymobile/scrcpy/CodecUtils.java
Romain Vimont,2023-03-10 22:22:15+01:00,server/src/main/java/com/genymobile/scrcpy/ScreenEncoder.java
Romain Vimont,2023-03-10 22:22:15+01:00,app/data/bash-completion/scrcpy
Romain Vimont,2023-03-10 22:22:15+01:00,app/data/zsh-completion/_scrcpy
Romain Vimont,2023-03-10 22:22:15+01:00,app/scrcpy.1
Romain Vimont,2023-03-10 22:22:15+01:00,app/src/cli.c
Romain Vimont,2023-03-10 22:22:15+01:00,app/src/options.c
Romain Vimont,2023-03-10 22:22:15+01:00,app/src/options.h
Romain Vimont,2023-03-10 22:22:15+01:00,app/src/scrcpy.c
Romain Vimont,2023-03-10 22:22:15+01:00,app/src/server.c
Romain Vimont,2023-03-10 22:22:15+01:00,app/src/server.h
Romain Vimont,2023-03-10 22:22:15+01:00,server/src/main/java/com/genymobile/scrcpy/AudioEncoder.java
Romain Vimont,2023-03-10 22:22:15+01:00,server/src/main/java/com/genymobile/scrcpy/Options.java
Romain Vimont,2023-03-10 22:22:15+01:00,server/src/main/java/com/genymobile/scrcpy/Server.java
Romain Vimont,2023-03-10 22:22:15+01:00,app/src/scrcpy.c
Romain Vimont,2023-03-10 22:22:15+01:00,README.md
Romain Vimont,2023-03-10 22:22:15+01:00,app/data/bash-completion/scrcpy
Romain Vimont,2023-03-10 22:22:15+01:00,app/data/zsh-completion/_scrcpy
Romain Vimont,2023-03-10 22:22:15+01:00,app/scrcpy.1
Romain Vimont,2023-03-10 22:22:15+01:00,app/src/cli.c
Romain Vimont,2023-03-10 22:22:15+01:00,app/src/options.c
Romain Vimont,2023-03-10 22:22:15+01:00,app/src/options.h
Romain Vimont,2023-03-10 22:22:15+01:00,app/src/scrcpy.c
Romain Vimont,2023-03-10 22:22:15+01:00,app/src/server.c
Romain Vimont,2023-03-10 22:22:15+01:00,app/src/server.h
Romain Vimont,2023-03-10 22:22:15+01:00,server/src/main/java/com/genymobile/scrcpy/AudioEncoder.java
Romain Vimont,2023-03-10 22:22:15+01:00,server/src/main/java/com/genymobile/scrcpy/CleanUp.java
Romain Vimont,2023-03-10 22:22:15+01:00,server/src/main/java/com/genymobile/scrcpy/CodecUtils.java
Romain Vimont,2023-03-10 22:22:15+01:00,server/src/main/java/com/genymobile/scrcpy/Options.java
Romain Vimont,2023-03-10 22:22:15+01:00,server/src/main/java/com/genymobile/scrcpy/ScreenEncoder.java
Romain Vimont,2023-03-10 22:22:15+01:00,server/src/main/java/com/genymobile/scrcpy/Server.java
Romain Vimont,2023-03-10 22:22:15+01:00,app/src/demuxer.c
Romain Vimont,2023-03-10 22:22:15+01:00,app/src/scrcpy.c
Romain Vimont,2023-03-10 22:22:15+01:00,server/src/main/java/com/genymobile/scrcpy/AudioEncoder.java
Romain Vimont,2023-03-10 22:22:15+01:00,server/src/main/java/com/genymobile/scrcpy/Streamer.java
Romain Vimont,2023-03-10 22:22:15+01:00,server/src/main/java/com/genymobile/scrcpy/AudioEncoder.java
Romain Vimont,2023-03-10 22:22:15+01:00,server/src/main/java/com/genymobile/scrcpy/CodecUtils.java
Romain Vimont,2023-03-10 22:22:15+01:00,server/src/main/java/com/genymobile/scrcpy/LogUtils.java
Romain Vimont,2023-03-10 22:22:15+01:00,server/src/main/java/com/genymobile/scrcpy/ScreenEncoder.java
Romain Vimont,2023-03-10 22:22:15+01:00,server/src/main/java/com/genymobile/scrcpy/Server.java
Romain Vimont,2023-03-10 22:22:15+01:00,README.md
Romain Vimont,2023-03-10 22:22:15+01:00,app/data/bash-completion/scrcpy
Romain Vimont,2023-03-10 22:22:15+01:00,app/data/zsh-completion/_scrcpy
Romain Vimont,2023-03-10 22:22:15+01:00,app/scrcpy.1
Romain Vimont,2023-03-10 22:22:15+01:00,app/src/cli.c
Romain Vimont,2023-03-10 22:22:15+01:00,app/src/options.c
Romain Vimont,2023-03-10 22:22:15+01:00,app/src/options.h
Romain Vimont,2023-03-10 22:22:15+01:00,app/src/scrcpy.c
Romain Vimont,2023-03-10 22:22:15+01:00,app/src/server.c
Romain Vimont,2023-03-10 22:22:15+01:00,app/src/server.h
Romain Vimont,2023-03-10 22:22:15+01:00,server/src/main/java/com/genymobile/scrcpy/Device.java
Romain Vimont,2023-03-10 22:22:15+01:00,server/src/main/java/com/genymobile/scrcpy/LogUtils.java
Romain Vimont,2023-03-10 22:22:15+01:00,server/src/main/java/com/genymobile/scrcpy/Options.java
Romain Vimont,2023-03-10 22:22:15+01:00,server/src/main/java/com/genymobile/scrcpy/Server.java
Romain Vimont,2023-03-10 22:22:15+01:00,server/src/main/java/com/genymobile/scrcpy/LogUtils.java
Romain Vimont,2023-03-10 22:22:15+01:00,app/src/scrcpy.c
Romain Vimont,2023-03-10 22:22:15+01:00,app/src/decoder.c
Romain Vimont,2023-03-10 22:22:15+01:00,app/src/decoder.h
Romain Vimont,2023-03-10 22:22:15+01:00,app/src/scrcpy.c
Romain Vimont,2023-03-10 22:22:15+01:00,app/src/scrcpy.c
Romain Vimont,2023-03-10 22:22:15+01:00,app/src/decoder.c
Romain Vimont,2023-03-10 22:22:15+01:00,app/src/screen.c
Romain Vimont,2023-03-10 22:22:15+01:00,app/src/trait/frame_sink.h
Romain Vimont,2023-03-10 22:22:15+01:00,app/src/v4l2_sink.c
Romain Vimont,2023-03-10 22:22:15+01:00,app/meson.build
Romain Vimont,2023-03-10 22:22:15+01:00,app/src/util/bytebuf.c
Romain Vimont,2023-03-10 22:22:15+01:00,app/src/util/bytebuf.h
Romain Vimont,2023-03-10 22:22:15+01:00,app/tests/test_bytebuf.c
Romain Vimont,2023-03-10 22:22:15+01:00,app/src/util/bytebuf.c
Romain Vimont,2023-03-10 22:22:15+01:00,app/src/util/bytebuf.h
Romain Vimont,2023-03-10 22:22:15+01:00,app/tests/test_bytebuf.c
Simon Chan,2023-03-10 22:22:15+01:00,server/src/main/java/com/genymobile/scrcpy/AudioCaptureForegroundException.java
Simon Chan,2023-03-10 22:22:15+01:00,server/src/main/java/com/genymobile/scrcpy/AudioEncoder.java
Simon Chan,2023-03-10 22:22:15+01:00,server/src/main/java/com/genymobile/scrcpy/wrappers/ActivityManager.java
Romain Vimont,2023-03-10 22:22:15+01:00,app/data/bash-completion/scrcpy
Romain Vimont,2023-03-10 22:22:15+01:00,app/data/zsh-completion/_scrcpy
Romain Vimont,2023-03-10 22:22:15+01:00,app/scrcpy.1
Romain Vimont,2023-03-10 22:22:15+01:00,app/src/cli.c
Romain Vimont,2023-03-10 22:22:15+01:00,app/src/demuxer.c
Romain Vimont,2023-03-10 22:22:15+01:00,app/src/demuxer.h
Romain Vimont,2023-03-10 22:22:15+01:00,app/src/options.c
Romain Vimont,2023-03-10 22:22:15+01:00,app/src/options.h
Romain Vimont,2023-03-10 22:22:15+01:00,app/src/scrcpy.c
Romain Vimont,2023-03-10 22:22:15+01:00,app/src/decoder.c
Romain Vimont,2023-03-10 22:22:15+01:00,app/meson.build
Romain Vimont,2023-03-10 22:22:15+01:00,app/src/compat.c
Romain Vimont,2023-03-10 22:22:15+01:00,app/src/compat.h
Romain Vimont,2023-03-10 22:22:15+01:00,app/src/util/vector.h
Romain Vimont,2023-03-10 22:22:15+01:00,app/meson.build
Romain Vimont,2023-03-10 22:22:15+01:00,app/src/util/memory.c
Romain Vimont,2023-03-10 22:22:15+01:00,app/src/util/memory.h
Romain Vimont,2023-03-10 22:22:15+01:00,app/meson.build
Romain Vimont,2023-03-10 22:22:15+01:00,app/src/util/vecdeque.h
Romain Vimont,2023-03-10 22:22:15+01:00,app/tests/test_vecdeque.c
Romain Vimont,2023-03-10 22:22:15+01:00,app/src/recorder.c
Romain Vimont,2023-03-10 22:22:15+01:00,app/src/recorder.h
Romain Vimont,2023-03-10 22:22:15+01:00,app/src/video_buffer.c
Romain Vimont,2023-03-10 22:22:15+01:00,app/src/video_buffer.h
Romain Vimont,2023-03-10 22:22:15+01:00,app/src/controller.c
Romain Vimont,2023-03-10 22:22:15+01:00,app/src/controller.h
Romain Vimont,2023-03-10 22:22:15+01:00,app/src/file_pusher.c
Romain Vimont,2023-03-10 22:22:15+01:00,app/src/file_pusher.h
Romain Vimont,2023-03-10 22:22:15+01:00,app/src/usb/aoa_hid.c
Romain Vimont,2023-03-10 22:22:15+01:00,app/src/usb/aoa_hid.h
Romain Vimont,2023-03-10 22:22:15+01:00,app/meson.build
Romain Vimont,2023-03-10 22:22:15+01:00,app/src/util/cbuf.h
Romain Vimont,2023-03-10 22:22:15+01:00,app/tests/test_cbuf.c
Romain Vimont,2023-03-10 22:22:15+01:00,app/meson.build
Romain Vimont,2023-03-10 22:22:15+01:00,app/src/util/queue.h
Romain Vimont,2023-03-10 22:22:15+01:00,app/tests/test_queue.c
Romain Vimont,2023-03-10 22:22:15+01:00,app/src/video_buffer.c
Romain Vimont,2023-03-10 22:22:15+01:00,app/src/video_buffer.c
Romain Vimont,2023-03-10 22:22:15+01:00,app/src/screen.c
Romain Vimont,2023-03-10 22:22:15+01:00,app/src/screen.h
Romain Vimont,2023-03-10 22:22:15+01:00,app/src/v4l2_sink.c
Romain Vimont,2023-03-10 22:22:15+01:00,app/src/video_buffer.c
Romain Vimont,2023-03-10 22:22:15+01:00,app/src/video_buffer.h
Romain Vimont,2023-03-10 22:22:15+01:00,app/src/video_buffer.c
Romain Vimont,2023-03-10 22:22:15+01:00,app/meson.build
Romain Vimont,2023-03-10 22:22:15+01:00,app/src/delay_buffer.c
Romain Vimont,2023-03-10 22:22:15+01:00,app/src/delay_buffer.h
Romain Vimont,2023-03-10 22:22:15+01:00,app/src/video_buffer.c
Romain Vimont,2023-03-10 22:22:15+01:00,app/src/video_buffer.h
Romain Vimont,2023-03-10 22:22:15+01:00,app/meson.build
Romain Vimont,2023-03-10 22:22:15+01:00,app/src/trait/packet_source.c
Romain Vimont,2023-03-10 22:22:15+01:00,app/src/trait/packet_source.h
Romain Vimont,2023-03-10 22:22:15+01:00,app/src/demuxer.c
Romain Vimont,2023-03-10 22:22:15+01:00,app/src/demuxer.h
Romain Vimont,2023-03-10 22:22:15+01:00,app/src/scrcpy.c
Romain Vimont,2023-03-10 22:22:15+01:00,app/meson.build
Romain Vimont,2023-03-10 22:22:15+01:00,app/src/trait/frame_source.c
Romain Vimont,2023-03-10 22:22:15+01:00,app/src/trait/frame_source.h
Romain Vimont,2023-03-10 22:22:15+01:00,app/src/decoder.c
Romain Vimont,2023-03-10 22:22:15+01:00,app/src/decoder.h
Romain Vimont,2023-03-10 22:22:15+01:00,app/src/scrcpy.c
Romain Vimont,2023-03-10 22:22:15+01:00,app/meson.build
Romain Vimont,2023-03-10 22:22:15+01:00,app/src/decoder.c
Romain Vimont,2023-03-10 22:22:15+01:00,app/src/delay_buffer.c
Romain Vimont,2023-03-10 22:22:15+01:00,app/src/delay_buffer.h
Romain Vimont,2023-03-10 22:22:15+01:00,app/src/scrcpy.c
Romain Vimont,2023-03-10 22:22:15+01:00,app/src/screen.c
Romain Vimont,2023-03-10 22:22:15+01:00,app/src/screen.h
Romain Vimont,2023-03-10 22:22:15+01:00,app/src/v4l2_sink.c
Romain Vimont,2023-03-10 22:22:15+01:00,app/src/v4l2_sink.h
Romain Vimont,2023-03-10 22:22:15+01:00,app/src/video_buffer.c
Romain Vimont,2023-03-10 22:22:15+01:00,app/src/video_buffer.h
Romain Vimont,2023-03-10 22:22:15+01:00,app/src/delay_buffer.c
Romain Vimont,2023-03-10 22:22:15+01:00,app/src/delay_buffer.h
Romain Vimont,2023-03-10 22:22:15+01:00,app/src/clock.c
Romain Vimont,2023-03-10 22:22:15+01:00,app/src/delay_buffer.c
Romain Vimont,2023-03-10 22:22:15+01:00,app/src/delay_buffer.c
Romain Vimont,2023-03-10 22:22:15+01:00,app/src/delay_buffer.h
Romain Vimont,2023-03-10 22:22:15+01:00,app/src/scrcpy.c
Romain Vimont,2023-03-10 22:22:15+01:00,BUILD.md
Romain Vimont,2023-03-10 22:22:15+01:00,app/meson.build
Romain Vimont,2023-03-10 22:22:15+01:00,app/src/audio_player.c
Romain Vimont,2023-03-10 22:22:15+01:00,app/src/audio_player.h
Romain Vimont,2023-03-10 22:22:15+01:00,app/src/decoder.c
Romain Vimont,2023-03-10 22:22:15+01:00,app/src/scrcpy.c
Romain Vimont,2023-03-10 22:22:15+01:00,app/src/util/average.c
Romain Vimont,2023-03-10 22:22:15+01:00,app/src/util/average.h
Romain Vimont,2023-03-10 22:22:15+01:00,app/src/audio_player.c
Romain Vimont,2023-03-10 22:22:15+01:00,app/src/compat.h
Romain Vimont,2023-03-10 22:22:15+01:00,app/src/decoder.c
Romain Vimont,2023-03-10 22:22:15+01:00,app/src/recorder.c
Romain Vimont,2023-03-10 22:22:15+01:00,app/scrcpy.1
Romain Vimont,2023-03-10 22:22:15+01:00,app/src/cli.c
Romain Vimont,2023-03-10 22:22:15+01:00,app/src/options.c
Romain Vimont,2023-03-10 22:22:15+01:00,app/src/options.h
Romain Vimont,2023-03-10 22:22:15+01:00,app/src/scrcpy.c
Romain Vimont,2023-03-10 22:22:15+01:00,app/src/decoder.c
Romain Vimont,2023-03-10 22:22:15+01:00,server/src/main/java/com/genymobile/scrcpy/AudioCapture.java
Romain Vimont,2023-03-10 22:22:15+01:00,server/src/main/java/com/genymobile/scrcpy/AudioEncoder.java
Romain Vimont,2023-03-10 22:22:15+01:00,server/src/main/java/com/genymobile/scrcpy/AsyncProcessor.java
Romain Vimont,2023-03-10 22:22:15+01:00,server/src/main/java/com/genymobile/scrcpy/AudioEncoder.java
Romain Vimont,2023-03-10 22:22:15+01:00,server/src/main/java/com/genymobile/scrcpy/Controller.java
Romain Vimont,2023-03-10 22:22:15+01:00,server/src/main/java/com/genymobile/scrcpy/Server.java
Romain Vimont,2023-03-10 22:22:15+01:00,server/src/main/java/com/genymobile/scrcpy/AudioCodec.java
Romain Vimont,2023-03-10 22:22:15+01:00,server/src/main/java/com/genymobile/scrcpy/AudioRawRecorder.java
Romain Vimont,2023-03-10 22:22:15+01:00,server/src/main/java/com/genymobile/scrcpy/Server.java
Romain Vimont,2023-03-10 22:22:15+01:00,app/data/bash-completion/scrcpy
Romain Vimont,2023-03-10 22:22:15+01:00,app/data/zsh-completion/_scrcpy
Romain Vimont,2023-03-10 22:22:15+01:00,app/scrcpy.1
Romain Vimont,2023-03-10 22:22:15+01:00,app/src/cli.c
Romain Vimont,2023-03-10 22:22:15+01:00,app/src/demuxer.c
Romain Vimont,2023-03-10 22:22:15+01:00,app/src/options.h
Romain Vimont,2023-03-10 22:22:15+01:00,app/src/server.c
Romain Vimont,2023-03-10 22:22:15+01:00,app/src/cli.c
Romain Vimont,2023-03-10 22:22:15+01:00,server/src/main/java/com/genymobile/scrcpy/Ln.java
Romain Vimont,2023-03-10 22:22:15+01:00,app/src/util/log.c
Romain Vimont,2023-03-10 22:22:15+01:00,server/src/main/java/com/genymobile/scrcpy/Ln.java
Romain Vimont,2023-03-10 22:22:16+01:00,app/src/compat.h
Romain Vimont,2023-03-10 22:22:16+01:00,app/src/util/thread.c
Romain Vimont,2023-03-10 22:22:16+01:00,app/src/util/thread.h
Romain Vimont,2023-03-10 22:22:16+01:00,app/src/audio_player.c
Romain Vimont,2023-03-10 22:22:16+01:00,app/src/recorder.c
chengjian.scj,2023-03-10 22:33:52+01:00,app/src/fps_counter.c
Romain Vimont,2023-03-10 22:45:48+01:00,app/src/file_pusher.c
Romain Vimont,2023-03-11 15:55:44+01:00,app/src/audio_player.c
Romain Vimont,2023-03-11 15:57:25+01:00,app/src/audio_player.c
Romain Vimont,2023-03-11 15:57:25+01:00,app/src/decoder.c
Romain Vimont,2023-03-11 15:57:25+01:00,app/src/decoder.h
Romain Vimont,2023-03-11 15:57:25+01:00,app/src/demuxer.c
Romain Vimont,2023-03-11 15:57:25+01:00,app/src/recorder.c
Romain Vimont,2023-03-11 15:57:25+01:00,app/src/trait/frame_sink.h
Romain Vimont,2023-03-11 15:57:25+01:00,app/src/trait/packet_sink.h
Romain Vimont,2023-03-11 15:57:25+01:00,app/src/trait/packet_source.c
Romain Vimont,2023-03-11 15:57:25+01:00,app/src/trait/packet_source.h
Romain Vimont,2023-03-11 15:57:25+01:00,app/src/recorder.c
Romain Vimont,2023-03-11 15:57:25+01:00,app/src/recorder.h
Romain Vimont,2023-03-11 15:57:25+01:00,app/src/recorder.c
Romain Vimont,2023-03-11 15:57:25+01:00,app/src/recorder.c
Romain Vimont,2023-03-11 15:57:25+01:00,app/src/v4l2_sink.c
Romain Vimont,2023-03-11 15:57:25+01:00,server/src/main/java/com/genymobile/scrcpy/Options.java
Romain Vimont,2023-03-11 15:57:25+01:00,server/src/main/java/com/genymobile/scrcpy/Server.java
Romain Vimont,2023-03-11 15:57:25+01:00,server/src/main/java/com/genymobile/scrcpy/Streamer.java
Romain Vimont,2023-03-11 15:57:25+01:00,app/src/scrcpy.c
Romain Vimont,2023-03-11 15:57:25+01:00,app/src/screen.c
Romain Vimont,2023-03-11 15:57:25+01:00,app/src/screen.h
Romain Vimont,2023-03-11 15:57:25+01:00,app/src/demuxer.c
Romain Vimont,2023-03-11 15:57:25+01:00,app/src/events.h
Romain Vimont,2023-03-11 15:57:25+01:00,app/src/recorder.c
Romain Vimont,2023-03-11 15:57:25+01:00,app/src/recorder.h
Romain Vimont,2023-03-11 15:57:25+01:00,app/src/scrcpy.c
Romain Vimont,2023-03-11 15:57:25+01:00,app/src/screen.c
Romain Vimont,2023-03-11 15:57:25+01:00,app/src/screen.h
Romain Vimont,2023-03-11 15:57:25+01:00,app/src/server.c
Romain Vimont,2023-03-11 15:57:25+01:00,app/src/server.h
Romain Vimont,2023-03-11 15:57:25+01:00,app/src/v4l2_sink.c
Romain Vimont,2023-03-11 15:57:25+01:00,app/src/v4l2_sink.h
Romain Vimont,2023-03-11 15:57:25+01:00,server/src/main/java/com/genymobile/scrcpy/AudioEncoder.java
Romain Vimont,2023-03-11 15:57:25+01:00,server/src/main/java/com/genymobile/scrcpy/AudioRawRecorder.java
Romain Vimont,2023-03-11 15:57:25+01:00,server/src/main/java/com/genymobile/scrcpy/DesktopConnection.java
Romain Vimont,2023-03-11 15:57:25+01:00,server/src/main/java/com/genymobile/scrcpy/ScreenEncoder.java
Romain Vimont,2023-03-11 15:57:25+01:00,server/src/main/java/com/genymobile/scrcpy/Server.java
Romain Vimont,2023-03-11 15:57:25+01:00,server/src/main/java/com/genymobile/scrcpy/Streamer.java
Romain Vimont,2023-03-11 15:57:25+01:00,app/src/audio_player.c
Romain Vimont,2023-03-12 02:04:07+01:00,app/src/audio_player.c
Romain Vimont,2023-03-12 02:04:07+01:00,app/src/audio_player.h
Romain Vimont,2023-03-12 02:04:07+01:00,app/src/util/audiobuf.h
Romain Vimont,2023-03-12 02:04:57+01:00,app/src/audio_player.c
Romain Vimont,2023-03-12 02:04:57+01:00,app/src/audio_player.h
Romain Vimont,2023-03-12 02:04:57+01:00,app/src/util/audiobuf.h
Romain Vimont,2023-03-12 02:04:57+01:00,app/src/util/bytebuf.c
Romain Vimont,2023-03-12 02:04:57+01:00,app/src/util/bytebuf.h
Romain Vimont,2023-03-12 02:04:57+01:00,app/tests/test_bytebuf.c
Romain Vimont,2023-03-12 02:04:58+01:00,app/src/audio_player.c
Romain Vimont,2023-03-12 02:04:58+01:00,app/src/audio_player.h
Romain Vimont,2023-03-12 02:04:58+01:00,app/src/audio_player.c
Romain Vimont,2023-03-12 02:04:58+01:00,server/src/main/java/com/genymobile/scrcpy/AudioCapture.java
Romain Vimont,2023-03-12 02:04:58+01:00,app/prebuilt-deps/prepare-sdl.sh
Romain Vimont,2023-03-12 02:04:58+01:00,cross_win32.txt
Romain Vimont,2023-03-12 02:04:58+01:00,cross_win64.txt
Romain Vimont,2023-03-12 02:04:58+01:00,release.mk
Romain Vimont,2023-03-12 02:04:58+01:00,app/prebuilt-deps/prepare-adb.sh
Romain Vimont,2023-03-12 02:04:58+01:00,release.mk
Romain Vimont,2023-03-12 02:04:58+01:00,app/src/cli.c
Romain Vimont,2023-03-12 02:04:58+01:00,app/src/cli.c
Romain Vimont,2023-03-12 02:04:58+01:00,app/src/cli.c
Romain Vimont,2023-03-12 02:04:58+01:00,app/src/audio_player.c
Romain Vimont,2023-03-12 02:04:58+01:00,app/src/audio_player.c
Romain Vimont,2023-03-12 02:04:58+01:00,app/src/audio_player.h
Romain Vimont,2023-03-12 02:04:58+01:00,app/src/audio_player.c
Romain Vimont,2023-03-12 02:04:58+01:00,LICENSE
Romain Vimont,2023-03-12 02:04:58+01:00,README.md
Romain Vimont,2023-03-12 02:04:58+01:00,app/scrcpy.1
Romain Vimont,2023-03-12 02:04:58+01:00,FAQ.md
Romain Vimont,2023-03-12 02:04:58+01:00,README.md
Romain Vimont,2023-03-12 02:04:58+01:00,doc/audio.md
Romain Vimont,2023-03-12 02:04:58+01:00,doc/build.md
Romain Vimont,2023-03-12 02:04:58+01:00,doc/control.md
Romain Vimont,2023-03-12 02:04:58+01:00,doc/develop.md
Romain Vimont,2023-03-12 02:04:58+01:00,doc/device.md
Romain Vimont,2023-03-12 02:04:58+01:00,doc/hid-otg.md
Romain Vimont,2023-03-12 02:04:58+01:00,doc/linux.md
Romain Vimont,2023-03-12 02:04:58+01:00,doc/macos.md
Romain Vimont,2023-03-12 02:04:58+01:00,doc/recording.md
Romain Vimont,2023-03-12 02:04:58+01:00,doc/shortcuts.md
Romain Vimont,2023-03-12 02:04:58+01:00,doc/tunnels.md
Romain Vimont,2023-03-12 02:04:58+01:00,doc/v4l2.md
Romain Vimont,2023-03-12 02:04:58+01:00,doc/video.md
Romain Vimont,2023-03-12 02:04:58+01:00,doc/window.md
Romain Vimont,2023-03-12 02:04:58+01:00,doc/windows.md
Romain Vimont,2023-03-12 02:05:37+01:00,app/scrcpy-windows.rc
Romain Vimont,2023-03-12 02:05:37+01:00,meson.build
Romain Vimont,2023-03-12 02:05:37+01:00,server/build.gradle
Romain Vimont,2023-03-12 02:05:37+01:00,server/build_without_gradle.sh
Romain Vimont,2023-03-12 02:49:28+01:00,README.md
Romain Vimont,2023-03-12 02:49:28+01:00,doc/build.md
Romain Vimont,2023-03-12 02:49:28+01:00,doc/windows.md
Romain Vimont,2023-03-12 02:49:28+01:00,install_release.sh
Romain Vimont,2023-03-12 02:50:10+01:00,doc/shortcuts.md
Romain Vimont,2023-03-12 02:59:44+01:00,doc/windows.md
Ruoyu Zhong,2023-03-12 08:26:17+01:00,app/src/screen.c
Romain Vimont,2023-03-12 08:37:08+01:00,app/src/audio_player.c
Romain Vimont,2023-03-12 08:54:42+01:00,app/src/demuxer.c
Romain Vimont,2023-03-12 12:45:49+01:00,app/src/v4l2_sink.c
Romain Vimont,2023-03-12 21:08:51+01:00,README.md
Romain Vimont,2023-03-13 08:43:54+01:00,README.md
Romain Vimont,2023-03-13 08:43:54+01:00,doc/linux.md
Romain Vimont,2023-03-13 08:43:54+01:00,doc/macos.md
Romain Vimont,2023-03-13 08:43:54+01:00,doc/windows.md
Romain Vimont,2023-03-13 10:19:22+01:00,README.md
Romain Vimont,2023-03-14 19:21:43+01:00,doc/device.md
Romain Vimont,2023-03-14 19:27:11+01:00,server/src/main/java/com/genymobile/scrcpy/AudioCapture.java
Romain Vimont,2023-03-14 19:27:11+01:00,server/src/main/java/com/genymobile/scrcpy/AudioEncoder.java
Bernard Cafarelli,2023-03-14 22:03:21+01:00,doc/linux.md
Bernard Cafarelli,2023-03-14 23:15:09+01:00,app/data/scrcpy-console.desktop
Bernard Cafarelli,2023-03-14 23:15:09+01:00,app/data/scrcpy.desktop
Romain Vimont,2023-03-14 23:23:57+01:00,server/src/main/java/com/genymobile/scrcpy/Server.java
Romain Vimont,2023-03-14 23:23:57+01:00,server/src/main/java/com/genymobile/scrcpy/Workarounds.java
Romain Vimont,2023-03-14 23:41:06+01:00,app/data/bash-completion/scrcpy
Romain Vimont,2023-03-14 23:41:06+01:00,app/data/zsh-completion/_scrcpy
Romain Vimont,2023-03-14 23:51:48+01:00,app/data/bash-completion/scrcpy
Romain Vimont,2023-03-14 23:54:07+01:00,app/data/bash-completion/scrcpy
Romain Vimont,2023-03-14 23:54:07+01:00,app/data/zsh-completion/_scrcpy
Romain Vimont,2023-03-14 23:54:07+01:00,app/scrcpy.1
Romain Vimont,2023-03-14 23:54:07+01:00,app/src/audio_player.c
Romain Vimont,2023-03-14 23:54:07+01:00,app/src/audio_player.h
Romain Vimont,2023-03-14 23:54:07+01:00,app/src/cli.c
Romain Vimont,2023-03-14 23:54:07+01:00,app/src/options.c
Romain Vimont,2023-03-14 23:54:07+01:00,app/src/options.h
Romain Vimont,2023-03-14 23:54:07+01:00,app/src/scrcpy.c
Romain Vimont,2023-03-14 23:54:07+01:00,doc/audio.md
Romain Vimont,2023-03-15 00:41:07+01:00,doc/audio.md
Romain Vimont,2023-03-15 10:46:36+01:00,README.md
Romain Vimont,2023-03-15 19:53:58+01:00,server/src/main/java/com/genymobile/scrcpy/Device.java
sixg0000d,2023-03-16 18:21:00+01:00,app/data/scrcpy-console.desktop
Romain Vimont,2023-03-17 21:29:45+01:00,server/src/main/java/com/genymobile/scrcpy/AudioEncoder.java
Romain Vimont,2023-03-17 21:29:45+01:00,server/src/main/java/com/genymobile/scrcpy/ScreenEncoder.java
Romain Vimont,2023-03-17 21:30:04+01:00,server/src/main/java/com/genymobile/scrcpy/AudioCapture.java
Romain Vimont,2023-03-17 21:30:04+01:00,server/src/main/java/com/genymobile/scrcpy/AudioCapture.java
NextDev65,2023-03-20 08:32:58+01:00,doc/audio.md
Romain Vimont,2023-03-20 08:35:13+01:00,app/scrcpy.1
Romain Vimont,2023-03-20 08:35:13+01:00,app/src/cli.c
Romain Vimont,2023-03-20 08:35:13+01:00,doc/audio.md
Romain Vimont,2023-03-20 08:35:13+01:00,doc/video.md
Romain Vimont,2023-03-20 08:40:25+01:00,server/src/main/java/com/genymobile/scrcpy/wrappers/ClipboardManager.java
Romain Vimont,2023-03-20 08:40:34+01:00,server/src/main/java/com/genymobile/scrcpy/FakeContext.java
Romain Vimont,2023-03-20 19:42:23+01:00,doc/hid-otg.md
Romain Vimont,2023-03-23 19:06:44+01:00,FAQ.md
Romain Vimont,2023-03-23 19:06:44+01:00,README.md
Yan,2023-03-27 15:28:59+02:00,app/meson.build
Romain Vimont,2023-03-28 08:31:01+02:00,FAQ.md
Romain Vimont,2023-03-28 08:32:07+02:00,FAQ.md
Romain Vimont,2023-03-30 20:58:33+02:00,app/meson.build
Romain Vimont,2023-03-30 20:58:33+02:00,app/src/clock.c
Romain Vimont,2023-03-30 20:58:33+02:00,app/src/clock.h
Romain Vimont,2023-03-30 20:58:33+02:00,app/src/delay_buffer.c
Romain Vimont,2023-03-30 20:58:33+02:00,app/tests/test_clock.c
Romain Vimont,2023-03-31 07:55:13+02:00,README.md
Romain Vimont,2023-04-01 11:52:37+02:00,server/src/main/java/com/genymobile/scrcpy/wrappers/ClipboardManager.java
Romain Vimont,2023-04-02 19:30:23+02:00,app/src/adb/adb_parser.c
Romain Vimont,2023-04-02 19:30:23+02:00,app/tests/test_adb_parser.c
Simon Chan,2023-04-04 18:37:30+02:00,server/src/main/java/com/genymobile/scrcpy/AudioRawRecorder.java
Romain Vimont,2023-04-06 19:48:01+02:00,app/src/input_manager.c
Romain Vimont,2023-04-06 19:48:01+02:00,app/src/input_manager.h
Romain Vimont,2023-04-06 19:48:01+02:00,app/src/screen.c
Romain Vimont,2023-04-06 19:48:01+02:00,app/src/screen.h
Romain Vimont,2023-04-06 19:48:26+02:00,app/meson.build
Romain Vimont,2023-04-06 19:48:26+02:00,app/src/display.c
Romain Vimont,2023-04-06 19:48:26+02:00,app/src/display.h
Romain Vimont,2023-04-06 19:48:26+02:00,app/src/screen.c
Romain Vimont,2023-04-06 19:48:26+02:00,app/src/screen.h
Romain Vimont,2023-04-09 20:01:58+02:00,server/src/main/java/com/genymobile/scrcpy/AudioCapture.java
Romain Vimont,2023-04-09 20:02:39+02:00,server/src/main/java/com/genymobile/scrcpy/Options.java
Romain Vimont,2023-04-09 20:02:39+02:00,server/src/main/java/com/genymobile/scrcpy/Server.java
Romain Vimont,2023-04-09 20:02:39+02:00,server/src/main/java/com/genymobile/scrcpy/Options.java
Romain Vimont,2023-04-10 19:30:04+02:00,app/scrcpy.1
Yan,2023-04-12 21:26:24+02:00,app/src/display.c
Yan,2023-04-12 21:26:24+02:00,app/src/display.h
Romain Vimont,2023-04-23 12:26:46+02:00,app/src/compat.h
Romain Vimont,2023-04-23 12:26:46+02:00,app/src/demuxer.c
parknich081,2023-04-26 19:33:28+02:00,README.md
Romain Vimont,2023-05-08 16:40:58+02:00,app/data/bash-completion/scrcpy
Romain Vimont,2023-05-08 16:40:58+02:00,app/data/zsh-completion/_scrcpy
Romain Vimont,2023-05-08 16:40:58+02:00,app/scrcpy.1
Romain Vimont,2023-05-08 16:40:58+02:00,app/src/cli.c
Romain Vimont,2023-05-08 16:40:58+02:00,app/src/options.c
Romain Vimont,2023-05-08 16:40:58+02:00,app/src/options.h
Romain Vimont,2023-05-08 16:40:58+02:00,app/src/scrcpy.c
Romain Vimont,2023-05-08 16:40:58+02:00,app/tests/test_cli.c
Romain Vimont,2023-05-08 16:40:58+02:00,doc/recording.md
Romain Vimont,2023-05-08 16:40:58+02:00,doc/v4l2.md
Romain Vimont,2023-05-08 16:40:58+02:00,doc/video.md
Romain Vimont,2023-05-08 16:41:01+02:00,app/src/cli.c
Romain Vimont,2023-05-08 16:41:01+02:00,app/src/scrcpy.c
Romain Vimont,2023-05-08 16:41:04+02:00,server/src/main/java/com/genymobile/scrcpy/Server.java
Romain Vimont,2023-05-08 16:41:06+02:00,server/src/main/java/com/genymobile/scrcpy/AudioEncoder.java
Romain Vimont,2023-05-08 16:41:06+02:00,server/src/main/java/com/genymobile/scrcpy/AudioRawRecorder.java
Romain Vimont,2023-05-08 16:41:06+02:00,server/src/main/java/com/genymobile/scrcpy/Controller.java
Romain Vimont,2023-05-08 16:41:09+02:00,server/src/main/java/com/genymobile/scrcpy/AsyncProcessor.java
Romain Vimont,2023-05-08 16:41:09+02:00,server/src/main/java/com/genymobile/scrcpy/AudioEncoder.java
Romain Vimont,2023-05-08 16:41:09+02:00,server/src/main/java/com/genymobile/scrcpy/AudioRawRecorder.java
Romain Vimont,2023-05-08 16:41:09+02:00,server/src/main/java/com/genymobile/scrcpy/Controller.java
Romain Vimont,2023-05-08 16:41:09+02:00,server/src/main/java/com/genymobile/scrcpy/ScreenEncoder.java
Romain Vimont,2023-05-08 16:41:09+02:00,server/src/main/java/com/genymobile/scrcpy/Server.java
Romain Vimont,2023-05-08 16:41:12+02:00,app/src/server.c
Romain Vimont,2023-05-08 17:11:34+02:00,app/data/bash-completion/scrcpy
Romain Vimont,2023-05-08 17:11:34+02:00,app/data/zsh-completion/_scrcpy
Romain Vimont,2023-05-08 17:11:34+02:00,app/scrcpy.1
Romain Vimont,2023-05-08 17:11:34+02:00,app/src/cli.c
Romain Vimont,2023-05-08 17:11:34+02:00,app/src/options.c
Romain Vimont,2023-05-08 17:11:34+02:00,app/src/options.h
Romain Vimont,2023-05-08 17:11:34+02:00,app/src/recorder.c
Romain Vimont,2023-05-08 17:11:34+02:00,app/src/recorder.h
Romain Vimont,2023-05-08 17:11:34+02:00,app/src/scrcpy.c
Romain Vimont,2023-05-08 17:11:34+02:00,app/src/server.c
Romain Vimont,2023-05-08 17:11:34+02:00,app/src/server.h
Romain Vimont,2023-05-08 17:11:34+02:00,doc/audio.md
Romain Vimont,2023-05-08 17:11:34+02:00,doc/recording.md
Romain Vimont,2023-05-08 17:11:34+02:00,doc/video.md
Romain Vimont,2023-05-08 17:11:34+02:00,server/src/main/java/com/genymobile/scrcpy/DesktopConnection.java
Romain Vimont,2023-05-08 17:11:34+02:00,server/src/main/java/com/genymobile/scrcpy/Options.java
Romain Vimont,2023-05-08 17:11:34+02:00,server/src/main/java/com/genymobile/scrcpy/Server.java
Romain Vimont,2023-05-08 17:11:34+02:00,app/src/cli.c
Romain Vimont,2023-05-08 17:11:34+02:00,app/src/cli.c
Romain Vimont,2023-05-08 17:11:34+02:00,app/src/cli.c
Romain Vimont,2023-05-08 17:11:34+02:00,app/src/options.h
Romain Vimont,2023-05-08 17:11:34+02:00,app/src/recorder.c
Romain Vimont,2023-05-08 17:11:34+02:00,app/src/cli.c
Romain Vimont,2023-05-08 17:11:34+02:00,app/src/options.h
Romain Vimont,2023-05-08 17:11:34+02:00,app/src/recorder.c
Romain Vimont,2023-05-08 17:11:34+02:00,app/src/cli.c
Romain Vimont,2023-05-08 17:11:34+02:00,app/src/options.h
Romain Vimont,2023-05-08 17:11:34+02:00,app/src/recorder.c
Romain Vimont,2023-05-15 14:28:53+02:00,app/prebuilt-deps/prepare-ffmpeg.sh
Romain Vimont,2023-05-15 14:28:53+02:00,cross_win32.txt
Romain Vimont,2023-05-15 14:28:53+02:00,cross_win64.txt
Romain Vimont,2023-05-15 14:28:53+02:00,release.mk
Romain Vimont,2023-05-15 14:28:55+02:00,doc/recording.md
Romain Vimont,2023-05-15 21:55:22+02:00,app/prebuilt-deps/prepare-ffmpeg.sh
Romain Vimont,2023-05-15 21:55:22+02:00,cross_win32.txt
Romain Vimont,2023-05-15 21:55:22+02:00,cross_win64.txt
Romain Vimont,2023-05-15 21:55:22+02:00,release.mk
Marek Madejski,2023-05-17 19:36:39+02:00,doc/windows.md
Romain Vimont,2023-05-22 18:21:10+02:00,app/src/display.c
Romain Vimont,2023-05-22 18:21:10+02:00,app/src/display.h
Romain Vimont,2023-05-22 18:21:10+02:00,app/src/screen.c
Romain Vimont,2023-05-22 18:22:45+02:00,app/src/screen.c
Romain Vimont,2023-05-22 18:22:45+02:00,app/src/screen.h
Romain Vimont,2023-05-24 22:13:09+02:00,server/src/main/java/com/genymobile/scrcpy/AudioCapture.java
Romain Vimont,2023-05-24 22:13:09+02:00,server/src/main/java/com/genymobile/scrcpy/AudioCapture.java
Simon Chan,2023-05-26 18:56:43+02:00,server/src/main/java/com/genymobile/scrcpy/AudioCapture.java
Simon Chan,2023-05-26 18:56:43+02:00,server/src/main/java/com/genymobile/scrcpy/Workarounds.java
Romain Vimont,2023-05-27 09:55:38+02:00,app/data/bash-completion/scrcpy
Romain Vimont,2023-05-27 09:55:38+02:00,app/data/zsh-completion/_scrcpy
Romain Vimont,2023-05-27 09:55:38+02:00,app/scrcpy.1
Romain Vimont,2023-05-27 09:55:38+02:00,app/src/cli.c
Romain Vimont,2023-05-27 09:55:38+02:00,app/src/options.c
Romain Vimont,2023-05-27 09:55:38+02:00,app/src/options.h
Romain Vimont,2023-05-27 09:55:38+02:00,app/src/scrcpy.c
Romain Vimont,2023-05-27 09:55:38+02:00,app/tests/test_cli.c
Romain Vimont,2023-05-27 09:55:38+02:00,doc/recording.md
Romain Vimont,2023-05-27 09:55:38+02:00,doc/v4l2.md
Romain Vimont,2023-05-27 09:55:38+02:00,doc/video.md
Romain Vimont,2023-05-27 09:55:49+02:00,app/src/cli.c
Romain Vimont,2023-05-27 09:55:49+02:00,app/src/cli.c
Romain Vimont,2023-05-27 09:55:49+02:00,app/src/options.c
Romain Vimont,2023-05-27 09:55:49+02:00,app/src/options.h
Romain Vimont,2023-05-27 09:55:49+02:00,app/src/cli.c
Romain Vimont,2023-05-27 10:08:10+02:00,app/data/bash-completion/scrcpy
Romain Vimont,2023-05-27 10:08:10+02:00,app/data/zsh-completion/_scrcpy
Romain Vimont,2023-05-27 10:08:10+02:00,app/scrcpy.1
Romain Vimont,2023-05-27 10:08:10+02:00,app/src/cli.c
Romain Vimont,2023-05-27 10:08:10+02:00,app/src/options.c
Romain Vimont,2023-05-27 10:08:10+02:00,app/src/options.h
Romain Vimont,2023-05-27 10:08:10+02:00,app/src/scrcpy.c
Romain Vimont,2023-05-27 10:08:10+02:00,app/tests/test_cli.c
Romain Vimont,2023-05-27 10:08:10+02:00,doc/audio.md
Romain Vimont,2023-05-27 10:08:10+02:00,doc/v4l2.md
Romain Vimont,2023-05-27 10:08:10+02:00,doc/video.md
Yan,2023-05-27 10:11:42+02:00,app/src/scrcpy.c
Romain Vimont,2023-05-30 21:36:48+02:00,app/scrcpy.1
Romain Vimont,2023-05-30 21:36:48+02:00,app/src/cli.c
shuax,2023-05-31 10:09:56+02:00,app/src/audio_player.c
Romain Vimont,2023-06-01 09:04:00+02:00,app/src/demuxer.c
Romain Vimont,2023-06-01 09:20:00+02:00,server/src/main/java/com/genymobile/scrcpy/ScreenEncoder.java
Adonis Najimi,2023-06-01 09:20:00+02:00,server/src/main/aidl/android/view/IDisplayFoldListener.aidl
Adonis Najimi,2023-06-01 09:20:00+02:00,server/src/main/java/com/genymobile/scrcpy/Device.java
Adonis Najimi,2023-06-01 09:20:00+02:00,server/src/main/java/com/genymobile/scrcpy/ScreenEncoder.java
Adonis Najimi,2023-06-01 09:20:00+02:00,server/src/main/java/com/genymobile/scrcpy/wrappers/WindowManager.java
Romain Vimont,2023-06-01 09:21:09+02:00,server/src/main/java/com/genymobile/scrcpy/AudioEncoder.java
Romain Vimont,2023-06-01 09:21:09+02:00,server/src/main/java/com/genymobile/scrcpy/AudioRawRecorder.java
Romain Vimont,2023-06-01 09:21:09+02:00,server/src/main/java/com/genymobile/scrcpy/Server.java
Romain Vimont,2023-06-01 09:21:09+02:00,app/data/bash-completion/scrcpy
Romain Vimont,2023-06-01 09:21:09+02:00,app/data/zsh-completion/_scrcpy
Romain Vimont,2023-06-01 09:21:09+02:00,app/scrcpy.1
Romain Vimont,2023-06-01 09:21:09+02:00,app/src/cli.c
Romain Vimont,2023-06-01 09:21:09+02:00,app/src/options.c
Romain Vimont,2023-06-01 09:21:09+02:00,app/src/options.h
Romain Vimont,2023-06-01 09:21:09+02:00,app/src/scrcpy.c
Romain Vimont,2023-06-01 09:21:09+02:00,app/src/server.c
Romain Vimont,2023-06-01 09:21:09+02:00,app/src/server.h
Romain Vimont,2023-06-01 09:21:09+02:00,doc/audio.md
Romain Vimont,2023-06-01 09:21:09+02:00,server/src/main/java/com/genymobile/scrcpy/AudioCapture.java
Romain Vimont,2023-06-01 09:21:09+02:00,server/src/main/java/com/genymobile/scrcpy/AudioSource.java
Romain Vimont,2023-06-01 09:21:09+02:00,server/src/main/java/com/genymobile/scrcpy/Options.java
Romain Vimont,2023-06-01 09:21:09+02:00,server/src/main/java/com/genymobile/scrcpy/Server.java
Romain Vimont,2023-06-01 12:52:48+02:00,app/data/bash-completion/scrcpy
Romain Vimont,2023-06-01 12:52:48+02:00,app/data/zsh-completion/_scrcpy
Romain Vimont,2023-06-01 12:52:48+02:00,app/scrcpy.1
Romain Vimont,2023-06-01 12:52:48+02:00,app/src/cli.c
Romain Vimont,2023-06-02 09:00:33+02:00,doc/audio.md
Romain Vimont,2023-06-02 09:00:33+02:00,doc/video.md
Romain Vimont,2023-06-03 15:10:42+02:00,app/src/recorder.c
Romain Vimont,2023-06-03 15:10:42+02:00,app/src/recorder.h
Romain Vimont,2023-06-03 18:46:39+02:00,app/src/recorder.c
Romain Vimont,2023-06-03 18:48:01+02:00,app/src/recorder.c
Romain Vimont,2023-06-03 18:48:01+02:00,app/src/recorder.h
Romain Vimont,2023-06-03 18:50:28+02:00,app/src/recorder.c
Romain Vimont,2023-06-03 18:50:28+02:00,app/src/recorder.h
Romain Vimont,2023-06-04 18:40:55+02:00,doc/recording.md
Romain Vimont,2023-06-04 18:43:35+02:00,doc/audio.md
Romain Vimont,2023-06-05 19:44:15+02:00,app/data/bash-completion/scrcpy
Romain Vimont,2023-06-05 19:44:15+02:00,app/data/zsh-completion/_scrcpy
Romain Vimont,2023-06-05 19:44:15+02:00,app/src/cli.c
Romain Vimont,2023-06-05 19:45:20+02:00,app/src/server.c
Romain Vimont,2023-06-05 19:45:20+02:00,app/src/usb/scrcpy_otg.c
Romain Vimont,2023-06-05 19:48:21+02:00,app/data/bash-completion/scrcpy
Romain Vimont,2023-06-05 19:48:21+02:00,app/data/zsh-completion/_scrcpy
Romain Vimont,2023-06-05 19:48:21+02:00,app/scrcpy.1
Romain Vimont,2023-06-05 19:48:21+02:00,app/src/cli.c
Romain Vimont,2023-06-05 19:48:21+02:00,app/src/options.c
Romain Vimont,2023-06-05 19:48:21+02:00,app/src/options.h
Romain Vimont,2023-06-05 19:48:21+02:00,app/src/scrcpy.c
Romain Vimont,2023-06-05 19:48:21+02:00,app/src/server.c
Romain Vimont,2023-06-05 19:48:21+02:00,app/src/server.h
Romain Vimont,2023-06-08 08:52:21+02:00,doc/shortcuts.md
Romain Vimont,2023-06-09 22:27:35+02:00,server/src/main/java/com/genymobile/scrcpy/AudioEncoder.java
Romain Vimont,2023-06-09 22:27:35+02:00,server/src/main/java/com/genymobile/scrcpy/AudioRawRecorder.java
Romain Vimont,2023-06-09 22:27:35+02:00,server/src/main/java/com/genymobile/scrcpy/Controller.java
Romain Vimont,2023-06-09 22:27:35+02:00,server/src/main/java/com/genymobile/scrcpy/DeviceMessageSender.java
Romain Vimont,2023-06-09 22:27:35+02:00,server/src/main/java/com/genymobile/scrcpy/ScreenEncoder.java
Romain Vimont,2023-06-09 22:27:35+02:00,server/src/main/java/com/genymobile/scrcpy/Server.java
Romain Vimont,2023-06-09 22:28:01+02:00,server/src/main/java/com/genymobile/scrcpy/Server.java
Romain Vimont,2023-06-10 12:07:35+02:00,server/src/test/java/com/genymobile/scrcpy/ControlMessageReaderTest.java
Romain Vimont,2023-06-10 12:09:43+02:00,server/src/main/java/com/genymobile/scrcpy/Options.java
Romain Vimont,2023-06-10 16:03:27+02:00,doc/recording.md
Romain Vimont,2023-06-10 16:04:51+02:00,app/data/bash-completion/scrcpy
Romain Vimont,2023-06-10 16:04:51+02:00,app/data/zsh-completion/_scrcpy
Romain Vimont,2023-06-10 16:04:51+02:00,app/meson.build
Romain Vimont,2023-06-10 16:04:51+02:00,app/scrcpy.1
Romain Vimont,2023-06-10 16:04:51+02:00,app/src/cli.c
Romain Vimont,2023-06-10 16:04:51+02:00,app/src/events.h
Romain Vimont,2023-06-10 16:04:51+02:00,app/src/options.c
Romain Vimont,2023-06-10 16:04:51+02:00,app/src/options.h
Romain Vimont,2023-06-10 16:04:51+02:00,app/src/scrcpy.c
Romain Vimont,2023-06-10 16:04:51+02:00,app/src/util/timeout.c
Romain Vimont,2023-06-10 16:04:51+02:00,app/src/util/timeout.h
Romain Vimont,2023-06-10 16:04:51+02:00,doc/recording.md
wuderek,2023-06-13 15:19:24+02:00,server/src/main/java/com/genymobile/scrcpy/wrappers/InputManager.java
wuderek,2023-06-13 15:19:24+02:00,server/src/main/java/com/genymobile/scrcpy/wrappers/ServiceManager.java
Romain Vimont,2023-06-16 23:24:08+02:00,server/src/main/java/com/genymobile/scrcpy/Workarounds.java
Romain Vimont,2023-06-17 00:25:01+02:00,server/src/main/java/com/genymobile/scrcpy/Server.java
Romain Vimont,2023-06-19 18:45:11+02:00,server/src/main/java/com/genymobile/scrcpy/Server.java
Romain Vimont,2023-06-19 18:45:11+02:00,server/src/main/java/com/genymobile/scrcpy/Workarounds.java
Romain Vimont,2023-06-19 18:45:40+02:00,server/src/main/java/com/genymobile/scrcpy/FakeContext.java
Romain Vimont,2023-06-19 18:45:40+02:00,server/src/main/java/com/genymobile/scrcpy/Workarounds.java
Romain Vimont,2023-06-20 21:45:14+02:00,app/prebuilt-deps/prepare-sdl.sh
Romain Vimont,2023-06-20 21:45:14+02:00,cross_win32.txt
Romain Vimont,2023-06-20 21:45:14+02:00,cross_win64.txt
Romain Vimont,2023-06-20 21:45:14+02:00,release.mk
Romain Vimont,2023-06-22 00:03:26+02:00,server/build_without_gradle.sh
Romain Vimont,2023-06-22 00:03:26+02:00,doc/develop.md
Romain Vimont,2023-06-22 00:10:37+02:00,app/prebuilt-deps/prepare-adb.sh
Romain Vimont,2023-06-22 00:10:37+02:00,release.mk
Romain Vimont,2023-06-22 00:49:11+02:00,server/src/main/java/com/genymobile/scrcpy/Device.java
Romain Vimont,2023-06-22 00:49:11+02:00,server/src/main/java/com/genymobile/scrcpy/wrappers/WindowManager.java
Romain Vimont,2023-06-22 00:52:54+02:00,server/src/main/java/com/genymobile/scrcpy/wrappers/WindowManager.java
Romain Vimont,2023-06-22 01:07:09+02:00,app/src/server.c
Romain Vimont,2023-06-22 01:13:53+02:00,server/src/main/java/com/genymobile/scrcpy/DesktopConnection.java
Romain Vimont,2023-06-22 01:15:44+02:00,app/scrcpy-windows.rc
Romain Vimont,2023-06-22 01:15:44+02:00,meson.build
Romain Vimont,2023-06-22 01:15:44+02:00,server/build.gradle
Romain Vimont,2023-06-22 01:15:44+02:00,server/build_without_gradle.sh
Romain Vimont,2023-06-22 01:18:17+02:00,README.md
Romain Vimont,2023-06-22 01:18:17+02:00,doc/build.md
Romain Vimont,2023-06-22 01:18:17+02:00,doc/windows.md
Romain Vimont,2023-06-22 01:18:17+02:00,install_release.sh
Romain Vimont,2023-06-23 08:23:29+02:00,server/src/main/java/com/genymobile/scrcpy/ScreenEncoder.java
Romain Vimont,2023-06-27 18:43:22+02:00,server/src/main/java/com/genymobile/scrcpy/Device.java
Romain Vimont,2023-06-28 10:58:00+02:00,README.md
Romain Vimont,2023-06-29 19:18:32+02:00,app/src/screen.c
Cédric Skwar,2023-06-30 21:21:13+02:00,doc/build.md
Romain Vimont,2023-07-04 18:22:33+02:00,app/src/adb/adb.c
Romain Vimont,2023-07-04 18:22:33+02:00,app/src/usb/scrcpy_otg.c
Romain Vimont,2023-07-04 18:22:33+02:00,app/src/usb/usb.c
Romain Vimont,2023-07-07 18:21:17+02:00,server/src/main/java/com/genymobile/scrcpy/AudioCapture.java
Romain Vimont,2023-07-13 21:46:50+02:00,server/src/main/java/com/genymobile/scrcpy/ScreenEncoder.java
Romain Vimont,2023-07-14 18:58:58+02:00,app/scrcpy-windows.rc
Romain Vimont,2023-07-14 18:58:58+02:00,meson.build
Romain Vimont,2023-07-14 18:58:58+02:00,server/build.gradle
Romain Vimont,2023-07-14 18:58:58+02:00,server/build_without_gradle.sh
Romain Vimont,2023-07-14 23:09:44+02:00,README.md
Romain Vimont,2023-07-14 23:09:44+02:00,doc/build.md
Romain Vimont,2023-07-14 23:09:44+02:00,doc/windows.md
Romain Vimont,2023-07-14 23:09:44+02:00,install_release.sh
Romain Vimont,2023-07-14 23:26:52+02:00,doc/device.md
Romain Vimont,2023-07-14 23:26:52+02:00,doc/video.md
Romain Vimont,2023-07-14 23:31:26+02:00,README.md
Romain Vimont,2023-07-14 23:31:26+02:00,doc/connection.md
Romain Vimont,2023-07-14 23:31:26+02:00,doc/device.md
Romain Vimont,2023-07-14 23:36:21+02:00,doc/audio.md
Romain Vimont,2023-07-14 23:36:21+02:00,doc/video.md
Romain Vimont,2023-07-14 23:37:19+02:00,doc/audio.md
Aritz T,2023-07-26 19:58:13+02:00,README.md
Romain Vimont,2023-07-28 14:45:33+02:00,app/src/cli.c
Romain Vimont,2023-07-28 14:45:33+02:00,app/src/scrcpy.c
Romain Vimont,2023-08-01 12:05:16+02:00,app/src/scrcpy.c
Romain Vimont,2023-08-07 20:22:17+02:00,app/src/display.c
Romain Vimont,2023-08-22 18:52:29+02:00,server/src/main/java/com/genymobile/scrcpy/wrappers/ActivityManager.java
Romain Vimont,2023-08-22 18:52:29+02:00,server/src/main/java/com/genymobile/scrcpy/wrappers/ClipboardManager.java
Romain Vimont,2023-08-22 18:52:29+02:00,server/src/main/java/com/genymobile/scrcpy/wrappers/ContentProvider.java
Romain Vimont,2023-08-22 18:52:29+02:00,server/src/main/java/com/genymobile/scrcpy/wrappers/StatusBarManager.java
Romain Vimont,2023-08-22 20:10:06+02:00,server/src/main/java/com/genymobile/scrcpy/Workarounds.java
Romain Vimont,2023-10-11 09:43:44+02:00,app/data/bash-completion/scrcpy
Romain Vimont,2023-10-11 09:43:44+02:00,app/data/zsh-completion/_scrcpy
Romain Vimont,2023-10-11 09:43:44+02:00,app/scrcpy.1
Romain Vimont,2023-10-11 09:43:44+02:00,app/src/cli.c
Romain Vimont,2023-10-11 09:43:44+02:00,app/src/cli.h
Romain Vimont,2023-10-11 09:43:44+02:00,app/src/main.c
Romain Vimont,2023-10-11 09:43:44+02:00,app/data/scrcpy-console.bat
Romain Vimont,2023-10-11 09:43:44+02:00,app/data/scrcpy-console.desktop
AmirSina Mashayekh,2023-10-21 09:01:50+02:00,.gitignore
Avinash Sonawane,2023-10-23 15:07:24+02:00,app/src/util/log.c
Avinash Sonawane,2023-10-23 15:07:24+02:00,app/src/util/log.h
Avinash Sonawane,2023-10-23 15:09:26+02:00,app/src/cli.c
Avinash Sonawane,2023-10-23 15:39:19+02:00,app/src/usb/usb.c
Romain Vimont,2023-10-23 21:50:40+02:00,app/src/adb/adb.c
Romain Vimont,2023-10-23 21:50:40+02:00,app/src/icon.c
Romain Vimont,2023-10-23 21:50:40+02:00,app/src/scrcpy.c
Romain Vimont,2023-10-23 21:50:40+02:00,app/tests/test_str.c
Romain Vimont,2023-10-23 21:50:40+02:00,app/tests/test_vecdeque.c
Romain Vimont,2023-10-23 21:50:40+02:00,app/tests/test_vector.c
Romain Vimont,2023-10-24 22:53:41+02:00,app/src/cli.c
Avinash Sonawane,2023-10-24 22:58:33+02:00,app/src/server.c
Avinash Sonawane,2023-10-24 23:06:57+02:00,app/src/adb/adb_parser.c
Avinash Sonawane,2023-10-24 23:06:57+02:00,app/src/main.c
Avinash Sonawane,2023-10-24 23:06:57+02:00,app/src/scrcpy.c
Avinash Sonawane,2023-10-24 23:06:57+02:00,app/tests/test_bytebuf.c
Romain Vimont,2023-10-24 23:06:57+02:00,meson.build
Avinash Sonawane,2023-10-24 23:12:36+02:00,app/src/util/vecdeque.h
Avinash Sonawane,2023-10-25 16:13:34+02:00,app/src/adb/adb.c
Avinash Sonawane,2023-10-25 16:13:34+02:00,app/tests/test_str.c
Avinash Sonawane,2023-10-25 16:13:36+02:00,app/src/usb/hid_keyboard.c
Romain Vimont,2023-10-26 22:42:46+02:00,server/src/main/java/com/genymobile/scrcpy/Options.java
Romain Vimont,2023-10-31 12:35:04+01:00,server/src/main/java/com/genymobile/scrcpy/VideoCodec.java
Romain Vimont,2023-10-31 12:45:31+01:00,app/src/cli.c
Romain Vimont,2023-10-31 12:45:40+01:00,app/data/bash-completion/scrcpy
Romain Vimont,2023-10-31 12:45:40+01:00,app/data/zsh-completion/_scrcpy
Romain Vimont,2023-10-31 12:45:40+01:00,app/scrcpy.1
Romain Vimont,2023-10-31 12:45:40+01:00,app/src/cli.c
Romain Vimont,2023-10-31 12:45:40+01:00,doc/video.md
Romain Vimont,2023-10-31 12:45:40+01:00,server/src/main/java/com/genymobile/scrcpy/LogUtils.java
Romain Vimont,2023-10-31 12:45:40+01:00,server/src/main/java/com/genymobile/scrcpy/Server.java
Simon Chan,2023-10-31 12:45:40+01:00,server/src/main/java/com/genymobile/scrcpy/ScreenCapture.java
Simon Chan,2023-10-31 12:45:40+01:00,server/src/main/java/com/genymobile/scrcpy/Server.java
Simon Chan,2023-10-31 12:45:40+01:00,server/src/main/java/com/genymobile/scrcpy/SurfaceCapture.java
Simon Chan,2023-10-31 12:45:40+01:00,server/src/main/java/com/genymobile/scrcpy/SurfaceEncoder.java
Romain Vimont,2023-10-31 12:45:40+01:00,app/src/cli.c
Romain Vimont,2023-10-31 12:45:40+01:00,app/src/options.c
Romain Vimont,2023-10-31 12:45:40+01:00,app/src/options.h
Romain Vimont,2023-10-31 12:45:40+01:00,app/src/scrcpy.c
Romain Vimont,2023-10-31 12:45:40+01:00,app/src/server.c
Romain Vimont,2023-10-31 12:45:40+01:00,app/src/server.h
Romain Vimont,2023-10-31 12:45:40+01:00,server/src/main/java/com/genymobile/scrcpy/Options.java
Romain Vimont,2023-10-31 12:45:40+01:00,server/src/main/java/com/genymobile/scrcpy/Server.java
Simon Chan,2023-10-31 15:56:25+01:00,app/data/bash-completion/scrcpy
Simon Chan,2023-10-31 15:56:25+01:00,app/data/zsh-completion/_scrcpy
Simon Chan,2023-10-31 15:56:25+01:00,app/scrcpy.1
Simon Chan,2023-10-31 15:56:25+01:00,app/src/cli.c
Simon Chan,2023-10-31 15:56:25+01:00,app/src/options.h
Simon Chan,2023-10-31 15:56:25+01:00,app/src/server.c
Simon Chan,2023-10-31 15:56:25+01:00,server/src/main/java/com/genymobile/scrcpy/LogUtils.java
Simon Chan,2023-10-31 15:56:25+01:00,server/src/main/java/com/genymobile/scrcpy/Options.java
Simon Chan,2023-10-31 15:56:25+01:00,server/src/main/java/com/genymobile/scrcpy/Server.java
Simon Chan,2023-10-31 15:56:25+01:00,server/src/main/java/com/genymobile/scrcpy/Workarounds.java
Simon Chan,2023-10-31 15:56:25+01:00,server/src/main/java/com/genymobile/scrcpy/wrappers/ServiceManager.java
Romain Vimont,2023-10-31 15:57:06+01:00,app/data/bash-completion/scrcpy
Romain Vimont,2023-10-31 15:57:06+01:00,app/data/zsh-completion/_scrcpy
Romain Vimont,2023-10-31 15:57:06+01:00,app/scrcpy.1
Romain Vimont,2023-10-31 15:57:06+01:00,app/src/cli.c
Romain Vimont,2023-10-31 15:57:06+01:00,app/src/options.h
Romain Vimont,2023-10-31 15:57:06+01:00,app/src/server.c
Romain Vimont,2023-10-31 15:57:06+01:00,server/src/main/java/com/genymobile/scrcpy/LogUtils.java
Romain Vimont,2023-10-31 15:57:06+01:00,server/src/main/java/com/genymobile/scrcpy/Options.java
Romain Vimont,2023-10-31 15:57:06+01:00,server/src/main/java/com/genymobile/scrcpy/Server.java
Simon Chan,2023-10-31 15:57:06+01:00,app/data/bash-completion/scrcpy
Simon Chan,2023-10-31 15:57:06+01:00,app/data/zsh-completion/_scrcpy
Simon Chan,2023-10-31 15:57:06+01:00,app/scrcpy.1
Simon Chan,2023-10-31 15:57:06+01:00,app/src/cli.c
Simon Chan,2023-10-31 15:57:06+01:00,app/src/options.c
Simon Chan,2023-10-31 15:57:06+01:00,app/src/options.h
Simon Chan,2023-10-31 15:57:06+01:00,app/src/scrcpy.c
Simon Chan,2023-10-31 15:57:06+01:00,app/src/server.c
Simon Chan,2023-10-31 15:57:06+01:00,app/src/server.h
Simon Chan,2023-10-31 15:57:06+01:00,server/src/main/java/com/genymobile/scrcpy/CameraCapture.java
Simon Chan,2023-10-31 15:57:06+01:00,server/src/main/java/com/genymobile/scrcpy/HandlerExecutor.java
Simon Chan,2023-10-31 15:57:06+01:00,server/src/main/java/com/genymobile/scrcpy/Options.java
Simon Chan,2023-10-31 15:57:06+01:00,server/src/main/java/com/genymobile/scrcpy/ScreenCapture.java
Simon Chan,2023-10-31 15:57:06+01:00,server/src/main/java/com/genymobile/scrcpy/Server.java
Simon Chan,2023-10-31 15:57:06+01:00,server/src/main/java/com/genymobile/scrcpy/SurfaceCapture.java
Simon Chan,2023-10-31 15:57:06+01:00,server/src/main/java/com/genymobile/scrcpy/SurfaceEncoder.java
Simon Chan,2023-10-31 15:57:06+01:00,server/src/main/java/com/genymobile/scrcpy/VideoSource.java
Romain Vimont,2023-10-31 15:57:06+01:00,app/src/cli.c
Romain Vimont,2023-10-31 15:57:06+01:00,app/src/options.c
Romain Vimont,2023-10-31 15:57:06+01:00,app/src/options.h
Romain Vimont,2023-10-31 15:57:06+01:00,app/src/server.c
Romain Vimont,2023-10-31 15:57:06+01:00,server/src/main/java/com/genymobile/scrcpy/CameraCapture.java
Romain Vimont,2023-10-31 15:57:06+01:00,server/src/main/java/com/genymobile/scrcpy/SurfaceCapture.java
Romain Vimont,2023-10-31 15:57:06+01:00,server/src/main/java/com/genymobile/scrcpy/SurfaceEncoder.java
Romain Vimont,2023-10-31 15:57:06+01:00,app/src/cli.c
Romain Vimont,2023-10-31 15:57:06+01:00,server/src/main/java/com/genymobile/scrcpy/CameraCapture.java
Simon Chan,2023-10-31 15:57:06+01:00,app/data/bash-completion/scrcpy
Simon Chan,2023-10-31 15:57:06+01:00,app/data/zsh-completion/_scrcpy
Simon Chan,2023-10-31 15:57:06+01:00,app/scrcpy.1
Simon Chan,2023-10-31 15:57:06+01:00,app/src/cli.c
Simon Chan,2023-10-31 15:57:06+01:00,app/src/options.c
Simon Chan,2023-10-31 15:57:06+01:00,app/src/options.h
Simon Chan,2023-10-31 15:57:06+01:00,app/src/scrcpy.c
Simon Chan,2023-10-31 15:57:06+01:00,app/src/server.c
Simon Chan,2023-10-31 15:57:06+01:00,app/src/server.h
Simon Chan,2023-10-31 15:57:06+01:00,server/src/main/java/com/genymobile/scrcpy/CameraCapture.java
Simon Chan,2023-10-31 15:57:06+01:00,server/src/main/java/com/genymobile/scrcpy/CameraFacing.java
Simon Chan,2023-10-31 15:57:06+01:00,server/src/main/java/com/genymobile/scrcpy/Options.java
Simon Chan,2023-10-31 15:57:06+01:00,server/src/main/java/com/genymobile/scrcpy/Server.java
Romain Vimont,2023-10-31 15:57:06+01:00,app/data/bash-completion/scrcpy
Romain Vimont,2023-10-31 15:57:06+01:00,app/data/zsh-completion/_scrcpy
Romain Vimont,2023-10-31 15:57:06+01:00,app/scrcpy.1
Romain Vimont,2023-10-31 15:57:06+01:00,app/src/cli.c
Romain Vimont,2023-10-31 15:57:06+01:00,app/src/options.c
Romain Vimont,2023-10-31 15:57:06+01:00,app/src/options.h
Romain Vimont,2023-10-31 15:57:06+01:00,app/src/scrcpy.c
Romain Vimont,2023-10-31 15:57:06+01:00,app/src/server.c
Romain Vimont,2023-10-31 15:57:06+01:00,app/src/server.h
Romain Vimont,2023-10-31 15:57:06+01:00,server/src/main/java/com/genymobile/scrcpy/CameraAspectRatio.java
Romain Vimont,2023-10-31 15:57:06+01:00,server/src/main/java/com/genymobile/scrcpy/CameraCapture.java
Romain Vimont,2023-10-31 15:57:06+01:00,server/src/main/java/com/genymobile/scrcpy/Options.java
Romain Vimont,2023-10-31 15:57:06+01:00,server/src/main/java/com/genymobile/scrcpy/Server.java
Simon Chan,2023-10-31 15:57:06+01:00,server/src/main/java/com/genymobile/scrcpy/Server.java
Romain Vimont,2023-10-31 15:57:06+01:00,app/src/cli.c
Andrew Gunnerson,2023-10-31 15:57:06+01:00,app/data/bash-completion/scrcpy
Andrew Gunnerson,2023-10-31 15:57:06+01:00,app/data/zsh-completion/_scrcpy
Andrew Gunnerson,2023-10-31 15:57:06+01:00,app/scrcpy.1
Andrew Gunnerson,2023-10-31 15:57:06+01:00,app/src/cli.c
Andrew Gunnerson,2023-10-31 15:57:06+01:00,app/src/options.c
Andrew Gunnerson,2023-10-31 15:57:06+01:00,app/src/options.h
Andrew Gunnerson,2023-10-31 15:57:06+01:00,app/src/scrcpy.c
Andrew Gunnerson,2023-10-31 15:57:06+01:00,app/src/server.c
Andrew Gunnerson,2023-10-31 15:57:06+01:00,app/src/server.h
Andrew Gunnerson,2023-10-31 15:57:06+01:00,server/src/main/java/com/genymobile/scrcpy/CameraCapture.java
Andrew Gunnerson,2023-10-31 15:57:06+01:00,server/src/main/java/com/genymobile/scrcpy/LogUtils.java
Andrew Gunnerson,2023-10-31 15:57:06+01:00,server/src/main/java/com/genymobile/scrcpy/Options.java
Andrew Gunnerson,2023-10-31 15:57:06+01:00,server/src/main/java/com/genymobile/scrcpy/Server.java
Andrew Gunnerson,2023-10-31 15:57:06+01:00,app/data/bash-completion/scrcpy
Andrew Gunnerson,2023-10-31 15:57:06+01:00,app/data/zsh-completion/_scrcpy
Andrew Gunnerson,2023-10-31 15:57:06+01:00,app/scrcpy.1
Andrew Gunnerson,2023-10-31 15:57:06+01:00,app/src/cli.c
Andrew Gunnerson,2023-10-31 15:57:06+01:00,app/src/options.c
Andrew Gunnerson,2023-10-31 15:57:06+01:00,app/src/options.h
Andrew Gunnerson,2023-10-31 15:57:06+01:00,app/src/scrcpy.c
Andrew Gunnerson,2023-10-31 15:57:06+01:00,app/src/server.c
Andrew Gunnerson,2023-10-31 15:57:06+01:00,app/src/server.h
Andrew Gunnerson,2023-10-31 15:57:06+01:00,server/src/main/java/com/genymobile/scrcpy/CameraCapture.java
Andrew Gunnerson,2023-10-31 15:57:06+01:00,server/src/main/java/com/genymobile/scrcpy/LogUtils.java
Andrew Gunnerson,2023-10-31 15:57:06+01:00,server/src/main/java/com/genymobile/scrcpy/Options.java
Andrew Gunnerson,2023-10-31 15:57:06+01:00,server/src/main/java/com/genymobile/scrcpy/Server.java
Romain Vimont,2023-10-31 15:57:06+01:00,README.md
Romain Vimont,2023-10-31 15:57:06+01:00,doc/camera.md
Romain Vimont,2023-10-31 15:57:06+01:00,doc/video.md
Romain Vimont,2023-10-31 19:19:33+01:00,server/src/main/java/com/genymobile/scrcpy/Server.java
Romain Vimont,2023-10-31 19:19:34+01:00,app/scrcpy.1
Romain Vimont,2023-10-31 19:20:59+01:00,app/scrcpy.1
Romain Vimont,2023-11-01 18:36:04+01:00,server/src/main/java/com/genymobile/scrcpy/Ln.java
Romain Vimont,2023-11-01 18:36:04+01:00,server/src/main/java/com/genymobile/scrcpy/Server.java
Romain Vimont,2023-11-01 18:36:10+01:00,server/src/main/java/com/genymobile/scrcpy/DesktopConnection.java
Romain Vimont,2023-11-01 18:36:10+01:00,server/src/main/java/com/genymobile/scrcpy/Server.java
Romain Vimont,2023-11-01 18:36:10+01:00,app/prebuilt-deps/prepare-adb.sh
Romain Vimont,2023-11-01 18:36:10+01:00,release.mk
Romain Vimont,2023-11-01 18:36:10+01:00,app/prebuilt-deps/prepare-sdl.sh
Romain Vimont,2023-11-01 18:36:10+01:00,cross_win32.txt
Romain Vimont,2023-11-01 18:36:10+01:00,cross_win64.txt
Romain Vimont,2023-11-01 18:36:10+01:00,release.mk
Romain Vimont,2023-11-01 18:36:33+01:00,app/scrcpy-windows.rc
Romain Vimont,2023-11-01 18:36:33+01:00,meson.build
Romain Vimont,2023-11-01 18:36:33+01:00,server/build.gradle
Romain Vimont,2023-11-01 18:36:33+01:00,server/build_without_gradle.sh
Romain Vimont,2023-11-01 18:47:58+01:00,README.md
Romain Vimont,2023-11-01 18:47:58+01:00,doc/build.md
Romain Vimont,2023-11-01 18:47:58+01:00,doc/windows.md
Romain Vimont,2023-11-01 18:47:58+01:00,install_release.sh
Romain Vimont,2023-11-03 19:05:28+01:00,server/src/main/java/com/genymobile/scrcpy/Workarounds.java
Romain Vimont,2023-11-03 19:05:50+01:00,server/src/main/java/com/genymobile/scrcpy/FakeContext.java
Romain Vimont,2023-11-03 19:05:50+01:00,server/src/main/java/com/genymobile/scrcpy/Workarounds.java
Romain Vimont,2023-11-03 19:07:08+01:00,server/src/main/java/com/genymobile/scrcpy/Workarounds.java
Romain Vimont,2023-11-03 19:07:15+01:00,server/src/main/java/com/genymobile/scrcpy/FakeContext.java
Romain Vimont,2023-11-05 21:44:33+01:00,server/src/main/java/com/genymobile/scrcpy/LogUtils.java
Romain Vimont,2023-11-05 21:45:15+01:00,server/src/main/java/com/genymobile/scrcpy/LogUtils.java
Romain Vimont,2023-11-11 11:24:47+01:00,app/src/cli.c
Romain Vimont,2023-11-11 11:24:47+01:00,server/src/main/java/com/genymobile/scrcpy/AudioRawRecorder.java
Romain Vimont,2023-11-11 11:24:47+01:00,server/src/main/java/com/genymobile/scrcpy/AudioRawRecorder.java
Romain Vimont,2023-11-11 11:24:47+01:00,server/src/main/java/com/genymobile/scrcpy/AudioRawRecorder.java
Romain Vimont,2023-11-11 11:41:15+01:00,app/src/scrcpy.c
Romain Vimont,2023-11-14 09:08:24+01:00,app/data/bash-completion/scrcpy
Romain Vimont,2023-11-14 09:08:24+01:00,app/data/zsh-completion/_scrcpy
Romain Vimont,2023-11-14 09:08:24+01:00,app/scrcpy.1
Romain Vimont,2023-11-14 09:08:24+01:00,app/src/cli.c
Romain Vimont,2023-11-14 09:08:24+01:00,doc/recording.md
Romain Vimont,2023-11-15 12:01:10+01:00,server/src/main/java/com/genymobile/scrcpy/Workarounds.java
Romain Vimont,2023-11-15 12:02:57+01:00,server/src/main/java/com/genymobile/scrcpy/Streamer.java
Romain Vimont,2023-11-15 12:02:57+01:00,app/prebuilt-deps/prepare-ffmpeg.sh
Romain Vimont,2023-11-15 12:02:57+01:00,cross_win32.txt
Romain Vimont,2023-11-15 12:02:57+01:00,cross_win64.txt
Romain Vimont,2023-11-15 12:02:57+01:00,release.mk
megapro17,2023-11-15 12:02:57+01:00,app/data/bash-completion/scrcpy
megapro17,2023-11-15 12:02:57+01:00,app/data/zsh-completion/_scrcpy
megapro17,2023-11-15 12:02:57+01:00,app/scrcpy.1
megapro17,2023-11-15 12:02:57+01:00,app/src/cli.c
megapro17,2023-11-15 12:02:57+01:00,app/src/demuxer.c
megapro17,2023-11-15 12:02:57+01:00,app/src/options.h
megapro17,2023-11-15 12:02:57+01:00,app/src/recorder.c
megapro17,2023-11-15 12:02:57+01:00,app/src/server.c
megapro17,2023-11-15 12:02:57+01:00,doc/audio.md
megapro17,2023-11-15 12:02:57+01:00,doc/recording.md
megapro17,2023-11-15 12:02:57+01:00,server/src/main/java/com/genymobile/scrcpy/AudioCodec.java
megapro17,2023-11-15 12:02:57+01:00,server/src/main/java/com/genymobile/scrcpy/Streamer.java
Romain Vimont,2023-11-15 12:02:57+01:00,app/src/cli.c
Romain Vimont,2023-11-15 12:02:57+01:00,app/src/options.c
Romain Vimont,2023-11-15 12:02:57+01:00,server/src/main/java/com/genymobile/scrcpy/AudioCapture.java
Romain Vimont,2023-11-15 12:02:57+01:00,server/src/main/java/com/genymobile/scrcpy/AudioEncoder.java
Romain Vimont,2023-11-15 12:02:57+01:00,server/src/main/java/com/genymobile/scrcpy/AudioRawRecorder.java
Romain Vimont,2023-11-15 12:02:57+01:00,server/src/main/java/com/genymobile/scrcpy/AudioCapture.java
Romain Vimont,2023-11-15 12:02:57+01:00,server/src/main/java/com/genymobile/scrcpy/AudioCapture.java
Romain Vimont,2023-11-15 12:02:57+01:00,app/prebuilt-deps/prepare-ffmpeg.sh
Romain Vimont,2023-11-15 12:02:57+01:00,cross_win32.txt
Romain Vimont,2023-11-15 12:02:57+01:00,cross_win64.txt
Romain Vimont,2023-11-15 12:02:57+01:00,release.mk
Romain Vimont,2023-11-15 21:05:38+01:00,app/data/bash-completion/scrcpy
Romain Vimont,2023-11-15 21:05:38+01:00,app/data/zsh-completion/_scrcpy
Romain Vimont,2023-11-15 21:05:38+01:00,app/scrcpy.1
Romain Vimont,2023-11-15 21:05:38+01:00,app/src/cli.c
Romain Vimont,2023-11-15 21:05:38+01:00,app/src/options.h
Romain Vimont,2023-11-15 21:05:38+01:00,app/src/recorder.c
Romain Vimont,2023-11-15 21:05:38+01:00,app/src/recorder.h
Romain Vimont,2023-11-15 21:05:38+01:00,doc/recording.md
Romain Vimont,2023-11-15 21:06:53+01:00,app/src/recorder.c
Romain Vimont,2023-11-15 21:13:12+01:00,config/android-checkstyle.gradle
Romain Vimont,2023-11-15 21:13:12+01:00,server/src/main/java/com/genymobile/scrcpy/AudioEncoder.java
Romain Vimont,2023-11-15 21:13:12+01:00,build.gradle
Romain Vimont,2023-11-15 21:13:12+01:00,doc/build.md
Romain Vimont,2023-11-15 21:13:12+01:00,gradle/wrapper/gradle-wrapper.properties
Romain Vimont,2023-11-15 21:13:12+01:00,server/build.gradle
Romain Vimont,2023-11-15 21:13:12+01:00,server/build.gradle
Romain Vimont,2023-11-15 21:13:12+01:00,server/build_without_gradle.sh
Romain Vimont,2023-11-16 08:56:04+01:00,server/src/main/java/com/genymobile/scrcpy/ScreenCapture.java
Romain Vimont,2023-11-16 09:10:28+01:00,server/src/main/java/com/genymobile/scrcpy/Server.java
Romain Vimont,2023-11-16 10:02:25+01:00,app/src/cli.c
Romain Vimont,2023-11-20 14:03:51+01:00,app/data/bash-completion/scrcpy
Romain Vimont,2023-11-20 14:03:51+01:00,app/data/zsh-completion/_scrcpy
Romain Vimont,2023-11-20 14:03:51+01:00,app/scrcpy.1
Romain Vimont,2023-11-20 14:03:51+01:00,app/src/cli.c
Romain Vimont,2023-11-20 14:05:54+01:00,app/scrcpy.1
Romain Vimont,2023-11-21 08:46:38+01:00,doc/camera.md
Romain Vimont,2023-11-23 23:27:28+01:00,app/data/bash-completion/scrcpy
Romain Vimont,2023-11-23 23:27:28+01:00,app/data/zsh-completion/_scrcpy
Romain Vimont,2023-11-23 23:27:28+01:00,app/meson.build
Romain Vimont,2023-11-23 23:27:28+01:00,app/scrcpy.1
Romain Vimont,2023-11-23 23:27:28+01:00,app/src/cli.c
Romain Vimont,2023-11-23 23:27:28+01:00,app/src/display.c
Romain Vimont,2023-11-23 23:27:28+01:00,app/src/display.h
Romain Vimont,2023-11-23 23:27:28+01:00,app/src/input_manager.c
Romain Vimont,2023-11-23 23:27:28+01:00,app/src/options.c
Romain Vimont,2023-11-23 23:27:28+01:00,app/src/options.h
Romain Vimont,2023-11-23 23:27:28+01:00,app/src/scrcpy.c
Romain Vimont,2023-11-23 23:27:28+01:00,app/src/screen.c
Romain Vimont,2023-11-23 23:27:28+01:00,app/src/screen.h
Romain Vimont,2023-11-23 23:27:28+01:00,app/tests/test_orientation.c
Romain Vimont,2023-11-23 23:27:28+01:00,doc/shortcuts.md
Romain Vimont,2023-11-23 23:27:32+01:00,app/data/bash-completion/scrcpy
Romain Vimont,2023-11-23 23:27:32+01:00,app/data/zsh-completion/_scrcpy
Romain Vimont,2023-11-23 23:27:32+01:00,app/scrcpy.1
Romain Vimont,2023-11-23 23:27:32+01:00,app/src/cli.c
Romain Vimont,2023-11-23 23:27:32+01:00,app/src/options.h
Romain Vimont,2023-11-23 23:34:46+01:00,app/data/bash-completion/scrcpy
Romain Vimont,2023-11-23 23:34:46+01:00,app/data/zsh-completion/_scrcpy
Romain Vimont,2023-11-23 23:34:46+01:00,app/scrcpy.1
Romain Vimont,2023-11-23 23:34:46+01:00,app/src/cli.c
Romain Vimont,2023-11-23 23:34:46+01:00,app/src/compat.h
Romain Vimont,2023-11-23 23:34:46+01:00,app/src/options.c
Romain Vimont,2023-11-23 23:34:46+01:00,app/src/options.h
Romain Vimont,2023-11-23 23:34:46+01:00,app/src/recorder.c
Romain Vimont,2023-11-23 23:34:46+01:00,app/src/recorder.h
Romain Vimont,2023-11-23 23:34:46+01:00,app/src/scrcpy.c
Romain Vimont,2023-11-23 23:34:46+01:00,app/data/bash-completion/scrcpy
Romain Vimont,2023-11-23 23:34:46+01:00,app/data/zsh-completion/_scrcpy
Romain Vimont,2023-11-23 23:34:46+01:00,app/scrcpy.1
Romain Vimont,2023-11-23 23:34:46+01:00,app/src/cli.c
Romain Vimont,2023-11-23 23:34:46+01:00,doc/camera.md
Romain Vimont,2023-11-23 23:34:46+01:00,doc/recording.md
Romain Vimont,2023-11-23 23:34:46+01:00,doc/video.md
Romain Vimont,2023-11-23 23:39:40+01:00,cross_win32.txt
Romain Vimont,2023-11-23 23:39:40+01:00,cross_win64.txt
sam80180,2023-11-23 23:39:40+01:00,server/src/main/java/com/genymobile/scrcpy/CleanUp.java
sam80180,2023-11-23 23:39:40+01:00,server/src/main/java/com/genymobile/scrcpy/Server.java
Romain Vimont,2023-11-23 23:50:00+01:00,server/src/main/java/com/genymobile/scrcpy/AsyncProcessor.java
Romain Vimont,2023-11-23 23:50:00+01:00,server/src/main/java/com/genymobile/scrcpy/CameraCapture.java
Romain Vimont,2023-11-23 23:50:00+01:00,server/src/main/java/com/genymobile/scrcpy/Controller.java
Romain Vimont,2023-11-23 23:50:00+01:00,server/src/main/java/com/genymobile/scrcpy/Device.java
Romain Vimont,2023-11-23 23:50:00+01:00,server/src/main/java/com/genymobile/scrcpy/DeviceMessageSender.java
Romain Vimont,2023-11-23 23:50:00+01:00,server/src/main/java/com/genymobile/scrcpy/Server.java
Romain Vimont,2023-11-23 23:50:00+01:00,server/src/main/java/com/genymobile/scrcpy/Settings.java
Romain Vimont,2023-11-23 23:50:00+01:00,server/src/main/java/com/genymobile/scrcpy/wrappers/ClipboardManager.java
Romain Vimont,2023-11-23 23:50:00+01:00,server/src/main/java/com/genymobile/scrcpy/wrappers/PowerManager.java
Romain Vimont,2023-11-23 23:50:00+01:00,server/src/main/java/com/genymobile/scrcpy/wrappers/ServiceManager.java
Romain Vimont,2023-11-23 23:50:00+01:00,server/src/main/java/com/genymobile/scrcpy/wrappers/WindowManager.java
Romain Vimont,2023-11-25 21:06:37+01:00,app/meson.build
Romain Vimont,2023-11-25 21:06:37+01:00,app/prebuilt-deps/prepare-ffmpeg.sh
Romain Vimont,2023-11-25 21:06:37+01:00,app/prebuilt-deps/prepare-libusb.sh
Romain Vimont,2023-11-25 21:06:37+01:00,cross_win32.txt
Romain Vimont,2023-11-25 21:06:37+01:00,cross_win64.txt
Romain Vimont,2023-11-25 21:06:37+01:00,release.mk
Romain Vimont,2023-11-25 21:06:45+01:00,app/prebuilt-deps/prepare-sdl.sh
Romain Vimont,2023-11-25 21:06:45+01:00,app/prebuilt-deps/prepare-libusb.sh
Romain Vimont,2023-11-25 21:06:45+01:00,app/prebuilt-deps/prepare-sdl.sh
Romain Vimont,2023-11-25 21:06:45+01:00,app/prebuilt-deps/prepare-sdl.sh
Romain Vimont,2023-11-25 21:06:45+01:00,release.mk
Romain Vimont,2023-11-25 21:25:26+01:00,server/src/main/java/com/genymobile/scrcpy/Device.java
Romain Vimont,2023-11-25 21:25:26+01:00,server/src/main/java/com/genymobile/scrcpy/wrappers/DisplayControl.java
Romain Vimont,2023-11-25 21:25:26+01:00,server/src/main/java/com/genymobile/scrcpy/wrappers/SurfaceControl.java
Kid,2023-11-25 21:28:43+01:00,app/data/scrcpy-console.desktop
Kid,2023-11-25 21:28:43+01:00,app/data/scrcpy.desktop
Kid,2023-11-25 21:28:43+01:00,app/data/scrcpy-console.desktop
Kid,2023-11-25 21:28:43+01:00,app/data/scrcpy.desktop
Romain Vimont,2023-11-25 21:35:04+01:00,app/data/scrcpy-console.desktop
Romain Vimont,2023-11-25 21:40:27+01:00,app/scrcpy-windows.rc
Romain Vimont,2023-11-25 21:40:27+01:00,meson.build
Romain Vimont,2023-11-25 21:40:27+01:00,server/build.gradle
Romain Vimont,2023-11-25 21:40:27+01:00,server/build_without_gradle.sh
Romain Vimont,2023-11-25 22:15:07+01:00,README.md
Romain Vimont,2023-11-25 22:15:07+01:00,doc/build.md
Romain Vimont,2023-11-25 22:15:07+01:00,doc/windows.md
Romain Vimont,2023-11-25 22:15:07+01:00,install_release.sh
Romain Vimont,2023-11-25 23:56:46+01:00,app/src/cli.c
Romain Vimont,2023-11-27 09:29:06+01:00,server/src/main/java/com/genymobile/scrcpy/Workarounds.java
Johannes Neyer,2023-11-28 08:32:28+01:00,doc/v4l2.md
Romain Vimont,2023-11-29 12:14:07+01:00,app/src/scrcpy.c
Romain Vimont,2023-11-29 12:16:05+01:00,app/src/scrcpy.c
Romain Vimont,2023-12-02 12:20:01+01:00,app/src/demuxer.c
Romain Vimont,2023-12-02 12:30:19+01:00,app/scrcpy-windows.rc
Romain Vimont,2023-12-02 12:30:19+01:00,meson.build
Romain Vimont,2023-12-02 12:30:19+01:00,server/build.gradle
Romain Vimont,2023-12-02 12:30:19+01:00,server/build_without_gradle.sh
Romain Vimont,2023-12-02 12:39:05+01:00,README.md
Romain Vimont,2023-12-02 12:39:05+01:00,doc/build.md
Romain Vimont,2023-12-02 12:39:05+01:00,doc/windows.md
Romain Vimont,2023-12-02 12:39:05+01:00,install_release.sh
Romain Vimont,2023-12-03 18:01:11+01:00,server/src/main/java/com/genymobile/scrcpy/Workarounds.java
Romain Vimont,2023-12-04 08:43:31+01:00,server/src/main/java/com/genymobile/scrcpy/wrappers/ClipboardManager.java
Romain Vimont,2023-12-04 08:45:35+01:00,server/src/main/java/com/genymobile/scrcpy/CleanUp.java
Romain Vimont,2023-12-04 08:50:12+01:00,server/src/main/java/com/genymobile/scrcpy/Device.java
Romain Vimont,2023-12-13 12:55:14+01:00,README.md
Romain Vimont,2023-12-13 13:42:57+01:00,app/scrcpy.1
Harsh Shandilya,2023-12-14 17:07:20+01:00,app/data/bash-completion/scrcpy
Harsh Shandilya,2023-12-14 17:08:19+01:00,app/data/bash-completion/scrcpy
Till Rathmann,2023-12-15 22:12:07+01:00,app/scrcpy.1
Till Rathmann,2023-12-15 22:12:07+01:00,app/src/cli.c
Till Rathmann,2023-12-15 22:12:07+01:00,app/src/input_manager.c
Till Rathmann,2023-12-15 22:12:07+01:00,app/src/input_manager.h
Till Rathmann,2023-12-15 22:12:07+01:00,doc/control.md
Till Rathmann,2023-12-15 22:12:07+01:00,doc/shortcuts.md
Romain Vimont,2023-12-16 20:12:58+01:00,server/src/main/java/com/genymobile/scrcpy/wrappers/ClipboardManager.java
Romain Vimont,2023-12-16 20:16:31+01:00,server/src/main/java/com/genymobile/scrcpy/AudioCapture.java
Romain Vimont,2023-12-16 20:17:33+01:00,server/src/main/java/com/genymobile/scrcpy/AudioCapture.java
Romain Vimont,2024-01-02 10:22:28+01:00,app/src/audio_player.h
Romain Vimont,2024-01-07 21:12:39+01:00,app/src/cli.c
Romain Vimont,2024-01-15 22:01:19+01:00,app/src/usb/scrcpy_otg.c
Romain Vimont,2024-01-17 10:15:00+01:00,server/src/main/java/com/genymobile/scrcpy/wrappers/ClipboardManager.java
Romain Vimont,2024-01-26 13:13:55+01:00,meson.build
Romain Vimont,2024-01-26 13:13:55+01:00,scripts/run-scrcpy.sh
Romain Vimont,2024-02-01 09:19:47+01:00,app/src/adb/adb.c
Romain Vimont,2024-02-09 18:32:48+01:00,server/src/main/java/com/genymobile/scrcpy/wrappers/ContentProvider.java
Romain Vimont,2024-02-10 10:00:26+01:00,server/src/main/java/com/genymobile/scrcpy/wrappers/ActivityManager.java
Romain Vimont,2024-02-10 10:00:26+01:00,server/src/main/java/com/genymobile/scrcpy/wrappers/ClipboardManager.java
Romain Vimont,2024-02-10 10:00:26+01:00,server/src/main/java/com/genymobile/scrcpy/wrappers/DisplayManager.java
Romain Vimont,2024-02-10 10:00:26+01:00,server/src/main/java/com/genymobile/scrcpy/wrappers/InputManager.java
Romain Vimont,2024-02-10 10:00:26+01:00,server/src/main/java/com/genymobile/scrcpy/wrappers/PowerManager.java
Romain Vimont,2024-02-10 10:00:26+01:00,server/src/main/java/com/genymobile/scrcpy/wrappers/ServiceManager.java
Romain Vimont,2024-02-10 10:00:26+01:00,server/src/main/java/com/genymobile/scrcpy/wrappers/StatusBarManager.java
Romain Vimont,2024-02-10 10:00:26+01:00,server/src/main/java/com/genymobile/scrcpy/wrappers/WindowManager.java
Romain Vimont,2024-02-10 10:00:28+01:00,server/src/main/java/com/genymobile/scrcpy/wrappers/ActivityManager.java
Romain Vimont,2024-02-10 10:00:28+01:00,server/src/main/java/com/genymobile/scrcpy/wrappers/ClipboardManager.java
Romain Vimont,2024-02-10 10:00:28+01:00,server/src/main/java/com/genymobile/scrcpy/wrappers/ContentProvider.java
Romain Vimont,2024-02-10 10:00:28+01:00,server/src/main/java/com/genymobile/scrcpy/wrappers/DisplayControl.java
Romain Vimont,2024-02-10 10:00:28+01:00,server/src/main/java/com/genymobile/scrcpy/wrappers/DisplayManager.java
Romain Vimont,2024-02-10 10:00:28+01:00,server/src/main/java/com/genymobile/scrcpy/wrappers/InputManager.java
Romain Vimont,2024-02-10 10:00:28+01:00,server/src/main/java/com/genymobile/scrcpy/wrappers/PowerManager.java
Romain Vimont,2024-02-10 10:00:28+01:00,server/src/main/java/com/genymobile/scrcpy/wrappers/StatusBarManager.java
Romain Vimont,2024-02-10 10:00:28+01:00,server/src/main/java/com/genymobile/scrcpy/wrappers/SurfaceControl.java
Romain Vimont,2024-02-10 10:00:28+01:00,server/src/main/java/com/genymobile/scrcpy/wrappers/WindowManager.java
wuderek,2024-02-10 10:01:22+01:00,server/src/main/java/com/genymobile/scrcpy/Device.java
wuderek,2024-02-10 10:01:22+01:00,server/src/main/java/com/genymobile/scrcpy/ScreenCapture.java
wuderek,2024-02-10 10:01:22+01:00,server/src/main/java/com/genymobile/scrcpy/wrappers/DisplayManager.java
wuderek,2024-02-10 10:01:22+01:00,server/src/main/java/com/genymobile/scrcpy/wrappers/SurfaceControl.java
Romain Vimont,2024-02-17 15:49:08+01:00,server/src/main/java/com/genymobile/scrcpy/CleanUp.java
Romain Vimont,2024-02-17 15:49:08+01:00,server/src/main/java/com/genymobile/scrcpy/Controller.java
Romain Vimont,2024-02-17 15:49:08+01:00,server/src/main/java/com/genymobile/scrcpy/Server.java
Romain Vimont,2024-02-17 15:59:58+01:00,app/src/cli.c
Romain Vimont,2024-02-17 16:01:33+01:00,app/meson.build
Romain Vimont,2024-02-17 16:01:33+01:00,app/src/audio_player.c
Romain Vimont,2024-02-17 16:01:33+01:00,app/src/audio_player.h
Romain Vimont,2024-02-17 16:01:33+01:00,app/src/util/audiobuf.c
Romain Vimont,2024-02-17 16:01:33+01:00,app/src/util/audiobuf.h
Romain Vimont,2024-02-17 16:01:33+01:00,app/src/util/bytebuf.c
Romain Vimont,2024-02-17 16:01:33+01:00,app/src/util/bytebuf.h
Romain Vimont,2024-02-17 16:01:33+01:00,app/tests/test_audiobuf.c
Romain Vimont,2024-02-17 16:01:33+01:00,app/tests/test_bytebuf.c
Romain Vimont,2024-02-17 16:02:10+01:00,app/src/audio_player.c
Romain Vimont,2024-02-17 16:03:10+01:00,app/src/audio_player.c
Romain Vimont,2024-02-17 16:05:22+01:00,app/src/audio_player.c
Romain Vimont,2024-02-17 16:05:30+01:00,app/src/audio_player.c
Romain Vimont,2024-02-17 16:05:33+01:00,app/src/audio_player.c
Romain Vimont,2024-02-17 16:09:38+01:00,app/src/audio_player.c
Romain Vimont,2024-02-23 20:07:16+01:00,server/src/main/java/com/genymobile/scrcpy/ControlChannel.java
Romain Vimont,2024-02-23 20:07:16+01:00,server/src/main/java/com/genymobile/scrcpy/Controller.java
Romain Vimont,2024-02-23 20:07:16+01:00,server/src/main/java/com/genymobile/scrcpy/DesktopConnection.java
Romain Vimont,2024-02-23 20:07:16+01:00,server/src/main/java/com/genymobile/scrcpy/DeviceMessageSender.java
Romain Vimont,2024-02-23 20:07:16+01:00,server/src/main/java/com/genymobile/scrcpy/Server.java
Romain Vimont,2024-02-23 20:07:52+01:00,app/src/control_msg.c
Romain Vimont,2024-02-23 20:07:52+01:00,app/src/control_msg.h
Romain Vimont,2024-02-23 20:07:52+01:00,app/src/controller.c
Romain Vimont,2024-02-23 20:07:52+01:00,app/src/device_msg.c
Romain Vimont,2024-02-23 20:07:52+01:00,app/src/device_msg.h
Romain Vimont,2024-02-23 20:07:52+01:00,app/src/receiver.c
Romain Vimont,2024-02-23 20:07:52+01:00,app/src/server.c
Romain Vimont,2024-02-23 20:07:52+01:00,app/src/usb/aoa_hid.c
Romain Vimont,2024-02-23 20:07:52+01:00,app/src/usb/aoa_hid.h
Romain Vimont,2024-02-23 20:07:52+01:00,app/tests/test_control_msg_serialize.c
Romain Vimont,2024-02-23 20:07:52+01:00,app/tests/test_device_msg_deserialize.c
Romain Vimont,2024-02-23 20:07:52+01:00,app/src/device_msg.c
Romain Vimont,2024-02-23 20:07:52+01:00,app/src/device_msg.c
Romain Vimont,2024-02-23 20:07:52+01:00,app/src/device_msg.h
Romain Vimont,2024-02-23 20:07:52+01:00,app/src/receiver.c
Romain Vimont,2024-02-23 20:07:52+01:00,app/tests/test_device_msg_deserialize.c
Romain Vimont,2024-02-26 08:36:18+01:00,server/src/main/java/com/genymobile/scrcpy/wrappers/ClipboardManager.java
eiyooooo,2024-02-26 20:26:56+01:00,server/src/main/java/com/genymobile/scrcpy/Controller.java
eiyooooo,2024-02-26 20:26:56+01:00,server/src/main/java/com/genymobile/scrcpy/Device.java
eiyooooo,2024-02-26 20:26:56+01:00,server/src/main/java/com/genymobile/scrcpy/wrappers/WindowManager.java
Romain Vimont,2024-02-27 10:06:27+01:00,app/src/receiver.c
Romain Vimont,2024-02-29 10:31:45+01:00,FAQ.md
Romain Vimont,2024-02-29 23:55:44+01:00,app/prebuilt-deps/prepare-libusb.sh
Romain Vimont,2024-03-01 00:11:48+01:00,app/src/display.c
Romain Vimont,2024-03-01 00:50:39+01:00,app/src/input_manager.c
Romain Vimont,2024-03-01 00:51:02+01:00,app/src/input_manager.c
Simon Chan,2024-03-01 00:51:15+01:00,app/data/bash-completion/scrcpy
Simon Chan,2024-03-01 00:51:15+01:00,app/data/zsh-completion/_scrcpy
Simon Chan,2024-03-01 00:51:15+01:00,app/scrcpy.1
Simon Chan,2024-03-01 00:51:15+01:00,app/src/cli.c
Simon Chan,2024-03-01 00:51:15+01:00,app/src/options.c
Simon Chan,2024-03-01 00:51:15+01:00,app/src/options.h
Simon Chan,2024-03-01 00:51:15+01:00,app/src/scrcpy.c
Simon Chan,2024-03-01 00:51:15+01:00,app/src/usb/scrcpy_otg.c
Romain Vimont,2024-03-01 00:51:21+01:00,app/src/usb/hid_mouse.c
Romain Vimont,2024-03-01 00:51:25+01:00,app/src/usb/aoa_hid.c
Romain Vimont,2024-03-01 00:51:29+01:00,app/src/usb/aoa_hid.c
Romain Vimont,2024-03-01 00:51:29+01:00,app/src/usb/aoa_hid.h
Romain Vimont,2024-03-01 00:51:29+01:00,app/src/usb/hid_keyboard.c
Romain Vimont,2024-03-01 00:51:29+01:00,app/src/usb/hid_mouse.c
Romain Vimont,2024-03-01 00:51:30+01:00,app/src/usb/aoa_hid.c
Romain Vimont,2024-03-01 00:51:30+01:00,app/src/usb/aoa_hid.h
Romain Vimont,2024-03-01 00:51:30+01:00,app/src/usb/hid_keyboard.c
Romain Vimont,2024-03-01 00:51:30+01:00,app/src/usb/hid_mouse.c
Romain Vimont,2024-03-01 00:51:34+01:00,app/src/hid/hid_event.h
Romain Vimont,2024-03-01 00:51:34+01:00,app/src/usb/aoa_hid.c
Romain Vimont,2024-03-01 00:51:34+01:00,app/src/usb/aoa_hid.h
Romain Vimont,2024-03-01 00:51:34+01:00,app/src/usb/hid_keyboard.c
Romain Vimont,2024-03-01 00:51:34+01:00,app/src/usb/hid_mouse.c
Romain Vimont,2024-03-01 00:51:37+01:00,app/meson.build
Romain Vimont,2024-03-01 00:51:37+01:00,app/src/hid/hid_keyboard.c
Romain Vimont,2024-03-01 00:51:37+01:00,app/src/hid/hid_keyboard.h
Romain Vimont,2024-03-01 00:51:37+01:00,app/src/scrcpy.c
Romain Vimont,2024-03-01 00:51:37+01:00,app/src/usb/keyboard_aoa.c
Romain Vimont,2024-03-01 00:51:37+01:00,app/src/usb/keyboard_aoa.h
Romain Vimont,2024-03-01 00:51:37+01:00,app/src/usb/scrcpy_otg.c
Romain Vimont,2024-03-01 00:51:37+01:00,app/src/usb/screen_otg.h
Romain Vimont,2024-03-01 00:51:39+01:00,app/meson.build
Romain Vimont,2024-03-01 00:51:39+01:00,app/src/hid/hid_mouse.c
Romain Vimont,2024-03-01 00:51:39+01:00,app/src/hid/hid_mouse.h
Romain Vimont,2024-03-01 00:51:39+01:00,app/src/scrcpy.c
Romain Vimont,2024-03-01 00:51:39+01:00,app/src/usb/mouse_aoa.c
Romain Vimont,2024-03-01 00:51:39+01:00,app/src/usb/mouse_aoa.h
Romain Vimont,2024-03-01 00:51:39+01:00,app/src/usb/scrcpy_otg.c
Romain Vimont,2024-03-01 00:51:39+01:00,app/src/usb/screen_otg.h
Romain Vimont,2024-03-01 00:51:41+01:00,app/meson.build
Romain Vimont,2024-03-01 00:51:41+01:00,app/src/keyboard_sdk.c
Romain Vimont,2024-03-01 00:51:41+01:00,app/src/keyboard_sdk.h
Romain Vimont,2024-03-01 00:51:41+01:00,app/src/mouse_sdk.c
Romain Vimont,2024-03-01 00:51:41+01:00,app/src/mouse_sdk.h
Romain Vimont,2024-03-01 00:51:41+01:00,app/src/scrcpy.c
Romain Vimont,2024-03-01 00:51:44+01:00,app/src/usb/aoa_hid.c
Romain Vimont,2024-03-01 00:51:44+01:00,app/src/util/str.c
Romain Vimont,2024-03-01 00:51:44+01:00,app/src/util/str.h
Romain Vimont,2024-03-01 00:51:47+01:00,app/src/controller.c
Romain Vimont,2024-03-01 00:51:47+01:00,app/src/controller.h
Romain Vimont,2024-03-01 00:51:47+01:00,app/src/receiver.c
Romain Vimont,2024-03-01 00:51:47+01:00,app/src/receiver.h
Romain Vimont,2024-03-01 00:51:47+01:00,app/src/scrcpy.c
Romain Vimont,2024-03-01 00:51:50+01:00,app/src/scrcpy.c
Romain Vimont,2024-03-01 00:51:52+01:00,server/src/main/java/com/genymobile/scrcpy/Controller.java
Simon Chan,2024-03-01 00:51:54+01:00,app/data/bash-completion/scrcpy
Simon Chan,2024-03-01 00:51:54+01:00,app/data/zsh-completion/_scrcpy
Simon Chan,2024-03-01 00:51:54+01:00,app/meson.build
Simon Chan,2024-03-01 00:51:54+01:00,app/scrcpy.1
Simon Chan,2024-03-01 00:51:54+01:00,app/src/cli.c
Simon Chan,2024-03-01 00:51:54+01:00,app/src/control_msg.c
Simon Chan,2024-03-01 00:51:54+01:00,app/src/control_msg.h
Simon Chan,2024-03-01 00:51:54+01:00,app/src/options.h
Simon Chan,2024-03-01 00:51:54+01:00,app/src/scrcpy.c
Simon Chan,2024-03-01 00:51:54+01:00,app/src/uhid/keyboard_uhid.c
Simon Chan,2024-03-01 00:51:54+01:00,app/src/uhid/keyboard_uhid.h
Simon Chan,2024-03-01 00:51:54+01:00,app/tests/test_control_msg_serialize.c
Simon Chan,2024-03-01 00:51:54+01:00,server/src/main/java/com/genymobile/scrcpy/ControlMessage.java
Simon Chan,2024-03-01 00:51:54+01:00,server/src/main/java/com/genymobile/scrcpy/ControlMessageReader.java
Simon Chan,2024-03-01 00:51:54+01:00,server/src/main/java/com/genymobile/scrcpy/Controller.java
Simon Chan,2024-03-01 00:51:54+01:00,server/src/main/java/com/genymobile/scrcpy/UhidManager.java
Simon Chan,2024-03-01 00:51:54+01:00,server/src/test/java/com/genymobile/scrcpy/ControlMessageReaderTest.java
Romain Vimont,2024-03-01 00:51:57+01:00,server/src/main/java/com/genymobile/scrcpy/Controller.java
Romain Vimont,2024-03-01 00:51:57+01:00,server/src/main/java/com/genymobile/scrcpy/DeviceMessage.java
Romain Vimont,2024-03-01 00:51:57+01:00,server/src/main/java/com/genymobile/scrcpy/DeviceMessageSender.java
Romain Vimont,2024-03-01 00:51:57+01:00,server/src/main/java/com/genymobile/scrcpy/Server.java
Simon Chan,2024-03-01 00:52:00+01:00,app/meson.build
Simon Chan,2024-03-01 00:52:00+01:00,app/src/controller.c
Simon Chan,2024-03-01 00:52:00+01:00,app/src/controller.h
Simon Chan,2024-03-01 00:52:00+01:00,app/src/device_msg.c
Simon Chan,2024-03-01 00:52:00+01:00,app/src/device_msg.h
Simon Chan,2024-03-01 00:52:00+01:00,app/src/receiver.c
Simon Chan,2024-03-01 00:52:00+01:00,app/src/receiver.h
Simon Chan,2024-03-01 00:52:00+01:00,app/src/scrcpy.c
Simon Chan,2024-03-01 00:52:00+01:00,app/src/uhid/keyboard_uhid.c
Simon Chan,2024-03-01 00:52:00+01:00,app/src/uhid/keyboard_uhid.h
Simon Chan,2024-03-01 00:52:00+01:00,app/src/uhid/uhid_output.c
Simon Chan,2024-03-01 00:52:00+01:00,app/src/uhid/uhid_output.h
Simon Chan,2024-03-01 00:52:00+01:00,app/tests/test_device_msg_deserialize.c
Simon Chan,2024-03-01 00:52:00+01:00,server/src/main/java/com/genymobile/scrcpy/Controller.java
Simon Chan,2024-03-01 00:52:00+01:00,server/src/main/java/com/genymobile/scrcpy/DeviceMessage.java
Simon Chan,2024-03-01 00:52:00+01:00,server/src/main/java/com/genymobile/scrcpy/DeviceMessageWriter.java
Simon Chan,2024-03-01 00:52:00+01:00,server/src/main/java/com/genymobile/scrcpy/UhidManager.java
Simon Chan,2024-03-01 00:52:00+01:00,server/src/test/java/com/genymobile/scrcpy/DeviceMessageWriterTest.java
Romain Vimont,2024-03-01 00:52:03+01:00,server/src/main/java/com/genymobile/scrcpy/Controller.java
Romain Vimont,2024-03-01 00:52:05+01:00,server/src/main/java/com/genymobile/scrcpy/AudioCapture.java
Romain Vimont,2024-03-01 00:52:05+01:00,server/src/main/java/com/genymobile/scrcpy/wrappers/ActivityManager.java
Romain Vimont,2024-03-01 00:52:10+01:00,app/scrcpy.1
Romain Vimont,2024-03-01 00:52:10+01:00,app/src/cli.c
Romain Vimont,2024-03-01 00:52:10+01:00,app/src/control_msg.c
Romain Vimont,2024-03-01 00:52:10+01:00,app/src/control_msg.h
Romain Vimont,2024-03-01 00:52:10+01:00,app/src/input_manager.c
Romain Vimont,2024-03-01 00:52:10+01:00,app/src/keyboard_sdk.c
Romain Vimont,2024-03-01 00:52:10+01:00,app/src/trait/key_processor.h
Romain Vimont,2024-03-01 00:52:10+01:00,app/src/uhid/keyboard_uhid.c
Romain Vimont,2024-03-01 00:52:10+01:00,app/src/usb/keyboard_aoa.c
Romain Vimont,2024-03-01 00:52:10+01:00,app/tests/test_control_msg_serialize.c
Romain Vimont,2024-03-01 00:52:10+01:00,doc/shortcuts.md
Romain Vimont,2024-03-01 00:52:10+01:00,server/src/main/java/com/genymobile/scrcpy/ControlMessage.java
Romain Vimont,2024-03-01 00:52:10+01:00,server/src/main/java/com/genymobile/scrcpy/ControlMessageReader.java
Romain Vimont,2024-03-01 00:52:10+01:00,server/src/main/java/com/genymobile/scrcpy/Controller.java
Romain Vimont,2024-03-01 00:52:10+01:00,server/src/test/java/com/genymobile/scrcpy/ControlMessageReaderTest.java
Romain Vimont,2024-03-01 00:52:13+01:00,app/data/bash-completion/scrcpy
Romain Vimont,2024-03-01 00:52:13+01:00,app/data/zsh-completion/_scrcpy
Romain Vimont,2024-03-01 00:52:13+01:00,app/meson.build
Romain Vimont,2024-03-01 00:52:13+01:00,app/scrcpy.1
Romain Vimont,2024-03-01 00:52:13+01:00,app/src/cli.c
Romain Vimont,2024-03-01 00:52:13+01:00,app/src/options.h
Romain Vimont,2024-03-01 00:52:13+01:00,app/src/scrcpy.c
Romain Vimont,2024-03-01 00:52:13+01:00,app/src/uhid/mouse_uhid.c
Romain Vimont,2024-03-01 00:52:13+01:00,app/src/uhid/mouse_uhid.h
Romain Vimont,2024-03-01 00:52:16+01:00,app/data/bash-completion/scrcpy
Romain Vimont,2024-03-01 00:52:16+01:00,app/data/zsh-completion/_scrcpy
Romain Vimont,2024-03-01 00:52:16+01:00,app/scrcpy.1
Romain Vimont,2024-03-01 00:52:16+01:00,app/src/cli.c
Romain Vimont,2024-03-01 00:52:19+01:00,app/src/scrcpy.c
Romain Vimont,2024-03-01 00:52:23+01:00,app/src/cli.c
Romain Vimont,2024-03-01 00:52:28+01:00,FAQ.md
Romain Vimont,2024-03-01 00:52:28+01:00,README.md
Romain Vimont,2024-03-01 00:52:28+01:00,doc/control.md
Romain Vimont,2024-03-01 00:52:28+01:00,doc/develop.md
Romain Vimont,2024-03-01 00:52:28+01:00,doc/hid-otg.md
Romain Vimont,2024-03-01 00:52:28+01:00,doc/keyboard.md
Romain Vimont,2024-03-01 00:52:28+01:00,doc/mouse.md
Romain Vimont,2024-03-01 00:52:28+01:00,doc/otg.md
Romain Vimont,2024-03-01 00:52:31+01:00,README.md
Romain Vimont,2024-03-01 00:52:34+01:00,app/src/display.c
Romain Vimont,2024-03-01 00:52:35+01:00,app/src/scrcpy.c
Romain Vimont,2024-03-01 09:57:10+01:00,app/src/scrcpy.c
Romain Vimont,2024-03-01 09:57:10+01:00,app/src/scrcpy.c
inson1,2024-03-02 16:48:21+01:00,LICENSE
inson1,2024-03-02 16:48:21+01:00,README.md
inson1,2024-03-02 16:48:21+01:00,app/scrcpy.1
Romain Vimont,2024-03-02 22:52:54+01:00,app/deps/.gitignore
Romain Vimont,2024-03-02 22:52:54+01:00,app/deps/README
Romain Vimont,2024-03-02 22:52:54+01:00,app/deps/adb.sh
Romain Vimont,2024-03-02 22:52:54+01:00,app/deps/common
Romain Vimont,2024-03-02 22:52:54+01:00,app/deps/ffmpeg.sh
Romain Vimont,2024-03-02 22:52:54+01:00,app/deps/libusb.sh
Romain Vimont,2024-03-02 22:52:54+01:00,app/deps/patches/ffmpeg-6.1-fix-build.patch
Romain Vimont,2024-03-02 22:52:54+01:00,app/deps/sdl.sh
Romain Vimont,2024-03-02 22:52:54+01:00,app/prebuilt-deps/.gitignore
Romain Vimont,2024-03-02 22:52:54+01:00,app/prebuilt-deps/common
Romain Vimont,2024-03-02 22:52:54+01:00,app/prebuilt-deps/prepare-adb.sh
Romain Vimont,2024-03-02 22:52:54+01:00,app/prebuilt-deps/prepare-ffmpeg.sh
Romain Vimont,2024-03-02 22:52:54+01:00,app/prebuilt-deps/prepare-libusb.sh
Romain Vimont,2024-03-02 22:52:54+01:00,app/prebuilt-deps/prepare-sdl.sh
Romain Vimont,2024-03-02 22:52:54+01:00,release.mk
Romain Vimont,2024-03-02 23:22:09+01:00,app/scrcpy-windows.rc
Romain Vimont,2024-03-02 23:22:09+01:00,meson.build
Romain Vimont,2024-03-02 23:22:09+01:00,server/build.gradle
Romain Vimont,2024-03-02 23:22:09+01:00,server/build_without_gradle.sh
Romain Vimont,2024-03-03 00:00:24+01:00,README.md
Romain Vimont,2024-03-03 00:00:24+01:00,doc/build.md
Romain Vimont,2024-03-03 00:00:24+01:00,doc/windows.md
Romain Vimont,2024-03-03 00:00:24+01:00,install_release.sh
Romain Vimont,2024-03-03 00:05:26+01:00,doc/control.md
Romain Vimont,2024-03-03 00:06:54+01:00,doc/control.md
Romain Vimont,2024-03-11 18:05:27+01:00,doc/connection.md
Romain Vimont,2024-03-30 14:18:47+01:00,app/deps/libusb.sh
Romain Vimont,2024-03-30 14:20:51+01:00,app/scrcpy.1
Romain Vimont,2024-03-30 14:20:51+01:00,app/src/cli.c
Romain Vimont,2024-03-30 14:20:51+01:00,app/src/input_manager.c
Romain Vimont,2024-03-30 14:20:51+01:00,app/src/screen.c
Romain Vimont,2024-03-30 14:20:51+01:00,app/src/screen.h
Romain Vimont,2024-03-30 14:20:51+01:00,doc/shortcuts.md
Romain Vimont,2024-03-30 15:28:09+01:00,app/src/display.c
Romain Vimont,2024-03-30 15:28:09+01:00,app/src/display.h
Simon Chan,2024-03-30 15:28:57+01:00,server/src/main/java/com/genymobile/scrcpy/SurfaceEncoder.java
Romain Vimont,2024-04-02 18:01:21+02:00,doc/audio.md
Romain Vimont,2024-04-04 08:52:32+02:00,app/src/scrcpy.c
Romain Vimont,2024-04-06 17:38:21+02:00,server/src/main/java/com/genymobile/scrcpy/wrappers/WindowManager.java
Stepan Salenikovich,2024-04-06 17:38:24+02:00,server/src/main/java/com/genymobile/scrcpy/wrappers/WindowManager.java
Kaiming Hu,2024-04-12 17:20:15+02:00,server/src/main/java/com/genymobile/scrcpy/wrappers/WindowManager.java
Romain Vimont,2024-04-12 17:22:45+02:00,server/src/main/java/com/genymobile/scrcpy/wrappers/WindowManager.java
Romain Vimont,2024-04-16 15:50:41+02:00,app/src/cli.c
Romain Vimont,2024-04-16 15:50:44+02:00,app/src/cli.c
Romain Vimont,2024-04-17 10:45:18+02:00,server/src/main/java/com/genymobile/scrcpy/CameraCapture.java
Romain Vimont,2024-04-17 10:45:18+02:00,server/src/main/java/com/genymobile/scrcpy/LogUtils.java
Romain Vimont,2024-04-19 12:49:03+02:00,app/src/input_manager.c
Romain Vimont,2024-04-19 12:57:18+02:00,app/src/cli.c
Romain Vimont,2024-05-11 17:06:16+02:00,app/scrcpy.1
Romain Vimont,2024-05-11 17:06:16+02:00,app/src/cli.c
Romain Vimont,2024-05-11 17:06:16+02:00,app/src/display.c
Romain Vimont,2024-05-11 17:06:16+02:00,app/src/display.h
Romain Vimont,2024-05-11 17:06:16+02:00,app/src/input_manager.c
Romain Vimont,2024-05-11 17:06:16+02:00,app/src/options.c
Romain Vimont,2024-05-11 17:06:16+02:00,app/src/options.h
Romain Vimont,2024-05-11 17:06:16+02:00,app/src/scrcpy.c
Romain Vimont,2024-05-11 17:06:16+02:00,app/src/screen.c
Romain Vimont,2024-05-11 17:06:16+02:00,app/src/screen.h
Romain Vimont,2024-05-11 17:12:00+02:00,doc/audio.md
Romain Vimont,2024-05-11 17:12:00+02:00,doc/control.md
Romain Vimont,2024-05-11 17:12:00+02:00,doc/otg.md
Romain Vimont,2024-05-11 17:12:00+02:00,doc/recording.md
Romain Vimont,2024-05-11 17:12:00+02:00,doc/window.md
Romain Vimont,2024-05-11 17:12:00+02:00,app/src/controller.c
Romain Vimont,2024-05-11 17:12:00+02:00,app/src/controller.h
Romain Vimont,2024-05-11 17:12:00+02:00,app/src/events.h
Romain Vimont,2024-05-11 17:12:00+02:00,app/src/receiver.c
Romain Vimont,2024-05-11 17:12:00+02:00,app/src/receiver.h
Romain Vimont,2024-05-11 17:12:00+02:00,app/src/scrcpy.c
Romain Vimont,2024-05-12 10:44:27+02:00,app/src/cli.c
Romain Vimont,2024-05-14 08:23:57+02:00,server/src/main/java/com/genymobile/scrcpy/SurfaceEncoder.java
Romain Vimont,2024-05-29 10:32:58+02:00,doc/build.md
Romain Vimont,2024-05-30 08:23:42+02:00,doc/windows.md
Romain Vimont,2024-05-30 15:56:37+02:00,app/src/util/audiobuf.c
Romain Vimont,2024-06-09 18:27:30+02:00,app/src/sys/win/process.c
Romain Vimont,2024-06-09 19:25:32+02:00,app/src/audio_player.c
Romain Vimont,2024-06-11 10:04:27+02:00,app/src/icon.c
Romain Vimont,2024-06-13 09:14:40+02:00,doc/linux.md
Romain Vimont,2024-06-21 12:12:13+02:00,build.gradle
wuderek,2024-06-21 14:20:33+02:00,server/src/main/java/com/genymobile/scrcpy/ScreenCapture.java
wuderek,2024-06-21 14:25:47+02:00,server/src/main/java/com/genymobile/scrcpy/ScreenCapture.java
Romain Vimont,2024-06-23 19:15:45+02:00,app/scrcpy.1
Romain Vimont,2024-06-23 19:15:45+02:00,app/src/cli.c
Romain Vimont,2024-06-23 19:15:45+02:00,app/src/cli.h
Romain Vimont,2024-06-23 19:15:45+02:00,app/src/input_manager.c
Romain Vimont,2024-06-23 19:15:45+02:00,app/src/input_manager.h
Romain Vimont,2024-06-23 19:15:45+02:00,app/src/options.c
Romain Vimont,2024-06-23 19:15:45+02:00,app/src/options.h
Romain Vimont,2024-06-23 19:15:45+02:00,app/src/scrcpy.c
Romain Vimont,2024-06-23 19:15:45+02:00,app/src/screen.h
Romain Vimont,2024-06-23 19:15:45+02:00,app/tests/test_cli.c
Romain Vimont,2024-06-23 19:15:45+02:00,doc/shortcuts.md
Romain Vimont,2024-06-23 19:15:56+02:00,app/src/input_manager.c
Romain Vimont,2024-06-24 22:55:24+02:00,app/src/cli.c
Romain Vimont,2024-06-24 22:56:49+02:00,app/data/zsh-completion/_scrcpy
Romain Vimont,2024-06-24 23:00:33+02:00,app/src/input_manager.c
Romain Vimont,2024-06-24 23:17:23+02:00,app/data/bash-completion/scrcpy
Romain Vimont,2024-06-24 23:17:23+02:00,app/data/zsh-completion/_scrcpy
Romain Vimont,2024-06-24 23:17:23+02:00,app/scrcpy.1
Romain Vimont,2024-06-24 23:17:23+02:00,app/src/cli.c
Romain Vimont,2024-06-24 23:17:23+02:00,app/src/input_events.h
Romain Vimont,2024-06-24 23:17:23+02:00,app/src/input_manager.c
Romain Vimont,2024-06-24 23:17:23+02:00,app/src/input_manager.h
Romain Vimont,2024-06-24 23:17:23+02:00,app/src/options.c
Romain Vimont,2024-06-24 23:17:23+02:00,app/src/options.h
Romain Vimont,2024-06-24 23:17:23+02:00,app/src/scrcpy.c
Romain Vimont,2024-06-24 23:17:23+02:00,app/src/screen.c
Romain Vimont,2024-06-24 23:17:23+02:00,app/src/screen.h
Romain Vimont,2024-06-24 23:17:23+02:00,app/src/usb/screen_otg.c
Romain Vimont,2024-06-24 23:17:23+02:00,doc/control.md
Romain Vimont,2024-06-24 23:17:23+02:00,doc/mouse.md
Romain Vimont,2024-06-24 23:17:59+02:00,app/scrcpy.1
Romain Vimont,2024-06-24 23:17:59+02:00,app/src/cli.c
Romain Vimont,2024-06-24 23:17:59+02:00,app/src/input_manager.c
Romain Vimont,2024-06-24 23:17:59+02:00,app/src/options.c
Romain Vimont,2024-06-24 23:17:59+02:00,app/src/options.h
Romain Vimont,2024-06-24 23:17:59+02:00,doc/mouse.md
Romain Vimont,2024-06-29 12:42:19+02:00,app/data/bash-completion/scrcpy
Romain Vimont,2024-06-29 12:42:19+02:00,app/data/zsh-completion/_scrcpy
Romain Vimont,2024-06-29 12:42:19+02:00,app/scrcpy.1
Romain Vimont,2024-06-29 12:42:19+02:00,app/src/cli.c
Romain Vimont,2024-06-29 12:42:19+02:00,app/src/mouse_sdk.c
Romain Vimont,2024-06-29 12:42:19+02:00,app/src/mouse_sdk.h
Romain Vimont,2024-06-29 12:42:19+02:00,app/src/options.c
Romain Vimont,2024-06-29 12:42:19+02:00,app/src/options.h
Romain Vimont,2024-06-29 12:42:19+02:00,app/src/scrcpy.c
Romain Vimont,2024-06-29 12:42:19+02:00,doc/mouse.md
Romain Vimont,2024-06-29 13:10:45+02:00,app/src/demuxer.c
Romain Vimont,2024-06-29 13:10:45+02:00,app/src/icon.c
Romain Vimont,2024-06-29 13:10:45+02:00,app/src/v4l2_sink.c
Romain Vimont,2024-06-29 13:10:45+02:00,app/deps/ffmpeg.sh
Romain Vimont,2024-06-29 13:10:45+02:00,app/deps/patches/ffmpeg-6.1-fix-build.patch
Romain Vimont,2024-06-29 13:10:45+02:00,app/deps/sdl.sh
Romain Vimont,2024-06-29 13:10:45+02:00,app/deps/adb.sh
Romain Vimont,2024-06-29 16:52:45+02:00,app/scrcpy-windows.rc
Romain Vimont,2024-06-29 16:52:45+02:00,meson.build
Romain Vimont,2024-06-29 16:52:45+02:00,server/build.gradle
Romain Vimont,2024-06-29 16:52:45+02:00,server/build_without_gradle.sh
Romain Vimont,2024-06-29 17:51:36+02:00,README.md
Romain Vimont,2024-06-29 17:51:36+02:00,doc/build.md
Romain Vimont,2024-06-29 17:51:36+02:00,doc/windows.md
Romain Vimont,2024-06-29 17:51:36+02:00,install_release.sh
Romain Vimont,2024-07-02 08:14:58+02:00,app/src/scrcpy.c
Fr_Dae,2024-07-05 23:57:53+02:00,.github/ISSUE_TEMPLATE/bug_report.md
Romain Vimont,2024-07-06 00:00:55+02:00,.github/ISSUE_TEMPLATE/bug_report.md
Romain Vimont,2024-07-06 00:00:56+02:00,.github/ISSUE_TEMPLATE/bug_report.md
Romain Vimont,2024-07-06 00:04:07+02:00,app/src/controller.c
Romain Vimont,2024-07-06 00:04:07+02:00,app/src/controller.h
Romain Vimont,2024-07-06 00:04:07+02:00,app/src/receiver.c
Romain Vimont,2024-07-06 00:04:07+02:00,app/src/receiver.h
Romain Vimont,2024-07-06 00:04:07+02:00,app/src/scrcpy.c
Yan,2024-07-06 00:11:48+02:00,app/src/display.c
Romain Vimont,2024-07-08 17:16:01+02:00,server/src/main/java/com/genymobile/scrcpy/Workarounds.java
Romain Vimont,2024-07-11 12:04:09+02:00,app/src/input_manager.c
Romain Vimont,2024-07-11 12:04:09+02:00,app/src/input_manager.c
Romain Vimont,2024-07-11 12:04:09+02:00,app/src/control_msg.c
Romain Vimont,2024-07-11 12:04:09+02:00,app/src/control_msg.h
Romain Vimont,2024-07-11 12:04:09+02:00,app/src/input_manager.c
Romain Vimont,2024-07-11 12:04:09+02:00,app/src/input_manager.c
Romain Vimont,2024-07-11 12:04:09+02:00,app/src/input_manager.h
Romain Vimont,2024-07-11 12:04:09+02:00,app/src/input_manager.c
Romain Vimont,2024-07-11 12:04:09+02:00,app/src/control_msg.c
Romain Vimont,2024-07-11 12:04:09+02:00,app/src/control_msg.h
Romain Vimont,2024-07-11 12:04:09+02:00,server/src/main/java/com/genymobile/scrcpy/Controller.java
Romain Vimont,2024-07-11 12:04:09+02:00,app/src/input_events.h
Romain Vimont,2024-07-11 12:04:09+02:00,app/src/input_manager.c
Romain Vimont,2024-07-11 12:04:09+02:00,app/src/input_manager.h
Romain Vimont,2024-07-11 12:04:09+02:00,app/src/usb/screen_otg.c
Romain Vimont,2024-07-11 12:04:09+02:00,app/scrcpy.1
Romain Vimont,2024-07-11 12:04:09+02:00,app/src/cli.c
Romain Vimont,2024-07-11 12:04:09+02:00,app/src/input_manager.c
Romain Vimont,2024-07-11 12:04:09+02:00,app/src/options.c
Romain Vimont,2024-07-11 12:04:09+02:00,app/src/options.h
Romain Vimont,2024-07-11 12:04:09+02:00,doc/mouse.md
Romain Vimont,2024-07-11 12:19:47+02:00,server/src/main/java/com/genymobile/scrcpy/wrappers/ClipboardManager.java
Romain Vimont,2024-07-11 12:21:38+02:00,server/src/main/java/com/genymobile/scrcpy/wrappers/ClipboardManager.java
Romain Vimont,2024-07-11 22:34:58+02:00,server/build_without_gradle.sh
Romain Vimont,2024-07-11 22:38:00+02:00,server/build_without_gradle.sh
Romain Vimont,2024-07-11 22:38:00+02:00,server/src/main/java/com/genymobile/scrcpy/CleanUp.java
Romain Vimont,2024-07-11 22:38:00+02:00,server/src/main/java/com/genymobile/scrcpy/Options.java
Romain Vimont,2024-07-11 22:38:00+02:00,server/src/main/java/com/genymobile/scrcpy/Server.java
Romain Vimont,2024-07-11 22:38:00+02:00,server/src/main/java/com/genymobile/scrcpy/Workarounds.java
Romain Vimont,2024-07-11 22:38:00+02:00,server/src/main/java/com/genymobile/scrcpy/audio/AudioCapture.java
Romain Vimont,2024-07-11 22:38:00+02:00,server/src/main/java/com/genymobile/scrcpy/audio/AudioCaptureForegroundException.java
Romain Vimont,2024-07-11 22:38:00+02:00,server/src/main/java/com/genymobile/scrcpy/audio/AudioCodec.java
Romain Vimont,2024-07-11 22:38:00+02:00,server/src/main/java/com/genymobile/scrcpy/audio/AudioEncoder.java
Romain Vimont,2024-07-11 22:38:00+02:00,server/src/main/java/com/genymobile/scrcpy/audio/AudioRawRecorder.java
Romain Vimont,2024-07-11 22:38:00+02:00,server/src/main/java/com/genymobile/scrcpy/audio/AudioSource.java
Romain Vimont,2024-07-11 22:38:00+02:00,server/src/main/java/com/genymobile/scrcpy/control/ControlChannel.java
Romain Vimont,2024-07-11 22:38:00+02:00,server/src/main/java/com/genymobile/scrcpy/control/ControlMessage.java
Romain Vimont,2024-07-11 22:38:00+02:00,server/src/main/java/com/genymobile/scrcpy/control/ControlMessageReader.java
Romain Vimont,2024-07-11 22:38:00+02:00,server/src/main/java/com/genymobile/scrcpy/control/Controller.java
Romain Vimont,2024-07-11 22:38:00+02:00,server/src/main/java/com/genymobile/scrcpy/control/DeviceMessage.java
Romain Vimont,2024-07-11 22:38:00+02:00,server/src/main/java/com/genymobile/scrcpy/control/DeviceMessageSender.java
Romain Vimont,2024-07-11 22:38:00+02:00,server/src/main/java/com/genymobile/scrcpy/control/DeviceMessageWriter.java
Romain Vimont,2024-07-11 22:38:00+02:00,server/src/main/java/com/genymobile/scrcpy/control/KeyComposition.java
Romain Vimont,2024-07-11 22:38:00+02:00,server/src/main/java/com/genymobile/scrcpy/control/Pointer.java
Romain Vimont,2024-07-11 22:38:00+02:00,server/src/main/java/com/genymobile/scrcpy/control/PointersState.java
Romain Vimont,2024-07-11 22:38:00+02:00,server/src/main/java/com/genymobile/scrcpy/control/UhidManager.java
Romain Vimont,2024-07-11 22:38:00+02:00,server/src/main/java/com/genymobile/scrcpy/device/ConfigurationException.java
Romain Vimont,2024-07-11 22:38:00+02:00,server/src/main/java/com/genymobile/scrcpy/device/DesktopConnection.java
Romain Vimont,2024-07-11 22:38:00+02:00,server/src/main/java/com/genymobile/scrcpy/device/Device.java
Romain Vimont,2024-07-11 22:38:00+02:00,server/src/main/java/com/genymobile/scrcpy/device/DisplayInfo.java
Romain Vimont,2024-07-11 22:38:00+02:00,server/src/main/java/com/genymobile/scrcpy/device/Point.java
Romain Vimont,2024-07-11 22:38:00+02:00,server/src/main/java/com/genymobile/scrcpy/device/Position.java
Romain Vimont,2024-07-11 22:38:00+02:00,server/src/main/java/com/genymobile/scrcpy/device/Size.java
Romain Vimont,2024-07-11 22:38:00+02:00,server/src/main/java/com/genymobile/scrcpy/device/Streamer.java
Romain Vimont,2024-07-11 22:38:00+02:00,server/src/main/java/com/genymobile/scrcpy/util/Binary.java
Romain Vimont,2024-07-11 22:38:00+02:00,server/src/main/java/com/genymobile/scrcpy/util/Codec.java
Romain Vimont,2024-07-11 22:38:00+02:00,server/src/main/java/com/genymobile/scrcpy/util/CodecOption.java
Romain Vimont,2024-07-11 22:38:00+02:00,server/src/main/java/com/genymobile/scrcpy/util/CodecUtils.java
Romain Vimont,2024-07-11 22:38:00+02:00,server/src/main/java/com/genymobile/scrcpy/util/Command.java
Romain Vimont,2024-07-11 22:38:00+02:00,server/src/main/java/com/genymobile/scrcpy/util/HandlerExecutor.java
Romain Vimont,2024-07-11 22:38:00+02:00,server/src/main/java/com/genymobile/scrcpy/util/IO.java
Romain Vimont,2024-07-11 22:38:00+02:00,server/src/main/java/com/genymobile/scrcpy/util/Ln.java
Romain Vimont,2024-07-11 22:38:00+02:00,server/src/main/java/com/genymobile/scrcpy/util/LogUtils.java
Romain Vimont,2024-07-11 22:38:00+02:00,server/src/main/java/com/genymobile/scrcpy/util/Settings.java
Romain Vimont,2024-07-11 22:38:00+02:00,server/src/main/java/com/genymobile/scrcpy/util/SettingsException.java
Romain Vimont,2024-07-11 22:38:00+02:00,server/src/main/java/com/genymobile/scrcpy/util/StringUtils.java
Romain Vimont,2024-07-11 22:38:00+02:00,server/src/main/java/com/genymobile/scrcpy/video/CameraAspectRatio.java
Romain Vimont,2024-07-11 22:38:00+02:00,server/src/main/java/com/genymobile/scrcpy/video/CameraCapture.java
Romain Vimont,2024-07-11 22:38:00+02:00,server/src/main/java/com/genymobile/scrcpy/video/CameraFacing.java
Romain Vimont,2024-07-11 22:38:00+02:00,server/src/main/java/com/genymobile/scrcpy/video/ScreenCapture.java
Romain Vimont,2024-07-11 22:38:00+02:00,server/src/main/java/com/genymobile/scrcpy/video/ScreenInfo.java
Romain Vimont,2024-07-11 22:38:00+02:00,server/src/main/java/com/genymobile/scrcpy/video/SurfaceCapture.java
Romain Vimont,2024-07-11 22:38:00+02:00,server/src/main/java/com/genymobile/scrcpy/video/SurfaceEncoder.java
Romain Vimont,2024-07-11 22:38:00+02:00,server/src/main/java/com/genymobile/scrcpy/video/VideoCodec.java
Romain Vimont,2024-07-11 22:38:00+02:00,server/src/main/java/com/genymobile/scrcpy/video/VideoSource.java
Romain Vimont,2024-07-11 22:38:00+02:00,server/src/main/java/com/genymobile/scrcpy/wrappers/ActivityManager.java
Romain Vimont,2024-07-11 22:38:00+02:00,server/src/main/java/com/genymobile/scrcpy/wrappers/ClipboardManager.java
Romain Vimont,2024-07-11 22:38:00+02:00,server/src/main/java/com/genymobile/scrcpy/wrappers/ContentProvider.java
Romain Vimont,2024-07-11 22:38:00+02:00,server/src/main/java/com/genymobile/scrcpy/wrappers/DisplayControl.java
Romain Vimont,2024-07-11 22:38:00+02:00,server/src/main/java/com/genymobile/scrcpy/wrappers/DisplayManager.java
Romain Vimont,2024-07-11 22:38:00+02:00,server/src/main/java/com/genymobile/scrcpy/wrappers/InputManager.java
Romain Vimont,2024-07-11 22:38:00+02:00,server/src/main/java/com/genymobile/scrcpy/wrappers/PowerManager.java
Romain Vimont,2024-07-11 22:38:00+02:00,server/src/main/java/com/genymobile/scrcpy/wrappers/StatusBarManager.java
Romain Vimont,2024-07-11 22:38:00+02:00,server/src/main/java/com/genymobile/scrcpy/wrappers/SurfaceControl.java
Romain Vimont,2024-07-11 22:38:00+02:00,server/src/main/java/com/genymobile/scrcpy/wrappers/WindowManager.java
Romain Vimont,2024-07-11 22:38:00+02:00,server/src/test/java/com/genymobile/scrcpy/control/ControlMessageReaderTest.java
Romain Vimont,2024-07-11 22:38:00+02:00,server/src/test/java/com/genymobile/scrcpy/control/DeviceMessageWriterTest.java
Romain Vimont,2024-07-11 22:38:00+02:00,server/src/test/java/com/genymobile/scrcpy/util/BinaryTest.java
Romain Vimont,2024-07-11 22:38:00+02:00,server/src/test/java/com/genymobile/scrcpy/util/CodecOptionsTest.java
Romain Vimont,2024-07-11 22:38:00+02:00,server/src/test/java/com/genymobile/scrcpy/util/CommandParserTest.java
Romain Vimont,2024-07-11 22:38:00+02:00,server/src/test/java/com/genymobile/scrcpy/util/StringUtilsTest.java
Romain Vimont,2024-07-16 21:31:31+02:00,app/src/server.c
Romain Vimont,2024-07-17 18:00:27+02:00,release.mk
Romain Vimont,2024-07-17 18:02:26+02:00,server/src/main/java/com/genymobile/scrcpy/device/Device.java
Romain Vimont,2024-07-17 18:02:26+02:00,server/src/main/java/com/genymobile/scrcpy/wrappers/SurfaceControl.java
Kaiming Hu,2024-07-17 18:02:29+02:00,server/src/main/java/com/genymobile/scrcpy/device/Device.java
Kaiming Hu,2024-07-17 18:02:29+02:00,server/src/main/java/com/genymobile/scrcpy/wrappers/SurfaceControl.java
Romain Vimont,2024-07-19 17:48:39+02:00,server/src/main/java/com/genymobile/scrcpy/audio/AudioEncoder.java
Romain Vimont,2024-07-19 17:48:39+02:00,server/src/main/java/com/genymobile/scrcpy/audio/AudioCapture.java
Romain Vimont,2024-07-19 17:48:39+02:00,server/src/main/java/com/genymobile/scrcpy/audio/AudioCaptureException.java
Romain Vimont,2024-07-19 17:48:39+02:00,server/src/main/java/com/genymobile/scrcpy/audio/AudioCaptureForegroundException.java
Romain Vimont,2024-07-19 17:48:39+02:00,server/src/main/java/com/genymobile/scrcpy/audio/AudioEncoder.java
Romain Vimont,2024-07-19 17:48:39+02:00,server/src/main/java/com/genymobile/scrcpy/audio/AudioRawRecorder.java
Romain Vimont,2024-07-19 17:48:39+02:00,server/src/main/java/com/genymobile/scrcpy/Workarounds.java
Romain Vimont,2024-07-19 17:48:39+02:00,server/src/main/java/com/genymobile/scrcpy/audio/AudioCapture.java
Romain Vimont,2024-07-19 17:48:39+02:00,server/src/main/java/com/genymobile/scrcpy/audio/AudioCapture.java
Romain Vimont,2024-07-19 17:48:39+02:00,server/src/main/java/com/genymobile/scrcpy/audio/AudioEncoder.java
Romain Vimont,2024-07-19 17:48:39+02:00,server/src/main/java/com/genymobile/scrcpy/audio/AudioCapture.java
Romain Vimont,2024-07-19 17:48:39+02:00,server/src/main/java/com/genymobile/scrcpy/audio/AudioConfig.java
Romain Vimont,2024-07-19 17:48:39+02:00,server/src/main/java/com/genymobile/scrcpy/audio/AudioEncoder.java
Romain Vimont,2024-07-19 17:48:39+02:00,server/src/main/java/com/genymobile/scrcpy/audio/AudioRawRecorder.java
Romain Vimont,2024-07-19 17:48:39+02:00,server/src/main/java/com/genymobile/scrcpy/audio/AudioCapture.java
Romain Vimont,2024-07-19 17:48:39+02:00,server/src/main/java/com/genymobile/scrcpy/audio/AudioConfig.java
Romain Vimont,2024-07-19 17:48:39+02:00,server/src/main/java/com/genymobile/scrcpy/audio/AudioCapture.java
Romain Vimont,2024-07-19 17:48:39+02:00,server/src/main/java/com/genymobile/scrcpy/audio/AudioRecordReader.java
Romain Vimont,2024-07-19 17:48:39+02:00,server/src/main/java/com/genymobile/scrcpy/Server.java
Romain Vimont,2024-07-19 17:48:39+02:00,server/src/main/java/com/genymobile/scrcpy/audio/AudioCapture.java
Romain Vimont,2024-07-19 17:48:39+02:00,server/src/main/java/com/genymobile/scrcpy/audio/AudioDirectCapture.java
Romain Vimont,2024-07-19 17:48:39+02:00,server/src/main/java/com/genymobile/scrcpy/audio/AudioDirectCapture.java
Romain Vimont,2024-07-19 17:48:39+02:00,server/src/main/java/com/genymobile/scrcpy/audio/AudioSource.java
Romain Vimont,2024-07-19 17:48:39+02:00,app/data/bash-completion/scrcpy
Romain Vimont,2024-07-19 17:48:39+02:00,app/data/zsh-completion/_scrcpy
Romain Vimont,2024-07-19 17:48:39+02:00,app/scrcpy.1
Romain Vimont,2024-07-19 17:48:39+02:00,app/src/cli.c
Romain Vimont,2024-07-19 17:48:39+02:00,app/src/options.h
Romain Vimont,2024-07-19 17:48:39+02:00,app/src/server.c
Romain Vimont,2024-07-19 17:48:39+02:00,server/src/main/java/com/genymobile/scrcpy/Server.java
Romain Vimont,2024-07-19 17:48:39+02:00,server/src/main/java/com/genymobile/scrcpy/audio/AudioPlaybackCapture.java
Romain Vimont,2024-07-19 17:48:39+02:00,server/src/main/java/com/genymobile/scrcpy/audio/AudioSource.java
Romain Vimont,2024-07-19 17:48:39+02:00,app/data/bash-completion/scrcpy
Romain Vimont,2024-07-19 17:48:39+02:00,app/data/zsh-completion/_scrcpy
Romain Vimont,2024-07-19 17:48:39+02:00,app/scrcpy.1
Romain Vimont,2024-07-19 17:48:39+02:00,app/src/cli.c
Romain Vimont,2024-07-19 17:48:39+02:00,app/src/options.c
Romain Vimont,2024-07-19 17:48:39+02:00,app/src/options.h
Romain Vimont,2024-07-19 17:48:39+02:00,app/src/scrcpy.c
Romain Vimont,2024-07-19 17:48:39+02:00,app/src/server.c
Romain Vimont,2024-07-19 17:48:39+02:00,app/src/server.h
Romain Vimont,2024-07-19 17:48:39+02:00,server/src/main/java/com/genymobile/scrcpy/Options.java
Romain Vimont,2024-07-19 17:48:39+02:00,server/src/main/java/com/genymobile/scrcpy/Server.java
Romain Vimont,2024-07-19 17:48:39+02:00,server/src/main/java/com/genymobile/scrcpy/audio/AudioPlaybackCapture.java
Romain Vimont,2024-07-19 17:48:39+02:00,app/src/cli.c
Romain Vimont,2024-07-19 17:48:39+02:00,doc/audio.md
Romain Vimont,2024-07-19 17:51:50+02:00,.github/ISSUE_TEMPLATE/question.md
Romain Vimont,2024-07-19 17:51:50+02:00,README.md
Romain Vimont,2024-07-19 17:56:26+02:00,.github/FUNDING.yml
Romain Vimont,2024-07-29 20:03:44+02:00,app/src/server.c
Al Grimes,2024-07-31 14:55:00+02:00,server/src/main/java/com/genymobile/scrcpy/Workarounds.java
Romain Vimont,2024-08-01 12:16:35+02:00,server/src/main/java/com/genymobile/scrcpy/Server.java
Romain Vimont,2024-08-01 12:16:35+02:00,server/src/main/java/com/genymobile/scrcpy/Workarounds.java
Romain Vimont,2024-08-01 18:15:37+02:00,app/deps/sdl.sh
Romain Vimont,2024-08-01 18:15:59+02:00,app/scrcpy-windows.rc
Romain Vimont,2024-08-01 18:15:59+02:00,meson.build
Romain Vimont,2024-08-01 18:15:59+02:00,server/build.gradle
Romain Vimont,2024-08-01 18:15:59+02:00,server/build_without_gradle.sh
Romain Vimont,2024-08-01 18:46:10+02:00,README.md
Romain Vimont,2024-08-01 18:46:10+02:00,doc/build.md
Romain Vimont,2024-08-01 18:46:10+02:00,doc/windows.md
Romain Vimont,2024-08-01 18:46:10+02:00,install_release.sh
Romain Vimont,2024-08-02 18:44:42+02:00,README.md
Romain Vimont,2024-08-02 22:24:31+02:00,server/src/main/java/com/genymobile/scrcpy/control/Controller.java
Romain Vimont,2024-08-02 22:32:04+02:00,app/scrcpy-windows.rc
Romain Vimont,2024-08-02 22:32:04+02:00,meson.build
Romain Vimont,2024-08-02 22:32:04+02:00,server/build.gradle
Romain Vimont,2024-08-02 22:32:04+02:00,server/build_without_gradle.sh
Romain Vimont,2024-08-02 22:58:09+02:00,README.md
Romain Vimont,2024-08-02 22:58:09+02:00,doc/build.md
Romain Vimont,2024-08-02 22:58:09+02:00,doc/windows.md
Romain Vimont,2024-08-02 22:58:09+02:00,install_release.sh
yangfl,2024-08-05 16:13:02+02:00,app/scrcpy.1
yangfl,2024-08-05 16:13:02+02:00,app/src/android/keycodes.h
yangfl,2024-08-05 16:13:02+02:00,app/src/cli.c
Romain Vimont,2024-08-08 20:32:35+02:00,server/src/main/java/com/genymobile/scrcpy/control/UhidManager.java
Romain Vimont,2024-08-10 14:29:26+02:00,server/src/main/java/com/genymobile/scrcpy/Workarounds.java
Romain Vimont,2024-08-29 14:44:20+02:00,doc/otg.md
Romain Vimont,2024-09-06 23:07:15+02:00,release.mk
Romain Vimont,2024-09-07 14:31:54+02:00,server/src/main/java/com/genymobile/scrcpy/control/ControlChannel.java
Romain Vimont,2024-09-07 14:31:54+02:00,server/src/main/java/com/genymobile/scrcpy/control/ControlMessageReader.java
Romain Vimont,2024-09-07 14:31:54+02:00,server/src/main/java/com/genymobile/scrcpy/control/ControlProtocolException.java
Romain Vimont,2024-09-07 14:31:54+02:00,server/src/main/java/com/genymobile/scrcpy/control/DeviceMessageWriter.java
Romain Vimont,2024-09-07 14:31:54+02:00,server/src/test/java/com/genymobile/scrcpy/control/ControlMessageReaderTest.java
Romain Vimont,2024-09-07 14:31:54+02:00,server/src/test/java/com/genymobile/scrcpy/control/DeviceMessageWriterTest.java
Romain Vimont,2024-09-09 08:24:52+02:00,app/src/cli.c
Romain Vimont,2024-09-11 11:26:07+02:00,app/src/delay_buffer.c
Romain Vimont,2024-09-11 11:26:07+02:00,app/src/delay_buffer.h
Romain Vimont,2024-09-11 15:41:29+02:00,app/src/audio_player.c
Romain Vimont,2024-09-11 15:41:29+02:00,app/src/clock.c
Romain Vimont,2024-09-11 15:41:29+02:00,app/src/delay_buffer.c
Romain Vimont,2024-09-11 15:41:29+02:00,app/src/delay_buffer.h
Romain Vimont,2024-09-11 15:41:49+02:00,app/src/delay_buffer.c
Romain Vimont,2024-09-12 11:06:13+02:00,app/src/clock.c
Romain Vimont,2024-09-13 19:48:55+02:00,app/src/screen.c
Romain Vimont,2024-09-13 19:48:55+02:00,server/src/main/java/com/genymobile/scrcpy/Options.java
Romain Vimont,2024-09-13 19:53:05+02:00,app/src/server.c
Romain Vimont,2024-09-13 20:03:17+02:00,server/src/main/java/com/genymobile/scrcpy/audio/AudioDirectCapture.java
Romain Vimont,2024-09-13 22:02:25+02:00,app/src/cli.c
Romain Vimont,2024-09-13 22:02:25+02:00,app/src/options.h
Romain Vimont,2024-09-13 22:02:25+02:00,app/src/server.c
Romain Vimont,2024-09-13 22:02:25+02:00,app/src/server.h
Romain Vimont,2024-09-13 22:02:25+02:00,app/src/util/str.c
Romain Vimont,2024-09-13 22:02:25+02:00,app/src/util/str.h
Romain Vimont,2024-09-13 22:02:25+02:00,server/src/main/java/com/genymobile/scrcpy/Options.java
Romain Vimont,2024-09-13 22:02:25+02:00,server/src/main/java/com/genymobile/scrcpy/video/SurfaceEncoder.java
Romain Vimont,2024-09-14 14:37:30+02:00,app/src/cli.c
Romain Vimont,2024-09-14 14:37:30+02:00,app/src/options.c
Romain Vimont,2024-09-14 14:37:30+02:00,app/src/options.h
Romain Vimont,2024-09-14 14:37:30+02:00,app/src/server.c
Romain Vimont,2024-09-14 14:37:30+02:00,app/src/server.h
Romain Vimont,2024-09-14 14:37:30+02:00,app/src/util/str.c
Romain Vimont,2024-09-14 14:37:30+02:00,app/src/util/str.h
Romain Vimont,2024-09-14 14:37:30+02:00,app/tests/test_cli.c
Romain Vimont,2024-09-14 14:42:00+02:00,app/src/compat.h
Romain Vimont,2024-09-14 19:46:55+02:00,app/src/server.c
Romain Vimont,2024-09-14 19:46:55+02:00,app/src/util/net.c
Romain Vimont,2024-09-14 19:46:55+02:00,app/src/util/net.h
Romain Vimont,2024-09-14 21:23:44+02:00,app/src/server.c
Romain Vimont,2024-09-14 21:24:15+02:00,app/src/scrcpy.c
Romain Vimont,2024-09-14 21:24:15+02:00,app/src/uhid/keyboard_uhid.c
Romain Vimont,2024-09-14 21:24:15+02:00,app/scrcpy.1
Romain Vimont,2024-09-14 21:24:15+02:00,app/src/events.h
Romain Vimont,2024-09-14 21:24:15+02:00,app/meson.build
Romain Vimont,2024-09-14 21:24:15+02:00,app/src/events.c
Romain Vimont,2024-09-14 21:24:15+02:00,app/src/events.h
Romain Vimont,2024-09-14 21:24:15+02:00,app/src/scrcpy.c
Romain Vimont,2024-09-14 21:24:15+02:00,app/src/screen.c
Romain Vimont,2024-09-14 21:24:15+02:00,app/src/usb/scrcpy_otg.c
Romain Vimont,2024-09-14 21:24:15+02:00,app/src/main.c
Romain Vimont,2024-09-14 21:24:15+02:00,app/src/util/thread.c
Romain Vimont,2024-09-14 21:24:15+02:00,app/src/util/thread.h
Romain Vimont,2024-09-15 11:21:55+02:00,app/src/events.c
Romain Vimont,2024-09-15 11:21:55+02:00,app/src/events.h
Romain Vimont,2024-09-15 11:21:55+02:00,app/src/scrcpy.c
Romain Vimont,2024-09-15 11:21:56+02:00,app/src/receiver.c
Romain Vimont,2024-09-15 11:21:56+02:00,app/src/receiver.c
Romain Vimont,2024-09-15 11:21:56+02:00,app/src/uhid/keyboard_uhid.c
Romain Vimont,2024-09-15 11:21:56+02:00,app/src/uhid/keyboard_uhid.h
Romain Vimont,2024-09-15 11:21:56+02:00,app/src/control_msg.c
Romain Vimont,2024-09-15 11:21:56+02:00,app/src/control_msg.h
Romain Vimont,2024-09-15 11:21:56+02:00,app/src/controller.c
Romain Vimont,2024-09-15 11:21:56+02:00,app/src/scrcpy.c
Romain Vimont,2024-09-15 11:21:56+02:00,app/src/usb/aoa_hid.h
Romain Vimont,2024-09-15 11:21:56+02:00,app/src/hid/hid_mouse.c
Romain Vimont,2024-09-15 11:21:56+02:00,app/src/hid/hid_mouse.h
Romain Vimont,2024-09-15 11:21:56+02:00,app/src/hid/hid_event.h
Romain Vimont,2024-09-15 11:21:56+02:00,app/src/hid/hid_keyboard.c
Romain Vimont,2024-09-15 11:21:56+02:00,app/src/hid/hid_keyboard.h
Romain Vimont,2024-09-15 11:21:56+02:00,app/src/hid/hid_mouse.c
Romain Vimont,2024-09-15 11:21:56+02:00,app/src/hid/hid_mouse.h
Romain Vimont,2024-09-15 11:21:56+02:00,app/src/uhid/keyboard_uhid.c
Romain Vimont,2024-09-15 11:21:56+02:00,app/src/uhid/mouse_uhid.c
Romain Vimont,2024-09-15 11:21:56+02:00,app/src/usb/aoa_hid.c
Romain Vimont,2024-09-15 11:21:56+02:00,app/src/usb/aoa_hid.h
Romain Vimont,2024-09-15 11:21:56+02:00,app/src/usb/keyboard_aoa.c
Romain Vimont,2024-09-15 11:21:56+02:00,app/src/usb/mouse_aoa.c
Romain Vimont,2024-09-15 11:21:56+02:00,app/src/usb/aoa_hid.c
Romain Vimont,2024-09-15 11:21:56+02:00,app/src/usb/aoa_hid.c
Romain Vimont,2024-09-15 11:21:56+02:00,app/src/usb/aoa_hid.c
Romain Vimont,2024-09-15 11:21:56+02:00,app/src/usb/aoa_hid.h
Romain Vimont,2024-09-15 11:21:56+02:00,app/src/usb/keyboard_aoa.c
Romain Vimont,2024-09-15 11:21:56+02:00,app/src/usb/mouse_aoa.c
Romain Vimont,2024-09-15 11:21:56+02:00,app/src/hid/hid_event.h
Romain Vimont,2024-09-15 11:21:56+02:00,app/src/hid/hid_keyboard.c
Romain Vimont,2024-09-15 11:21:56+02:00,app/src/hid/hid_keyboard.h
Romain Vimont,2024-09-15 11:21:56+02:00,app/src/hid/hid_mouse.c
Romain Vimont,2024-09-15 11:21:56+02:00,app/src/hid/hid_mouse.h
Romain Vimont,2024-09-15 11:21:56+02:00,app/src/uhid/keyboard_uhid.c
Romain Vimont,2024-09-15 11:21:56+02:00,app/src/uhid/mouse_uhid.c
Romain Vimont,2024-09-15 11:21:56+02:00,app/src/usb/aoa_hid.c
Romain Vimont,2024-09-15 11:21:56+02:00,app/src/usb/aoa_hid.h
Romain Vimont,2024-09-15 11:21:56+02:00,app/src/usb/keyboard_aoa.c
Romain Vimont,2024-09-15 11:21:56+02:00,app/src/usb/mouse_aoa.c
Romain Vimont,2024-09-15 11:21:56+02:00,app/src/hid/hid_event.h
Romain Vimont,2024-09-15 11:21:56+02:00,app/src/hid/hid_keyboard.c
Romain Vimont,2024-09-15 11:21:56+02:00,app/src/hid/hid_keyboard.h
Romain Vimont,2024-09-15 11:21:56+02:00,app/src/hid/hid_mouse.c
Romain Vimont,2024-09-15 11:21:56+02:00,app/src/hid/hid_mouse.h
Romain Vimont,2024-09-15 11:21:56+02:00,app/src/uhid/keyboard_uhid.c
Romain Vimont,2024-09-15 11:21:56+02:00,app/src/uhid/mouse_uhid.c
Romain Vimont,2024-09-15 11:21:56+02:00,app/src/usb/aoa_hid.c
Romain Vimont,2024-09-15 11:21:56+02:00,app/src/usb/aoa_hid.h
Romain Vimont,2024-09-15 11:21:56+02:00,app/src/usb/keyboard_aoa.c
Romain Vimont,2024-09-15 11:21:56+02:00,app/src/usb/mouse_aoa.c
Romain Vimont,2024-09-15 11:21:56+02:00,app/src/usb/aoa_hid.c
Romain Vimont,2024-09-15 11:21:56+02:00,app/src/uhid/keyboard_uhid.c
Romain Vimont,2024-09-15 11:21:56+02:00,app/src/uhid/mouse_uhid.c
Romain Vimont,2024-09-15 11:21:56+02:00,app/src/usb/keyboard_aoa.c
Romain Vimont,2024-09-15 11:21:56+02:00,app/src/usb/mouse_aoa.c
Romain Vimont,2024-09-15 11:21:56+02:00,app/src/usb/aoa_hid.c
Romain Vimont,2024-09-15 11:21:56+02:00,app/src/usb/keyboard_aoa.c
Romain Vimont,2024-09-15 11:21:56+02:00,app/src/usb/mouse_aoa.c
Romain Vimont,2024-09-15 11:21:56+02:00,app/src/events.h
Romain Vimont,2024-09-15 11:21:56+02:00,app/src/scrcpy.c
Romain Vimont,2024-09-15 11:21:56+02:00,app/src/usb/aoa_hid.c
Romain Vimont,2024-09-15 11:21:56+02:00,app/src/usb/aoa_hid.h
Romain Vimont,2024-09-15 11:21:56+02:00,app/src/usb/keyboard_aoa.c
Romain Vimont,2024-09-15 11:21:56+02:00,app/src/usb/mouse_aoa.c
Romain Vimont,2024-09-15 11:21:56+02:00,app/src/usb/scrcpy_otg.c
Romain Vimont,2024-09-15 11:21:56+02:00,app/src/hid/hid_keyboard.c
Romain Vimont,2024-09-15 11:21:56+02:00,app/src/hid/hid_mouse.c
Romain Vimont,2024-09-15 11:21:56+02:00,app/src/input_manager.c
Romain Vimont,2024-09-15 11:21:56+02:00,app/src/input_events.h
Romain Vimont,2024-09-15 11:21:56+02:00,app/src/input_manager.c
Romain Vimont,2024-09-15 11:21:56+02:00,app/src/input_manager.h
Romain Vimont,2024-09-15 11:21:56+02:00,app/src/scrcpy.c
Romain Vimont,2024-09-15 11:21:56+02:00,app/src/screen.c
Romain Vimont,2024-09-15 11:21:56+02:00,app/src/screen.h
Romain Vimont,2024-09-15 11:21:56+02:00,app/src/trait/gamepad_processor.h
Romain Vimont,2024-09-15 11:21:56+02:00,app/src/util/binary.h
Romain Vimont,2024-09-15 11:21:56+02:00,app/tests/test_binary.c
Romain Vimont,2024-09-15 11:21:56+02:00,app/meson.build
Romain Vimont,2024-09-15 11:21:56+02:00,app/src/hid/hid_event.h
Romain Vimont,2024-09-15 11:21:56+02:00,app/src/hid/hid_gamepad.c
Romain Vimont,2024-09-15 11:21:56+02:00,app/src/hid/hid_gamepad.h
Romain Vimont,2024-09-15 11:21:56+02:00,app/data/bash-completion/scrcpy
Romain Vimont,2024-09-15 11:21:56+02:00,app/data/zsh-completion/_scrcpy
Romain Vimont,2024-09-15 11:21:56+02:00,app/meson.build
Romain Vimont,2024-09-15 11:21:56+02:00,app/scrcpy.1
Romain Vimont,2024-09-15 11:21:56+02:00,app/src/cli.c
Romain Vimont,2024-09-15 11:21:56+02:00,app/src/options.c
Romain Vimont,2024-09-15 11:21:56+02:00,app/src/options.h
Romain Vimont,2024-09-15 11:21:56+02:00,app/src/scrcpy.c
Romain Vimont,2024-09-15 11:21:56+02:00,app/src/usb/gamepad_aoa.c
Romain Vimont,2024-09-15 11:21:56+02:00,app/src/usb/gamepad_aoa.h
Romain Vimont,2024-09-15 11:21:56+02:00,app/src/scrcpy.c
Romain Vimont,2024-09-15 11:21:56+02:00,app/src/cli.c
Romain Vimont,2024-09-15 11:21:56+02:00,app/src/usb/scrcpy_otg.c
Romain Vimont,2024-09-15 11:21:56+02:00,app/src/usb/screen_otg.c
Romain Vimont,2024-09-15 11:21:56+02:00,app/src/usb/screen_otg.h
Romain Vimont,2024-09-15 11:21:56+02:00,app/src/control_msg.c
Romain Vimont,2024-09-15 11:21:56+02:00,app/src/control_msg.h
Romain Vimont,2024-09-15 11:21:56+02:00,app/tests/test_control_msg_serialize.c
Romain Vimont,2024-09-15 11:21:56+02:00,server/src/main/java/com/genymobile/scrcpy/control/ControlMessage.java
Romain Vimont,2024-09-15 11:21:56+02:00,server/src/main/java/com/genymobile/scrcpy/control/ControlMessageReader.java
Romain Vimont,2024-09-15 11:21:56+02:00,server/src/test/java/com/genymobile/scrcpy/control/ControlMessageReaderTest.java
Romain Vimont,2024-09-15 11:21:56+02:00,app/data/bash-completion/scrcpy
Romain Vimont,2024-09-15 11:21:56+02:00,app/data/zsh-completion/_scrcpy
Romain Vimont,2024-09-15 11:21:56+02:00,app/meson.build
Romain Vimont,2024-09-15 11:21:56+02:00,app/scrcpy.1
Romain Vimont,2024-09-15 11:21:56+02:00,app/src/cli.c
Romain Vimont,2024-09-15 11:21:56+02:00,app/src/options.h
Romain Vimont,2024-09-15 11:21:56+02:00,app/src/scrcpy.c
Romain Vimont,2024-09-15 11:21:56+02:00,app/src/uhid/gamepad_uhid.c
Romain Vimont,2024-09-15 11:21:56+02:00,app/src/uhid/gamepad_uhid.h
Romain Vimont,2024-09-15 11:21:56+02:00,server/src/main/java/com/genymobile/scrcpy/control/Controller.java
Romain Vimont,2024-09-15 11:21:56+02:00,server/src/main/java/com/genymobile/scrcpy/control/UhidManager.java
Romain Vimont,2024-09-15 11:21:56+02:00,app/data/zsh-completion/_scrcpy
Romain Vimont,2024-09-15 11:21:56+02:00,app/scrcpy.1
Romain Vimont,2024-09-15 11:21:56+02:00,app/src/cli.c
Romain Vimont,2024-09-15 11:21:56+02:00,app/src/options.h
Romain Vimont,2024-09-15 11:21:56+02:00,app/src/control_msg.c
Romain Vimont,2024-09-15 11:21:56+02:00,app/src/control_msg.c
Romain Vimont,2024-09-15 11:21:56+02:00,app/src/control_msg.h
Romain Vimont,2024-09-15 11:21:56+02:00,app/src/hid/hid_event.h
Romain Vimont,2024-09-15 11:21:56+02:00,app/src/hid/hid_gamepad.c
Romain Vimont,2024-09-15 11:21:56+02:00,app/src/hid/hid_keyboard.c
Romain Vimont,2024-09-15 11:21:56+02:00,app/src/hid/hid_mouse.c
Romain Vimont,2024-09-15 11:21:56+02:00,app/src/uhid/gamepad_uhid.c
Romain Vimont,2024-09-15 11:21:56+02:00,app/src/uhid/keyboard_uhid.c
Romain Vimont,2024-09-15 11:21:56+02:00,app/src/uhid/mouse_uhid.c
Romain Vimont,2024-09-15 11:21:56+02:00,app/tests/test_control_msg_serialize.c
Romain Vimont,2024-09-15 11:21:56+02:00,server/src/main/java/com/genymobile/scrcpy/control/ControlMessage.java
Romain Vimont,2024-09-15 11:21:56+02:00,server/src/main/java/com/genymobile/scrcpy/control/ControlMessageReader.java
Romain Vimont,2024-09-15 11:21:56+02:00,server/src/main/java/com/genymobile/scrcpy/control/Controller.java
Romain Vimont,2024-09-15 11:21:56+02:00,server/src/main/java/com/genymobile/scrcpy/control/UhidManager.java
Romain Vimont,2024-09-15 11:21:56+02:00,server/src/test/java/com/genymobile/scrcpy/control/ControlMessageReaderTest.java
Romain Vimont,2024-09-15 11:21:56+02:00,app/src/receiver.c
Romain Vimont,2024-09-15 11:21:56+02:00,app/src/scrcpy.c
Romain Vimont,2024-09-15 11:21:56+02:00,app/src/uhid/keyboard_uhid.c
Romain Vimont,2024-09-15 11:21:56+02:00,app/src/uhid/keyboard_uhid.h
Romain Vimont,2024-09-15 11:21:56+02:00,app/src/uhid/uhid_output.c
Romain Vimont,2024-09-15 11:21:56+02:00,app/src/uhid/uhid_output.h
Romain Vimont,2024-09-15 11:21:56+02:00,app/src/receiver.c
Romain Vimont,2024-09-15 11:21:56+02:00,doc/otg.md
Romain Vimont,2024-09-15 11:21:56+02:00,README.md
Romain Vimont,2024-09-15 11:21:56+02:00,doc/gamepad.md
Romain Vimont,2024-09-15 11:21:56+02:00,doc/otg.md
Romain Vimont,2024-09-15 11:21:56+02:00,app/src/scrcpy.c
Romain Vimont,2024-09-15 11:21:56+02:00,app/src/usb/scrcpy_otg.c
Romain Vimont,2024-09-15 18:58:44+02:00,doc/gamepad.md
Romain Vimont,2024-09-15 18:58:44+02:00,doc/mouse.md
Romain Vimont,2024-09-15 18:58:53+02:00,doc/gamepad.md
Romain Vimont,2024-09-15 18:58:53+02:00,app/deps/sdl.sh
Romain Vimont,2024-09-15 18:58:53+02:00,app/deps/ffmpeg.sh
Romain Vimont,2024-09-15 18:59:27+02:00,app/scrcpy-windows.rc
Romain Vimont,2024-09-15 18:59:27+02:00,meson.build
Romain Vimont,2024-09-15 18:59:27+02:00,server/build.gradle
Romain Vimont,2024-09-15 18:59:27+02:00,server/build_without_gradle.sh
Romain Vimont,2024-09-15 21:18:15+02:00,README.md
Romain Vimont,2024-09-15 21:18:15+02:00,doc/build.md
Romain Vimont,2024-09-15 21:18:15+02:00,doc/windows.md
Romain Vimont,2024-09-15 21:18:15+02:00,install_release.sh
Romain Vimont,2024-09-20 08:43:42+02:00,server/src/main/java/com/genymobile/scrcpy/audio/AudioEncoder.java
Romain Vimont,2024-09-20 08:43:42+02:00,server/src/main/java/com/genymobile/scrcpy/audio/AudioRawRecorder.java
Romain Vimont,2024-09-20 08:43:42+02:00,server/src/main/java/com/genymobile/scrcpy/control/ControlMessageReader.java
Romain Vimont,2024-09-20 08:43:42+02:00,server/src/main/java/com/genymobile/scrcpy/control/Controller.java
Romain Vimont,2024-09-20 08:43:42+02:00,server/src/main/java/com/genymobile/scrcpy/video/CameraCapture.java
Romain Vimont,2024-09-20 08:43:42+02:00,server/src/main/java/com/genymobile/scrcpy/video/ScreenCapture.java
Romain Vimont,2024-09-20 08:43:42+02:00,server/src/main/java/com/genymobile/scrcpy/video/ScreenInfo.java
Romain Vimont,2024-09-20 08:43:42+02:00,server/src/main/java/com/genymobile/scrcpy/video/SurfaceEncoder.java
Romain Vimont,2024-09-20 08:43:42+02:00,server/src/main/java/com/genymobile/scrcpy/wrappers/DisplayManager.java
Romain Vimont,2024-09-20 08:45:46+02:00,server/src/main/java/com/genymobile/scrcpy/audio/AudioEncoder.java
Romain Vimont,2024-09-20 08:45:46+02:00,server/src/main/java/com/genymobile/scrcpy/util/Codec.java
Romain Vimont,2024-09-20 08:45:46+02:00,server/src/main/java/com/genymobile/scrcpy/video/SurfaceEncoder.java
Romain Vimont,2024-09-23 23:59:08+02:00,app/src/audio_player.h
Romain Vimont,2024-09-23 23:59:08+02:00,app/src/audio_player.c
Romain Vimont,2024-09-23 23:59:08+02:00,app/src/audio_player.h
Romain Vimont,2024-09-23 23:59:08+02:00,app/src/audio_player.c
Romain Vimont,2024-09-23 23:59:08+02:00,app/src/audio_player.h
Romain Vimont,2024-09-23 23:59:08+02:00,app/src/audio_player.c
Romain Vimont,2024-09-23 23:59:08+02:00,app/src/audio_player.h
Romain Vimont,2024-09-23 23:59:08+02:00,app/src/audio_player.c
Romain Vimont,2024-09-23 23:59:08+02:00,app/src/audio_player.h
Romain Vimont,2024-09-23 23:59:08+02:00,app/meson.build
Romain Vimont,2024-09-23 23:59:08+02:00,app/src/audio_player.c
Romain Vimont,2024-09-23 23:59:08+02:00,app/src/audio_player.h
Romain Vimont,2024-09-23 23:59:08+02:00,app/src/audio_regulator.c
Romain Vimont,2024-09-23 23:59:08+02:00,app/src/audio_regulator.h
Romain Vimont,2024-09-25 19:59:49+02:00,app/src/input_manager.c
Romain Vimont,2024-09-25 19:59:49+02:00,app/src/screen.c
Romain Vimont,2024-09-25 19:59:49+02:00,app/src/screen.h
Romain Vimont,2024-09-25 21:38:09+02:00,app/scrcpy.1
Romain Vimont,2024-09-25 21:38:09+02:00,app/src/cli.c
Romain Vimont,2024-09-25 21:38:09+02:00,app/src/input_manager.c
Romain Vimont,2024-09-25 21:38:09+02:00,doc/control.md
Romain Vimont,2024-09-25 21:38:09+02:00,doc/shortcuts.md
Romain Vimont,2024-09-30 08:16:33+02:00,server/src/main/java/com/genymobile/scrcpy/util/LogUtils.java
Romain Vimont,2024-10-01 22:39:06+02:00,server/src/main/java/com/genymobile/scrcpy/util/IO.java
Romain Vimont,2024-10-01 22:49:55+02:00,server/src/main/java/com/genymobile/scrcpy/util/IO.java
Romain Vimont,2024-10-01 22:50:34+02:00,server/src/main/java/com/genymobile/scrcpy/util/IO.java
Romain Vimont,2024-10-06 18:00:25+02:00,app/src/keyboard_sdk.c
Romain Vimont,2024-10-06 18:00:52+02:00,app/src/input_manager.c
Romain Vimont,2024-10-06 18:00:56+02:00,app/meson.build
Romain Vimont,2024-10-06 18:00:56+02:00,app/src/mouse_capture.c
Romain Vimont,2024-10-06 18:00:56+02:00,app/src/mouse_capture.h
Romain Vimont,2024-10-06 18:00:56+02:00,app/src/screen.c
Romain Vimont,2024-10-06 18:00:56+02:00,app/src/screen.h
Romain Vimont,2024-10-06 18:00:56+02:00,app/src/usb/screen_otg.c
Romain Vimont,2024-10-06 18:00:56+02:00,app/src/usb/screen_otg.h
Romain Vimont,2024-10-06 18:00:59+02:00,app/src/input_manager.c
Romain Vimont,2024-10-06 18:00:59+02:00,app/src/shortcut_mod.h
Romain Vimont,2024-10-06 18:01:02+02:00,app/src/mouse_capture.c
Romain Vimont,2024-10-06 18:01:02+02:00,app/src/mouse_capture.h
Romain Vimont,2024-10-06 18:01:02+02:00,app/src/screen.c
Romain Vimont,2024-10-06 18:01:02+02:00,app/src/usb/scrcpy_otg.c
Romain Vimont,2024-10-06 18:01:02+02:00,app/src/usb/screen_otg.c
Romain Vimont,2024-10-06 18:01:02+02:00,app/src/usb/screen_otg.h
Romain Vimont,2024-10-06 18:07:05+02:00,app/src/usb/aoa_hid.h
Yan,2024-10-07 16:54:15+02:00,app/src/mouse_capture.c
Romain Vimont,2024-10-08 18:12:55+02:00,app/src/util/timeout.c
Romain Vimont,2024-10-08 18:18:05+02:00,app/src/util/tick.h
Romain Vimont,2024-10-11 22:42:39+02:00,app/src/server.c
Romain Vimont,2024-10-11 22:51:15+02:00,server/src/main/java/com/genymobile/scrcpy/Options.java
dillonfrederica,2024-10-12 15:57:24+02:00,app/src/events.h
Romain Vimont,2024-10-20 13:15:22+02:00,server/src/main/java/com/genymobile/scrcpy/AndroidVersions.java
Romain Vimont,2024-10-20 13:15:22+02:00,server/src/main/java/com/genymobile/scrcpy/FakeContext.java
Romain Vimont,2024-10-20 13:15:22+02:00,server/src/main/java/com/genymobile/scrcpy/Server.java
Romain Vimont,2024-10-20 13:15:22+02:00,server/src/main/java/com/genymobile/scrcpy/Workarounds.java
Romain Vimont,2024-10-20 13:15:22+02:00,server/src/main/java/com/genymobile/scrcpy/audio/AudioDirectCapture.java
Romain Vimont,2024-10-20 13:15:22+02:00,server/src/main/java/com/genymobile/scrcpy/audio/AudioEncoder.java
Romain Vimont,2024-10-20 13:15:22+02:00,server/src/main/java/com/genymobile/scrcpy/audio/AudioPlaybackCapture.java
Romain Vimont,2024-10-20 13:15:22+02:00,server/src/main/java/com/genymobile/scrcpy/audio/AudioRawRecorder.java
Romain Vimont,2024-10-20 13:15:22+02:00,server/src/main/java/com/genymobile/scrcpy/audio/AudioRecordReader.java
Romain Vimont,2024-10-20 13:15:22+02:00,server/src/main/java/com/genymobile/scrcpy/control/Controller.java
Romain Vimont,2024-10-20 13:15:22+02:00,server/src/main/java/com/genymobile/scrcpy/control/UhidManager.java
Romain Vimont,2024-10-20 13:15:22+02:00,server/src/main/java/com/genymobile/scrcpy/device/Device.java
Romain Vimont,2024-10-20 13:15:22+02:00,server/src/main/java/com/genymobile/scrcpy/util/IO.java
Romain Vimont,2024-10-20 13:15:22+02:00,server/src/main/java/com/genymobile/scrcpy/util/Settings.java
Romain Vimont,2024-10-20 13:15:22+02:00,server/src/main/java/com/genymobile/scrcpy/video/CameraCapture.java
Romain Vimont,2024-10-20 13:15:22+02:00,server/src/main/java/com/genymobile/scrcpy/video/ScreenCapture.java
Romain Vimont,2024-10-20 13:15:22+02:00,server/src/main/java/com/genymobile/scrcpy/video/SurfaceEncoder.java
Romain Vimont,2024-10-20 13:15:22+02:00,server/src/main/java/com/genymobile/scrcpy/wrappers/ActivityManager.java
Romain Vimont,2024-10-20 13:15:22+02:00,server/src/main/java/com/genymobile/scrcpy/wrappers/ClipboardManager.java
Romain Vimont,2024-10-20 13:15:22+02:00,server/src/main/java/com/genymobile/scrcpy/wrappers/ContentProvider.java
Romain Vimont,2024-10-20 13:15:22+02:00,server/src/main/java/com/genymobile/scrcpy/wrappers/DisplayControl.java
Romain Vimont,2024-10-20 13:15:22+02:00,server/src/main/java/com/genymobile/scrcpy/wrappers/PowerManager.java
Romain Vimont,2024-10-20 13:15:22+02:00,server/src/main/java/com/genymobile/scrcpy/wrappers/SurfaceControl.java
Romain Vimont,2024-10-20 15:26:19+02:00,build.gradle
Romain Vimont,2024-10-20 15:26:19+02:00,gradle/wrapper/gradle-wrapper.properties
Romain Vimont,2024-10-20 15:26:19+02:00,server/build.gradle
Romain Vimont,2024-10-20 15:26:19+02:00,server/build_without_gradle.sh
Romain Vimont,2024-10-20 15:26:19+02:00,server/src/main/java/com/genymobile/scrcpy/AndroidVersions.java
Romain Vimont,2024-10-21 18:51:35+02:00,server/src/main/java/com/genymobile/scrcpy/AndroidVersions.java
Romain Vimont,2024-10-21 18:51:35+02:00,server/src/main/java/com/genymobile/scrcpy/wrappers/PowerManager.java
Romain Vimont,2024-10-22 19:47:56+02:00,server/src/main/java/com/genymobile/scrcpy/wrappers/WindowManager.java
Anwar Fuadi,2024-10-23 20:05:52+02:00,doc/build.md
Romain Vimont,2024-10-27 20:26:13+01:00,release.mk
Romain Vimont,2024-10-27 20:26:26+01:00,release.mk
Romain Vimont,2024-10-27 20:26:38+01:00,release.mk
Romain Vimont,2024-10-27 20:29:13+01:00,release.mk
Romain Vimont,2024-10-27 20:31:24+01:00,.github/workflows/release.yml
Romain Vimont,2024-10-28 14:55:55+01:00,doc/mouse.md
Romain Vimont,2024-10-28 18:13:55+01:00,server/src/main/java/com/genymobile/scrcpy/Server.java
Romain Vimont,2024-10-28 18:13:55+01:00,server/src/main/java/com/genymobile/scrcpy/device/Device.java
Romain Vimont,2024-10-28 18:13:55+01:00,server/src/main/java/com/genymobile/scrcpy/video/ScreenCapture.java
Romain Vimont,2024-10-28 18:13:55+01:00,server/src/main/java/com/genymobile/scrcpy/video/SurfaceCapture.java
Romain Vimont,2024-10-28 18:13:55+01:00,server/src/main/java/com/genymobile/scrcpy/wrappers/WindowManager.java
Romain Vimont,2024-10-28 18:13:55+01:00,server/src/main/java/com/genymobile/scrcpy/video/ScreenCapture.java
Romain Vimont,2024-10-28 18:13:55+01:00,server/src/main/java/com/genymobile/scrcpy/video/SurfaceEncoder.java
Romain Vimont,2024-10-28 18:13:55+01:00,server/src/main/java/com/genymobile/scrcpy/video/ScreenCapture.java
Romain Vimont,2024-10-28 18:13:55+01:00,server/src/main/java/com/genymobile/scrcpy/video/ScreenCapture.java
Romain Vimont,2024-10-28 18:13:55+01:00,server/src/main/java/com/genymobile/scrcpy/video/ScreenCapture.java
Romain Vimont,2024-10-28 18:13:55+01:00,server/src/main/java/com/genymobile/scrcpy/video/ScreenInfo.java
Romain Vimont,2024-10-28 18:13:55+01:00,server/src/main/java/com/genymobile/scrcpy/video/SurfaceCapture.java
Romain Vimont,2024-10-28 18:13:55+01:00,server/src/main/java/com/genymobile/scrcpy/video/SurfaceEncoder.java
Romain Vimont,2024-10-28 18:13:55+01:00,server/src/main/java/com/genymobile/scrcpy/Server.java
Romain Vimont,2024-10-28 18:13:55+01:00,server/src/main/java/com/genymobile/scrcpy/control/Controller.java
Romain Vimont,2024-10-28 18:13:55+01:00,server/src/main/java/com/genymobile/scrcpy/device/Device.java
Romain Vimont,2024-10-28 18:13:55+01:00,server/src/main/java/com/genymobile/scrcpy/Server.java
Romain Vimont,2024-10-28 18:13:55+01:00,server/src/main/java/com/genymobile/scrcpy/control/Controller.java
Romain Vimont,2024-10-28 18:13:55+01:00,server/src/main/java/com/genymobile/scrcpy/device/Device.java
Romain Vimont,2024-10-28 18:13:55+01:00,server/src/main/java/com/genymobile/scrcpy/control/PositionMapper.java
Romain Vimont,2024-10-28 18:13:55+01:00,server/src/main/java/com/genymobile/scrcpy/device/Device.java
Romain Vimont,2024-10-28 18:13:55+01:00,server/src/main/java/com/genymobile/scrcpy/video/ScreenCapture.java
Romain Vimont,2024-10-28 18:13:55+01:00,server/src/main/java/com/genymobile/scrcpy/Server.java
Romain Vimont,2024-10-28 18:13:55+01:00,server/src/main/java/com/genymobile/scrcpy/control/Controller.java
Romain Vimont,2024-10-28 18:13:55+01:00,server/src/main/java/com/genymobile/scrcpy/device/Device.java
Romain Vimont,2024-10-28 18:13:55+01:00,server/src/main/java/com/genymobile/scrcpy/video/ScreenCapture.java
Romain Vimont,2024-10-28 18:13:55+01:00,server/src/main/java/com/genymobile/scrcpy/video/VirtualDisplayListener.java
Romain Vimont,2024-10-28 18:13:55+01:00,server/src/main/java/com/genymobile/scrcpy/control/Controller.java
Romain Vimont,2024-10-28 18:13:55+01:00,server/src/main/java/com/genymobile/scrcpy/video/ScreenCapture.java
Romain Vimont,2024-10-28 18:13:55+01:00,server/src/main/java/com/genymobile/scrcpy/video/VirtualDisplayListener.java
Romain Vimont,2024-10-28 18:13:55+01:00,server/src/main/java/com/genymobile/scrcpy/device/DisplayInfo.java
Romain Vimont,2024-10-28 18:13:55+01:00,server/src/main/java/com/genymobile/scrcpy/wrappers/DisplayManager.java
Romain Vimont,2024-10-28 18:18:34+01:00,app/data/bash-completion/scrcpy
Romain Vimont,2024-10-28 18:18:34+01:00,app/data/zsh-completion/_scrcpy
Romain Vimont,2024-10-28 18:18:34+01:00,app/scrcpy.1
Romain Vimont,2024-10-28 18:18:34+01:00,app/src/cli.c
Romain Vimont,2024-10-28 18:18:34+01:00,app/src/options.c
Romain Vimont,2024-10-28 18:18:34+01:00,app/src/options.h
Romain Vimont,2024-10-28 18:18:34+01:00,app/src/scrcpy.c
Romain Vimont,2024-10-28 18:18:34+01:00,app/src/server.c
Romain Vimont,2024-10-28 18:18:34+01:00,app/src/server.h
Romain Vimont,2024-10-28 18:18:34+01:00,server/src/main/java/com/genymobile/scrcpy/CleanUp.java
Romain Vimont,2024-10-28 18:18:34+01:00,server/src/main/java/com/genymobile/scrcpy/Options.java
Romain Vimont,2024-10-28 18:18:34+01:00,server/src/main/java/com/genymobile/scrcpy/Server.java
Romain Vimont,2024-10-28 18:18:34+01:00,server/src/main/java/com/genymobile/scrcpy/control/Controller.java
Romain Vimont,2024-10-28 18:18:34+01:00,server/src/main/java/com/genymobile/scrcpy/device/Device.java
Romain Vimont,2024-10-28 18:18:34+01:00,server/src/main/java/com/genymobile/scrcpy/device/NewDisplay.java
Romain Vimont,2024-10-28 18:18:34+01:00,server/src/main/java/com/genymobile/scrcpy/device/Size.java
Romain Vimont,2024-10-28 18:18:34+01:00,server/src/main/java/com/genymobile/scrcpy/video/NewDisplayCapture.java
Romain Vimont,2024-10-28 18:18:34+01:00,server/src/main/java/com/genymobile/scrcpy/video/ScreenInfo.java
Romain Vimont,2024-10-28 18:18:34+01:00,server/src/main/java/com/genymobile/scrcpy/wrappers/DisplayManager.java
Romain Vimont,2024-10-28 18:18:36+01:00,server/src/main/java/com/genymobile/scrcpy/Server.java
Romain Vimont,2024-10-28 18:18:36+01:00,app/data/bash-completion/scrcpy
Romain Vimont,2024-10-28 18:18:36+01:00,app/data/zsh-completion/_scrcpy
Romain Vimont,2024-10-28 18:18:36+01:00,app/scrcpy.1
Romain Vimont,2024-10-28 18:18:36+01:00,app/src/cli.c
Romain Vimont,2024-10-28 18:18:36+01:00,app/src/options.h
Romain Vimont,2024-10-28 18:18:36+01:00,app/src/server.c
Romain Vimont,2024-10-28 18:18:36+01:00,server/src/main/java/com/genymobile/scrcpy/Options.java
Romain Vimont,2024-10-28 18:18:36+01:00,server/src/main/java/com/genymobile/scrcpy/Server.java
Romain Vimont,2024-10-28 18:18:36+01:00,server/src/main/java/com/genymobile/scrcpy/device/Device.java
Romain Vimont,2024-10-28 18:18:36+01:00,server/src/main/java/com/genymobile/scrcpy/device/DeviceApp.java
Romain Vimont,2024-10-28 18:18:36+01:00,server/src/main/java/com/genymobile/scrcpy/util/LogUtils.java
Romain Vimont,2024-10-28 18:18:36+01:00,app/data/bash-completion/scrcpy
Romain Vimont,2024-10-28 18:18:36+01:00,app/data/zsh-completion/_scrcpy
Romain Vimont,2024-10-28 18:18:36+01:00,app/scrcpy.1
Romain Vimont,2024-10-28 18:18:36+01:00,app/src/cli.c
Romain Vimont,2024-10-28 18:18:36+01:00,app/src/control_msg.c
Romain Vimont,2024-10-28 18:18:36+01:00,app/src/control_msg.h
Romain Vimont,2024-10-28 18:18:36+01:00,app/src/options.c
Romain Vimont,2024-10-28 18:18:36+01:00,app/src/options.h
Romain Vimont,2024-10-28 18:18:36+01:00,app/src/scrcpy.c
Romain Vimont,2024-10-28 18:18:36+01:00,server/src/main/java/com/genymobile/scrcpy/control/ControlMessage.java
Romain Vimont,2024-10-28 18:18:36+01:00,server/src/main/java/com/genymobile/scrcpy/control/ControlMessageReader.java
Romain Vimont,2024-10-28 18:18:36+01:00,server/src/main/java/com/genymobile/scrcpy/control/Controller.java
Romain Vimont,2024-10-28 18:18:36+01:00,server/src/main/java/com/genymobile/scrcpy/device/Device.java
Romain Vimont,2024-10-28 18:18:36+01:00,server/src/main/java/com/genymobile/scrcpy/util/LogUtils.java
Romain Vimont,2024-10-28 18:18:36+01:00,server/src/main/java/com/genymobile/scrcpy/wrappers/ActivityManager.java
Romain Vimont,2024-10-28 18:18:36+01:00,server/src/test/java/com/genymobile/scrcpy/control/ControlMessageReaderTest.java
Romain Vimont,2024-10-28 18:18:36+01:00,app/scrcpy.1
Romain Vimont,2024-10-28 18:18:36+01:00,app/src/cli.c
Romain Vimont,2024-10-28 18:18:36+01:00,server/src/main/java/com/genymobile/scrcpy/control/Controller.java
Romain Vimont,2024-10-28 18:18:36+01:00,server/src/main/java/com/genymobile/scrcpy/device/Device.java
Romain Vimont,2024-10-28 18:18:36+01:00,app/scrcpy.1
Romain Vimont,2024-10-28 18:18:36+01:00,app/src/cli.c
Romain Vimont,2024-10-28 18:18:36+01:00,server/src/main/java/com/genymobile/scrcpy/control/Controller.java
Romain Vimont,2024-10-28 18:18:36+01:00,server/src/main/java/com/genymobile/scrcpy/device/Device.java
Romain Vimont,2024-10-28 18:18:36+01:00,README.md
Romain Vimont,2024-10-28 18:18:36+01:00,doc/device.md
Romain Vimont,2024-10-28 18:18:36+01:00,doc/virtual_display.md
Romain Vimont,2024-10-29 18:58:54+01:00,app/src/cli.c
Romain Vimont,2024-10-29 18:59:29+01:00,app/src/cli.c
Romain Vimont,2024-10-30 18:50:47+01:00,server/src/main/java/com/genymobile/scrcpy/util/CodecUtils.java
Romain Vimont,2024-10-30 18:50:47+01:00,server/src/main/java/com/genymobile/scrcpy/util/LogUtils.java
Romain Vimont,2024-10-30 18:51:00+01:00,server/src/main/java/com/genymobile/scrcpy/util/LogUtils.java
Romain Vimont,2024-10-30 19:38:04+01:00,app/src/control_msg.c
Romain Vimont,2024-10-30 19:38:04+01:00,app/src/control_msg.h
Romain Vimont,2024-10-30 19:38:04+01:00,app/src/input_manager.c
Romain Vimont,2024-10-30 19:38:04+01:00,app/src/scrcpy.c
Romain Vimont,2024-10-30 19:38:04+01:00,app/tests/test_control_msg_serialize.c
Romain Vimont,2024-10-30 19:38:04+01:00,server/src/main/java/com/genymobile/scrcpy/CleanUp.java
Romain Vimont,2024-10-30 19:38:04+01:00,server/src/main/java/com/genymobile/scrcpy/control/ControlMessage.java
Romain Vimont,2024-10-30 19:38:04+01:00,server/src/main/java/com/genymobile/scrcpy/control/ControlMessageReader.java
Romain Vimont,2024-10-30 19:38:04+01:00,server/src/main/java/com/genymobile/scrcpy/control/Controller.java
Romain Vimont,2024-10-30 19:38:04+01:00,server/src/main/java/com/genymobile/scrcpy/device/Device.java
Romain Vimont,2024-10-30 19:38:04+01:00,server/src/test/java/com/genymobile/scrcpy/control/ControlMessageReaderTest.java
Romain Vimont,2024-10-30 19:38:07+01:00,server/src/main/java/com/genymobile/scrcpy/CleanUp.java
Romain Vimont,2024-10-30 19:38:07+01:00,server/src/main/java/com/genymobile/scrcpy/control/Controller.java
Romain Vimont,2024-10-30 19:38:35+01:00,server/src/main/java/com/genymobile/scrcpy/CleanUp.java
Romain Vimont,2024-10-30 19:38:35+01:00,server/src/main/java/com/genymobile/scrcpy/control/Controller.java
Romain Vimont,2024-10-30 19:38:35+01:00,server/src/main/java/com/genymobile/scrcpy/device/Device.java
Romain Vimont,2024-10-30 19:38:35+01:00,server/src/main/java/com/genymobile/scrcpy/wrappers/DisplayManager.java
Romain Vimont,2024-10-30 22:23:53+01:00,doc/device.md
Romain Vimont,2024-10-31 19:55:47+01:00,app/src/cli.c
Romain Vimont,2024-10-31 19:55:47+01:00,app/src/options.h
Romain Vimont,2024-10-31 19:55:47+01:00,server/src/main/java/com/genymobile/scrcpy/Options.java
Romain Vimont,2024-10-31 19:55:47+01:00,server/src/main/java/com/genymobile/scrcpy/Server.java
Romain Vimont,2024-10-31 19:55:47+01:00,server/src/main/java/com/genymobile/scrcpy/device/Device.java
Romain Vimont,2024-10-31 19:55:47+01:00,server/src/main/java/com/genymobile/scrcpy/video/ScreenInfo.java
Romain Vimont,2024-10-31 19:57:52+01:00,app/data/bash-completion/scrcpy
Romain Vimont,2024-10-31 19:57:52+01:00,app/data/zsh-completion/_scrcpy
Romain Vimont,2024-10-31 19:57:52+01:00,app/scrcpy.1
Romain Vimont,2024-10-31 19:57:52+01:00,app/src/cli.c
Romain Vimont,2024-10-31 19:57:52+01:00,app/src/options.c
Romain Vimont,2024-10-31 19:57:52+01:00,app/src/options.h
Romain Vimont,2024-10-31 19:57:52+01:00,app/src/scrcpy.c
Romain Vimont,2024-10-31 19:57:52+01:00,doc/audio.md
Romain Vimont,2024-10-31 19:57:52+01:00,doc/develop.md
Romain Vimont,2024-10-31 19:57:52+01:00,doc/video.md
Romain Vimont,2024-10-31 20:12:23+01:00,server/src/main/java/com/genymobile/scrcpy/video/SurfaceEncoder.java
Romain Vimont,2024-10-31 20:12:23+01:00,server/src/main/java/com/genymobile/scrcpy/device/Size.java
Romain Vimont,2024-10-31 20:12:23+01:00,server/src/main/java/com/genymobile/scrcpy/video/ScreenCapture.java
Romain Vimont,2024-10-31 20:12:23+01:00,server/src/main/java/com/genymobile/scrcpy/wrappers/DisplayManager.java
Romain Vimont,2024-10-31 22:49:03+01:00,server/src/main/java/com/genymobile/scrcpy/control/Controller.java
Romain Vimont,2024-11-02 18:49:08+01:00,server/src/main/java/com/genymobile/scrcpy/video/ScreenCapture.java
Romain Vimont,2024-11-02 18:51:05+01:00,server/src/main/java/com/genymobile/scrcpy/control/Controller.java
Romain Vimont,2024-11-03 19:02:37+01:00,server/src/main/java/com/genymobile/scrcpy/video/NewDisplayCapture.java
Romain Vimont,2024-11-03 19:02:57+01:00,server/src/main/java/com/genymobile/scrcpy/video/NewDisplayCapture.java
Romain Vimont,2024-11-03 19:10:44+01:00,server/src/main/java/com/genymobile/scrcpy/CleanUp.java
Romain Vimont,2024-11-03 19:10:44+01:00,server/src/main/java/com/genymobile/scrcpy/control/Controller.java
Romain Vimont,2024-11-03 19:10:44+01:00,server/src/main/java/com/genymobile/scrcpy/device/Device.java
Romain Vimont,2024-11-03 19:10:44+01:00,server/src/main/java/com/genymobile/scrcpy/wrappers/PowerManager.java
Romain Vimont,2024-11-03 19:26:55+01:00,server/src/main/java/com/genymobile/scrcpy/video/CameraCapture.java
Romain Vimont,2024-11-03 19:26:55+01:00,server/src/main/java/com/genymobile/scrcpy/video/CaptureReset.java
Romain Vimont,2024-11-03 19:26:55+01:00,server/src/main/java/com/genymobile/scrcpy/video/NewDisplayCapture.java
Romain Vimont,2024-11-03 19:26:55+01:00,server/src/main/java/com/genymobile/scrcpy/video/ScreenCapture.java
Romain Vimont,2024-11-03 19:26:55+01:00,server/src/main/java/com/genymobile/scrcpy/video/SurfaceCapture.java
Romain Vimont,2024-11-03 19:26:55+01:00,server/src/main/java/com/genymobile/scrcpy/video/SurfaceEncoder.java
Romain Vimont,2024-11-03 19:27:11+01:00,server/src/main/java/com/genymobile/scrcpy/video/CaptureReset.java
Romain Vimont,2024-11-03 19:27:11+01:00,server/src/main/java/com/genymobile/scrcpy/video/SurfaceEncoder.java
Romain Vimont,2024-11-03 19:31:02+01:00,app/scrcpy.1
Romain Vimont,2024-11-03 19:31:02+01:00,app/src/cli.c
Romain Vimont,2024-11-03 19:31:02+01:00,app/src/control_msg.c
Romain Vimont,2024-11-03 19:31:02+01:00,app/src/control_msg.h
Romain Vimont,2024-11-03 19:31:02+01:00,app/src/input_manager.c
Romain Vimont,2024-11-03 19:31:02+01:00,app/tests/test_control_msg_serialize.c
Romain Vimont,2024-11-03 19:31:02+01:00,doc/shortcuts.md
Romain Vimont,2024-11-03 19:31:02+01:00,server/src/main/java/com/genymobile/scrcpy/Server.java
Romain Vimont,2024-11-03 19:31:02+01:00,server/src/main/java/com/genymobile/scrcpy/control/ControlMessage.java
Romain Vimont,2024-11-03 19:31:02+01:00,server/src/main/java/com/genymobile/scrcpy/control/ControlMessageReader.java
Romain Vimont,2024-11-03 19:31:02+01:00,server/src/main/java/com/genymobile/scrcpy/control/Controller.java
Romain Vimont,2024-11-03 19:31:02+01:00,server/src/main/java/com/genymobile/scrcpy/video/CameraCapture.java
Romain Vimont,2024-11-03 19:31:02+01:00,server/src/main/java/com/genymobile/scrcpy/video/NewDisplayCapture.java
Romain Vimont,2024-11-03 19:31:02+01:00,server/src/main/java/com/genymobile/scrcpy/video/ScreenCapture.java
Romain Vimont,2024-11-03 19:31:02+01:00,server/src/main/java/com/genymobile/scrcpy/video/SurfaceCapture.java
Romain Vimont,2024-11-04 23:09:54+01:00,app/src/audio_regulator.c
Romain Vimont,2024-11-04 23:17:43+01:00,app/src/audio_regulator.c
Romain Vimont,2024-11-04 23:17:43+01:00,app/src/audio_regulator.h
Romain Vimont,2024-11-09 10:26:43+01:00,server/src/main/java/com/genymobile/scrcpy/CleanUp.java
Romain Vimont,2024-11-09 10:26:43+01:00,server/src/main/java/com/genymobile/scrcpy/Server.java
Romain Vimont,2024-11-09 10:26:59+01:00,app/data/bash-completion/scrcpy
Romain Vimont,2024-11-09 10:26:59+01:00,app/data/zsh-completion/_scrcpy
Romain Vimont,2024-11-09 10:26:59+01:00,app/src/cli.c
Romain Vimont,2024-11-09 10:26:59+01:00,app/src/options.c
Romain Vimont,2024-11-09 10:26:59+01:00,app/src/options.h
Romain Vimont,2024-11-09 10:26:59+01:00,app/src/scrcpy.c
Romain Vimont,2024-11-09 10:26:59+01:00,app/src/server.c
Romain Vimont,2024-11-09 10:26:59+01:00,app/src/server.h
Romain Vimont,2024-11-09 10:26:59+01:00,doc/device.md
Romain Vimont,2024-11-09 10:26:59+01:00,server/src/main/java/com/genymobile/scrcpy/CleanUp.java
Romain Vimont,2024-11-09 10:26:59+01:00,server/src/main/java/com/genymobile/scrcpy/Options.java
Simon Chan,2024-11-11 09:00:40+01:00,server/build_without_gradle.sh
Romain Vimont,2024-11-13 12:54:25+01:00,doc/video.md
Romain Vimont,2024-11-13 12:56:35+01:00,README.md
Simon Chan,2024-11-14 10:29:03+01:00,server/build_without_gradle.sh
Simon Chan,2024-11-14 10:29:03+01:00,server/src/main/java/android/content/IContentProvider.java
Simon Chan,2024-11-14 10:29:03+01:00,server/src/main/java/com/genymobile/scrcpy/FakeContext.java
Simon Chan,2024-11-14 10:29:03+01:00,server/src/main/java/com/genymobile/scrcpy/wrappers/ActivityManager.java
Romain Vimont,2024-11-15 20:16:04+01:00,server/src/main/java/com/genymobile/scrcpy/video/CameraCapture.java
Romain Vimont,2024-11-15 20:16:04+01:00,server/src/main/java/com/genymobile/scrcpy/video/SurfaceCapture.java
Romain Vimont,2024-11-15 20:16:04+01:00,server/src/main/java/com/genymobile/scrcpy/video/CameraCapture.java
Romain Vimont,2024-11-15 20:16:04+01:00,server/src/main/java/com/genymobile/scrcpy/util/LogUtils.java
Romain Vimont,2024-11-15 20:16:04+01:00,server/src/main/java/com/genymobile/scrcpy/video/NewDisplayCapture.java
Romain Vimont,2024-11-15 20:16:04+01:00,server/src/main/java/com/genymobile/scrcpy/CleanUp.java
Romain Vimont,2024-11-15 20:16:04+01:00,server/src/main/java/com/genymobile/scrcpy/Options.java
Romain Vimont,2024-11-15 20:16:04+01:00,server/src/main/java/com/genymobile/scrcpy/Server.java
Romain Vimont,2024-11-15 20:16:04+01:00,server/src/main/java/com/genymobile/scrcpy/Server.java
Romain Vimont,2024-11-15 20:16:04+01:00,server/src/main/java/com/genymobile/scrcpy/audio/AudioEncoder.java
Romain Vimont,2024-11-15 20:16:04+01:00,server/src/main/java/com/genymobile/scrcpy/control/Controller.java
Romain Vimont,2024-11-15 20:16:04+01:00,server/src/main/java/com/genymobile/scrcpy/video/CameraCapture.java
Romain Vimont,2024-11-15 20:16:04+01:00,server/src/main/java/com/genymobile/scrcpy/video/NewDisplayCapture.java
Romain Vimont,2024-11-15 20:16:04+01:00,server/src/main/java/com/genymobile/scrcpy/video/ScreenCapture.java
Romain Vimont,2024-11-15 20:16:04+01:00,server/src/main/java/com/genymobile/scrcpy/video/SurfaceEncoder.java
Romain Vimont,2024-11-18 18:47:57+01:00,server/src/main/java/com/genymobile/scrcpy/video/SurfaceEncoder.java
Matthias Stock,2024-11-18 18:48:26+01:00,app/src/recorder.c
Matthias Stock,2024-11-18 18:48:26+01:00,app/src/util/str.c
Matthias Stock,2024-11-18 18:48:26+01:00,app/src/util/str.h
Matthias Stock,2024-11-18 18:48:26+01:00,app/tests/test_str.c
Romain Vimont,2024-11-19 21:31:04+01:00,server/build_without_gradle.sh
Romain Vimont,2024-11-19 21:31:04+01:00,server/src/main/java/com/genymobile/scrcpy/Server.java
Romain Vimont,2024-11-19 21:31:04+01:00,server/src/main/java/com/genymobile/scrcpy/opengl/AffineOpenGLFilter.java
Romain Vimont,2024-11-19 21:31:04+01:00,server/src/main/java/com/genymobile/scrcpy/opengl/GLUtils.java
Romain Vimont,2024-11-19 21:31:04+01:00,server/src/main/java/com/genymobile/scrcpy/opengl/OpenGLException.java
Romain Vimont,2024-11-19 21:31:04+01:00,server/src/main/java/com/genymobile/scrcpy/opengl/OpenGLFilter.java
Romain Vimont,2024-11-19 21:31:04+01:00,server/src/main/java/com/genymobile/scrcpy/opengl/OpenGLRunner.java
Romain Vimont,2024-11-19 21:31:04+01:00,server/src/main/java/com/genymobile/scrcpy/util/AffineMatrix.java
Romain Vimont,2024-11-19 21:31:04+01:00,app/src/cli.c
Romain Vimont,2024-11-19 21:31:04+01:00,app/src/options.h
Romain Vimont,2024-11-19 21:31:04+01:00,server/src/main/java/com/genymobile/scrcpy/Options.java
Romain Vimont,2024-11-19 21:31:04+01:00,server/src/main/java/com/genymobile/scrcpy/Server.java
Romain Vimont,2024-11-19 21:31:04+01:00,server/src/main/java/com/genymobile/scrcpy/device/Device.java
Romain Vimont,2024-11-19 21:31:04+01:00,server/src/main/java/com/genymobile/scrcpy/video/ScreenInfo.java
Romain Vimont,2024-11-19 21:31:04+01:00,server/src/main/java/com/genymobile/scrcpy/device/Size.java
Romain Vimont,2024-11-19 21:31:04+01:00,server/src/main/java/com/genymobile/scrcpy/video/NewDisplayCapture.java
Romain Vimont,2024-11-19 21:31:04+01:00,server/src/main/java/com/genymobile/scrcpy/video/ScreenInfo.java
Romain Vimont,2024-11-19 21:31:04+01:00,server/src/main/java/com/genymobile/scrcpy/control/PositionMapper.java
Romain Vimont,2024-11-19 21:31:04+01:00,server/src/main/java/com/genymobile/scrcpy/video/NewDisplayCapture.java
Romain Vimont,2024-11-19 21:31:04+01:00,server/src/main/java/com/genymobile/scrcpy/video/ScreenCapture.java
Romain Vimont,2024-11-19 21:31:04+01:00,server/src/main/java/com/genymobile/scrcpy/video/ScreenInfo.java
Romain Vimont,2024-11-19 21:31:04+01:00,server/src/main/java/com/genymobile/scrcpy/control/PositionMapper.java
Romain Vimont,2024-11-19 21:31:04+01:00,server/src/main/java/com/genymobile/scrcpy/video/NewDisplayCapture.java
Romain Vimont,2024-11-19 21:31:04+01:00,server/src/main/java/com/genymobile/scrcpy/video/ScreenCapture.java
Romain Vimont,2024-11-19 21:31:04+01:00,server/src/main/java/com/genymobile/scrcpy/video/SurfaceEncoder.java
Romain Vimont,2024-11-19 21:31:04+01:00,server/src/main/java/com/genymobile/scrcpy/video/CaptureReset.java
Romain Vimont,2024-11-19 21:31:04+01:00,server/src/main/java/com/genymobile/scrcpy/control/PositionMapper.java
Romain Vimont,2024-11-19 21:31:04+01:00,server/src/main/java/com/genymobile/scrcpy/video/ScreenCapture.java
Romain Vimont,2024-11-19 21:31:04+01:00,server/src/main/java/com/genymobile/scrcpy/video/SurfaceCapture.java
Romain Vimont,2024-11-19 21:31:04+01:00,server/src/main/java/com/genymobile/scrcpy/video/SurfaceEncoder.java
Romain Vimont,2024-11-19 21:31:04+01:00,server/src/main/java/com/genymobile/scrcpy/video/VideoFilter.java
Romain Vimont,2024-11-19 21:31:04+01:00,server/src/main/java/com/genymobile/scrcpy/video/ScreenCapture.java
Romain Vimont,2024-11-19 21:31:04+01:00,server/src/main/java/com/genymobile/scrcpy/video/VideoFilter.java
Romain Vimont,2024-11-19 21:31:04+01:00,server/src/main/java/com/genymobile/scrcpy/video/DisplaySizeMonitor.java
Romain Vimont,2024-11-19 21:31:04+01:00,server/src/main/java/com/genymobile/scrcpy/video/ScreenCapture.java
Anric,2024-11-19 21:31:04+01:00,server/src/main/aidl/android/view/IDisplayWindowListener.aidl
Anric,2024-11-19 21:31:04+01:00,server/src/main/java/com/genymobile/scrcpy/video/DisplaySizeMonitor.java
Anric,2024-11-19 21:31:04+01:00,server/src/main/java/com/genymobile/scrcpy/wrappers/DisplayWindowListener.java
Anric,2024-11-19 21:31:04+01:00,server/src/main/java/com/genymobile/scrcpy/wrappers/WindowManager.java
Romain Vimont,2024-11-19 21:31:04+01:00,server/src/main/java/com/genymobile/scrcpy/video/NewDisplayCapture.java
Romain Vimont,2024-11-19 21:31:04+01:00,app/data/bash-completion/scrcpy
Romain Vimont,2024-11-19 21:31:04+01:00,app/data/zsh-completion/_scrcpy
Romain Vimont,2024-11-19 21:31:04+01:00,app/scrcpy.1
Romain Vimont,2024-11-19 21:31:04+01:00,app/src/cli.c
Romain Vimont,2024-11-19 21:31:04+01:00,app/src/options.c
Romain Vimont,2024-11-19 21:31:04+01:00,app/src/options.h
Romain Vimont,2024-11-19 21:31:04+01:00,app/src/scrcpy.c
Romain Vimont,2024-11-19 21:31:04+01:00,app/src/server.c
Romain Vimont,2024-11-19 21:31:04+01:00,app/src/server.h
Romain Vimont,2024-11-19 21:31:04+01:00,app/tests/test_cli.c
Romain Vimont,2024-11-19 21:31:04+01:00,doc/video.md
Romain Vimont,2024-11-19 21:31:04+01:00,server/src/main/java/com/genymobile/scrcpy/Options.java
Romain Vimont,2024-11-19 21:31:04+01:00,server/src/main/java/com/genymobile/scrcpy/device/Device.java
Romain Vimont,2024-11-19 21:31:04+01:00,server/src/main/java/com/genymobile/scrcpy/device/Orientation.java
Romain Vimont,2024-11-19 21:31:04+01:00,server/src/main/java/com/genymobile/scrcpy/video/ScreenCapture.java
Romain Vimont,2024-11-19 21:31:04+01:00,server/src/main/java/com/genymobile/scrcpy/video/VideoFilter.java
Romain Vimont,2024-11-19 21:31:04+01:00,server/src/main/java/com/genymobile/scrcpy/opengl/OpenGLRunner.java
Romain Vimont,2024-11-19 21:31:04+01:00,server/src/main/java/com/genymobile/scrcpy/video/CameraCapture.java
Romain Vimont,2024-11-19 21:31:04+01:00,server/src/main/java/com/genymobile/scrcpy/video/NewDisplayCapture.java
Romain Vimont,2024-11-19 21:31:04+01:00,server/src/main/java/com/genymobile/scrcpy/control/Controller.java
Romain Vimont,2024-11-19 21:31:04+01:00,server/src/main/java/com/genymobile/scrcpy/control/PositionMapper.java
Romain Vimont,2024-11-19 21:31:04+01:00,server/src/main/java/com/genymobile/scrcpy/device/Size.java
Romain Vimont,2024-11-19 21:31:04+01:00,server/src/main/java/com/genymobile/scrcpy/control/Controller.java
Romain Vimont,2024-11-19 21:31:04+01:00,server/src/main/java/com/genymobile/scrcpy/video/NewDisplayCapture.java
Romain Vimont,2024-11-19 21:31:04+01:00,app/src/cli.c
Romain Vimont,2024-11-19 21:31:04+01:00,app/data/bash-completion/scrcpy
Romain Vimont,2024-11-19 21:31:04+01:00,app/data/zsh-completion/_scrcpy
Romain Vimont,2024-11-19 21:31:04+01:00,app/scrcpy.1
Romain Vimont,2024-11-19 21:31:04+01:00,app/src/cli.c
Romain Vimont,2024-11-19 21:31:04+01:00,app/src/options.c
Romain Vimont,2024-11-19 21:31:04+01:00,app/src/options.h
Romain Vimont,2024-11-19 21:31:04+01:00,app/src/scrcpy.c
Romain Vimont,2024-11-19 21:31:04+01:00,app/src/server.c
Romain Vimont,2024-11-19 21:31:04+01:00,app/src/server.h
Romain Vimont,2024-11-19 21:31:04+01:00,doc/video.md
Romain Vimont,2024-11-19 21:31:04+01:00,server/src/main/java/com/genymobile/scrcpy/Options.java
Romain Vimont,2024-11-19 21:31:04+01:00,server/src/main/java/com/genymobile/scrcpy/video/CameraCapture.java
Romain Vimont,2024-11-19 21:31:04+01:00,server/src/main/java/com/genymobile/scrcpy/video/NewDisplayCapture.java
Romain Vimont,2024-11-19 21:31:04+01:00,server/src/main/java/com/genymobile/scrcpy/video/ScreenCapture.java
Romain Vimont,2024-11-19 21:31:04+01:00,server/src/main/java/com/genymobile/scrcpy/video/VideoFilter.java
Romain Vimont,2024-11-19 21:31:04+01:00,app/scrcpy.1
Romain Vimont,2024-11-19 21:31:04+01:00,app/src/cli.c
Romain Vimont,2024-11-19 21:31:04+01:00,doc/video.md
Romain Vimont,2024-11-19 21:31:04+01:00,doc/video.md
Romain Vimont,2024-11-20 07:49:58+01:00,app/data/bash-completion/scrcpy
Romain Vimont,2024-11-20 07:50:45+01:00,app/data/bash-completion/scrcpy
Romain Vimont,2024-11-20 07:50:45+01:00,app/data/zsh-completion/_scrcpy
Romain Vimont,2024-11-20 07:50:45+01:00,app/scrcpy.1
Romain Vimont,2024-11-20 07:50:45+01:00,app/src/cli.c
Romain Vimont,2024-11-20 07:50:45+01:00,app/src/options.c
Romain Vimont,2024-11-20 07:50:45+01:00,app/src/options.h
Romain Vimont,2024-11-20 07:50:45+01:00,app/src/scrcpy.c
Romain Vimont,2024-11-20 07:50:45+01:00,app/src/server.c
Romain Vimont,2024-11-20 07:50:45+01:00,app/src/server.h
Romain Vimont,2024-11-20 07:50:45+01:00,doc/virtual_display.md
Romain Vimont,2024-11-20 07:50:45+01:00,server/src/main/java/com/genymobile/scrcpy/Options.java
Romain Vimont,2024-11-20 07:50:45+01:00,server/src/main/java/com/genymobile/scrcpy/video/NewDisplayCapture.java
backryun,2024-11-20 07:55:13+01:00,app/deps/ffmpeg.sh
Romain Vimont,2024-11-20 07:57:35+01:00,app/deps/sdl.sh
Gutem,2024-11-20 08:04:47+01:00,doc/macos.md
Romain Vimont,2024-11-20 08:14:04+01:00,app/deps/adb.sh
Romain Vimont,2024-11-21 18:36:23+01:00,app/scrcpy.1
Romain Vimont,2024-11-21 18:36:23+01:00,app/src/cli.c
Romain Vimont,2024-11-21 18:36:23+01:00,doc/video.md
Romain Vimont,2024-11-21 18:36:23+01:00,doc/virtual_display.md
Romain Vimont,2024-11-21 18:36:23+01:00,server/src/main/java/com/genymobile/scrcpy/device/Size.java
Romain Vimont,2024-11-21 18:36:23+01:00,server/src/main/java/com/genymobile/scrcpy/video/NewDisplayCapture.java
Romain Vimont,2024-11-21 18:36:23+01:00,server/src/main/java/com/genymobile/scrcpy/video/VideoFilter.java
Romain Vimont,2024-11-22 07:47:24+01:00,server/build_without_gradle.sh
Romain Vimont,2024-11-22 07:48:48+01:00,server/build_without_gradle.sh
Romain Vimont,2024-11-22 11:04:32+01:00,app/meson.build
Romain Vimont,2024-11-22 11:04:32+01:00,app/src/adb/adb.c
Romain Vimont,2024-11-22 11:04:32+01:00,app/src/adb/adb.h
Romain Vimont,2024-11-22 11:04:32+01:00,app/src/server.c
Romain Vimont,2024-11-22 11:04:32+01:00,doc/develop.md
Romain Vimont,2024-11-22 11:04:32+01:00,meson_options.txt
Enno Boland,2024-11-24 12:24:32+01:00,app/src/server.c
Enno Boland,2024-11-24 12:24:32+01:00,doc/develop.md
Romain Vimont,2024-11-24 15:40:34+01:00,.github/workflows/release.yml
Romain Vimont,2024-11-24 15:40:34+01:00,release.mk
Romain Vimont,2024-11-24 15:40:34+01:00,release.sh
Romain Vimont,2024-11-24 15:40:34+01:00,release/.gitignore
Romain Vimont,2024-11-24 15:40:34+01:00,release/build_common
Romain Vimont,2024-11-24 15:40:34+01:00,release/build_server.sh
Romain Vimont,2024-11-24 15:40:34+01:00,release/build_windows.sh
Romain Vimont,2024-11-24 15:40:34+01:00,release/generate_checksums.sh
Romain Vimont,2024-11-24 15:40:34+01:00,release/package_client.sh
Romain Vimont,2024-11-24 15:40:34+01:00,release/package_server.sh
Romain Vimont,2024-11-24 15:40:34+01:00,release/release.sh
Romain Vimont,2024-11-24 15:40:34+01:00,release/test_client.sh
Romain Vimont,2024-11-24 15:40:34+01:00,release/test_server.sh
Romain Vimont,2024-11-24 15:41:13+01:00,.github/workflows/release.yml
Romain Vimont,2024-11-24 15:41:13+01:00,.github/workflows/release.yml
Romain Vimont,2024-11-24 15:41:13+01:00,.github/workflows/release.yml
Romain Vimont,2024-11-24 15:41:13+01:00,app/deps/ffmpeg.sh
Romain Vimont,2024-11-24 15:41:13+01:00,app/deps/ffmpeg.sh
Romain Vimont,2024-11-24 15:41:13+01:00,app/deps/ffmpeg.sh
Romain Vimont,2024-11-24 15:41:13+01:00,app/deps/libusb.sh
Romain Vimont,2024-11-24 15:41:13+01:00,app/deps/sdl.sh
Romain Vimont,2024-11-24 15:41:13+01:00,app/deps/adb.sh
Romain Vimont,2024-11-24 15:41:13+01:00,app/deps/common
Romain Vimont,2024-11-24 15:41:13+01:00,app/deps/ffmpeg.sh
Romain Vimont,2024-11-24 15:41:13+01:00,app/deps/libusb.sh
Romain Vimont,2024-11-24 15:41:13+01:00,app/deps/sdl.sh
Romain Vimont,2024-11-24 15:41:13+01:00,app/deps/adb_windows.sh
Romain Vimont,2024-11-24 15:41:13+01:00,release/build_windows.sh
Romain Vimont,2024-11-24 15:41:13+01:00,app/deps/common
Romain Vimont,2024-11-24 15:41:13+01:00,app/deps/ffmpeg.sh
Romain Vimont,2024-11-24 15:41:13+01:00,app/deps/libusb.sh
Romain Vimont,2024-11-24 15:41:13+01:00,app/deps/sdl.sh
Romain Vimont,2024-11-24 15:41:13+01:00,release/build_windows.sh
Romain Vimont,2024-11-24 15:41:13+01:00,app/meson.build
Romain Vimont,2024-11-24 15:41:13+01:00,meson_options.txt
Romain Vimont,2024-11-24 15:41:13+01:00,.github/workflows/release.yml
Romain Vimont,2024-11-24 15:41:13+01:00,release/package_client.sh
Romain Vimont,2024-11-24 15:41:13+01:00,release/release.sh
Romain Vimont,2024-11-24 15:41:13+01:00,.github/workflows/release.yml
Romain Vimont,2024-11-24 15:41:13+01:00,app/data/scrcpy_static_wrapper.sh
Romain Vimont,2024-11-24 15:41:13+01:00,app/deps/adb_linux.sh
Romain Vimont,2024-11-24 15:41:13+01:00,app/deps/ffmpeg.sh
Romain Vimont,2024-11-24 15:41:13+01:00,app/deps/sdl.sh
Romain Vimont,2024-11-24 15:41:13+01:00,release/build_linux.sh
Romain Vimont,2024-11-24 15:41:13+01:00,release/generate_checksums.sh
Romain Vimont,2024-11-24 15:41:13+01:00,release/release.sh
Muvaffak Onus,2024-11-24 15:41:13+01:00,app/deps/common
Romain Vimont,2024-11-24 15:46:23+01:00,.github/workflows/release.yml
Romain Vimont,2024-11-24 15:46:23+01:00,app/deps/adb_macos.sh
Romain Vimont,2024-11-24 15:46:23+01:00,app/deps/ffmpeg.sh
Romain Vimont,2024-11-24 15:46:23+01:00,release/build_macos.sh
Romain Vimont,2024-11-24 15:46:23+01:00,release/generate_checksums.sh
Romain Vimont,2024-11-24 15:46:37+01:00,.github/workflows/release.yml
Romain Vimont,2024-11-24 16:37:32+01:00,app/scrcpy.1
Romain Vimont,2024-11-24 16:37:32+01:00,app/src/cli.c
Romain Vimont,2024-11-24 16:50:47+01:00,release/build_linux.sh
Romain Vimont,2024-11-24 16:50:47+01:00,release/build_macos.sh
Romain Vimont,2024-11-24 17:52:53+01:00,.github/workflows/release.yml
Romain Vimont,2024-11-24 17:52:53+01:00,app/deps/ffmpeg.sh
Romain Vimont,2024-11-24 17:52:54+01:00,app/scrcpy-windows.rc
Romain Vimont,2024-11-24 17:52:54+01:00,meson.build
Romain Vimont,2024-11-24 17:52:54+01:00,server/build.gradle
Romain Vimont,2024-11-24 17:52:54+01:00,server/build_without_gradle.sh
Romain Vimont,2024-11-24 18:30:01+01:00,README.md
Romain Vimont,2024-11-24 18:30:01+01:00,doc/build.md
Romain Vimont,2024-11-24 18:30:01+01:00,doc/linux.md
Romain Vimont,2024-11-24 18:30:01+01:00,doc/macos.md
Romain Vimont,2024-11-24 18:30:01+01:00,doc/windows.md
Romain Vimont,2024-11-24 18:30:01+01:00,install_release.sh
Wouter Schoot,2024-11-25 08:21:06+01:00,README.md
Romain Vimont,2024-11-25 20:06:32+01:00,README.md
Romain Vimont,2024-11-26 14:10:11+01:00,doc/control.md
Romain Vimont,2024-11-26 15:43:41+01:00,server/src/main/java/com/genymobile/scrcpy/CleanUp.java
Romain Vimont,2024-11-26 15:43:41+01:00,server/src/main/java/com/genymobile/scrcpy/control/Controller.java
Romain Vimont,2024-11-26 15:55:16+01:00,server/src/main/java/com/genymobile/scrcpy/device/Device.java
Romain Vimont,2024-11-27 07:45:35+01:00,server/src/main/java/com/genymobile/scrcpy/wrappers/DisplayManager.java
Romain Vimont,2024-11-28 19:40:47+01:00,.github/workflows/release.yml
Romain Vimont,2024-11-28 19:58:08+01:00,.github/workflows/release.yml
Romain Vimont,2024-11-28 19:58:41+01:00,release/package_client.sh
Romain Vimont,2024-11-28 19:59:06+01:00,release/package_client.sh
Romain Vimont,2024-11-28 20:09:18+01:00,.github/workflows/release.yml
Romain Vimont,2024-11-28 20:09:18+01:00,release/build_linux.sh
Romain Vimont,2024-11-28 20:09:18+01:00,release/build_macos.sh
Romain Vimont,2024-11-28 20:09:18+01:00,release/generate_checksums.sh
Romain Vimont,2024-11-28 20:09:18+01:00,release/release.sh
Genxster1998,2024-11-28 20:09:21+01:00,.github/workflows/release.yml
Genxster1998,2024-11-28 20:09:21+01:00,release/generate_checksums.sh
Romain Vimont,2024-11-28 20:09:21+01:00,.github/workflows/release.yml
Romain Vimont,2024-11-28 21:02:31+01:00,app/src/util/net.c
Romain Vimont,2024-11-28 21:02:31+01:00,app/src/util/net.h
Romain Vimont,2024-11-28 21:02:51+01:00,app/src/util/net.h
Romain Vimont,2024-12-01 17:22:47+01:00,server/src/main/java/com/genymobile/scrcpy/control/Controller.java
Romain Vimont,2024-12-01 17:22:47+01:00,server/src/main/java/com/genymobile/scrcpy/control/Controller.java
Romain Vimont,2024-12-02 08:54:57+01:00,release/package_client.sh
Genxster1998,2024-12-02 18:23:18+01:00,app/src/sys/unix/file.c
Romain Vimont,2024-12-02 18:23:18+01:00,app/meson.build
Romain Vimont,2024-12-02 18:23:18+01:00,app/src/icon.c
Romain Vimont,2024-12-02 18:23:18+01:00,app/src/server.c
Romain Vimont,2024-12-02 18:23:18+01:00,app/src/util/env.c
Romain Vimont,2024-12-02 18:23:18+01:00,app/src/util/env.h
Romain Vimont,2024-12-02 18:23:18+01:00,app/src/adb/adb.c
Romain Vimont,2024-12-02 18:23:18+01:00,app/src/adb/adb.h
Romain Vimont,2024-12-02 18:23:18+01:00,app/src/server.c
Romain Vimont,2024-12-02 18:23:18+01:00,app/src/usb/scrcpy_otg.c
Romain Vimont,2024-12-02 18:23:18+01:00,app/src/adb/adb.c
Romain Vimont,2024-12-02 18:23:18+01:00,app/src/adb/adb.c
Romain Vimont,2024-12-02 18:23:18+01:00,app/data/scrcpy_static_wrapper.sh
Romain Vimont,2024-12-02 18:23:18+01:00,release/build_linux.sh
Romain Vimont,2024-12-02 18:23:18+01:00,release/build_macos.sh
Romain Vimont,2024-12-03 23:06:33+01:00,server/src/main/java/com/genymobile/scrcpy/video/SurfaceEncoder.java
Romain Vimont,2024-12-04 13:10:35+01:00,doc/virtual_display.md
Romain Vimont,2024-12-04 13:16:51+01:00,app/scrcpy.1
Romain Vimont,2024-12-04 13:16:51+01:00,app/src/adb/adb.c
Romain Vimont,2024-12-04 13:16:51+01:00,app/src/cli.c
Romain Vimont,2024-12-04 13:16:51+01:00,app/src/server.c
Romain Vimont,2024-12-04 13:16:51+01:00,doc/connection.md
Romain Vimont,2024-12-04 18:38:23+01:00,server/src/main/java/com/genymobile/scrcpy/util/IO.java
Romain Vimont,2024-12-04 18:38:23+01:00,server/src/main/java/com/genymobile/scrcpy/video/SurfaceEncoder.java
Romain Vimont,2024-12-04 21:46:06+01:00,README.md
Romain Vimont,2024-12-04 21:46:06+01:00,doc/build.md
Romain Vimont,2024-12-04 21:46:06+01:00,doc/linux.md
Romain Vimont,2024-12-04 21:46:06+01:00,doc/macos.md
Romain Vimont,2024-12-04 21:46:06+01:00,doc/windows.md
Romain Vimont,2024-12-04 21:46:06+01:00,install_release.sh
Romain Vimont,2024-12-04 22:35:25+01:00,app/scrcpy-windows.rc
Romain Vimont,2024-12-04 22:35:25+01:00,meson.build
Romain Vimont,2024-12-04 22:35:25+01:00,server/build.gradle
Romain Vimont,2024-12-04 22:35:25+01:00,server/build_without_gradle.sh
Romain Vimont,2024-12-04 22:48:27+01:00,README.md
Romain Vimont,2024-12-04 22:48:27+01:00,doc/build.md
Romain Vimont,2024-12-04 22:48:27+01:00,doc/linux.md
Romain Vimont,2024-12-04 22:48:27+01:00,doc/macos.md
Romain Vimont,2024-12-04 22:48:27+01:00,doc/windows.md
Romain Vimont,2024-12-04 22:48:27+01:00,install_release.sh
Romain Vimont,2024-12-07 20:08:49+01:00,server/src/main/java/com/genymobile/scrcpy/video/ScreenCapture.java
Romain Vimont,2024-12-07 20:09:14+01:00,server/src/main/java/com/genymobile/scrcpy/video/ScreenCapture.java
Romain Vimont,2024-12-08 09:26:53+01:00,app/src/cli.c
Romain Vimont,2024-12-08 09:33:03+01:00,app/data/bash-completion/scrcpy
Romain Vimont,2024-12-08 09:33:03+01:00,app/data/zsh-completion/_scrcpy
Romain Vimont,2024-12-08 09:33:03+01:00,app/scrcpy.1
Romain Vimont,2024-12-08 09:33:03+01:00,app/src/cli.c
Romain Vimont,2024-12-08 09:33:03+01:00,app/src/options.c
Romain Vimont,2024-12-08 09:33:03+01:00,app/src/options.h
Romain Vimont,2024-12-08 09:33:03+01:00,app/src/scrcpy.c
Romain Vimont,2024-12-08 09:33:03+01:00,app/src/server.c
Romain Vimont,2024-12-08 09:33:03+01:00,app/src/server.h
Romain Vimont,2024-12-08 09:33:03+01:00,doc/virtual_display.md
Romain Vimont,2024-12-08 09:33:03+01:00,server/src/main/java/com/genymobile/scrcpy/Options.java
Romain Vimont,2024-12-08 09:33:03+01:00,server/src/main/java/com/genymobile/scrcpy/video/NewDisplayCapture.java
Romain Vimont,2024-12-08 10:58:07+01:00,server/src/main/java/com/genymobile/scrcpy/CleanUp.java
Romain Vimont,2024-12-08 10:58:22+01:00,server/src/main/java/com/genymobile/scrcpy/CleanUp.java
Romain Vimont,2024-12-08 11:00:18+01:00,app/src/input_events.h
Romain Vimont,2024-12-08 11:00:18+01:00,app/src/input_manager.c
Romain Vimont,2024-12-08 11:00:18+01:00,app/src/trait/gamepad_processor.h
Romain Vimont,2024-12-08 11:00:18+01:00,app/src/uhid/gamepad_uhid.c
Romain Vimont,2024-12-08 11:00:18+01:00,app/src/usb/gamepad_aoa.c
Romain Vimont,2024-12-08 11:00:18+01:00,app/src/usb/screen_otg.c
Romain Vimont,2024-12-08 11:00:18+01:00,app/src/hid/hid_gamepad.c
Romain Vimont,2024-12-08 11:00:18+01:00,app/src/hid/hid_gamepad.c
Romain Vimont,2024-12-08 11:00:18+01:00,app/src/hid/hid_gamepad.c
Romain Vimont,2024-12-08 11:00:18+01:00,app/src/control_msg.c
Romain Vimont,2024-12-08 11:00:18+01:00,app/src/control_msg.h
Romain Vimont,2024-12-08 11:00:18+01:00,app/src/uhid/gamepad_uhid.c
Romain Vimont,2024-12-08 11:00:18+01:00,app/src/uhid/keyboard_uhid.c
Romain Vimont,2024-12-08 11:00:18+01:00,app/src/uhid/mouse_uhid.c
Romain Vimont,2024-12-08 11:00:18+01:00,app/tests/test_control_msg_serialize.c
Romain Vimont,2024-12-08 11:00:18+01:00,server/src/main/java/com/genymobile/scrcpy/control/ControlMessage.java
Romain Vimont,2024-12-08 11:00:18+01:00,server/src/main/java/com/genymobile/scrcpy/control/ControlMessageReader.java
Romain Vimont,2024-12-08 11:00:18+01:00,server/src/main/java/com/genymobile/scrcpy/control/Controller.java
Romain Vimont,2024-12-08 11:00:18+01:00,server/src/main/java/com/genymobile/scrcpy/control/UhidManager.java
Romain Vimont,2024-12-08 11:00:18+01:00,server/src/test/java/com/genymobile/scrcpy/control/ControlMessageReaderTest.java
Romain Vimont,2024-12-08 11:00:18+01:00,app/src/uhid/gamepad_uhid.c
Withoutruless,2024-12-08 17:01:03+01:00,app/src/hid/hid_event.h
Withoutruless,2024-12-08 17:01:03+01:00,app/src/hid/hid_gamepad.c
Withoutruless,2024-12-08 17:01:03+01:00,app/src/hid/hid_keyboard.c
Withoutruless,2024-12-08 17:01:03+01:00,app/src/hid/hid_mouse.c
Withoutruless,2024-12-08 17:01:03+01:00,app/src/uhid/gamepad_uhid.c
Withoutruless,2024-12-08 17:01:03+01:00,app/src/uhid/keyboard_uhid.c
Withoutruless,2024-12-08 17:01:03+01:00,app/src/uhid/mouse_uhid.c
Withoutruless,2024-12-08 17:01:03+01:00,server/src/main/java/com/genymobile/scrcpy/control/UhidManager.java
Romain Vimont,2024-12-08 18:16:57+01:00,app/src/uhid/gamepad_uhid.c
Romain Vimont,2024-12-08 18:17:07+01:00,app/deps/sdl.sh
Romain Vimont,2024-12-09 09:29:29+01:00,server/src/main/java/com/genymobile/scrcpy/CleanUp.java
Romain Vimont,2024-12-09 09:33:08+01:00,server/src/main/java/com/genymobile/scrcpy/CleanUp.java
Simon Chan,2024-12-09 10:29:20+01:00,server/src/main/java/com/genymobile/scrcpy/wrappers/DisplayControl.java
Romain Vimont,2024-12-09 19:07:03+01:00,app/deps/ffmpeg.sh
Romain Vimont,2024-12-09 19:07:18+01:00,app/deps/dav1d.sh
Romain Vimont,2024-12-09 19:07:18+01:00,app/deps/ffmpeg.sh
Romain Vimont,2024-12-09 19:07:18+01:00,release/build_linux.sh
Romain Vimont,2024-12-09 19:07:18+01:00,release/build_macos.sh
Romain Vimont,2024-12-09 19:07:18+01:00,release/build_windows.sh
Romain Vimont,2024-12-09 22:29:51+01:00,app/scrcpy-windows.rc
Romain Vimont,2024-12-09 22:29:51+01:00,meson.build
Romain Vimont,2024-12-09 22:29:51+01:00,server/build.gradle
Romain Vimont,2024-12-09 22:29:51+01:00,server/build_without_gradle.sh
Romain Vimont,2024-12-09 22:42:34+01:00,README.md
Romain Vimont,2024-12-09 22:42:34+01:00,doc/build.md
Romain Vimont,2024-12-09 22:42:34+01:00,doc/linux.md
Romain Vimont,2024-12-09 22:42:34+01:00,doc/macos.md
Romain Vimont,2024-12-09 22:42:34+01:00,doc/windows.md
Romain Vimont,2024-12-09 22:42:34+01:00,install_release.sh
Romain Vimont,2024-12-17 12:21:57+01:00,doc/mouse.md
Romain Vimont,2024-12-17 12:24:50+01:00,README.md
Romain Vimont,2024-12-17 13:09:24+01:00,doc/device.md
Markus,2024-12-19 18:34:20+01:00,doc/windows.md
Jaime J. Denizard,2025-01-01 14:59:11+01:00,doc/connection.md
Romain Vimont,2025-01-01 15:01:18+01:00,LICENSE
Romain Vimont,2025-01-01 15:01:18+01:00,README.md
Romain Vimont,2025-01-01 15:01:18+01:00,app/scrcpy.1
Romain Vimont,2025-01-15 10:54:57+01:00,doc/virtual_display.md
Romain Vimont,2025-03-09 21:10:21+01:00,README.md
Romain Vimont,2025-03-09 21:16:17+01:00,README.md
