File,Top Contributor Share (%)
.gitignore,25.69
LICENSE,82.90
README.md,21.93
TECH_DOC.md,100.00
__init__.py,88.89
build/lib/config/__init__.py,100.00
build/lib/external_libs/mysql_scramble.py,100.00
build/lib/external_libs/stats.py,100.00
build/lib/libs/constants/mindsdb.py,100.00
build/lib/libs/constants/mysql.py,100.00
build/lib/libs/controllers/session_controller.py,100.00
build/lib/libs/controllers/transaction_controller.py,100.00
build/lib/libs/data_models/pytorch/encoders/rnn/rnn.py,100.00
build/lib/libs/data_models/pytorch/libs/base_model.py,100.00
build/lib/libs/data_models/pytorch/libs/torch_helpers.py,100.00
build/lib/libs/data_models/pytorch/models/ensemble_conv_net/ensemble_conv_net.py,100.00
build/lib/libs/data_models/pytorch/models/ensemble_fully_connected_net/ensemble_fully_connected_net.py,100.00
build/lib/libs/data_models/pytorch/models/fully_connected_net/fully_connected_net.py,100.00
build/lib/libs/data_sources/__init__.py,100.00
build/lib/libs/data_sources/array_to_cols_ds.py,100.00
build/lib/libs/data_sources/csv_file_ds.py,100.00
build/lib/libs/data_sources/window_ds.py,100.00
build/lib/libs/data_types/batch.py,100.00
build/lib/libs/data_types/data_source.py,100.00
build/lib/libs/data_types/file_saved_response.py,100.00
build/lib/libs/data_types/sampler.py,100.00
build/lib/libs/data_types/tester_response.py,100.00
build/lib/libs/data_types/trainer_response.py,100.00
build/lib/libs/helpers/drill_helpers.py,100.00
build/lib/libs/helpers/file_helpers.py,100.00
build/lib/libs/helpers/general_helpers.py,100.00
build/lib/libs/helpers/json_helpers.py,100.00
build/lib/libs/helpers/logging.py,100.00
build/lib/libs/helpers/norm_denorm_helpers.py,100.00
build/lib/libs/helpers/parser.py,100.00
build/lib/libs/helpers/sqlite_helpers.py,100.00
build/lib/libs/helpers/text_helpers.py,100.00
build/lib/libs/helpers/train_helpers.py,100.00
build/lib/libs/phases/base_module.py,100.00
build/lib/libs/phases/data_encoder/data_encoder.py,100.00
build/lib/libs/phases/data_extractor/data_extractor.py,100.00
build/lib/libs/phases/data_vectorizer/data_vectorizer.py,100.00
build/lib/libs/phases/model_predictor/model_predictor.py,100.00
build/lib/libs/phases/model_trainer/model_trainer.py,100.00
build/lib/libs/phases/stats_generator/stats_generator.py,100.00
build/lib/libs/phases/stats_loader/stats_loader.py,100.00
build/lib/libs/proxies/mysql/data_types/mysql_datum.py,100.00
build/lib/libs/proxies/mysql/data_types/mysql_packet.py,100.00
build/lib/libs/proxies/mysql/data_types/mysql_packets/column_count_packet.py,100.00
build/lib/libs/proxies/mysql/data_types/mysql_packets/command_packet.py,100.00
build/lib/libs/proxies/mysql/data_types/mysql_packets/eof_packet.py,100.00
build/lib/libs/proxies/mysql/data_types/mysql_packets/err_packet.py,100.00
build/lib/libs/proxies/mysql/data_types/mysql_packets/handshake_packet.py,100.00
build/lib/libs/proxies/mysql/data_types/mysql_packets/handshake_response_packet.py,100.00
build/lib/libs/proxies/mysql/data_types/mysql_packets/ok_packet.py,100.00
build/lib/libs/proxies/mysql/data_types/mysql_packets/resultset_packet.py,100.00
build/lib/libs/proxies/mysql/data_types/mysql_packets/switch_auth_packet.py,100.00
build/lib/libs/proxies/mysql/mysql_proxy.py,100.00
build/lib/libs/proxies/websocket/websocket_proxy.py,100.00
build/lib/libs/test/test_controller.py,100.00
build/lib/libs/test/test_server.py,100.00
build/lib/libs/workers/predict.py,100.00
build/lib/libs/workers/train.py,100.00
config/__init__.py,100.00
external_libs/README.md,100.00
external_libs/mysql_scramble.py,100.00
external_libs/stats.py,100.00
libs/README.md,100.00
libs/constants/mindsdb.py,100.00
libs/constants/mysql.py,100.00
libs/controllers/session_controller.py,100.00
libs/controllers/transaction_controller.py,100.00
libs/data_models/pytorch/encoders/rnn/rnn.py,100.00
libs/data_models/pytorch/libs/base_model.py,100.00
libs/data_models/pytorch/libs/torch_helpers.py,100.00
libs/data_models/pytorch/models/ensemble_conv_net/ensemble_conv_net.py,100.00
libs/data_models/pytorch/models/ensemble_fully_connected_net/ensemble_fully_connected_net.py,100.00
libs/data_models/pytorch/models/fully_connected_net/fully_connected_net.py,100.00
libs/data_sources/__init__.py,100.00
libs/data_sources/array_to_cols_ds.py,100.00
libs/data_sources/csv_file_ds.py,100.00
libs/data_sources/window_ds.py,100.00
libs/data_types/batch.py,100.00
libs/data_types/data_source.py,100.00
libs/data_types/file_saved_response.py,100.00
libs/data_types/sampler.py,100.00
libs/data_types/tester_response.py,100.00
libs/data_types/trainer_response.py,100.00
libs/helpers/drill_helpers.py,100.00
libs/helpers/file_helpers.py,100.00
libs/helpers/general_helpers.py,100.00
libs/helpers/json_helpers.py,100.00
libs/helpers/logging.py,100.00
libs/helpers/norm_denorm_helpers.py,100.00
libs/helpers/parser.py,100.00
libs/helpers/sqlite_helpers.py,100.00
libs/helpers/text_helpers.py,100.00
libs/helpers/train_helpers.py,100.00
libs/phases/README.md,100.00
libs/phases/base_module.py,100.00
libs/phases/data_devectorizer/data_devectorizer.py,100.00
libs/phases/data_encoder/data_encoder.py,100.00
libs/phases/data_extractor/data_extractor.py,100.00
libs/phases/data_vectorizer/data_vectorizer.py,100.00
libs/phases/model_predictor/model_predictor.py,100.00
libs/phases/model_trainer/model_trainer.py,100.00
libs/phases/stats_generator/stats_generator.py,100.00
libs/phases/stats_loader/stats_loader.py,100.00
libs/test/test_controller.py,100.00
libs/test/test_server.py,100.00
libs/workers/predict.py,100.00
libs/workers/train.py,100.00
mindsdb.egg-info/PKG-INFO,100.00
mindsdb.egg-info/SOURCES.txt,100.00
mindsdb.egg-info/dependency_links.txt,100.00
mindsdb.egg-info/requires.txt,100.00
mindsdb.egg-info/top_level.txt,100.00
mindsdb.py,100.00
requirements.txt,35.78
setup.py,21.38
setup/install.sh,100.00
setup/requirements.txt,100.00
TODO.md,100.00
install.sh,96.49
libs/controllers/mindsdb_controller.py,100.00
libs/data_types/model_data.py,100.00
libs/data_types/object_dict.py,100.00
libs/data_types/persistent_model_metadata.py,100.00
libs/data_types/persistent_model_metrics.py,100.00
libs/data_types/persistent_object.py,100.00
libs/data_types/transaction_data.py,100.00
libs/data_types/transaction_metadata.py,100.00
libs/data_entities/persistent_model_metadata.py,100.00
libs/data_entities/persistent_model_metrics.py,100.00
libs/ml_models/pytorch/encoders/rnn/rnn.py,100.00
libs/ml_models/pytorch/libs/base_model.py,100.00
libs/ml_models/pytorch/models/ensemble_conv_net/ensemble_conv_net.py,100.00
libs/ml_models/pytorch/models/ensemble_fully_connected_net/ensemble_fully_connected_net.py,100.00
libs/ml_models/pytorch/models/fully_connected_net/fully_connected_net.py,100.00
libs/data_entities/persistent_ml_model_info.py,100.00
libs/data_types/transaction_output_data.py,100.00
libs/proxies/info/info_server.py,100.00
libs/proxies/info/static/index.html,100.00
mindsdb/.gitignore,47.37
mindsdb/__init__.py,63.61
mindsdb/config/__init__.py,61.29
mindsdb/external_libs/mysql_scramble.py,100.00
mindsdb/external_libs/stats.py,50.00
mindsdb/libs/__init__.py,100.00
mindsdb/libs/constants/mindsdb.py,50.44
mindsdb/libs/controllers/mindsdb_controller.py,60.62
mindsdb/libs/controllers/session_controller.py,50.00
mindsdb/libs/controllers/transaction_controller.py,92.00
mindsdb/libs/data_entities/persistent_ml_model_info.py,82.05
mindsdb/libs/data_entities/persistent_model_metadata.py,79.17
mindsdb/libs/data_sources/__init__.py,100.00
mindsdb/libs/data_sources/array_to_cols_ds.py,100.00
mindsdb/libs/data_sources/csv_file_ds.py,100.00
mindsdb/libs/data_sources/window_ds.py,60.00
mindsdb/libs/data_types/batch.py,76.92
mindsdb/libs/data_types/data_source.py,78.89
mindsdb/libs/data_types/object_dict.py,66.67
mindsdb/libs/data_types/persistent_object.py,90.91
mindsdb/libs/data_types/sampler.py,39.39
mindsdb/libs/data_types/transaction_data.py,66.67
mindsdb/libs/data_types/transaction_metadata.py,82.61
mindsdb/libs/data_types/transaction_output_data.py,50.00
mindsdb/libs/helpers/__init__.py,83.33
mindsdb/libs/helpers/file_helpers.py,60.00
mindsdb/libs/helpers/general_helpers.py,52.22
mindsdb/libs/helpers/logging.py,100.00
mindsdb/libs/helpers/norm_denorm_helpers.py,80.80
mindsdb/libs/helpers/parser.py,100.00
mindsdb/libs/helpers/text_helpers.py,60.87
mindsdb/libs/helpers/train_helpers.py,100.00
mindsdb/libs/ml_models/pytorch/encoders/rnn/rnn.py,100.00
mindsdb/libs/ml_models/pytorch/libs/base_model.py,85.59
mindsdb/libs/ml_models/pytorch/libs/torch_helpers.py,81.97
mindsdb/libs/ml_models/pytorch/models/ensemble_conv_net/ensemble_conv_net.py,40.00
mindsdb/libs/ml_models/pytorch/models/ensemble_fully_connected_net/ensemble_fully_connected_net.py,92.45
mindsdb/libs/ml_models/pytorch/models/fully_connected_net/fully_connected_net.py,64.71
mindsdb/libs/phases/base_module.py,46.88
mindsdb/libs/phases/data_devectorizer/data_devectorizer.py,100.00
mindsdb/libs/phases/data_encoder/data_encoder.py,61.11
mindsdb/libs/phases/data_extractor/data_extractor.py,63.98
mindsdb/libs/phases/data_vectorizer/data_vectorizer.py,90.08
mindsdb/libs/phases/model_predictor/model_predictor.py,46.50
mindsdb/libs/phases/model_trainer/model_trainer.py,82.19
mindsdb/libs/phases/stats_generator/stats_generator.py,50.66
mindsdb/libs/phases/stats_loader/stats_loader.py,72.22
mindsdb/libs/proxies/info/info_server.py,100.00
mindsdb/libs/proxies/info/static/index.html,100.00
mindsdb/libs/test/test_controller.py,100.00
mindsdb/libs/workers/predict.py,75.00
mindsdb/libs/workers/train.py,54.76
mindsdb/README.md,62.15
docs/Installing.md,90.45
docs/README.md,43.45
docs/Config.md,81.25
mindsdb/libs/data_types/persistent_object_mongo.py,96.36
mindsdb/libs/data_types/persistent_object_tinydb.py,96.12
docs/UsingMindsDB.md,100.00
docs/examples/basic.py,100.00
docs/examples/data_sources/home_rentals.csv,100.00
docs/InsideMindsDB.md,54.55
docs/examples/README.md,100.00
docs/examples/basic/README.md,100.00
docs/examples/basic/basic.py,100.00
docs/examples/basic/home_rentals.csv,99.86
mindsdb/config/helpers.py,82.61
version.py,100.00
docs/examples/basic/basic_predict.py,100.00
docs/examples/basic/predict.py,94.12
docs/examples/basic/train.py,87.50
docs/examples/time_series/fuel.csv,66.84
docs/examples/time_series/predict.py,91.89
docs/examples/time_series/train.py,100.00
requirements-win.txt,86.11
mindsdb/libs/helpers/multi_data_source.py,88.10
mindsdb/libs/data_sources/file_ds.py,70.59
mindsdb/version.py,96.15
docs/DataSources.md,88.00
docs/examples/time_series/fuel_predict.csv,50.00
mindsdb/libs/proxies/info/static/js/settings.js,100.00
mindsdb/libs/proxies/info/static/fonts/codropsicons/codropsicons.svg,100.00
mindsdb/libs/proxies/info/static/fonts/codropsicons/license.txt,100.00
mindsdb/libs/proxies/info/static/fonts/icomoon/icomoon.svg,100.00
mindsdb/libs/proxies/info/static/js/loading.js,100.00
mindsdb/libs/proxies/info/static/js/main.js.map,100.00
mindsdb/libs/proxies/info/static/css/main.css,100.00
mindsdb/libs/proxies/info/static/img/MindsDB_files/anime.min.js,100.00
mindsdb/libs/proxies/info/static/img/MindsDB_files/bootstrap.min.css,100.00
mindsdb/libs/proxies/info/static/img/MindsDB_files/bootstrap.min.js,100.00
mindsdb/libs/proxies/info/static/img/MindsDB_files/c3.min.css,100.00
mindsdb/libs/proxies/info/static/img/MindsDB_files/c3.min.js,100.00
mindsdb/libs/proxies/info/static/img/MindsDB_files/d3.min.js,100.00
mindsdb/libs/proxies/info/static/img/MindsDB_files/jquery-3.2.1.slim.min.js,100.00
mindsdb/libs/proxies/info/static/img/MindsDB_files/main.css,100.00
mindsdb/libs/proxies/info/static/img/MindsDB_files/main.js,100.00
mindsdb/libs/proxies/info/static/img/MindsDB_files/popper.min.js,100.00
mindsdb/libs/proxies/info/static/js/main.js,100.00
mindsdb/libs/proxies/info/static/jsx/main.jsx,100.00
mindsdb/test/blackFriday.csv,100.00
mindsdb/test/blackFridayFull.csv,100.00
mindsdb/test/blackFriday_output.csv,100.00
mindsdb/test/home_rentals.csv,100.00
mindsdb/test/newTest.py,100.00
mindsdb/test/setupTest.py,100.00
mindsdb/test/time_series/fuel.csv,100.00
mindsdb/test/time_series/fuel_predict.csv,100.00
mindsdb/test/time_series/time_series_test.py,100.00
mindsdb/proxies/info/static/css/main.css,100.00
mindsdb/proxies/info/static/index.html,100.00
mindsdb/proxies/info/static/js/main.js,100.00
mindsdb/proxies/info/web_proxy.py,100.00
mindsdb/proxies/mysql/data_types/README.md,100.00
mindsdb/proxies/mysql/data_types/mysql_datum.py,100.00
mindsdb/proxies/mysql/data_types/mysql_packet.py,100.00
mindsdb/proxies/mysql/data_types/mysql_packets/column_count_packet.py,100.00
mindsdb/proxies/mysql/data_types/mysql_packets/command_packet.py,100.00
mindsdb/proxies/mysql/data_types/mysql_packets/eof_packet.py,96.55
mindsdb/proxies/mysql/data_types/mysql_packets/err_packet.py,96.97
mindsdb/proxies/mysql/data_types/mysql_packets/handshake_packet.py,92.68
mindsdb/proxies/mysql/data_types/mysql_packets/handshake_response_packet.py,96.58
mindsdb/proxies/mysql/data_types/mysql_packets/ok_packet.py,95.24
mindsdb/proxies/mysql/data_types/mysql_packets/resultset_packet.py,100.00
mindsdb/proxies/mysql/data_types/mysql_packets/switch_auth_packet.py,96.61
mindsdb/proxies/mysql/mysql_proxy.py,100.00
mindsdb/proxies/web/static/index.html,100.00
mindsdb/proxies/web/web_proxy.py,100.00
docs/examples/time_series/README.md,87.64
docs/examples/time_series/occupacy.csv,50.00
docs/examples/time_series/occupacy_predict.csv,50.00
mindsdb/libs/ml_models/pytorch/encoders/rnn/decoder_rnn.py,88.00
mindsdb/libs/ml_models/pytorch/encoders/rnn/encoder_rnn.py,70.00
.github/ISSUE_TEMPLATE/bug_report.md,47.06
.github/ISSUE_TEMPLATE/feature-mindsb-request.md,100.00
docs/examples/nlp/__init__.py,100.00
docs/examples/nlp/predict.py,86.21
docs/examples/nlp/train.py,41.67
mindsdb/libs/ml_models/pytorch/models/fully_connected_buckets_net/fully_connected_buckets_net.py,91.96
docs/colab.md,100.00
docs/GoogleColab.md,45.45
docs/kaggle.md,100.00
distributions/aws/001-prepare-ubuntu.sh,100.00
distributions/aws/002-prepare-anaconda.sh,100.00
distributions/aws/003-prepare-mindsdb.sh,98.31
distributions/aws/build-aws-ami.sh,100.00
distributions/aws/packer-mindsdb-aws-backup.json,100.00
distributions/aws/packer-mindsdb-aws.json,100.00
distributions/aws/packer-null-builder.json,100.00
distributions/docker/Dockerfile,69.62
distributions/docker/build-docker.sh,58.14
distributions/docker/requirements-docker.txt,100.00
docs/FAQ.md,88.57
docs/examples/kaggle/README.md,86.67
docs/examples/kaggle/house_prices.md,50.00
distributions/docker/README.md,100.00
.travis.yml,55.61
mindsdb/tests/test_general_helpers.py,100.00
mindsdb/scraps.py,77.93
integration_testing/data_generators.py,95.42
integration_testing/files_that_fail/README.md,100.00
integration_testing/files_that_fail/fail_2019_01_01_14_24.csv,66.67
integration_testing/files_that_fail/fail_2019_01_01_14_28.csv,66.67
integration_testing/run_tests.py,91.04
integration_testing/test_data.csv,100.00
mindsdb/libs/helpers/log.py,79.38
mindsdb/libs/data_types/mindsdb_logger.py,61.76
mindsdb/libs/data_types/transaction.py,48.10
mindsdb/libs/data_types/meta_ml_model.py,52.29
integration_testing/run_a_file.py,55.05
integration_testing/.~lock.marvel_wiki.csv#,100.00
mindsdb/libs/ml_models/probabilistic_validator.py,58.88
docs/conf.py,100.00
mindsdb/libs/phases/model_analyzer/model_analyzer.py,49.28
mindsdb/libs/controllers/mind.py,100.00
mindsdb/libs/controllers/transaction.py,57.38
mindsdb/libs/controllers/predictor.py,63.34
.github/ISSUE_TEMPLATE/feature-mindsdb-request.md,90.00
docs/examples/basic/test.py,95.00
mindsdb/libs/data_types/probability_evaluation.py,55.81
mindsdb/libs/data_types/transaction_output_row.py,48.47
.gitmodules,100.00
mindsdb/libs/backends/ludwig.py,76.97
integration_testing/image_testing/main.py,75.00
integration_testing/image_testing/predict.csv,58.33
integration_testing/image_testing/train.csv,50.00
integration_testing/wine_data_predict.tsv,100.00
integration_testing/wine_data_train.tsv,100.00
video_docs/learn.py,100.00
video_docs/predict.py,100.00
docs/website/.dockerignore,100.00
docs/website/.gitignore,100.00
docs/website/Dockerfile,100.00
docs/website/docker-compose.yml,100.00
docs/website/docs/BasicExample.md,56.74
docs/website/docs/FAQ.md,67.23
docs/website/docs/Installing.md,51.61
docs/website/website/.gitignore,100.00
docs/website/website/README.md,92.34
docs/website/website/blog/2016-03-11-blog-post.md,100.00
docs/website/website/core/Footer.js,70.92
docs/website/website/package-lock.json,98.90
docs/website/website/package.json,100.00
docs/website/website/pages/en/help.js,94.74
docs/website/website/pages/en/index.js,93.40
docs/website/website/pages/en/users.js,100.00
docs/website/website/sidebars.json,40.62
docs/website/website/siteConfig.js,97.20
docs/website/website/static/css/style.css,89.08
docs/website/website/static/scss/_content.scss,100.00
docs/website/website/static/scss/_mixin.scss,100.00
docs/website/website/static/scss/style.scss,100.00
docs/website/docs/InsideMindsDB.md,81.48
docs/website/docs/Config.md,62.50
docs/website/docs/DataSources.md,88.51
docs/website/docs/AdvancedExamples.md,64.24
test.out,100.00
mindsdb/__about__.py,41.58
mindsdb/libs/model_examination/column_evaluator.py,69.20
mindsdb/libs/model_examination/probabilistic_validator.py,75.00
docs/website/i18n/en.json,88.68
docs/website/package-lock.json,100.00
docs/website/website/static/index.html,100.00
test.py,57.81
integration_testing/run_travis_tests.py,86.75
mindsdb/libs/data_types/heavy_model_metadata.py,100.00
mindsdb/libs/data_types/light_model_metadata.py,100.00
mindsdb/libs/data_types/light_metadata.py,100.00
test.json,100.00
docs/website/docs/ColumnMetrics.md,92.95
tmp.py,100.00
insurance.py,100.00
mindsdb/libs/phases/model_interface/model_interface.py,86.57
docs/website/docs/GoogleColab.md,97.14
mindsdb/libs/backends/lightwood.py,69.51
mindsdb/libs/phases/data_transformer/data_transformer.py,51.42
mindsdb/libs/helpers/probabilistic_validator.py,69.83
mindsdb/libs/phases/model_analyzer/helpers/column_evaluator.py,95.65
mindsdb/libs/helpers/explain_prediction.py,52.53
mindsdb/libs/phases/stats_generator/scores.py,100.00
out.txt,99.94
out_para.txt,100.00
tests/ci_tests/fast_test.py,62.50
tests/ci_tests/full_test.py,72.73
tests/ci_tests/tests.py,49.55
tests/integration_tests/generated_data_tests.py,79.41
tests/integration_tests/run_example.py,100.00
tests/integration_tests/test_suite.py,88.14
docs/website/docs/JupyterNotebook.md,51.22
MANIFEST.in,27.27
notes.txt,100.00
tests/functional_testing/analyse_dataset.py,100.00
tests/functional_testing/custom_model.py,100.00
docs/website/docs/ComparsionWithOtherLibraries.md,86.91
mindsdb/libs/data_sources/s3_ds.py,100.00
tests/functional_testing/data_from_s3.py,100.00
mindsdb/libs/data_sources/mysql_ds.py,100.00
tests/functional_testing/data_from_mysql.py,100.00
.tmp_mindsdb_data_file,100.00
mindsdb/libs/data_sources/postgres_ds.py,100.00
tests/functional_testing/data_from_postgres.py,100.00
tests/functional_testing/all_data_sources.py,100.00
requirements_extra_data_sources.txt,100.00
docs/website/docs/AccuracyComparison.md,100.00
docs/website/docs/Interface.md,100.00
docs/website/docs/PredictorInterface.md,97.96
tests/accuracy_benchmarking/benchmark.py,100.00
tests/accuracy_benchmarking/config.json,100.00
tests/accuracy_benchmarking/requirements.txt,100.00
tests/accuracy_benchmarking/tmp_downloads/default_of_credit/README.md,100.00
tests/accuracy_benchmarking/tmp_downloads/default_of_credit/all_data.csv,100.00
tests/accuracy_benchmarking/tmp_downloads/default_of_credit/create.py,100.00
tests/accuracy_benchmarking/tmp_downloads/default_of_credit/mindsdb_acc.py,100.00
tests/accuracy_benchmarking/tmp_downloads/default_of_credit/test.csv,100.00
tests/accuracy_benchmarking/tmp_downloads/default_of_credit/test.py,100.00
tests/accuracy_benchmarking/tmp_downloads/default_of_credit/test_sample.csv,100.00
tests/accuracy_benchmarking/tmp_downloads/default_of_credit/train.csv,100.00
tests/accuracy_benchmarking/tmp_downloads/default_of_credit/train_sample.csv,100.00
tests/accuracy_benchmarking/compare.py,100.00
tests/accuracy_benchmarking/helpers.py,100.00
fv.json,100.00
jss.py,100.00
mindsdb/libs/phases/data_splitter/data_splitter.py,100.00
mindsdb/libs/helpers/debugging.py,100.00
Dockerfile,100.00
connect.cnf,100.00
distributions/linux/install.py,100.00
distributions/linux/install.sh,52.54
distributions/windows/install.py,48.73
distributions/windows/make.bat,50.00
docker-compose.yml,56.11
empty.txt,100.00
etc/config.json,100.00
logs/mysql.log,100.00
mindsdb/__main__.py,57.51
mindsdb/api/http/initialize.py,45.70
mindsdb/api/http/namespaces/configs/datasources.py,100.00
mindsdb/api/http/namespaces/configs/predictors.py,100.00
mindsdb/api/http/namespaces/configs/util.py,100.00
mindsdb/api/http/namespaces/datasource.py,50.53
mindsdb/api/http/namespaces/entitites/column_metadata.py,100.00
mindsdb/api/http/namespaces/entitites/confusion_matrix_data.py,100.00
mindsdb/api/http/namespaces/entitites/data_analysis_metadata.py,100.00
mindsdb/api/http/namespaces/entitites/data_distribution_metadata.py,100.00
mindsdb/api/http/namespaces/entitites/data_preparation_metadata.py,100.00
mindsdb/api/http/namespaces/entitites/datasources/datasource.py,100.00
mindsdb/api/http/namespaces/entitites/datasources/datasource_data.py,100.00
mindsdb/api/http/namespaces/entitites/datasources/datasource_files.py,100.00
mindsdb/api/http/namespaces/entitites/datasources/datasource_missed_files.py,100.00
mindsdb/api/http/namespaces/entitites/histogram_data.py,100.00
mindsdb/api/http/namespaces/entitites/label_group.py,100.00
mindsdb/api/http/namespaces/entitites/nested_histogram_data.py,100.00
mindsdb/api/http/namespaces/entitites/predictor_metadata.py,93.22
mindsdb/api/http/namespaces/entitites/predictor_status.py,99.54
mindsdb/api/http/namespaces/entitites/quality_dimension.py,100.00
mindsdb/api/http/namespaces/entitites/quality_metric.py,100.00
mindsdb/api/http/namespaces/entitites/target_column_metadata.py,100.00
mindsdb/api/http/namespaces/predictor.py,57.03
mindsdb/api/http/namespaces/util.py,48.61
mindsdb/api/http/start.py,66.90
mindsdb/api/mysql/mysql_proxy/classes/client_capabilities.py,95.56
mindsdb/api/mysql/mysql_proxy/classes/com_operators.py,81.68
mindsdb/api/mysql/mysql_proxy/classes/sql_query.py,36.64
mindsdb/api/mysql/mysql_proxy/controllers/__init__.py,100.00
mindsdb/api/mysql/mysql_proxy/controllers/log.py,97.92
mindsdb/api/mysql/mysql_proxy/controllers/session_controller.py,50.75
mindsdb/api/mysql/mysql_proxy/data_types/README.md,100.00
mindsdb/api/mysql/mysql_proxy/data_types/mysql_datum.py,62.10
mindsdb/api/mysql/mysql_proxy/data_types/mysql_packet.py,83.07
mindsdb/api/mysql/mysql_proxy/data_types/mysql_packets/__init__.py,93.33
mindsdb/api/mysql/mysql_proxy/data_types/mysql_packets/column_count_packet.py,98.91
mindsdb/api/mysql/mysql_proxy/data_types/mysql_packets/column_definition_packet.py,97.95
mindsdb/api/mysql/mysql_proxy/data_types/mysql_packets/command_packet.py,46.32
mindsdb/api/mysql/mysql_proxy/data_types/mysql_packets/eof_packet.py,99.07
mindsdb/api/mysql/mysql_proxy/data_types/mysql_packets/err_packet.py,99.16
mindsdb/api/mysql/mysql_proxy/data_types/mysql_packets/fast_auth_fail_packet.py,95.00
mindsdb/api/mysql/mysql_proxy/data_types/mysql_packets/handshake_packet.py,95.86
mindsdb/api/mysql/mysql_proxy/data_types/mysql_packets/handshake_response_packet.py,96.10
mindsdb/api/mysql/mysql_proxy/data_types/mysql_packets/ok_packet.py,97.72
mindsdb/api/mysql/mysql_proxy/data_types/mysql_packets/password_answer.py,100.00
mindsdb/api/mysql/mysql_proxy/data_types/mysql_packets/resultset_row_package.py,97.37
mindsdb/api/mysql/mysql_proxy/data_types/mysql_packets/switch_auth_packet.py,97.30
mindsdb/api/mysql/mysql_proxy/data_types/mysql_packets/switch_auth_response_packet.py,87.50
mindsdb/api/mysql/mysql_proxy/datahub/__init__.py,66.67
mindsdb/api/mysql/mysql_proxy/datahub/datahub.py,58.76
mindsdb/api/mysql/mysql_proxy/datahub/datanodes/csv_datanode.py,98.78
mindsdb/api/mysql/mysql_proxy/datahub/datanodes/datanode.py,83.33
mindsdb/api/mysql/mysql_proxy/datahub/datanodes/fake_datanode.py,97.73
mindsdb/api/mysql/mysql_proxy/datahub/datanodes/mindsdb_datanode.py,59.97
mindsdb/api/mysql/mysql_proxy/datahub/datanodes/mongo_datanode.py,97.44
mindsdb/api/mysql/mysql_proxy/datahub/information_schema.py,68.46
mindsdb/api/mysql/mysql_proxy/external_libs/README.md,100.00
mindsdb/api/mysql/mysql_proxy/external_libs/mysql_scramble.py,96.64
mindsdb/api/mysql/mysql_proxy/external_libs/stats.py,100.00
mindsdb/api/mysql/mysql_proxy/libs/__init__.py,50.00
mindsdb/api/mysql/mysql_proxy/libs/constants/__init__.py,66.67
mindsdb/api/mysql/mysql_proxy/libs/constants/mysql.py,92.89
mindsdb/api/mysql/mysql_proxy/mysql_proxy.py,55.30
mindsdb/api/mysql/start.py,52.54
mindsdb/interfaces/__init__.py,100.00
mindsdb/interfaces/clickhouse/clickhouse.py,84.03
mindsdb/interfaces/datastore/datastore.py,51.79
mindsdb/interfaces/datastore/sqlite_helpers.py,90.13
mindsdb/interfaces/mariadb/mariadb.py,83.33
mindsdb/interfaces/native/mindsdb.py,79.92
mindsdb/interfaces/native/predictor_process.py,87.69
mindsdb/utilities/config.py,57.42
mindsdb/utilities/fs.py,38.99
mindsdb/utilities/loop.py,100.00
mindsdb/utilities/wizards.py,50.24
tests/ci_tests/test_endpoints.py,100.00
tests/home_rentals.csv,100.00
tests/integration_tests/test_clickhouse.py,100.00
tests/integration_tests/test_mariadb.py,69.48
tests/ressources/cert.pem,100.00
mindsdb/api/mysql/mysql_proxy/datahub/datanodes/__init__.py,100.00
mindsdb/api/http/namespaces/config.py,49.13
tests/docker/cli.sh,100.00
tests/docker/docker-compose.yml,89.69
tests/docker/mariadb/Dockerfile,100.00
tests/docker/mariadb/connect.cnf,100.00
tests/integration_tests/common.py,100.00
mindsdb/integrations/clickhouse/clickhouse.py,58.68
mindsdb/integrations/mariadb/mariadb.py,60.05
mindsdb/interfaces/database/database.py,54.38
.github/pull_request_template.md,85.45
CODE_OF_CONDUCT.md,50.00
CONTRIBUTING.md,38.84
requirements_test.txt,35.29
tests/integration_tests/api/test_http.py,68.37
tests/conftest.py,96.39
tests/integration_tests/_test_clickhouse.py,100.00
tests/integration_tests/_test_mariadb.py,100.00
tests/plugin.py,100.00
tests/integration_tests/flows/_test_mariadb.py,97.78
tests/integration_tests/flows/test_clickhouse.py,55.48
tests/integration_tests/flows/config/cert.pem,100.00
tests/integration_tests/flows/config/config.json,71.10
tests/integration_tests/flows/_test_clickhouse.py,100.00
tests/integration_tests/flows/common.py,61.27
mindsdb/integrations/__init__.py,40.91
tests/integration_tests/flows/test_mariadb.py,58.13
mindsdb/api/mysql/mysql_proxy/datahub/datanodes/datasource_datanode.py,68.13
mindsdb/api/http/namespaces/configs/config.py,100.00
mindsdb/integrations/mysql/mysql.py,46.10
tests/docker/mssql/Dockerfile,100.00
tests/docker/mysql/config.cnf,100.00
tests/integration_tests/flows/test_mysql.py,67.22
mindsdb/api/mysql/mysql_proxy/data_types/mysql_packets/binary_resultset_row_package.py,40.43
mindsdb/api/mysql/mysql_proxy/data_types/mysql_packets/stmt_prepare_header.py,51.58
mindsdb/integrations/postgres/postgres.py,44.89
tests/docker/postgres/Dockerfile,87.50
tests/integration_tests/flows/test_postgres.py,68.18
.github/workflows/cla.yml,63.10
assets/contributions-agreement/signatures/cla.json,89.65
mindsdb/api/mysql/mysql_proxy/classes/sql_statement_parser.py,54.67
mindsdb/utilities/functions.py,50.62
.github/workflows/mindsdb.yml,26.13
mindsdb/integrations/base/__init__.py,37.50
mindsdb/integrations/base/integration.py,40.67
mindsdb/integrations/mssql/mssql.py,39.22
tests/integration_tests/flows/test_flow.py,100.00
tests/integration_tests/flows/test_mssql.py,67.21
tests/integration_tests/flows/custom_model.py,100.00
mindsdb/interfaces/custom/custom.py,100.00
tests/integration_tests/flows/test_custom_model/model.py,100.00
model.py,100.00
mindsdb/api/http/gunicorn_wrapper.py,50.00
mindsdb/api/http/static/asset-manifest.json,100.00
mindsdb/api/http/static/css/2.426ed7e8.chunk.css,100.00
mindsdb/api/http/static/css/2.426ed7e8.chunk.css.map,100.00
mindsdb/api/http/static/css/main.2ec23807.chunk.css,100.00
mindsdb/api/http/static/css/main.2ec23807.chunk.css.map,100.00
mindsdb/api/http/static/index.html,100.00
mindsdb/api/http/static/js/2.4d00e017.chunk.js,100.00
mindsdb/api/http/static/js/2.4d00e017.chunk.js.LICENSE.txt,100.00
mindsdb/api/http/static/js/2.4d00e017.chunk.js.map,100.00
mindsdb/api/http/static/js/main.152d2312.chunk.js,100.00
mindsdb/api/http/static/js/main.152d2312.chunk.js.map,100.00
mindsdb/api/http/static/js/runtime-main.cfe1206a.js,100.00
mindsdb/api/http/static/js/runtime-main.cfe1206a.js.map,100.00
mindsdb/api/http/static/manifest.json,100.00
mindsdb/api/http/static/media/fa-brands-400.ccfdb9dc.svg,100.00
mindsdb/api/http/static/media/fa-regular-400.e75dfd90.svg,100.00
mindsdb/api/http/static/media/fa-solid-900.03ba7cb7.svg,100.00
mindsdb/api/http/static/media/mindsdb-logo.770b9ba0.svg,100.00
mindsdb/api/http/static/media/open-sans-v15-latin-300.27ef0b06.svg,100.00
mindsdb/api/http/static/media/open-sans-v15-latin-700.2e00b263.svg,100.00
mindsdb/api/http/static/media/open-sans-v15-latin-regular.7aab4c13.svg,100.00
mindsdb/api/http/static/media/poppins-v6-latin-100.f1cb3517.svg,100.00
mindsdb/api/http/static/media/poppins-v6-latin-100italic.9f18e645.svg,100.00
mindsdb/api/http/static/media/poppins-v6-latin-200.46ba7d06.svg,100.00
mindsdb/api/http/static/media/poppins-v6-latin-200italic.1b275dbf.svg,100.00
mindsdb/api/http/static/media/poppins-v6-latin-300.729c04d1.svg,100.00
mindsdb/api/http/static/media/poppins-v6-latin-300italic.bbd3f741.svg,100.00
mindsdb/api/http/static/media/poppins-v6-latin-500.0eb2e0a6.svg,100.00
mindsdb/api/http/static/media/poppins-v6-latin-500italic.b4db96df.svg,100.00
mindsdb/api/http/static/media/poppins-v6-latin-600.c2b154f6.svg,100.00
mindsdb/api/http/static/media/poppins-v6-latin-600italic.53915646.svg,100.00
mindsdb/api/http/static/media/poppins-v6-latin-700.a02d5c2b.svg,100.00
mindsdb/api/http/static/media/poppins-v6-latin-700italic.fabfc415.svg,100.00
mindsdb/api/http/static/media/poppins-v6-latin-800.0aca950f.svg,100.00
mindsdb/api/http/static/media/poppins-v6-latin-800italic.2e8395d2.svg,100.00
mindsdb/api/http/static/media/poppins-v6-latin-900.11a038ba.svg,100.00
mindsdb/api/http/static/media/poppins-v6-latin-900italic.162a248d.svg,100.00
mindsdb/api/http/static/media/poppins-v6-latin-italic.cfbff65d.svg,100.00
mindsdb/api/http/static/media/poppins-v6-latin-regular.a2ed588b.svg,100.00
mindsdb/api/http/static/media/primeicons.38d77552.svg,100.00
mindsdb/api/http/static/precache-manifest.791bcf34f84098e6903c9298ca0c42a1.js,100.00
mindsdb/api/http/static/robots.txt,100.00
mindsdb/api/http/static/service-worker.js,100.00
mindsdb/api/http/static/version.txt,100.00
mindsdb/api/mongo/classes/__init__.py,61.54
mindsdb/api/mongo/classes/responder.py,54.55
mindsdb/api/mongo/classes/responder_collection.py,32.76
mindsdb/api/mongo/functions/__init__.py,46.43
mindsdb/api/mongo/op_msg_responders/__init__.py,100.00
mindsdb/api/mongo/op_msg_responders/buildinfo.py,100.00
mindsdb/api/mongo/op_msg_responders/find.py,100.00
mindsdb/api/mongo/op_msg_responders/getlog.py,100.00
mindsdb/api/mongo/op_msg_responders/insert.py,98.10
mindsdb/api/mongo/op_msg_responders/is_master.py,100.00
mindsdb/api/mongo/op_msg_responders/list_collections.py,100.00
mindsdb/api/mongo/op_msg_responders/list_databases.py,100.00
mindsdb/api/mongo/op_msg_responders/replsetgetstatus.py,100.00
mindsdb/api/mongo/op_msg_responders/whatsmyuri.py,100.00
mindsdb/api/mongo/op_query_responders/__init__.py,100.00
mindsdb/api/mongo/op_query_responders/is_master.py,100.00
mindsdb/api/mongo/server.py,54.72
mindsdb/api/mongo/start.py,55.77
test_custom_model/model.py,100.00
mindsdb/api/http/static/css/main.471ae4c2.chunk.css,100.00
mindsdb/api/http/static/css/main.471ae4c2.chunk.css.map,100.00
mindsdb/api/http/static/css/main.b3299a43.css,100.00
mindsdb/api/http/static/css/main.b3299a43.css.map,100.00
mindsdb/api/http/static/css/vendors~main.b133dcd6.chunk.css,100.00
mindsdb/api/http/static/css/vendors~main.b133dcd6.chunk.css.map,100.00
mindsdb/api/http/static/js/2.30dfa496.chunk.js,100.00
mindsdb/api/http/static/js/2.30dfa496.chunk.js.map,100.00
mindsdb/api/http/static/js/2.c7187921.chunk.js,100.00
mindsdb/api/http/static/js/2.c7187921.chunk.js.LICENSE.txt,100.00
mindsdb/api/http/static/js/2.c7187921.chunk.js.map,100.00
mindsdb/api/http/static/js/main.02de3d8a.chunk.js,100.00
mindsdb/api/http/static/js/main.02de3d8a.chunk.js.map,100.00
mindsdb/api/http/static/js/main.e36a5830.chunk.js,100.00
mindsdb/api/http/static/js/main.e36a5830.chunk.js.map,100.00
mindsdb/interfaces/custom/custom_models.py,92.54
mindsdb/interfaces/custom/model_interface.py,100.00
mindsdb/api/mongo/op_msg_responders/is_master_lower.py,100.00
.flake8,40.20
tests/integration_tests/flows/test_custom_model.py,53.88
mindsdb/api/mongo/op_msg_responders/delete.py,100.00
tests/integration_tests/flows/test_mongo.py,72.20
tests/docker/docker-compose-mongo.yml,100.00
tests/docker/mongodb/mongos/mongos-dockerfile,100.00
mindsdb/utilities/ps.py,45.40
mindsdb/utilities/log.py,37.67
mindsdb/api/mongo/op_msg_responders/add_shard.py,100.00
mindsdb/api/mongo/op_msg_responders/recv_chunk_start.py,100.00
mindsdb/api/mongo/op_msg_responders/update_range_deletions.py,100.00
mindsdb/api/mongo/utilities/__init__.py,50.00
mindsdb/api/mongo/utilities/log.py,60.00
mindsdb/api/mysql/mysql_proxy/utilities/__init__.py,40.00
mindsdb/api/mysql/mysql_proxy/utilities/log.py,42.86
distributions/windows/build_installer.py,100.00
distributions/linux/rename_installer.py,100.00
conda.recipe/bld.bat,100.00
conda.recipe/build.sh,100.00
conda.recipe/meta.yaml,89.66
toconda.sh,81.82
distributions/windows/build_installers.py,65.22
distributions/docker-compose/README.md,100.00
distributions/docker-compose/docker-compose.yaml,100.00
distributions/docker-compose/mariadb/Dockerfile,100.00
distributions/docker-compose/mariadb/connect.cnf,100.00
distributions/docker-compose/mongodb/mongos/mongos-dockerfile,100.00
distributions/docker-compose/mssql/Dockerfile,100.00
distributions/docker-compose/mysql/config.cnf,100.00
distributions/docker-compose/postgres/Dockerfile,100.00
INTEGRATION.md,100.00
distributions/windows/sync_s3.py,100.00
tests/docker/mongodb/glue/Dockerfile,100.00
tests/docker/mongodb/glue/data/entrypoint.sh,100.00
tests/docker/mongodb/glue/data/init_config_rs.js,100.00
tests/docker/mongodb/glue/data/init_db_rs.js,100.00
tests/docker/mongodb/glue/data/init_mongos.js,100.00
mindsdb/api/mysql/mysql_proxy/classes/server_capabilities.py,47.83
tests/README.md,40.62
tests/integration_tests/flows/http_test_helpers.py,45.70
tests/integration_tests/flows/test_user_flow_1.py,58.25
tests/integration_tests/flows/test_user_flow_2.py,54.69
tests/integration_tests/flows/test_mistakes.py,51.23
distributions/docker/Usage.md,100.00
distributions/linux/rename_installers.py,100.00
distributions/osx/rename_installers.py,100.00
.github/workflows/release.yml,44.44
distributions/linux/snapcraft.yaml,100.00
distributions/docker/builder_docker.py,100.00
distributions/docker/build_docker.py,100.00
distributions/osx/build_installers.py,100.00
distributions/osx/install.py,100.00
distributions/osx/sync_s3.py,100.00
distributions/osx/build_dmg_from_sh.py,53.95
distributions/osx/dmg_from_sh/assets/app_template.app/Contents/Resources/MainMenu.nib/designable.nib,50.00
distributions/osx/dmg_from_sh/assets/app_template.app/Contents/Resources/mindsdb.installer.sh,50.00
distributions/osx/dmg_from_sh/assets/app_template.app/Contents/Resources/mindsdb.sh,50.00
distributions/osx/dmg_from_sh/assets/app_template.app/Contents/Resources/script,50.00
distributions/osx/dmg_from_sh/assets/config.json,50.00
distributions/osx/dmg_from_sh/build_macos_installer.sh,50.00
distributions/osx/dmg_from_sh/src/mindsdb.app.sh,50.00
distributions/osx/dmg_from_sh/src/mindsdb.installer.sh.template,50.00
distributions/osx/dmg_from_sh/src/mindsdb.sh,50.00
distributions/version/deploy_version.py,100.00
distributions/ver/deploy_version.py,94.74
mindsdb/api/mongo/classes/scram.py,66.14
mindsdb/api/mongo/classes/session.py,61.11
mindsdb/api/mongo/op_msg_responders/aggregate.py,100.00
mindsdb/api/mongo/op_msg_responders/coll_stats.py,100.00
mindsdb/api/mongo/op_msg_responders/connection_status.py,100.00
mindsdb/api/mongo/op_msg_responders/count.py,100.00
mindsdb/api/mongo/op_msg_responders/db_stats.py,100.00
mindsdb/api/mongo/op_msg_responders/get_cmd_line_opts.py,100.00
mindsdb/api/mongo/op_msg_responders/host_info.py,100.00
mindsdb/api/mongo/op_msg_responders/list_indexes.py,100.00
mindsdb/api/mongo/op_msg_responders/sasl_continue.py,100.00
mindsdb/api/mongo/op_msg_responders/sasl_start.py,100.00
mindsdb/api/mongo/responders/__init__.py,77.03
mindsdb/api/mongo/responders/add_shard.py,100.00
mindsdb/api/mongo/responders/aggregate.py,73.58
mindsdb/api/mongo/responders/buildinfo.py,79.17
mindsdb/api/mongo/responders/coll_stats.py,51.04
mindsdb/api/mongo/responders/connection_status.py,100.00
mindsdb/api/mongo/responders/count.py,91.30
mindsdb/api/mongo/responders/db_stats.py,88.57
mindsdb/api/mongo/responders/delete.py,36.41
mindsdb/api/mongo/responders/find.py,41.73
mindsdb/api/mongo/responders/get_cmd_line_opts.py,100.00
mindsdb/api/mongo/responders/getlog.py,100.00
mindsdb/api/mongo/responders/host_info.py,100.00
mindsdb/api/mongo/responders/insert.py,37.60
mindsdb/api/mongo/responders/is_master.py,69.57
mindsdb/api/mongo/responders/is_master_lower.py,84.21
mindsdb/api/mongo/responders/list_collections.py,61.64
mindsdb/api/mongo/responders/list_databases.py,53.19
mindsdb/api/mongo/responders/list_indexes.py,100.00
mindsdb/api/mongo/responders/recv_chunk_start.py,100.00
mindsdb/api/mongo/responders/replsetgetstatus.py,100.00
mindsdb/api/mongo/responders/sasl_continue.py,94.44
mindsdb/api/mongo/responders/sasl_start.py,51.56
mindsdb/api/mongo/responders/update_range_deletions.py,100.00
mindsdb/api/mongo/responders/whatsmyuri.py,100.00
mindsdb/integrations/mongodb/mongodb.py,41.77
tests/prediction_latency_test/schemas.py,35.63
tests/prediction_latency_test/tmp.py,83.33
tests/prediction_latency_test/prepare.py,31.82
tests/prediction_latency_test/test.py,52.74
tests/prediction_latency_test/requirements.txt,33.33
tests/integration_tests/flows/test_http.py,62.86
mindsdb/interfaces/native/learn_process.py,65.90
tests/prediction_latency_test/config.py,37.93
tests/prediction_latency_test/config.yml,33.33
tests/prediction_latency_test/sunspots_handler.py,33.33
tests/prediction_latency_test/README.md,37.30
mindsdb/interfaces/native/native.py,49.69
mindsdb/utilities/telemetry.py,65.67
mindsdb/interfaces/storage/db.py,28.48
mindsdb/interfaces/storage/fs.py,71.81
tests/integration_tests/flows/legacy_config.py,100.00
mindsdb/interfaces/storage/__init__.py,100.00
mindsdb/utilities/os_specific.py,100.00
deploy_version.py,100.00
tests/integration_tests/flows/ps.py,50.00
mindsdb/interfaces/ai_table/ai_table.py,53.17
pyproject.toml,100.00
mindsdb/api/mysql/mysql_proxy/datahub/datanodes/integration_datanode.py,68.17
mindsdb/interfaces/model/model_controller.py,39.73
mindsdb/interfaces/model/model_interface.py,75.90
mindsdb/utilities/subtypes.py,100.00
mindsdb/interfaces/model/learn_process.py,52.64
mindsdb/interfaces/rpc_model/model_controller.py,100.00
mindsdb/interfaces/rpc_model/model_interface.py,100.00
mindsdb/interfaces/ray_model/model_controller.py,100.00
mindsdb/interfaces/ray_model/model_interface.py,100.00
t.json,100.00
mindsdb/api/http/namespaces/configs/streams.py,100.00
mindsdb/api/http/namespaces/stream.py,62.07
mindsdb/integrations/redis/redisdb.py,79.84
mindsdb/streams/__init__.py,100.00
mindsdb/streams/base/base_stream.py,90.14
mindsdb/streams/redis/__init__.py,100.00
mindsdb/streams/redis/redis_stream.py,89.44
mindsdb/api/mongo/responders/end_sessions.py,100.00
mindsdb/api/mongo/responders/get_free_monitoring_status.py,100.00
mindsdb/integrations/kafka/kafkadb.py,72.38
mindsdb/streams/kafka/__init__.py,100.00
mindsdb/streams/kafka/kafka_stream.py,84.40
mindsdb/api/http/utils.py,47.22
mindsdb/api/mongo/responders/company_id.py,97.87
mindsdb/streams/base/__init__.py,100.00
mindsdb/interfaces/database/integrations.py,62.79
.github/workflows/matrix_includes.json,49.09
tests/integration_tests/flows/test_company_independent.py,92.33
tests/integration_tests/flows/test_test_shutdown.py,100.00
tests/integration_tests/flows/test_redis.py,55.12
mindsdb/integrations/cassandra/cassandra.py,100.00
mindsdb/integrations/scylladb/scylladb.py,100.00
tests/integration_tests/flows/test_kafka.py,56.61
mindsdb/utilities/cache.py,57.14
mindsdb/api/mysql/mysql_proxy/utilities/sql.py,61.42
mindsdb/api/mysql/mysql_proxy/classes/com_operators2.py,100.00
mindsdb/api/mysql/mysql_proxy/classes/sql_query_new.py,99.83
mindsdb/streams/stream_controller.py,59.09
mindsdb/api/mongo/responders/ping.py,100.00
mindsdb/integrations/snowflake/snowflake.py,88.57
docker/Dockerfile.template,100.00
docker/build.py,27.36
mindsdb/utilities/json_encoder.py,32.84
docs/requirements.txt,75.00
docs/.gitignore,100.00
docs/mindsdb-docs/docs/CNAME,100.00
docs/mindsdb-docs/docs/Config.md,100.00
docs/mindsdb-docs/docs/FunctionalInterface.md,100.00
docs/mindsdb-docs/docs/GoogleColab.md,100.00
docs/mindsdb-docs/docs/InsideMindsDB.md,100.00
docs/mindsdb-docs/docs/JupyterNotebook.md,98.21
docs/mindsdb-docs/docs/PredictorInterface.md,99.10
docs/mindsdb-docs/docs/assets/icons/Cloud.svg,100.00
docs/mindsdb-docs/docs/assets/icons/Database.svg,100.00
docs/mindsdb-docs/docs/assets/icons/Explainable.svg,100.00
docs/mindsdb-docs/docs/assets/icons/GUI.svg,100.00
docs/mindsdb-docs/docs/assets/icons/Python.svg,100.00
docs/mindsdb-docs/docs/assets/icons/Server.svg,100.00
docs/mindsdb-docs/docs/assets/icons/sdk.svg,100.00
docs/mindsdb-docs/docs/assets/mdb_logo_w.svg,100.00
docs/mindsdb-docs/docs/bi-tools/tableau.md,100.00
docs/mindsdb-docs/docs/community.md,100.00
docs/mindsdb-docs/docs/comparisons/ComparsionWithOtherLibraries.md,98.69
docs/mindsdb-docs/docs/connect.md,93.18
docs/mindsdb-docs/docs/contribute.md,100.00
docs/mindsdb-docs/docs/databases/Clickhouse.md,98.80
docs/mindsdb-docs/docs/databases/MariaDB.md,97.25
docs/mindsdb-docs/docs/databases/MySQL.md,98.40
docs/mindsdb-docs/docs/databases/PostgreSQL.md,97.91
docs/mindsdb-docs/docs/databases/index.md,100.00
docs/mindsdb-docs/docs/datasources/clickhouse.md,100.00
docs/mindsdb-docs/docs/datasources/configuration.md,99.73
docs/mindsdb-docs/docs/datasources/local.md,100.00
docs/mindsdb-docs/docs/datasources/mariadb.md,100.00
docs/mindsdb-docs/docs/datasources/mongodb.md,98.89
docs/mindsdb-docs/docs/datasources/mssql.md,98.96
docs/mindsdb-docs/docs/datasources/mysql.md,100.00
docs/mindsdb-docs/docs/datasources/postgresql.md,100.00
docs/mindsdb-docs/docs/datasources/remote.md,100.00
docs/mindsdb-docs/docs/datasources/snowflake.md,100.00
docs/mindsdb-docs/docs/deployment/cloud.md,60.71
docs/mindsdb-docs/docs/deployment/docker.md,37.55
docs/mindsdb-docs/docs/deployment/linux.md,53.79
docs/mindsdb-docs/docs/deployment/macos.md,56.85
docs/mindsdb-docs/docs/deployment/pypi.md,72.73
docs/mindsdb-docs/docs/deployment/source.md,60.19
docs/mindsdb-docs/docs/deployment/windows.md,54.04
docs/mindsdb-docs/docs/faq.md,99.33
docs/mindsdb-docs/docs/features/ColumnMetrics.md,100.00
docs/mindsdb-docs/docs/features/DataSources.md,100.00
docs/mindsdb-docs/docs/index.md,42.05
docs/mindsdb-docs/docs/info.md,82.35
docs/mindsdb-docs/docs/integrations/AwsSageMaker.md,91.67
docs/mindsdb-docs/docs/integrations/CallSageMakerEndpoint.md,100.00
docs/mindsdb-docs/docs/integrations/MindsDBSageContainer.md,100.00
docs/mindsdb-docs/docs/integrations/SageMakerSDK.md,100.00
docs/mindsdb-docs/docs/integrations/UseMindsDBinSage.md,100.00
docs/mindsdb-docs/docs/lightwood/info.md,100.00
docs/mindsdb-docs/docs/model/clickhouse.md,100.00
docs/mindsdb-docs/docs/model/mariadb.md,100.00
docs/mindsdb-docs/docs/model/mongodb.md,99.06
docs/mindsdb-docs/docs/model/mssql.md,100.00
docs/mindsdb-docs/docs/model/mysql.md,100.00
docs/mindsdb-docs/docs/model/postgresql.md,100.00
docs/mindsdb-docs/docs/model/quality.md,100.00
docs/mindsdb-docs/docs/model/query/clickhouse.md,100.00
docs/mindsdb-docs/docs/model/query/mariadb.md,100.00
docs/mindsdb-docs/docs/model/query/mongodb.md,100.00
docs/mindsdb-docs/docs/model/query/mssql.md,100.00
docs/mindsdb-docs/docs/model/query/mysql.md,100.00
docs/mindsdb-docs/docs/model/query/postgresql.md,100.00
docs/mindsdb-docs/docs/model/query/studio.md,100.00
docs/mindsdb-docs/docs/model/timeseries.md,95.45
docs/mindsdb-docs/docs/model/train.md,100.00
docs/mindsdb-docs/docs/mongo/tutorials/test.md,100.00
docs/mindsdb-docs/docs/server/SDKs.md,99.41
docs/mindsdb-docs/docs/sql/api/drop.md,46.15
docs/mindsdb-docs/docs/sql/api/home_rentals_model.csv,50.00
docs/mindsdb-docs/docs/sql/api/home_rentals_model1.csv,50.00
docs/mindsdb-docs/docs/sql/api/integration.md,100.00
docs/mindsdb-docs/docs/sql/api/join.md,52.54
docs/mindsdb-docs/docs/sql/api/predictor.md,48.90
docs/mindsdb-docs/docs/sql/api/publish.md,100.00
docs/mindsdb-docs/docs/sql/api/select.md,31.86
docs/mindsdb-docs/docs/sql/api/stream.md,100.00
docs/mindsdb-docs/docs/sql/api/use.md,91.30
docs/mindsdb-docs/docs/sql/api/view.md,65.28
docs/mindsdb-docs/docs/sql/connect/cloud.md,86.11
docs/mindsdb-docs/docs/sql/connect/local.md,77.36
docs/mindsdb-docs/docs/sql/tutorials/customer-churn.md,60.00
docs/mindsdb-docs/docs/sql/tutorials/test.md,100.00
docs/mindsdb-docs/docs/stylesheets/extra.css,62.32
docs/mindsdb-docs/docs/tutorials/AdvancedExamples.md,100.00
docs/mindsdb-docs/docs/tutorials/BasicExample.md,96.77
docs/mindsdb-docs/docs/tutorials/ChurnReduction.md,97.83
docs/mindsdb-docs/docs/tutorials/CreditScoring.md,98.40
docs/mindsdb-docs/docs/tutorials/CustomerLifetimeValue.md,97.73
docs/mindsdb-docs/docs/tutorials/FraudDetection.md,98.98
docs/mindsdb-docs/docs/tutorials/HotelBooking.md,99.06
docs/mindsdb-docs/docs/tutorials/MedicalDiagnosis.md,98.92
docs/mindsdb-docs/docs/tutorials/PatientHealthOutcomes.md,97.80
docs/mindsdb-docs/docs/tutorials/PredictiveMaintenance.md,98.73
docs/mindsdb-docs/docs/tutorials/Timeseries.md,97.50
docs/mindsdb-docs/docs/tutorials/clickhouse.md,100.00
docs/mindsdb-docs/docs/tutorials/mariadb.md,99.72
docs/mindsdb-docs/docs/tutorials/microsoft-sql-server.md,100.00
docs/mindsdb-docs/docs/tutorials/mysql.md,100.00
docs/mindsdb-docs/docs/tutorials/postgresql.md,100.00
docs/mindsdb-docs/mkdocs.yml,42.89
docs/mindsdb-docs/old-navigation.yml,100.00
docs/mindsdb-docs/overrides/main.html,70.83
docs/mindsdb-docs/overrides/overrides/home-old.html,100.00
docs/mindsdb-docs/overrides/overrides/main.html,66.67
docs/mindsdb-docs/overrides/partials/header.html,98.84
docs/mindsdb-docs/docs/sql/tutorials/heart-disease.md,57.42
docs/mindsdb-docs/docs/sql/tutorials/insurance-cost-prediction.md,69.26
docs/mindsdb-docs/docs/sql/tutorials/bitcoin-forecasting.md,94.48
.github/ISSUE_TEMPLATE/feature-mindsdb-request.yaml,100.00
.github/ISSUE_TEMPLATE/bug_report.yaml,100.00
docs/mindsdb-docs/docs/mongo/tutorials/Forecast-Metro-Traffic.md,100.00
docs/mindsdb-docs/docs/tutorials/ProcessQuality.md,100.00
docs/mindsdb-docs/docs/sql/tutorials/process-quality.md,35.47
docs/README_KOR.md,100.00
docker/dockerfile_beta.template,100.00
docker/dockerfile_release.template,72.31
docs/mindsdb-docs/docs/sql/tutorials/bodyfat.md,65.33
docs/mindsdb-docs/docs/sql/tutorials/crop-prediction.md,73.09
docs/mindsdb-docs/docs/sql/api/retrain.md,39.58
docs/mindsdb-docs/docs/sql/tutorials/crop-pred-rev.md,100.00
docs/mindsdb-docs/docs/sql/tutorials/mindsdb-superset-snowflake.md,88.89
mindsdb/utilities/with_kwargs_wrapper.py,100.00
docs/mindsdb-docs/docs/sql/tutorials/ai-tables.md,94.19
tests/integration_tests/flows/test_mysql_api.py,48.28
alembic.ini,100.00
migrate.py,100.00
mindsdb/migrations/README.md,80.00
mindsdb/migrations/env.py,77.69
mindsdb/migrations/script.py.mako,100.00
mindsdb/migrate.py,100.00
mindsdb/migrations/migrate.py,53.42
mindsdb/migrations/versions/2021-11-30_17c3d2384711_init.py,88.83
mindsdb/integrations/trinodb/trinodb.py,100.00
mindsdb/api/mysql/mysql_proxy/datahub/datanodes/file_datanode.py,80.00
docs/mindsdb-docs/docs/sql/tutorials/diabetes.md,69.27
.github/workflows/docker.yml,100.00
docs/mindsdb-docs/docs/sql/tutorials/mushrooms.md,63.88
mindsdb/migrations/alembic.ini,100.00
mindsdb/interfaces/database/views.py,53.87
mindsdb/api/mysql/mysql_proxy/datahub/datanodes/view_datanode.py,88.00
mindsdb/migrations/versions/2022-01-26_47f97b83cee4_views.py,100.00
mindsdb/api/mysql/mysql_proxy/utilities/exceptions.py,44.78
mindsdb/api/mysql/mysql_proxy/utilities/functions.py,100.00
docs/mindsdb-docs/docs/sql/api/using.md,45.13
docs/mindsdb-docs/docs/sql/api/describe.md,50.79
docs/README_ZH.md,100.00
docs/mindsdb-docs/docs/sql/tutorials/byom.md,52.32
mindsdb/migrations/versions/2022-02-09_27c5aca9e47e_test.py,100.00
docs/mindsdb-docs/docs/sql/api/datasources.md,86.44
docs/mindsdb-docs/docs/quickstart.md,100.00
docs/mindsdb-docs/docs/sql/api/SELECT_Files.md,96.98
docs/mindsdb-docs/docs/sql/connect/dbeaver.md,100.00
docs/mindsdb-docs/docs/sql/connect/mysql-client.md,50.59
mindsdb/api/nlp/nlp.py,100.00
docs/mindsdb-docs/docs/deployment/Getting Started with MindsDB on Digital Ocean.md,100.00
docs/README_HIN.md,100.00
docs/mindsdb-docs/docs/getting-started.md,70.09
mindsdb/api/http/namespaces/configs/sql.py,100.00
mindsdb/api/http/namespaces/sql.py,53.41
docs/mindsdb-docs/docs/sql/api/databases.md,93.33
helm/README.md,95.92
helm/mindsdb/.helmignore,100.00
helm/mindsdb/Chart.yaml,100.00
helm/mindsdb/templates/NOTES.txt,100.00
helm/mindsdb/templates/_helpers.tpl,100.00
helm/mindsdb/templates/deployment.yaml,100.00
helm/mindsdb/templates/hpa.yaml,100.00
helm/mindsdb/templates/http-service.yaml,100.00
helm/mindsdb/templates/ingress.yaml,98.39
helm/mindsdb/templates/mongodb-service.yaml,100.00
helm/mindsdb/templates/mysql-service.yaml,100.00
helm/mindsdb/templates/serviceaccount.yaml,100.00
helm/mindsdb/templates/tests/test-connection.yaml,100.00
helm/mindsdb/values.yaml,100.00
mindsdb/integrations/libs/base_handler.py,55.16
mindsdb/integrations/libs/storage_handler.py,100.00
mindsdb/integrations/mlflow_handler/mlflow/__about__.py,100.00
mindsdb/integrations/mlflow_handler/mlflow/mlflow_integration.py,100.00
mindsdb/integrations/mlflow_handler/requirements.txt,100.00
mindsdb/integrations/mlflow_handler/setup.py,100.00
mindsdb/integrations/mlflow_handler/tests/test.py,100.00
mindsdb/integrations/mysql_handler/__init__.py,100.00
mindsdb/integrations/mysql_handler/mysql_handler/__about__.py,100.00
mindsdb/integrations/mysql_handler/mysql_handler/mysql_handler.py,96.02
mindsdb/integrations/mlflow_handler/mlflow/mlflow_handler.py,84.62
docs/mindsdb-docs/docs/mongo/mongo.md,96.03
docs/mindsdb-docs/docs/sql/connect/mindsdb_editor.md,50.00
docs/mindsdb-docs/docs/sql/api/select_files.md,49.18
mindsdb/api/http/namespaces/configs/file.py,100.00
mindsdb/api/http/namespaces/file.py,69.44
tests/handler_tests/test_storage_handler.py,91.67
mindsdb/integrations/mlflow_handler/tests/test_mlflow_handler.py,100.00
mindsdb/integrations/mysql_handler/tests/test_mysql_handler.py,73.02
mindsdb/integrations/lightwood_handler/lightwood_handler/__about__.py,100.00
mindsdb/integrations/lightwood_handler/lightwood_handler/lightwood_handler.py,100.00
mindsdb/integrations/lightwood_handler/requirements.txt,100.00
mindsdb/integrations/lightwood_handler/setup.py,100.00
docs/mindsdb-docs/docs/assets/sql/tutorials/customer_churn/.gitkeep,100.00
mindsdb/api/mysql/mysql_proxy/executor/data_types.py,75.00
mindsdb/api/mysql/mysql_proxy/executor/executor.py,69.83
mindsdb/api/mysql/mysql_proxy/executor/executor_commands.py,42.66
docs/mindsdb-docs/docs/sql/connect/dbt.md,60.50
docs/mindsdb-docs/docs/sql/connect/deepnote.md,53.33
docs/mindsdb-docs/docs/sql/connect/kafka.md,66.67
docs/mindsdb-docs/docs/sql/connect/sql-alchemy.md,96.67
docs/mindsdb-docs/docs/sql/connect/tableau.md,93.55
docs/mindsdb-docs/docs/sql/tutorials/huggingface.md,100.00
docs/mindsdb-docs/docs/sql/tutorials/mlflow.md,100.00
docs/mindsdb-docs/docs/sql/tutorials/openai.md,100.00
docs/mindsdb-docs/docs/sql/tutorials/ray-serve.md,100.00
docs/mindsdb-docs/docs/sql/tutorials/spam_emails_tutorial.md,70.77
mindsdb/integrations/postgres_handler/__about__.py,100.00
mindsdb/integrations/postgres_handler/__init__.py,100.00
mindsdb/integrations/postgres_handler/postgres_handler.py,51.85
mindsdb/integrations/postgres_handler/tests/test_postgres_handler.py,92.86
mindsdb/interfaces/stream/stream.py,75.81
mindsdb/integrations/mysql_handler/mysql_handler.py,80.79
mindsdb/integrations/mysql_handler/__about__.py,100.00
mindsdb/integrations/mariadb_handler/tests/test_mariadb_handler.py,100.00
mindsdb/integrations/mariadb_handler/__about__.py,100.00
mindsdb/integrations/mariadb_handler/mariadb_handler.py,100.00
mindsdb/integrations/questdb_handler/__about__.py,100.00
mindsdb/integrations/questdb_handler/questdb_handler.py,97.06
mindsdb/integrations/questdb_handler/tests/test_questdb_handler.py,97.14
mindsdb/integrations/mssql_handler/__about__.py,100.00
mindsdb/integrations/mssql_handler/mssql_handler.py,92.56
mindsdb/integrations/mssql_handler/tests/test_mssql_handler.py,94.87
mindsdb/utilities/hooks/__init__.py,65.00
docs/mindsdb-docs/docs/sql/tutorials/house-sales-forecasting.md,78.36
mindsdb/api/mysql/mysql_proxy/executor/__init__.py,64.00
docs/mindsdb-docs/docs/Getting Started with MindsDB on Digital Ocean.md,100.00
docs/mindsdb-docs/docs/connect/dbeaver.md,95.65
docs/mindsdb-docs/docs/connect/dbt.md,45.28
docs/mindsdb-docs/docs/connect/deepnote.md,100.00
docs/mindsdb-docs/docs/connect/kafka.md,63.64
docs/mindsdb-docs/docs/connect/mindsdb_editor.md,61.40
docs/mindsdb-docs/docs/connect/mysql-client.md,76.34
docs/mindsdb-docs/docs/connect/sql-alchemy.md,89.20
docs/mindsdb-docs/docs/connect/tableau.md,98.61
docs/mindsdb-docs/docs/custom-model/huggingface.md,49.11
docs/mindsdb-docs/docs/custom-model/mlflow.md,87.67
docs/mindsdb-docs/docs/custom-model/openai.md,66.67
docs/mindsdb-docs/docs/custom-model/ray-serve.md,87.65
docs/mindsdb-docs/docs/setup/cloud.md,61.29
docs/mindsdb-docs/docs/setup/self-hosted/docker.md,37.88
docs/mindsdb-docs/docs/setup/self-hosted/pip/linux.md,47.13
docs/mindsdb-docs/docs/setup/self-hosted/pip/macos.md,50.00
docs/mindsdb-docs/docs/setup/self-hosted/pip/source.md,60.32
docs/mindsdb-docs/docs/setup/self-hosted/pip/windows.md,49.38
docs/mindsdb-docs/docs/sql/create/databases.md,72.64
docs/mindsdb-docs/docs/sql/create/predictor.md,50.89
docs/mindsdb-docs/docs/sql/create/view.md,51.27
docs/mindsdb-docs/docs/sql/table-structure.md,40.55
docs/mindsdb-docs/docs/what-is-mindsdb.md,56.13
docs/mindsdb-docs/docs/assets/mdb_logo_w2.svg,100.00
docs/mindsdb-docs/docs/sql/connect/dbt-mindsdb-profile.md,100.00
docs/mindsdb-docs/docs/connect/dbt-mindsdb-profile.md,100.00
docs/mindsdb-docs/docs/sql/api/insert.md,67.11
docs/mindsdb-docs/docs/sql/create/table.md,72.22
mindsdb/integrations/lightwood_handler/lightwood_handler/utils.py,100.00
tests/integration_tests/flows/test_mysql_bin_api.py,72.36
mindsdb/api/mysql/mysql_proxy/libs/constants/response_type.py,100.00
mindsdb/integrations/lightwood_handler/lightwood_handler/ts_planner.py,100.00
mindsdb/integrations/lightwood_handler/lightwood_handler/ts_planner_utils.py,100.00
mindsdb/integrations/lightwood_handler/lightwood_handler/query_executioner.py,100.00
mindsdb/integrations/file_handler/__about__.py,100.00
mindsdb/integrations/file_handler/__init__.py,100.00
mindsdb/integrations/file_handler/file_handler.py,100.00
mindsdb/integrations/trino_handler/tests/test_trino_config.ini,100.00
mindsdb/integrations/trino_handler/tests/test_trino_handler.py,100.00
mindsdb/integrations/trino_handler/trino_config.ini,100.00
mindsdb/integrations/trino_handler/trino_config_provider.py,100.00
mindsdb/integrations/trino_handler/trino_handler.py,100.00
mindsdb/integrations/trino_handler/requirements.txt,100.00
mindsdb/interfaces/file/file_controller.py,43.26
mindsdb/api/mysql/mysql_proxy/datahub/classes/tables_row.py,90.28
mindsdb/integrations/lightwood_handler/lightwood_handler/join_utils.py,100.00
mindsdb/integrations/lightwood_handler/lightwood_handler/ts_utils.py,100.00
.github/ISSUE_TEMPLATE/config.yml,100.00
mindsdb/migrations/versions/2022-02-09_27c5aca9e47e_db_files.py,50.00
mindsdb/migrations/versions/2022-05-25_d74c189b87e6_predictor_integration.py,97.45
docs/mindsdb-docs/docs/assets/tutorials/crops/.gitkeep,100.00
mindsdb/interfaces/stream/base/integration.py,74.53
mindsdb/interfaces/stream/kafka/kafkadb.py,100.00
mindsdb/interfaces/stream/redis/redisdb.py,100.00
mindsdb/interfaces/stream/utilities.py,100.00
mindsdb/integrations/mariadb_handler/requirements.txt,100.00
mindsdb/integrations/mssql_handler/requirements.txt,100.00
mindsdb/integrations/mysql_handler/requirements.txt,100.00
mindsdb/integrations/postgres_handler/requirements.txt,100.00
mindsdb/integrations/questdb_handler/requirements.txt,100.00
mindsdb/integrations/handlers/file_handler/__about__.py,100.00
mindsdb/integrations/handlers/file_handler/__init__.py,80.00
mindsdb/integrations/handlers/file_handler/file_handler.py,37.67
mindsdb/integrations/handlers/mariadb_handler/__about__.py,100.00
mindsdb/integrations/handlers/mariadb_handler/__init__.py,100.00
mindsdb/integrations/handlers/mariadb_handler/mariadb_handler.py,75.00
mindsdb/integrations/handlers/mariadb_handler/requirements.txt,100.00
mindsdb/integrations/handlers/mariadb_handler/tests/test_mariadb_handler.py,66.67
mindsdb/integrations/handlers/mlflow_handler/__init__.py,86.96
mindsdb/integrations/handlers/mlflow_handler/mlflow/mlflow_handler.py,100.00
mindsdb/integrations/handlers/mlflow_handler/requirements.txt,100.00
mindsdb/integrations/handlers/mlflow_handler/setup.py,100.00
mindsdb/integrations/handlers/mlflow_handler/tests/test_mlflow_handler.py,66.67
mindsdb/integrations/handlers/mssql_handler/__about__.py,100.00
mindsdb/integrations/handlers/mssql_handler/__init__.py,91.43
mindsdb/integrations/handlers/mssql_handler/mssql_handler.py,52.26
mindsdb/integrations/handlers/mssql_handler/tests/test_mssql_handler.py,36.33
mindsdb/integrations/handlers/mysql_handler/__about__.py,100.00
mindsdb/integrations/handlers/mysql_handler/__init__.py,100.00
mindsdb/integrations/handlers/mysql_handler/mysql_handler.py,35.25
mindsdb/integrations/handlers/mysql_handler/requirements.txt,33.33
mindsdb/integrations/handlers/mysql_handler/tests/test_mysql_handler.py,50.16
mindsdb/integrations/handlers/postgres_handler/__about__.py,100.00
mindsdb/integrations/handlers/postgres_handler/__init__.py,88.89
mindsdb/integrations/handlers/postgres_handler/postgres_handler.py,37.41
mindsdb/integrations/handlers/postgres_handler/requirements.txt,100.00
mindsdb/integrations/handlers/postgres_handler/tests/test_postgres_handler.py,56.39
mindsdb/integrations/handlers/questdb_handler/__about__.py,100.00
mindsdb/integrations/handlers/questdb_handler/__init__.py,100.00
mindsdb/integrations/handlers/questdb_handler/questdb_handler.py,81.48
mindsdb/integrations/handlers/questdb_handler/requirements.txt,33.33
mindsdb/integrations/handlers/questdb_handler/tests/test_questdb_handler.py,45.00
mindsdb/integrations/libs/response.py,56.92
integrations_contest.md,55.61
mindsdb/integrations/utilities/install.py,68.72
mindsdb/integrations/handlers/trino_handler/__init__.py,93.10
mindsdb/integrations/handlers/trino_handler/requirements.txt,66.67
mindsdb/integrations/handlers/trino_handler/tests/test_trino_handler.py,52.00
mindsdb/integrations/handlers/trino_handler/trino_handler.py,39.11
.github/ISSUE_TEMPLATE/integrations_contest.yaml,88.68
mindsdb/integrations/handlers/trino_handler/__about__.py,90.00
mindsdb/integrations/handlers/view_handler/__about__.py,100.00
mindsdb/integrations/handlers/view_handler/__init__.py,100.00
mindsdb/integrations/handlers/view_handler/view_handler.py,78.11
mindsdb/api/mysql/mysql_proxy/classes/fake_mysql_proxy/__init__.py,100.00
mindsdb/api/mysql/mysql_proxy/classes/fake_mysql_proxy/fake_mysql_proxy.py,85.71
mindsdb/api/http/namespaces/analysis.py,59.91
mindsdb/api/http/namespaces/configs/analysis.py,100.00
docker/README.md,70.97
docker/beta,100.00
docker/mindsdb_config.beta.json,100.00
docker/mindsdb_config.release.json,91.43
docker/mindsdb_launcher.sh,100.00
docker/release,48.85
mindsdb/integrations/libs/__init__.py,100.00
docs/mindsdb-docs/docs/sql/tutorials/home-rentals.md,61.86
mindsdb/migrations/versions/2022-06-07_f50c0055539e_view_integration_id.py,100.00
mindsdb/api/mysql/mysql_proxy/datahub/datanodes/information_schema_datanode.py,57.54
mindsdb/integrations/handlers/ludwig_handler/__about__.py,83.33
mindsdb/integrations/handlers/ludwig_handler/__init__.py,81.48
mindsdb/integrations/handlers/ludwig_handler/ludwig_handler.py,93.45
mindsdb/integrations/handlers/ludwig_handler/requirements.txt,66.67
mindsdb/integrations/handlers/ludwig_handler/setup.py,75.51
mindsdb/integrations/handlers/ludwig_handler/test_ludwig.py,100.00
mindsdb/integrations/handlers/lightwood_handler/__init__.py,61.11
mindsdb/integrations/handlers/lightwood_handler/lightwood_handler/__about__.py,100.00
mindsdb/integrations/handlers/lightwood_handler/lightwood_handler/__init__.py,100.00
mindsdb/integrations/handlers/lightwood_handler/lightwood_handler/join_utils.py,83.33
mindsdb/integrations/handlers/lightwood_handler/lightwood_handler/lightwood_handler.py,79.41
mindsdb/integrations/handlers/lightwood_handler/lightwood_handler/utils.py,100.00
mindsdb/integrations/handlers/lightwood_handler/requirements.txt,32.43
mindsdb/integrations/handlers/lightwood_handler/setup.py,100.00
mindsdb/integrations/handlers/mlflow_handler/mlflow_handler/mlflow_handler.py,83.33
mindsdb/integrations/handlers/lightwood_handler/tests/test_lightwood_handler.py,54.43
mindsdb/integrations/libs/utils.py,100.00
mindsdb/integrations/handlers/mongodb_handler/__about__.py,90.00
mindsdb/integrations/handlers/mongodb_handler/__init__.py,81.82
mindsdb/integrations/handlers/mongodb_handler/mongodb_handler.py,60.93
mindsdb/integrations/handlers/mongodb_handler/requirements.txt,66.67
mindsdb/integrations/handlers/mongodb_handler/utils/mongodb_ast.py,100.00
mindsdb/integrations/handlers/mongodb_handler/utils/mongodb_render.py,79.49
assets/dev_contest.svg,100.00
docs/mindsdb-docs/docs/contribute/docs.md,100.00
docs/mindsdb-docs/docs/contribute/install.md,64.38
docs/mindsdb-docs/docs/contribute/integrations.md,40.11
docs/mindsdb-docs/docs/contribute/issues.md,73.57
docs/mindsdb-docs/docs/contribute/tests.md,100.00
docs/mindsdb-docs/docs/contribute/tutorials.md,93.88
mindsdb/api/http/namespaces/configs/handlers.py,100.00
mindsdb/api/http/namespaces/handlers.py,65.19
mindsdb/integrations/handlers/mysql_handler/icon.svg,71.43
mindsdb/integrations/handlers/postgres_handler/icon.svg,62.16
mindsdb/integrations/libs/const.py,51.25
mindsdb/integrations/handlers/mariadb_handler/icon.svg,76.92
mindsdb/integrations/handlers/mongodb_handler/icon.svg,82.35
mindsdb/integrations/handlers/questdb_handler/icon.svg,59.68
mindsdb/integrations/handlers/singlestore_handler/tests/test_singlestore_handler.py,84.75
mindsdb/integrations/handlers/singlestore_handler/singlestore_handler.py,68.75
mindsdb/integrations/handlers/singlestore_handler/requirements.txt,50.00
mindsdb/integrations/handlers/singlestore_handler/__about__.py,90.00
mindsdb/integrations/handlers/singlestore_handler/__init__.py,84.00
docs/mindsdb-docs/docs/contribute/loanTutorial/loanTutorial.md,96.92
mindsdb/integrations/handlers/snowflake_handler/tests/test_snowflake_handler.py,85.16
mindsdb/integrations/handlers/snowflake_handler/__about__.py,90.00
mindsdb/integrations/handlers/snowflake_handler/__init__.py,73.08
mindsdb/integrations/handlers/snowflake_handler/requirements.txt,30.00
mindsdb/integrations/handlers/snowflake_handler/snowflake_handler.py,45.90
mindsdb/integrations/handlers/sqlite_handler/__init__.py,92.59
mindsdb/integrations/handlers/sqlite_handler/sqlite_handler.py,96.67
mindsdb/integrations/handlers/mongodb_handler/utils/mongodb_parser.py,100.00
mindsdb/integrations/handlers/mongodb_handler/utils/mongodb_query.py,100.00
tests/unit/test_mongodb.py,100.00
mindsdb/integrations/handlers/sqlite_handler/__about__.py,90.91
mindsdb/integrations/handlers/sqlite_handler/tests/test_sqlite_handler.py,92.68
mindsdb/integrations/handlers/ckan_handler/__about__.py,90.00
mindsdb/integrations/handlers/ckan_handler/__init__.py,88.89
mindsdb/integrations/handlers/ckan_handler/ckan_handler.py,97.80
mindsdb/integrations/handlers/ckan_handler/requirements.txt,100.00
mindsdb/integrations/handlers/ckan_handler/tests/test_ckan_handler.py,97.85
mindsdb/api/mongo/classes/query_sql.py,43.01
mindsdb/migrations/versions/2022-07-08_999bceb904df_integration_args.py,100.00
mindsdb/integrations/handlers/firebird_handler/__init__.py,50.00
mindsdb/integrations/handlers/firebird_handler/firebird_handler.py,74.06
mindsdb/integrations/handlers/firebird_handler/requirements.txt,66.67
mindsdb/integrations/handlers/firebird_handler/__about__.py,59.26
mindsdb/integrations/handlers/firebird_handler/tests/test_firebird_handler.py,58.46
mindsdb/integrations/handlers/db2_handler/db2_handler.py,48.98
mindsdb/integrations/handlers/databricks_handler/__init__.py,57.14
mindsdb/integrations/handlers/databricks_handler/databricks_handler.py,63.70
mindsdb/integrations/handlers/databricks_handler/__about__.py,50.00
mindsdb/integrations/handlers/databricks_handler/requirements.txt,66.67
mindsdb/integrations/handlers/databricks_handler/tests/test_databricks_handler.py,77.78
mindsdb/integrations/handlers/ckan_handler/README.md,98.96
docs/mindsdb-docs/docs/sql/tutorials/eeg-forecasting.md,60.42
mindsdb/migrations/versions/2022-07-15_b5b53e0ea7f8_training_data_rows_columns_count.py,100.00
tests/unit/test_mongodb_handler.py,100.00
tests/unit/test_mongodb_server.py,85.61
mindsdb/api/mongo/README.md,96.67
mindsdb/integrations/handlers/mongodb_handler/README.md,40.78
mindsdb/integrations/handlers/sqlite_handler/README.md,93.75
mindsdb/integrations/handlers/clickhouse_handler/tests/test_clickhouse_handler.py,93.18
mindsdb/integrations/handlers/clickhouse_handler/__about__.py,76.92
mindsdb/integrations/handlers/clickhouse_handler/__init__.py,84.62
mindsdb/integrations/handlers/clickhouse_handler/requirements.txt,37.50
mindsdb/integrations/handlers/clickhouse_handler/clickhouse_handler.py,53.41
mindsdb/integrations/handlers/clickhouse_handler/README.md,96.72
mindsdb/integrations/handlers/redshift_handler/__init__.py,89.29
mindsdb/integrations/handlers/redshift_handler/redshift_handler.py,91.41
mindsdb/integrations/handlers/redshift_handler/__about__.py,81.82
mindsdb/integrations/handlers/redshift_handler/requirements.txt,100.00
mindsdb/integrations/handlers/redshift_handler/tests/test_redshift_handler.py,98.37
mindsdb/integrations/handlers/redshift_handler/README.md,100.00
mindsdb/integrations/handlers/firebird_handler/README.md,100.00
mindsdb/integrations/handlers/databricks_handler/README.md,100.00
.github/ISSUE_TEMPLATE/mindsdbs-team-user-request.md,100.00
mindsdb/integrations/handlers/tidb_handler/__about__.py,90.91
mindsdb/integrations/handlers/tidb_handler/__init__.py,85.19
mindsdb/integrations/handlers/tidb_handler/requirements.txt,50.00
mindsdb/integrations/handlers/tidb_handler/tests/test_tidb_handler.py,92.45
mindsdb/integrations/handlers/tidb_handler/tidb_handler.py,97.83
mindsdb/integrations/handlers/couchbase_handler/READEME.md,100.00
mindsdb/integrations/handlers/couchbase_handler/__about__.py,50.00
mindsdb/integrations/handlers/couchbase_handler/__init__.py,46.51
mindsdb/integrations/handlers/couchbase_handler/couchbase_handler.py,57.05
mindsdb/integrations/handlers/couchbase_handler/icon.svg,75.00
mindsdb/integrations/handlers/couchbase_handler/requirements.txt,33.33
mindsdb/integrations/handlers/couchbase_handler/tests/test_couchbase_handler.py,52.86
mindsdb/integrations/handlers/couchbase_handler/README.md,66.67
mindsdb/api/mongo/utilities/mongodb_ast.py,55.56
docs/mindsdb-docs/docs/sql/create/file.md,100.00
mindsdb/integrations/handlers/cockroach_handler/__about__.py,90.00
mindsdb/integrations/handlers/cockroach_handler/__init__.py,90.48
mindsdb/integrations/handlers/cockroach_handler/requirements.txt,33.33
mindsdb/integrations/handlers/cockroach_handler/cockroach_handler.py,100.00
mindsdb/integrations/handlers/cockroach_handler/tests/test_cockroachdb_handler.py,67.92
mindsdb/integrations/handlers/cockroach_handler/README.md,100.00
mindsdb/api/mongo/responders/get_parameter.py,95.83
mindsdb/migrations/versions/2022-07-22_6e834843e7e9_training_time.py,100.00
mindsdb/integrations/handlers/scylla_handler/tests/test_scylla_handler.py,92.68
mindsdb/integrations/handlers/scylla_handler/__about__.py,90.00
mindsdb/integrations/handlers/scylla_handler/__init__.py,70.97
mindsdb/integrations/handlers/scylla_handler/requirements.txt,100.00
mindsdb/integrations/handlers/scylla_handler/scylla_handler.py,49.84
mindsdb/integrations/handlers/scylla_handler/README.md,60.47
mindsdb/integrations/handlers/db2_handler/__about__.py,68.57
mindsdb/integrations/handlers/db2_handler/__init__.py,52.38
mindsdb/integrations/handlers/db2_handler/tests/test_db2_handler.py,63.24
mindsdb/integrations/handlers/db2_handler/requirements.txt,50.00
mindsdb/integrations/handlers/dynamodb_handler/__init__.py,93.10
mindsdb/integrations/handlers/dynamodb_handler/dynamodb_handler.py,80.79
mindsdb/integrations/handlers/dynamodb_handler/__about__.py,92.31
mindsdb/integrations/handlers/dynamodb_handler/requirements.txt,100.00
mindsdb/integrations/handlers/dynamodb_handler/tests/test_dynamodb_handler.py,92.31
mindsdb/integrations/handlers/cassandra_handler/requirements.txt,50.00
mindsdb/integrations/handlers/cassandra_handler/__about__.py,90.00
mindsdb/integrations/handlers/cassandra_handler/__init__.py,76.92
mindsdb/integrations/handlers/cassandra_handler/cassandra_handler.py,37.23
mindsdb/integrations/handlers/cassandra_handler/tests/test_cassandra_handler.py,92.86
mindsdb/integrations/handlers/cassandra_handler/README.md,86.00
mindsdb/integrations/handlers/oracle_handler/README.md,64.10
mindsdb/integrations/handlers/oracle_handler/__about__.py,90.00
mindsdb/integrations/handlers/oracle_handler/__init__.py,88.89
mindsdb/integrations/handlers/oracle_handler/icon.svg,75.00
mindsdb/integrations/handlers/oracle_handler/oracle_handler.py,52.41
mindsdb/integrations/handlers/oracle_handler/requirements.txt,50.00
mindsdb/integrations/handlers/oracle_handler/tests/test_oracle_handler.py,91.43
docs/mindsdb-docs/docs/mongo/stats.md,75.79
docs/mindsdb-docs/docs/mongo/find.md,52.86
docs/mindsdb-docs/docs/mongo/insert.md,77.50
docs/mindsdb-docs/docs/mongo/collection-structure.md,52.44
docs/mindsdb-docs/docs/mongo/database.md,69.85
docs/mindsdb-docs/docs/mongo/delete.md,69.34
mindsdb/integrations/handlers/supabase_handler/README.md,100.00
mindsdb/integrations/handlers/supabase_handler/__about__.py,90.00
mindsdb/integrations/handlers/supabase_handler/__init__.py,100.00
mindsdb/integrations/handlers/supabase_handler/icon.svg,50.00
mindsdb/integrations/handlers/supabase_handler/requirements.txt,33.33
mindsdb/integrations/handlers/supabase_handler/supabase_handler.py,91.67
mindsdb/integrations/handlers/supabase_handler/tests/test_supabase_handler.py,70.59
mindsdb/integrations/handlers/db2_handler/README.md,72.26
docs/mindsdb-docs/docs/docs-rules.md,98.58
mindsdb/api/mysql/mysql_proxy/utilities/lightwood_dtype.py,100.00
mindsdb/integrations/handlers/pinot_handler/__init__.py,92.31
mindsdb/integrations/handlers/pinot_handler/pinot_handler.py,95.15
mindsdb/integrations/handlers/dynamodb_handler/README.md,100.00
mindsdb/integrations/handlers/access_handler/__init__.py,92.31
mindsdb/integrations/handlers/access_handler/access_handler.py,92.95
mindsdb/integrations/handlers/access_handler/__about__.py,81.82
mindsdb/integrations/handlers/access_handler/requirements.txt,100.00
mindsdb/integrations/handlers/access_handler/tests/test_access_handler.py,93.02
mindsdb/integrations/handlers/access_handler/README.md,100.00
mindsdb/integrations/handlers/vertica_handler/README.md,97.44
mindsdb/integrations/handlers/vertica_handler/__about__.py,90.00
mindsdb/integrations/handlers/vertica_handler/__init__.py,92.00
mindsdb/integrations/handlers/vertica_handler/icon.svg,63.64
mindsdb/integrations/handlers/vertica_handler/requirements.txt,100.00
mindsdb/integrations/handlers/vertica_handler/tests/test_vertica_handler.py,76.25
mindsdb/integrations/handlers/vertica_handler/vertica_handler.py,93.24
mindsdb/integrations/handlers/bigquery_handler/__about__.py,90.00
mindsdb/integrations/handlers/bigquery_handler/__init__.py,76.92
mindsdb/integrations/handlers/bigquery_handler/bigquery_handler.py,48.40
mindsdb/integrations/handlers/bigquery_handler/logo.svg,100.00
mindsdb/integrations/handlers/bigquery_handler/requirements.txt,50.00
mindsdb/integrations/handlers/bigquery_handler/tests/test_bigquery_handler.py,87.70
mindsdb/integrations/handlers/bigquery_handler/README.md,46.07
mindsdb/integrations/handlers/s3_handler/s3_handler.py,66.50
mindsdb/integrations/handlers/s3_handler/__about__.py,90.00
mindsdb/integrations/handlers/s3_handler/__init__.py,92.59
mindsdb/integrations/handlers/s3_handler/tests/test_s3_handler.py,92.50
mindsdb/integrations/handlers/lightwood_handler/lightwood_handler/learn_process.py,99.76
mindsdb/integrations/handlers/pinot_handler/__about__.py,90.00
mindsdb/integrations/handlers/pinot_handler/tests/test_pinot_handler.py,93.02
tests/unit/test_cache.py,69.64
mindsdb/integrations/handlers/pinot_handler/requirements.txt,100.00
mindsdb/integrations/handlers/pinot_handler/README.md,98.57
mindsdb/integrations/handlers/crate_handler/crate_handler.py,48.11
mindsdb/integrations/handlers/crate_handler/requirements.txt,50.00
mindsdb/integrations/handlers/crate_handler/__about__.py,50.00
mindsdb/integrations/handlers/crate_handler/__init__.py,62.50
mindsdb/integrations/handlers/crate_handler/icon.svg,93.33
mindsdb/integrations/handlers/crate_handler/README.md,97.56
mindsdb/integrations/handlers/crate_handler/tests/test_crate_handler.py,53.12
mindsdb/integrations/handlers/datastax_handler/README.md,74.00
mindsdb/integrations/handlers/datastax_handler/__about__.py,50.00
mindsdb/integrations/handlers/datastax_handler/__init__.py,54.05
mindsdb/integrations/handlers/datastax_handler/requirements.txt,50.00
mindsdb/integrations/handlers/datastax_handler/tests/test_cassandra_handler.py,81.82
mindsdb/integrations/handlers/datastax_handler/datastax_handler.py,50.00
mindsdb/integrations/handlers/s3_handler/requirements.txt,100.00
mindsdb/integrations/handlers/s3_handler/README.md,82.08
docs/mindsdb-docs/docs/setup/custom-config.md,98.81
mindsdb/integrations/handlers/informix_handler/__about__.py,90.00
mindsdb/integrations/handlers/informix_handler/__init__.py,95.24
mindsdb/integrations/handlers/informix_handler/informix_handler.py,92.09
mindsdb/integrations/handlers/informix_handler/tests/test_informix_handler.py,61.11
mindsdb/integrations/handlers/informix_handler/requirements.txt,60.00
mindsdb/integrations/handlers/informix_handler/README.md,97.55
mindsdb/integrations/handlers/airtable_handler/__init__.py,92.31
mindsdb/integrations/handlers/airtable_handler/airtable_handler.py,93.26
docs/mindsdb-docs/docs/setup/civo.md,100.00
docs/mindsdb-docs/docs/setup/digital-ocean.md,100.00
docs/mindsdb-docs/docs/setup/gcp.md,100.00
docs/mindsdb-docs/docs/setup/vultr.md,100.00
mindsdb/integrations/handlers/airtable_handler/tests/test_airtable_handler.py,91.89
mindsdb/integrations/handlers/airtable_handler/requirements.txt,100.00
mindsdb/integrations/handlers/airtable_handler/__about__.py,90.00
mindsdb/integrations/handlers/yugabyte_handler/__about__.py,90.00
mindsdb/integrations/handlers/yugabyte_handler/__init__.py,100.00
mindsdb/integrations/handlers/yugabyte_handler/icon.svg,88.00
mindsdb/integrations/handlers/yugabyte_handler/requirements.txt,50.00
mindsdb/integrations/handlers/yugabyte_handler/tests/test_yugabyte_handler.py,65.88
mindsdb/integrations/handlers/yugabyte_handler/yugabyte_handler.py,81.59
mindsdb/integrations/handlers/airtable_handler/README.md,100.00
docs/mindsdb-docs/docs/sql/data-insights.md,100.00
mindsdb/integrations/handlers/yugabyte_handler/README.md,54.17
mindsdb/migrations/versions/2022-08-19_976f15a37e6a_predictors_versioning.py,100.00
mindsdb/interfaces/model/functions.py,87.36
mindsdb/integrations/handlers/elasticsearch_handler/__init__.py,57.14
mindsdb/integrations/handlers/elasticsearch_handler/elasticsearch_handler.py,77.92
mindsdb/integrations/handlers/monetdb_handler/monetdb_handler.py,92.62
mindsdb/integrations/handlers/monetdb_handler/__init__.py,88.46
mindsdb/integrations/handlers/monetdb_handler/__about__.py,90.00
mindsdb/integrations/handlers/monetdb_handler/utils/monet_get_id.py,100.00
mindsdb/integrations/handlers/monetdb_handler/README.md,100.00
mindsdb/integrations/handlers/monetdb_handler/requirements.txt,100.00
mindsdb/integrations/handlers/monetdb_handler/tests/test_monetdb_handler.py,69.33
mindsdb/integrations/handlers/elasticsearch_handler/tests/test_elasticsearch_handler.py,76.19
mindsdb/integrations/handlers/elasticsearch_handler/requirements.txt,50.00
mindsdb/integrations/handlers/elasticsearch_handler/__about__.py,50.00
mindsdb/integrations/handlers/elasticsearch_handler/README.md,60.61
docs/mindsdb-docs/docs/connect/metabase.md,57.96
mindsdb/integrations/handlers/matrixone_handler/matrixone_handler.py,93.07
mindsdb/integrations/handlers/matrixone_handler/requirements.txt,100.00
mindsdb/integrations/handlers/matrixone_handler/tests/test_matrixone_handler.py,68.60
mindsdb/integrations/handlers/matrixone_handler/__about__.py,90.00
mindsdb/integrations/handlers/matrixone_handler/__init__.py,88.46
mindsdb/integrations/handlers/matrixone_handler/README.md,97.73
tests/unit/executor_test_base.py,36.33
tests/unit/test_executor.py,45.47
mindsdb/integrations/handlers/d0lt_handler/d0lt_handler.py,73.68
mindsdb/integrations/handlers/d0lt_handler/README.md,97.50
mindsdb/integrations/handlers/d0lt_handler/requirements.txt,33.33
mindsdb/integrations/handlers/d0lt_handler/tests/test_d0lt_handler.py,56.36
mindsdb/integrations/handlers/d0lt_handler/__about__.py,50.00
mindsdb/integrations/handlers/d0lt_handler/__init__.py,62.86
mindsdb/integrations/handlers/d0lt_handler/icon.svg,66.67
mindsdb/migrations/versions/2022-08-25_6a54ba55872e_view_integration.py,97.44
mindsdb/integrations/handlers/druid_handler/__init__.py,88.89
mindsdb/integrations/handlers/druid_handler/druid_handler.py,63.64
mindsdb/integrations/handlers/druid_handler/__about__.py,90.00
mindsdb/integrations/handlers/druid_handler/requirements.txt,100.00
mindsdb/integrations/handlers/druid_handler/tests/test_pinot_handler.py,100.00
mindsdb/integrations/handlers/druid_handler/tests/test_druid_handler.py,40.00
mindsdb/integrations/handlers/druid_handler/README.md,100.00
mindsdb/migrations/versions/2022-08-29_473e8f239481_straighten.py,100.00
mindsdb/integrations/handlers/sheets_handler/__init__.py,51.02
mindsdb/integrations/handlers/sheets_handler/sheets_handler.py,54.55
mindsdb/integrations/handlers/timescaledb_handler/timescaledb_handler.py,97.87
mindsdb/integrations/handlers/timescaledb_handler/icon.svg,81.25
mindsdb/integrations/handlers/timescaledb_handler/requirements.txt,33.33
mindsdb/integrations/handlers/timescaledb_handler/tests/test_timescaledb_handler.py,75.00
mindsdb/integrations/handlers/timescaledb_handler/__about__.py,90.00
mindsdb/integrations/handlers/timescaledb_handler/__init__.py,95.00
mindsdb/integrations/handlers/timescaledb_handler/README.md,92.50
mindsdb/integrations/utilities/test_utils.py,96.77
mindsdb/integrations/utilities/utils.py,46.67
mindsdb/integrations/handlers/dummy_ml_handler/__init__.py,100.00
mindsdb/migrations/versions/2022-09-06_96d5fef10caa_data_integration_id.py,100.00
mindsdb/migrations/versions/2022-09-08_87b2df2b83e1_predictor_status.py,100.00
mindsdb/integrations/handlers/lightwood_handler/lightwood_handler/functions.py,63.47
mindsdb/integrations/utilities/processes.py,61.54
mindsdb/integrations/handlers/ludwig_handler/utils.py,100.00
mindsdb/integrations/handlers/ludwig_handler/functions.py,97.40
mindsdb/integrations/handlers/hive_handler/README.md,64.35
mindsdb/integrations/handlers/hive_handler/__about__.py,90.00
mindsdb/integrations/handlers/hive_handler/__init__.py,92.00
mindsdb/integrations/handlers/hive_handler/hive_handler.py,60.19
mindsdb/integrations/handlers/hive_handler/icon.svg,56.04
mindsdb/integrations/handlers/hive_handler/requirements.txt,57.14
mindsdb/integrations/handlers/hive_handler/tests/test_hive_handler.py,91.38
mindsdb/integrations/handlers/byom_handler/__about__.py,50.00
mindsdb/integrations/handlers/byom_handler/__init__.py,56.41
mindsdb/integrations/handlers/byom_handler/byom_handler.py,57.41
mindsdb/integrations/handlers/byom_handler/byom_handler_exec.py,100.00
mindsdb/integrations/handlers/byom_handler/proc_wrapper.py,39.47
mindsdb/integrations/handlers/byom_handler/storage.py,100.00
mindsdb/integrations/handlers/huggingface_handler/__about__.py,47.37
mindsdb/integrations/handlers/huggingface_handler/__init__.py,46.34
mindsdb/integrations/handlers/huggingface_handler/functions.py,100.00
mindsdb/integrations/handlers/huggingface_handler/huggingface_handler.py,25.48
mindsdb/integrations/handlers/huggingface_handler/requirements.txt,28.95
mindsdb/integrations/handlers/huggingface_handler/setup.py,50.00
mindsdb/integrations/handlers/huggingface_handler/test_huggingface.py,100.00
mindsdb/integrations/handlers/huggingface_handler/utils.py,100.00
mindsdb/migrations/versions/2022-09-19_3d5e70105df7_content_storage.py,100.00
docs/mindsdb-docs/docs/sql/api/update.md,94.34
mindsdb/interfaces/storage/json.py,61.62
tests/unit/test_json_storage.py,68.00
mindsdb/migrations/versions/2022-09-29_cada7d2be947_json_storage.py,100.00
docs/mindsdb-docs/docs/tutorials.md,33.11
mindsdb/integrations/libs/base.py,38.68
mindsdb/integrations/libs/ml_exec_base.py,65.53
mindsdb/integrations/handlers/mysql_handler/tests/README.md,100.00
mindsdb/integrations/handlers/mysql_handler/tests/docker/Dockerfile,100.00
mindsdb/integrations/handlers/mysql_handler/tests/docker/home_rentals.csv,100.00
mindsdb/integrations/handlers/mysql_handler/tests/docker/sql-scripts/prepare.sql,100.00
docs/mindsdb-docs/docs/connect/mariadb-cloud.md,100.00
mindsdb/integrations/handlers/hana_handler/__about__.py,90.00
mindsdb/integrations/handlers/hana_handler/__init__.py,92.00
mindsdb/integrations/handlers/hana_handler/hana_handler.py,65.97
mindsdb/integrations/handlers/hana_handler/icon.svg,92.86
mindsdb/integrations/handlers/hana_handler/requirements.txt,100.00
mindsdb/integrations/handlers/hana_handler/tests/test_hana_handler.py,94.20
docs/mindsdb-docs/docs/hacktoberfest-twitter-post.md,40.00
docs/mindsdb-docs/docs/hacktoberfest-linkedin-post.md,41.67
docs/mindsdb-docs/docs/hacktoberfest-facebook-post.md,31.43
mindsdb/integrations/handlers/hana_handler/README.md,54.60
mindsdb/integrations/handlers/teradata_handler/README.md,52.60
mindsdb/integrations/handlers/teradata_handler/__about__.py,90.00
mindsdb/integrations/handlers/teradata_handler/__init__.py,92.00
mindsdb/integrations/handlers/teradata_handler/icon.svg,95.40
mindsdb/integrations/handlers/teradata_handler/requirements.txt,100.00
mindsdb/integrations/handlers/teradata_handler/teradata_handler.py,63.29
mindsdb/integrations/handlers/teradata_handler/tests/test_teradata_handler.py,95.83
tests/unit/test_ml_handlers.py,100.00
docs/mindsdb-docs/docs/connect/mongo-shell.md,94.12
docs/mindsdb-docs/docs/connect/mongo-compass.md,100.00
docs/mindsdb-docs/docs/connect/connect-mariadb-skysql.md,80.85
mindsdb/integrations/handlers/access_handler/Manual_QA.md,52.86
mindsdb/integrations/handlers/airtable_handler/Manual_QA.md,100.00
mindsdb/integrations/handlers/bigquery_handler/Manual_QA.md,51.95
mindsdb/integrations/handlers/cassandra_handler/Manual_QA.md,55.95
mindsdb/integrations/handlers/ckan_handler/Manual_QA.md,100.00
mindsdb/integrations/handlers/clickhouse_handler/Manual_QA.md,50.68
mindsdb/integrations/handlers/cockroach_handler/Manual_QA.md,35.88
mindsdb/integrations/handlers/couchbase_handler/Manual_QA.md,52.86
mindsdb/integrations/handlers/crate_handler/Manual_QA.md,100.00
mindsdb/integrations/handlers/d0lt_handler/Manual_QA.md,57.47
mindsdb/integrations/handlers/databricks_handler/Manual_QA.md,40.66
mindsdb/integrations/handlers/datastax_handler/Manual_QA.md,60.66
mindsdb/integrations/handlers/db2_handler/Manual_QA.md,39.78
mindsdb/integrations/handlers/druid_handler/Manual_QA.md,100.00
mindsdb/integrations/handlers/dynamodb_handler/Manual_QA.md,40.66
mindsdb/integrations/handlers/elasticsearch_handler/Manual_QA.md,100.00
mindsdb/integrations/handlers/file_handler/Manual_QA.md,100.00
mindsdb/integrations/handlers/firebird_handler/Manual_QA.md,100.00
mindsdb/integrations/handlers/hana_handler/Manual_QA.md,100.00
mindsdb/integrations/handlers/hive_handler/Manual_QA.md,100.00
mindsdb/integrations/handlers/informix_handler/Manual_QA.md,100.00
mindsdb/integrations/handlers/lightwood_handler/Manual_QA.md,100.00
mindsdb/integrations/handlers/ludwig_handler/Manual_QA.md,100.00
mindsdb/integrations/handlers/mariadb_handler/Manual_QA.md,73.40
mindsdb/integrations/handlers/matrixone_handler/Manual_QA.md,100.00
mindsdb/integrations/handlers/mlflow_handler/Manual_QA.md,100.00
mindsdb/integrations/handlers/monetdb_handler/Manual_QA.md,50.67
mindsdb/integrations/handlers/mongodb_handler/Manual_QA.md,56.37
mindsdb/integrations/handlers/mssql_handler/Manual_QA.md,41.57
mindsdb/integrations/handlers/mysql_handler/Manual_QA.md,36.17
mindsdb/integrations/handlers/oracle_handler/Manual_QA.md,100.00
mindsdb/integrations/handlers/pinot_handler/Manual_QA.md,100.00
mindsdb/integrations/handlers/postgres_handler/Manual_QA.md,39.36
mindsdb/integrations/handlers/questdb_handler/Manual_QA.md,100.00
mindsdb/integrations/handlers/redshift_handler/Manual_QA.md,100.00
mindsdb/integrations/handlers/s3_handler/Manual_QA.md,61.67
mindsdb/integrations/handlers/scylla_handler/Manual_QA.md,55.95
mindsdb/integrations/handlers/singlestore_handler/Manual_QA.md,36.50
mindsdb/integrations/handlers/snowflake_handler/Manual_QA.md,55.19
mindsdb/integrations/handlers/sqlite_handler/Manual_QA.md,50.63
mindsdb/integrations/handlers/supabase_handler/Manual_QA.md,59.68
mindsdb/integrations/handlers/teradata_handler/Manual_QA.md,100.00
mindsdb/integrations/handlers/tidb_handler/Manual_QA.md,100.00
mindsdb/integrations/handlers/timescaledb_handler/Manual_QA.md,100.00
mindsdb/integrations/handlers/trino_handler/Manual_QA.md,100.00
mindsdb/integrations/handlers/vertica_handler/Manual_QA.md,100.00
mindsdb/integrations/handlers/view_handler/Manual_QA.md,100.00
mindsdb/integrations/handlers/yugabyte_handler/Manual_QA.md,42.53
tests/handler_tests/test_file_handler.py,35.71
mindsdb/integrations/handlers/solr_handler/README.md,50.00
mindsdb/integrations/handlers/solr_handler/__about__.py,47.37
mindsdb/integrations/handlers/solr_handler/__init__.py,50.00
mindsdb/integrations/handlers/solr_handler/requirements.txt,66.67
mindsdb/integrations/handlers/solr_handler/solr.svg,50.00
mindsdb/integrations/handlers/solr_handler/solr_handler.py,49.22
mindsdb/integrations/handlers/solr_handler/tests/test_solr_handler.py,48.10
mindsdb/integrations/handlers/databend_handler/__init__.py,50.00
mindsdb/integrations/handlers/databend_handler/databend_handler.py,77.74
mindsdb/integrations/handlers/databend_handler/__about__.py,47.37
mindsdb/integrations/handlers/databend_handler/requirements.txt,66.67
mindsdb/integrations/handlers/databend_handler/tests/__init__.py,100.00
mindsdb/integrations/handlers/databend_handler/tests/test_databend_handler.py,51.96
mindsdb/integrations/handlers/databend_handler/README.md,50.62
docker/db_handler.Dockerfile,93.02
docker/docker-compose.yml,76.45
docker/mindsdb.Dockerfile,70.37
mindsdb/integrations/handlers/mysql_handler/tests/test_connection.py,100.00
mindsdb/integrations/handlers_client/base_client.py,93.33
mindsdb/integrations/handlers_client/db_client.py,92.35
mindsdb/integrations/handlers_wrapper/db_handler_service.py,78.95
mindsdb/integrations/handlers_wrapper/db_handler_wrapper.py,81.07
mindsdb/integrations/handlers_wrapper/requirements.txt,100.00
mindsdb/integrations/libs/handler_helpers.py,72.31
mindsdb/integrations/libs/net_helpers.py,100.00
mindsdb/integrations/handlers/sheets_handler/tests/test_sheets_handler.py,50.00
mindsdb/integrations/handlers/sheets_handler/__about__.py,47.37
docs/mindsdb-docs/docs/twitter-post,100.00
.pre-commit-config.yaml,43.28
requirements-dev.txt,50.00
mindsdb_contest.md,49.91
mindsdb/integrations/handlers/postgres_handler/tests/docker/Dockerfile,100.00
mindsdb/integrations/handlers/postgres_handler/tests/docker/certs/root.crt,100.00
mindsdb/integrations/handlers/postgres_handler/tests/docker/certs/server.crt,100.00
mindsdb/integrations/handlers/postgres_handler/tests/docker/certs/server.key,100.00
mindsdb/integrations/handlers/postgres_handler/tests/docker/home_rentals.csv,100.00
mindsdb/integrations/handlers/postgres_handler/tests/docker/sql-scripts/prepare.sql,100.00
mindsdb/integrations/handlers/sheets_handler/README.md,50.00
mindsdb/integrations/handlers/impala_handler/icon.svg,86.67
mindsdb/integrations/handlers/impala_handler/__about__.py,47.37
mindsdb/integrations/handlers/impala_handler/__init__.py,51.02
mindsdb/integrations/handlers/impala_handler/tests/test_impala_handler.py,48.54
mindsdb/integrations/handlers/impala_handler/impala_handler.py,49.87
mindsdb/integrations/handlers/impala_handler/Manual_QA.md,50.00
mindsdb/integrations/handlers/impala_handler/README.md,50.00
mindsdb/integrations/handlers/impala_handler/requirements.txt,50.00
docs/mindsdb-docs/docs/contribute/techstack.md,50.00
mindsdb/integrations/handlers/sheets_handler/requirements.txt,50.00
mindsdb/integrations/handlers/tdengine_handler/tdengine_handler.py,49.47
mindsdb/integrations/handlers/tdengine_handler/__about__.py,47.37
mindsdb/integrations/handlers/tdengine_handler/__init__.py,52.08
mindsdb/integrations/handlers/tdengine_handler/icon.svg,40.14
mindsdb/integrations/handlers/tdengine_handler/Manual_QA.md,50.00
mindsdb/integrations/handlers/tdengine_handler/README.md,50.00
mindsdb/integrations/handlers/tdengine_handler/requirements.txt,50.00
mindsdb/integrations/handlers/tdengine_handler/tests/test_tdengine_handler.py,48.48
docker/ml_handler.Dockerfile,62.50
mindsdb/integrations/handlers_client/ml_client.py,72.32
mindsdb/integrations/handlers_wrapper/huggingface_requirements.txt,50.00
mindsdb/integrations/handlers_wrapper/ml_handler_service.py,62.50
mindsdb/integrations/handlers_wrapper/ml_handler_wrapper.py,69.49
docker/db_images/README.md,50.00
docker/db_images/mysql/home_rentals.csv,100.00
docker/db_images/postgres/Dockerfile,100.00
docker/db_images/postgres/certs/root.crt,100.00
docker/db_images/postgres/certs/server.crt,100.00
docker/db_images/postgres/certs/server.key,100.00
docker/db_images/postgres/home_rentals.csv,100.00
docker/db_images/postgres/sql-scripts/prepare.sql,100.00
tests/handler_tests/test_mysql_handler.py,49.21
tests/handler_tests/test_postgres_handler.py,49.47
docker/db_images/mariadb/Dockerfile,50.00
docker/db_images/mariadb/home_rentals.csv,100.00
docker/db_images/mariadb/sql-scripts/prepare.sql,52.78
tests/handler_tests/test_mariadb_handler.py,52.10
mindsdb/integrations/handlers/sqlany_handler/Manual_QA.md,50.00
mindsdb/integrations/handlers/sqlany_handler/README.md,50.00
mindsdb/integrations/handlers/sqlany_handler/__about__.py,47.37
mindsdb/integrations/handlers/sqlany_handler/__init__.py,52.08
mindsdb/integrations/handlers/sqlany_handler/icon.svg,86.67
mindsdb/integrations/handlers/sqlany_handler/requirements.txt,50.00
mindsdb/integrations/handlers/sqlany_handler/sqlany_handler.py,49.89
mindsdb/integrations/handlers/sqlany_handler/tests/test_sqlany_handler.py,48.84
mindsdb/integrations/handlers/orioledb_handler/Manual_QA.md,50.00
mindsdb/integrations/handlers/orioledb_handler/README.md,50.60
mindsdb/integrations/handlers/orioledb_handler/__about__.py,47.37
mindsdb/integrations/handlers/orioledb_handler/__init__.py,53.49
mindsdb/integrations/handlers/orioledb_handler/icon.svg,75.00
mindsdb/integrations/handlers/orioledb_handler/orioledb_handler.py,50.00
mindsdb/integrations/handlers/orioledb_handler/requirements.txt,25.00
mindsdb/integrations/handlers/orioledb_handler/tests/test_orioledb_handler.py,50.44
docs/mindsdb-docs/docs/sql/feature-eng.md,50.85
mindsdb/integrations/handlers/planetscale_handler/Manual_QA.md,58.67
mindsdb/integrations/handlers/planetscale_handler/__about__.py,47.37
mindsdb/integrations/handlers/planetscale_handler/__init__.py,52.08
mindsdb/integrations/handlers/planetscale_handler/icon.svg,60.00
mindsdb/integrations/handlers/planetscale_handler/planetscale_handler.py,65.00
mindsdb/integrations/handlers/planetscale_handler/requirements.txt,33.33
tests/integration_tests/flows/conftest.py,43.90
tests/integration_tests/flows/test_mysql_api_pytest_based.py,100.00
integrations/handlers/mysql_handler/Manual_QA.md,100.00
mindsdb/api/mysql/mysql_proxy/datahub/datanodes/project_datanode.py,56.93
mindsdb/interfaces/database/projects.py,71.85
mindsdb/migrations/versions/2022-10-14_43c52d23845a_projects.py,93.36
mindsdb/integrations/handlers/materialize_handler/__about__.py,90.00
mindsdb/integrations/handlers/materialize_handler/__init__.py,95.45
mindsdb/integrations/handlers/materialize_handler/Manual_QA.md,100.00
mindsdb/integrations/handlers/materialize_handler/requirements.txt,66.67
mindsdb/integrations/handlers/materialize_handler/README.md,96.49
mindsdb/integrations/handlers/materialize_handler/tests/test_materialize_handler.py,100.00
mindsdb/integrations/handlers/materialize_handler/materialize_handler.py,82.09
mindsdb/integrations/handlers/rockset_integration/Manual_QA.md,100.00
mindsdb/integrations/handlers/rockset_integration/__about__.py,100.00
mindsdb/integrations/handlers/rockset_integration/__init_.py,100.00
mindsdb/integrations/handlers/rockset_integration/requirements.txt,100.00
mindsdb/integrations/handlers/rockset_integration/rockset_integration.py,100.00
mindsdb/integrations/handlers/starrocks_handler/Manual_QA.md,50.00
mindsdb/integrations/handlers/starrocks_handler/README.md,50.00
mindsdb/integrations/handlers/starrocks_handler/__about__.py,47.37
mindsdb/integrations/handlers/starrocks_handler/__init__.py,48.78
mindsdb/integrations/handlers/starrocks_handler/requirements.txt,33.33
mindsdb/integrations/handlers/starrocks_handler/starrocks_handler.py,49.48
mindsdb/integrations/handlers/starrocks_handler/tests/test_starrocks_handler.py,50.00
docs/mindsdb-docs/docs/documentation-link.md,50.00
mindsdb/integrations/handlers/oceanbase_handler/Manual_QA.md,50.00
mindsdb/integrations/handlers/oceanbase_handler/README.md,50.00
mindsdb/integrations/handlers/oceanbase_handler/__about__.py,47.37
mindsdb/integrations/handlers/oceanbase_handler/__init__.py,48.78
mindsdb/integrations/handlers/oceanbase_handler/oceanbase_handler.py,49.48
mindsdb/integrations/handlers/oceanbase_handler/requirements.txt,33.33
mindsdb/integrations/handlers/oceanbase_handler/tests/test_oceanbase_handler.py,50.00
mindsdb/integrations/handlers/rockset_integration/tests/__init__.py,100.00
mindsdb/integrations/handlers/rockset_integration/tests/test_rockset_handler.py,100.00
docs/mindsdb-docs/docs/sql/native-queries.md,50.00
mindsdb/integrations/libs/ml_handler_proc.py,50.00
mindsdb/interfaces/storage/model_fs.py,41.78
mindsdb/utilities/log_controller.py,54.22
tests/unit/ml_handlers/test_huggingface.py,37.37
tests/unit/ml_handlers/test_lightwood.py,44.74
mindsdb/integrations/handlers/ludwig_handler/example.md,50.00
tests/unit/ml_handlers/test_ludwig.py,49.01
mindsdb/integrations/handlers/merlion_handler/__about__.py,47.37
mindsdb/integrations/handlers/merlion_handler/__init__.py,48.72
mindsdb/integrations/handlers/merlion_handler/adapters.py,50.00
mindsdb/integrations/handlers/merlion_handler/merlion_handler.py,49.51
mindsdb/integrations/handlers/merlion_handler/requirements.txt,45.45
mindsdb/integrations/handlers/merlion_handler/setup.py,50.00
tests/unit/test_merlion_handler.py,50.00
mindsdb/migrations/versions/2022-11-07_1e60096fc817_predictor_version.py,75.31
tests/unit/dummy_ml_handler/__about__.py,100.00
tests/unit/dummy_ml_handler/__init__.py,82.61
tests/unit/dummy_ml_handler/dummy_ml_handler.py,63.29
tests/unit/test_project_structure.py,77.06
docs/mindsdb-docs/docs/sql/project.md,50.00
mindsdb/api/http/namespaces/configs/tree.py,100.00
mindsdb/api/http/namespaces/tree.py,50.00
docker/docker-compose-old-manner.yml,50.00
tests/unit/test_predictor_params.py,50.38
mindsdb/migrations/versions/2022-11-11_d429095b570f_data_integration_id.py,100.00
docs-v2/assets/icons/Cloud.svg,50.00
docs-v2/assets/icons/Database.svg,50.00
docs-v2/assets/icons/Explainable.svg,50.00
docs-v2/assets/icons/GUI.svg,50.00
docs-v2/assets/icons/Python.svg,50.00
docs-v2/assets/icons/Server.svg,50.00
docs-v2/assets/icons/sdk.svg,50.00
docs-v2/assets/mdb_logo_w.svg,50.00
docs-v2/assets/sql/tutorials/customer_churn/.gitkeep,50.00
docs-v2/assets/tutorials/crops/.gitkeep,50.00
docs-v2/getting-started.mdx,50.00
docs-v2/logo/dark.svg,50.00
docs-v2/logo/light.svg,50.00
docs-v2/mint.json,67.00
docs-v2/quickstart.mdx,50.00
docs-v2/what-is-mindsdb.mdx,50.00
mindsdb/integrations/handlers/rockset_integration/rockset_handler.py,100.00
docs-v2/connect/connect-mariadb-skysql.mdx,50.00
docs-v2/connect/dbeaver.mdx,50.00
docs-v2/connect/dbt.mdx,50.00
docs-v2/connect/deepnote.mdx,50.00
docs-v2/connect/kafka.mdx,50.00
docs-v2/connect/metabase.mdx,50.00
docs-v2/connect/mindsdb_editor.mdx,50.00
docs-v2/connect/mongo-compass.mdx,50.00
docs-v2/connect/mongo-shell.mdx,50.00
docs-v2/connect/mysql-client.mdx,50.00
docs-v2/connect/sql-alchemy.mdx,50.00
docs-v2/connect/tableau.mdx,50.00
docs-v2/setup/civo.mdx,50.00
docs-v2/setup/cloud.mdx,50.00
docs-v2/setup/custom-config.mdx,50.00
docs-v2/setup/digital-ocean.mdx,50.00
docs-v2/setup/gcp.mdx,50.00
docs-v2/setup/self-hosted/docker.mdx,50.00
docs-v2/setup/self-hosted/pip/linux.mdx,50.00
docs-v2/setup/self-hosted/pip/macos.mdx,50.00
docs-v2/setup/self-hosted/pip/source.mdx,50.00
docs-v2/setup/self-hosted/pip/windows.mdx,50.00
docs-v2/setup/vultr.mdx,50.00
docs/mindsdb-docs/docs/assets/hf_test.csv,50.00
mindsdb/integrations/handlers/rockset_handler/Manual_QA.md,100.00
mindsdb/integrations/handlers/rockset_handler/__about__.py,100.00
mindsdb/integrations/handlers/rockset_handler/__init_.py,100.00
mindsdb/integrations/handlers/rockset_handler/requirements.txt,50.00
mindsdb/integrations/handlers/rockset_handler/rockset_handler.py,72.73
mindsdb/integrations/handlers/rockset_handler/tests/test_rockset_handler.py,91.43
docs-v2/mongo/collection-structure.mdx,100.00
docs-v2/mongo/database.mdx,100.00
docs-v2/mongo/delete.mdx,100.00
docs-v2/mongo/find.mdx,100.00
docs-v2/mongo/insert.mdx,100.00
docs-v2/mongo/mongo.mdx,100.00
docs-v2/mongo/stats.mdx,100.00
docs-v2/sql/api/describe.mdx,100.00
docs-v2/sql/api/drop.mdx,100.00
docs-v2/sql/api/home_rentals_model1.csv,100.00
docs-v2/sql/api/insert.mdx,100.00
docs-v2/sql/api/join.mdx,100.00
docs-v2/sql/api/retrain.mdx,100.00
docs-v2/sql/api/select-files.mdx,100.00
docs-v2/sql/api/select.mdx,100.00
docs-v2/sql/api/stream.mdx,100.00
docs-v2/sql/api/update.mdx,100.00
docs-v2/sql/api/use.mdx,100.00
docs-v2/sql/create/databases.mdx,99.88
docs-v2/sql/create/file.mdx,100.00
docs-v2/sql/create/predictor.mdx,100.00
docs-v2/sql/create/table.mdx,100.00
docs-v2/sql/create/view.mdx,100.00
docs-v2/sql/data-insights.mdx,100.00
docs-v2/sql/feature-eng.mdx,100.00
docs-v2/sql/native-queries.mdx,100.00
docs-v2/sql/project.mdx,100.00
docs-v2/sql/table-structure.mdx,100.00
docs/mindsdb-docs/docs/contribute/ml_handlers.md,100.00
docs/mindsdb-docs/docs/sql/create/ml_engine.md,100.00
mindsdb/integrations/handlers/vitess_handler/Manual_QA.md,100.00
mindsdb/integrations/handlers/vitess_handler/README.md,100.00
mindsdb/integrations/handlers/vitess_handler/__about__.py,90.00
mindsdb/integrations/handlers/vitess_handler/__init__.py,100.00
mindsdb/integrations/handlers/vitess_handler/icon.svg,71.25
mindsdb/integrations/handlers/vitess_handler/requirements.txt,50.00
mindsdb/integrations/handlers/vitess_handler/tests/test_vitess_handler.py,100.00
mindsdb/integrations/handlers/vitess_handler/vitess_handler.py,97.96
docs/mindsdb-docs/docs/rest/sql.md,100.00
mindsdb/integrations/handlers/opengauss_handler/Manual_QA.md,100.00
mindsdb/integrations/handlers/opengauss_handler/__about__.py,90.00
mindsdb/integrations/handlers/opengauss_handler/__init__.py,88.46
mindsdb/integrations/handlers/opengauss_handler/opengauss_handler.py,97.83
mindsdb/integrations/handlers/opengauss_handler/requirements.txt,33.33
mindsdb/integrations/handlers/opengauss_handler/tests/test_opengauss_handler.py,100.00
docs-v2/custom-model/huggingface.mdx,100.00
docs-v2/custom-model/mlflow.mdx,100.00
docs-v2/custom-model/openai.mdx,100.00
docs-v2/custom-model/ray-serve.mdx,100.00
docs-v2/sql/tutorials/ai-tables.mdx,100.00
docs-v2/sql/tutorials/bitcoin-forecasting.mdx,100.00
docs-v2/sql/tutorials/bodyfat.mdx,100.00
docs-v2/sql/tutorials/byom.mdx,100.00
docs-v2/sql/tutorials/crop-prediction.mdx,100.00
docs-v2/sql/tutorials/customer-churn.mdx,100.00
docs-v2/sql/tutorials/diabetes.mdx,100.00
docs-v2/sql/tutorials/eeg-forecasting.mdx,100.00
docs-v2/sql/tutorials/heart-disease.mdx,100.00
docs-v2/sql/tutorials/home-rentals.mdx,100.00
docs-v2/sql/tutorials/house-sales-forecasting.mdx,100.00
docs-v2/sql/tutorials/insurance-cost-prediction.mdx,100.00
docs-v2/sql/tutorials/mindsdb-superset-snowflake.mdx,100.00
docs-v2/sql/tutorials/mushrooms.mdx,100.00
docs-v2/sql/tutorials/process-quality.mdx,100.00
docs-v2/sql/tutorials/spam_emails_tutorial.mdx,100.00
docs-v2/community.mdx,100.00
docs-v2/contribute.mdx,100.00
docs-v2/contribute/docs.mdx,100.00
docs-v2/contribute/install.mdx,100.00
docs-v2/contribute/integrations.mdx,100.00
docs-v2/contribute/issues.mdx,100.00
docs-v2/contribute/loanTutorial/loanTutorial.mdx,100.00
docs-v2/contribute/techstack.mdx,100.00
docs-v2/contribute/tests.mdx,100.00
docs-v2/contribute/tutorials.mdx,100.00
docs-v2/docs-rules.mdx,100.00
docs-v2/tutorials.mdx,100.00
mindsdb/utilities/context.py,90.00
mindsdb/integrations/handlers/mlflow_handler/__about__.py,50.00
mindsdb/integrations/handlers/mlflow_handler/example.md,100.00
mindsdb/integrations/handlers/mlflow_handler/mlflow_handler.py,77.23
tests/unit/ml_handlers/test_mlflow.py,95.00
docs/sql/tutorials/bodyfat.mdx,96.34
docs/sql/tutorials/byom.mdx,99.72
docs/sql/tutorials/crop-prediction.mdx,93.33
docs/sql/tutorials/customer-churn.mdx,95.00
docs/sql/tutorials/diabetes.mdx,97.70
docs/sql/tutorials/eeg-forecasting.mdx,52.40
docs/sql/tutorials/heart-disease.mdx,98.71
docs/sql/tutorials/home-rentals.mdx,78.73
docs/sql/tutorials/house-sales-forecasting.mdx,71.91
docs/sql/tutorials/insurance-cost-prediction.mdx,99.54
docs/sql/tutorials/mindsdb-superset-snowflake.mdx,98.43
docs/sql/tutorials/mushrooms.mdx,97.97
docs/sql/tutorials/process-quality.mdx,97.08
docs/sql/tutorials/spam_emails_tutorial.mdx,99.43
docs/tutorials.mdx,92.05
docs/what-is-mindsdb.mdx,43.33
docs/custom-model/huggingface.mdx,79.77
docs/custom-model/mlflow.mdx,89.46
docs/custom-model/openai.mdx,91.43
docs/custom-model/ray-serve.mdx,97.07
docs/docs-rules.mdx,89.03
docs/getting-started.mdx,62.10
docs/logo/dark.svg,100.00
docs/logo/light.svg,100.00
docs/mint.json,44.37
docs/mongo/collection-structure.mdx,59.15
docs/mongo/database.mdx,86.21
docs/mongo/delete.mdx,100.00
docs/contribute/techstack.mdx,100.00
docs/contribute/tests.mdx,76.92
docs/contribute/tutorials.mdx,88.73
docs/mongo/find.mdx,86.11
docs/mongo/insert.mdx,87.50
docs/mongo/mongo.mdx,98.60
docs/mongo/stats.mdx,99.20
docs/quickstart.mdx,48.71
docs/setup/civo.mdx,80.00
docs/setup/digital-ocean.mdx,80.00
docs/setup/gcp.mdx,37.50
docs/setup/self-hosted/docker.mdx,27.87
docs/setup/self-hosted/pip/linux.mdx,52.11
docs/assets/icons/Cloud.svg,100.00
docs/assets/icons/Database.svg,100.00
docs/assets/icons/Explainable.svg,100.00
docs/assets/icons/GUI.svg,100.00
docs/assets/icons/Python.svg,100.00
docs/assets/icons/Server.svg,100.00
docs/assets/icons/sdk.svg,100.00
docs/assets/mdb_logo_w.svg,100.00
docs/assets/sql/tutorials/customer_churn/.gitkeep,100.00
docs/assets/tutorials/crops/.gitkeep,100.00
docs/community.mdx,90.32
docs/connect/connect-mariadb-skysql.mdx,69.78
docs/connect/dbeaver.mdx,64.25
docs/connect/dbt.mdx,80.09
docs/connect/deepnote.mdx,96.43
docs/connect/kafka.mdx,97.64
docs/connect/metabase.mdx,65.92
docs/connect/mindsdb_editor.mdx,73.75
docs/connect/mongo-compass.mdx,34.20
docs/connect/mongo-shell.mdx,49.51
docs/connect/mysql-client.mdx,58.87
docs/connect/sql-alchemy.mdx,35.86
docs/connect/tableau.mdx,39.64
docs/contribute.mdx,100.00
docs/contribute/docs.mdx,51.00
docs/contribute/issues.mdx,52.31
docs/contribute/loanTutorial/loanTutorial.mdx,78.57
docs/setup/cloud.mdx,30.43
docs/setup/custom-config.mdx,72.34
docs/setup/self-hosted/pip/macos.mdx,48.41
docs/setup/self-hosted/pip/source.mdx,44.36
docs/contribute/install.mdx,38.10
docs/contribute/integrations.mdx,65.32
docs/setup/self-hosted/pip/windows.mdx,47.32
docs/setup/vultr.mdx,80.00
docs/sql/api/describe.mdx,72.60
docs/sql/api/drop.mdx,88.64
docs/sql/api/home_rentals_model1.csv,100.00
docs/sql/api/insert.mdx,93.67
docs/sql/api/join.mdx,72.41
docs/sql/api/retrain.mdx,66.06
docs/sql/api/select-files.mdx,85.00
docs/sql/api/update.mdx,50.43
docs/sql/create/predictor.mdx,50.71
docs/sql/create/view.mdx,73.18
docs/sql/data-insights.mdx,88.89
docs/sql/api/select.mdx,69.58
docs/sql/api/stream.mdx,50.00
docs/sql/api/use.mdx,61.54
docs/sql/create/databases.mdx,63.00
docs/sql/create/file.mdx,75.56
docs/sql/create/table.mdx,88.30
docs/sql/feature-eng.mdx,75.34
docs/sql/native-queries.mdx,93.14
docs/sql/project.mdx,55.78
docs/sql/table-structure.mdx,48.01
docs/sql/tutorials/ai-tables.mdx,53.53
docs/sql/tutorials/bitcoin-forecasting.mdx,98.64
docs/rest/sql.mdx,92.79
mindsdb/integrations/handlers/jira_handler/Manual_QA.md,100.00
mindsdb/integrations/handlers/jira_handler/README.md,85.19
mindsdb/integrations/handlers/jira_handler/__about__.py,90.91
mindsdb/integrations/handlers/jira_handler/__init__.py,92.11
mindsdb/integrations/handlers/jira_handler/jira_handler.py,88.18
mindsdb/integrations/handlers/jira_handler/requirements.txt,100.00
mindsdb/integrations/handlers/jira_handler/tests/test_jira_handler.py,95.00
docs/sql/create/datasetup.mdx,71.41
docs/sql/create/predictor2.mdx,98.67
docs/sql/api/select2.mdx,98.72
docs/contribute/ml-handlers.mdx,88.15
docs/sql/create/ml-engine.mdx,76.30
docs/sql/feature-importance.mdx,94.56
docs/sql/api/manage-models-versions.mdx,96.61
docs/sql/create/databases2.mdx,100.00
docs/openapi.yml,35.49
docs/rest/databases/create-databases.mdx,38.46
docs/rest/databases/delete-databases.mdx,38.46
docs/rest/databases/list-database.mdx,38.46
docs/rest/databases/list-databases.mdx,38.46
docs/rest/databases/update-databases.mdx,38.46
docs/rest/models/delete-model.mdx,42.31
docs/rest/models/describe-model.mdx,84.78
docs/rest/models/list-model.mdx,44.00
docs/rest/models/list-models.mdx,81.82
docs/rest/models/query-model.mdx,61.67
docs/rest/models/retrain-model.mdx,84.62
docs/rest/models/train-model.mdx,40.74
docs/rest/tables/create-table.mdx,41.67
docs/rest/tables/delete-table.mdx,40.00
docs/rest/tables/list-table.mdx,50.00
docs/rest/views/create-view.mdx,41.67
docs/rest/views/delete-views.mdx,38.46
docs/rest/views/list-view.mdx,50.00
docs/rest/views/list-views.mdx,38.46
mindsdb/api/http/openapi.yml,99.81
docs/nlp/what-is-nlp.mdx,54.69
docs/nlp/nlp-mindsdb-hf.mdx,50.13
docs/nlp/nlp-extended-examples.mdx,56.04
docs/mindsdb-handlers.mdx,83.20
docs/contribute/data-handlers.mdx,40.43
docs/model-types.mdx,97.16
mindsdb/integrations/handlers/openai_handler/__about__.py,90.00
mindsdb/integrations/handlers/openai_handler/__init__.py,65.52
mindsdb/integrations/handlers/openai_handler/openai_handler.py,42.36
mindsdb/integrations/handlers/openai_handler/requirements.txt,55.56
mindsdb/integrations/handlers/openai_handler/setup.py,100.00
docs/setup/environment-vars.mdx,54.85
mindsdb/migrations/versions/2022-12-26_459218b0844c_fix_unique_constraint.py,71.79
docs/sql/api/join-on.mdx,98.51
.github/ISSUE_TEMPLATE/test.yaml,100.00
.github/ISSUE_TEMPLATE/bug_report_v2.yaml,100.00
.github/workflows/add_to_bugs_project.yml,100.00
.github/ISSUE_TEMPLATE/feature_request_v2,100.00
.github/workflows/add_to_roadmap_project.yml,100.00
.github/ISSUE_TEMPLATE/docs,100.00
.github/ISSUE_TEMPLATE/improve_docs_v1.yml,100.00
.github/ISSUE_TEMPLATE/improve_docs_v1.yaml,100.00
.github/ISSUE_TEMPLATE/feature_request_v2.yaml,100.00
.github/workflows/add_to_docs_project.yml,100.00
docs/nlp/nlp-mindsdb-openai.mdx,75.77
docs/ml-engines/automl/lightwood.mdx,42.86
docs/ml-engines/automl/ludwig.mdx,100.00
docs/ml-engines/automl/xgboost.mdx,100.00
docs/using-dbt/classification.mdx,100.00
docs/using-dbt/nlp.mdx,100.00
docs/using-dbt/regression.mdx,100.00
docs/using-dbt/timeseries.mdx,100.00
docs/using-kafka/anomaly-detection.mdx,100.00
docs/using-kafka/classification.mdx,100.00
docs/using-kafka/nlp.mdx,100.00
docs/using-kafka/regression.mdx,100.00
docs/using-kafka/timeseries.mdx,100.00
docs/using-mongo-api/classification.mdx,75.00
docs/using-mongo-api/nlp.mdx,100.00
docs/using-mongo-api/regression.mdx,78.95
docs/using-mongo-api/timeseries.mdx,100.00
docs/using-sql-api/classification.mdx,100.00
docs/using-sql-api/nlp.mdx,100.00
docs/using-sql-api/regression.mdx,100.00
docs/using-sql-api/timeseries.mdx,100.00
docs/why-mindsdb.mdx,100.00
mindsdb/api/http/namespaces/configs/projects.py,75.00
mindsdb/api/http/namespaces/projects.py,64.26
docs/connect/jupysql.mdx,55.85
docs/data-integrations/all-data-integrations.mdx,68.62
docs/rest/disclaimer.mdx,47.06
mindsdb/integrations/handlers/openai_handler/helpers.py,55.05
docs/package.json,80.00
docs/rest/projects/get-projects.mdx,74.24
mindsdb/api/http/namespaces/configs/tabs.py,100.00
mindsdb/api/http/namespaces/tab.py,87.30
mindsdb/integrations/handlers/twitter_handler/Manual_QA.md,100.00
mindsdb/integrations/handlers/twitter_handler/README.md,83.09
mindsdb/integrations/handlers/twitter_handler/__about__.py,69.23
mindsdb/integrations/handlers/twitter_handler/__init__.py,82.14
mindsdb/integrations/handlers/twitter_handler/icon.svg,43.48
mindsdb/integrations/handlers/twitter_handler/requirements.txt,50.00
mindsdb/integrations/handlers/twitter_handler/twitter_handler.py,46.49
mindsdb/integrations/libs/api_handler.py,47.64
docker/all-in-one.yaml,100.00
docker/executor.Dockerfile,100.00
mindsdb/api/mysql/mysql_proxy/executor/executor_client.py,100.00
mindsdb/api/mysql/mysql_proxy/executor/executor_service.py,44.68
mindsdb/api/mysql/mysql_proxy/executor/executor_wrapper.py,99.47
tests/unit/test_interfaces_consistency.py,92.11
docs/ml-types.mdx,97.22
docs/contribute/data-integration-page.mdx,100.00
mindsdb/api/http/namespaces/configs/default.py,100.00
mindsdb/api/http/namespaces/default.py,96.07
mindsdb/interfaces/jobs/README.md,97.73
mindsdb/interfaces/jobs/jobs_controller.py,91.32
mindsdb/interfaces/jobs/scheduler.py,52.17
mindsdb/migrations/versions/2023-01-30_4f9336e7a5f5_jobs.py,100.00
mindsdb/integrations/handlers/statsforecast_handler/statsforecast_handler.py,48.92
tests/unit/ml_handlers/test_statsforecast.py,51.06
mindsdb/integrations/handlers/statsforecast_handler/__about__.py,94.44
mindsdb/integrations/handlers/statsforecast_handler/__init__.py,78.12
mindsdb/integrations/handlers/statsforecast_handler/requirements.txt,46.67
mindsdb/integrations/handlers/statsforecast_handler/setup.py,100.00
mindsdb/migrations/versions/2023-02-02_b6d0a47294ac_jobs.py,100.00
docker/docker-compose_pg.yml,100.00
mindsdb/integrations/handlers/phoenix_handler/phoenix_handler.py,97.36
mindsdb/integrations/handlers/phoenix_handler/requirements.txt,100.00
mindsdb/integrations/handlers/phoenix_handler/__about__.py,90.00
mindsdb/integrations/handlers/phoenix_handler/__init__.py,92.00
mindsdb/integrations/handlers/phoenix_handler/tests/test_phoenix_handler.py,92.31
tests/unit/ml_handlers/data/time_series_df.csv,100.00
mindsdb/integrations/handlers/phoenix_handler/README.md,100.00
docker/nginx-compose.yml,100.00
docker/nginx/templates/default.conf.template,100.00
docs/nlp/question-answering-inside-mongodb-with-openai.mdx,93.25
docs/nlp/question-answering-inside-mysql-with-openai.mdx,81.78
docs/nlp/sentiment-analysis-inside-mongodb-with-openai.mdx,93.01
docs/nlp/sentiment-analysis-inside-mysql-with-openai.mdx,86.04
docs/nlp/text-summarization-inside-mongodb-with-openai.mdx,93.39
docs/nlp/text-summarization-inside-mysql-with-openai.mdx,85.65
mindsdb/integrations/handlers/autokeras_handler/__about__.py,94.74
mindsdb/integrations/handlers/autokeras_handler/__init__.py,87.10
mindsdb/integrations/handlers/autokeras_handler/autokeras_handler.py,90.06
mindsdb/integrations/handlers/autokeras_handler/setup.py,100.00
mindsdb/integrations/handlers/autokeras_handler/utils.py,100.00
tests/unit/ml_handlers/test_autokeras.py,97.28
mindsdb/integrations/handlers/byom_handler/README.md,100.00
mindsdb/api/postgres/postgres_proxy/postgres_packets/postgres_fields.py,100.00
mindsdb/api/postgres/postgres_proxy/postgres_packets/postgres_message.py,100.00
mindsdb/api/postgres/postgres_proxy/postgres_packets/postgres_message_formats.py,100.00
mindsdb/api/postgres/postgres_proxy/postgres_packets/postgres_message_identifiers.py,100.00
mindsdb/api/postgres/postgres_proxy/postgres_packets/postgres_packets.py,99.14
mindsdb/api/postgres/postgres_proxy/postgres_proxy.py,98.76
docs/sql/api/adjust.mdx,96.93
mindsdb/integrations/handlers/aurora_handler/__init__.py,92.31
mindsdb/integrations/handlers/aurora_handler/aurora_handler.py,98.11
mindsdb/integrations/handlers/aurora_handler/requirements.txt,71.43
mindsdb/integrations/handlers/aurora_handler/__about__.py,90.00
mindsdb/integrations/handlers/aurora_handler/tests/test_aurora_handler.py,100.00
docker/handler_discovery.Dockerfile,100.00
docker/handler_discovery/requirements.txt,100.00
docker/handler_discovery/sd.py,97.92
mindsdb/api/mysql/mysql_proxy/executor/executor_client_factory.py,46.07
mindsdb/api/mysql/mysql_proxy/executor/executor_grpc_client.py,49.35
mindsdb/api/mysql/mysql_proxy/executor/executor_grpc_wrapper.py,50.20
mindsdb/grpc/db/common_pb2.py,100.00
mindsdb/grpc/db/common_pb2.pyi,100.00
mindsdb/grpc/db/common_pb2_grpc.py,100.00
mindsdb/grpc/db/db_pb2.py,100.00
mindsdb/grpc/db/db_pb2.pyi,100.00
mindsdb/grpc/db/db_pb2_grpc.py,100.00
mindsdb/grpc/executor/executor_pb2.py,100.00
mindsdb/grpc/executor/executor_pb2.pyi,100.00
mindsdb/grpc/executor/executor_pb2_grpc.py,100.00
mindsdb/grpc/ml/common_pb2.py,100.00
mindsdb/grpc/ml/common_pb2.pyi,100.00
mindsdb/grpc/ml/common_pb2_grpc.py,100.00
mindsdb/grpc/ml/ml_pb2.py,100.00
mindsdb/grpc/ml/ml_pb2.pyi,100.00
mindsdb/grpc/ml/ml_pb2_grpc.py,100.00
mindsdb/integrations/handlers_client/db_client_factory.py,46.73
mindsdb/integrations/handlers_client/db_grpc_client.py,50.00
mindsdb/integrations/handlers_client/ml_client_factory.py,62.71
mindsdb/integrations/handlers_client/ml_grpc_client.py,100.00
mindsdb/integrations/handlers_wrapper/db_grpc_wrapper.py,98.79
mindsdb/integrations/handlers_wrapper/ml_grpc_wrapper.py,96.59
protos/common.proto,100.00
protos/db.proto,100.00
protos/executor.proto,100.00
protos/ml.proto,100.00
docs/sql/create/jobs.mdx,59.87
mindsdb/integrations/handlers/neuralforecast_handler/__about__.py,81.82
mindsdb/integrations/handlers/neuralforecast_handler/__init__.py,86.36
mindsdb/integrations/handlers/neuralforecast_handler/neuralforecast_handler.py,49.84
mindsdb/integrations/handlers/neuralforecast_handler/requirements.txt,61.11
mindsdb/integrations/handlers/neuralforecast_handler/setup.py,100.00
tests/unit/ml_handlers/test_neuralforecast.py,52.87
docs/contribute/issue-labels.mdx,99.07
mindsdb/migrations/versions/2023-02-17_ee63d868fa84_predictor_integration_null.py,100.00
gitpod.yml,100.00
.gitpod.yml,78.38
.gitpod.Dockerfile,93.33
mindsdb/integrations/handlers/aurora_handler/tests/test_aurora_mysql_handler.py,92.31
mindsdb/integrations/handlers/aurora_handler/tests/test_aurora_postgres_handler.py,98.08
mindsdb/integrations/handlers/aurora_handler/README.md,100.00
mindsdb/integrations/handlers/duckdb_handler/README.md,87.80
mindsdb/integrations/handlers/duckdb_handler/__about__.py,90.91
mindsdb/integrations/handlers/duckdb_handler/__init__.py,90.00
mindsdb/integrations/handlers/duckdb_handler/duckdb_handler.py,96.31
mindsdb/integrations/handlers/duckdb_handler/requirements.txt,100.00
mindsdb/integrations/handlers/statsforecast_handler/README.md,56.00
mindsdb/api/http/namespaces/auth.py,65.84
mindsdb/api/http/namespaces/configs/auth.py,100.00
mindsdb/utilities/auth.py,100.00
mindsdb/integrations/handlers/duckdb_handler/tests/test_duckdb_handler.py,97.96
mindsdb/integrations/handlers/duckdb_handler/Manual_QA.md,100.00
mindsdb/integrations/handlers/autokeras_handler/README.md,96.72
mindsdb/integrations/handlers/dremio_handler/__init__.py,88.89
mindsdb/integrations/handlers/dremio_handler/dremio_handler.py,96.03
.venv/snippets.py,100.00
mindsdb/integrations/handlers/cloud_spanner_handler/Manual_QA.md,100.00
mindsdb/integrations/handlers/cloud_spanner_handler/__about__.py,90.00
mindsdb/integrations/handlers/cloud_spanner_handler/__init__.py,91.43
mindsdb/integrations/handlers/cloud_spanner_handler/cloud_spanner_handler.py,82.27
mindsdb/integrations/handlers/cloud_spanner_handler/requirements.txt,33.33
docs/data-integrations/crate-io.mdx,100.00
mindsdb/integrations/handlers/cloud_spanner_handler/tests/test_cloud_spanner_handler.py,98.04
docs/data-integrations/amazon-redshift.mdx,61.33
mindsdb/integrations/handlers/cloud_spanner_handler/README.md,69.81
docs/data-integrations/cratedb.mdx,55.56
mindsdb/integrations/handlers/neuralforecast_handler/README.md,98.59
mindsdb/integrations/handlers/dremio_handler/tests/test_dremio_handler.py,97.37
mindsdb/integrations/handlers/dremio_handler/__about__.py,90.00
mindsdb/integrations/handlers/dremio_handler/requirements.txt,100.00
mindsdb/integrations/handlers/dremio_handler/README.md,100.00
mindsdb/integrations/handlers/tpot_handler/__about__.py,90.00
mindsdb/integrations/handlers/tpot_handler/__init__.py,81.82
mindsdb/integrations/handlers/tpot_handler/setup.py,100.00
mindsdb/integrations/handlers/tpot_handler/requirements.txt,42.86
mindsdb/integrations/handlers/tpot_handler/Manual_QA.md,100.00
mindsdb/integrations/handlers/tpot_handler/example.md,100.00
mindsdb/integrations/handlers/tpot_handler/tpot_handler.py,70.42
docs/data-integrations/db2.mdx,98.00
mindsdb/api/postgres/start.py,83.33
mindsdb/migrations/versions/2023-02-27_ef04cdbe51ed_jobs_user_class.py,94.29
docs/data-integrations/DynamoDB.mdx,98.85
docs/data-integrations/ckan.mdx,58.90
docs/data-integrations/cockroachdb.mdx,48.84
mindsdb/integrations/handlers/tpot_handler/README.md,100.00
mindsdb/migrations/versions/2023-02-25_3154382dab17_training_progress.py,100.00
docs/nlp/json-from-text.mdx,96.05
docs/setup/community-deploys-mindsdb.mdx,87.80
docs/sql/tutorials/time-series-community.mdx,100.00
docs/data-integrations/google-sheets.mdx,52.17
docs/data-integrations/Firebird.mdx,100.00
docs/sql/tutorials/regression-community.mdx,100.00
docs/connect/AWS_DynamoDB.mdx,97.83
docs/data-integrations/Google-BigQuery.mdx,100.00
docs/data-integrations/hive.mdx,98.11
docs/data-integrations/impala.mdx,97.67
mindsdb/integrations/utilities/time_series_utils.py,68.44
tests/unit/ml_handlers/test_time_series_utils.py,100.00
docs/data-integrations/cassandra.mdx,100.00
docs/data-integrations/elasticsearch.mdx,59.46
docs/data-integrations/databricks.mdx,59.52
docs/data-integrations/mariadb.mdx,63.16
docs/data-integrations/Apache-Druid.mdx,100.00
mindsdb/integrations/handlers/cloud_sql_handler/__init__.py,92.00
mindsdb/integrations/handlers/cloud_sql_handler/cloud_sql_handler.py,99.42
mindsdb/integrations/handlers/cloud_sql_handler/requirements.txt,66.67
mindsdb/integrations/handlers/cloud_sql_handler/__about__.py,90.00
docs/sql/tutorials/classification-community.mdx,50.00
mindsdb/integrations/handlers/cloud_sql_handler/tests/test_cloud_sql_handler.py,100.00
mindsdb/integrations/handlers/cloud_sql_handler/README.md,100.00
mindsdb/integrations/handlers/cloud_sql_handler/tests/test_cloud_sql_mysql_handler.py,100.00
mindsdb/integrations/handlers/cloud_sql_handler/tests/test_cloud_sql_mssql_handler.py,97.37
docs/data-integrations/microsoft-access.mdx,62.26
docs/data-integrations/databend.mdx,53.95
mindsdb/integrations/handlers/derby_handler/README.md,86.96
mindsdb/integrations/handlers/derby_handler/__about__.py,90.00
mindsdb/integrations/handlers/derby_handler/__init__.py,88.89
mindsdb/integrations/handlers/derby_handler/derby_handler.py,96.50
mindsdb/integrations/handlers/derby_handler/requirements.txt,100.00
mindsdb/integrations/handlers/derby_handler/tests/test_derby_handler.py,98.08
docs/data-integrations/clickhouse.mdx,44.79
mindsdb/integrations/handlers/hsqldb_handler/README.md,95.08
mindsdb/integrations/handlers/hsqldb_handler/__about__.py,90.00
mindsdb/integrations/handlers/hsqldb_handler/__init__.py,92.00
mindsdb/integrations/handlers/hsqldb_handler/hsqldb_handler.py,97.53
mindsdb/integrations/handlers/hsqldb_handler/requirements.txt,100.00
mindsdb/integrations/handlers/langchain_handler/__about__.py,90.00
mindsdb/integrations/handlers/langchain_handler/__init__.py,90.00
mindsdb/integrations/handlers/langchain_handler/langchain_handler.py,37.39
mindsdb/integrations/handlers/langchain_handler/requirements.txt,29.63
mindsdb/integrations/handlers/langchain_handler/setup.py,100.00
docs/nixtla/statsforecast.mdx,99.35
docs/data-integrations/Couchbase.mdx,100.00
mindsdb/integrations/utilities/sql_utils.py,66.42
mindsdb/integrations/utilities/date_utils.py,73.03
mindsdb/integrations/handlers/email_handler/README.md,45.69
mindsdb/integrations/handlers/email_handler/__about__.py,90.00
mindsdb/integrations/handlers/email_handler/__init__.py,88.89
mindsdb/integrations/handlers/email_handler/email_handler.py,83.65
mindsdb/integrations/handlers/email_handler/icon.svg,100.00
mindsdb/integrations/handlers/email_handler/requirements.txt,42.86
docs/data-integrations/oracle.mdx,57.83
mindsdb/integrations/handlers/ignite_handler/__init__.py,92.31
mindsdb/integrations/handlers/ignite_handler/ignite_handler.py,90.14
mindsdb/integrations/handlers/binance_handler/README.md,98.39
mindsdb/integrations/handlers/binance_handler/__about__.py,90.00
mindsdb/integrations/handlers/binance_handler/__init__.py,100.00
mindsdb/integrations/handlers/binance_handler/binance_handler.py,96.27
mindsdb/integrations/handlers/binance_handler/binance_tables.py,99.43
mindsdb/integrations/handlers/binance_handler/icon.svg,50.00
mindsdb/integrations/handlers/binance_handler/requirements.txt,100.00
tests/handler_tests/test_binance_handler.py,97.37
mindsdb/api/mongo/utilities/mongodb_parser.py,100.00
mindsdb/api/mongo/utilities/mongodb_query.py,50.00
docs/data-integrations/twitter.mdx,79.78
docs/sql/tutorials/twitter-chatbot.mdx,59.54
docs/contribute/app-handlers.mdx,49.47
docs/data-integrations/MongoDB.mdx,100.00
docs/data-integrations/OrioleDB.mdx,97.67
docs/data-integrations/planet-scale.mdx,97.78
mindsdb/integrations/handlers/ignite_handler/requirements.txt,100.00
mindsdb/integrations/handlers/ignite_handler/__about__.py,90.00
mindsdb/integrations/handlers/ignite_handler/tests/test_ignite_handler.py,97.06
mindsdb/integrations/handlers/ignite_handler/README.md,93.33
mindsdb/integrations/handlers/nuo_jdbc_handler/README.md,97.92
mindsdb/integrations/handlers/nuo_jdbc_handler/__about__.py,90.00
mindsdb/integrations/handlers/nuo_jdbc_handler/__init__.py,85.71
mindsdb/integrations/handlers/nuo_jdbc_handler/nuo_jdbc_handler.py,97.65
mindsdb/integrations/handlers/nuo_jdbc_handler/requirements.txt,100.00
mindsdb/integrations/handlers/nuo_jdbc_handler/tests/test_nuo_handler.py,98.04
docs/data-integrations/Apache-Pinot.mdx,100.00
docs/data-integrations/Google-sheets.mdx,100.00
.github/workflows/learning_hub.yml,100.00
tests/integration_tests/flows/test_forecast_quaterly_house_tutorial.py,93.33
tests/integration_tests/flows/test_home_rental_prices_tutorial.py,76.47
tests/integration_tests/flows/test_predict_text_sentiment_huggingface_tutorial.py,93.46
tests/integration_tests/flows/test_predict_text_sentiment_openai_tutorial.py,68.00
.github/workflows/acceptance_tests.yml,47.50
docker/docker-compose-ci.yml,49.62
tests/integration_tests/flows/config/docker_config.json,89.29
docs/data-integrations/questdb.mdx,62.16
docs/tutorials/zero-shot-classification-postgresql.mdx,61.59
mindsdb/utilities/profiler.py,100.00
mindsdb/microservices_grpc/db/db_pb2.py,100.00
mindsdb/microservices_grpc/db/db_pb2.pyi,100.00
mindsdb/microservices_grpc/db/db_pb2_grpc.py,100.00
mindsdb/microservices_grpc/executor/executor_pb2_grpc.py,100.00
mindsdb/microservices_grpc/ml/ml_pb2.py,100.00
mindsdb/microservices_grpc/ml/ml_pb2.pyi,100.00
mindsdb/microservices_grpc/ml/ml_pb2_grpc.py,100.00
docs/data-integrations/oceanbase.mdx,61.04
docs/data-integrations/mysql.mdx,65.17
docs/data-integrations/amazon-s3.mdx,52.88
mindsdb/integrations/handlers/altibase_handler/__init__.py,89.66
docs/data-integrations/singlestore.mdx,49.35
docs/data-integrations/Airtable.mdx,95.12
docs/data-integrations/solr.mdx,98.18
docs/data-integrations/MonetDB.mdx,97.73
mindsdb/api/common/check_auth.py,90.62
mindsdb/api/common/classes/sql_answer.py,100.00
mindsdb/api/common/executor/executor.py,100.00
mindsdb/api/common/executor/executor_commands.py,100.00
mindsdb/api/common/executor/executor_service.py,100.00
mindsdb/api/common/executor/executor_wrapper.py,100.00
mindsdb/api/common/external_libs/__init__.py,100.00
mindsdb/api/common/libs/__init__.py,100.00
mindsdb/api/common/libs/constants/__init__.py,100.00
mindsdb/api/postgres/README.md,100.00
mindsdb/api/postgres/postgres_proxy/postgres_packets/errors.py,100.00
mindsdb/api/postgres/postgres_proxy/utilities/__init__.py,100.00
mindsdb/integrations/handlers/altibase_handler/altibase_handler.py,79.95
mindsdb/integrations/handlers/sqreamdb_handler/Manual_QA.md,100.00
mindsdb/integrations/handlers/sqreamdb_handler/README.md,100.00
mindsdb/integrations/handlers/sqreamdb_handler/__about__.py,90.00
mindsdb/integrations/handlers/sqreamdb_handler/__init__.py,85.71
mindsdb/integrations/handlers/sqreamdb_handler/requirements.txt,100.00
mindsdb/integrations/handlers/sqreamdb_handler/sqreamdb_handler.py,96.71
mindsdb/integrations/handlers/sqreamdb_handler/tests/test_sqreamdb_handler.py,97.83
mindsdb/integrations/handlers/sheets_handler/MANUAL_QA.md,100.00
docs/data-integrations/PostgreSQL.mdx,100.00
mindsdb/integrations/handlers/altibase_handler/__about__.py,81.82
mssql.mdx,100.00
docs/tutorials/mindsdb-huggingface-tutorial.mdx,71.70
docs/data-integrations/scylladb.mdx,63.89
mindsdb/integrations/empress_handler/requirements.txt,100.00
mindsdb/integrations/handlers/empress_handler/Manual_QA.md,100.00
mindsdb/integrations/handlers/empress_handler/README.md,100.00
mindsdb/integrations/handlers/empress_handler/__about__.py,90.00
mindsdb/integrations/handlers/empress_handler/__init__.py,89.29
mindsdb/integrations/handlers/empress_handler/empress_handler.py,97.27
mindsdb/integrations/handlers/empress_handler/tests/test_empress_handler.py,50.00
docs/data-integrations/supabase.mdx,59.15
docs/data-integrations/OpenGauss.mdx,100.00
docs/data-integrations/matrixone.mdx,53.33
docs/tutorials/sentiment-analysis-of-movie-reviews.mdx,100.00
docs/app-integrations/twitter.mdx,80.95
tests/unit/ml_handlers/AirPanel.csv,100.00
docs/data-integrations/TiDB.mdx,100.00
docs/data-integrations/SQLite.mdx,100.00
mindsdb/integrations/handlers/altibase_handler/README.md,60.00
mindsdb/integrations/handlers/altibase_handler/requirements.txt,66.67
mindsdb/integrations/handlers/altibase_handler/tests/test_altibase_handler.py,90.14
mindsdb/integrations/handlers/empress_handler/icon.svg,100.00
Vertica.mdx,100.00
docs/data-integrations/TrinoDB.mdx,100.00
mindsdb/integrations/handlers/autosklearn_handler/__init__.py,95.24
mindsdb/integrations/handlers/autosklearn_handler/autosklearn_handler.py,97.85
docs/data-integrations/Timescaledb.mdx,88.89
mindsdb/api/postgres/postgres_proxy/executor/__init__.py,100.00
mindsdb/api/postgres/postgres_proxy/executor/executor.py,89.40
docs/nixtla/house-sales-statsforecast.mdx,100.00
tests/handler_tests/test_openai_handler.py,75.60
tests/unit/ml_handlers/data/house_sales.csv,75.04
mindsdb/integrations/handlers/edgedb_handler/Manual_QA.md,100.00
mindsdb/integrations/handlers/edgedb_handler/requirements.txt,100.00
mindsdb/integrations/handlers/edgelessdb_handler/edgelessdb_handler.py,83.12
mindsdb/integrations/handlers/edgelessdb_handler/requirements.txt,50.00
mindsdb/integrations/handlers/autosklearn_handler/requirements.txt,42.86
mindsdb/integrations/handlers/autosklearn_handler/__about__.py,90.00
mindsdb/integrations/handlers/autosklearn_handler/setup.py,100.00
mindsdb/integrations/handlers/edgelessdb_handler/__about__.py,90.00
mindsdb/integrations/handlers/edgelessdb_handler/__init__.py,92.31
mindsdb/integrations/handlers/edgelessdb_handler/README.md,100.00
mindsdb/integrations/handlers/edgelessdb_handler/icon.svg,91.85
mindsdb/integrations/handlers/edgelessdb_handler/tests/test_edgelessdb_handler.py,98.51
mindsdb/integrations/handlers/edgedb_handler/icon.svg,100.00
mindsdb/integrations/handlers/ingres_handler/Manual_QA.md,100.00
mindsdb/integrations/handlers/ingres_handler/README.md,100.00
mindsdb/integrations/handlers/ingres_handler/__about__.py,95.00
mindsdb/integrations/handlers/ingres_handler/__init__.py,96.15
mindsdb/integrations/handlers/ingres_handler/icon.svg,88.89
mindsdb/integrations/handlers/ingres_handler/ingres_handler.py,72.10
mindsdb/integrations/handlers/ingres_handler/requirements.txt,66.67
mindsdb/integrations/handlers/ingres_handler/tests/test_ingres_handler.py,99.07
mindsdb/utilities/profiler/README.md,100.00
mindsdb/utilities/profiler/__init__.py,100.00
mindsdb/utilities/profiler/profiler.py,97.40
docs/tutorials/question_asnwering_openai_mongodb.md,99.83
docs/data-integrations/sql-anywhere.mdx,100.00
docs/data-integrations/Vitess.mdx,100.00
docs/data-integrations/Informix.mdx,96.43
docs/data-integrations/sap-hana.mdx,71.17
docs/data-integrations/starrocks.mdx,52.05
docs/data-integrations/d0lt.mdx,56.41
docs/data-integrations/yugabyte.mdx,100.00
docs/tutorials/multilingual_spam_tutorial.mdx,75.47
mindsdb/integrations/handlers/ingres_handler/ingres_sa_dialect,100.00
docs/data-integrations/tdengine.mdx,62.50
docs/data-integrations/teradata.mdx,71.90
tests/handler_tests/conftest.py,100.00
mindsdb/integrations/handlers/surrealdb_handler/requirements.txt,100.00
mindsdb/integrations/handlers/surrealdb_handler/surrealdb_handler.py,57.48
mindsdb/integrations/handlers/surrealdb_handler/__about__.py,90.00
mindsdb/integrations/handlers/surrealdb_handler/__init__.py,84.62
mindsdb/integrations/handlers/autosklearn_handler/config.py,100.00
mindsdb/integrations/handlers/github_handler/README.md,85.23
mindsdb/integrations/handlers/github_handler/__about__.py,90.00
mindsdb/integrations/handlers/github_handler/__init__.py,75.00
mindsdb/integrations/handlers/github_handler/github_handler.py,66.99
mindsdb/integrations/handlers/github_handler/github_tables.py,38.42
mindsdb/integrations/handlers/github_handler/icon.svg,90.91
mindsdb/integrations/handlers/github_handler/requirements.txt,100.00
mindsdb/integrations/handlers/surrealdb_handler/Manual_QA.md,70.91
mindsdb/integrations/handlers/surrealdb_handler/tests/test_surrealdb_handler.py,50.85
mindsdb/integrations/handlers/surrealdb_handler/utils/surreal_get_info.py,100.00
mindsdb/integrations/handlers/surrealdb_handler/README.md,60.00
tests/unit/ml_handlers/test_openai.py,56.93
mindsdb/integrations/handlers/monkeylearn_handler/__init__.py,48.78
mindsdb/integrations/handlers/monkeylearn_handler/__about__.py,47.37
mindsdb/integrations/handlers/monkeylearn_handler/monkeylearn_handler.py,64.02
mindsdb/integrations/handlers/monkeylearn_handler/requirements.txt,60.00
mindsdb/integrations/handlers/monkeylearn_handler/setup.py,50.00
mindsdb/integrations/handlers/huggingface_inference_handler/__init__.py,100.00
mindsdb/integrations/handlers/huggingface_inference_handler/huggingface_inference_handler.py,100.00
mindsdb/integrations/handlers/huggingface_inference_handler/config.yaml,100.00
mindsdb/integrations/handlers/huggingface_inference_handler/config_parser.py,100.00
mindsdb/integrations/handlers/ray_serve_handler/__about__.py,90.00
mindsdb/integrations/handlers/ray_serve_handler/__init__.py,80.95
mindsdb/integrations/handlers/ray_serve_handler/example.md,100.00
mindsdb/integrations/handlers/ray_serve_handler/ray_serve_handler.py,43.17
mindsdb/integrations/handlers/ray_serve_handler/requirements.txt,100.00
mindsdb/integrations/handlers/ray_serve_handler/setup.py,100.00
mindsdb/integrations/handlers/eventstoredb_handler/__about__.py,90.00
mindsdb/integrations/handlers/eventstoredb_handler/__init__.py,35.42
mindsdb/integrations/handlers/eventstoredb_handler/eventstoredb_handler.py,95.68
mindsdb/integrations/handlers/eventstoredb_handler/utils/helpers.py,100.00
mindsdb/utilities/hooks/send_profiling_results.py,100.00
mindsdb/utilities/hooks/profiling.py,76.19
mindsdb/integrations/handlers/huggingface_inference_handler/__about__.py,100.00
mindsdb/integrations/handlers/huggingface_inference_api_handler/__init__.py,100.00
mindsdb/integrations/handlers/huggingface_inference_api_handler/config.yaml,100.00
mindsdb/integrations/handlers/huggingface_inference_api_handler/config_parser.py,100.00
mindsdb/integrations/handlers/huggingface_inference_api_handler/huggingface_inference_api_handler.py,100.00
mindsdb/migrations/versions/2023-04-11_b8be148dbc85_jobs_history_query.py,100.00
mindsdb/integrations/handlers/huggingface_inference_api_handler/requirements.txt,100.00
mindsdb/integrations/handlers/huggingface_inference_api_handler/setup.py,100.00
mindsdb/api/http/gui.py,68.99
tests/api/http/projects_test.py,100.00
mindsdb/integrations/handlers/google_fit_handler/__about__.py,94.74
mindsdb/integrations/handlers/google_fit_handler/__init__.py,93.02
mindsdb/integrations/handlers/google_fit_handler/credentials.json,100.00
mindsdb/integrations/handlers/google_fit_handler/google_fit_handler.py,70.22
mindsdb/integrations/handlers/google_fit_handler/icon.svg,86.67
mindsdb/integrations/handlers/google_fit_handler/requirements.txt,60.00
mindsdb/integrations/handlers/google_fit_handler/test.py,100.00
mindsdb/integrations/handlers/plaid_handler/plaid_handler.py,98.43
mindsdb/integrations/handlers/plaid_handler/plaid_tables.py,99.63
mindsdb/integrations/handlers/plaid_handler/utils.py,100.00
mindsdb/integrations/handlers/plaid_handler/README.md,83.81
mindsdb/integrations/handlers/plaid_handler/requirements.txt,100.00
mindsdb/integrations/handlers/plaid_handler/icon.svg,75.00
mindsdb/integrations/handlers/plaid_handler/__init__.py,100.00
mindsdb/integrations/handlers/plaid_handler/__about__.py,90.00
mindsdb/integrations/handlers/eventstoredb_handler/README.md,100.00
mindsdb/integrations/handlers/eventstoredb_handler/icon.svg,90.91
mindsdb/api/http/namespaces/configs/databases.py,100.00
mindsdb/api/http/namespaces/databases.py,46.82
tests/api/http/databases_test.py,97.71
mindsdb/integrations/handlers/reddit_handler/README.md,98.85
mindsdb/integrations/handlers/reddit_handler/__about__.py,90.00
mindsdb/integrations/handlers/reddit_handler/__init__.py,100.00
mindsdb/integrations/handlers/reddit_handler/icon.svg,52.63
mindsdb/integrations/handlers/reddit_handler/reddit_handler.py,98.69
mindsdb/integrations/handlers/reddit_handler/requirements.txt,100.00
mindsdb/integrations/handlers/reddit_handler/setup.py,100.00
mindsdb/integrations/handlers/hackernews_handler/README.md,85.43
mindsdb/integrations/handlers/hackernews_handler/__about__.py,94.74
mindsdb/integrations/handlers/hackernews_handler/__init__.py,97.67
mindsdb/integrations/handlers/hackernews_handler/hn_handler.py,81.74
mindsdb/integrations/handlers/hackernews_handler/icon.svg,70.00
mindsdb/integrations/handlers/newsapi_handler/README.md,82.95
mindsdb/integrations/handlers/newsapi_handler/__about__.py,96.55
mindsdb/integrations/handlers/newsapi_handler/__init__.py,60.78
mindsdb/integrations/handlers/newsapi_handler/news_api_handler.py,100.00
mindsdb/integrations/handlers/newsapi_handler/requirements.txt,100.00
docs/sql/create/project.mdx,81.48
mindsdb/integrations/handlers/huggingface_api_handler/__about__.py,80.00
mindsdb/integrations/handlers/huggingface_api_handler/__init__.py,80.00
mindsdb/integrations/handlers/huggingface_api_handler/huggingface_api_handler.py,45.07
mindsdb/integrations/handlers/huggingface_api_handler/requirements.txt,100.00
mindsdb/integrations/handlers/huggingface_api_handler/setup.py,100.00
mindsdb/integrations/handlers/confluence_handler/README.md,46.15
mindsdb/integrations/handlers/confluence_handler/__about__.py,90.00
mindsdb/integrations/handlers/confluence_handler/__init__.py,89.19
mindsdb/integrations/handlers/confluence_handler/confluence_handler.py,52.53
mindsdb/integrations/handlers/confluence_handler/confluence_table.py,59.22
mindsdb/integrations/handlers/confluence_handler/requirements.txt,100.00
docs/sql/create/model.mdx,66.67
docs/sql/api/finetune.mdx,68.50
tests/integration_tests/flows/test_ts_predictions.py,98.47
docs/tutorials/sentiment-analysis-on-french-tweets-using-mysql.mdx,98.73
mindsdb/integrations/handlers/gitlab_handler/__about__.py,94.74
mindsdb/integrations/handlers/gitlab_handler/__init__.py,100.00
mindsdb/integrations/handlers/gitlab_handler/gitlab_handler.py,93.37
mindsdb/integrations/handlers/gitlab_handler/gitlab_tables.py,98.76
mindsdb/integrations/handlers/gitlab_handler/icon.svg,75.00
mindsdb/integrations/handlers/gitlab_handler/requirements.txt,100.00
mindsdb/integrations/handlers/jira_handler/jira_table.py,75.23
tests/api/http/views_test.py,100.00
mindsdb/integrations/handlers/langchain_handler/mindsdb_database_agent.py,84.81
mindsdb/integrations/handlers/google_calendar_handler/Manual_QA.md,100.00
mindsdb/integrations/handlers/google_calendar_handler/README.md,86.71
mindsdb/integrations/handlers/google_calendar_handler/__about__.py,90.00
mindsdb/integrations/handlers/google_calendar_handler/__init__.py,74.07
mindsdb/integrations/handlers/google_calendar_handler/google_calendar_handler.py,68.19
mindsdb/integrations/handlers/google_calendar_handler/google_calendar_tables.py,86.10
mindsdb/integrations/handlers/google_calendar_handler/icon.svg,90.91
mindsdb/integrations/handlers/google_calendar_handler/requirements.txt,80.00
mindsdb/integrations/handlers/google_calendar_handler/tests/test_google_calendar_handler.py,99.17
mindsdb/integrations/handlers/influxdb_handler/README.md,81.03
mindsdb/integrations/handlers/influxdb_handler/__about__.py,90.00
mindsdb/integrations/handlers/influxdb_handler/__init__.py,97.06
mindsdb/integrations/handlers/influxdb_handler/influxdb_handler.py,69.70
mindsdb/integrations/handlers/influxdb_handler/influxdb_tables.py,60.26
mindsdb/integrations/handlers/influxdb_handler/requirements.txt,100.00
mindsdb/integrations/handlers/reddit_handler/reddit_tables.py,99.49
mindsdb/integrations/handlers/hackernews_handler/hn_table.py,71.14
mindsdb/integrations/handlers/gitlab_handler/README.md,80.60
mindsdb/integrations/handlers/newsapi_handler/Manual_QA.md,100.00
mindsdb/integrations/handlers/newsapi_handler/newsapi_handler.py,62.97
mindsdb/integrations/handlers/quickbooks_handler/README.md,100.00
mindsdb/integrations/handlers/quickbooks_handler/__about__.py,96.00
mindsdb/integrations/handlers/quickbooks_handler/__init__.py,100.00
mindsdb/integrations/handlers/quickbooks_handler/icon.svg,56.00
mindsdb/integrations/handlers/quickbooks_handler/quickbooks_handler.py,98.71
mindsdb/integrations/handlers/quickbooks_handler/quickbooks_table.py,99.90
mindsdb/integrations/handlers/newsapi_handler/tests/test_newsapi_handler.py,99.58
mindsdb/integrations/handlers/strava_handler/Readme.md,92.68
mindsdb/integrations/handlers/strava_handler/__about__.py,94.74
mindsdb/integrations/handlers/strava_handler/__init__.py,98.41
mindsdb/integrations/handlers/strava_handler/requirements.txt,100.00
mindsdb/integrations/handlers/strava_handler/strava_handler.py,98.46
mindsdb/integrations/handlers/strava_handler/strava_tables.py,99.47
mindsdb/integrations/handlers/quickbooks_handler/requirements.txt,100.00
mindsdb/integrations/handlers/huggingface_api_handler/README.md,47.03
mindsdb/integrations/handlers/huggingface_api_handler/tests/test_huggingface_api_handler.py,100.00
mindsdb/integrations/handlers/sendinblue_handler/__init__.py,100.00
mindsdb/integrations/handlers/sendinblue_handler/sendinblue_handler.py,98.21
mindsdb/integrations/handlers/sendinblue_handler/sendinblue_tables.py,47.38
mindsdb/integrations/handlers/sendinblue_handler/requirements.txt,100.00
mindsdb/integrations/handlers/sendinblue_handler/__about__.py,94.74
mindsdb/integrations/handlers/google_fit_handler/google_fit_tables.py,86.79
mindsdb/integrations/handlers/google_books_handler/Manual_QA.md,100.00
mindsdb/integrations/handlers/google_books_handler/README.md,100.00
mindsdb/integrations/handlers/google_books_handler/__about__.py,94.74
mindsdb/integrations/handlers/google_books_handler/__init__.py,100.00
mindsdb/integrations/handlers/google_books_handler/google_books_handler.py,99.42
mindsdb/integrations/handlers/google_books_handler/google_books_tables.py,99.73
mindsdb/integrations/handlers/google_books_handler/icon.svg,87.80
mindsdb/integrations/handlers/google_books_handler/requirements.txt,100.00
mindsdb/integrations/handlers/slack_handler/README.md,43.38
mindsdb/integrations/handlers/slack_handler/__about__.py,47.83
mindsdb/integrations/handlers/slack_handler/__init__.py,51.72
mindsdb/integrations/handlers/slack_handler/icon.svg,86.67
mindsdb/integrations/handlers/slack_handler/requirements.txt,57.14
mindsdb/integrations/handlers/slack_handler/slack_handler.py,28.82
mindsdb/integrations/handlers/slack_handler/tests/test_slack_handler.py,100.00
tests/api/http/tables_test.py,99.57
mindsdb/integrations/handlers/google_books_handler/tests/test_google_books_handler.py,98.82
docs/data-integrations/airtable.mdx,87.72
docs/data-integrations/amazon-dynamodb.mdx,84.62
docs/data-integrations/apache-cassandra.mdx,85.19
docs/data-integrations/apache-druid.mdx,86.27
docs/data-integrations/apache-hive.mdx,90.32
docs/data-integrations/apache-impala.mdx,84.62
docs/data-integrations/apache-pinot.mdx,74.14
docs/data-integrations/apache-solr.mdx,82.28
docs/data-integrations/cloud-spanner.mdx,85.19
docs/data-integrations/couchbase.mdx,75.44
docs/data-integrations/datastax.mdx,89.13
docs/data-integrations/duckdb.mdx,81.48
docs/data-integrations/firebird.mdx,80.77
docs/data-integrations/google-bigquery.mdx,65.77
docs/data-integrations/ibm-db2.mdx,90.20
docs/data-integrations/ibm-informix.mdx,97.04
docs/data-integrations/microsoft-sql-server.mdx,91.67
docs/data-integrations/monetdb.mdx,92.00
docs/data-integrations/mongodb.mdx,90.80
docs/data-integrations/opengauss.mdx,91.84
docs/data-integrations/orioledb.mdx,92.00
docs/data-integrations/planetscale.mdx,91.67
docs/data-integrations/postgresql.mdx,49.43
docs/data-integrations/sap-sql-anywhere.mdx,94.81
docs/data-integrations/snowflake.mdx,50.00
docs/data-integrations/sqlite.mdx,90.00
docs/data-integrations/tidb.mdx,91.67
docs/data-integrations/timescaledb.mdx,90.20
docs/data-integrations/trino.mdx,93.22
docs/data-integrations/vertica.mdx,92.00
docs/data-integrations/vitess.mdx,91.84
docs/data-integrations/yugabytedb.mdx,59.76
docs/sql/create/database.mdx,88.10
docs/sql/drop/database.mdx,36.17
docs/sql/drop/jobs.mdx,44.90
docs/sql/drop/ml-engine.mdx,56.67
docs/sql/drop/model.mdx,95.18
docs/sql/drop/project.mdx,56.67
docs/sql/drop/table.mdx,60.98
docs/sql/drop/view.mdx,56.67
mindsdb/integrations/handlers/google_search_handler/Manual_QA.md,100.00
mindsdb/integrations/handlers/google_search_handler/README.md,100.00
mindsdb/integrations/handlers/google_search_handler/__about__.py,94.74
mindsdb/integrations/handlers/google_search_handler/__init__.py,96.30
mindsdb/integrations/handlers/google_search_handler/google_search_handler.py,99.36
mindsdb/integrations/handlers/google_search_handler/google_search_tables.py,99.77
mindsdb/integrations/handlers/google_search_handler/icon.svg,89.62
mindsdb/integrations/handlers/google_search_handler/requirements.txt,100.00
mindsdb/integrations/handlers/google_search_handler/tests/test_google_search_handler.py,99.15
mindsdb/integrations/handlers/google_content_shopping_handler/README.md,100.00
mindsdb/integrations/handlers/google_content_shopping_handler/__about__.py,94.74
mindsdb/integrations/handlers/google_content_shopping_handler/__init__.py,94.55
mindsdb/integrations/handlers/google_content_shopping_handler/google_content_shopping_handler.py,99.53
mindsdb/integrations/handlers/google_content_shopping_handler/google_content_shopping_tables.py,99.89
mindsdb/integrations/handlers/google_content_shopping_handler/requirements.txt,100.00
mindsdb/integrations/handlers/google_content_shopping_handler/tests/test_google_content_shopping_handler.py,99.27
mindsdb/api/http/namespaces/models.py,91.67
mindsdb/api/http/namespaces/views.py,91.61
tests/api/http/models_test.py,99.77
mindsdb/integrations/handlers/gmail_handler/README.md,39.13
mindsdb/integrations/handlers/gmail_handler/__about__.py,47.62
mindsdb/integrations/handlers/gmail_handler/__init__.py,44.68
mindsdb/integrations/handlers/gmail_handler/gmail_handler.py,36.88
mindsdb/integrations/handlers/gmail_handler/icon.svg,48.15
mindsdb/integrations/handlers/gmail_handler/requirements.txt,44.44
mindsdb/integrations/handlers/youtube_handler/README.md,76.06
mindsdb/integrations/handlers/youtube_handler/__about__.py,94.74
mindsdb/integrations/handlers/youtube_handler/__init__.py,95.65
mindsdb/integrations/handlers/youtube_handler/requirements.txt,40.00
mindsdb/integrations/handlers/youtube_handler/youtube_handler.py,67.52
mindsdb/integrations/handlers/youtube_handler/youtube_tables.py,34.60
mindsdb/integrations/handlers/slack_handler/tests/test_slack.py,85.71
docs/app-integrations/confluence.mdx,100.00
docs/app-integrations/google-calendar.mdx,72.95
docs/app-integrations/plaid.mdx,100.00
docs/app-integrations/reddit.mdx,100.00
docs/data-integrations/influxdb.mdx,95.83
docs/rest/projects/get-project.mdx,92.31
mindsdb/integrations/handlers/sendinblue_handler/README.md,100.00
mindsdb/integrations/handlers/lightfm_handler/__about__.py,96.30
mindsdb/integrations/handlers/lightfm_handler/__init__.py,92.31
mindsdb/integrations/handlers/lightfm_handler/helpers.py,100.00
mindsdb/integrations/handlers/lightfm_handler/lightfm_handler.py,91.88
mindsdb/integrations/handlers/lightfm_handler/requirements.txt,100.00
mindsdb/integrations/handlers/lightfm_handler/setup.py,100.00
tests/unit/ml_handlers/test_lightfm.py,99.53
mindsdb/integrations/handlers/maxdb_handler/__init__.py,94.12
mindsdb/integrations/handlers/maxdb_handler/__about__.py,94.74
mindsdb/integrations/handlers/maxdb_handler/maxdb_handler.py,98.46
mindsdb/integrations/handlers/maxdb_handler/Manual_QA.md,100.00
mindsdb/integrations/handlers/maxdb_handler/requirements.txt,100.00
docs/rest/tables/list-tables.mdx,85.71
mindsdb/integrations/handlers/google_fit_handler/README.md,100.00
tests/unit/ml_handlers/data/movies.csv,100.00
tests/unit/ml_handlers/data/ratings.csv,100.00
mindsdb/integrations/handlers/maxdb_handler/tests/test_maxdb_handler.py,99.10
mindsdb/integrations/handlers/maxdb_handler/README.md,100.00
mindsdb/integrations/handlers/shopify_handler/__init__.py,50.91
mindsdb/integrations/handlers/shopify_handler/shopify_handler.py,38.46
mindsdb/integrations/handlers/shopify_handler/shopify_tables.py,30.94
docs/tutorials/Forecast Uber Stock Prices using MindsDB.mdx,100.00
mindsdb/integrations/handlers/postgres_handler/Postgres_QATesting.mdx,100.00
docs/ml-engines/automl/autosklearn.mdx,100.00
mindsdb/integrations/handlers/rocket_chat_handler/README.md,49.56
mindsdb/integrations/handlers/rocket_chat_handler/__about__.py,47.37
mindsdb/integrations/handlers/rocket_chat_handler/__init__.py,50.00
mindsdb/integrations/handlers/rocket_chat_handler/icon.svg,75.00
mindsdb/integrations/handlers/rocket_chat_handler/requirements.txt,100.00
mindsdb/integrations/handlers/rocket_chat_handler/rocket_chat_client.py,50.00
mindsdb/integrations/handlers/rocket_chat_handler/rocket_chat_handler.py,40.18
mindsdb/integrations/handlers/rocket_chat_handler/rocket_chat_tables.py,48.55
tests/handler_tests/test_rocket_chat_handler.py,38.79
docs/custom-model/langchain.mdx,92.00
docs/nixtla/neuralforecast.mdx,100.00
docs/custom-model/byom.mdx,91.67
mindsdb/integrations/handlers/gmail_handler/tests/test_gmail_handler.py,46.73
tests/handler_tests/test_gmail_handler.py,81.59
mindsdb/integrations/handlers/popularity_rec_handler/__about__.py,100.00
mindsdb/integrations/handlers/popularity_rec_handler/__init__.py,100.00
mindsdb/integrations/handlers/popularity_rec_handler/popularity_rec_handler.py,100.00
mindsdb/integrations/handlers/popularity_rec_handler/requirements.txt,100.00
mindsdb/integrations/handlers/popularity_rec_handler/setup.py,100.00
mindsdb/integrations/handlers/popularity_rec_handler/test_data.py,100.00
tests/unit/ml_handlers/conftest.py,100.00
tests/unit/ml_handlers/test_popularity_rec.py,100.00
docs/custom-model/merlion.mdx,100.00
mindsdb/integrations/handlers/popularity_recommender_handler/__about__.py,88.89
mindsdb/integrations/handlers/popularity_recommender_handler/__init__.py,73.68
mindsdb/integrations/handlers/popularity_recommender_handler/popularity_recommender_handler.py,97.27
mindsdb/integrations/handlers/popularity_recommender_handler/setup.py,100.00
docs/ml-engines/automl/autokeras.mdx,100.00
mindsdb/integrations/handlers/flaml_handler/Manual_QA.md,50.00
mindsdb/integrations/handlers/flaml_handler/README.md,50.49
mindsdb/integrations/handlers/flaml_handler/__about__.py,47.37
mindsdb/integrations/handlers/flaml_handler/__init__.py,46.15
mindsdb/integrations/handlers/flaml_handler/example.md,50.60
mindsdb/integrations/handlers/flaml_handler/flaml_handler.py,52.46
mindsdb/integrations/handlers/flaml_handler/requirements.txt,20.00
mindsdb/integrations/handlers/flaml_handler/setup.py,50.00
tests/unit/ml_handlers/test_popularity_recommender.py,96.84
mindsdb/integrations/handlers/shopify_handler/requirements.txt,50.00
mindsdb/integrations/handlers/shopify_handler/__about__.py,47.37
mindsdb/integrations/handlers/tiktok_handler/README.md,100.00
mindsdb/integrations/handlers/tiktok_handler/tiktok_handler.py,100.00
mindsdb/integrations/handlers/shopify_handler/utils.py,100.00
mindsdb/integrations/handlers/shopify_handler/README.md,29.34
docs/manual-qa/template.mdx,46.48
docs/manual-qa/customer_churn_tutorial_test.mdx,50.00
docs/manual-qa/sentiment_analysis_tutorial_test.mdx,50.00
docs/manual-qa/text_summarization_tutorial_test.mdx,50.00
docs/manual-qa/openai_qa_with_context_tutorial_test.mdx,50.00
docs/manual-qa/hf_eng_to_fr_tutorial_test.mdx,50.00
docs/temp-python-sdk.mdx,50.00
docs/sdk/javascript_sdk.mdx,100.00
docs/sdk/python_sdk.mdx,100.00
docs/setup/cloud-pro.mdx,48.48
docs/setup/cloud-starter.mdx,48.60
docs/tutorials_mindsdb_no_sql.mdx,47.62
docs/tutorials_mindsdb_sql.mdx,47.62
docs/manual-qa/hf_crypto_buy_signals_tutorial_test.mdx,50.00
docs/manual-qa/hf_industry_tutorial_test.mdx,50.00
docs/manual-qa/hf_hate_speech_tutorial_test.mdx,50.00
docs/sdk/javascript-sdk.mdx,60.56
docs/sdk/python-sdk.mdx,55.66
docs/manual-qa/openai_prompt_completion_with_parameters_at_creation_tutorial_test.mdx,50.00
mindsdb/interfaces/chatbot/chatbot_controller.py,46.39
mindsdb/interfaces/chatbot/chatbot_task.py,84.01
docs/manual-qa/hf_spam_tutorial_test.mdx,50.00
docs/manual-qa/quickstart_tutorial_test.mdx,50.00
mindsdb/integrations/handlers/monkeylearn_handler/README.md,50.88
mindsdb/integrations/handlers/frappe_handler/README.md,51.46
mindsdb/integrations/handlers/frappe_handler/__about__.py,47.37
mindsdb/integrations/handlers/frappe_handler/__init__.py,50.00
mindsdb/integrations/handlers/frappe_handler/frappe_client.py,50.88
mindsdb/integrations/handlers/frappe_handler/frappe_handler.py,38.85
mindsdb/integrations/handlers/frappe_handler/frappe_tables.py,50.30
mindsdb/integrations/handlers/frappe_handler/icon.svg,34.38
docs/sql/drop/file.mdx,51.85
docs/manual-qa/openai_sentiment_classification_tutorial_test.mdx,50.00
docs/manual-qa/hf_sum_google_pegasus_tutorial_test.mdx,50.00
docs/house_sales_tutorial_test.mdx,50.00
docs/manual-qa/openai_qa_without_context_tutorial_test.mdx,50.00
mindsdb/integrations/handlers/stripe_handler/__init__.py,50.91
mindsdb/integrations/handlers/stripe_handler/stripe_handler.py,48.83
mindsdb/integrations/handlers/stripe_handler/stripe_tables.py,24.27
mindsdb/integrations/handlers/stripe_handler/requirements.txt,50.00
mindsdb/integrations/handlers/stripe_handler/__about__.py,47.37
docs/mongo/ml_engine.mdx,50.00
mindsdb/interfaces/chatbot/chatbot_monitor.py,82.46
mindsdb/migrations/versions/2023-05-18_aaecd7012a78_chatbot.py,100.00
mindsdb/integrations/handlers/cohere_handler/__init__.py,48.08
mindsdb/integrations/handlers/cohere_handler/__about__.py,47.37
mindsdb/integrations/handlers/cohere_handler/cohere_handler.py,48.20
mindsdb/integrations/handlers/cohere_handler/requirements.txt,66.67
mindsdb/integrations/handlers/cohere_handler/README.md,33.58
mindsdb/integrations/handlers/cohere_handler/setup.py,50.00
mindsdb/integrations/handlers/stripe_handler/utils.py,100.00
docs/manual-qa/hf_zsc_bart_tutorial_test.mdx,50.00
mindsdb/integrations/handlers/stripe_handler/query_handlers/select_query_handlers.py,50.57
mindsdb/integrations/handlers/stripe_handler/README.md,37.01
mindsdb/integrations/handlers/paypal_handler/__init__.py,50.91
mindsdb/integrations/handlers/paypal_handler/paypal_handler.py,37.11
mindsdb/integrations/handlers/paypal_handler/paypal_tables.py,22.50
docs/manual-qa/openai_prompt_completion_with_parameters_at_prediction_tutorial_test.mdx,50.00
docs/manual-qa/question_answering_tutorial_test.mdx,50.00
mindsdb/integrations/handlers/paypal_handler/__about__.py,47.37
mindsdb/integrations/handlers/paypal_handler/requirements.txt,50.00
mindsdb/integrations/handlers/paypal_handler/query_handlers/select_query_handlers.py,100.00
mindsdb/integrations/handlers/paypal_handler/README.md,33.87
mindsdb/integrations/libs/learn_process.py,98.01
docs/faqs/whitelist-ips.mdx,53.85
mindsdb/migrations/versions/2023-05-24_6d748f2c7b0b_remove_streams.py,50.00
mindsdb/integrations/handlers/utilities/query_utilities/__init__.py,83.33
mindsdb/integrations/handlers/utilities/query_utilities/select_query_utilities.py,91.49
docs/manual-qa/hf_emotions_tutorial_test.mdx,50.00
mindsdb/integrations/handlers/llama_index_handler/__about__.py,25.71
mindsdb/integrations/handlers/llama_index_handler/__init__.py,37.70
mindsdb/integrations/handlers/llama_index_handler/llama_index_handler.py,20.71
mindsdb/integrations/handlers/llama_index_handler/setup.py,50.00
mindsdb/integrations/handlers/llama_index_handler/README.md,22.15
docs/app-integrations/gmail.mdx,75.48
docs/connect/postgres-client.mdx,50.40
mindsdb/integrations/handlers/llama_index_handler/requirements.txt,17.86
docs/sql/tutorials/image-generator.mdx,46.33
mindsdb/integrations/handlers/writer_handler/__about__.py,94.44
mindsdb/integrations/handlers/writer_handler/__init__.py,95.45
mindsdb/integrations/handlers/writer_handler/ingest.py,51.61
mindsdb/integrations/handlers/writer_handler/question_answer.py,100.00
mindsdb/integrations/handlers/writer_handler/requirements.txt,65.62
mindsdb/integrations/handlers/writer_handler/settings.py,50.10
mindsdb/integrations/handlers/writer_handler/setup.py,100.00
mindsdb/integrations/handlers/writer_handler/writer_handler.py,62.32
tests/unit/ml_handlers/test_writer.py,63.20
mindsdb/integrations/handlers/writer_handler/prompt-template,100.00
docs/faqs/persist-predictions.mdx,50.63
mindsdb/integrations/handlers/mariadb_handler/README.md,64.64
mindsdb/integrations/handlers/mysql_handler/README.md,35.55
mindsdb/integrations/handlers/singlestore_handler/README.md,50.00
docs/manual-qa/hf_question_detection_tutorial_test.mdx,50.00
mindsdb/migrations/versions/2023-05-31_aaecd7012a78_chatbot.py,50.00
docs/manual-qa/hf_esg6_tutorial_test.mdx,100.00
mindsdb/integrations/handlers/mendeley_handler/__about__.py,90.91
mindsdb/integrations/handlers/mendeley_handler/__init__.py,100.00
mindsdb/integrations/handlers/mendeley_handler/requirements.txt,100.00
mindsdb/integrations/handlers/mendeley_handler/mendeley_handler.py,97.89
mindsdb/integrations/handlers/mendeley_handler/mendeley_tables.py,99.51
mindsdb/integrations/handlers/mendeley_handler/tests/test_mendeley_handler.py,99.12
mindsdb/integrations/handlers/mendeley_handler/README.md,100.00
requirements/requirements-grpc.txt,25.00
requirements/requirements-telemetry.txt,50.00
requirements/requirements.txt,33.52
requirements_dev.txt,100.00
mindsdb/integrations/handlers/utilities/query_utilities/insert_query_utilities.py,100.00
mindsdb/integrations/handlers/utilities/query_utilities/exceptions.py,100.00
docs/manual-qa/hf_sentiment_tutorial_test.mdx,50.00
docs/manual-qa/home_rentals_tutorial_test.mdx,50.00
docs/manual-qa/hf_sentiment_finance_tutorial_test.mdx,50.00
Pipfile,100.00
config.json,100.00
mindsdb/integrations/handlers/urls_handler/__about__.py,100.00
mindsdb/integrations/handlers/urls_handler/__init__.py,83.33
mindsdb/integrations/handlers/urls_handler/requirements.txt,100.00
mindsdb/integrations/handlers/urls_handler/urlcrawl_helpers.py,100.00
mindsdb/integrations/handlers/urls_handler/urls_handler.py,100.00
mindsdb/integrations/handlers/web_handler/README.md,39.34
mindsdb/integrations/handlers/web_handler/__about__.py,50.00
mindsdb/integrations/handlers/web_handler/__init__.py,50.00
mindsdb/integrations/handlers/web_handler/requirements.txt,33.33
mindsdb/integrations/handlers/web_handler/urlcrawl_helpers.py,30.02
mindsdb/integrations/handlers/web_handler/web_handler.py,45.53
mindsdb/integrations/handlers/huggingface_api_handler/Manual_QA.md,100.00
docs/app-integrations/github.mdx,100.00
mindsdb/integrations/handlers/mendeley_handler/icon.svg,73.91
mindsdb/interfaces/chatbot/__init__.py,100.00
docs/manual-qa/house_sales_statsforecast_tutorial_test.mdx,100.00
docs/manual-qa/hf_toxicity_tutorial_test.mdx,100.00
SECURITY.md,100.00
docs/manual-qa/hf_esg26_tutorial_test.mdx,100.00
docs/manual-qa/hf_esg_26_tutorial_test.mdx,100.00
mindsdb/integrations/handlers/realtime_slack_chat_handler/realtime_slack_chat_handler.py,97.83
mindsdb/integrations/handlers/realtime_slack_chat_handler/requirements.txt,100.00
mindsdb/integrations/libs/realtime_chat_handler.py,100.00
mindsdb/interfaces/chatbot/chatbot_message.py,100.00
mindsdb/interfaces/chatbot/chatbot_response.py,100.00
mindsdb/interfaces/chatbot/chatbot_thread.py,90.00
mindsdb/interfaces/chatbot/realtime_chat_handler_factory.py,100.00
mindsdb/interfaces/chatbot/realtime_chatbot_task.py,100.00
mindsdb/interfaces/chatbot/realtime_chatbot_thread.py,100.00
mindsdb/migrations/versions/2023-06-16_9d6271bb2c38_update_chat_bots_table.py,100.00
mindsdb/migrations/versions/2023-06-19_b5bf593ba659_create_chat_bots_history_table.py,100.00
docs/data-integrations/amazon-aurora.mdx,98.78
mindsdb/integrations/handlers/mediawiki_handler/__init__.py,100.00
mindsdb/integrations/handlers/mediawiki_handler/mediawiki_handler.py,95.83
mindsdb/integrations/handlers/mediawiki_handler/mediawiki_tables.py,97.48
mindsdb/integrations/handlers/tripadvisor_handler/README.md,100.00
mindsdb/integrations/handlers/tripadvisor_handler/tripadvisor_handler.py,99.35
mindsdb/integrations/handlers/tripadvisor_handler/tripadvisor_table.py,99.32
mindsdb/integrations/handlers/tripadvisor_handler/tripadvisor_api.py,99.38
mindsdb/api/http/namespaces/chatbots.py,60.95
mindsdb/api/http/namespaces/configs/chatbots.py,100.00
tests/api/http/chatbots_test.py,99.82
mindsdb/integrations/handlers/mediawiki_handler/requirements.txt,100.00
mindsdb/integrations/handlers/mediawiki_handler/__about__.py,90.00
mindsdb/integrations/handlers/mediawiki_handler/README.md,100.00
docs/tutorials/Date Fruit Classification using MindsDB and MongoDB.mdx,100.00
docs/rest/usage.mdx,100.00
mindsdb/integrations/handlers/lightfm_handler/settings.py,100.00
docs/tutorials/salary_prediction.mdx,99.31
docs/tutorials/sentiment-analysis-intercom-data-airbyte.mdx,86.73
mindsdb/migrations/versions/2023-06-27_607709e1615b_update_project_names.py,95.24
mindsdb/integrations/handlers/openstreetmap_handler/__about__.py,91.67
mindsdb/integrations/handlers/openstreetmap_handler/__init__.py,100.00
mindsdb/integrations/handlers/openstreetmap_handler/icon.svg,69.23
mindsdb/integrations/handlers/openstreetmap_handler/openstreetmap_handler.py,94.62
mindsdb/integrations/handlers/openstreetmap_handler/openstreetmap_tables.py,49.20
docs/sql/api/delete.mdx,100.00
mindsdb/integrations/handlers/email_handler/email_helpers.py,75.00
mindsdb/integrations/handlers/openstreetmap_handler/README.md,98.31
mindsdb/integrations/handlers/openstreetmap_handler/requirements.txt,100.00
mindsdb/integrations/handlers/webz_handler/README.md,100.00
mindsdb/integrations/handlers/webz_handler/__about__.py,94.44
mindsdb/integrations/handlers/webz_handler/__init__.py,100.00
mindsdb/integrations/handlers/webz_handler/icon.svg,66.67
mindsdb/integrations/handlers/webz_handler/requirements.txt,100.00
mindsdb/integrations/handlers/webz_handler/webz_handler.py,97.90
mindsdb/integrations/handlers/webz_handler/webz_tables.py,99.72
docs/mindsdb-gui.mdx,96.58
docs/data-sources-overview.mdx,100.00
docs/mindsdb-mongo-ql-overview.mdx,100.00
docs/mindsdb-sql-overview.mdx,99.06
docs/ml-engines-overview.mdx,100.00
mindsdb/interfaces/chatbot/chatbot_executor.py,64.02
mindsdb/interfaces/chatbot/memory.py,65.97
mindsdb/interfaces/chatbot/model_executor.py,82.81
mindsdb/interfaces/chatbot/polling.py,55.72
mindsdb/interfaces/chatbot/types.py,100.00
mindsdb/integrations/handlers/huggingface_api_handler/exceptions.py,100.00
mindsdb/integrations/handlers/replicate_handler/Manual_QA.md,100.00
mindsdb/integrations/handlers/replicate_handler/README.md,80.33
mindsdb/integrations/handlers/replicate_handler/__about__.py,90.00
mindsdb/integrations/handlers/replicate_handler/__init__.py,85.71
mindsdb/integrations/handlers/replicate_handler/example.md,100.00
mindsdb/integrations/handlers/replicate_handler/replicate_handler.py,98.87
mindsdb/integrations/handlers/replicate_handler/requirements.txt,100.00
mindsdb/integrations/handlers/replicate_handler/setup.py,100.00
mindsdb/integrations/handlers/replicate_handler/usage_LLM.md,100.00
mindsdb/integrations/handlers/replicate_handler/usage_audio.md,100.00
mindsdb/integrations/handlers/replicate_handler/usage_img2text.md,100.00
mindsdb/integrations/handlers/replicate_handler/usage_text2img.md,100.00
mindsdb/integrations/handlers/replicate_handler/usage_text2video.md,100.00
tests/unit/ml_handlers/test_huggingface_api.py,95.71
mindsdb/interfaces/taks/task_monitor.py,100.00
mindsdb/interfaces/taks/task_thread.py,100.00
mindsdb/interfaces/triggers/trigger_task.py,91.67
mindsdb/interfaces/triggers/triggers_controller.py,94.42
mindsdb/migrations/versions/2023-07-13_a57506731839_triggers.py,100.00
docs/manual-qa/hf_sum_bart_tutorial_test.mdx,100.00
mindsdb/integrations/handlers/anthropic_handler/__about__.py,90.00
mindsdb/integrations/handlers/anthropic_handler/__init__.py,62.50
mindsdb/integrations/handlers/anthropic_handler/anthropic_handler.py,58.65
mindsdb/integrations/handlers/anthropic_handler/requirements.txt,50.00
mindsdb/integrations/handlers/anthropic_handler/setup.py,100.00
mindsdb/integrations/handlers/anthropic_handler/README.md,67.27
docs/data-integrations/edgelessdb.mdx,100.00
mindsdb/integrations/handlers/edgelessdb_handler/Manual_QA.md,100.00
mindsdb/migrations/versions/2023-07-19_ad04ee0bd385_chatbot_to_task.py,100.00
tests/handler_tests/test_webz_handler.py,99.57
mindsdb/integrations/handlers/llama_index_handler/Manual_QA.md,100.00
mindsdb/integrations/utilities/handler_utils.py,60.00
docs/data-integrations/surrealdb.mdx,98.84
mindsdb/integrations/handlers/shopify_handler/Manual_QA.md,61.36
docs/data-integrations/shopify.mdx,100.00
docs/app-integrations/shopify.mdx,62.86
mindsdb/integrations/handlers/email_handler/email_tables.py,81.03
mindsdb/integrations/handlers/chromadb_handler/__about__.py,90.00
mindsdb/integrations/handlers/chromadb_handler/__init__.py,96.88
mindsdb/integrations/handlers/chromadb_handler/chromadb_handler.py,48.38
mindsdb/integrations/handlers/chromadb_handler/helpers.py,72.85
mindsdb/integrations/handlers/chromadb_handler/requirements.txt,43.48
mindsdb/integrations/handlers/chromadb_handler/settings.py,44.78
docs/sql/tutorials/slack-chatbot.mdx,70.78
docs/data-integrations/google-cloud-sql.mdx,100.00
mindsdb/integrations/handlers/cloud_sql_handler/Manual_QA.md,100.00
mindsdb/integrations/handlers/mssql_handler/README.md,49.80
docs/app-integrations/youtube.mdx,100.00
mindsdb/integrations/handlers/youtube_handler/Manual_QA.md,100.00
docs/rest/views/update-view.mdx,100.00
docs/manual-qa/hf_us_political_party_tutorial_test.mdx,100.00
mindsdb/integrations/handlers/replicate_handler/allInOne.md,100.00
mindsdb/integrations/handlers/replicate_handler/usage_all.md,100.00
mindsdb/integrations/handlers/chromadb_handler/Manual_QA.md,100.00
mindsdb/integrations/handlers/chromadb_handler/README.md,91.84
mindsdb/integrations/handlers/lightfm_handler/README.md,100.00
mindsdb/integrations/handlers/popularity_recommender_handler/README.md,100.00
mindsdb/integrations/handlers/writer_handler/README.md,74.56
mindsdb/integrations/handlers/ignite_handler/Manual_QA.md,100.00
mindsdb/integrations/handlers/huggingface_handler/finetune.py,99.20
mindsdb/integrations/handlers/huggingface_handler/settings.py,96.43
docs/data-integrations/apache-ignite.mdx,100.00
mindsdb/interfaces/tasks/task.py,100.00
mindsdb/interfaces/tasks/task_monitor.py,61.76
mindsdb/interfaces/tasks/task_thread.py,83.33
docs/tutorials/twitterbot-mariadb-enterprise-server-skysql.md,100.00
docs/automation.mdx,100.00
docs/contribute/community.mdx,100.00
docs/contribute/contribute.mdx,47.83
docs/contribute/docs-rules.mdx,100.00
docs/data_sources.mdx,91.43
docs/integrations/ai-engines/autokeras.mdx,100.00
docs/integrations/ai-engines/byom.mdx,90.62
docs/integrations/ai-engines/huggingface.mdx,81.67
docs/integrations/ai-engines/langchain.mdx,74.70
docs/integrations/ai-engines/lightwood.mdx,56.57
docs/integrations/ai-engines/ludwig.mdx,97.87
docs/integrations/ai-engines/neuralforecast.mdx,97.60
docs/integrations/ai-engines/openai.mdx,59.13
docs/integrations/ai-engines/ray-serve.mdx,100.00
docs/integrations/ai-engines/statsforecast.mdx,67.31
docs/integrations/app-integrations/confluence.mdx,80.00
docs/integrations/app-integrations/github.mdx,77.78
docs/integrations/app-integrations/gmail.mdx,68.42
docs/integrations/app-integrations/google-calendar.mdx,92.86
docs/integrations/app-integrations/plaid.mdx,88.89
docs/integrations/app-integrations/reddit.mdx,76.19
docs/integrations/app-integrations/shopify.mdx,94.44
docs/integrations/app-integrations/twitter.mdx,88.89
docs/integrations/app-integrations/youtube.mdx,52.82
docs/integrations/data-integrations/airtable.mdx,81.82
docs/integrations/data-integrations/all-data-integrations.mdx,95.83
docs/integrations/data-integrations/amazon-aurora.mdx,100.00
docs/integrations/data-integrations/amazon-dynamodb.mdx,84.34
docs/integrations/data-integrations/amazon-redshift.mdx,80.49
docs/integrations/data-integrations/amazon-s3.mdx,80.39
docs/integrations/data-integrations/apache-cassandra.mdx,100.00
docs/integrations/data-integrations/apache-druid.mdx,100.00
docs/integrations/data-integrations/apache-hive.mdx,86.57
docs/integrations/data-integrations/apache-ignite.mdx,100.00
docs/integrations/data-integrations/apache-impala.mdx,100.00
docs/integrations/data-integrations/apache-pinot.mdx,100.00
docs/integrations/data-integrations/apache-solr.mdx,100.00
docs/integrations/data-integrations/ckan.mdx,85.51
docs/integrations/data-integrations/clickhouse.mdx,81.08
docs/integrations/data-integrations/cloud-spanner.mdx,100.00
docs/integrations/data-integrations/cockroachdb.mdx,100.00
docs/integrations/data-integrations/couchbase.mdx,37.78
docs/integrations/data-integrations/cratedb.mdx,100.00
docs/integrations/data-integrations/d0lt.mdx,69.23
docs/integrations/data-integrations/databend.mdx,100.00
docs/integrations/data-integrations/databricks.mdx,87.00
docs/integrations/data-integrations/datastax.mdx,60.00
docs/integrations/data-integrations/duckdb.mdx,90.00
docs/integrations/data-integrations/edgelessdb.mdx,100.00
docs/integrations/data-integrations/elasticsearch.mdx,52.67
docs/integrations/data-integrations/firebird.mdx,100.00
docs/integrations/data-integrations/google-bigquery.mdx,86.08
docs/integrations/data-integrations/google-cloud-sql.mdx,100.00
docs/integrations/data-integrations/google-sheets.mdx,90.00
docs/integrations/data-integrations/ibm-db2.mdx,89.77
docs/integrations/data-integrations/ibm-informix.mdx,100.00
docs/integrations/data-integrations/influxdb.mdx,100.00
docs/integrations/data-integrations/mariadb.mdx,55.08
docs/integrations/data-integrations/matrixone.mdx,100.00
docs/integrations/data-integrations/microsoft-access.mdx,100.00
docs/integrations/data-integrations/microsoft-sql-server.mdx,89.41
docs/integrations/data-integrations/monetdb.mdx,100.00
docs/integrations/data-integrations/mongodb.mdx,67.03
docs/integrations/data-integrations/mysql.mdx,47.92
docs/integrations/data-integrations/oceanbase.mdx,100.00
docs/integrations/data-integrations/opengauss.mdx,100.00
docs/integrations/data-integrations/oracle.mdx,77.92
docs/integrations/data-integrations/orioledb.mdx,100.00
docs/integrations/data-integrations/planetscale.mdx,100.00
docs/integrations/data-integrations/postgresql.mdx,68.18
docs/integrations/data-integrations/questdb.mdx,100.00
docs/integrations/data-integrations/sap-hana.mdx,89.77
docs/integrations/data-integrations/sap-sql-anywhere.mdx,100.00
docs/integrations/data-integrations/scylladb.mdx,48.78
docs/integrations/data-integrations/singlestore.mdx,100.00
docs/integrations/data-integrations/snowflake.mdx,66.92
docs/integrations/data-integrations/sqlite.mdx,100.00
docs/integrations/data-integrations/starrocks.mdx,100.00
docs/integrations/data-integrations/supabase.mdx,100.00
docs/integrations/data-integrations/surrealdb.mdx,100.00
docs/integrations/data-integrations/tdengine.mdx,100.00
docs/integrations/data-integrations/teradata.mdx,88.61
docs/integrations/data-integrations/tidb.mdx,100.00
docs/integrations/data-integrations/timescaledb.mdx,100.00
docs/integrations/data-integrations/trino.mdx,100.00
docs/integrations/data-integrations/vertica.mdx,100.00
docs/integrations/data-integrations/vitess.mdx,100.00
docs/integrations/data-integrations/yugabytedb.mdx,100.00
docs/integrations/data-sources-overview.mdx,67.44
docs/integrations/ml-engines-overview.mdx,77.78
docs/ml_engines.mdx,95.83
docs/mongo/databases/deleteOne.mdx,100.00
docs/mongo/databases/find.mdx,100.00
docs/mongo/databases/insertOne.mdx,100.00
docs/mongo/databases/use.mdx,100.00
docs/mongo/jobs/deleteOne.mdx,100.00
docs/mongo/jobs/insertOne.mdx,100.00
docs/mongo/ml_engines/deleteOne.mdx,100.00
docs/mongo/ml_engines/find.mdx,100.00
docs/mongo/ml_engines/insertOne.mdx,100.00
docs/mongo/models/deleteOne.mdx,100.00
docs/mongo/models/describe.mdx,100.00
docs/mongo/models/find.mdx,100.00
docs/mongo/models/finetune.mdx,100.00
docs/mongo/models/insertOne.mdx,100.00
docs/mongo/models/make-predictions.mdx,100.00
docs/mongo/models/manage-model-versions.mdx,100.00
docs/mongo/models/retrain.mdx,100.00
docs/mongo/projects/deleteOne.mdx,100.00
docs/mongo/projects/insertOne.mdx,100.00
docs/rest/files/delete.mdx,100.00
docs/rest/files/upload.mdx,75.00
docs/rest/jobs/create.mdx,57.14
docs/rest/jobs/delete.mdx,62.50
docs/rest/ml_engines/create.mdx,100.00
docs/rest/ml_engines/delete.mdx,100.00
docs/rest/ml_engines/list.mdx,100.00
docs/rest/models/finetune.mdx,100.00
docs/rest/models/manage-model-versions.mdx,100.00
docs/rest/models/query-model-joined-with-data.mdx,84.34
docs/rest/models/retrain.mdx,100.00
docs/rest/overview.mdx,100.00
docs/rest/projects/create.mdx,100.00
docs/rest/projects/drop.mdx,100.00
docs/rest/tables/insert.mdx,100.00
docs/rest/tables/update.mdx,100.00
docs/sdk_javascript/batchQuery.mdx,100.00
docs/sdk_javascript/connect.mdx,100.00
docs/sdk_javascript/create_database.mdx,100.00
docs/sdk_javascript/create_job.mdx,100.00
docs/sdk_javascript/create_ml_engine.mdx,100.00
docs/sdk_javascript/create_model.mdx,100.00
docs/sdk_javascript/create_project.mdx,100.00
docs/sdk_javascript/create_table.mdx,100.00
docs/sdk_javascript/create_view.mdx,100.00
docs/sdk_javascript/delete_file.mdx,100.00
docs/sdk_javascript/delete_table.mdx,100.00
docs/sdk_javascript/describe.mdx,100.00
docs/sdk_javascript/drop_database.mdx,100.00
docs/sdk_javascript/drop_job.mdx,100.00
docs/sdk_javascript/drop_ml_engine.mdx,100.00
docs/sdk_javascript/drop_model.mdx,100.00
docs/sdk_javascript/drop_project.mdx,100.00
docs/sdk_javascript/drop_view.mdx,100.00
docs/sdk_javascript/finetune.mdx,100.00
docs/sdk_javascript/get_status.mdx,100.00
docs/sdk_javascript/insert_into_table.mdx,100.00
docs/sdk_javascript/installation.mdx,100.00
docs/sdk_javascript/list_databases.mdx,100.00
docs/sdk_javascript/list_ml_engines.mdx,100.00
docs/sdk_javascript/list_models.mdx,100.00
docs/sdk_javascript/list_projects.mdx,100.00
docs/sdk_javascript/list_views.mdx,100.00
docs/sdk_javascript/manage-model-versions.mdx,100.00
docs/sdk_javascript/overview.mdx,100.00
docs/sdk_javascript/query.mdx,100.00
docs/sdk_javascript/query_files.mdx,100.00
docs/sdk_javascript/query_table.mdx,100.00
docs/sdk_javascript/retrain.mdx,100.00
docs/sdk_javascript/update_table.mdx,100.00
docs/sdk_javascript/upload_file.mdx,100.00
docs/sdk_python/connect.mdx,100.00
docs/sdk_python/create_database.mdx,100.00
docs/sdk_python/create_job.mdx,100.00
docs/sdk_python/create_ml_engine.mdx,75.00
docs/sdk_python/create_model.mdx,100.00
docs/sdk_python/create_project.mdx,100.00
docs/sdk_python/create_table.mdx,100.00
docs/sdk_python/create_view.mdx,100.00
docs/sdk_python/delete_file.mdx,100.00
docs/sdk_python/delete_table.mdx,100.00
docs/sdk_python/describe.mdx,100.00
docs/sdk_python/drop_database.mdx,100.00
docs/sdk_python/drop_job.mdx,100.00
docs/sdk_python/drop_ml_engine.mdx,100.00
docs/sdk_python/drop_model.mdx,100.00
docs/sdk_python/drop_project.mdx,100.00
docs/sdk_python/drop_view.mdx,100.00
docs/sdk_python/finetune.mdx,100.00
docs/sdk_python/get_history.mdx,100.00
docs/sdk_python/get_status.mdx,100.00
docs/sdk_python/insert_into_table.mdx,100.00
docs/sdk_python/installation.mdx,100.00
docs/sdk_python/list_databases.mdx,100.00
docs/sdk_python/list_jobs.mdx,100.00
docs/sdk_python/list_ml_engines.mdx,100.00
docs/sdk_python/list_models.mdx,100.00
docs/sdk_python/list_projects.mdx,100.00
docs/sdk_python/list_views.mdx,100.00
docs/sdk_python/manage-model-versions.mdx,100.00
docs/sdk_python/overview.mdx,100.00
docs/sdk_python/predict.mdx,100.00
docs/sdk_python/query_files.mdx,100.00
docs/sdk_python/query_projects.mdx,100.00
docs/sdk_python/query_table.mdx,100.00
docs/sdk_python/refresh_job.mdx,100.00
docs/sdk_python/refresh_model.mdx,100.00
docs/sdk_python/retrain.mdx,100.00
docs/sdk_python/update_table.mdx,100.00
docs/sdk_python/upload_file.mdx,100.00
docs/setup/aws.mdx,66.67
docs/sql/api/select-predictions.mdx,100.00
docs/sql/query-jobs.mdx,100.00
docs/sql/show-databases.mdx,100.00
docs/sql/show-ml-engines.mdx,100.00
docs/sql/show-models.mdx,100.00
docs/sql/tutorials/house-sales-statsforecast.mdx,100.00
docs/sql/tutorials/twitterbot-mariadb-enterprise-server-skysql.mdx,92.70
docs/tables_views_files.mdx,100.00
docs_old/README.md,100.00
docs_old/app-integrations/confluence.mdx,100.00
docs_old/app-integrations/github.mdx,100.00
docs_old/app-integrations/gmail.mdx,100.00
docs_old/app-integrations/google-calendar.mdx,100.00
docs_old/app-integrations/plaid.mdx,100.00
docs_old/app-integrations/reddit.mdx,100.00
docs_old/app-integrations/twitter.mdx,100.00
docs_old/app-integrations/youtube.mdx,100.00
docs_old/assets/icons/Cloud.svg,100.00
docs_old/assets/icons/Database.svg,100.00
docs_old/assets/icons/Explainable.svg,100.00
docs_old/assets/icons/GUI.svg,100.00
docs_old/assets/icons/Python.svg,100.00
docs_old/assets/icons/Server.svg,100.00
docs_old/assets/icons/sdk.svg,100.00
docs_old/assets/mdb_logo_w.svg,100.00
docs_old/assets/sql/tutorials/customer_churn/.gitkeep,100.00
docs_old/assets/tutorials/crops/.gitkeep,100.00
docs_old/community.mdx,100.00
docs_old/connect/connect-mariadb-skysql.mdx,100.00
docs_old/connect/dbeaver.mdx,100.00
docs_old/connect/dbt.mdx,100.00
docs_old/connect/deepnote.mdx,100.00
docs_old/connect/jupysql.mdx,100.00
docs_old/connect/metabase.mdx,100.00
docs_old/connect/mindsdb_editor.mdx,100.00
docs_old/connect/mongo-compass.mdx,100.00
docs_old/connect/mongo-shell.mdx,100.00
docs_old/connect/mysql-client.mdx,100.00
docs_old/connect/postgres-client.mdx,100.00
docs_old/connect/sql-alchemy.mdx,100.00
docs_old/connect/tableau.mdx,100.00
docs_old/contribute.mdx,100.00
docs_old/contribute/app-handlers.mdx,100.00
docs_old/contribute/data-handlers.mdx,100.00
docs_old/contribute/data-integration-page.mdx,100.00
docs_old/contribute/docs.mdx,100.00
docs_old/contribute/install.mdx,100.00
docs_old/contribute/issue-labels.mdx,100.00
docs_old/contribute/issues.mdx,100.00
docs_old/contribute/loanTutorial/loanTutorial.mdx,100.00
docs_old/contribute/ml-handlers.mdx,100.00
docs_old/contribute/techstack.mdx,100.00
docs_old/contribute/tests.mdx,100.00
docs_old/contribute/tutorials.mdx,100.00
docs_old/custom-model/byom.mdx,100.00
docs_old/custom-model/huggingface.mdx,100.00
docs_old/custom-model/langchain.mdx,100.00
docs_old/custom-model/merlion.mdx,100.00
docs_old/custom-model/mlflow.mdx,100.00
docs_old/custom-model/openai.mdx,100.00
docs_old/custom-model/ray-serve.mdx,100.00
docs_old/data-integrations/airtable.mdx,100.00
docs_old/data-integrations/all-data-integrations.mdx,100.00
docs_old/data-integrations/amazon-aurora.mdx,100.00
docs_old/data-integrations/amazon-dynamodb.mdx,100.00
docs_old/data-integrations/amazon-redshift.mdx,100.00
docs_old/data-integrations/amazon-s3.mdx,100.00
docs_old/data-integrations/apache-cassandra.mdx,100.00
docs_old/data-integrations/apache-druid.mdx,100.00
docs_old/data-integrations/apache-hive.mdx,100.00
docs_old/data-integrations/apache-ignite.mdx,100.00
docs_old/data-integrations/apache-impala.mdx,100.00
docs_old/data-integrations/apache-pinot.mdx,100.00
docs_old/data-integrations/apache-solr.mdx,100.00
docs_old/data-integrations/ckan.mdx,100.00
docs_old/data-integrations/clickhouse.mdx,100.00
docs_old/data-integrations/cloud-spanner.mdx,100.00
docs_old/data-integrations/cockroachdb.mdx,100.00
docs_old/data-integrations/couchbase.mdx,100.00
docs_old/data-integrations/cratedb.mdx,100.00
docs_old/data-integrations/d0lt.mdx,100.00
docs_old/data-integrations/databend.mdx,100.00
docs_old/data-integrations/databricks.mdx,100.00
docs_old/data-integrations/datastax.mdx,100.00
docs_old/data-integrations/duckdb.mdx,100.00
docs_old/data-integrations/edgelessdb.mdx,100.00
docs_old/data-integrations/elasticsearch.mdx,100.00
docs_old/data-integrations/firebird.mdx,100.00
docs_old/data-integrations/google-bigquery.mdx,100.00
docs_old/data-integrations/google-cloud-sql.mdx,100.00
docs_old/data-integrations/google-sheets.mdx,100.00
docs_old/data-integrations/ibm-db2.mdx,100.00
docs_old/data-integrations/ibm-informix.mdx,100.00
docs_old/data-integrations/influxdb.mdx,100.00
docs_old/data-integrations/mariadb.mdx,100.00
docs_old/data-integrations/matrixone.mdx,100.00
docs_old/data-integrations/microsoft-access.mdx,100.00
docs_old/data-integrations/microsoft-sql-server.mdx,100.00
docs_old/data-integrations/monetdb.mdx,100.00
docs_old/data-integrations/mongodb.mdx,100.00
docs_old/data-integrations/mysql.mdx,100.00
docs_old/data-integrations/oceanbase.mdx,100.00
docs_old/data-integrations/opengauss.mdx,100.00
docs_old/data-integrations/oracle.mdx,100.00
docs_old/data-integrations/orioledb.mdx,100.00
docs_old/data-integrations/planetscale.mdx,100.00
docs_old/data-integrations/postgresql.mdx,100.00
docs_old/data-integrations/questdb.mdx,100.00
docs_old/data-integrations/sap-hana.mdx,100.00
docs_old/data-integrations/sap-sql-anywhere.mdx,100.00
docs_old/data-integrations/scylladb.mdx,100.00
docs_old/data-integrations/singlestore.mdx,100.00
docs_old/data-integrations/snowflake.mdx,100.00
docs_old/data-integrations/sqlite.mdx,100.00
docs_old/data-integrations/starrocks.mdx,100.00
docs_old/data-integrations/supabase.mdx,100.00
docs_old/data-integrations/surrealdb.mdx,100.00
docs_old/data-integrations/tdengine.mdx,100.00
docs_old/data-integrations/teradata.mdx,100.00
docs_old/data-integrations/tidb.mdx,100.00
docs_old/data-integrations/timescaledb.mdx,100.00
docs_old/data-integrations/trino.mdx,100.00
docs_old/data-integrations/vertica.mdx,100.00
docs_old/data-integrations/vitess.mdx,100.00
docs_old/data-integrations/yugabytedb.mdx,100.00
docs_old/data-sources-overview.mdx,100.00
docs_old/docs-rules.mdx,100.00
docs_old/faqs/persist-predictions.mdx,100.00
docs_old/faqs/whitelist-ips.mdx,100.00
docs_old/getting-started.mdx,100.00
docs_old/house_sales_tutorial_test.mdx,100.00
docs_old/logo/dark.svg,100.00
docs_old/logo/light.svg,100.00
docs_old/manual-qa/customer_churn_tutorial_test.mdx,100.00
docs_old/manual-qa/hf_crypto_buy_signals_tutorial_test.mdx,100.00
docs_old/manual-qa/hf_emotions_tutorial_test.mdx,100.00
docs_old/manual-qa/hf_eng_to_fr_tutorial_test.mdx,100.00
docs_old/manual-qa/hf_esg26_tutorial_test.mdx,100.00
docs_old/manual-qa/hf_esg6_tutorial_test.mdx,100.00
docs_old/manual-qa/hf_esg_26_tutorial_test.mdx,100.00
docs_old/manual-qa/hf_hate_speech_tutorial_test.mdx,100.00
docs_old/manual-qa/hf_industry_tutorial_test.mdx,100.00
docs_old/manual-qa/hf_question_detection_tutorial_test.mdx,100.00
docs_old/manual-qa/hf_sentiment_finance_tutorial_test.mdx,100.00
docs_old/manual-qa/hf_sentiment_tutorial_test.mdx,100.00
docs_old/manual-qa/hf_spam_tutorial_test.mdx,100.00
docs_old/manual-qa/hf_sum_bart_tutorial_test.mdx,100.00
docs_old/manual-qa/hf_sum_google_pegasus_tutorial_test.mdx,100.00
docs_old/manual-qa/hf_toxicity_tutorial_test.mdx,100.00
docs_old/manual-qa/hf_us_political_party_tutorial_test.mdx,100.00
docs_old/manual-qa/hf_zsc_bart_tutorial_test.mdx,100.00
docs_old/manual-qa/home_rentals_tutorial_test.mdx,100.00
docs_old/manual-qa/house_sales_statsforecast_tutorial_test.mdx,100.00
docs_old/manual-qa/openai_prompt_completion_with_parameters_at_creation_tutorial_test.mdx,100.00
docs_old/manual-qa/openai_prompt_completion_with_parameters_at_prediction_tutorial_test.mdx,100.00
docs_old/manual-qa/openai_qa_with_context_tutorial_test.mdx,100.00
docs_old/manual-qa/openai_qa_without_context_tutorial_test.mdx,100.00
docs_old/manual-qa/openai_sentiment_classification_tutorial_test.mdx,100.00
docs_old/manual-qa/question_answering_tutorial_test.mdx,100.00
docs_old/manual-qa/quickstart_tutorial_test.mdx,100.00
docs_old/manual-qa/sentiment_analysis_tutorial_test.mdx,100.00
docs_old/manual-qa/template.mdx,100.00
docs_old/manual-qa/text_summarization_tutorial_test.mdx,100.00
docs_old/mindsdb-gui.mdx,100.00
docs_old/mindsdb-handlers.mdx,100.00
docs_old/mindsdb-mongo-ql-overview.mdx,100.00
docs_old/mindsdb-sql-overview.mdx,100.00
docs_old/mint.json,100.00
docs_old/ml-engines-overview.mdx,100.00
docs_old/ml-engines/automl/autokeras.mdx,100.00
docs_old/ml-engines/automl/autosklearn.mdx,100.00
docs_old/ml-engines/automl/lightwood.mdx,100.00
docs_old/ml-engines/automl/ludwig.mdx,100.00
docs_old/ml-engines/automl/xgboost.mdx,100.00
docs_old/ml-types.mdx,100.00
docs_old/model-types.mdx,100.00
docs_old/mongo/collection-structure.mdx,100.00
docs_old/mongo/database.mdx,100.00
docs_old/mongo/delete.mdx,100.00
docs_old/mongo/find.mdx,100.00
docs_old/mongo/insert.mdx,100.00
docs_old/mongo/ml_engine.mdx,100.00
docs_old/mongo/mongo.mdx,100.00
docs_old/mongo/stats.mdx,100.00
docs_old/nixtla/house-sales-statsforecast.mdx,100.00
docs_old/nixtla/neuralforecast.mdx,100.00
docs_old/nixtla/statsforecast.mdx,100.00
docs_old/nlp/json-from-text.mdx,100.00
docs_old/nlp/nlp-extended-examples.mdx,100.00
docs_old/nlp/nlp-mindsdb-hf.mdx,100.00
docs_old/nlp/nlp-mindsdb-openai.mdx,100.00
docs_old/nlp/question-answering-inside-mongodb-with-openai.mdx,100.00
docs_old/nlp/question-answering-inside-mysql-with-openai.mdx,100.00
docs_old/nlp/sentiment-analysis-inside-mongodb-with-openai.mdx,100.00
docs_old/nlp/sentiment-analysis-inside-mysql-with-openai.mdx,100.00
docs_old/nlp/text-summarization-inside-mongodb-with-openai.mdx,100.00
docs_old/nlp/text-summarization-inside-mysql-with-openai.mdx,100.00
docs_old/nlp/what-is-nlp.mdx,100.00
docs_old/openapi.yml,100.00
docs_old/package.json,100.00
docs_old/quickstart.mdx,100.00
docs_old/rest/databases/create-databases.mdx,100.00
docs_old/rest/databases/delete-databases.mdx,100.00
docs_old/rest/databases/list-database.mdx,100.00
docs_old/rest/databases/list-databases.mdx,100.00
docs_old/rest/databases/update-databases.mdx,100.00
docs_old/rest/models/delete-model.mdx,100.00
docs_old/rest/models/describe-model.mdx,100.00
docs_old/rest/models/list-model.mdx,100.00
docs_old/rest/models/list-models.mdx,100.00
docs_old/rest/models/query-model.mdx,100.00
docs_old/rest/models/train-model.mdx,100.00
docs_old/rest/projects/get-project.mdx,100.00
docs_old/rest/projects/get-projects.mdx,100.00
docs_old/rest/sql.mdx,100.00
docs_old/rest/tables/create-table.mdx,100.00
docs_old/rest/tables/delete-table.mdx,100.00
docs_old/rest/tables/list-table.mdx,100.00
docs_old/rest/tables/list-tables.mdx,100.00
docs_old/rest/usage.mdx,100.00
docs_old/rest/views/create-view.mdx,100.00
docs_old/rest/views/delete-views.mdx,100.00
docs_old/rest/views/list-view.mdx,100.00
docs_old/rest/views/list-views.mdx,100.00
docs_old/rest/views/update-view.mdx,100.00
docs_old/sdk/javascript-sdk.mdx,100.00
docs_old/sdk/python-sdk.mdx,100.00
docs_old/setup/civo.mdx,100.00
docs_old/setup/cloud-pro.mdx,100.00
docs_old/setup/cloud-starter.mdx,100.00
docs_old/setup/cloud.mdx,100.00
docs_old/setup/community-deploys-mindsdb.mdx,100.00
docs_old/setup/custom-config.mdx,100.00
docs_old/setup/digital-ocean.mdx,100.00
docs_old/setup/environment-vars.mdx,100.00
docs_old/setup/gcp.mdx,100.00
docs_old/setup/self-hosted/docker.mdx,100.00
docs_old/setup/self-hosted/pip/linux.mdx,100.00
docs_old/setup/self-hosted/pip/macos.mdx,100.00
docs_old/setup/self-hosted/pip/source.mdx,100.00
docs_old/setup/self-hosted/pip/windows.mdx,100.00
docs_old/setup/vultr.mdx,100.00
docs_old/sql/api/delete.mdx,100.00
docs_old/sql/api/describe.mdx,100.00
docs_old/sql/api/drop.mdx,100.00
docs_old/sql/api/finetune.mdx,100.00
docs_old/sql/api/home_rentals_model1.csv,100.00
docs_old/sql/api/insert.mdx,100.00
docs_old/sql/api/join-on.mdx,100.00
docs_old/sql/api/join.mdx,100.00
docs_old/sql/api/manage-models-versions.mdx,100.00
docs_old/sql/api/retrain.mdx,100.00
docs_old/sql/api/select-files.mdx,100.00
docs_old/sql/api/select.mdx,100.00
docs_old/sql/api/update.mdx,100.00
docs_old/sql/api/use.mdx,100.00
docs_old/sql/create/database.mdx,100.00
docs_old/sql/create/file.mdx,100.00
docs_old/sql/create/jobs.mdx,100.00
docs_old/sql/create/ml-engine.mdx,100.00
docs_old/sql/create/model.mdx,100.00
docs_old/sql/create/project.mdx,100.00
docs_old/sql/create/table.mdx,100.00
docs_old/sql/create/view.mdx,100.00
docs_old/sql/data-insights.mdx,100.00
docs_old/sql/drop/database.mdx,100.00
docs_old/sql/drop/file.mdx,100.00
docs_old/sql/drop/jobs.mdx,100.00
docs_old/sql/drop/ml-engine.mdx,100.00
docs_old/sql/drop/model.mdx,100.00
docs_old/sql/drop/project.mdx,100.00
docs_old/sql/drop/table.mdx,100.00
docs_old/sql/drop/view.mdx,100.00
docs_old/sql/feature-eng.mdx,100.00
docs_old/sql/feature-importance.mdx,100.00
docs_old/sql/native-queries.mdx,100.00
docs_old/sql/project.mdx,100.00
docs_old/sql/table-structure.mdx,100.00
docs_old/sql/tutorials/ai-tables.mdx,100.00
docs_old/sql/tutorials/bitcoin-forecasting.mdx,100.00
docs_old/sql/tutorials/bodyfat.mdx,100.00
docs_old/sql/tutorials/byom.mdx,100.00
docs_old/sql/tutorials/classification-community.mdx,100.00
docs_old/sql/tutorials/crop-prediction.mdx,100.00
docs_old/sql/tutorials/customer-churn.mdx,100.00
docs_old/sql/tutorials/diabetes.mdx,100.00
docs_old/sql/tutorials/eeg-forecasting.mdx,100.00
docs_old/sql/tutorials/heart-disease.mdx,100.00
docs_old/sql/tutorials/home-rentals.mdx,100.00
docs_old/sql/tutorials/house-sales-forecasting.mdx,100.00
docs_old/sql/tutorials/image-generator.mdx,100.00
docs_old/sql/tutorials/insurance-cost-prediction.mdx,100.00
docs_old/sql/tutorials/mindsdb-superset-snowflake.mdx,100.00
docs_old/sql/tutorials/mushrooms.mdx,100.00
docs_old/sql/tutorials/process-quality.mdx,100.00
docs_old/sql/tutorials/regression-community.mdx,100.00
docs_old/sql/tutorials/slack-chatbot.mdx,100.00
docs_old/sql/tutorials/spam_emails_tutorial.mdx,100.00
docs_old/sql/tutorials/time-series-community.mdx,100.00
docs_old/sql/tutorials/twitter-chatbot.mdx,100.00
docs_old/temp-python-sdk.mdx,100.00
docs_old/tutorials.mdx,100.00
docs_old/tutorials/Date Fruit Classification using MindsDB and MongoDB.mdx,100.00
docs_old/tutorials/Forecast Uber Stock Prices using MindsDB.mdx,100.00
docs_old/tutorials/mindsdb-huggingface-tutorial.mdx,100.00
docs_old/tutorials/multilingual_spam_tutorial.mdx,100.00
docs_old/tutorials/question_asnwering_openai_mongodb.md,100.00
docs_old/tutorials/salary_prediction.mdx,100.00
docs_old/tutorials/sentiment-analysis-intercom-data-airbyte.mdx,100.00
docs_old/tutorials/sentiment-analysis-of-movie-reviews.mdx,100.00
docs_old/tutorials/sentiment-analysis-on-french-tweets-using-mysql.mdx,100.00
docs_old/tutorials/zero-shot-classification-postgresql.mdx,100.00
docs_old/tutorials_mindsdb_no_sql.mdx,100.00
docs_old/tutorials_mindsdb_sql.mdx,100.00
docs_old/using-mongo-api/classification.mdx,100.00
docs_old/using-mongo-api/nlp.mdx,100.00
docs_old/using-mongo-api/regression.mdx,100.00
docs_old/using-mongo-api/timeseries.mdx,100.00
docs_old/what-is-mindsdb.mdx,100.00
mindsdb/integrations/handlers/timegpt_handler/README.md,53.55
mindsdb/integrations/handlers/timegpt_handler/__about__.py,90.00
mindsdb/integrations/handlers/timegpt_handler/__init__.py,85.00
mindsdb/integrations/handlers/timegpt_handler/requirements.txt,66.67
mindsdb/integrations/handlers/timegpt_handler/setup.py,100.00
mindsdb/integrations/handlers/timegpt_handler/timegpt_handler.py,90.15
mindsdb/integrations/handlers/pgvector_handler/__about__.py,94.74
mindsdb/integrations/handlers/pgvector_handler/__init__.py,96.92
mindsdb/integrations/handlers/pgvector_handler/pgvector_handler.py,56.06
mindsdb/integrations/handlers/pgvector_handler/requirements.txt,75.00
=,100.00
mindsdb/integrations/handlers/pgvector_handler/icon.svg,54.90
docs/assets/monkeylean/.gitkeep,100.00
docs/assets/tutorials/monkeylearn/.gitkeep,100.00
docs/integrations/app-integrations/binance.mdx,84.62
mindsdb/integrations/handlers/tripadvisor_handler/__about__.py,94.74
mindsdb/integrations/handlers/tripadvisor_handler/__init__.py,100.00
mindsdb/integrations/handlers/sentence_transformer_handler/__about__.py,90.00
mindsdb/integrations/handlers/sentence_transformer_handler/__init__.py,100.00
mindsdb/integrations/handlers/sentence_transformer_handler/requirements.txt,100.00
mindsdb/integrations/handlers/sentence_transformer_handler/sentence_transformer_handler.py,95.65
mindsdb/integrations/handlers/sentence_transformer_handler/settings.py,100.00
mindsdb/integrations/handlers/sentence_transformer_handler/setup.py,100.00
mindsdb/integrations/handlers/pypi_handler/README.md,100.00
mindsdb/integrations/handlers/pypi_handler/__about__.py,90.91
mindsdb/integrations/handlers/pypi_handler/__init__.py,100.00
mindsdb/integrations/handlers/pypi_handler/icon.svg,99.19
mindsdb/integrations/handlers/pypi_handler/pypi_handler.py,97.56
mindsdb/integrations/handlers/pypi_handler/pypi_tables.py,99.40
mindsdb/integrations/handlers/pypi_handler/requirements.txt,75.00
docs/integrations/ai-engines/monkeylearn.mdx,93.22
mindsdb/integrations/handlers/monkeylearn_handler/Manual_QA.md,100.00
docs/mongo/databases/list-data-handlers.mdx,100.00
docs/mongo/jobs/query-jobs.mdx,100.00
docs/mongo/ml_engines/list-ml-handlers.mdx,100.00
docs/mongo/models/get-batch-predictions.mdx,100.00
docs/mongo/models/get-single-prediction.mdx,100.00
docs/mongo/projects/list-projects.mdx,100.00
docs/rest/jobs/query.mdx,100.00
docs/rest/tables/delete.mdx,100.00
docs/sdk_javascript/delete_from.mdx,100.00
docs/sdk_javascript/get_database.mdx,100.00
docs/sdk_javascript/join_on.mdx,100.00
docs/sdk_javascript/list_data_handlers.mdx,100.00
docs/sdk_javascript/list_ml_handlers.mdx,100.00
docs/sdk_javascript/native_queries.mdx,100.00
docs/sdk_javascript/query_jobs.mdx,100.00
docs/sdk_javascript/query_view.mdx,100.00
docs/sdk_python/delete_from.mdx,100.00
docs/sdk_python/get-batch-predictions.mdx,100.00
docs/sdk_python/get-single-prediction.mdx,100.00
docs/sdk_python/join_on.mdx,100.00
docs/sdk_python/list_data_handlers.mdx,100.00
docs/sdk_python/list_ml_handlers.mdx,100.00
docs/sdk_python/native_queries.mdx,100.00
docs/sdk_python/query_view.mdx,100.00
docs/sql/api/select-view.mdx,100.00
docs/sql/get-batch-predictions.mdx,100.00
docs/sql/get-single-prediction.mdx,100.00
docs/sql/list-data-handlers.mdx,100.00
docs/sql/list-ml-handlers.mdx,100.00
docs/sql/list-projects.mdx,100.00
mindsdb/integrations/handlers/pypi_handler/api.py,100.00
docs/integrations/app-integrations/web-crawler.mdx,56.52
mindsdb/integrations/handlers/pypi_handler/.bumpversion.cfg,100.00
docs/faqs/mindsdb-with-php.mdx,100.00
docs/integrations/app-integrations/email.mdx,58.99
docs/integrations/app-integrations/slack.mdx,57.25
docs/sql/tutorials/llm-chatbot-ui.mdx,100.00
docs/sql/tutorials/monthly-expediture-timegpt.mdx,92.54
docs/sql/tutorials/house-sales-timegpt.mdx,92.20
mindsdb/integrations/handlers/tripadvisor_handler/requirements.txt,100.00
mindsdb/integrations/handlers/tripadvisor_handler/tripadvisor_test.py,100.00
mindsdb/integrations/handlers/langchain_embedding/__about__.py,100.00
mindsdb/integrations/handlers/langchain_embedding/__init__.py,100.00
mindsdb/integrations/handlers/langchain_embedding/langchain_embedding_handler.py,100.00
mindsdb/integrations/handlers/langchain_embedding/requirements.txt,100.00
mindsdb/integrations/handlers/langchain_embedding/setup.py,100.00
tests/unit/ml_handlers/test_langchain_embedding.py,97.76
mindsdb/integrations/handlers/langchain_embedding/README.md,100.00
mindsdb/integrations/handlers/autokeras_handler/requirements.txt,100.00
tests/unit/test_arg_probing.py,97.35
mindsdb/integrations/handlers/github_handler/Manual_QA.md,100.00
mindsdb/migrations/versions/2023-08-29_b0382f5be48d_predictor_hostname.py,100.00
tests/unit/ml_handlers/test_timegpt.py,100.00
mindsdb/integrations/libs/vectordatabase_handler.py,45.24
tests/handler_tests/test_vectordatabase_dispatch.py,95.32
tests/handler_tests/test_chromadb_handler.py,88.05
mindsdb/migrations/versions/2023-08-31_4c26ad04eeaa_add_skills_table.py,100.00
docs/sql/tutorials/create-chatbot.mdx,78.87
.github/workflows/add_to_pr_review.yml,51.43
mindsdb/migrations/versions/2023-09-06_d44ab65a6a35_add_agents_table.py,100.00
mindsdb/migrations/versions/2023-09-06_e187961e844a_add_agent_skills_table.py,100.00
mindsdb/interfaces/skills/skills_controller.py,78.57
mindsdb/api/http/namespaces/configs/skills.py,100.00
mindsdb/api/http/namespaces/skills.py,96.49
tests/api/http/skills_test.py,100.00
mindsdb/integrations/handlers/pgvector_handler/README.md,60.47
docs/generative-ai-tables.mdx,98.29
mindsdb/integrations/handlers/writer_handler/evaluate.py,98.37
mindsdb/integrations/handlers/writer_handler/rag.py,98.43
mindsdb/integrations/utilities/datasets/dataset.py,100.00
mindsdb/integrations/utilities/datasets/question_answering/fda_style_qa.csv,100.00
mindsdb/integrations/utilities/datasets/question_answering/squad_v2_val_100_sample.csv,100.00
docs/sql/create/trigger.mdx,100.00
docs/sql/drop/trigger.mdx,100.00
docs/sql/query-triggers.mdx,100.00
docs/integrations/ai-engines/timegpt.mdx,96.82
docs/integrations/ai-engines/lightfm.mdx,69.41
docs/integrations/ai-engines/popularity-recommender.mdx,94.51
docs/sql/tutorials/recommenders.mdx,100.00
tests/unit/test_knowledge_base.py,82.96
mindsdb/integrations/handlers/llama_index_handler/ManualQA.md,100.00
docs/assets/tutorials/llamaindex/.gitkeep,100.00
mindsdb/interfaces/knowledge_base/controller.py,37.94
mindsdb/migrations/versions/2023-09-12_25922ab621dd_add_knowledge_base.py,100.00
docs/integrations/ai-engines/llamaindex.mdx,63.02
mindsdb/interfaces/agents/agents_controller.py,35.78
mindsdb/api/http/namespaces/agents.py,33.05
mindsdb/api/http/namespaces/configs/agents.py,100.00
tests/api/http/agents_test.py,68.84
mindsdb/interfaces/skills/__init.py__,100.00
mindsdb/integrations/handlers/confluence_handler/Manual_QA..md,100.00
mindsdb/migrations/versions/2023-09-18_011e6f2dd9c2_backfill_agent_id.py,100.00
mindsdb/migrations/versions/2023-09-18_f16d4ab03091_add_agent_id.py,100.00
mindsdb/utilities/ml_task_queue.py,100.00
mindsdb/integrations/handlers/gmail_handler/utils.py,100.00
.devcontainer/devcontainer.json,83.33
docs/integrations/app-integrations/hackernews.mdx,100.00
mindsdb/migrations/versions/2023-09-20_309db3d07cf4_add_knowledge_base.py,71.43
mindsdb/integrations/handlers/openai_handler/models.py,100.00
docs/integrations/app-integrations/mediawiki.mdx,81.94
mindsdb/integrations/handlers/palm_handler/__about__.py,90.00
mindsdb/integrations/handlers/palm_handler/__init__.py,81.82
mindsdb/integrations/handlers/palm_handler/palm_handler.py,97.60
mindsdb/integrations/handlers/palm_handler/requirements.txt,50.00
mindsdb/integrations/handlers/palm_handler/setup.py,100.00
docs/integrations/app-integrations/stripe.mdx,81.33
mindsdb/integrations/handlers/ollama_handler/__about__.py,90.00
mindsdb/integrations/handlers/ollama_handler/__init__.py,90.00
mindsdb/integrations/handlers/ollama_handler/ollama_handler.py,72.76
mindsdb/integrations/handlers/ollama_handler/requirements.txt,100.00
mindsdb/integrations/handlers/ms_teams_handler/__about__.py,90.91
mindsdb/integrations/handlers/ms_teams_handler/__init__.py,100.00
mindsdb/integrations/handlers/ms_teams_handler/ms_teams_handler.py,97.70
mindsdb/integrations/handlers/ms_teams_handler/ms_teams_tables.py,99.66
mindsdb/integrations/handlers/ms_teams_handler/requirements.txt,90.00
mindsdb/integrations/libs/process_cache.py,90.40
mindsdb/utilities/ml_task_queue/const.py,96.15
mindsdb/utilities/ml_task_queue/ml_task_queue.py,100.00
mindsdb/integrations/handlers/ms_teams_handler/README.md,99.76
mindsdb/integrations/libs/llm_utils.py,100.00
mindsdb/integrations/handlers/ollama_handler/README.md,29.28
mindsdb/integrations/utilities/infer_types.py,100.00
docs/ai_workflow.mdx,94.29
mindsdb/utilities/ml_task_queue/__init__.py,100.00
docs/integrations/app-integrations/ms-teams.mdx,100.00
docs/integrations/app-integrations/microsoft-teams.mdx,79.52
mindsdb/integrations/handlers/utilities/query_utilities/update_query_utilities.py,100.00
.github/workflows/add_to_roadmap_project_v2.yml,100.00
mindsdb/integrations/handlers/utilities/query_utilities/base_query_utilities.py,100.00
mindsdb/integrations/handlers/utilities/query_utilities/delete_query_utilities.py,100.00
mindsdb/utilities/ml_task_queue/consumer.py,98.05
mindsdb/utilities/ml_task_queue/producer.py,96.18
mindsdb/utilities/ml_task_queue/task.py,100.00
mindsdb/utilities/ml_task_queue/utils.py,99.28
mindsdb/integrations/handlers/planetscale_handler/README.md,100.00
tests/integration_tests/flows/test_ml_task_queue.py,98.67
docs/faqs/disposable-email-doman-and-openai.mdx,100.00
mindsdb/integrations/handlers/tripadvisor_handler/icon.svg,66.67
mindsdb/integrations/handlers/tripadvisor_handler/json_response_examples/location_details.json,100.00
mindsdb/integrations/handlers/tripadvisor_handler/json_response_examples/search_location.json,100.00
mindsdb/integrations/handlers/tripadvisor_handler/tripadvisor_manual_test.py,100.00
tests/handler_tests/test_tripadvisor_handler.py,99.39
mindsdb/integrations/handlers/Handlers_Manual_QA.md,29.63
docs/callbacks.mdx,87.46
docs/Docs_Manual_QA.md,51.67
mindsdb/interfaces/query_context/context_controller.py,90.32
mindsdb/interfaces/query_context/last_query.py,76.35
mindsdb/migrations/versions/2023-10-03_6cb02dfd7f61_query_context.py,100.00
mindsdb/integrations/handlers/langchain_handler/tools.py,36.09
tests/handler_tests/tripadvisor_manual_test.py,100.00
Applications_with_MindsDB.md,100.00
docs/integrations/app-integrations/sendinblue.mdx,86.67
docs/applications_showcase.mdx,55.81
docs/integrations/app-integrations/newsapi.mdx,80.00
mindsdb/integrations/handlers/rag_handler/README.md,47.95
mindsdb/integrations/handlers/rag_handler/__about__.py,90.00
mindsdb/integrations/handlers/rag_handler/__init__.py,93.33
mindsdb/integrations/handlers/rag_handler/exceptions.py,100.00
mindsdb/integrations/handlers/rag_handler/ingest.py,72.94
mindsdb/integrations/handlers/rag_handler/rag.py,94.34
mindsdb/integrations/handlers/rag_handler/rag_handler.py,90.86
mindsdb/integrations/handlers/rag_handler/requirements.txt,51.16
mindsdb/integrations/handlers/rag_handler/settings.py,89.06
mindsdb/integrations/handlers/rag_handler/setup.py,100.00
tests/unit/ml_handlers/test_rag.py,53.24
tests/unit/test_check_handler_imports.py,100.00
mindsdb/integrations/handlers/rockset_handler/__init__.py,100.00
mindsdb/integrations/handlers/documentdb_handler/Manual_QA.md,100.00
mindsdb/integrations/handlers/documentdb_handler/README.md,100.00
mindsdb/integrations/handlers/documentdb_handler/__about__.py,90.00
mindsdb/integrations/handlers/documentdb_handler/__init__.py,86.96
mindsdb/integrations/handlers/documentdb_handler/documentdb_handler.py,89.62
mindsdb/integrations/handlers/documentdb_handler/icon.svg,93.75
mindsdb/integrations/handlers/documentdb_handler/requirements.txt,66.67
mindsdb/integrations/handlers/openbb_handler/README.md,83.28
mindsdb/integrations/handlers/openbb_handler/__about__.py,100.00
mindsdb/integrations/handlers/openbb_handler/__init__.py,100.00
mindsdb/integrations/handlers/openbb_handler/icon.svg,89.47
mindsdb/integrations/handlers/openbb_handler/openbb_handler.py,81.23
mindsdb/integrations/handlers/openbb_handler/openbb_tables.py,41.27
mindsdb/integrations/handlers/openbb_handler/requirements.txt,36.36
mindsdb/integrations/handlers/dockerhub_handler/DockerHubClient.py,100.00
mindsdb/integrations/handlers/dockerhub_handler/README.md,99.35
mindsdb/integrations/handlers/dockerhub_handler/__about__.py,90.00
mindsdb/integrations/handlers/dockerhub_handler/__init__.py,94.87
mindsdb/integrations/handlers/dockerhub_handler/dockerhub_handler.py,96.93
mindsdb/integrations/handlers/dockerhub_handler/dockerhub_tables.py,97.94
mindsdb/integrations/handlers/dockerhub_handler/icon.svg,60.00
mindsdb/integrations/handlers/dockerhub_handler/requirements.txt,66.67
mindsdb/integrations/handlers/notion_handler/README.md,54.55
mindsdb/integrations/handlers/notion_handler/__about__.py,50.00
mindsdb/integrations/handlers/notion_handler/__init__.py,88.89
mindsdb/integrations/handlers/notion_handler/notion_handler.py,80.91
mindsdb/integrations/handlers/notion_handler/notion_table.py,72.27
mindsdb/integrations/handlers/notion_handler/requirements.txt,100.00
mindsdb/integrations/handlers/dockerhub_handler/dockerhub.py,80.00
tests/handler_tests/data/test.txt,100.00
mindsdb/integrations/handlers/byom_handler/const.py,100.00
mindsdb/integrations/handlers/anyscale_endpoints_handler/__about__.py,90.00
mindsdb/integrations/handlers/anyscale_endpoints_handler/__init__.py,79.17
mindsdb/integrations/handlers/anyscale_endpoints_handler/anyscale_endpoints_handler.py,49.85
mindsdb/integrations/handlers/anyscale_endpoints_handler/requirements.py,100.00
mindsdb/integrations/handlers/anyscale_endpoints_handler/setup.py,100.00
mindsdb/integrations/handlers/anyscale_endpoints_handler/requirements.txt,42.86
mindsdb/integrations/handlers/milvus_handler/README.md,96.64
mindsdb/integrations/handlers/milvus_handler/__about__.py,90.00
mindsdb/integrations/handlers/milvus_handler/__init__.py,93.94
mindsdb/integrations/handlers/milvus_handler/milvus_handler.py,83.69
mindsdb/integrations/handlers/milvus_handler/requirements.txt,100.00
tests/handler_tests/test_milvus_handler.py,97.09
mindsdb/integrations/handlers/pinecone_handler/README.md,90.43
mindsdb/integrations/handlers/pinecone_handler/__about__.py,90.00
mindsdb/integrations/handlers/pinecone_handler/__init__.py,96.88
mindsdb/integrations/handlers/pinecone_handler/icon.svg,65.57
mindsdb/integrations/handlers/pinecone_handler/pinecone_handler.py,71.22
mindsdb/integrations/handlers/pinecone_handler/requirements.txt,50.00
tests/handler_tests/test_pinecone_handler.py,98.93
mindsdb/integrations/handlers/sharepoint_handler/__init__.py,93.10
mindsdb/integrations/handlers/sharepoint_handler/sharepoint_api.py,99.38
mindsdb/integrations/handlers/sharepoint_handler/sharepoint_handler.py,97.58
mindsdb/integrations/handlers/sharepoint_handler/sharepoint_tables.py,98.35
mindsdb/integrations/handlers/openai_handler/constants.py,61.36
mindsdb/integrations/handlers/sharepoint_handler/__about__.py,90.00
mindsdb/integrations/handlers/sharepoint_handler/requirements.txt,100.00
mindsdb/integrations/handlers/vertex_handler/__about__.py,90.00
mindsdb/integrations/handlers/vertex_handler/__init__.py,82.61
mindsdb/integrations/handlers/vertex_handler/setup.py,100.00
mindsdb/integrations/handlers/vertex_handler/vertex_handler.py,49.21
tests/unit/ml_handlers/test_vertex.py,77.29
mindsdb/integrations/handlers/vertex_handler/requirements.txt,66.67
mindsdb/integrations/handlers/vertex_handler/vertex_client.py,72.44
tests/unit/ml_handlers/data/vertex_regression.csv,33.33
mindsdb/integrations/handlers/apache_doris_handler/README.md,100.00
mindsdb/integrations/handlers/apache_doris_handler/__about__.py,90.00
mindsdb/integrations/handlers/apache_doris_handler/__init__.py,97.30
mindsdb/integrations/handlers/apache_doris_handler/apache_doris_handler.py,99.52
mindsdb/integrations/handlers/apache_doris_handler/requirements.txt,50.00
tests/handler_tests/test_apache_doris_handler.py,99.05
mindsdb/integrations/handlers/faunadb_handler/README.md,100.00
mindsdb/integrations/handlers/faunadb_handler/__about__.py,90.00
mindsdb/integrations/handlers/faunadb_handler/__init__.py,96.88
mindsdb/integrations/handlers/faunadb_handler/faunadb_handler.py,94.22
mindsdb/integrations/handlers/faunadb_handler/icon.svg,70.00
mindsdb/integrations/handlers/faunadb_handler/requirements.txt,100.00
mindsdb/integrations/handlers/weaviate_handler/README.md,100.00
mindsdb/integrations/handlers/weaviate_handler/__about__.py,90.00
mindsdb/integrations/handlers/weaviate_handler/__init__.py,93.94
mindsdb/integrations/handlers/weaviate_handler/requirements.txt,100.00
mindsdb/integrations/handlers/weaviate_handler/weaviate_handler.py,97.87
tests/handler_tests/test_weaviate_handler.py,99.41
mindsdb/integrations/handlers/xata_handler/README.md,100.00
mindsdb/integrations/handlers/xata_handler/__about__.py,90.00
mindsdb/integrations/handlers/xata_handler/__init__.py,96.88
mindsdb/integrations/handlers/xata_handler/icon.svg,54.72
mindsdb/integrations/handlers/xata_handler/requirements.txt,100.00
mindsdb/integrations/handlers/xata_handler/xata_handler.py,80.58
tests/handler_tests/test_xata_handler.py,99.28
tests/unit/ml_handlers/data/vertex_anomaly_detection.csv,100.00
mindsdb/integrations/handlers/sharepoint_handler/utils.py,100.00
mindsdb/integrations/handlers/kinetica_handler/README.md,100.00
mindsdb/integrations/handlers/kinetica_handler/__about__.py,90.00
mindsdb/integrations/handlers/kinetica_handler/__init__.py,88.46
mindsdb/integrations/handlers/kinetica_handler/icon.svg,90.00
mindsdb/integrations/handlers/kinetica_handler/kinetica_handler.py,84.81
mindsdb/integrations/handlers/kinetica_handler/requirements.txt,50.00
mindsdb/integrations/handlers/file_handler/tests/test_file_handler_csv.py,76.13
mindsdb/integrations/handlers/file_handler/tests/conftest.py,100.00
mindsdb/integrations/handlers/file_handler/tests/test_data.csv,100.00
test_data.csv,100.00
.github/workflows/testing.yml,97.30
mindsdb/integrations/handlers/file_handler/tests/test_file_handler.py,70.06
mindsdb/integrations/handlers/npm_handler/README.md,100.00
mindsdb/integrations/handlers/npm_handler/__about__.py,90.00
mindsdb/integrations/handlers/npm_handler/__init__.py,96.43
mindsdb/integrations/handlers/npm_handler/api.py,100.00
mindsdb/integrations/handlers/npm_handler/npm_handler.py,96.77
mindsdb/integrations/handlers/npm_handler/npm_tables.py,99.44
mindsdb/integrations/handlers/solace_handler/README.md,100.00
mindsdb/integrations/handlers/solace_handler/__about__.py,90.00
mindsdb/integrations/handlers/solace_handler/__init__.py,95.00
mindsdb/integrations/handlers/solace_handler/requirements.txt,100.00
mindsdb/integrations/handlers/solace_handler/solace_handler.py,95.98
mindsdb/integrations/handlers/sharepoint_handler/README.md,100.00
tests/unit/ml_handlers/data/vertex_classification.json,100.00
mindsdb/integrations/handlers/qdrant_handler/README.md,100.00
mindsdb/integrations/handlers/qdrant_handler/__about__.py,90.00
mindsdb/integrations/handlers/qdrant_handler/__init__.py,93.94
mindsdb/integrations/handlers/qdrant_handler/qdrant_handler.py,93.35
mindsdb/integrations/handlers/qdrant_handler/requirements.txt,100.00
tests/handler_tests/test_qdrant_handler.py,99.33
tests/unit/ml_handlers/test_anyscale_llm.py,100.00
tests/unit/ml_handlers/data/vertex_classification.csv,100.00
mindsdb/integrations/handlers/spacy_handler/README.md,99.62
mindsdb/integrations/handlers/spacy_handler/__about__.py,90.00
mindsdb/integrations/handlers/spacy_handler/__init__.py,81.82
mindsdb/integrations/handlers/spacy_handler/requirements.txt,100.00
mindsdb/integrations/handlers/spacy_handler/setup.py,100.00
mindsdb/integrations/handlers/spacy_handler/spacy_handler.py,100.00
tests/unit/ml_handlers/data/vertex_service_key.json,100.00
tests/handler_tests/test_npm_handler.py,96.77
mindsdb/integrations/handlers/oilpriceapi_handler/README.md,100.00
mindsdb/integrations/handlers/oilpriceapi_handler/__about__.py,90.00
mindsdb/integrations/handlers/oilpriceapi_handler/__init__.py,91.67
mindsdb/integrations/handlers/oilpriceapi_handler/icon.svg,79.31
mindsdb/integrations/handlers/oilpriceapi_handler/oilpriceapi.py,100.00
mindsdb/integrations/handlers/oilpriceapi_handler/oilpriceapi_handler.py,96.77
mindsdb/integrations/handlers/oilpriceapi_handler/oilpriceapi_tables.py,96.46
mindsdb/integrations/handlers/oilpriceapi_handler/requirements.txt,100.00
tests/unit/ml_handlers/test_spacy.py,98.35
mindsdb/integrations/handlers/lightdash_handler/README.md,100.00
mindsdb/integrations/handlers/lightdash_handler/__about__.py,90.00
mindsdb/integrations/handlers/lightdash_handler/__init__.py,100.00
mindsdb/integrations/handlers/lightdash_handler/api.py,100.00
mindsdb/integrations/handlers/lightdash_handler/lightdash_handler.py,98.82
mindsdb/integrations/handlers/lightdash_handler/lightdash_tables.py,99.76
mindsdb/integrations/handlers/notion_handler/tests/test_notion_handler.py,98.41
tests/handler_tests/test_oilpriceapi_handler.py,94.37
mindsdb/integrations/handlers/lindorm_handler/README.md,100.00
mindsdb/integrations/handlers/lindorm_handler/__about__.py,90.00
mindsdb/integrations/handlers/lindorm_handler/__init__.py,96.97
mindsdb/integrations/handlers/lindorm_handler/lindorm_handler.py,97.22
mindsdb/integrations/handlers/lindorm_handler/requirements.txt,100.00
mindsdb/integrations/handlers/lindorm_handler/tests/test_lindorm_handler.py,97.22
tests/handler_tests/test_lightdash_handler.py,98.04
mindsdb/integrations/handlers/pirateweather_handler/README.md,100.00
mindsdb/integrations/handlers/pirateweather_handler/__about__.py,90.00
mindsdb/integrations/handlers/pirateweather_handler/__init__.py,91.18
mindsdb/integrations/handlers/pirateweather_handler/pirateweather_handler.py,98.03
mindsdb/integrations/handlers/zipcodebase_handler/README.md,100.00
mindsdb/integrations/handlers/zipcodebase_handler/__about__.py,90.00
mindsdb/integrations/handlers/zipcodebase_handler/__init__.py,94.29
mindsdb/integrations/handlers/zipcodebase_handler/icon.svg,95.56
mindsdb/integrations/handlers/zipcodebase_handler/requirements.txt,100.00
mindsdb/integrations/handlers/zipcodebase_handler/zipcodebase.py,100.00
mindsdb/integrations/handlers/zipcodebase_handler/zipcodebase_handler.py,96.99
mindsdb/integrations/handlers/zipcodebase_handler/zipcodebase_tables.py,99.23
tests/handler_tests/test_zipcodebase_handler.py,94.44
mindsdb/integrations/handlers/instatus_handler/__about__.py,90.00
mindsdb/integrations/handlers/instatus_handler/__init__.py,100.00
mindsdb/integrations/handlers/instatus_handler/icon.svg,80.00
mindsdb/integrations/handlers/instatus_handler/instatus_handler.py,93.59
mindsdb/integrations/handlers/instatus_handler/README.md,72.84
mindsdb/integrations/handlers/instatus_handler/instatus_tables.py,68.56
tests/unit/ml_handlers/data/vertex_args.json,100.00
mindsdb/integrations/handlers/autogluon_handler/README.md,94.23
mindsdb/integrations/handlers/autogluon_handler/__about__.py,90.00
mindsdb/integrations/handlers/autogluon_handler/__init__.py,86.36
mindsdb/integrations/handlers/autogluon_handler/autogluon_handler.py,83.08
mindsdb/integrations/handlers/autogluon_handler/config.py,90.91
mindsdb/integrations/handlers/autogluon_handler/requirements.txt,33.33
mindsdb/integrations/handlers/autogluon_handler/setup.py,100.00
tests/unit/ml_handlers/test_autogluon.py,87.37
tests/unit/ml_handlers/data/anomaly_detection.csv,63.16
tests/unit/ml_handlers/test_anomaly_detection.py,37.91
mindsdb/integrations/handlers/anomaly_detection_handler/__about__.py,40.91
mindsdb/integrations/handlers/anomaly_detection_handler/__init__.py,46.15
mindsdb/integrations/handlers/anomaly_detection_handler/anomaly_detection_handler.py,48.06
mindsdb/integrations/handlers/anomaly_detection_handler/requirements.txt,33.33
mindsdb/integrations/handlers/anomaly_detection_handler/setup.py,50.00
mindsdb/integrations/handlers/npm_handler/requirements.txt,100.00
mindsdb/integrations/handlers/lightdash_handler/requirements.txt,100.00
mindsdb/integrations/handlers/anomaly_detection_handler/utils.py,77.55
mindsdb/integrations/handlers/sap_erp_handler/README.md,100.00
mindsdb/integrations/handlers/sap_erp_handler/__about__.py,90.00
mindsdb/integrations/handlers/sap_erp_handler/__init__.py,96.43
mindsdb/integrations/handlers/sap_erp_handler/api.py,95.54
mindsdb/integrations/handlers/sap_erp_handler/requirements.txt,100.00
mindsdb/integrations/handlers/sap_erp_handler/sap_erp_handler.py,98.96
mindsdb/integrations/handlers/sap_erp_handler/sap_erp_tables.py,99.91
mindsdb/integrations/handlers/vertex_handler/README.md,27.95
mindsdb/integrations/handlers/aerospike_handler/README.md,100.00
mindsdb/integrations/handlers/aerospike_handler/__about__.py,90.00
mindsdb/integrations/handlers/aerospike_handler/__init__.py,96.77
mindsdb/integrations/handlers/aerospike_handler/aerospike_handler.py,97.89
mindsdb/integrations/handlers/aerospike_handler/icon.svg,91.67
mindsdb/integrations/handlers/aerospike_handler/requirements.txt,100.00
mindsdb/integrations/handlers/aerospike_handler/tests/test_aerospike_handler.py,97.30
docs/integrations/app-integrations/pypi.mdx,100.00
mindsdb/integrations/handlers/sharepoint_handler/tests/test_sharepoint_handler.py,98.15
mindsdb/integrations/handlers/instatus_handler/tests/test_instatus_handler.py,100.00
docs/integrations/app-integrations/dockerhub.mdx,82.81
mindsdb/integrations/handlers/symbl_handler/README.md,61.22
mindsdb/integrations/handlers/symbl_handler/__about__.py,90.00
mindsdb/integrations/handlers/symbl_handler/__init__.py,94.29
mindsdb/integrations/handlers/symbl_handler/icon.svg,54.17
mindsdb/integrations/handlers/symbl_handler/requirements.txt,100.00
mindsdb/integrations/handlers/symbl_handler/symbl_handler.py,97.14
mindsdb/integrations/handlers/symbl_handler/symbl_tables.py,99.40
tests/handler_tests/test_symbl_handler.py,95.59
mindsdb/integrations/handlers/faunadb_handler/tests/test_faunadb_handler.py,95.35
tests/handler_tests/test_sap_erp_handler.py,98.79
mindsdb/integrations/handlers/file_handler/tests/data/test.csv,50.00
mindsdb/integrations/handlers/file_handler/tests/data/test.json,50.00
mindsdb/integrations/handlers/twilio_handler/README.md,100.00
mindsdb/integrations/handlers/twilio_handler/__about__.py,75.00
mindsdb/integrations/handlers/twilio_handler/__init__.py,100.00
mindsdb/integrations/handlers/twilio_handler/icon.svg,55.56
mindsdb/integrations/handlers/twilio_handler/requirements.txt,100.00
mindsdb/integrations/handlers/twilio_handler/twilio_handler.py,89.96
mindsdb/integrations/handlers/stabilityai_handler/README.md,99.40
mindsdb/integrations/handlers/stabilityai_handler/__about__.py,90.00
mindsdb/integrations/handlers/stabilityai_handler/__init__.py,85.71
mindsdb/integrations/handlers/stabilityai_handler/icon.svg,90.91
mindsdb/integrations/handlers/stabilityai_handler/requirements.txt,66.67
mindsdb/integrations/handlers/stabilityai_handler/setup.py,100.00
mindsdb/integrations/handlers/stabilityai_handler/stabilityai.py,100.00
mindsdb/integrations/handlers/stabilityai_handler/stabilityai_handler.py,96.27
mindsdb/integrations/handlers/aqicn_handler/README.md,80.00
mindsdb/integrations/handlers/aqicn_handler/__about__.py,75.00
mindsdb/integrations/handlers/aqicn_handler/__init__.py,91.67
mindsdb/integrations/handlers/aqicn_handler/aqicn.py,81.08
mindsdb/integrations/handlers/aqicn_handler/aqicn_handler.py,91.67
mindsdb/integrations/handlers/aqicn_handler/aqicn_tables.py,96.94
mindsdb/integrations/handlers/aqicn_handler/requirements.txt,100.00
tests/handler_tests/test_aqicn_handler.py,94.74
mindsdb/utilities/ml_task_queue/base.py,100.00
mindsdb/integrations/libs/api_handler_exceptions.py,100.00
mindsdb/integrations/handlers/strapi_handler/README.md,100.00
mindsdb/integrations/handlers/strapi_handler/__about__.py,90.00
mindsdb/integrations/handlers/strapi_handler/__init__.py,100.00
mindsdb/integrations/handlers/strapi_handler/icon.svg,68.18
mindsdb/integrations/handlers/strapi_handler/strapi_handler.py,96.34
mindsdb/integrations/handlers/strapi_handler/strapi_tables.py,98.51
mindsdb/integrations/handlers/strapi_handler/tests/test_strapi_handler.py,98.21
mindsdb/integrations/handlers/coinbase_handler/README.md,100.00
mindsdb/integrations/handlers/coinbase_handler/__about__.py,90.00
mindsdb/integrations/handlers/coinbase_handler/__init__.py,86.96
mindsdb/integrations/handlers/coinbase_handler/coinbase_handler.py,95.94
mindsdb/integrations/handlers/coinbase_handler/coinbase_tables.py,98.51
mindsdb/integrations/handlers/coinbase_handler/icon.svg,75.00
mindsdb/integrations/handlers/discord_handler/README.md,100.00
mindsdb/integrations/handlers/discord_handler/__about__.py,90.00
mindsdb/integrations/handlers/discord_handler/__init__.py,96.67
mindsdb/integrations/handlers/discord_handler/discord_handler.py,99.16
mindsdb/integrations/handlers/discord_handler/discord_tables.py,97.76
mindsdb/integrations/handlers/eventbrite_handler/README.md,100.00
mindsdb/integrations/handlers/eventbrite_handler/__about__.py,90.00
mindsdb/integrations/handlers/eventbrite_handler/__init__.py,96.97
mindsdb/integrations/handlers/eventbrite_handler/eventbrite_handler.py,96.61
mindsdb/integrations/handlers/eventbrite_handler/eventbrite_tables.py,99.69
tests/handler_tests/test_paypal_handler.py,97.92
mindsdb/integrations/handlers/langchain_embedding_handler/README.md,100.00
mindsdb/integrations/handlers/langchain_embedding_handler/__about__.py,100.00
mindsdb/integrations/handlers/langchain_embedding_handler/__init__.py,50.00
mindsdb/integrations/handlers/langchain_embedding_handler/langchain_embedding_handler.py,31.43
mindsdb/integrations/handlers/langchain_embedding_handler/requirements.txt,45.45
mindsdb/integrations/handlers/eventbrite_handler/eventbrite_test.py,100.00
mindsdb/integrations/handlers/eventbrite_handler/requirements.txt,100.00
tests/handler_tests/test_eventbrite_handler.py,99.57
eventbrite_test.py,100.00
tests/handler_tests/test_coinbase_handler.py,97.35
mindsdb/utilities/exception.py,100.00
Makefile,50.00
mindsdb/integrations/handlers/discord_handler/tests/test_discord.py,95.77
mindsdb/integrations/handlers/web_handler/tests/example_data.py,100.00
mindsdb/integrations/handlers/web_handler/tests/test_helpers.py,100.00
mindsdb/migrations/versions/2023-11-01_c67822e96833_jobs_active.py,100.00
mindsdb/integrations/handlers/hubspot_handler/__about__.py,90.00
mindsdb/integrations/handlers/hubspot_handler/__init__.py,100.00
mindsdb/integrations/handlers/hubspot_handler/hubspot_handler.py,96.00
mindsdb/integrations/handlers/hubspot_handler/hubspot_tables.py,98.84
mindsdb/integrations/handlers/hubspot_handler/icon.svg,88.46
mindsdb/integrations/handlers/hubspot_handler/requirements.txt,100.00
mindsdb/integrations/handlers/hubspot_handler/README.md,100.00
tests/handler_tests/test_hubspot_handler.py,97.50
tests/handler_tests/test_instatus_handler.py,69.35
mindsdb/integrations/handlers/lancedb_handler/README.md,100.00
mindsdb/integrations/handlers/lancedb_handler/__about__.py,90.00
mindsdb/integrations/handlers/lancedb_handler/__init__.py,91.18
mindsdb/integrations/handlers/lancedb_handler/lancedb_handler.py,88.03
mindsdb/integrations/handlers/lancedb_handler/requirements.txt,50.00
mindsdb/integrations/handlers/lancedb_handler/tests/test_lancedb_handler.py,99.00
docs/integrations/ai-engines/anthropic.mdx,49.73
tests/unit/ml_handlers/test_anthropic.py,99.36
docs/integrations/app-integrations/strapi.mdx,95.28
tests/unit/ml_handlers/base_ml_test.py,97.96
mindsdb/integrations/handlers/openstreetmap_handler/tests/test_openstreetmap_handler.py,97.37
mindsdb/integrations/handlers/intercom_handler/__about__.py,90.00
mindsdb/integrations/handlers/intercom_handler/__init__.py,100.00
mindsdb/integrations/handlers/intercom_handler/icon.svg,78.57
mindsdb/integrations/handlers/intercom_handler/intercom_handler.py,96.62
mindsdb/integrations/handlers/intercom_handler/README.md,100.00
mindsdb/integrations/handlers/intercom_handler/intercom_tables.py,98.76
tests/handler_tests/test_intercom_handler.py,98.41
docs/integrations/vector-db-integrations/chromadb.mdx,90.62
docs/integrations/app-integrations/gitlab.mdx,88.16
mindsdb/integrations/handlers/pycaret_handler/README.md,100.00
mindsdb/integrations/handlers/pycaret_handler/__about__.py,90.00
mindsdb/integrations/handlers/pycaret_handler/__init__.py,82.14
mindsdb/integrations/handlers/pycaret_handler/pycaret_handler.py,100.00
mindsdb/integrations/handlers/pycaret_handler/requirements.txt,100.00
mindsdb/integrations/handlers/pycaret_handler/setup.py,100.00
mindsdb/integrations/handlers/pycaret_handler/test/test_pycaret.py,98.80
mindsdb/interfaces/skills/skill_tool.py,25.19
tests/unit/ml_handlers/test_stabilityai.py,99.22
mindsdb/integrations/handlers/confluence_handler/tests/.gitignore,100.00
mindsdb/integrations/handlers/confluence_handler/tests/test_confluence_handler.py,98.68
mindsdb/integrations/handlers/clipdrop_handler/README.md,59.89
mindsdb/integrations/handlers/clipdrop_handler/__about__.py,90.00
mindsdb/integrations/handlers/clipdrop_handler/__init__.py,87.50
mindsdb/integrations/handlers/clipdrop_handler/clipdrop.py,90.22
mindsdb/integrations/handlers/clipdrop_handler/clipdrop_handler.py,94.50
mindsdb/integrations/handlers/clipdrop_handler/requirements.txt,100.00
mindsdb/integrations/handlers/clipdrop_handler/setup.py,100.00
tests/unit/ml_handlers/test_clipdrop.py,99.10
.dockerignore,100.00
.github/workflows/docker-build.yml,100.00
docker/docker-bake.hcl,92.94
mindsdb/integrations/handlers/byom_handler/requirements.txt,25.00
mindsdb/integrations/handlers/file_handler/requirements.txt,60.00
mindsdb/integrations/handlers/lightwood_handler/__about__.py,100.00
mindsdb/integrations/handlers/lightwood_handler/functions.py,100.00
mindsdb/integrations/handlers/lightwood_handler/lightwood_handler.py,100.00
mindsdb/integrations/handlers/lightwood_handler/utils.py,100.00
requirements/requirements-dev.txt,75.00
requirements/requirements-test.txt,38.46
tests/scripts/check_duplicate_reqs.py,100.00
mindsdb/integrations/handlers/luma_handler/README.md,100.00
mindsdb/integrations/handlers/luma_handler/__about__.py,90.00
mindsdb/integrations/handlers/luma_handler/__init__.py,89.19
mindsdb/integrations/handlers/luma_handler/luma.py,100.00
mindsdb/integrations/handlers/luma_handler/luma_handler.py,97.22
mindsdb/integrations/handlers/luma_handler/luma_tables.py,99.45
mindsdb/integrations/handlers/luma_handler/requirements.txt,100.00
tests/handler_tests/test_luma_handler.py,93.88
mindsdb/integrations/LICENSE,100.00
assets/contributions-agreement/entity-contributor.md,76.03
assets/contributions-agreement/individual-contributor.md,70.31
tests/scripts/check_requirements.py,70.35
.github/workflows/code_checks.yml,100.00
.github/workflows/docker_build.yml,100.00
docs/sql/tutorials/twilio-chatbot.mdx,100.00
docs/integrations/ai-engines/cohere.mdx,55.90
mindsdb/integrations/handlers/anomaly_detection_handler/README.md,53.85
mindsdb/integrations/handlers/whatsapp_handler/README.md,100.00
mindsdb/integrations/handlers/whatsapp_handler/__about__.py,100.00
mindsdb/integrations/handlers/whatsapp_handler/__init__.py,100.00
mindsdb/integrations/handlers/whatsapp_handler/icon.svg,64.29
mindsdb/integrations/handlers/whatsapp_handler/requirements.txt,100.00
mindsdb/integrations/handlers/whatsapp_handler/test_whatsapp.py,100.00
mindsdb/integrations/handlers/whatsapp_handler/whatsapp_handler.py,99.80
mindsdb/integrations/handlers/huggingface_handler/requirements_cpu.txt,63.64
docs/agents/agent.mdx,81.77
docs/agents/chatbot.mdx,80.62
mindsdb/integrations/handlers/twelve_labs_handler/__init__.py,95.24
mindsdb/integrations/handlers/twelve_labs_handler/twelve_labs_handler.py,99.30
tests/scripts/check_code.py,100.00
mindsdb/integrations/handlers/neuralforecast_handler/requirements_extra.txt,100.00
mindsdb/integrations/handlers/statsforecast_handler/requirements_extra.txt,100.00
mindsdb/integrations/handlers/twelve_labs_handler/__about__.py,100.00
mindsdb/integrations/handlers/twelve_labs_handler/requirements.txt,42.86
mindsdb/integrations/handlers/twelve_labs_handler/twelve_labs_api_client.py,93.96
docs/integrations/app-integrations/instatus.mdx,100.00
docs/connect/grafana.mdx,100.00
docs/integrations/app-integrations/intercom.mdx,100.00
docs/integrations/ai-engines/rag.mdx,62.31
mindsdb/integrations/handlers/twelve_labs_handler/README.md,92.03
docs/integrations/app-integrations/paypal.mdx,100.00
mindsdb/integrations/handlers/ms_teams_handler/ms_graph_auth_utilities.py,100.00
mindsdb/integrations/handlers/ms_teams_handler/ms_graph_api_utilities.py,100.00
mindsdb/integrations/handlers/utilities/auth_utilities/__init__.py,90.91
mindsdb/integrations/handlers/utilities/auth_utilities/exceptions.py,66.67
mindsdb/integrations/handlers/utilities/auth_utilities/google_oauth_utilities.py,100.00
mindsdb/integrations/handlers/utilities/auth_utilities/ms_graph_api_auth_utilities.py,100.00
mindsdb/integrations/handlers/libsql_handler/README.md,100.00
mindsdb/integrations/handlers/libsql_handler/__about__.py,100.00
mindsdb/integrations/handlers/libsql_handler/__init__.py,94.29
mindsdb/integrations/handlers/libsql_handler/icon.svg,76.92
mindsdb/integrations/handlers/libsql_handler/libsql_handler.py,97.69
mindsdb/integrations/handlers/libsql_handler/requirements.txt,100.00
mindsdb/integrations/handlers/libsql_handler/tests/test_libsql_handler.py,97.87
mindsdb/integrations/handlers/utilities/api_utilities/__init__.py,100.00
mindsdb/integrations/handlers/utilities/api_utilities/ms_graph_api_utilities.py,99.14
.github/workflows/pre_release.yml,57.14
mindsdb/utilities/security.py,61.29
mindsdb/integrations/handlers/rag_handler/tests/test_rag.py,100.00
mindsdb/integrations/handlers/utilities/validation_utilities/__init__.py,100.00
mindsdb/integrations/handlers/utilities/validation_utilities/parameter_validation_utilities.py,94.74
mindsdb/integrations/handlers/twelve_labs_handler/settings.py,94.72
mindsdb/integrations/handlers/palm_handler/README.md,91.56
mindsdb/integrations/handlers/sentence_transformers_handler/__about__.py,100.00
mindsdb/integrations/handlers/sentence_transformers_handler/__init__.py,57.14
mindsdb/integrations/handlers/sentence_transformers_handler/requirements.txt,50.00
mindsdb/integrations/handlers/sentence_transformers_handler/sentence_transformers_handler.py,98.68
mindsdb/integrations/handlers/sentence_transformers_handler/settings.py,100.00
mindsdb/integrations/handlers/sentence_transformers_handler/tests/test_sentence_transformers.py,95.83
tests/unit/dummy_llm_handler/__about__.py,100.00
tests/unit/dummy_llm_handler/__init__.py,94.74
tests/unit/dummy_llm_handler/dummy_llm_handler.py,100.00
mindsdb/integrations/handlers/utilities/requirements.txt,100.00
mindsdb/integrations/handlers/utilities/api_utilities/microsoft/__init__.py,100.00
mindsdb/integrations/handlers/utilities/api_utilities/microsoft/ms_graph_api_utilities.py,100.00
mindsdb/integrations/handlers/utilities/auth_utilities/google/__init__.py,71.43
mindsdb/integrations/handlers/utilities/auth_utilities/google/google_oauth_utilities.py,100.00
mindsdb/integrations/handlers/utilities/auth_utilities/google/requirements.txt,100.00
mindsdb/integrations/handlers/utilities/auth_utilities/microsoft/__init__.py,100.00
mindsdb/integrations/handlers/utilities/auth_utilities/microsoft/ms_graph_api_auth_utilities.py,100.00
mindsdb/integrations/handlers/utilities/auth_utilities/microsoft/requirements.txt,100.00
tests/scripts/check_version.py,100.00
mindsdb/integrations/handlers/ms_teams_handler/ms_graph_api_teams_client.py,99.71
mindsdb/integrations/handlers/ms_teams_handler/settings.py,92.48
mindsdb/utilities/context_executor.py,76.27
tests/handler_tests/test_ms_teams_handler.py,99.71
docs/agents/knowledge-bases.mdx,90.32
docs/ai-engines/overview.mdx,100.00
docs/datasources/overview.mdx,99.21
docs/faqs/benefits.mdx,90.48
docs/integrations/ai-engines/anomaly.mdx,56.47
docs/integrations/ai-engines/ollama.mdx,29.90
docs/integrations/ai-engines/vertex.mdx,39.47
docs/integrations/vector-db-integrations/pgvector.mdx,100.00
docs/integrations/vector-db-integrations/pinecone.mdx,83.85
docs/integrations/vector-db-integrations/weaviate.mdx,93.02
mindsdb/integrations/handlers/anyscale_endpoints_handler/README.md,76.04
docs/integrations/ai-engines/pycaret.mdx,100.00
docs/integrations/ai-engines/twelvelabs.mdx,47.85
docs/integrations/ai-engines/replicate-audio.mdx,71.53
docs/integrations/ai-engines/replicate-img2text.mdx,73.72
docs/integrations/ai-engines/replicate-llm.mdx,73.23
docs/integrations/ai-engines/replicate-text2img.mdx,62.63
docs/integrations/ai-engines/replicate-text2video.mdx,67.29
docs/integrations/ai-engines/anyscale.mdx,80.30
docs/finetune/anyscale.mdx,66.82
docs/finetune/classification.mdx,97.50
docs/finetune/openai.mdx,93.01
docs/finetune/regression.mdx,95.42
mindsdb/api/executor/__init__.py,75.00
mindsdb/api/executor/command_executor.py,60.61
mindsdb/api/executor/controllers/__init__.py,100.00
mindsdb/api/executor/controllers/session_controller.py,33.33
mindsdb/api/executor/data_types/answer.py,100.00
mindsdb/api/executor/datahub/__init__.py,100.00
mindsdb/api/executor/datahub/classes/tables_row.py,84.38
mindsdb/api/executor/datahub/datahub.py,100.00
mindsdb/api/executor/datahub/datanodes/datanode.py,100.00
mindsdb/api/executor/datahub/datanodes/information_schema_datanode.py,77.07
mindsdb/api/executor/datahub/datanodes/integration_datanode.py,50.57
mindsdb/api/executor/datahub/datanodes/project_datanode.py,65.22
mindsdb/api/executor/sql_query.py,98.04
mindsdb/api/executor/utilities/functions.py,100.00
mindsdb/api/executor/utilities/sql.py,61.67
mindsdb/api/mysql/mysql_proxy/executor/mysql_executor.py,52.38
mindsdb/migrations/versions/2023-12-25_4b3c9d63e89c_predictor_index.py,100.00
mindsdb/api/executor/sql_query/__init__.py,100.00
mindsdb/api/executor/sql_query/result_set.py,52.13
mindsdb/api/executor/sql_query/steps/__init__.py,100.00
mindsdb/api/executor/sql_query/steps/apply_predictor_step.py,78.42
mindsdb/api/executor/sql_query/steps/base.py,89.19
mindsdb/api/executor/sql_query/steps/delete_step.py,92.45
mindsdb/api/executor/sql_query/steps/fetch_dataframe.py,78.53
mindsdb/api/executor/sql_query/steps/insert_step.py,89.29
mindsdb/api/executor/sql_query/steps/join_step.py,71.65
mindsdb/api/executor/sql_query/steps/map_reduce_step.py,52.59
mindsdb/api/executor/sql_query/steps/multiple_step.py,92.86
mindsdb/api/executor/sql_query/steps/prepare_steps.py,92.19
mindsdb/api/executor/sql_query/steps/project_step.py,95.83
mindsdb/api/executor/sql_query/steps/sql_steps.py,96.70
mindsdb/api/executor/sql_query/steps/subselect_step.py,62.91
mindsdb/api/executor/sql_query/steps/union_step.py,56.47
mindsdb/api/executor/sql_query/steps/update_step.py,95.04
mindsdb/api/executor/sql_query/sql_query.py,35.79
mindsdb/api/executor/exceptions.py,100.00
mindsdb/integrations/handlers/google_gemini_handler/README.md,55.56
mindsdb/integrations/handlers/google_gemini_handler/__about__.py,52.94
mindsdb/integrations/handlers/google_gemini_handler/__init__.py,57.14
mindsdb/integrations/handlers/google_gemini_handler/google_gemini_handler.py,73.44
mindsdb/integrations/handlers/google_gemini_handler/requirements.txt,66.67
tests/unit/ml_handlers/test_google_gemini.py,100.00
mindsdb/integrations/handlers/llama_index_github_handler/README.md,100.00
mindsdb/integrations/handlers/llama_index_github_handler/__about__.py,100.00
mindsdb/integrations/handlers/llama_index_github_handler/__init__.py,100.00
mindsdb/integrations/handlers/llama_index_github_handler/llama_index_github_handler.py,100.00
mindsdb/integrations/handlers/llama_index_github_handler/requirements.txt,100.00
mindsdb/integrations/handlers/llama_index_handler/config.py,50.00
mindsdb/integrations/handlers/llama_index_handler/github_loader_helper.py,50.00
docs/sql/tutorials/rag.mdx,100.00
docs/integrations/integrations.mdx,49.18
docs/setup/self-hosted/docker-desktop.mdx,43.80
mindsdb/integrations/handlers/google_analytics_handler/__about__.py,100.00
mindsdb/integrations/handlers/google_analytics_handler/__init__.py,85.00
mindsdb/integrations/handlers/google_analytics_handler/google_analytics_handler.py,99.50
mindsdb/integrations/handlers/google_analytics_handler/google_analytics_tables.py,99.45
mindsdb/integrations/handlers/google_analytics_handler/icon.svg,80.00
mindsdb/integrations/handlers/google_analytics_handler/requirements.txt,100.00
mindsdb/integrations/handlers/google_analytics_handler/tests/test_google_analytics_handler.py,100.00
mindsdb/integrations/handlers/litellm_handler/README.md,75.47
mindsdb/integrations/handlers/litellm_handler/__about__.py,100.00
mindsdb/integrations/handlers/litellm_handler/__init__.py,90.32
mindsdb/integrations/handlers/litellm_handler/litellm_handler.py,98.60
mindsdb/integrations/handlers/litellm_handler/requirements.txt,25.00
mindsdb/integrations/handlers/litellm_handler/settings.py,93.18
mindsdb/integrations/handlers/litellm_handler/tests/test_litellm.py,98.51
mindsdb/integrations/handlers/leonardoai_handler/README.md,100.00
mindsdb/integrations/handlers/leonardoai_handler/__about__.py,100.00
mindsdb/integrations/handlers/leonardoai_handler/__init__.py,85.71
mindsdb/integrations/handlers/leonardoai_handler/leonardo_ai_handler.py,98.25
tests/unit/ml_handlers/test_leonardo_ai.py,100.00
mindsdb/integrations/handlers/google_analytics_handler/README.md,100.00
docs/integrations/app-integrations/google-analytics.mdx,93.63
.github/workflows/deploy-dev.yml,75.00
.github/workflows/deploy-staging.yml,88.24
mindsdb/integrations/libs/ml_handler_process/__init__.py,87.50
mindsdb/integrations/libs/ml_handler_process/create_validation_process.py,100.00
mindsdb/integrations/libs/ml_handler_process/describe_process.py,98.48
mindsdb/integrations/libs/ml_handler_process/handlers_cacher.py,100.00
mindsdb/integrations/libs/ml_handler_process/learn_process.py,89.34
mindsdb/integrations/libs/ml_handler_process/predict_process.py,100.00
docs/contribute/integrations-readme.mdx,94.00
docs/contribute/python-coding-standards.mdx,98.70
docs/mindsdb_sql/agents/agent.mdx,77.08
docs/mindsdb_sql/agents/chatbot.mdx,100.00
docs/mindsdb_sql/agents/knowledge-bases.mdx,91.97
docs/mindsdb_sql/connect/connect-mariadb-skysql.mdx,100.00
docs/mindsdb_sql/connect/dbeaver.mdx,100.00
docs/mindsdb_sql/connect/grafana.mdx,50.00
docs/mindsdb_sql/connect/metabase.mdx,66.67
docs/mindsdb_sql/connect/mysql-client.mdx,57.14
docs/mindsdb_sql/connect/postgres-client.mdx,57.14
docs/mindsdb_sql/connect/sql-alchemy.mdx,100.00
docs/mindsdb_sql/overview.mdx,75.76
docs/mindsdb_sql/sql/api/finetune.mdx,84.62
docs/mindsdb_sql/sql/api/join-on.mdx,100.00
docs/mindsdb_sql/sql/api/join.mdx,100.00
docs/mindsdb_sql/sql/api/manage-models-versions.mdx,77.27
docs/mindsdb_sql/sql/api/retrain.mdx,70.59
docs/mindsdb_sql/sql/api/select-files.mdx,100.00
docs/mindsdb_sql/sql/create/database.mdx,100.00
docs/mindsdb_sql/sql/create/file.mdx,58.82
docs/mindsdb_sql/sql/create/jobs.mdx,87.80
docs/mindsdb_sql/sql/create/ml-engine.mdx,90.00
docs/mindsdb_sql/sql/create/model.mdx,89.74
docs/mindsdb_sql/sql/create/table.mdx,68.75
docs/mindsdb_sql/sql/create/trigger.mdx,87.22
docs/mindsdb_sql/sql/create/view.mdx,100.00
docs/mindsdb_sql/sql/drop/model.mdx,100.00
docs/mindsdb_sql/sql/drop/trigger.mdx,50.00
docs/mindsdb_sql/sql/get-batch-predictions.mdx,63.64
docs/mindsdb_sql/sql/native-queries.mdx,50.00
docs/mindsdb_sql/sql/query-jobs.mdx,100.00
docs/mindsdb_sql/sql/query-triggers.mdx,66.67
docs/mindsdb_sql/sql/show-models.mdx,100.00
docs/package-lock.json,43.07
docs/sdks/javascript/connect.mdx,100.00
docs/sdks/javascript/create_database.mdx,50.00
docs/sdks/javascript/drop_model.mdx,100.00
docs/sdks/javascript/drop_view.mdx,100.00
docs/sdks/javascript/finetune.mdx,100.00
docs/sdks/javascript/get_database.mdx,100.00
docs/sdks/javascript/list_databases.mdx,100.00
docs/sdks/javascript/list_views.mdx,100.00
docs/sdks/javascript/overview.mdx,100.00
docs/sdks/mongo/collection-structure.mdx,100.00
docs/sdks/mongo/delete.mdx,100.00
docs/sdks/mongo/insert.mdx,100.00
docs/sdks/mongo/jobs/insertOne.mdx,100.00
docs/sdks/mongo/mindsdb-mongo-ql-overview.mdx,100.00
docs/sdks/mongo/ml_engine.mdx,100.00
docs/sdks/mongo/ml_engines/insertOne.mdx,100.00
docs/sdks/mongo/models/deleteOne.mdx,100.00
docs/sdks/mongo/models/describe.mdx,100.00
docs/sdks/mongo/models/find.mdx,100.00
docs/sdks/mongo/models/finetune.mdx,100.00
docs/sdks/mongo/models/insertOne.mdx,100.00
docs/sdks/mongo/models/retrain.mdx,100.00
docs/sdks/mongo/mongo.mdx,100.00
docs/sdks/overview.mdx,65.22
docs/sdks/python/connect.mdx,100.00
docs/sdks/python/create_database.mdx,66.67
docs/sdks/python/create_job.mdx,100.00
docs/sdks/python/create_ml_engine.mdx,100.00
docs/sdks/python/create_model.mdx,100.00
docs/sdks/python/create_project.mdx,100.00
docs/sdks/python/create_table.mdx,100.00
docs/sdks/python/create_view.mdx,100.00
docs/sdks/python/describe.mdx,100.00
docs/sdks/python/drop_database.mdx,100.00
docs/sdks/python/drop_job.mdx,100.00
docs/sdks/python/drop_model.mdx,100.00
docs/sdks/python/drop_project.mdx,100.00
docs/sdks/python/drop_view.mdx,100.00
docs/sdks/python/finetune.mdx,100.00
docs/sdks/python/get-batch-predictions.mdx,90.91
docs/sdks/python/get-single-prediction.mdx,100.00
docs/sdks/python/get_history.mdx,100.00
docs/sdks/python/get_status.mdx,100.00
docs/sdks/python/list_databases.mdx,100.00
docs/sdks/python/list_jobs.mdx,100.00
docs/sdks/python/list_models.mdx,100.00
docs/sdks/python/list_projects.mdx,100.00
docs/sdks/python/list_views.mdx,100.00
docs/sdks/python/manage-model-versions.mdx,100.00
docs/sdks/python/overview.mdx,100.00
docs/sdks/python/query_projects.mdx,100.00
docs/sdks/python/query_table.mdx,100.00
docs/sdks/python/query_view.mdx,100.00
docs/sdks/python/refresh_job.mdx,100.00
docs/sdks/python/refresh_model.mdx,100.00
docs/sdks/python/retrain.mdx,100.00
docs/sdks/python/upload_file.mdx,100.00
docs/sql/tutorials/chatbots_agents.mdx,100.00
docs/yarn.lock,52.12
mindsdb/integrations/README.md,100.00
mindsdb/integrations/libs/ml_handler_process/create_engine_process.py,100.00
docs/rest/agents/agent.mdx,92.42
docs/rest/agents/chatbot.mdx,100.00
docs/sql/tutorials/create-chatbot-kb.mdx,98.62
tests/unit/handlers/test_postgresql.py,100.00
mindsdb/integrations/handlers/postgres_handler/README.md,53.85
docs/mindsdb_sql/syntax.mdx,100.00
mindsdb/integrations/libs/ml_handler_process/update_engine_process.py,100.00
mindsdb/integrations/libs/ml_handler_process/update_process.py,100.00
tests/unit/test_llm_utils.py,98.21
mindsdb/integrations/handlers/langchain_handler/skill_tool.py,100.00
docker/docker-compose-testing.yml,100.00
mindsdb/integrations/handlers/mysql_handler/tests/seed.sql,100.00
mindsdb/integrations/handlers/postgres_handler/tests/README.md,100.00
mindsdb/integrations/handlers/postgres_handler/tests/seed.sql,100.00
mindsdb/migrations/versions/2024-02-02_5a5c49313e52_job_condition.py,100.00
tests/utils/config.py,100.00
tests/utils/query_generator.py,100.00
tests/load/tasks.py,86.21
tests/load/test_postgresql.py,94.12
tests/load/tests_start.py,72.22
mindsdb/integrations/handlers/mongodb_handler/tests/seed.json,100.00
mindsdb/integrations/handlers/mongodb_handler/tests/test_mongodb_handler.py,93.89
docs/integrations/ai-engines/huggingface_inference_api.mdx,98.78
docs/sql/tutorials/hugging-face-examples.mdx,100.00
docs/sql/tutorials/hugging-face-inference-api-examples.mdx,100.00
mindsdb/integrations/handlers/langchain_handler/README.md,69.69
mindsdb/migrations/versions/2024-02-12_9461892bd889_llm_log.py,100.00
mindsdb/interfaces/database/log.py,98.52
1.35.0,100.00
mindsdb/integrations/handlers/dummy_data_handler/__about__.py,100.00
mindsdb/integrations/handlers/dummy_data_handler/__init__.py,90.00
mindsdb/integrations/handlers/dummy_data_handler/dummy_data_handler.py,88.89
tests/unit/ml_handlers/test_merlion_handler.py,50.00
mindsdb/interfaces/skills/sql_agent.py,34.82
mindsdb/integrations/handlers/email_handler/email_client.py,98.33
mindsdb/integrations/handlers/email_handler/email_ingestor.py,95.60
mindsdb/integrations/handlers/email_handler/settings.py,95.24
tests/handler_tests/test_email_handler.py,99.04
mindsdb/integrations/handlers/confluence_handler/icon.svg,100.00
mindsdb/integrations/handlers/access_handler/icon.svg,100.00
mindsdb/integrations/handlers/airtable_handler/icon.svg,100.00
mindsdb/integrations/handlers/altibase_handler/icon.svg,100.00
mindsdb/integrations/handlers/anthropic_handler/icon.svg,100.00
mindsdb/integrations/handlers/anyscale_endpoints_handler/icon.svg,100.00
mindsdb/integrations/handlers/apache_doris_handler/icon.svg,100.00
mindsdb/integrations/handlers/aurora_handler/icon.svg,100.00
mindsdb/integrations/handlers/autogluon_handler/icon.svg,100.00
mindsdb/integrations/handlers/autokeras_handler/icon.svg,100.00
mindsdb/integrations/handlers/bigquery_handler/icon.svg,100.00
mindsdb/integrations/handlers/cassandra_handler/icon.svg,100.00
mindsdb/integrations/handlers/clickhouse_handler/icon.svg,100.00
mindsdb/integrations/handlers/clipdrop_handler/icon.svg,100.00
mindsdb/integrations/handlers/cockroach_handler/icon.svg,100.00
mindsdb/integrations/handlers/cohere_handler/icon.svg,100.00
docs/mindsdb_sql/sql/api/evaluate.mdx,100.00
docs/integrations/ai-overview.mdx,89.80
docs/integrations/data-overview.mdx,85.71
docs/quickstart-tutorial.mdx,94.64
docs/sql/tutorials/customer-reviews-notifications.mdx,97.29
docs/sql/tutorials/real-time-trading-forecasts.mdx,100.00
mindsdb/integrations/handlers/databend_handler/icon.svg,100.00
mindsdb/integrations/handlers/databricks_handler/icon.svg,100.00
mindsdb/integrations/handlers/datastax_handler/icon.svg,100.00
mindsdb/integrations/handlers/db2_handler/icon.svg,100.00
mindsdb/integrations/handlers/derby_handler/icon.svg,100.00
mindsdb/integrations/handlers/discord_handler/icon.svg,100.00
mindsdb/integrations/handlers/dremio_handler/icon.svg,100.00
mindsdb/integrations/handlers/druid_handler/icon.svg,100.00
mindsdb/integrations/handlers/duckdb_handler/icon.svg,100.00
mindsdb/integrations/handlers/dummy_data_handler/icon.svg,100.00
mindsdb/integrations/handlers/dynamodb_handler/icon.svg,100.00
mindsdb/integrations/handlers/elasticsearch_handler/icon.svg,100.00
mindsdb/integrations/handlers/file_handler/icon.svg,100.00
mindsdb/integrations/handlers/firebird_handler/icon.svg,100.00
mindsdb/integrations/handlers/flaml_handler/icon.svg,100.00
mindsdb/integrations/handlers/google_content_shopping_handler/icon.svg,100.00
mindsdb/integrations/handlers/google_gemini_handler/icon.svg,100.00
mindsdb/integrations/handlers/huggingface_api_handler/icon.svg,100.00
mindsdb/integrations/handlers/huggingface_handler/icon.svg,100.00
mindsdb/integrations/handlers/ignite_handler/icon.svg,100.00
mindsdb/integrations/handlers/influxdb_handler/icon.svg,100.00
mindsdb/integrations/handlers/informix_handler/icon.svg,100.00
mindsdb/integrations/handlers/jira_handler/icon.svg,100.00
mindsdb/integrations/handlers/lancedb_handler/icon.svg,100.00
mindsdb/integrations/handlers/leonardoai_handler/icon.svg,100.00
mindsdb/integrations/handlers/lightfm_handler/icon.svg,100.00
mindsdb/integrations/handlers/lightwood_handler/icon.svg,100.00
mindsdb/integrations/handlers/lindorm_handler/icon.svg,100.00
mindsdb/integrations/handlers/llama_index_handler/icon.svg,100.00
mindsdb/integrations/handlers/ludwig_handler/icon.svg,100.00
mindsdb/integrations/handlers/materialize_handler/icon.svg,100.00
mindsdb/integrations/handlers/matrixone_handler/icon.svg,100.00
mindsdb/integrations/handlers/mediawiki_handler/icon.svg,100.00
mindsdb/integrations/handlers/merlion_handler/icon.svg,100.00
.github/actions/docker-bake/action.yml,57.14
docs/sql/tutorials/expenditures-statsforecast.mdx,100.00
docs/sql/tutorials/text-sentiment-hf.mdx,96.10
docs/finetune/data.csv,97.70
mindsdb/integrations/handlers/milvus_handler/icon.svg,100.00
mindsdb/integrations/handlers/mlflow_handler/icon.svg,100.00
mindsdb/integrations/handlers/monetdb_handler/icon.svg,100.00
mindsdb/integrations/handlers/ms_teams_handler/icon.svg,100.00
mindsdb/integrations/handlers/mssql_handler/icon.svg,100.00
mindsdb/integrations/handlers/neuralforecast_handler/icon.svg,100.00
mindsdb/integrations/handlers/notion_handler/icon.svg,100.00
mindsdb/integrations/handlers/npm_handler/icon.svg,100.00
mindsdb/integrations/handlers/nuo_jdbc_handler/icon.svg,100.00
mindsdb/integrations/handlers/oceanbase_handler/icon.svg,100.00
mindsdb/integrations/handlers/openai_handler/icon.svg,100.00
mindsdb/integrations/handlers/opengauss_handler/icon.svg,100.00
mindsdb/integrations/handlers/palm_handler/icon.svg,100.00
mindsdb/integrations/handlers/paypal_handler/icon.svg,100.00
mindsdb/integrations/handlers/pinot_handler/icon.svg,100.00
mindsdb/integrations/handlers/popularity_recommender_handler/icon.svg,100.00
mindsdb/integrations/handlers/qdrant_handler/icon.svg,100.00
mindsdb/integrations/handlers/ray_serve_handler/icon.svg,100.00
mindsdb/integrations/handlers/redshift_handler/icon.svg,100.00
mindsdb/integrations/handlers/replicate_handler/icon.svg,100.00
mindsdb/integrations/handlers/rockset_handler/icon.svg,100.00
mindsdb/integrations/handlers/s3_handler/icon.svg,100.00
mindsdb/integrations/handlers/scylla_handler/icon.svg,100.00
mindsdb/integrations/handlers/sendinblue_handler/icon.svg,100.00
mindsdb/integrations/handlers/sentence_transformers_handler/icon.svg,100.00
mindsdb/integrations/handlers/sharepoint_handler/icon.svg,100.00
mindsdb/integrations/handlers/sheets_handler/icon.svg,100.00
mindsdb/integrations/handlers/shopify_handler/icon.svg,100.00
mindsdb/integrations/handlers/singlestore_handler/icon.svg,100.00
mindsdb/integrations/handlers/writer_handler/icon.svg,75.76
mindsdb/integrations/handlers/snowflake_handler/icon.svg,100.00
mindsdb/integrations/handlers/solace_handler/icon.svg,100.00
mindsdb/integrations/handlers/solr_handler/icon.svg,100.00
mindsdb/integrations/handlers/spacy_handler/icon.svg,100.00
mindsdb/integrations/handlers/sqlite_handler/icon.svg,100.00
mindsdb/integrations/handlers/sqreamdb_handler/icon.svg,100.00
mindsdb/integrations/handlers/starrocks_handler/icon.svg,100.00
mindsdb/integrations/handlers/strava_handler/icon.svg,100.00
mindsdb/integrations/handlers/stripe_handler/icon.svg,100.00
mindsdb/integrations/handlers/surrealdb_handler/icon.svg,100.00
mindsdb/integrations/handlers/tidb_handler/icon.svg,100.00
mindsdb/integrations/handlers/timegpt_handler/icon.svg,100.00
mindsdb/integrations/handlers/trino_handler/icon.svg,100.00
mindsdb/integrations/handlers/twelve_labs_handler/icon.svg,100.00
mindsdb/integrations/handlers/youtube_handler/icon.svg,100.00
mindsdb/integrations/handlers/maxdb_handler/icon.svg,100.00
mindsdb/integrations/handlers/sap_erp_handler/icon.svg,100.00
mindsdb/integrations/handlers/langchain_embedding_handler/icon.svg,100.00
mindsdb/integrations/handlers/langchain_handler/icon.svg,100.00
mindsdb/integrations/handlers/weaviate_handler/icon.svg,100.00
mindsdb/integrations/handlers/web_handler/icon.svg,100.00
mindsdb/integrations/handlers/langchain_handler/log_callback_handler.py,63.87
tests/unit/ml_handlers/test_langchain.py,59.08
mindsdb/integrations/handlers/statsforecast_handler/icon.svg,100.00
mindsdb/integrations/handlers/anomaly_detection_handler/icon.svg,100.00
mindsdb/integrations/handlers/byom_handler/icon.svg,100.00
mindsdb/integrations/handlers/rag_handler/icon.svg,100.00
docs/use-cases/overview.mdx,100.00
mindsdb/metrics/metrics.py,94.23
mindsdb/metrics/server.py,82.14
tests/handler_tests/test_handler_metrics.py,100.00
default_handlers.txt,70.83
docs/ai-integrations.mdx,100.00
docs/data-integrations.mdx,100.00
docs/model-management.mdx,100.00
mindsdb/integrations/handlers/huggingface_handler/README.md,98.81
tests/integration_tests/metrics/test_metrics.py,100.00
tests/utils/http_test_helpers.py,100.00
.github/workflows/build_deploy_dev.yml,99.27
.github/workflows/build_deploy_prod.yml,68.31
.github/workflows/build_deploy_staging.yml,96.69
.github/workflows/test_on_deploy.yml,95.95
.github/workflows/test_on_push.yml,63.91
mindsdb/integrations/handlers/utilities/auth_utilities/google/google_service_account_oauth_utilities.py,63.19
mindsdb/interfaces/tabs/tabs_controller.py,100.00
tests/interfaces/agents/test_agents_controller.py,72.73
mindsdb/integrations/handlers/langchain_handler/constants.py,49.48
mindsdb/integrations/libs/llm/config.py,44.50
mindsdb/integrations/libs/llm/utils.py,45.19
mindsdb/integrations/handlers/utilities/auth_utilities/google/google_user_oauth_utilities.py,100.00
mindsdb/api/executor/datahub/datanodes/mindsdb_tables.py,93.32
mindsdb/api/executor/datahub/datanodes/sql_tables.py,100.00
.github/actions/docker-bake-cache/action.yml,100.00
mindsdb/integrations/handlers/mssql_handler/tests/seed.sql,100.00
mindsdb/integrations/handlers/mindsdb_inference/README.md,56.74
mindsdb/integrations/handlers/mindsdb_inference/__about__.py,100.00
mindsdb/integrations/handlers/mindsdb_inference/__init__.py,84.00
mindsdb/integrations/handlers/mindsdb_inference/requirements.txt,100.00
mindsdb/integrations/handlers/mindsdb_inference/mindsdb_inference_handler.py,55.75
docs/integrations/ai-engines/mindsdb_inference.mdx,59.06
mindsdb/integrations/handlers/langchain_handler/mindsdb_chat_model.py,98.91
mindsdb/integrations/utilities/rag/loaders/vector_store_loader/vector_store_loader.py,87.34
mindsdb/integrations/utilities/rag/pipelines/rag.py,55.77
mindsdb/integrations/utilities/rag/rag_pipeline_builder.py,93.40
mindsdb/integrations/utilities/rag/retrievers/__init__.py,100.00
mindsdb/integrations/utilities/rag/retrievers/auto_retriever.py,100.00
mindsdb/integrations/utilities/rag/retrievers/base.py,100.00
mindsdb/integrations/utilities/rag/retrievers/multi_vector_retriever.py,94.64
mindsdb/integrations/utilities/rag/settings.py,42.21
mindsdb/integrations/utilities/rag/utils.py,100.00
mindsdb/integrations/utilities/rag/vector_store.py,100.00
tests/handler_tests/data/rag_pipelines/auto_retriever.yml,100.00
tests/handler_tests/data/rag_pipelines/multi_retriever_both.yml,100.00
tests/handler_tests/data/rag_pipelines/multi_retriever_split.yml,100.00
tests/handler_tests/data/rag_pipelines/multi_retriever_summarize.yml,100.00
tests/handler_tests/data/rag_pipelines/vector_retriever_chroma.yml,100.00
tests/handler_tests/data/rag_pipelines/vector_retriever_pgvector.yml,100.00
tests/handler_tests/test_rag_pipelines.py,100.00
tests/unit/handlers/test_mssql.py,100.00
mindsdb/integrations/handlers/mysql_handler/settings.py,92.59
tests/unit/handlers/test_mysql.py,74.47
docs/features/ai-integrations.mdx,100.00
docs/features/automation.mdx,100.00
docs/features/data-integrations.mdx,100.00
docs/features/model-management.mdx,92.31
docs/use-cases/ai-powered_data_retrieval/overview.mdx,96.77
docs/use-cases/ai-powered_data_retrieval/semantic_search.mdx,97.48
docs/use-cases/ai_agents/create-chatbot-kb.mdx,50.00
docs/use-cases/ai_agents/create-chatbot.mdx,50.00
docs/use-cases/ai_agents/overview.mdx,100.00
docs/use-cases/ai_workflow_automation/customer-reviews-notifications.mdx,54.55
docs/use-cases/ai_workflow_automation/overview.mdx,96.97
docs/use-cases/ai_workflow_automation/real-time-trading-forecasts.mdx,85.71
docs/use-cases/ai_workflow_automation/slack-chatbot.mdx,53.06
docs/use-cases/ai_workflow_automation/twilio-chatbot.mdx,33.33
docs/use-cases/ai_workflow_automation/twitter-chatbot.mdx,66.67
docs/use-cases/ai_workflow_automation/twitterbot-mariadb-enterprise-server-skysql.mdx,50.00
docs/use-cases/automated_finetuning/anyscale.mdx,97.78
docs/use-cases/automated_finetuning/classification.mdx,84.62
docs/use-cases/automated_finetuning/openai.mdx,95.74
docs/use-cases/automated_finetuning/overview.mdx,100.00
docs/use-cases/automated_finetuning/regression.mdx,95.65
docs/use-cases/data_enrichment/hugging-face-inference-api-examples.mdx,100.00
docs/use-cases/data_enrichment/json-from-text.mdx,75.00
docs/use-cases/data_enrichment/overview.mdx,97.56
docs/use-cases/data_enrichment/question-answering-inside-mongodb-with-openai.mdx,100.00
docs/use-cases/data_enrichment/question-answering-inside-mysql-with-openai.mdx,66.67
docs/use-cases/data_enrichment/sentiment-analysis-inside-mongodb-with-openai.mdx,100.00
docs/use-cases/data_enrichment/sentiment-analysis-inside-mysql-with-openai.mdx,66.67
docs/use-cases/data_enrichment/text-sentiment-hf.mdx,100.00
docs/use-cases/data_enrichment/text-summarization-inside-mongodb-with-openai.mdx,100.00
docs/use-cases/data_enrichment/text-summarization-inside-mysql-with-openai.mdx,66.67
docs/use-cases/in-database_ml/byom.mdx,100.00
docs/use-cases/in-database_ml/customer-churn.mdx,100.00
docs/use-cases/in-database_ml/home-rentals.mdx,100.00
docs/use-cases/in-database_ml/mindsdb-superset-snowflake.mdx,100.00
docs/use-cases/in-database_ml/overview.mdx,100.00
docs/use-cases/predictive_analytics/eeg-forecasting.mdx,100.00
docs/use-cases/predictive_analytics/expenditures-statsforecast.mdx,100.00
docs/use-cases/predictive_analytics/house-sales-forecasting.mdx,100.00
docs/use-cases/predictive_analytics/house-sales-statsforecast.mdx,66.67
docs/use-cases/predictive_analytics/house-sales-timegpt.mdx,75.00
docs/use-cases/predictive_analytics/monthly-expediture-timegpt.mdx,75.00
docs/use-cases/predictive_analytics/overview.mdx,100.00
mindsdb/integrations/handlers/mindsdb_inference/settings.py,90.48
mindsdb/integrations/handlers/mindsdb_inference/icon.svg,100.00
tests/unit/handlers/test_postgres.py,94.55
mindsdb/api/executor/datahub/datanodes/system_tables.py,81.10
docs/rest/agents/list-skills.mdx,100.00
tests/unit/ml_handlers/test_mindsdb_inference.py,100.00
tests/unit/handlers/test_clickhouse.py,74.81
docs/rest/agents/create-skill.mdx,100.00
docs/rest/agents/delete-skill.mdx,100.00
docs/rest/agents/get-skill.mdx,100.00
docs/rest/agents/update-skill.mdx,100.00
docs/rest/agents/create-agent.mdx,100.00
docs/rest/agents/delete-agent.mdx,100.00
docs/rest/agents/get-agent.mdx,100.00
docs/rest/agents/list-agents.mdx,100.00
docs/rest/agents/query-agent.mdx,100.00
docs/rest/agents/update-agent.mdx,100.00
docs/rest/agents/create-chatbot.mdx,100.00
docs/rest/agents/delete-chatbot.mdx,100.00
docs/rest/agents/get-chatbot.mdx,100.00
docs/rest/agents/list-chatbots.mdx,100.00
docs/rest/agents/update-chatbot.mdx,100.00
tests/unit/ml_handlers/test_mindsdb_inference_integrations_tests.py,100.00
mindsdb/integrations/handlers/mindsdb_inference/tests/test_mindsdb_inference_handler.py,100.00
mindsdb/migrations/versions/2024-04-25_2958416fbe75_drop_semaphor.py,100.00
mindsdb/api/http/namespaces/configs/jobs.py,100.00
mindsdb/api/http/namespaces/jobs.py,100.00
tests/api/http/jobs_test.py,100.00
mindsdb/integrations/handlers/altibase_handler/tests/test_altibase_handler_dsn.py,100.00
mindsdb/api/http/namespaces/configs/knowledge_bases.py,100.00
mindsdb/api/http/namespaces/knowledge_bases.py,67.40
mindsdb/integrations/utilities/rag/loaders/file_loader.py,97.83
mindsdb/integrations/utilities/rag/splitters/file_splitter.py,64.16
tests/integrations/utilities/rag/data/movies.csv,100.00
tests/integrations/utilities/rag/data/test.html,100.00
tests/integrations/utilities/rag/data/test.txt,100.00
tests/integrations/utilities/rag/test_file_loader.py,100.00
tests/integrations/utilities/rag/test_file_splitter.py,100.00
mindsdb/integrations/handlers/snowflake_handler/README.md,100.00
tests/unit/handlers/test_snowflake.py,98.30
mindsdb/integrations/handlers/snowflake_handler/tests/seed.sql,100.00
mindsdb/api/mongo/responders/describe.py,96.00
docs/sdks/python/agents.mdx,96.02
docs/sdks/python/agents_knowledge_bases.mdx,66.67
docs/sdks/python/agents_skills.mdx,100.00
mindsdb/integrations/handlers/anyscale_endpoints_handler/settings.py,100.00
mindsdb/integrations/handlers/postgres_handler/connection_args.py,100.00
tests/unit/handlers/test_web.py,65.08
mindsdb/integrations/handlers/openai_handler/creation_args.py,100.00
mindsdb/integrations/handlers/access_handler/connection_args.py,100.00
mindsdb/integrations/handlers/aerospike_handler/connection_args.py,100.00
mindsdb/integrations/handlers/airtable_handler/connection_args.py,100.00
mindsdb/integrations/handlers/altibase_handler/connection_args.py,92.73
mindsdb/integrations/handlers/aqicn_handler/connection_args.py,100.00
mindsdb/integrations/handlers/aurora_handler/connection_args.py,100.00
mindsdb/integrations/handlers/bigquery_handler/connection_args.py,100.00
mindsdb/integrations/handlers/byom_handler/connection_args.py,78.95
mindsdb/integrations/handlers/cassandra_handler/connection_args.py,100.00
mindsdb/integrations/handlers/chromadb_handler/connection_args.py,100.00
mindsdb/integrations/handlers/clickhouse_handler/connection_args.py,100.00
mindsdb/integrations/handlers/cloud_spanner_handler/connection_args.py,100.00
mindsdb/integrations/handlers/cloud_sql_handler/connection_args.py,100.00
mindsdb/integrations/handlers/coinbase_handler/connection_args.py,100.00
mindsdb/integrations/handlers/couchbase_handler/connection_args.py,91.43
mindsdb/integrations/handlers/databend_handler/connection_args.py,100.00
mindsdb/integrations/handlers/databricks_handler/connection_args.py,85.29
mindsdb/integrations/handlers/db2_handler/connection_args.py,64.06
mindsdb/integrations/handlers/derby_handler/connection_args.py,100.00
mindsdb/integrations/handlers/dockerhub_handler/connection_args.py,100.00
mindsdb/integrations/handlers/documentdb_handler/connection_args.py,100.00
mindsdb/integrations/handlers/dremio_handler/connection_args.py,100.00
mindsdb/integrations/handlers/druid_handler/connection_args.py,100.00
mindsdb/integrations/handlers/duckdb_handler/connection_args.py,100.00
mindsdb/integrations/handlers/dynamodb_handler/connection_args.py,62.22
mindsdb/integrations/handlers/edgelessdb_handler/connection_args.py,100.00
mindsdb/integrations/handlers/elasticsearch_handler/connection_args.py,50.75
mindsdb/integrations/handlers/empress_handler/connection_args.py,100.00
mindsdb/integrations/handlers/faunadb_handler/connection_args.py,100.00
mindsdb/integrations/handlers/firebird_handler/connection_args.py,100.00
mindsdb/integrations/handlers/github_handler/connection_args.py,100.00
mindsdb/integrations/handlers/gmail_handler/connection_args.py,93.10
mindsdb/integrations/handlers/google_calendar_handler/connection_args.py,55.56
mindsdb/integrations/handlers/google_content_shopping_handler/connection_args.py,100.00
mindsdb/integrations/handlers/google_search_handler/connection_args.py,100.00
mindsdb/integrations/handlers/hana_handler/connection_args.py,80.45
mindsdb/integrations/handlers/hive_handler/connection_args.py,68.25
mindsdb/integrations/handlers/hsqldb_handler/connection_args.py,100.00
mindsdb/integrations/handlers/ignite_handler/connection_args.py,100.00
mindsdb/integrations/handlers/impala_handler/connection_args.py,100.00
mindsdb/integrations/handlers/ingres_handler/connection_args.py,100.00
mindsdb/integrations/handlers/kinetica_handler/connection_args.py,100.00
mindsdb/integrations/handlers/lancedb_handler/connection_args.py,100.00
mindsdb/integrations/handlers/libsql_handler/connection_args.py,100.00
mindsdb/integrations/handlers/luma_handler/connection_args.py,100.00
mindsdb/integrations/handlers/matrixone_handler/connection_args.py,100.00
mindsdb/integrations/handlers/maxdb_handler/connection_args.py,100.00
mindsdb/integrations/handlers/milvus_handler/connection_args.py,94.96
mindsdb/integrations/handlers/monetdb_handler/connection_args.py,100.00
mindsdb/integrations/handlers/mongodb_handler/connection_args.py,100.00
mindsdb/integrations/handlers/mssql_handler/connection_args.py,100.00
mindsdb/integrations/handlers/mysql_handler/connection_args.py,100.00
mindsdb/integrations/handlers/newsapi_handler/connection_args.py,100.00
mindsdb/integrations/handlers/nuo_jdbc_handler/connection_args.py,100.00
mindsdb/integrations/handlers/oilpriceapi_handler/connection_args.py,100.00
mindsdb/integrations/handlers/opengauss_handler/connection_args.py,100.00
mindsdb/integrations/handlers/oracle_handler/connection_args.py,61.25
mindsdb/integrations/handlers/orioledb_handler/connection_args.py,100.00
mindsdb/integrations/handlers/pgvector_handler/connection_args.py,100.00
mindsdb/integrations/handlers/phoenix_handler/connection_args.py,100.00
mindsdb/integrations/handlers/pinecone_handler/connection_args.py,100.00
mindsdb/integrations/handlers/pinot_handler/connection_args.py,100.00
mindsdb/integrations/handlers/pirateweather_handler/connection_args.py,100.00
mindsdb/integrations/handlers/planetscale_handler/connection_args.py,100.00
mindsdb/integrations/handlers/qdrant_handler/connection_args.py,100.00
mindsdb/integrations/handlers/redshift_handler/connection_args.py,79.66
mindsdb/integrations/handlers/rockset_handler/connection_args.py,100.00
mindsdb/integrations/handlers/s3_handler/connection_args.py,63.64
mindsdb/integrations/handlers/scylla_handler/connection_args.py,100.00
mindsdb/integrations/handlers/sheets_handler/connection_args.py,100.00
mindsdb/integrations/handlers/snowflake_handler/connection_args.py,90.62
mindsdb/integrations/handlers/solr_handler/connection_args.py,100.00
mindsdb/integrations/handlers/sqlany_handler/connection_args.py,100.00
mindsdb/integrations/handlers/sqlite_handler/connection_args.py,100.00
mindsdb/integrations/handlers/sqreamdb_handler/connection_args.py,100.00
mindsdb/integrations/handlers/surrealdb_handler/connection_args.py,100.00
mindsdb/integrations/handlers/symbl_handler/connection_args.py,100.00
mindsdb/integrations/handlers/tdengine_handler/connection_args.py,100.00
mindsdb/integrations/handlers/teradata_handler/connection_args.py,86.17
mindsdb/integrations/handlers/tidb_handler/connection_args.py,100.00
mindsdb/integrations/handlers/vertica_handler/connection_args.py,100.00
mindsdb/integrations/handlers/weaviate_handler/connection_args.py,100.00
mindsdb/integrations/handlers/xata_handler/connection_args.py,100.00
mindsdb/integrations/handlers/zipcodebase_handler/connection_args.py,100.00
mindsdb/integrations/utilities/handlers/api_utilities/microsoft/ms_graph_api_utilities.py,93.64
mindsdb/integrations/utilities/handlers/auth_utilities/__init__.py,100.00
mindsdb/integrations/utilities/handlers/auth_utilities/exceptions.py,100.00
mindsdb/integrations/utilities/handlers/auth_utilities/google/google_service_account_oauth_utilities.py,100.00
mindsdb/integrations/utilities/handlers/auth_utilities/google/google_user_oauth_utilities.py,90.62
mindsdb/integrations/utilities/handlers/auth_utilities/microsoft/__init__.py,100.00
mindsdb/integrations/utilities/handlers/auth_utilities/microsoft/ms_graph_api_auth_utilities.py,83.49
mindsdb/integrations/utilities/handlers/query_utilities/base_query_utilities.py,50.00
mindsdb/integrations/utilities/handlers/query_utilities/delete_query_utilities.py,83.33
mindsdb/integrations/utilities/handlers/query_utilities/exceptions.py,100.00
mindsdb/integrations/utilities/handlers/query_utilities/insert_query_utilities.py,50.00
mindsdb/integrations/utilities/handlers/query_utilities/select_query_utilities.py,83.33
mindsdb/integrations/utilities/handlers/query_utilities/update_query_utilities.py,83.33
mindsdb/integrations/utilities/handlers/validation_utilities/parameter_validation_utilities.py,100.00
mindsdb/integrations/handlers/anyscale_endpoints_handler/tests/test_anyscale_endpoints_handler.py,100.00
mindsdb/integrations/handlers/mariadb_handler/connection_args.py,100.00
mindsdb/integrations/handlers/anyscale_endpoints_handler/creation_args.py,100.00
mindsdb/integrations/handlers/openai_handler/model_using_args.py,100.00
tests/unit/dummy_ml_handler/creation_args.py,100.00
tests/unit/dummy_ml_handler/model_using_args.py,100.00
tests/unit/ml_handlers/test_anyscale_endpoints.py,100.00
mindsdb/integrations/handlers/openai_handler/tests/test_openai_handler.py,99.63
docs/rest/files/list.mdx,100.00
mindsdb/integrations/handlers/langchain_handler/langfuse_callback_handler.py,100.00
mindsdb/integrations/libs/ml_handler_process/func_call_process.py,100.00
mindsdb/interfaces/functions/controller.py,100.00
mindsdb/integrations/handlers/openai_handler/README.md,83.40
docs/integrations/ai-engines/minds_endpoint.mdx,95.83
mindsdb/integrations/handlers/minds_endpoint/README.md,100.00
mindsdb/integrations/handlers/minds_endpoint/__about__.py,100.00
mindsdb/integrations/handlers/minds_endpoint/__init__.py,100.00
mindsdb/integrations/handlers/minds_endpoint/minds_endpoint_handler.py,100.00
mindsdb/integrations/handlers/minds_endpoint/settings.py,100.00
mindsdb/integrations/handlers/minds_endpoint/tests/test_minds_endpoint_handler.py,100.00
tests/unit/ml_handlers/test_minds_endpoint.py,100.00
mindsdb/integrations/handlers/redshift_handler/tests/seed.sql,100.00
tests/unit/handlers/test_redshift.py,100.00
mindsdb/integrations/handlers/zotero_handler/README.md,100.00
mindsdb/integrations/handlers/zotero_handler/__about__.py,100.00
mindsdb/integrations/handlers/zotero_handler/__init__.py,100.00
mindsdb/integrations/handlers/zotero_handler/icon.svg,100.00
mindsdb/integrations/handlers/zotero_handler/requirements.txt,100.00
mindsdb/integrations/handlers/zotero_handler/zotero_handler.py,100.00
mindsdb/integrations/handlers/zotero_handler/zotero_tables.py,99.37
tests/handler_tests/test_zotero_handler.py,98.87
mindsdb/integrations/handlers/bigquery_handler/tests/seed.sql,100.00
tests/unit/handlers/test_bigquery.py,100.00
mindsdb/integrations/handlers/minds_endpoint_handler/minds_endpoint_handler.py,100.00
mindsdb/integrations/handlers/minds_endpoint_handler/requirements.txt,100.00
docs/setup/cloud/aws-marketplace.mdx,100.00
docs/integrations/ai-engines/google_gemini.mdx,100.00
docs/rest/jobs/get.mdx,100.00
docs/rest/jobs/list.mdx,100.00
mindsdb/integrations/handlers/athena_handler/README.md,100.00
mindsdb/integrations/handlers/athena_handler/__about__.py,100.00
mindsdb/integrations/handlers/athena_handler/__init__.py,100.00
mindsdb/integrations/handlers/athena_handler/athena_handler.py,94.74
mindsdb/integrations/handlers/athena_handler/connection_args.py,100.00
mindsdb/integrations/handlers/athena_handler/icon.svg,100.00
mindsdb/integrations/handlers/athena_handler/tests/test_athena_handler.py,100.00
mindsdb/interfaces/skills/custom/text2sql/mindsdb_sql_tool.py,47.06
mindsdb/interfaces/skills/custom/text2sql/mindsdb_sql_toolkit.py,56.59
mindsdb/integrations/handlers/llama_index_handler/settings.py,100.00
tests/unit/executor/test_api_handler.py,100.00
tests/unit/executor/test_base_queires.py,98.91
tests/unit/executor/test_executor.py,93.33
tests/unit/executor/test_jobs.py,100.00
tests/unit/executor/test_models.py,100.00
tests/unit/executor/test_mongodb_handler.py,100.00
tests/unit/executor/test_mongodb_server.py,100.00
tests/unit/executor/test_predictor_params.py,100.00
tests/unit/executor/test_project_structure.py,100.00
tests/unit/executor/test_schema.py,100.00
tests/unit/executor/test_udf.py,100.00
mindsdb/integrations/handlers/langchain_handler/safe_output_parser.py,100.00
docs/integrations/support.mdx,97.79
tests/interfaces/agents/test_sql_agent_cache.py,100.00
mindsdb/integrations/handlers/dspy_handler/README.md,100.00
mindsdb/integrations/handlers/dspy_handler/__about__.py,100.00
mindsdb/integrations/handlers/dspy_handler/__init__.py,100.00
mindsdb/integrations/handlers/dspy_handler/dspy_handler.py,100.00
mindsdb/integrations/handlers/dspy_handler/icon.svg,100.00
mindsdb/integrations/handlers/dspy_handler/requirements.txt,85.71
mindsdb/interfaces/llm/llm_controller.py,100.00
mindsdb/migrations/versions/2024-06-06_cbedc4968d5d_store_llm_data.py,100.00
tests/unit/ml_handlers/test_dspy.py,100.00
mindsdb/interfaces/agents/constants.py,72.41
mindsdb/interfaces/agents/langchain_agent.py,29.35
mindsdb/interfaces/agents/langfuse_callback_handler.py,61.93
mindsdb/interfaces/agents/log_callback_handler.py,100.00
mindsdb/interfaces/agents/mindsdb_chat_model.py,50.98
mindsdb/interfaces/agents/mindsdb_database_agent.py,94.44
mindsdb/interfaces/agents/safe_output_parser.py,100.00
mindsdb/interfaces/agents/tools.py,89.80
mindsdb/migrations/versions/2024-07-09_bfc6f44f5bc9_agent_model_optional.py,100.00
tests/unit/executor/test_agent.py,60.39
docs/mindsdb_sql/functions/custom_functions.mdx,100.00
tests/unit/handlers/test_elasticsearch.py,100.00
mindsdb/migrations/versions/2024-07-19_45eb2eb61f70_add_provider_to_agent.py,100.00
tests/unit/handlers/test_s3.py,84.62
mindsdb/interfaces/agents/callback_handlers.py,65.82
tests/unit/handlers/test_databricks.py,100.00
.github/workflows/deploy.yml,100.00
docs/integrations/ai-engines/amazon-bedrock.mdx,100.00
mindsdb/integrations/handlers/bedrock_handler/README.md,98.04
mindsdb/integrations/handlers/bedrock_handler/__about__.py,100.00
mindsdb/integrations/handlers/bedrock_handler/__init__.py,100.00
mindsdb/integrations/handlers/bedrock_handler/bedrock_handler.py,100.00
mindsdb/integrations/handlers/bedrock_handler/icon.svg,100.00
mindsdb/integrations/handlers/bedrock_handler/requirements.txt,100.00
mindsdb/integrations/handlers/bedrock_handler/settings.py,99.66
mindsdb/integrations/handlers/bedrock_handler/utilities.py,100.00
tests/unit/handlers/base_handler_test.py,100.00
tests/unit/handlers/test_dynamodb.py,98.56
tests/unit/handlers/test_mariadb.py,100.00
tests/unit/handlers/test_oracle.py,100.00
mindsdb/migrations/versions/2024-08-12_8e17ff6b75e9_agents_deleted_at.py,100.00
docs/use-cases/ai-powered_data_retrieval/embedding-model.mdx,100.00
tests/unit/handlers/test_mongodb.py,99.23
docs/integrations/app-integrations/symbl.mdx,100.00
tests/unit/handlers/test_hive.py,100.00
docs/faqs/missing-required-cpu-features.mdx,94.12
tests/unit/handlers/test_teradata.py,100.00
tests/unit/handlers/test_db2.py,100.00
mindsdb/integrations/utilities/rag/loaders/vector_store_loader/pgvector.py,49.41
tests/unit/handlers/test_hana.py,100.00
mindsdb/utilities/sentry.py,100.00
docs/integrations/data-integrations/greptimedb.mdx,100.00
mindsdb/integrations/handlers/greptimedb_handler/README.md,100.00
mindsdb/integrations/handlers/greptimedb_handler/__about__.py,100.00
mindsdb/integrations/handlers/greptimedb_handler/__init__.py,100.00
mindsdb/integrations/handlers/greptimedb_handler/greptimedb_handler.py,100.00
mindsdb/integrations/handlers/greptimedb_handler/icon.svg,100.00
mindsdb/integrations/handlers/greptimedb_handler/requirements.txt,100.00
mindsdb/integrations/utilities/rag/loaders/vector_store_loader/MDBVectorStore.py,100.00
mindsdb/integrations/utilities/rag/rerankers/reranker_compressor.py,47.77
tests/integrations/utilities/rag/rerankers/test_openai_reranker.py,96.08
mindsdb/integrations/handlers/serpstack_handler/README.md,100.00
mindsdb/integrations/handlers/serpstack_handler/__about__.py,100.00
mindsdb/integrations/handlers/serpstack_handler/__init__.py,100.00
mindsdb/integrations/handlers/serpstack_handler/icon.svg,100.00
mindsdb/integrations/handlers/serpstack_handler/serpstack_handler.py,98.40
mindsdb/integrations/handlers/serpstack_handler/serpstack_tables.py,99.62
docs/integrations/data-integrations/couchbasevector.mdx,100.00
mindsdb/integrations/handlers/couchbasevector_handler/README.md,98.53
mindsdb/integrations/handlers/couchbasevector_handler/__about__.py,100.00
mindsdb/integrations/handlers/couchbasevector_handler/__init__.py,100.00
mindsdb/integrations/handlers/couchbasevector_handler/connection_args.py,100.00
mindsdb/integrations/handlers/couchbasevector_handler/couchbasevector_handler.py,80.27
mindsdb/integrations/handlers/couchbasevector_handler/icon.svg,100.00
mindsdb/integrations/handlers/couchbasevector_handler/requirements.txt,100.00
mindsdb/api/http/namespaces/configs/webhooks.py,100.00
mindsdb/api/http/namespaces/webhooks.py,100.00
mindsdb/migrations/versions/2024-10-07_6c57ed39a82b_added_webhook_token_to_chat_bots.py,100.00
mindsdb/integrations/handlers/ckan_handler/connection_args.py,100.00
mindsdb/integrations/handlers/salesforce_handler/README.md,94.59
mindsdb/integrations/handlers/salesforce_handler/__about__.py,100.00
mindsdb/integrations/handlers/salesforce_handler/__init__.py,100.00
mindsdb/integrations/handlers/salesforce_handler/connection_args.py,81.25
mindsdb/integrations/handlers/salesforce_handler/icon.svg,100.00
mindsdb/integrations/handlers/salesforce_handler/requirements.txt,100.00
mindsdb/integrations/handlers/salesforce_handler/salesforce_handler.py,99.03
mindsdb/integrations/handlers/salesforce_handler/salesforce_tables.py,99.53
mindsdb/interfaces/skills/retrieval_tool.py,57.84
tests/api/http/knowledge_bases_test.py,69.05
docs/integrations/ai-engines/portkey.mdx,51.70
mindsdb/integrations/handlers/portkey_handler/README.md,100.00
mindsdb/integrations/handlers/portkey_handler/__about__.py,100.00
mindsdb/integrations/handlers/portkey_handler/__init__.py,100.00
mindsdb/integrations/handlers/portkey_handler/icon.svg,100.00
mindsdb/integrations/handlers/portkey_handler/portkey_handler.py,100.00
mindsdb/integrations/handlers/portkey_handler/requirements.txt,100.00
docs/mindsdb_sql/functions/llm_function.mdx,100.00
mindsdb/integrations/handlers/gcs_handler/README.md,100.00
mindsdb/integrations/handlers/gcs_handler/__about__.py,100.00
mindsdb/integrations/handlers/gcs_handler/__init__.py,100.00
mindsdb/integrations/handlers/gcs_handler/connection_args.py,100.00
mindsdb/integrations/handlers/gcs_handler/gcs_handler.py,99.52
mindsdb/integrations/handlers/gcs_handler/gcs_tables.py,100.00
mindsdb/integrations/handlers/gcs_handler/icon.svg,100.00
mindsdb/integrations/handlers/gcs_handler/requirements.txt,100.00
docs/use-cases/ai_agents/build_ai_agents.mdx,100.00
docs/integrations/app-integrations/salesforce.mdx,100.00
tests/unit/executor/test_files.py,52.24
tests/handler_tests/data/pgvector/seed.sql,100.00
tests/handler_tests/test_pgvector_handler.py,100.00
mindsdb/integrations/handlers/zendesk_handler/README.md,100.00
mindsdb/integrations/handlers/zendesk_handler/__about__.py,100.00
mindsdb/integrations/handlers/zendesk_handler/__init__.py,100.00
mindsdb/integrations/handlers/zendesk_handler/connection_args.py,100.00
mindsdb/integrations/handlers/zendesk_handler/icon.svg,100.00
mindsdb/integrations/handlers/zendesk_handler/requirements.txt,100.00
mindsdb/integrations/handlers/zendesk_handler/zendesk_handler.py,97.80
mindsdb/integrations/handlers/zendesk_handler/zendesk_tables.py,99.78
mindsdb/integrations/handlers/financial_modeling_prep_handler/README.MD,100.00
mindsdb/integrations/handlers/financial_modeling_prep_handler/__about__.py,100.00
mindsdb/integrations/handlers/financial_modeling_prep_handler/__init__.py,100.00
mindsdb/integrations/handlers/financial_modeling_prep_handler/financial_modeling_handler.py,100.00
mindsdb/integrations/handlers/financial_modeling_prep_handler/financial_modeling_tables.py,98.89
mindsdb/integrations/handlers/financial_modeling_prep_handler/icon.svg,100.00
mindsdb/integrations/handlers/financial_modeling_prep_handler/tests/test_financial_modeling_handler.py,100.00
mindsdb/utilities/otel.py,100.00
mindsdb/interfaces/knowledge_base/preprocessing/constants.py,73.33
mindsdb/interfaces/knowledge_base/preprocessing/document_loader.py,97.03
mindsdb/interfaces/knowledge_base/preprocessing/document_preprocessor.py,65.87
mindsdb/interfaces/knowledge_base/preprocessing/models.py,84.92
docs/integrations/vector-db-integrations/couchbase.mdx,100.00
mindsdb/integrations/handlers/unify_handler/README.md,100.00
mindsdb/integrations/handlers/unify_handler/__about__.py,100.00
mindsdb/integrations/handlers/unify_handler/__init__.py,100.00
mindsdb/integrations/handlers/unify_handler/creation_args.py,100.00
mindsdb/integrations/handlers/unify_handler/icon.svg,100.00
mindsdb/integrations/handlers/unify_handler/model_using_args.py,100.00
mindsdb/integrations/handlers/unify_handler/requirements.txt,100.00
mindsdb/integrations/handlers/unify_handler/tests/test_unify_handler.py,96.77
mindsdb/integrations/handlers/unify_handler/unify_handler.py,100.00
tests/unit/ml_handlers/test_unify.py,100.00
mindsdb/integrations/handlers/groq_handler/README.md,100.00
mindsdb/integrations/handlers/groq_handler/__about__.py,100.00
mindsdb/integrations/handlers/groq_handler/__init__.py,100.00
mindsdb/integrations/handlers/groq_handler/groq_handler.py,100.00
mindsdb/integrations/handlers/groq_handler/icon.svg,100.00
mindsdb/integrations/handlers/groq_handler/requirements.txt,100.00
mindsdb/integrations/handlers/groq_handler/settings.py,100.00
tests/integration_tests/knowledge_bases/data/seed.sql,100.00
tests/integration_tests/knowledge_bases/test_knowledge_bases.py,100.00
mindsdb/integrations/handlers/dropbox_handler/README.md,100.00
mindsdb/integrations/handlers/dropbox_handler/__about__.py,100.00
mindsdb/integrations/handlers/dropbox_handler/__init__.py,100.00
mindsdb/integrations/handlers/dropbox_handler/connection_args.py,100.00
mindsdb/integrations/handlers/dropbox_handler/dropbox_handler.py,99.22
mindsdb/integrations/handlers/dropbox_handler/icon.svg,100.00
mindsdb/integrations/handlers/dropbox_handler/requirements.txt,100.00
mindsdb/integrations/handlers/dropbox_handler/tests/test_dropbox_handler.py,100.00
mindsdb/integrations/handlers/azure_blob_handler/README.md,100.00
mindsdb/integrations/handlers/azure_blob_handler/__about__.py,100.00
mindsdb/integrations/handlers/azure_blob_handler/__init__.py,100.00
mindsdb/integrations/handlers/azure_blob_handler/azure_blob_handler.py,99.14
mindsdb/integrations/handlers/azure_blob_handler/connection_args.py,100.00
mindsdb/integrations/handlers/azure_blob_handler/icon.svg,100.00
mindsdb/integrations/handlers/azure_blob_handler/requirements.txt,100.00
tests/unit/handlers/test_azure_blob.py,100.00
mindsdb/integrations/handlers/ibm_cos_handler/README.md,100.00
mindsdb/integrations/handlers/ibm_cos_handler/__about__.py,100.00
mindsdb/integrations/handlers/ibm_cos_handler/__init__.py,100.00
mindsdb/integrations/handlers/ibm_cos_handler/connection_args.py,100.00
mindsdb/integrations/handlers/ibm_cos_handler/ibm_cos_handler.py,99.41
mindsdb/integrations/handlers/ibm_cos_handler/icon.svg,100.00
mindsdb/integrations/handlers/ibm_cos_handler/requirements.txt,100.00
mindsdb/integrations/handlers/ibm_cos_handler/tests/test_ibm_cos_handler.py,100.00
docs/integrations/app-integrations/microsoft-onedrive.mdx,99.17
mindsdb/integrations/handlers/ms_one_drive_handler/README.md,100.00
mindsdb/integrations/handlers/ms_one_drive_handler/__about__.py,100.00
mindsdb/integrations/handlers/ms_one_drive_handler/__init__.py,100.00
mindsdb/integrations/handlers/ms_one_drive_handler/icon.svg,100.00
mindsdb/integrations/handlers/ms_one_drive_handler/ms_graph_api_one_drive_client.py,100.00
mindsdb/integrations/handlers/ms_one_drive_handler/ms_one_drive_handler.py,96.48
mindsdb/integrations/handlers/ms_one_drive_handler/ms_one_drive_tables.py,90.09
scripts/init-dbs.sh,100.00
docs/mindsdb_sql/sql_support/aggregate-functions.mdx,100.00
docs/mindsdb_sql/sql_support/case-when.mdx,100.00
docs/mindsdb_sql/sql_support/cte.mdx,100.00
docs/mindsdb_sql/sql_support/window-functions.mdx,100.00
mindsdb/migrations/versions/2024-11-15_9d559f68d535_add_llm_log_columns.py,100.00
mindsdb/migrations/versions/2024-11-19_0f89b523f346_agent_skills_parameters.py,100.00
mindsdb/api/executor/planner/README.md,100.00
mindsdb/api/executor/planner/__init__.py,100.00
mindsdb/api/executor/planner/exceptions.py,100.00
mindsdb/api/executor/planner/plan_join.py,100.00
mindsdb/api/executor/planner/plan_join_ts.py,100.00
mindsdb/api/executor/planner/query_plan.py,100.00
mindsdb/api/executor/planner/query_planner.py,99.30
mindsdb/api/executor/planner/query_prepare.py,100.00
mindsdb/api/executor/planner/step_result.py,100.00
mindsdb/api/executor/planner/steps.py,100.00
mindsdb/api/executor/planner/ts_utils.py,100.00
mindsdb/api/executor/planner/utils.py,100.00
mindsdb/integrations/utilities/query_traversal.py,100.00
tests/unit/planner/test_injected_data.py,100.00
tests/unit/planner/test_integration_select.py,100.00
tests/unit/planner/test_join_predictor.py,100.00
tests/unit/planner/test_join_tables.py,100.00
tests/unit/planner/test_mindsdb_predictors_select.py,100.00
tests/unit/planner/test_plan_union.py,100.00
tests/unit/planner/test_prepared_statement.py,100.00
tests/unit/planner/test_select_from_predictor.py,100.00
tests/unit/planner/test_ts_predictor.py,100.00
mindsdb/utilities/render/README.md,100.00
mindsdb/utilities/render/sqlalchemy_render.py,98.76
tests/unit/render/test_sqlalchemyrender.py,100.00
tests/unit/test_rag_search_kwargs.py,100.00
tests/unit/test_retrieval_tool.py,94.34
mindsdb/integrations/handlers/confluence_handler/connection_args.py,100.00
docs/integrations/ai-engines/clipdrop.mdx,100.00
mindsdb/integrations/utilities/rag/chains/map_reduce_summarizer_chain.py,81.30
tests/unit/test_map_reduce_summarizer_chain.py,100.00
tests/unit/handlers/test_chromadb_handler.py,100.00
tests/unit/test_document_preprocessor.py,52.87
mindsdb/integrations/handlers/box_handler/README.md,100.00
mindsdb/integrations/handlers/box_handler/__about__.py,100.00
mindsdb/integrations/handlers/box_handler/__init__.py,100.00
mindsdb/integrations/handlers/box_handler/box_handler.py,100.00
mindsdb/integrations/handlers/box_handler/connection_args.py,100.00
mindsdb/integrations/handlers/box_handler/icon.svg,100.00
mindsdb/integrations/handlers/box_handler/requirements.txt,100.00
mindsdb/migrations/versions/2024-11-28_a8a3fac369e7_llm_log_json_in_out.py,100.00
mindsdb/migrations/versions/2024-11-29_f6dc924079fa_predictor_training_metadata.py,100.00
tests/unit/test_langchain_agent.py,100.00
mindsdb/integrations/handlers/slack_handler/connection_args.py,100.00
mindsdb/integrations/handlers/slack_handler/slack_tables.py,100.00
tests/unit/handlers/test_slack.py,100.00
tests/unit/render/test_from_parser.py,100.00
docs/sdks/community-sdk.mdx,100.00
docs/integrations/files/csv-xlsx-xls.mdx,100.00
docs/integrations/files/json.mdx,100.00
docs/integrations/files/parquet.mdx,100.00
docs/integrations/files/pdf.mdx,100.00
docs/integrations/files/txt.mdx,100.00
docs/integrations/sample-database.mdx,100.00
mindsdb/integrations/handlers/langchain_embedding_handler/vllm_embeddings.py,66.92
mindsdb/integrations/utilities/rag/config_loader.py,100.00
tests/unit/test_rag_config_loader.py,100.00
.github/workflows/release_notes.yml,98.63
mindsdb/integrations/utilities/rag/retrievers/sql_retriever.py,73.78
tests/unit/test_sql_retriever.py,100.00
mindsdb/utilities/starters.py,100.00
mindsdb/integrations/utilities/rag/retrievers/multi_hop_retriever.py,100.00
mindsdb/integrations/utilities/rag/retrievers/retriever_factory.py,100.00
tests/integrations/utilities/rag/retrievers/test_multi_hop_retriever.py,100.00
docs/setup/my_config.json,100.00
mindsdb/integrations/handlers/langchain_embedding_handler/fastapi_embeddings.py,100.00
tests/integration_tests/knowledge_bases/mindsdb_langchain_pgvector_integration_test.py,100.00
docs/setup/open_telemetry.mdx,100.00
mindsdb/utilities/otel/__init__.py,100.00
mindsdb/utilities/otel/logger.py,100.00
mindsdb/utilities/otel/meter.py,100.00
mindsdb/utilities/otel/metric_handlers/__init__.py,100.00
mindsdb/utilities/otel/tracer.py,100.00
mindsdb/utilities/utils.py,100.00
otel-collector-config.yaml,100.00
mindsdb/migrations/versions/2025-01-15_c06c35f7e8e1_project_company.py,100.00
mindsdb/utilities/langfuse.py,100.00
mindsdb/utilities/partitioning.py,100.00
mindsdb/integrations/utilities/files/file_reader.py,100.00
mindsdb/interfaces/agents/event_dispatch_callback_handler.py,100.00
docs/minds-demo.mdx,100.00
mindsdb/migrations/versions/2025-02-09_4943359e354a_file_metadata.py,100.00
mindsdb/migrations/versions/2025-02-10_6ab9903fc59a_del_log_table.py,100.00
mindsdb/integrations/handlers/youtube_handler/connection_args.py,100.00
mindsdb/integrations/utilities/rag/chains/local_context_summarizer_chain.py,100.00
mindsdb/migrations/versions/2025-02-14_4521dafe89ab_added_encrypted_content_to_json_storage.py,93.55
mindsdb/migrations/versions/2025-02-19_11347c213b36_added_metadata_to_projects.py,100.00
mindsdb/integrations/utilities/pydantic_utils.py,100.00
mindsdb/integrations/libs/api_handler_generator.py,100.00
docs/mindsdb_sql/sql/use/project.mdx,100.00
