file,author1,author2,time1,time2
.github/workflows/cargo_test.yml,Rodrigo Araújo,Alex Hansen,2021-10-27 10:27:45-07:00,2021-10-28 12:43:03+11:00
.github/workflows/cargo_test.yml,Alex Hansen,Rodrigo Araújo,2021-10-31 20:57:57-07:00,2021-11-01 09:37:50-07:00
.github/workflows/cargo_test.yml,Rodrigo Araújo,Alex Hansen,2021-11-01 09:37:50-07:00,2021-11-01 22:57:41-07:00
.github/workflows/ci.yml,roy_fuel,Toby Hutton,2022-01-12 16:39:30-05:00,2022-01-13 09:44:39+11:00
.github/workflows/ci.yml,John Adler,roy_fuel,2022-01-18 06:06:32-08:00,2022-01-18 21:20:28-05:00
.github/workflows/ci.yml,roy_fuel,Elliot,2022-02-10 15:46:04-05:00,2022-02-10 14:45:15-08:00
.github/workflows/ci.yml,John Adler,mitchmindtree,2022-03-28 16:01:54-04:00,2022-03-29 12:30:23+11:00
.github/workflows/ci.yml,Joshua Batty,Nick Furfaro,2022-04-20 16:31:05+10:00,2022-04-20 19:52:04-07:00
.github/workflows/ci.yml,bing,rashad,2022-05-02 11:05:14+08:00,2022-05-02 08:01:25-07:00
.github/workflows/ci.yml,Brandon Kite,rashad,2022-05-04 16:33:35-07:00,2022-05-04 16:44:47-07:00
.github/workflows/ci.yml,Elliot,rashad,2022-05-09 18:43:28-07:00,2022-05-10 12:23:23-07:00
.github/workflows/ci.yml,rashad,bing,2022-05-16 10:25:58-07:00,2022-05-17 15:02:28+08:00
.github/workflows/ci.yml,JC,Brandon Kite,2022-05-25 18:25:17-04:00,2022-05-25 17:39:08-07:00
.github/workflows/ci.yml,Brandon Kite,John Adler,2022-05-25 17:39:08-07:00,2022-05-26 11:25:39-04:00
.github/workflows/ci.yml,JC,rashad,2022-07-01 09:57:48+00:00,2022-07-01 10:09:07-07:00
.github/workflows/ci.yml,Mohammad Fawaz,bing,2022-10-28 01:30:08+00:00,2022-10-28 13:41:04+00:00
.github/workflows/ci.yml,Mohammad Fawaz,João Matos,2022-11-03 21:44:33+00:00,2022-11-03 16:39:59-06:00
.github/workflows/ci.yml,João Matos,mitchmindtree,2022-11-03 16:39:59-06:00,2022-11-04 13:22:57+11:00
.github/workflows/ci.yml,mitchmindtree,Green Baneling,2023-03-09 17:37:47+11:00,2023-03-09 22:17:23+00:00
.github/workflows/ci.yml,Kaya Gökalp,bing,2023-04-24 12:22:40+00:00,2023-04-25 06:57:42+00:00
.github/workflows/ci.yml,Green Baneling,João Matos,2023-05-31 11:08:30+02:00,2023-05-31 12:10:58+00:00
.github/workflows/ci.yml,Kaya Gökalp,Sophie Dankel,2023-08-28 11:36:55+00:00,2023-08-29 19:48:21+10:00
.github/workflows/ci.yml,Kaya Gökalp,levisyin,2024-01-19 00:48:43-03:00,2024-01-19 11:52:29+00:00
.github/workflows/ci.yml,levisyin,Kaya Gökalp,2024-01-19 11:52:29+00:00,2024-01-20 11:12:40+00:00
.github/workflows/ci.yml,Sophie Dankel,Kaya Gökalp,2024-02-04 23:40:34+00:00,2024-02-06 08:49:01+11:00
.github/workflows/ci.yml,Kaya Gökalp,Joshua Batty,2024-04-10 23:58:59+00:00,2024-04-11 19:07:59+10:00
.github/workflows/ci.yml,Daniel Frederico Lins Leite,Joshua Batty,2024-08-22 12:33:59+02:00,2024-08-22 20:38:13-07:00
.github/workflows/ci.yml,Alfie John,Joshua Batty,2024-09-10 18:46:27+00:00,2024-09-11 06:21:08+02:00
.github/workflows/ci.yml,Daniel Frederico Lins Leite,Kaya Gökalp,2024-10-28 11:34:03+01:00,2024-10-28 15:41:25+01:00
.github/workflows/ci.yml,Sophie Dankel,Mike Christopher,2025-01-23 10:05:08+11:00,2025-01-23 14:39:21-08:00
.github/workflows/ci.yml,SwayStar123,Igor Rončević,2025-03-12 23:52:38+01:00,2025-03-13 20:47:01+11:00
.github/workflows/gh-pages.yml,Sophie Dankel,IGI-111,2025-03-03 16:05:01-08:00,2025-03-04 00:27:03+00:00
Cargo.lock,John Adler,Alex Hansen,2021-06-02 14:51:41-04:00,2021-06-02 14:34:33-07:00
Cargo.lock,Alex Hansen,John Adler,2021-06-02 14:34:33-07:00,2021-06-03 14:10:17-04:00
Cargo.lock,Victor Lopes,Elvis,2021-06-17 09:58:20+02:00,2021-06-17 16:29:16+02:00
Cargo.lock,Alex Hansen,Elvis,2021-07-06 17:15:42-07:00,2021-07-07 12:15:59+02:00
Cargo.lock,Elvis,Toby Hutton,2021-09-21 16:22:59+02:00,2021-09-22 14:53:21+10:00
Cargo.lock,Rodrigo Araújo,Alex Hansen,2021-11-01 09:37:50-07:00,2021-11-01 22:57:41-07:00
Cargo.lock,Alex Hansen,Brandon Kite,2021-11-04 21:15:38-07:00,2021-11-05 12:00:40-07:00
Cargo.lock,Brandon Kite,Alex Hansen,2021-11-05 12:00:40-07:00,2021-11-05 14:27:38-07:00
Cargo.lock,Emily Herbert,Alex Hansen,2021-12-23 11:07:25-08:00,2021-12-24 09:28:41-08:00
Cargo.lock,Alex Hansen,John Adler,2021-12-24 19:40:54-05:00,2021-12-24 22:25:11-08:00
Cargo.lock,Alex Hansen,John Adler,2021-12-29 11:44:11-08:00,2021-12-29 21:36:37-05:00
Cargo.lock,Alex Hansen,John Adler,2022-01-07 11:34:41-08:00,2022-01-07 14:39:40-05:00
Cargo.lock,John Adler,Nick Furfaro,2022-01-11 19:07:25-05:00,2022-01-12 14:44:43-07:00
Cargo.lock,Nick Furfaro,Toby Hutton,2022-01-12 14:44:43-07:00,2022-01-13 11:22:20-08:00
Cargo.lock,Toby Hutton,Victor Nepveu,2022-01-13 11:22:20-08:00,2022-01-14 19:28:33+01:00
Cargo.lock,Victor Nepveu,Toby Hutton,2022-01-14 19:28:33+01:00,2022-01-15 14:59:48+11:00
Cargo.lock,John Adler,Nick Furfaro,2022-01-18 19:21:09-08:00,2022-01-19 12:23:32-07:00
Cargo.lock,Alex Hansen,Hannes Karppila,2022-01-27 15:33:51-08:00,2022-01-28 08:31:45-08:00
Cargo.lock,Hannes Karppila,alex-matthe,2022-02-11 14:14:50-08:00,2022-02-12 13:48:46-05:00
Cargo.lock,alex-matthe,John Adler,2022-02-12 13:48:46-05:00,2022-02-12 18:23:00-05:00
Cargo.lock,Joshua Batty,John Adler,2022-02-28 15:47:08+11:00,2022-02-28 15:02:42-05:00
Cargo.lock,John Adler,Chris O'Brien,2022-02-28 15:02:42-05:00,2022-02-28 22:13:14-06:00
Cargo.lock,Joshua Batty,Chris O'Brien,2022-03-03 12:29:02+11:00,2022-03-02 19:58:28-06:00
Cargo.lock,John Adler,Joshua Batty,2022-03-07 15:59:28-05:00,2022-03-08 11:44:00+11:00
Cargo.lock,Joshua Batty,mitchmindtree,2022-03-08 11:44:00+11:00,2022-03-08 22:47:45+11:00
Cargo.lock,Joshua Batty,Emily Herbert,2022-03-22 14:07:26+11:00,2022-03-22 13:34:43-05:00
Cargo.lock,Emily Herbert,John Adler,2022-03-22 13:34:43-05:00,2022-03-22 11:53:15-07:00
Cargo.lock,John Adler,Mohammad Fawaz,2022-03-22 11:53:15-07:00,2022-03-22 23:09:29-04:00
Cargo.lock,Mohammad Fawaz,Chris O'Brien,2022-03-22 23:09:29-04:00,2022-03-22 22:35:22-05:00
Cargo.lock,John Adler,mitchmindtree,2022-03-27 16:47:00-04:00,2022-03-28 17:35:16+11:00
Cargo.lock,mitchmindtree,John Adler,2022-03-28 17:35:16+11:00,2022-03-28 16:59:21-04:00
Cargo.lock,John Adler,Alex Hansen,2022-03-28 16:59:21-04:00,2022-03-29 08:49:39-04:00
Cargo.lock,mitchmindtree,Mohammad Fawaz,2022-04-11 15:59:15+10:00,2022-04-11 13:24:33-04:00
Cargo.lock,Mohammad Fawaz,bing,2022-04-11 21:22:50-04:00,2022-04-12 18:02:33+10:00
Cargo.lock,Mohammad Fawaz,amadeusluntz,2022-04-18 09:09:52-04:00,2022-04-19 16:18:21+10:00
Cargo.lock,Alex Hansen,Simon Roberts,2022-04-26 11:35:42-07:00,2022-04-27 10:41:15-04:00
Cargo.lock,Simon Roberts,Mohammad Fawaz,2022-04-27 10:41:15-04:00,2022-04-27 14:45:25-04:00
Cargo.lock,Mohammad Fawaz,bing,2022-04-27 14:45:25-04:00,2022-04-28 22:04:00+08:00
Cargo.lock,bing,Toby Hutton,2022-04-28 22:04:00+08:00,2022-04-29 11:18:50+10:00
Cargo.lock,Brandon Kite,Mohammad Fawaz,2022-05-11 12:18:14-07:00,2022-05-12 11:16:00-04:00
Cargo.lock,Alex Hansen,bing,2022-05-16 22:49:36-04:00,2022-05-17 15:02:28+08:00
Cargo.lock,Chris O'Brien,Mohammad Fawaz,2022-05-18 21:37:35-05:00,2022-05-19 10:03:42-04:00
Cargo.lock,Mohammad Fawaz,Emily Herbert,2022-05-19 10:03:42-04:00,2022-05-19 18:03:39-05:00
Cargo.lock,Emily Herbert,Kaya Gökalp,2022-05-19 18:03:39-05:00,2022-05-20 11:18:01+03:00
Cargo.lock,Kaya Gökalp,Alex Hansen,2022-05-24 02:47:41+03:00,2022-05-24 06:45:53-07:00
Cargo.lock,Mohammad Fawaz,John Adler,2022-05-25 18:01:21-04:00,2022-05-26 11:25:39-04:00
Cargo.lock,John Adler,Alex Hansen,2022-05-26 21:12:03-07:00,2022-05-26 22:58:56-07:00
Cargo.lock,Alex Hansen,Emily Herbert,2022-05-26 22:58:56-07:00,2022-05-27 14:03:29-05:00
Cargo.lock,Emily Herbert,Kaya Gökalp,2022-05-27 14:03:29-05:00,2022-05-28 18:25:24+03:00
Cargo.lock,Kaya Gökalp,Mohammad Fawaz,2022-05-28 18:25:24+03:00,2022-05-28 14:07:02-04:00
Cargo.lock,Mohammad Fawaz,Oleksii Filonenko,2022-05-28 14:07:02-04:00,2022-05-28 21:23:06+03:00
Cargo.lock,Oleksii Filonenko,Mohammad Fawaz,2022-05-28 21:23:06+03:00,2022-05-28 14:52:01-04:00
Cargo.lock,Mohammad Fawaz,Chris O'Brien,2022-06-01 16:19:51-04:00,2022-06-02 08:42:21-05:00
Cargo.lock,Chris O'Brien,Mohammad Fawaz,2022-06-02 08:42:21-05:00,2022-06-02 22:22:59-04:00
Cargo.lock,Mohammad Fawaz,Emily Herbert,2022-06-06 13:45:20-04:00,2022-06-06 21:27:31-05:00
Cargo.lock,seem-less,bing,2022-06-14 21:33:04+00:00,2022-06-15 10:59:48+00:00
Cargo.lock,John Adler,Joshua Batty,2022-06-21 14:56:26-04:00,2022-06-21 22:15:57-05:00
Cargo.lock,Mohammad Fawaz,João Matos,2022-06-27 02:18:34+00:00,2022-06-27 13:18:57-04:00
Cargo.lock,João Matos,Emir,2022-06-27 13:18:57-04:00,2022-06-28 00:12:51+00:00
Cargo.lock,Braqzen,Mohammad Fawaz,2022-07-01 12:30:34+00:00,2022-07-01 15:12:20-04:00
Cargo.lock,Mohammad Fawaz,John Adler,2022-07-06 10:57:04+00:00,2022-07-06 22:48:47-04:00
Cargo.lock,Joshua Batty,Mohammad Fawaz,2022-07-12 01:51:19+00:00,2022-07-11 23:23:17-04:00
Cargo.lock,Kaya Gökalp,bing,2022-07-25 17:08:22-05:00,2022-07-27 00:57:05+08:00
Cargo.lock,Joshua Batty,mitchmindtree,2022-08-03 09:12:08+10:00,2022-08-03 16:33:55+10:00
Cargo.lock,mitchmindtree,Mazdak Farrokhzad,2022-08-03 16:33:55+10:00,2022-08-03 17:06:32+00:00
Cargo.lock,Mohammad Fawaz,Kaya Gökalp,2022-08-08 15:47:20-06:00,2022-08-09 12:05:06-05:00
Cargo.lock,Kaya Gökalp,Chris O'Brien,2022-08-09 12:05:06-05:00,2022-08-09 14:31:50-05:00
Cargo.lock,Chris O'Brien,JC,2022-08-09 14:31:50-05:00,2022-08-10 02:51:40+00:00
Cargo.lock,Kaya Gökalp,Alex Hansen,2022-08-18 01:46:12+00:00,2022-08-18 19:23:53+01:00
Cargo.lock,Alex Hansen,Emily Herbert,2022-08-18 19:23:53+01:00,2022-08-18 15:25:28-04:00
Cargo.lock,Emily Herbert,Mohammad Fawaz,2022-08-18 15:25:28-04:00,2022-08-18 15:02:14-07:00
Cargo.lock,Nick Furfaro,Mohammad Fawaz,2022-08-31 12:59:45+00:00,2022-08-31 21:49:35-04:00
Cargo.lock,Mohammad Fawaz,Kaya Gökalp,2022-08-31 22:54:46-04:00,2022-09-02 07:57:42+10:00
Cargo.lock,Kaya Gökalp,Chris O'Brien,2022-09-02 07:57:42+10:00,2022-09-02 11:40:00-05:00
Cargo.lock,Chris O'Brien,JC,2022-09-02 11:40:00-05:00,2022-09-02 11:44:16-07:00
Cargo.lock,JC,Mohammad Fawaz,2022-09-02 11:44:16-07:00,2022-09-02 18:20:32-04:00
Cargo.lock,Mohammad Fawaz,mitchmindtree,2022-09-07 17:40:03-04:00,2022-09-07 23:36:43-04:00
Cargo.lock,Sophie Dankel,Alex Hansen,2022-09-15 23:04:04+00:00,2022-09-16 08:43:02-04:00
Cargo.lock,Mohammad Fawaz,Kaya Gökalp,2022-10-06 11:18:52-04:00,2022-10-07 09:09:14+00:00
Cargo.lock,Kaya Gökalp,Mohammad Fawaz,2022-10-07 09:09:14+00:00,2022-10-07 11:20:52-04:00
Cargo.lock,Joshua Batty,Mazdak Farrokhzad,2022-10-09 19:50:34-04:00,2022-10-10 12:10:54+02:00
Cargo.lock,Mazdak Farrokhzad,Vaivaswatha N,2022-10-10 12:10:54+02:00,2022-10-10 21:37:46-04:00
Cargo.lock,Sophie Dankel,Mohammad Fawaz,2022-10-12 11:13:30-07:00,2022-10-13 13:32:01-04:00
Cargo.lock,Mohammad Fawaz,Joshua Batty,2022-10-13 13:32:01-04:00,2022-10-14 21:24:54+11:00
Cargo.lock,Toby Hutton,JC,2022-10-20 20:20:34+00:00,2022-10-21 11:07:31+00:00
Cargo.lock,Mohammad Fawaz,Sophie Dankel,2022-10-23 20:30:18-04:00,2022-10-24 05:34:11+00:00
Cargo.lock,Sophie Dankel,bing,2022-10-24 05:34:11+00:00,2022-10-24 11:10:21+00:00
Cargo.lock,bing,JC,2022-10-24 11:10:21+00:00,2022-10-25 10:59:23+11:00
Cargo.lock,JC,Mohammad Fawaz,2022-10-25 10:59:23+11:00,2022-10-25 17:31:02+11:00
Cargo.lock,Mohammad Fawaz,Chris O'Brien,2022-10-25 17:31:48+00:00,2022-10-25 23:58:24+00:00
Cargo.lock,Chris O'Brien,Vaivaswatha N,2022-10-25 23:58:24+00:00,2022-10-26 22:00:08+05:30
Cargo.lock,Brandon Kite,bing,2022-11-02 15:19:26+11:00,2022-11-02 15:21:12+00:00
Cargo.lock,bing,Mohammad Fawaz,2022-11-02 15:21:12+00:00,2022-11-02 16:23:39+00:00
Cargo.lock,mitchmindtree,Mohammad Fawaz,2022-11-04 13:22:57+11:00,2022-11-04 14:28:28-07:00
Cargo.lock,Mohammad Fawaz,Chris O'Brien,2022-11-29 11:59:43-05:00,2022-11-30 03:30:31+00:00
Cargo.lock,Chris O'Brien,Emily Herbert,2022-11-30 03:30:31+00:00,2022-11-30 14:57:21-06:00
Cargo.lock,Kaya Gökalp,Mohammad Fawaz,2022-12-08 03:45:56-05:00,2022-12-08 22:30:09+00:00
Cargo.lock,Mohammad Fawaz,mitchmindtree,2022-12-14 21:59:46-05:00,2022-12-15 22:45:32+11:00
Cargo.lock,mitchmindtree,Mohammad Fawaz,2022-12-15 22:45:32+11:00,2022-12-15 22:04:28-05:00
Cargo.lock,Mohammad Fawaz,Sophie Dankel,2023-01-16 06:13:24-05:00,2023-01-17 08:40:59+11:00
Cargo.lock,mitchmindtree,Mohammad Fawaz,2023-01-18 13:45:42+11:00,2023-01-18 06:00:31-05:00
Cargo.lock,Mohammad Fawaz,João Matos,2023-01-18 06:00:31-05:00,2023-01-18 16:39:25+00:00
Cargo.lock,João Matos,Kaya Gökalp,2023-01-18 16:39:25+00:00,2023-01-19 10:37:58+00:00
Cargo.lock,Joshua Batty,João Matos,2023-01-31 12:26:57+11:00,2023-01-31 09:29:37+00:00
Cargo.lock,João Matos,Joshua Batty,2023-01-31 09:29:37+00:00,2023-01-31 09:52:17+00:00
Cargo.lock,Joshua Batty,mitchmindtree,2023-01-31 09:52:17+00:00,2023-01-31 21:55:45+11:00
Cargo.lock,Mohammad Fawaz,João Matos,2023-02-01 06:39:13-05:00,2023-02-01 10:59:10-05:00
Cargo.lock,João Matos,Joshua Batty,2023-02-01 10:59:10-05:00,2023-02-02 11:22:59+11:00
Cargo.lock,Vaivaswatha N,Joshua Batty,2023-02-07 20:25:00+05:30,2023-02-08 16:24:02+11:00
Cargo.lock,Joshua Batty,bing,2023-02-08 16:24:02+11:00,2023-02-08 05:43:57+00:00
Cargo.lock,bing,Brandon Kite,2023-02-08 05:43:57+00:00,2023-02-08 20:01:12+11:00
Cargo.lock,Brandon Kite,João Matos,2023-02-08 20:01:12+11:00,2023-02-08 10:38:48+00:00
Cargo.lock,mitchmindtree,Kaya Gökalp,2023-02-17 13:25:15+08:00,2023-02-17 10:23:08+00:00
Cargo.lock,Kaya Gökalp,mitchmindtree,2023-02-17 10:23:08+00:00,2023-02-17 19:36:27+00:00
Cargo.lock,mitchmindtree,Mohammad Fawaz,2023-02-17 19:36:27+00:00,2023-02-17 15:08:34-08:00
Cargo.lock,Mohammad Fawaz,bing,2023-02-17 15:08:34-08:00,2023-02-18 13:51:36+03:00
Cargo.lock,mitchmindtree,Mohammad Fawaz,2023-02-21 11:15:29+11:00,2023-02-21 16:42:15-05:00
Cargo.lock,mitchmindtree,p0ry-g0n,2023-02-26 14:44:16+03:00,2023-02-27 08:11:18+00:00
Cargo.lock,Green Baneling,JC,2023-03-09 22:17:23+00:00,2023-03-10 18:30:17+00:00
Cargo.lock,Mohammad Fawaz,Kaya Gökalp,2023-04-05 10:04:12-04:00,2023-04-05 22:57:07+00:00
Cargo.lock,Kaya Gökalp,Mohammad Fawaz,2023-04-05 22:57:07+00:00,2023-04-05 20:01:56-04:00
Cargo.lock,Kaya Gökalp,Mohammad Fawaz,2023-04-13 00:03:26+00:00,2023-04-13 12:28:13-04:00
Cargo.lock,Kaya Gökalp,mitchmindtree,2023-04-24 22:19:25+02:00,2023-04-25 03:53:15+00:00
Cargo.lock,mitchmindtree,Sophie Dankel,2023-04-25 03:53:15+00:00,2023-04-25 20:03:12+00:00
Cargo.lock,Green Baneling,Kaya Gökalp,2023-05-31 11:08:30+02:00,2023-05-31 10:21:28+00:00
Cargo.lock,Kaya Gökalp,IGI-111,2023-05-31 10:21:28+00:00,2023-05-31 15:13:02+00:00
Cargo.lock,Kaya Gökalp,IGI-111,2023-06-29 17:29:55+01:00,2023-06-29 19:26:23+01:00
Cargo.lock,Daniel Frederico Lins Leite,Kaya Gökalp,2023-07-05 18:00:29+02:00,2023-07-06 11:26:02+00:00
Cargo.lock,IGI-111,Igor Rončević,2023-08-01 16:12:53+01:00,2023-08-02 10:50:52+02:00
Cargo.lock,Igor Rončević,IGI-111,2023-08-02 10:50:52+02:00,2023-08-02 22:57:10+02:00
Cargo.lock,IGI-111,Daniel Frederico Lins Leite,2023-08-02 22:57:10+02:00,2023-08-02 21:47:26+00:00
Cargo.lock,Daniel Frederico Lins Leite,IGI-111,2023-08-02 21:47:26+00:00,2023-08-03 18:23:32+02:00
Cargo.lock,Daniel Frederico Lins Leite,Kaya Gökalp,2023-08-08 12:42:49+01:00,2023-08-08 22:13:42+00:00
Cargo.lock,Green Baneling,IGI-111,2023-08-14 11:19:40+02:00,2023-08-14 15:33:58+02:00
Cargo.lock,Vaivaswatha N,Chris-san,2023-10-24 17:44:32+04:00,2023-10-25 01:03:58+00:00
Cargo.lock,Chris-san,Joshua Batty,2023-10-25 01:03:58+00:00,2023-10-25 02:38:50+00:00
Cargo.lock,hal3e,Joshua Batty,2023-12-06 03:19:54+04:00,2023-12-06 17:48:58+11:00
Cargo.lock,Joshua Batty,IGI-111,2023-12-06 17:48:58+11:00,2023-12-06 10:37:39+00:00
Cargo.lock,IGI-111,Joshua Batty,2023-12-06 10:37:39+00:00,2023-12-07 04:03:43+01:00
Cargo.lock,Joshua Batty,Kaya Gökalp,2024-01-09 07:04:27+11:00,2024-01-08 22:25:03+00:00
Cargo.lock,Kaya Gökalp,Joshua Batty,2024-01-08 22:25:03+00:00,2024-01-09 10:53:38+11:00
Cargo.lock,Joshua Batty,IGI-111,2024-02-07 10:47:12+11:00,2024-02-07 18:19:09+04:00
Cargo.lock,IGI-111,Sophie Dankel,2024-02-19 10:31:40+01:00,2024-02-20 03:24:13+00:00
Cargo.lock,Kaya Gökalp,Joshua Batty,2024-04-10 23:58:59+00:00,2024-04-11 19:07:59+10:00
Cargo.lock,Kaya Gökalp,IGI-111,2024-04-13 09:15:12+10:00,2024-04-13 04:03:01+04:00
Cargo.lock,IGI-111,Kaya Gökalp,2024-05-13 08:19:45+01:00,2024-05-13 14:04:17-07:00
Cargo.lock,Kaya Gökalp,IGI-111,2024-05-13 16:44:55-07:00,2024-05-14 15:35:01+04:00
Cargo.lock,IGI-111,Kaya Gökalp,2024-05-14 15:35:01+04:00,2024-05-14 23:53:57-07:00
Cargo.lock,Kaya Gökalp,Joshua Batty,2024-05-14 23:53:57-07:00,2024-05-15 07:50:12+00:00
Cargo.lock,Igor Rončević,Kaya Gökalp,2024-05-17 10:42:00+10:00,2024-05-16 18:02:41-07:00
Cargo.lock,Kaya Gökalp,Marcos Henrich,2024-05-16 18:02:41-07:00,2024-05-17 14:14:32+04:00
Cargo.lock,Marcos Henrich,IGI-111,2024-05-17 14:14:32+04:00,2024-05-17 11:29:22+00:00
Cargo.lock,IGI-111,Kaya Gökalp,2024-07-02 23:03:30+02:00,2024-07-03 20:39:09+10:00
Cargo.lock,Kaya Gökalp,Sophie Dankel,2024-07-03 20:39:09+10:00,2024-07-03 13:32:25+00:00
Cargo.lock,Kaya Gökalp,IGI-111,2024-07-17 18:44:25+02:00,2024-07-18 09:13:09+10:00
Cargo.lock,Sophie Dankel,Kaya Gökalp,2024-08-19 18:37:36+02:00,2024-08-19 20:34:40+00:00
Cargo.lock,IGI-111,Joshua Batty,2024-08-28 23:06:10+02:00,2024-08-28 23:57:55-07:00
Cargo.lock,Joshua Batty,Sophie Dankel,2024-08-28 23:57:55-07:00,2024-08-29 09:41:09-07:00
Cargo.lock,Sophie Dankel,Igor Rončević,2024-08-29 09:41:09-07:00,2024-08-30 14:22:52+02:00
Cargo.lock,IGI-111,Kaya Gökalp,2024-09-05 20:30:44+02:00,2024-09-06 14:10:15-03:00
Cargo.lock,Alfie John,Kaya Gökalp,2024-09-23 08:44:31+02:00,2024-09-24 08:54:59+10:00
Cargo.lock,Kaya Gökalp,Joshua Batty,2024-09-25 10:28:34+10:00,2024-09-25 15:44:04+02:00
Cargo.lock,Kaya Gökalp,Joshua Batty,2024-10-06 17:12:36+11:00,2024-10-06 17:49:06+11:00
Cargo.lock,Joshua Batty,Kaya Gökalp,2024-10-06 17:49:06+11:00,2024-10-06 07:40:30-07:00
Cargo.lock,Kaya Gökalp,Joshua Batty,2024-10-06 07:40:30-07:00,2024-10-07 03:15:27+11:00
Cargo.lock,Joshua Batty,Kaya Gökalp,2024-10-07 03:15:27+11:00,2024-10-07 05:37:45-07:00
Cargo.lock,Kaya Gökalp,Joshua Batty,2024-10-15 20:19:14+11:00,2024-10-15 20:56:01+11:00
Cargo.lock,Joshua Batty,Daniel Frederico Lins Leite,2024-10-15 20:56:01+11:00,2024-10-15 22:26:31+11:00
Cargo.lock,Daniel Frederico Lins Leite,Joshua Batty,2024-10-15 22:26:31+11:00,2024-10-15 22:45:33+11:00
Cargo.lock,IGI-111,Kaya Gökalp,2024-11-03 17:12:45+01:00,2024-11-04 18:47:46+07:00
Cargo.lock,Igor Rončević,Kaya Gökalp,2024-11-06 09:03:21+00:00,2024-11-06 01:42:25-08:00
Cargo.lock,Kaya Gökalp,Sophie Dankel,2025-02-11 12:35:18+11:00,2025-02-10 21:59:37-08:00
Cargo.lock,Sophie Dankel,Igor Rončević,2025-02-10 21:59:37-08:00,2025-02-11 10:02:45-03:00
Cargo.lock,Sophie Dankel,Kaya Gökalp,2025-02-15 08:33:05+11:00,2025-02-15 12:34:45+11:00
Cargo.toml,Victor Lopes,Elvis,2021-06-17 09:58:20+02:00,2021-06-17 16:29:16+02:00
Cargo.toml,Nick Furfaro,Toby Hutton,2022-01-12 14:44:43-07:00,2022-01-13 09:44:39+11:00
Cargo.toml,Mohammad Fawaz,mitchmindtree,2022-11-03 12:28:58-04:00,2022-11-04 13:22:57+11:00
Cargo.toml,Alfie John,Kaya Gökalp,2024-09-23 08:44:31+02:00,2024-09-24 08:54:59+10:00
Cargo.toml,Kaya Gökalp,Joshua Batty,2024-09-25 10:28:34+10:00,2024-09-25 15:44:04+02:00
Cargo.toml,Joshua Batty,Sophie Dankel,2024-09-25 15:44:04+02:00,2024-09-25 15:18:01-07:00
Cargo.toml,Kaya Gökalp,Joshua Batty,2024-10-06 17:12:36+11:00,2024-10-06 17:49:06+11:00
Cargo.toml,Joshua Batty,Kaya Gökalp,2024-10-07 03:15:27+11:00,2024-10-07 05:37:45-07:00
Cargo.toml,Kaya Gökalp,Joshua Batty,2024-10-15 20:19:14+11:00,2024-10-15 20:56:01+11:00
Cargo.toml,Joshua Batty,Daniel Frederico Lins Leite,2024-10-15 20:56:01+11:00,2024-10-15 22:26:31+11:00
Cargo.toml,Daniel Frederico Lins Leite,Joshua Batty,2024-10-15 22:26:31+11:00,2024-10-15 22:45:33+11:00
Cargo.toml,IGI-111,Kaya Gökalp,2024-11-03 17:12:45+01:00,2024-11-04 18:47:46+07:00
Cargo.toml,Igor Rončević,Kaya Gökalp,2024-11-06 09:03:21+00:00,2024-11-06 01:42:25-08:00
Cargo.toml,IGI-111,Sophie Dankel,2025-01-23 09:20:02+11:00,2025-01-23 10:05:08+11:00
Cargo.toml,Sophie Dankel,Joshua Batty,2025-01-23 10:05:08+11:00,2025-01-23 10:34:16+11:00
Cargo.toml,Kaya Gökalp,Sophie Dankel,2025-02-11 12:35:18+11:00,2025-02-10 21:59:37-08:00
Cargo.toml,Sophie Dankel,Igor Rončević,2025-02-10 21:59:37-08:00,2025-02-11 10:02:45-03:00
README.md,Alex Hansen,John Adler,2021-12-27 17:24:35-08:00,2021-12-28 10:14:21-05:00
core_lang/Cargo.toml,rakita,Alex Hansen,2021-11-26 09:29:44+01:00,2021-11-26 16:14:43-08:00
core_lang/src/asm_generation/expression/mod.rs,Alex Hansen,Emily Herbert,2021-09-16 20:18:57-07:00,2021-09-17 11:24:21-05:00
core_lang/src/asm_generation/expression/mod.rs,Chris O'Brien,Alex Hansen,2021-11-04 13:40:03-05:00,2021-11-04 14:49:46-07:00
core_lang/src/asm_generation/expression/subfield.rs,Alex Hansen,Emily Herbert,2021-09-16 20:18:57-07:00,2021-09-17 11:24:21-05:00
core_lang/src/asm_generation/mod.rs,Emily Herbert,Toby Hutton,2021-08-20 14:24:35-04:00,2021-08-21 08:37:39+10:00
core_lang/src/asm_generation/mod.rs,Alex Hansen,Toby Hutton,2021-09-08 16:22:12-07:00,2021-09-09 14:54:49+10:00
core_lang/src/asm_generation/mod.rs,Alex Hansen,Toby Hutton,2021-09-21 21:27:07-07:00,2021-09-22 10:11:21-07:00
core_lang/src/asm_generation/mod.rs,Alex Hansen,Toby Hutton,2021-10-11 10:54:24-07:00,2021-10-11 11:10:19-07:00
core_lang/src/asm_generation/mod.rs,Chris O'Brien,Alex Hansen,2021-11-04 13:40:03-05:00,2021-11-04 14:49:46-07:00
core_lang/src/asm_lang/mod.rs,Alex Hansen,Emily Herbert,2021-09-16 12:01:05-07:00,2021-09-17 11:24:21-05:00
core_lang/src/asm_lang/mod.rs,Alex Hansen,Nick Furfaro,2021-12-17 09:57:39-08:00,2021-12-17 12:44:30-07:00
core_lang/src/asm_lang/virtual_ops.rs,Alex Hansen,Nick Furfaro,2021-12-17 09:57:39-08:00,2021-12-17 12:44:30-07:00
core_lang/src/error.rs,Emily Herbert,Toby Hutton,2021-08-20 14:24:35-04:00,2021-08-21 16:23:00+10:00
core_lang/src/error.rs,Alex Hansen,Emily Herbert,2021-09-16 12:01:05-07:00,2021-09-17 11:24:21-05:00
core_lang/src/error.rs,Andrew Cann,Emily Herbert,2021-12-14 12:17:28+08:00,2021-12-14 12:23:59-06:00
core_lang/src/error.rs,Chris O'Brien,Alex Hansen,2021-12-16 11:36:51-06:00,2021-12-16 20:34:59-08:00
core_lang/src/hll.pest,Emily Herbert,Toby Hutton,2021-09-29 11:17:09-05:00,2021-09-30 08:15:32+10:00
core_lang/src/ident.rs,Alex Hansen,Chris O'Brien,2021-12-15 11:26:38-08:00,2021-12-16 11:36:51-06:00
core_lang/src/lib.rs,Alex Hansen,John Adler,2021-05-09 07:58:52-05:00,2021-05-09 11:26:22-04:00
core_lang/src/lib.rs,Emily Herbert,Toby Hutton,2021-08-20 14:24:35-04:00,2021-08-21 16:23:00+10:00
core_lang/src/lib.rs,Alex Hansen,Emily Herbert,2021-09-16 20:18:57-07:00,2021-09-17 11:24:21-05:00
core_lang/src/lib.rs,Emily Herbert,Toby Hutton,2021-09-29 11:17:09-05:00,2021-09-30 08:15:32+10:00
core_lang/src/parse_tree/declaration/enum_declaration.rs,Emily Herbert,Toby Hutton,2021-08-20 14:24:35-04:00,2021-08-21 16:23:00+10:00
core_lang/src/parse_tree/declaration/mod.rs,Emily Herbert,Toby Hutton,2021-09-29 11:17:09-05:00,2021-09-30 08:15:32+10:00
core_lang/src/parse_tree/declaration/reassignment.rs,Alex Hansen,Emily Herbert,2021-09-16 20:18:57-07:00,2021-09-17 11:24:21-05:00
core_lang/src/parse_tree/expression/mod.rs,Alex Hansen,Emily Herbert,2021-09-16 20:18:57-07:00,2021-09-17 11:24:21-05:00
core_lang/src/parse_tree/expression/mod.rs,Alex Hansen,Emily Herbert,2021-09-20 17:14:02-07:00,2021-09-20 19:25:27-05:00
core_lang/src/parse_tree/expression/unary_op.rs,Alex Hansen,Emily Herbert,2021-09-16 20:18:57-07:00,2021-09-17 11:24:21-05:00
core_lang/src/semantic_analysis/ast_node/code_block.rs,Chris O'Brien,Alex Hansen,2021-12-16 11:36:51-06:00,2021-12-16 20:34:59-08:00
core_lang/src/semantic_analysis/ast_node/declaration.rs,Emily Herbert,Toby Hutton,2021-08-20 14:24:35-04:00,2021-08-21 16:23:00+10:00
core_lang/src/semantic_analysis/ast_node/declaration.rs,Alex Hansen,Toby Hutton,2021-09-28 21:47:32-07:00,2021-09-30 08:15:32+10:00
core_lang/src/semantic_analysis/ast_node/declaration.rs,Chris O'Brien,Alex Hansen,2021-12-16 11:36:51-06:00,2021-12-16 20:34:59-08:00
core_lang/src/semantic_analysis/ast_node/declaration/function.rs,Chris O'Brien,Alex Hansen,2021-12-16 11:36:51-06:00,2021-12-16 20:34:59-08:00
core_lang/src/semantic_analysis/ast_node/expression/enum_instantiation.rs,Chris O'Brien,Alex Hansen,2021-12-16 11:36:51-06:00,2021-12-16 20:34:59-08:00
core_lang/src/semantic_analysis/ast_node/expression/typed_expression.rs,Alex Hansen,John Adler,2021-05-09 07:58:52-05:00,2021-05-09 11:26:22-04:00
core_lang/src/semantic_analysis/ast_node/expression/typed_expression.rs,Emily Herbert,Toby Hutton,2021-08-20 14:24:35-04:00,2021-08-21 16:23:00+10:00
core_lang/src/semantic_analysis/ast_node/expression/typed_expression.rs,Alex Hansen,Emily Herbert,2021-09-16 20:18:57-07:00,2021-09-17 11:24:21-05:00
core_lang/src/semantic_analysis/ast_node/expression/typed_expression.rs,Alex Hansen,Emily Herbert,2021-09-20 17:14:14-07:00,2021-09-20 21:14:57-05:00
core_lang/src/semantic_analysis/ast_node/expression/typed_expression.rs,Alex Hansen,Toby Hutton,2021-09-28 21:47:32-07:00,2021-09-30 08:15:32+10:00
core_lang/src/semantic_analysis/ast_node/expression/typed_expression.rs,Alex Hansen,Andrew Cann,2021-11-11 11:30:20-08:00,2021-11-12 10:26:42-08:00
core_lang/src/semantic_analysis/ast_node/expression/typed_expression.rs,Chris O'Brien,Alex Hansen,2021-12-16 11:36:51-06:00,2021-12-16 20:34:59-08:00
core_lang/src/semantic_analysis/ast_node/expression/typed_expression/method_application.rs,Chris O'Brien,Alex Hansen,2021-12-16 11:36:51-06:00,2021-12-16 20:34:59-08:00
core_lang/src/semantic_analysis/ast_node/impl_trait.rs,Alex Hansen,John Adler,2021-05-09 07:58:52-05:00,2021-05-09 11:26:22-04:00
core_lang/src/semantic_analysis/ast_node/impl_trait.rs,Emily Herbert,Toby Hutton,2021-08-20 14:24:35-04:00,2021-08-21 16:23:00+10:00
core_lang/src/semantic_analysis/ast_node/impl_trait.rs,Chris O'Brien,Alex Hansen,2021-12-16 11:36:51-06:00,2021-12-16 20:34:59-08:00
core_lang/src/semantic_analysis/ast_node/mod.rs,Alex Hansen,John Adler,2021-05-09 07:58:52-05:00,2021-05-09 11:26:22-04:00
core_lang/src/semantic_analysis/ast_node/mod.rs,Toby Hutton,Emily Herbert,2021-08-20 11:29:36+10:00,2021-08-20 14:24:35-04:00
core_lang/src/semantic_analysis/ast_node/mod.rs,Emily Herbert,Toby Hutton,2021-08-20 14:24:35-04:00,2021-08-21 16:23:00+10:00
core_lang/src/semantic_analysis/ast_node/mod.rs,Alex Hansen,Emily Herbert,2021-09-16 20:18:57-07:00,2021-09-17 11:24:21-05:00
core_lang/src/semantic_analysis/ast_node/mod.rs,Alex Hansen,Toby Hutton,2021-09-28 21:47:32-07:00,2021-09-30 08:15:32+10:00
core_lang/src/semantic_analysis/ast_node/mod.rs,Alex Hansen,Andrew Cann,2021-11-11 11:30:20-08:00,2021-11-12 10:26:42-08:00
core_lang/src/semantic_analysis/ast_node/mod.rs,Chris O'Brien,Alex Hansen,2021-12-16 11:36:51-06:00,2021-12-16 20:34:59-08:00
core_lang/src/semantic_analysis/namespace.rs,Emily Herbert,Toby Hutton,2021-08-20 14:24:35-04:00,2021-08-21 16:23:00+10:00
core_lang/src/semantic_analysis/namespace.rs,Alex Hansen,Chris O'Brien,2021-12-15 11:26:38-08:00,2021-12-16 11:36:51-06:00
core_lang/src/semantic_analysis/syntax_tree.rs,Chris O'Brien,Alex Hansen,2021-12-16 11:36:51-06:00,2021-12-16 20:34:59-08:00
core_lang/src/types/resolved_type.rs,Emily Herbert,Alex Hansen,2021-09-08 16:54:55-05:00,2021-09-08 16:22:12-07:00
core_lang/src/types/type_info.rs,Emily Herbert,Toby Hutton,2021-08-20 14:24:35-04:00,2021-08-21 16:23:00+10:00
docs/book/spell-check-custom-words.txt,Cameron Carstens,Sarah Schwartz,2024-05-08 13:00:50+00:00,2024-05-08 20:23:42+01:00
docs/book/src/SUMMARY.md,Cameron Carstens,Sarah Schwartz,2024-05-08 13:00:50+00:00,2024-05-08 20:23:42+01:00
docs/book/src/forc/plugins/forc_client/index.md,Kaya Gökalp,Sophie Dankel,2024-08-07 10:41:44+00:00,2024-08-07 21:19:50+05:30
docs/book/src/sway-program-types/smart_contracts.md,Cameron Carstens,Nick,2024-05-16 10:07:33+00:00,2024-05-16 21:47:32-07:00
docs/book/src/testing/testing-with-rust.md,Sophie Dankel,Samuel Moelius,2024-09-09 18:41:38+00:00,2024-09-10 09:48:27+10:00
docs/internals.md,João Matos,Sophie Dankel,2024-05-08 04:37:41+00:00,2024-05-09 10:21:32+10:00
docs/reference/src/code/Forc.lock,Daniel Frederico Lins Leite,IGI-111,2024-04-25 20:37:50+04:00,2024-04-26 05:46:45+04:00
docs/reference/src/code/examples/access-control/ownership/src/main.sw,Call Delegation,IGI-111,2023-04-27 17:05:37-04:00,2023-04-28 09:58:54+00:00
docs/reference/src/code/language/control_flow/src/lib.sw,SwayStar123,Igor Rončević,2025-03-12 23:52:38+01:00,2025-03-13 20:47:01+11:00
docs/reference/src/code/language/traits/associated-consts/Forc.toml,Daniel Frederico Lins Leite,IGI-111,2024-04-25 20:37:50+04:00,2024-04-26 05:46:45+04:00
docs/reference/src/documentation/introduction/installation/cargo.md,Kaya Gökalp,IGI-111,2023-08-14 12:10:08+00:00,2023-08-14 15:33:58+02:00
docs/reference/src/documentation/introduction/installation/cargo.md,Joshua Batty,IGI-111,2023-12-06 17:48:58+11:00,2023-12-06 10:37:39+00:00
docs/reference/src/documentation/introduction/installation/cargo.md,IGI-111,Kaya Gökalp,2024-05-13 08:19:45+01:00,2024-05-13 16:44:55-07:00
docs/reference/src/documentation/introduction/installation/index.md,Kaya Gökalp,IGI-111,2023-08-14 12:10:08+00:00,2023-08-14 15:33:58+02:00
docs/reference/src/documentation/introduction/installation/index.md,Joshua Batty,IGI-111,2023-12-06 17:48:58+11:00,2023-12-06 10:37:39+00:00
docs/reference/src/documentation/introduction/installation/index.md,IGI-111,Kaya Gökalp,2024-05-13 08:19:45+01:00,2024-05-13 16:44:55-07:00
docs/reference/src/documentation/introduction/installation/source.md,Kaya Gökalp,IGI-111,2023-08-14 12:10:08+00:00,2023-08-14 15:33:58+02:00
docs/reference/src/documentation/introduction/installation/source.md,Joshua Batty,IGI-111,2023-12-06 17:48:58+11:00,2023-12-06 10:37:39+00:00
docs/reference/src/documentation/introduction/installation/source.md,IGI-111,Kaya Gökalp,2024-05-13 08:19:45+01:00,2024-05-13 16:44:55-07:00
docs/reference/src/documentation/misc/prelude.md,Call Delegation,IGI-111,2023-04-27 17:05:37-04:00,2023-04-28 09:58:54+00:00
docs/reference/src/documentation/misc/workarounds/missing-features.md,Braqzen,Alex Hansen,2022-12-08 21:53:09+00:00,2022-12-09 00:43:06+00:00
docs/reference/src/index.md,Braqzen,Alex Hansen,2022-12-08 21:53:09+00:00,2022-12-09 00:43:06+00:00
docs/reference/src/index.md,Kaya Gökalp,IGI-111,2023-08-14 12:10:08+00:00,2023-08-14 15:33:58+02:00
docs/reference/src/index.md,Joshua Batty,IGI-111,2023-12-06 17:48:58+11:00,2023-12-06 10:37:39+00:00
docs/reference/src/index.md,IGI-111,Kaya Gökalp,2024-05-13 08:19:45+01:00,2024-05-13 16:44:55-07:00
docs/src/SUMMARY.md,Alex Hansen,John Adler,2021-12-27 17:24:35-08:00,2021-12-28 16:41:25-05:00
docs/src/SUMMARY.md,John Adler,Alex Hansen,2022-01-01 22:29:44-05:00,2022-01-02 16:17:25-08:00
docs/src/SUMMARY.md,Alex Hansen,John Adler,2022-01-02 16:17:25-08:00,2022-01-03 11:37:08-05:00
docs/src/SUMMARY.md,John Adler,Nick,2022-04-03 14:48:53-04:00,2022-04-03 18:26:06-07:00
docs/src/SUMMARY.md,bing,Kaya Gökalp,2022-05-23 11:12:53+08:00,2022-05-24 02:47:41+03:00
docs/src/SUMMARY.md,Mohammad Fawaz,John Adler,2022-05-27 10:13:16-04:00,2022-05-27 10:57:05-04:00
docs/src/SUMMARY.md,Mohammad Fawaz,Emily Herbert,2022-11-30 16:14:02+00:00,2022-11-30 16:57:50+00:00
docs/src/advanced/assembly.md,Nick Furfaro,ControlCplusControlV,2022-04-18 17:18:22-06:00,2022-04-19 16:18:51-06:00
docs/src/advanced/generic_types.md,John Adler,Alex Hansen,2021-09-14 14:57:51-07:00,2021-09-15 14:29:08-07:00
docs/src/basics/index.md,John Adler,Alex Hansen,2022-01-01 22:29:44-05:00,2022-01-02 16:17:25-08:00
docs/src/forc/commands/forc_deploy.md,Andrew Cann,bing,2022-04-21 12:09:00+08:00,2022-04-21 04:07:58-04:00
docs/src/getting-started/forc_project.md,Alex Hansen,Rodrigo Araújo,2021-12-27 17:24:35-08:00,2021-12-28 10:01:44-08:00
docs/src/getting-started/forc_project.md,Alex Hansen,John Adler,2022-01-22 20:47:45-08:00,2022-01-23 00:40:46-05:00
docs/src/getting-started/temporary_workarounds.md,Alex Hansen,John Adler,2022-01-22 20:47:45-08:00,2022-01-23 00:40:46-05:00
docs/src/introduction/installation.md,Mohammad Fawaz,John Adler,2022-05-28 09:59:01-04:00,2022-05-28 20:04:19-04:00
docs/src/introduction/sway-toolchain.md,John Adler,Mohammad Fawaz,2022-05-27 15:41:49-04:00,2022-05-28 09:59:01-04:00
docs/src/reference/index.md,Mohammad Fawaz,John Adler,2022-05-27 10:13:16-04:00,2022-05-27 10:57:05-04:00
docs/src/smart-contract-development/index.md,Alex Hansen,John Adler,2022-01-02 16:17:25-08:00,2022-01-03 11:37:08-05:00
docs/src/testing/testing-with-rust.md,Rootul Patel,Mohammad Fawaz,2022-05-26 14:27:26-04:00,2022-05-27 10:39:42-04:00
docstrings/Cargo.toml,Alex Hansen,John Adler,2021-12-24 19:40:54-05:00,2021-12-24 22:25:11-08:00
docstrings/Cargo.toml,John Adler,Alex Hansen,2021-12-28 17:13:38-05:00,2021-12-29 11:44:11-08:00
docstrings/Cargo.toml,Alex Hansen,John Adler,2021-12-29 11:44:11-08:00,2021-12-29 21:36:37-05:00
examples/config_time_constants/src/main.sw,Mohammad Fawaz,bing,2023-03-10 09:59:59+11:00,2023-03-10 12:46:24+00:00
examples/hashing/src/main.sw,Braqzen,Nick Furfaro,2022-05-18 20:13:57+01:00,2022-05-18 18:44:43-07:00
examples/hashing/src/main.sw,Nick Furfaro,bing,2022-05-18 20:01:27-07:00,2022-05-19 12:49:50+08:00
examples/hashing/src/main.sw,bing,Braqzen,2022-05-19 12:49:50+08:00,2022-05-19 13:21:37+01:00
examples/identity/src/main.sw,João Matos,r-sitko,2022-06-27 13:18:57-04:00,2022-06-28 15:47:19+01:00
examples/subcurrency/src/main.sw,Mohammad Fawaz,Nick Furfaro,2022-06-01 20:26:23-04:00,2022-06-02 04:58:20-07:00
examples/subcurrency/src/main.sw,Chris O'Brien,Kaya Gökalp,2022-09-02 11:40:00-05:00,2022-09-02 17:57:26-04:00
examples/wallet_abi/src/main.sw,Chris O'Brien,Kaya Gökalp,2022-09-02 11:40:00-05:00,2022-09-02 17:57:26-04:00
examples/wallet_abi/src/main.sw,bing,Vishwa Mehta,2023-02-20 19:32:50+08:00,2023-02-20 17:52:20+00:00
examples/wallet_smart_contract/src/main.sw,John Adler,Toby Hutton,2022-06-10 08:38:18-04:00,2022-06-11 16:06:01+10:00
examples/wallet_smart_contract/src/main.sw,Chris O'Brien,Kaya Gökalp,2022-09-02 11:40:00-05:00,2022-09-02 17:57:26-04:00
forc-explore/Cargo.toml,Mohammad Fawaz,Kaya Gökalp,2022-05-19 10:03:42-04:00,2022-05-20 11:18:01+03:00
forc-fmt/Cargo.toml,Mohammad Fawaz,amadeusluntz,2022-04-18 09:09:52-04:00,2022-04-19 16:18:21+10:00
forc-fmt/Cargo.toml,Mohammad Fawaz,Kaya Gökalp,2022-05-19 10:03:42-04:00,2022-05-20 11:18:01+03:00
forc-gm/Cargo.toml,John Adler,Alex Hansen,2022-05-26 21:12:03-07:00,2022-05-26 22:58:56-07:00
forc-gm/Cargo.toml,Alex Hansen,Emily Herbert,2022-05-26 22:58:56-07:00,2022-05-27 14:03:29-05:00
forc-gm/Cargo.toml,Emily Herbert,Mohammad Fawaz,2022-05-27 14:03:29-05:00,2022-05-28 14:07:02-04:00
forc-pkg/Cargo.toml,mitchmindtree,John Adler,2022-03-28 17:35:16+11:00,2022-03-28 16:59:21-04:00
forc-pkg/Cargo.toml,John Adler,Alex Hansen,2022-03-28 16:59:21-04:00,2022-03-29 08:49:39-04:00
forc-pkg/Cargo.toml,Brandon Kite,Mohammad Fawaz,2022-05-11 12:18:14-07:00,2022-05-12 11:16:00-04:00
forc-pkg/Cargo.toml,Mohammad Fawaz,Kaya Gökalp,2022-05-19 10:03:42-04:00,2022-05-20 11:18:01+03:00
forc-pkg/Cargo.toml,John Adler,Alex Hansen,2022-05-26 21:12:03-07:00,2022-05-26 22:58:56-07:00
forc-pkg/Cargo.toml,Alex Hansen,Emily Herbert,2022-05-26 22:58:56-07:00,2022-05-27 14:03:29-05:00
forc-pkg/Cargo.toml,Emily Herbert,Mohammad Fawaz,2022-05-27 14:03:29-05:00,2022-05-28 14:07:02-04:00
forc-pkg/Cargo.toml,Mohammad Fawaz,Oleksii Filonenko,2022-05-28 14:07:02-04:00,2022-05-28 21:23:06+03:00
forc-pkg/Cargo.toml,Oleksii Filonenko,Mohammad Fawaz,2022-05-28 21:23:06+03:00,2022-05-28 14:52:01-04:00
forc-pkg/Cargo.toml,Mohammad Fawaz,Emir,2022-06-27 02:18:34+00:00,2022-06-28 00:12:51+00:00
forc-pkg/Cargo.toml,Mohammad Fawaz,Kaya Gökalp,2022-08-08 15:47:20-06:00,2022-08-09 12:05:06-05:00
forc-pkg/Cargo.toml,Alex Hansen,Emily Herbert,2022-08-18 19:23:53+01:00,2022-08-18 15:25:28-04:00
forc-pkg/Cargo.toml,Emily Herbert,Mohammad Fawaz,2022-08-18 15:25:28-04:00,2022-08-18 15:02:14-07:00
forc-pkg/Cargo.toml,Nick Furfaro,Mohammad Fawaz,2022-08-31 12:59:45+00:00,2022-08-31 21:49:35-04:00
forc-pkg/Cargo.toml,Mohammad Fawaz,Kaya Gökalp,2022-10-06 11:18:52-04:00,2022-10-07 09:09:14+00:00
forc-pkg/Cargo.toml,Kaya Gökalp,Mohammad Fawaz,2022-10-07 09:09:14+00:00,2022-10-07 11:20:52-04:00
forc-pkg/Cargo.toml,Mohammad Fawaz,bing,2022-10-23 20:30:18-04:00,2022-10-24 11:10:21+00:00
forc-pkg/Cargo.toml,bing,Mohammad Fawaz,2022-10-24 11:10:21+00:00,2022-10-25 17:31:02+11:00
forc-pkg/Cargo.toml,Brandon Kite,Mohammad Fawaz,2022-11-02 15:19:26+11:00,2022-11-02 15:40:29-04:00
forc-pkg/Cargo.toml,Mohammad Fawaz,mitchmindtree,2022-12-14 21:59:46-05:00,2022-12-15 22:45:32+11:00
forc-pkg/Cargo.toml,mitchmindtree,Mohammad Fawaz,2022-12-15 22:45:32+11:00,2022-12-15 22:04:28-05:00
forc-pkg/Cargo.toml,bing,João Matos,2023-02-08 05:43:57+00:00,2023-02-08 10:38:48+00:00
forc-pkg/Cargo.toml,Kaya Gökalp,mitchmindtree,2023-04-24 22:19:25+02:00,2023-04-25 03:53:15+00:00
forc-pkg/Cargo.toml,Kaya Gökalp,IGI-111,2023-05-31 10:21:28+00:00,2023-05-31 15:13:02+00:00
forc-pkg/Cargo.toml,Kaya Gökalp,IGI-111,2023-06-29 17:29:55+01:00,2023-06-29 19:26:23+01:00
forc-pkg/Cargo.toml,Joshua Batty,IGI-111,2023-12-06 17:48:58+11:00,2023-12-06 10:37:39+00:00
forc-pkg/Cargo.toml,IGI-111,Kaya Gökalp,2024-05-13 08:19:45+01:00,2024-05-13 16:44:55-07:00
forc-pkg/Cargo.toml,Sophie Dankel,Kaya Gökalp,2024-08-19 18:37:36+02:00,2024-08-19 20:34:40+00:00
forc-pkg/Cargo.toml,IGI-111,Joshua Batty,2024-08-28 23:06:10+02:00,2024-08-28 23:57:55-07:00
forc-pkg/src/lock.rs,Kaya Gökalp,bing,2022-10-24 08:51:24+00:00,2022-10-24 11:10:21+00:00
forc-pkg/src/lock.rs,Mohammad Fawaz,Kaya Gökalp,2022-11-03 21:44:33+00:00,2022-11-04 21:30:22+11:00
forc-pkg/src/manifest.rs,mitchmindtree,John Adler,2022-03-24 10:36:02+11:00,2022-03-24 17:54:52-04:00
forc-pkg/src/manifest.rs,Chris O'Brien,mitchmindtree,2022-04-14 23:21:08+10:00,2022-04-15 08:27:00+10:00
forc-pkg/src/manifest.rs,JC,Kaya Gökalp,2022-06-04 18:14:51+03:00,2022-06-05 13:27:09+03:00
forc-pkg/src/manifest.rs,seem-less,Kaya Gökalp,2022-06-24 18:28:39+10:00,2022-06-24 13:39:25+00:00
forc-pkg/src/manifest.rs,João Matos,mitchmindtree,2022-08-02 14:11:04-07:00,2022-08-03 16:33:55+10:00
forc-pkg/src/manifest.rs,Emily Herbert,Kaya Gökalp,2022-10-07 13:49:40+11:00,2022-10-07 11:51:53+03:00
forc-pkg/src/manifest.rs,Kaya Gökalp,bing,2022-10-24 08:51:24+00:00,2022-10-24 11:10:21+00:00
forc-pkg/src/manifest.rs,mitchmindtree,Kaya Gökalp,2022-10-26 22:40:04+11:00,2022-10-26 14:02:50+00:00
forc-pkg/src/manifest.rs,Mohammad Fawaz,Kaya Gökalp,2022-11-03 21:44:33+00:00,2022-11-04 21:30:22+11:00
forc-pkg/src/manifest.rs,mitchmindtree,Vaivaswatha N,2023-02-24 08:44:37+11:00,2023-02-24 05:15:13+00:00
forc-pkg/src/manifest.rs,Kaya Gökalp,bing,2023-03-16 10:01:16+00:00,2023-03-17 01:15:55+00:00
forc-pkg/src/manifest.rs,Kaya Gökalp,Mohammad Fawaz,2023-04-13 00:03:26+00:00,2023-04-13 00:24:09+00:00
forc-pkg/src/manifest.rs,Daniel Frederico Lins Leite,João Matos,2023-11-02 23:57:29+00:00,2023-11-03 12:33:25+00:00
forc-pkg/src/manifest/mod.rs,Daniel Frederico Lins Leite,Kaya Gökalp,2024-10-28 11:34:03+01:00,2024-10-28 15:41:25+01:00
forc-pkg/src/pkg.rs,Toby Hutton,Chris O'Brien,2022-04-04 06:31:45-07:00,2022-04-04 17:56:39-05:00
forc-pkg/src/pkg.rs,Chris O'Brien,mitchmindtree,2022-04-14 23:21:08+10:00,2022-04-15 08:27:00+10:00
forc-pkg/src/pkg.rs,Emily Herbert,Kaya Gökalp,2022-06-01 21:39:06-05:00,2022-06-02 09:00:39+03:00
forc-pkg/src/pkg.rs,JC,Kaya Gökalp,2022-06-04 18:14:51+03:00,2022-06-05 13:27:09+03:00
forc-pkg/src/pkg.rs,Kaya Gökalp,Joshua Batty,2022-06-07 09:50:08+03:00,2022-06-08 14:30:23+10:00
forc-pkg/src/pkg.rs,Joshua Batty,mitchmindtree,2022-06-08 14:30:23+10:00,2022-06-08 16:14:48+10:00
forc-pkg/src/pkg.rs,mitchmindtree,Kaya Gökalp,2022-06-08 16:14:48+10:00,2022-06-08 13:22:06+03:00
forc-pkg/src/pkg.rs,Joshua Batty,mitchmindtree,2022-06-21 22:15:57-05:00,2022-06-22 19:31:42-05:00
forc-pkg/src/pkg.rs,seem-less,Kaya Gökalp,2022-06-24 18:28:39+10:00,2022-06-24 13:39:25+00:00
forc-pkg/src/pkg.rs,Mohammad Fawaz,mitchmindtree,2022-07-06 10:57:04+00:00,2022-07-07 09:49:58+10:00
forc-pkg/src/pkg.rs,Joshua Batty,mitchmindtree,2022-07-08 00:18:11+00:00,2022-07-08 00:29:11+00:00
forc-pkg/src/pkg.rs,Mohammad Fawaz,Joshua Batty,2022-07-11 14:03:52-04:00,2022-07-12 01:38:03+00:00
forc-pkg/src/pkg.rs,João Matos,mitchmindtree,2022-08-02 14:11:04-07:00,2022-08-03 16:33:55+10:00
forc-pkg/src/pkg.rs,Mohammad Fawaz,Alex Hansen,2022-08-18 13:36:27-04:00,2022-08-18 19:23:53+01:00
forc-pkg/src/pkg.rs,Nick Furfaro,Mohammad Fawaz,2022-08-31 12:59:45+00:00,2022-09-01 11:03:10+10:00
forc-pkg/src/pkg.rs,Kaya Gökalp,Mazdak Farrokhzad,2022-09-27 14:54:28+03:00,2022-09-27 17:10:17+02:00
forc-pkg/src/pkg.rs,Emily Herbert,Kaya Gökalp,2022-10-07 13:49:40+11:00,2022-10-07 11:51:53+03:00
forc-pkg/src/pkg.rs,Kaya Gökalp,JC,2022-10-24 08:51:24+00:00,2022-10-25 10:59:23+11:00
forc-pkg/src/pkg.rs,mitchmindtree,Kaya Gökalp,2022-10-26 22:40:04+11:00,2022-10-26 14:02:50+00:00
forc-pkg/src/pkg.rs,mitchmindtree,Joshua Batty,2022-11-04 13:22:57+11:00,2022-11-04 16:00:51+11:00
forc-pkg/src/pkg.rs,Joshua Batty,Kaya Gökalp,2022-11-04 16:00:51+11:00,2022-11-04 21:30:22+11:00
forc-pkg/src/pkg.rs,Mohammad Fawaz,mitchmindtree,2022-12-14 13:54:16-07:00,2022-12-15 22:45:32+11:00
forc-pkg/src/pkg.rs,mitchmindtree,Emily Herbert,2022-12-15 22:45:32+11:00,2022-12-16 09:34:16+11:00
forc-pkg/src/pkg.rs,Joshua Batty,Kaya Gökalp,2023-01-03 16:39:23-08:00,2023-01-04 09:02:11+00:00
forc-pkg/src/pkg.rs,Marcos Henrich,Kaya Gökalp,2023-01-17 16:25:38+00:00,2023-01-18 11:27:52+00:00
forc-pkg/src/pkg.rs,Nick Furfaro,João Matos,2023-01-26 16:05:13-05:00,2023-01-27 18:40:27+00:00
forc-pkg/src/pkg.rs,mitchmindtree,Vaivaswatha N,2023-02-24 08:44:37+11:00,2023-02-24 05:15:13+00:00
forc-pkg/src/pkg.rs,mitchmindtree,p0ry-g0n,2023-02-27 08:46:03+11:00,2023-02-27 08:11:18+00:00
forc-pkg/src/pkg.rs,Kaya Gökalp,IGI-111,2023-03-01 16:28:10+11:00,2023-03-01 16:21:51+01:00
forc-pkg/src/pkg.rs,IGI-111,Vaivaswatha N,2023-03-01 16:21:51+01:00,2023-03-02 09:42:30-05:00
forc-pkg/src/pkg.rs,Vaivaswatha N,Marcos Henrich,2023-03-02 09:42:30-05:00,2023-03-02 18:55:51+00:00
forc-pkg/src/pkg.rs,Marcos Henrich,IGI-111,2023-03-02 18:55:51+00:00,2023-03-03 17:11:21+01:00
forc-pkg/src/pkg.rs,mitchmindtree,IGI-111,2023-03-08 15:45:12+00:00,2023-03-09 19:14:52+11:00
forc-pkg/src/pkg.rs,IGI-111,Mohammad Fawaz,2023-03-09 19:14:52+11:00,2023-03-09 18:38:54-05:00
forc-pkg/src/pkg.rs,Mohammad Fawaz,mitchmindtree,2023-03-09 18:38:54-05:00,2023-03-10 15:01:37+00:00
forc-pkg/src/pkg.rs,Kaya Gökalp,bing,2023-03-16 10:01:16+00:00,2023-03-17 01:15:55+00:00
forc-pkg/src/pkg.rs,Joshua Batty,Kaya Gökalp,2023-07-05 13:32:43+00:00,2023-07-05 21:08:10+00:00
forc-pkg/src/pkg.rs,JC,Hannes Karppila,2023-07-24 11:16:08+00:00,2023-07-25 02:42:25+01:00
forc-pkg/src/pkg.rs,yudrywet,João Matos,2024-04-18 23:13:21+00:00,2024-04-19 10:25:46+04:00
forc-pkg/src/pkg.rs,Vaivaswatha N,João Matos,2024-05-06 04:20:45+00:00,2024-05-06 20:35:36+04:00
forc-pkg/src/pkg.rs,Daniel Frederico Lins Leite,Igor Rončević,2024-05-12 18:22:46+01:00,2024-05-13 13:51:23+01:00
forc-pkg/src/pkg.rs,Daniel Frederico Lins Leite,jjcnn,2024-06-11 13:28:47+04:00,2024-06-11 18:29:34+02:00
forc-pkg/src/pkg.rs,Daniel Frederico Lins Leite,Kaya Gökalp,2024-10-28 11:34:03+01:00,2024-10-28 15:41:25+01:00
forc-plugins/forc-client/Cargo.toml,Kaya Gökalp,Emily Herbert,2022-08-18 01:46:12+00:00,2022-08-18 15:25:28-04:00
forc-plugins/forc-client/Cargo.toml,Emily Herbert,Mohammad Fawaz,2022-08-18 15:25:28-04:00,2022-08-18 17:14:10-04:00
forc-plugins/forc-client/Cargo.toml,Nick Furfaro,Mohammad Fawaz,2022-08-31 12:59:45+00:00,2022-08-31 21:49:35-04:00
forc-plugins/forc-client/Cargo.toml,Mohammad Fawaz,Kaya Gökalp,2022-08-31 22:54:46-04:00,2022-09-02 07:57:42+10:00
forc-plugins/forc-client/Cargo.toml,Mohammad Fawaz,bing,2022-10-23 20:30:18-04:00,2022-10-24 11:10:21+00:00
forc-plugins/forc-client/Cargo.toml,bing,Mohammad Fawaz,2022-10-24 11:10:21+00:00,2022-10-25 17:31:02+11:00
forc-plugins/forc-client/Cargo.toml,mitchmindtree,Mohammad Fawaz,2022-10-28 09:00:02+11:00,2022-10-28 01:30:08+00:00
forc-plugins/forc-client/Cargo.toml,Brandon Kite,Mohammad Fawaz,2022-11-02 15:19:26+11:00,2022-11-02 15:40:29-04:00
forc-plugins/forc-client/Cargo.toml,Mohammad Fawaz,Kaya Gökalp,2023-01-18 06:00:31-05:00,2023-01-19 10:37:58+00:00
forc-plugins/forc-client/Cargo.toml,Brandon Kite,João Matos,2023-02-08 20:01:12+11:00,2023-02-08 10:38:48+00:00
forc-plugins/forc-client/Cargo.toml,mitchmindtree,Mohammad Fawaz,2023-02-17 19:36:27+00:00,2023-02-17 15:08:34-08:00
forc-plugins/forc-client/Cargo.toml,Kaya Gökalp,mitchmindtree,2023-04-24 22:19:25+02:00,2023-04-25 03:53:15+00:00
forc-plugins/forc-client/Cargo.toml,Green Baneling,Kaya Gökalp,2023-05-31 11:08:30+02:00,2023-05-31 10:21:28+00:00
forc-plugins/forc-client/Cargo.toml,Kaya Gökalp,IGI-111,2023-05-31 10:21:28+00:00,2023-05-31 15:13:02+00:00
forc-plugins/forc-client/Cargo.toml,Green Baneling,IGI-111,2023-08-14 11:19:40+02:00,2023-08-14 15:33:58+02:00
forc-plugins/forc-client/Cargo.toml,Joshua Batty,IGI-111,2023-12-06 17:48:58+11:00,2023-12-06 10:37:39+00:00
forc-plugins/forc-client/Cargo.toml,Kaya Gökalp,IGI-111,2024-04-13 09:15:12+10:00,2024-04-13 04:03:01+04:00
forc-plugins/forc-client/Cargo.toml,IGI-111,Kaya Gökalp,2024-05-13 08:19:45+01:00,2024-05-13 14:04:17-07:00
forc-plugins/forc-client/Cargo.toml,Kaya Gökalp,IGI-111,2024-05-13 16:44:55-07:00,2024-05-14 15:35:01+04:00
forc-plugins/forc-client/Cargo.toml,IGI-111,Kaya Gökalp,2024-07-02 23:03:30+02:00,2024-07-03 20:39:09+10:00
forc-plugins/forc-client/Cargo.toml,Kaya Gökalp,Sophie Dankel,2024-07-03 20:39:09+10:00,2024-07-03 15:24:12-07:00
forc-plugins/forc-client/Cargo.toml,Sophie Dankel,Kaya Gökalp,2024-08-19 18:37:36+02:00,2024-08-19 20:34:40+00:00
forc-plugins/forc-client/Cargo.toml,IGI-111,Joshua Batty,2024-08-28 23:06:10+02:00,2024-08-28 23:57:55-07:00
forc-plugins/forc-client/proxy_abi/README.md,Sophie Dankel,Kaya Gökalp,2024-08-19 18:37:36+02:00,2024-08-19 20:34:40+00:00
forc-plugins/forc-client/proxy_abi/README.md,IGI-111,Joshua Batty,2024-08-28 23:06:10+02:00,2024-08-28 23:57:55-07:00
forc-plugins/forc-client/src/cmd/deploy.rs,bing,Kaya Gökalp,2023-04-03 23:36:10+00:00,2023-04-04 02:19:41+00:00
forc-plugins/forc-client/src/op/call/mod.rs,zees-dev,Sophie Dankel,2025-02-14 15:01:28+13:00,2025-02-15 08:33:05+11:00
forc-plugins/forc-client/src/op/deploy.rs,mitchmindtree,Kaya Gökalp,2023-02-10 13:08:06+03:00,2023-02-10 14:02:01+03:00
forc-plugins/forc-client/src/op/deploy.rs,Igor Rončević,Kaya Gökalp,2024-05-13 13:51:23+01:00,2024-05-13 14:04:17-07:00
forc-plugins/forc-client/src/op/run.rs,mitchmindtree,Kaya Gökalp,2023-02-10 13:08:06+03:00,2023-02-10 14:02:01+03:00
forc-plugins/forc-client/src/op/run/mod.rs,Igor Rončević,Kaya Gökalp,2024-05-13 13:51:23+01:00,2024-05-13 14:04:17-07:00
forc-plugins/forc-client/src/op/run/mod.rs,Igor Rončević,Kaya Gökalp,2024-05-17 10:42:00+10:00,2024-05-16 18:02:41-07:00
forc-plugins/forc-client/src/ops/deploy/op.rs,Emily Herbert,Kaya Gökalp,2022-10-07 13:49:40+11:00,2022-10-07 11:51:53+03:00
forc-plugins/forc-client/src/ops/deploy/op.rs,Kaya Gökalp,mitchmindtree,2022-10-25 16:23:22+00:00,2022-10-26 22:40:04+11:00
forc-plugins/forc-client/src/ops/deploy/op.rs,mitchmindtree,Kaya Gökalp,2022-10-26 22:40:04+11:00,2022-10-26 14:02:50+00:00
forc-plugins/forc-client/src/ops/deploy/op.rs,Brandon Kite,Kaya Gökalp,2022-11-09 13:31:35-08:00,2022-11-10 02:02:43+03:00
forc-plugins/forc-client/src/ops/run/op.rs,Emily Herbert,Kaya Gökalp,2022-10-07 13:49:40+11:00,2022-10-07 11:51:53+03:00
forc-plugins/forc-client/src/ops/run/op.rs,mitchmindtree,Kaya Gökalp,2022-10-26 22:40:04+11:00,2022-10-26 14:02:50+00:00
forc-plugins/forc-client/src/util/target.rs,Sophie Dankel,Kaya Gökalp,2024-10-14 21:00:25-07:00,2024-10-15 20:19:14+11:00
forc-plugins/forc-client/src/util/tx.rs,Kaya Gökalp,Halimao,2024-01-14 22:56:21+00:00,2024-01-14 23:18:34+00:00
forc-plugins/forc-client/src/util/tx.rs,Sophie Dankel,Kaya Gökalp,2024-10-14 21:00:25-07:00,2024-10-15 20:19:14+11:00
forc-plugins/forc-client/src/util/tx.rs,Kaya Gökalp,zees-dev,2024-11-08 18:37:57-08:00,2024-11-10 09:32:37+13:00
forc-plugins/forc-client/test/data/big_contract/src/main.sw,SwayStar123,Igor Rončević,2025-03-12 23:52:38+01:00,2025-03-13 20:47:01+11:00
forc-plugins/forc-client/tests/deploy.rs,Kaya Gökalp,Daniel Frederico Lins Leite,2024-07-09 01:41:07+02:00,2024-07-08 23:55:03+00:00
forc-plugins/forc-client/tests/deploy.rs,SwayStar123,Igor Rončević,2025-03-12 23:52:38+01:00,2025-03-13 20:47:01+11:00
forc-plugins/forc-crypto/Cargo.toml,hal3e,Joshua Batty,2023-12-06 03:19:54+04:00,2023-12-06 17:48:58+11:00
forc-plugins/forc-crypto/Cargo.toml,Joshua Batty,IGI-111,2023-12-06 17:48:58+11:00,2023-12-06 10:37:39+00:00
forc-plugins/forc-crypto/Cargo.toml,IGI-111,Kaya Gökalp,2024-05-13 08:19:45+01:00,2024-05-13 16:44:55-07:00
forc-plugins/forc-crypto/Cargo.toml,Kaya Gökalp,IGI-111,2024-05-13 16:44:55-07:00,2024-05-14 15:35:01+04:00
forc-plugins/forc-crypto/Cargo.toml,Sophie Dankel,Kaya Gökalp,2024-08-19 18:37:36+02:00,2024-08-19 20:34:40+00:00
forc-plugins/forc-crypto/Cargo.toml,IGI-111,Joshua Batty,2024-08-28 23:06:10+02:00,2024-08-28 23:57:55-07:00
forc-plugins/forc-debug/Cargo.toml,IGI-111,Kaya Gökalp,2024-05-13 08:19:45+01:00,2024-05-13 16:44:55-07:00
forc-plugins/forc-debug/Cargo.toml,Kaya Gökalp,IGI-111,2024-05-13 16:44:55-07:00,2024-05-14 15:35:01+04:00
forc-plugins/forc-debug/Cargo.toml,Sophie Dankel,Kaya Gökalp,2024-08-19 18:37:36+02:00,2024-08-19 20:34:40+00:00
forc-plugins/forc-debug/Cargo.toml,IGI-111,Joshua Batty,2024-08-28 23:06:10+02:00,2024-08-28 23:57:55-07:00
forc-plugins/forc-doc/Cargo.toml,Mohammad Fawaz,Chris O'Brien,2022-11-29 11:59:43-05:00,2022-11-30 03:30:31+00:00
forc-plugins/forc-doc/Cargo.toml,Chris O'Brien,Emily Herbert,2022-11-30 03:30:31+00:00,2022-11-30 14:57:21-06:00
forc-plugins/forc-doc/Cargo.toml,Brandon Kite,João Matos,2023-02-08 20:01:12+11:00,2023-02-08 10:38:48+00:00
forc-plugins/forc-doc/Cargo.toml,Kaya Gökalp,mitchmindtree,2023-04-24 22:19:25+02:00,2023-04-25 03:53:15+00:00
forc-plugins/forc-doc/Cargo.toml,Kaya Gökalp,IGI-111,2023-05-31 10:21:28+00:00,2023-05-31 15:13:02+00:00
forc-plugins/forc-doc/Cargo.toml,Joshua Batty,IGI-111,2023-12-06 17:48:58+11:00,2023-12-06 10:37:39+00:00
forc-plugins/forc-doc/Cargo.toml,IGI-111,Kaya Gökalp,2024-05-13 08:19:45+01:00,2024-05-13 16:44:55-07:00
forc-plugins/forc-doc/Cargo.toml,Kaya Gökalp,IGI-111,2024-05-13 16:44:55-07:00,2024-05-14 15:35:01+04:00
forc-plugins/forc-doc/Cargo.toml,IGI-111,Sophie Dankel,2024-07-02 23:03:30+02:00,2024-07-03 13:32:25+00:00
forc-plugins/forc-doc/Cargo.toml,Sophie Dankel,Kaya Gökalp,2024-08-19 18:37:36+02:00,2024-08-19 20:34:40+00:00
forc-plugins/forc-doc/Cargo.toml,IGI-111,Joshua Batty,2024-08-28 23:06:10+02:00,2024-08-28 23:57:55-07:00
forc-plugins/forc-doc/src/descriptor.rs,Chris O'Brien,Emily Herbert,2022-12-21 13:26:22+11:00,2022-12-22 12:43:03+11:00
forc-plugins/forc-doc/src/descriptor.rs,Joshua Batty,Emily Herbert,2023-03-09 11:19:51-05:00,2023-03-10 07:37:46+11:00
forc-plugins/forc-doc/src/descriptor.rs,Emily Herbert,Mohammad Fawaz,2023-03-10 07:37:46+11:00,2023-03-09 18:38:54-05:00
forc-plugins/forc-doc/src/descriptor.rs,Mohammad Fawaz,Emily Herbert,2023-03-09 18:38:54-05:00,2023-03-10 12:59:16-05:00
forc-plugins/forc-doc/src/doc.rs,Chris O'Brien,Emily Herbert,2022-12-21 13:26:22+11:00,2022-12-22 12:43:03+11:00
forc-plugins/forc-doc/src/doc.rs,Chris O'Brien,IGI-111,2023-03-09 01:58:24+00:00,2023-03-09 19:14:52+11:00
forc-plugins/forc-doc/src/doc/mod.rs,João Matos,Joshua Batty,2024-05-06 03:23:39+00:00,2024-05-06 22:14:34+00:00
forc-plugins/forc-doc/src/main.rs,Joshua Batty,Kaya Gökalp,2022-11-04 16:00:51+11:00,2022-11-04 21:30:22+11:00
forc-plugins/forc-doc/src/main.rs,Mohammad Fawaz,Emily Herbert,2022-12-15 02:45:07+00:00,2022-12-16 09:34:16+11:00
forc-plugins/forc-doc/src/main.rs,Chris O'Brien,Emily Herbert,2022-12-21 13:26:22+11:00,2022-12-22 12:43:03+11:00
forc-plugins/forc-doc/src/main.rs,Joshua Batty,Chris O'Brien,2023-01-03 16:39:23-08:00,2023-01-04 18:25:19+00:00
forc-plugins/forc-doc/src/main.rs,Chris-san,João Matos,2023-05-22 21:27:32+03:00,2023-05-23 12:17:11+00:00
forc-plugins/forc-doc/src/render.rs,Chris O'Brien,Mohammad Fawaz,2022-11-30 03:30:31+00:00,2022-11-30 06:00:41+00:00
forc-plugins/forc-doc/src/render.rs,Chris O'Brien,Emily Herbert,2022-12-21 13:26:22+11:00,2022-12-22 12:43:03+11:00
forc-plugins/forc-doc/src/render.rs,Chris O'Brien,IGI-111,2023-02-12 00:55:44+00:00,2023-02-12 16:26:44+00:00
forc-plugins/forc-doc/src/render.rs,IGI-111,Emily Herbert,2023-02-13 11:34:17+01:00,2023-02-14 14:24:47+11:00
forc-plugins/forc-doc/src/render/mod.rs,Sophie Dankel,Joshua Batty,2024-05-09 10:21:32+10:00,2024-05-09 00:47:13+00:00
forc-plugins/forc-explore/Cargo.toml,John Adler,Alex Hansen,2022-05-26 21:12:03-07:00,2022-05-26 22:58:56-07:00
forc-plugins/forc-explore/Cargo.toml,Alex Hansen,Emily Herbert,2022-05-26 22:58:56-07:00,2022-05-27 14:03:29-05:00
forc-plugins/forc-explore/Cargo.toml,Emily Herbert,Mohammad Fawaz,2022-05-27 14:03:29-05:00,2022-05-28 14:07:02-04:00
forc-plugins/forc-explore/Cargo.toml,Emily Herbert,Mohammad Fawaz,2022-08-18 15:25:28-04:00,2022-08-18 15:02:14-07:00
forc-plugins/forc-explore/Cargo.toml,Mohammad Fawaz,bing,2022-10-23 20:30:18-04:00,2022-10-24 11:10:21+00:00
forc-plugins/forc-explore/Cargo.toml,bing,Mohammad Fawaz,2022-10-24 11:10:21+00:00,2022-10-25 17:31:02+11:00
forc-plugins/forc-fmt-v2/Cargo.toml,Emily Herbert,Mohammad Fawaz,2022-08-18 15:25:28-04:00,2022-08-18 15:02:14-07:00
forc-plugins/forc-fmt/Cargo.toml,John Adler,Alex Hansen,2022-05-26 21:12:03-07:00,2022-05-26 22:58:56-07:00
forc-plugins/forc-fmt/Cargo.toml,Alex Hansen,Emily Herbert,2022-05-26 22:58:56-07:00,2022-05-27 14:03:29-05:00
forc-plugins/forc-fmt/Cargo.toml,Emily Herbert,Mohammad Fawaz,2022-05-27 14:03:29-05:00,2022-05-28 14:07:02-04:00
forc-plugins/forc-fmt/Cargo.toml,Emily Herbert,Mohammad Fawaz,2022-08-18 15:25:28-04:00,2022-08-18 15:02:14-07:00
forc-plugins/forc-fmt/Cargo.toml,Chris O'Brien,Mohammad Fawaz,2022-09-02 11:40:00-05:00,2022-09-02 18:20:32-04:00
forc-plugins/forc-fmt/Cargo.toml,Mohammad Fawaz,bing,2022-10-23 20:30:18-04:00,2022-10-24 11:10:21+00:00
forc-plugins/forc-fmt/Cargo.toml,bing,Mohammad Fawaz,2022-10-24 11:10:21+00:00,2022-10-25 17:31:02+11:00
forc-plugins/forc-fmt/Cargo.toml,Kaya Gökalp,mitchmindtree,2023-04-24 22:19:25+02:00,2023-04-25 03:53:15+00:00
forc-plugins/forc-fmt/Cargo.toml,Kaya Gökalp,IGI-111,2023-05-31 10:21:28+00:00,2023-05-31 15:13:02+00:00
forc-plugins/forc-fmt/Cargo.toml,Joshua Batty,IGI-111,2023-12-06 17:48:58+11:00,2023-12-06 10:37:39+00:00
forc-plugins/forc-fmt/Cargo.toml,IGI-111,Kaya Gökalp,2024-05-13 08:19:45+01:00,2024-05-13 16:44:55-07:00
forc-plugins/forc-fmt/Cargo.toml,Kaya Gökalp,IGI-111,2024-05-13 16:44:55-07:00,2024-05-14 15:35:01+04:00
forc-plugins/forc-fmt/Cargo.toml,Sophie Dankel,Kaya Gökalp,2024-08-19 18:37:36+02:00,2024-08-19 20:34:40+00:00
forc-plugins/forc-fmt/Cargo.toml,IGI-111,Joshua Batty,2024-08-28 23:06:10+02:00,2024-08-28 23:57:55-07:00
forc-plugins/forc-fmt/src/main.rs,Nick Furfaro,bing,2023-01-26 16:05:13-05:00,2023-01-27 10:16:51+08:00
forc-plugins/forc-lsp/Cargo.toml,John Adler,Alex Hansen,2022-05-26 21:12:03-07:00,2022-05-26 22:58:56-07:00
forc-plugins/forc-lsp/Cargo.toml,Alex Hansen,Emily Herbert,2022-05-26 22:58:56-07:00,2022-05-27 14:03:29-05:00
forc-plugins/forc-lsp/Cargo.toml,Emily Herbert,Mohammad Fawaz,2022-05-27 14:03:29-05:00,2022-05-28 14:07:02-04:00
forc-plugins/forc-lsp/Cargo.toml,Emily Herbert,Mohammad Fawaz,2022-08-18 15:25:28-04:00,2022-08-18 15:02:14-07:00
forc-plugins/forc-lsp/Cargo.toml,Kaya Gökalp,mitchmindtree,2023-04-24 22:19:25+02:00,2023-04-25 03:53:15+00:00
forc-plugins/forc-lsp/Cargo.toml,Kaya Gökalp,IGI-111,2023-05-31 10:21:28+00:00,2023-05-31 15:13:02+00:00
forc-plugins/forc-lsp/Cargo.toml,Joshua Batty,IGI-111,2023-12-06 17:48:58+11:00,2023-12-06 10:37:39+00:00
forc-plugins/forc-lsp/Cargo.toml,IGI-111,Joshua Batty,2023-12-06 10:37:39+00:00,2023-12-07 04:03:43+01:00
forc-plugins/forc-lsp/Cargo.toml,IGI-111,Kaya Gökalp,2024-05-13 08:19:45+01:00,2024-05-13 16:44:55-07:00
forc-plugins/forc-lsp/Cargo.toml,Kaya Gökalp,IGI-111,2024-05-13 16:44:55-07:00,2024-05-14 15:35:01+04:00
forc-plugins/forc-lsp/Cargo.toml,Sophie Dankel,Kaya Gökalp,2024-08-19 18:37:36+02:00,2024-08-19 20:34:40+00:00
forc-plugins/forc-lsp/Cargo.toml,IGI-111,Joshua Batty,2024-08-28 23:06:10+02:00,2024-08-28 23:57:55-07:00
forc-plugins/forc-migrate/src/migrations/partial_eq.rs,SwayStar123,Igor Rončević,2025-03-12 23:52:38+01:00,2025-03-13 20:47:01+11:00
forc-plugins/forc-tx/Cargo.toml,mitchmindtree,Mohammad Fawaz,2023-01-18 13:45:42+11:00,2023-01-18 06:00:31-05:00
forc-plugins/forc-tx/Cargo.toml,Brandon Kite,João Matos,2023-02-08 20:01:12+11:00,2023-02-08 10:38:48+00:00
forc-plugins/forc-tx/Cargo.toml,mitchmindtree,Mohammad Fawaz,2023-02-17 13:25:15+08:00,2023-02-17 15:08:34-08:00
forc-plugins/forc-tx/Cargo.toml,Kaya Gökalp,mitchmindtree,2023-04-24 22:19:25+02:00,2023-04-25 03:53:15+00:00
forc-plugins/forc-tx/Cargo.toml,Green Baneling,Kaya Gökalp,2023-05-31 11:08:30+02:00,2023-05-31 10:21:28+00:00
forc-plugins/forc-tx/Cargo.toml,Kaya Gökalp,IGI-111,2023-05-31 10:21:28+00:00,2023-05-31 15:13:02+00:00
forc-plugins/forc-tx/Cargo.toml,Joshua Batty,IGI-111,2023-12-06 17:48:58+11:00,2023-12-06 10:37:39+00:00
forc-plugins/forc-tx/Cargo.toml,Kaya Gökalp,IGI-111,2024-04-13 09:15:12+10:00,2024-04-13 04:03:01+04:00
forc-plugins/forc-tx/Cargo.toml,IGI-111,Kaya Gökalp,2024-05-13 08:19:45+01:00,2024-05-13 16:44:55-07:00
forc-plugins/forc-tx/Cargo.toml,Kaya Gökalp,IGI-111,2024-05-13 16:44:55-07:00,2024-05-14 15:35:01+04:00
forc-plugins/forc-tx/Cargo.toml,Sophie Dankel,Kaya Gökalp,2024-08-19 18:37:36+02:00,2024-08-19 20:34:40+00:00
forc-plugins/forc-tx/Cargo.toml,IGI-111,Joshua Batty,2024-08-28 23:06:10+02:00,2024-08-28 23:57:55-07:00
forc-test/Cargo.toml,mitchmindtree,Mohammad Fawaz,2022-11-04 13:22:57+11:00,2022-11-04 14:28:28-07:00
forc-test/Cargo.toml,Mohammad Fawaz,Kaya Gökalp,2023-01-18 06:00:31-05:00,2023-01-19 10:37:58+00:00
forc-test/Cargo.toml,Brandon Kite,João Matos,2023-02-08 20:01:12+11:00,2023-02-08 10:38:48+00:00
forc-test/Cargo.toml,Kaya Gökalp,Mohammad Fawaz,2023-02-17 10:23:08+00:00,2023-02-17 15:08:34-08:00
forc-test/Cargo.toml,Mohammad Fawaz,Kaya Gökalp,2023-04-05 10:04:12-04:00,2023-04-05 22:57:07+00:00
forc-test/Cargo.toml,Kaya Gökalp,Mohammad Fawaz,2023-04-05 22:57:07+00:00,2023-04-05 20:01:56-04:00
forc-test/Cargo.toml,Kaya Gökalp,mitchmindtree,2023-04-24 22:19:25+02:00,2023-04-25 03:53:15+00:00
forc-test/Cargo.toml,Kaya Gökalp,IGI-111,2023-05-31 10:21:28+00:00,2023-05-31 15:13:02+00:00
forc-test/Cargo.toml,Joshua Batty,IGI-111,2023-12-06 17:48:58+11:00,2023-12-06 10:37:39+00:00
forc-test/Cargo.toml,Kaya Gökalp,IGI-111,2024-04-13 09:15:12+10:00,2024-04-13 04:03:01+04:00
forc-test/Cargo.toml,IGI-111,Kaya Gökalp,2024-05-13 08:19:45+01:00,2024-05-13 16:44:55-07:00
forc-test/Cargo.toml,Sophie Dankel,Kaya Gökalp,2024-08-19 18:37:36+02:00,2024-08-19 20:34:40+00:00
forc-test/Cargo.toml,IGI-111,Joshua Batty,2024-08-28 23:06:10+02:00,2024-08-28 23:57:55-07:00
forc-test/src/lib.rs,Kaya Gökalp,bing,2023-03-16 10:01:16+00:00,2023-03-17 01:15:55+00:00
forc-test/src/lib.rs,Kaya Gökalp,Mohammad Fawaz,2023-04-12 08:12:35+00:00,2023-04-13 00:24:09+00:00
forc-test/src/lib.rs,Kaya Gökalp,IGI-111,2023-05-24 12:14:13+00:00,2023-05-25 11:25:08+02:00
forc-tracing/Cargo.toml,bing,Mohammad Fawaz,2022-10-24 11:10:21+00:00,2022-10-25 17:31:02+11:00
forc-tracing/Cargo.toml,Kaya Gökalp,mitchmindtree,2023-04-24 22:19:25+02:00,2023-04-25 03:53:15+00:00
forc-tracing/Cargo.toml,Kaya Gökalp,IGI-111,2023-05-31 10:21:28+00:00,2023-05-31 15:13:02+00:00
forc-tracing/Cargo.toml,Joshua Batty,IGI-111,2023-12-06 17:48:58+11:00,2023-12-06 10:37:39+00:00
forc-tracing/Cargo.toml,IGI-111,Kaya Gökalp,2024-05-13 08:19:45+01:00,2024-05-13 16:44:55-07:00
forc-tracing/Cargo.toml,IGI-111,Sophie Dankel,2024-07-02 23:03:30+02:00,2024-07-03 13:32:25+00:00
forc-tracing/Cargo.toml,Sophie Dankel,Kaya Gökalp,2024-08-19 18:37:36+02:00,2024-08-19 20:34:40+00:00
forc-tracing/Cargo.toml,IGI-111,Joshua Batty,2024-08-28 23:06:10+02:00,2024-08-28 23:57:55-07:00
forc-util/Cargo.toml,John Adler,Alex Hansen,2022-03-28 16:59:21-04:00,2022-03-29 08:49:39-04:00
forc-util/Cargo.toml,Mohammad Fawaz,Kaya Gökalp,2022-05-19 10:03:42-04:00,2022-05-20 11:18:01+03:00
forc-util/Cargo.toml,John Adler,Alex Hansen,2022-05-26 21:12:03-07:00,2022-05-26 22:58:56-07:00
forc-util/Cargo.toml,Alex Hansen,Emily Herbert,2022-05-26 22:58:56-07:00,2022-05-27 14:03:29-05:00
forc-util/Cargo.toml,Emily Herbert,Mohammad Fawaz,2022-05-27 14:03:29-05:00,2022-05-28 14:07:02-04:00
forc-util/Cargo.toml,Mohammad Fawaz,Emily Herbert,2022-06-06 13:45:20-04:00,2022-06-06 21:27:31-05:00
forc-util/Cargo.toml,Emily Herbert,Mohammad Fawaz,2022-08-18 15:25:28-04:00,2022-08-18 15:02:14-07:00
forc-util/Cargo.toml,Sophie Dankel,Alex Hansen,2022-09-15 23:04:04+00:00,2022-09-16 08:43:02-04:00
forc-util/Cargo.toml,Mohammad Fawaz,bing,2022-10-23 20:30:18-04:00,2022-10-24 11:10:21+00:00
forc-util/Cargo.toml,bing,Mohammad Fawaz,2022-10-24 11:10:21+00:00,2022-10-25 17:31:02+11:00
forc-util/Cargo.toml,Mohammad Fawaz,Kaya Gökalp,2023-01-18 06:00:31-05:00,2023-01-19 10:37:58+00:00
forc-util/Cargo.toml,Brandon Kite,João Matos,2023-02-08 20:01:12+11:00,2023-02-08 10:38:48+00:00
forc-util/Cargo.toml,Kaya Gökalp,Mohammad Fawaz,2023-04-13 00:03:26+00:00,2023-04-13 12:28:13-04:00
forc-util/Cargo.toml,Kaya Gökalp,mitchmindtree,2023-04-24 22:19:25+02:00,2023-04-25 03:53:15+00:00
forc-util/Cargo.toml,Kaya Gökalp,IGI-111,2023-05-31 10:21:28+00:00,2023-05-31 15:13:02+00:00
forc-util/Cargo.toml,Joshua Batty,IGI-111,2023-12-06 17:48:58+11:00,2023-12-06 10:37:39+00:00
forc-util/Cargo.toml,IGI-111,Kaya Gökalp,2024-05-13 08:19:45+01:00,2024-05-13 16:44:55-07:00
forc-util/Cargo.toml,Kaya Gökalp,IGI-111,2024-05-13 16:44:55-07:00,2024-05-14 15:35:01+04:00
forc-util/Cargo.toml,Sophie Dankel,Kaya Gökalp,2024-08-19 18:37:36+02:00,2024-08-19 20:34:40+00:00
forc-util/Cargo.toml,IGI-111,Joshua Batty,2024-08-28 23:06:10+02:00,2024-08-28 23:57:55-07:00
forc-util/src/lib.rs,Chris O'Brien,mitchmindtree,2022-03-22 22:35:22-05:00,2022-03-24 10:36:02+11:00
forc-util/src/lib.rs,mitchmindtree,Mazdak Farrokhzad,2022-10-10 12:27:13+11:00,2022-10-10 12:10:54+02:00
forc-util/src/lib.rs,Sophie Dankel,bing,2022-10-24 05:34:11+00:00,2022-10-24 11:10:21+00:00
forc-util/src/lib.rs,Igor Rončević,Cesar,2023-09-06 14:10:47+02:00,2023-09-06 22:45:49+00:00
forc.toml,Vishwa Mehta,mitchmindtree,2023-02-20 17:38:02+00:00,2023-02-21 11:15:29+11:00
forc/Cargo.toml,John Adler,Alex Hansen,2021-12-23 14:08:12-05:00,2021-12-24 09:28:41-08:00
forc/Cargo.toml,Alex Hansen,John Adler,2021-12-24 19:40:54-05:00,2021-12-24 22:25:11-08:00
forc/Cargo.toml,John Adler,Alex Hansen,2021-12-28 17:13:38-05:00,2021-12-29 11:44:11-08:00
forc/Cargo.toml,Alex Hansen,John Adler,2021-12-29 11:44:11-08:00,2021-12-29 21:36:37-05:00
forc/Cargo.toml,Joshua Batty,John Adler,2022-02-28 15:47:08+11:00,2022-02-28 15:02:42-05:00
forc/Cargo.toml,John Adler,Chris O'Brien,2022-02-28 15:02:42-05:00,2022-02-28 22:13:14-06:00
forc/Cargo.toml,mitchmindtree,John Adler,2022-03-04 14:34:27+11:00,2022-03-04 13:47:34-05:00
forc/Cargo.toml,John Adler,Joshua Batty,2022-03-07 15:59:28-05:00,2022-03-08 11:44:00+11:00
forc/Cargo.toml,Joshua Batty,mitchmindtree,2022-03-08 11:44:00+11:00,2022-03-08 22:47:45+11:00
forc/Cargo.toml,John Adler,Alex Hansen,2022-03-28 16:59:21-04:00,2022-03-29 08:49:39-04:00
forc/Cargo.toml,Hannes Karppila,mitchmindtree,2022-04-06 19:13:30+03:00,2022-04-07 08:48:59+10:00
forc/Cargo.toml,mitchmindtree,Mohammad Fawaz,2022-04-11 15:59:15+10:00,2022-04-11 13:24:33-04:00
forc/Cargo.toml,Mohammad Fawaz,Kaya Gökalp,2022-05-19 10:03:42-04:00,2022-05-20 11:18:01+03:00
forc/Cargo.toml,Kaya Gökalp,Alex Hansen,2022-05-24 02:47:41+03:00,2022-05-24 06:45:53-07:00
forc/Cargo.toml,Mohammad Fawaz,John Adler,2022-05-25 18:01:21-04:00,2022-05-26 11:25:39-04:00
forc/Cargo.toml,John Adler,Alex Hansen,2022-05-26 21:12:03-07:00,2022-05-26 22:58:56-07:00
forc/Cargo.toml,Alex Hansen,Emily Herbert,2022-05-26 22:58:56-07:00,2022-05-27 14:03:29-05:00
forc/Cargo.toml,Emily Herbert,Mohammad Fawaz,2022-05-27 14:03:29-05:00,2022-05-28 14:07:02-04:00
forc/Cargo.toml,Braqzen,Mohammad Fawaz,2022-07-01 12:30:34+00:00,2022-07-01 15:12:20-04:00
forc/Cargo.toml,Kaya Gökalp,Emily Herbert,2022-08-18 01:46:12+00:00,2022-08-18 15:25:28-04:00
forc/Cargo.toml,Emily Herbert,Mohammad Fawaz,2022-08-18 15:25:28-04:00,2022-08-18 15:02:14-07:00
forc/Cargo.toml,Nick Furfaro,Mohammad Fawaz,2022-08-31 12:59:45+00:00,2022-08-31 21:49:35-04:00
forc/Cargo.toml,Mohammad Fawaz,Joshua Batty,2022-10-13 13:32:01-04:00,2022-10-14 21:24:54+11:00
forc/Cargo.toml,Mohammad Fawaz,bing,2022-10-23 20:30:18-04:00,2022-10-24 11:10:21+00:00
forc/Cargo.toml,bing,Mohammad Fawaz,2022-10-24 11:10:21+00:00,2022-10-25 17:31:02+11:00
forc/Cargo.toml,mitchmindtree,Mohammad Fawaz,2022-11-04 13:22:57+11:00,2022-11-04 14:28:28-07:00
forc/Cargo.toml,Brandon Kite,João Matos,2023-02-08 20:01:12+11:00,2023-02-08 10:38:48+00:00
forc/Cargo.toml,Kaya Gökalp,mitchmindtree,2023-04-24 22:19:25+02:00,2023-04-25 03:53:15+00:00
forc/Cargo.toml,Kaya Gökalp,IGI-111,2023-05-31 10:21:28+00:00,2023-05-31 15:13:02+00:00
forc/Cargo.toml,Joshua Batty,IGI-111,2023-12-06 17:48:58+11:00,2023-12-06 10:37:39+00:00
forc/Cargo.toml,IGI-111,Kaya Gökalp,2024-05-13 08:19:45+01:00,2024-05-13 16:44:55-07:00
forc/Cargo.toml,Kaya Gökalp,IGI-111,2024-05-13 16:44:55-07:00,2024-05-14 15:35:01+04:00
forc/Cargo.toml,Igor Rončević,IGI-111,2024-05-17 10:42:00+10:00,2024-05-17 11:29:22+00:00
forc/Cargo.toml,Sophie Dankel,Kaya Gökalp,2024-08-19 18:37:36+02:00,2024-08-19 20:34:40+00:00
forc/Cargo.toml,IGI-111,Joshua Batty,2024-08-28 23:06:10+02:00,2024-08-28 23:57:55-07:00
forc/README.md,mitchmindtree,Victor Nepveu,2022-03-05 08:09:21+11:00,2022-03-05 05:08:54+01:00
forc/src/cli/commands/build.rs,seem-less,Mohammad Fawaz,2022-06-14 21:33:04+00:00,2022-06-15 14:02:31+00:00
forc/src/cli/commands/build.rs,mitchmindtree,seem-less,2022-06-23 12:32:19+00:00,2022-06-24 18:28:39+10:00
forc/src/cli/commands/build.rs,Daniel Frederico Lins Leite,Kaya Gökalp,2024-10-28 11:34:03+01:00,2024-10-28 15:41:25+01:00
forc/src/cli/commands/completions.rs,Joshua Batty,Chris O'Brien,2022-03-03 12:29:02+11:00,2022-03-02 19:58:28-06:00
forc/src/cli/commands/deploy.rs,Toby Hutton,Chris O'Brien,2022-04-04 06:31:45-07:00,2022-04-04 17:56:39-05:00
forc/src/cli/commands/deploy.rs,mitchmindtree,seem-less,2022-06-23 12:32:19+00:00,2022-06-24 18:28:39+10:00
forc/src/cli/commands/mod.rs,Hannes Karppila,alex-matthe,2022-02-11 14:14:50-08:00,2022-02-12 13:48:46-05:00
forc/src/cli/commands/run.rs,Toby Hutton,Chris O'Brien,2022-04-04 06:31:45-07:00,2022-04-04 17:56:39-05:00
forc/src/cli/commands/run.rs,mitchmindtree,seem-less,2022-06-23 12:32:19+00:00,2022-06-24 18:28:39+10:00
forc/src/cli/commands/test.rs,Marcos Henrich,Kaya Gökalp,2023-04-05 08:56:30-04:00,2023-04-05 22:57:07+00:00
forc/src/cli/commands/test.rs,Kaya Gökalp,Mohammad Fawaz,2023-04-12 08:12:35+00:00,2023-04-13 00:24:09+00:00
forc/src/cli/commands/test.rs,Kaya Gökalp,IGI-111,2023-05-24 12:14:13+00:00,2023-05-25 11:25:08+02:00
forc/src/cli/commands/test.rs,Igor Rončević,Kaya Gökalp,2024-05-17 10:42:00+10:00,2024-05-16 18:02:41-07:00
forc/src/cli/mod.rs,Hannes Karppila,alex-matthe,2022-02-11 14:14:50-08:00,2022-02-12 13:48:46-05:00
forc/src/cli/mod.rs,Joshua Batty,Chris O'Brien,2022-03-03 12:29:02+11:00,2022-03-02 19:58:28-06:00
forc/src/cli/mod.rs,mitchmindtree,Joshua Batty,2022-04-07 10:34:28+10:00,2022-04-07 12:44:34+10:00
forc/src/cli/mod.rs,Joshua Batty,mitchmindtree,2022-04-07 12:44:34+10:00,2022-04-08 09:50:55+10:00
forc/src/cli/mod.rs,Sophie Dankel,bing,2022-10-24 05:34:11+00:00,2022-10-24 11:10:21+00:00
forc/src/cli/shared.rs,Igor Rončević,IGI-111,2024-05-13 13:51:23+01:00,2024-05-14 15:35:01+04:00
forc/src/ops/forc_abi_json.rs,Chris O'Brien,mitchmindtree,2022-04-14 23:21:08+10:00,2022-04-15 08:27:00+10:00
forc/src/ops/forc_build.rs,Elvis,Rodrigo Araújo,2021-07-02 10:53:32+02:00,2021-07-02 09:58:46-07:00
forc/src/ops/forc_build.rs,Alex Hansen,Emily Herbert,2021-09-23 09:17:43-07:00,2021-09-24 08:36:38-05:00
forc/src/ops/forc_build.rs,Alex Hansen,Andrew Cann,2021-11-11 11:30:20-08:00,2021-11-12 10:26:42-08:00
forc/src/ops/forc_build.rs,Andrew Cann,Alex Hansen,2021-12-08 22:22:47-08:00,2021-12-09 08:16:28-08:00
forc/src/ops/forc_build.rs,mitchmindtree,Alex Hansen,2022-02-17 11:28:59+11:00,2022-02-17 15:06:21-07:00
forc/src/ops/forc_build.rs,Chris O'Brien,mitchmindtree,2022-04-14 23:21:08+10:00,2022-04-15 08:27:00+10:00
forc/src/ops/forc_build.rs,Emily Herbert,Kaya Gökalp,2022-06-01 21:39:06-05:00,2022-06-02 09:00:39+03:00
forc/src/ops/forc_build.rs,seem-less,Mohammad Fawaz,2022-06-14 21:33:04+00:00,2022-06-15 14:02:31+00:00
forc/src/ops/forc_build.rs,João Matos,mitchmindtree,2022-08-02 14:11:04-07:00,2022-08-03 16:33:55+10:00
forc/src/ops/forc_build.rs,mitchmindtree,Kaya Gökalp,2022-10-26 22:40:04+11:00,2022-10-26 14:02:50+00:00
forc/src/ops/forc_check.rs,Emily Herbert,Kaya Gökalp,2022-10-07 00:50:03+02:00,2022-10-07 11:51:53+03:00
forc/src/ops/forc_check.rs,Joshua Batty,Kaya Gökalp,2022-11-04 16:00:51+11:00,2022-11-04 21:30:22+11:00
forc/src/ops/forc_deploy.rs,Elvis,Rodrigo Araújo,2021-07-02 10:53:32+02:00,2021-07-02 09:58:46-07:00
forc/src/ops/forc_deploy.rs,Toby Hutton,Chris O'Brien,2022-04-04 06:31:45-07:00,2022-04-04 17:56:39-05:00
forc/src/ops/forc_deploy.rs,Chris O'Brien,mitchmindtree,2022-04-14 23:21:08+10:00,2022-04-15 08:27:00+10:00
forc/src/ops/forc_deploy.rs,JC,Kaya Gökalp,2022-06-04 18:14:51+03:00,2022-06-05 13:27:09+03:00
forc/src/ops/forc_deploy.rs,Mohammad Fawaz,Emir,2022-06-27 02:18:34+00:00,2022-06-28 00:12:51+00:00
forc/src/ops/forc_deploy.rs,João Matos,mitchmindtree,2022-08-02 14:11:04-07:00,2022-08-03 16:33:55+10:00
forc/src/ops/forc_fmt.rs,Victor Nepveu,Toby Hutton,2022-01-14 19:28:33+01:00,2022-01-15 14:59:48+11:00
forc/src/ops/forc_fmt.rs,Alex Hansen,Victor Nepveu,2022-01-22 20:47:45-08:00,2022-01-23 11:42:25-05:00
forc/src/ops/forc_init.rs,Chris O'Brien,ControlCplusControlV,2022-03-02 19:58:28-06:00,2022-03-04 12:35:29+11:00
forc/src/ops/forc_init.rs,Chris O'Brien,Joshua Batty,2022-03-06 22:18:50-06:00,2022-03-08 11:44:00+11:00
forc/src/ops/forc_init.rs,Chris O'Brien,mitchmindtree,2022-04-06 11:02:31-05:00,2022-04-07 11:52:46+10:00
forc/src/ops/forc_run.rs,Toby Hutton,Chris O'Brien,2022-04-04 06:31:45-07:00,2022-04-04 17:56:39-05:00
forc/src/ops/forc_run.rs,Chris O'Brien,mitchmindtree,2022-04-14 23:21:08+10:00,2022-04-15 08:27:00+10:00
forc/src/ops/forc_run.rs,JC,Kaya Gökalp,2022-06-04 18:14:51+03:00,2022-06-05 13:27:09+03:00
forc/src/ops/forc_run.rs,João Matos,mitchmindtree,2022-08-02 14:11:04-07:00,2022-08-03 16:33:55+10:00
forc/src/ops/forc_update.rs,Chris O'Brien,mitchmindtree,2022-04-14 23:21:08+10:00,2022-04-15 08:27:00+10:00
forc/src/utils/constants.rs,Elvis,Rodrigo Araújo,2021-07-02 10:53:32+02:00,2021-07-02 09:58:46-07:00
forc/src/utils/defaults.rs,John Adler,Alex Hansen,2021-12-27 20:18:46-05:00,2021-12-28 13:52:00-08:00
forc/src/utils/defaults.rs,Alex Hansen,John Adler,2021-12-28 13:52:00-08:00,2021-12-28 17:10:12-05:00
forc/src/utils/defaults.rs,John Adler,Mohammad Fawaz,2022-03-27 16:47:00-04:00,2022-03-28 11:15:45-04:00
forc/src/utils/defaults.rs,ControlCplusControlV,Mohammad Fawaz,2022-04-11 15:12:39-06:00,2022-04-12 13:30:57-04:00
forc/src/utils/defaults.rs,Kaya Gökalp,Nick Furfaro,2022-05-20 11:18:01+03:00,2022-05-20 14:41:18-06:00
forc/src/utils/defaults.rs,Kaya Gökalp,Mohammad Fawaz,2022-08-18 01:46:12+00:00,2022-08-18 16:43:49+00:00
forc/src/utils/defaults.rs,Nick Furfaro,Mohammad Fawaz,2022-08-31 12:59:45+00:00,2022-09-01 11:03:10+10:00
forc/src/utils/helpers.rs,mitchmindtree,Mohammad Fawaz,2022-03-04 14:34:27+11:00,2022-03-04 18:14:09-05:00
forc/src/utils/mod.rs,seem-less,Mohammad Fawaz,2022-06-14 21:33:04+00:00,2022-06-15 14:02:31+00:00
fuels-rs/Cargo.toml,Rodrigo Araújo,Alex Hansen,2021-11-01 09:37:50-07:00,2021-11-01 22:57:41-07:00
lib-std/src/lib.sw,Alex Hansen,Nick Furfaro,2021-12-07 10:44:59-08:00,2021-12-07 15:12:32-07:00
lib-std/src/storage.sw,John Adler,Alex Hansen,2021-12-27 20:17:48-05:00,2021-12-28 13:52:00-08:00
parser/Cargo.toml,Alex Hansen,John Adler,2021-12-24 19:40:54-05:00,2021-12-24 22:25:11-08:00
parser/Cargo.toml,John Adler,Alex Hansen,2021-12-28 17:13:38-05:00,2021-12-29 11:44:11-08:00
parser/Cargo.toml,Alex Hansen,John Adler,2021-12-29 11:44:11-08:00,2021-12-29 21:36:37-05:00
parser/Cargo.toml,John Adler,Alex Hansen,2022-03-28 16:59:21-04:00,2022-03-29 08:49:39-04:00
stdlib/src/main.sw,Toby Hutton,Alex Hansen,2021-09-22 10:11:21-07:00,2021-09-23 09:17:43-07:00
stdlib/src/ops.sw,Alex Hansen,Toby Hutton,2021-09-23 09:17:43-07:00,2021-09-24 10:54:53+10:00
sway-ast/Cargo.toml,Emily Herbert,Mohammad Fawaz,2022-08-18 15:25:28-04:00,2022-08-18 15:02:14-07:00
sway-ast/Cargo.toml,Kaya Gökalp,mitchmindtree,2023-04-24 22:19:25+02:00,2023-04-25 03:53:15+00:00
sway-ast/Cargo.toml,Kaya Gökalp,IGI-111,2023-05-31 10:21:28+00:00,2023-05-31 15:13:02+00:00
sway-ast/Cargo.toml,Joshua Batty,IGI-111,2023-12-06 17:48:58+11:00,2023-12-06 10:37:39+00:00
sway-ast/Cargo.toml,IGI-111,Kaya Gökalp,2024-05-13 08:19:45+01:00,2024-05-13 16:44:55-07:00
sway-ast/Cargo.toml,Sophie Dankel,Kaya Gökalp,2024-08-19 18:37:36+02:00,2024-08-19 20:34:40+00:00
sway-ast/Cargo.toml,IGI-111,Joshua Batty,2024-08-28 23:06:10+02:00,2024-08-28 23:57:55-07:00
sway-core/Cargo.toml,Alex Hansen,John Adler,2021-12-24 19:40:54-05:00,2021-12-24 22:25:11-08:00
sway-core/Cargo.toml,John Adler,Alex Hansen,2021-12-28 17:13:38-05:00,2021-12-29 11:44:11-08:00
sway-core/Cargo.toml,Alex Hansen,John Adler,2021-12-29 11:44:11-08:00,2021-12-29 21:36:37-05:00
sway-core/Cargo.toml,John Adler,Alex Hansen,2022-01-06 17:57:51-05:00,2022-01-07 11:34:41-08:00
sway-core/Cargo.toml,Alex Hansen,John Adler,2022-01-07 11:34:41-08:00,2022-01-07 14:39:40-05:00
sway-core/Cargo.toml,Alex Hansen,Hannes Karppila,2022-01-27 15:33:51-08:00,2022-01-28 08:31:45-08:00
sway-core/Cargo.toml,Joshua Batty,John Adler,2022-02-28 15:47:08+11:00,2022-02-28 15:02:42-05:00
sway-core/Cargo.toml,mitchmindtree,John Adler,2022-03-04 14:34:27+11:00,2022-03-04 13:47:34-05:00
sway-core/Cargo.toml,John Adler,Joshua Batty,2022-03-07 15:59:28-05:00,2022-03-08 11:44:00+11:00
sway-core/Cargo.toml,Emily Herbert,John Adler,2022-03-22 13:34:43-05:00,2022-03-22 11:53:15-07:00
sway-core/Cargo.toml,John Adler,Alex Hansen,2022-03-28 16:59:21-04:00,2022-03-29 08:49:39-04:00
sway-core/Cargo.toml,Brandon Kite,Mohammad Fawaz,2022-05-11 12:18:14-07:00,2022-05-12 11:16:00-04:00
sway-core/Cargo.toml,Mohammad Fawaz,Kaya Gökalp,2022-05-19 10:03:42-04:00,2022-05-20 11:18:01+03:00
sway-core/Cargo.toml,Mohammad Fawaz,John Adler,2022-05-25 18:01:21-04:00,2022-05-26 11:25:39-04:00
sway-core/Cargo.toml,John Adler,Alex Hansen,2022-05-26 21:12:03-07:00,2022-05-26 22:58:56-07:00
sway-core/Cargo.toml,Alex Hansen,Emily Herbert,2022-05-26 22:58:56-07:00,2022-05-27 14:03:29-05:00
sway-core/Cargo.toml,Emily Herbert,Mohammad Fawaz,2022-05-27 14:03:29-05:00,2022-05-28 14:07:02-04:00
sway-core/Cargo.toml,Mohammad Fawaz,Emir,2022-06-27 02:18:34+00:00,2022-06-28 00:12:51+00:00
sway-core/Cargo.toml,Braqzen,Mohammad Fawaz,2022-07-01 12:30:34+00:00,2022-07-01 15:12:20-04:00
sway-core/Cargo.toml,Alex Hansen,Emily Herbert,2022-08-18 19:23:53+01:00,2022-08-18 15:25:28-04:00
sway-core/Cargo.toml,Emily Herbert,Mohammad Fawaz,2022-08-18 15:25:28-04:00,2022-08-18 15:02:14-07:00
sway-core/Cargo.toml,Nick Furfaro,Mohammad Fawaz,2022-08-31 12:59:45+00:00,2022-08-31 21:49:35-04:00
sway-core/Cargo.toml,Brandon Kite,Mohammad Fawaz,2022-11-02 15:19:26+11:00,2022-11-02 16:23:39+00:00
sway-core/Cargo.toml,Mohammad Fawaz,João Matos,2023-01-18 06:00:31-05:00,2023-01-18 16:39:25+00:00
sway-core/Cargo.toml,Mohammad Fawaz,João Matos,2023-02-01 06:39:13-05:00,2023-02-01 10:59:10-05:00
sway-core/Cargo.toml,Brandon Kite,João Matos,2023-02-08 20:01:12+11:00,2023-02-08 10:38:48+00:00
sway-core/Cargo.toml,Kaya Gökalp,mitchmindtree,2023-04-24 22:19:25+02:00,2023-04-25 03:53:15+00:00
sway-core/Cargo.toml,Kaya Gökalp,IGI-111,2023-05-31 10:21:28+00:00,2023-05-31 15:13:02+00:00
sway-core/Cargo.toml,Joshua Batty,IGI-111,2023-12-06 17:48:58+11:00,2023-12-06 10:37:39+00:00
sway-core/Cargo.toml,IGI-111,Kaya Gökalp,2024-05-13 08:19:45+01:00,2024-05-13 16:44:55-07:00
sway-core/Cargo.toml,Kaya Gökalp,IGI-111,2024-05-13 16:44:55-07:00,2024-05-14 15:35:01+04:00
sway-core/Cargo.toml,IGI-111,Joshua Batty,2024-05-14 15:35:01+04:00,2024-05-15 07:50:12+00:00
sway-core/Cargo.toml,Sophie Dankel,Kaya Gökalp,2024-08-19 18:37:36+02:00,2024-08-19 20:34:40+00:00
sway-core/Cargo.toml,IGI-111,Joshua Batty,2024-08-28 23:06:10+02:00,2024-08-28 23:57:55-07:00
sway-core/src/abi_generation/evm_abi.rs,Daniel Frederico Lins Leite,João Matos,2023-07-31 15:22:01+01:00,2023-07-31 15:30:52+00:00
sway-core/src/abi_generation/evm_abi.rs,João Matos,IGI-111,2023-07-31 15:30:52+00:00,2023-08-01 16:12:53+01:00
sway-core/src/abi_generation/evm_json_abi.rs,IGI-111,Marcos Henrich,2023-02-12 16:26:44+00:00,2023-02-12 17:05:57+00:00
sway-core/src/abi_generation/evm_json_abi.rs,Marcos Henrich,IGI-111,2023-02-12 17:05:57+00:00,2023-02-13 11:34:17+01:00
sway-core/src/abi_generation/fuel_abi.rs,Kaya Gökalp,Marcos Henrich,2024-05-16 18:02:41-07:00,2024-05-17 14:14:32+04:00
sway-core/src/abi_generation/fuel_json_abi.rs,IGI-111,Marcos Henrich,2023-02-12 16:26:44+00:00,2023-02-12 17:05:57+00:00
sway-core/src/abi_generation/fuel_json_abi.rs,Marcos Henrich,IGI-111,2023-02-12 17:05:57+00:00,2023-02-13 11:34:17+01:00
sway-core/src/abi_generation/fuel_json_abi.rs,Marcos Henrich,IGI-111,2023-03-02 18:55:51+00:00,2023-03-03 17:11:21+01:00
sway-core/src/abi_generation/fuel_json_abi.rs,Emily Herbert,Mohammad Fawaz,2023-03-09 20:53:55+00:00,2023-03-09 18:38:54-05:00
sway-core/src/asm_generation/abstract_instruction_set.rs,Emily Herbert,Mohammad Fawaz,2022-06-01 21:39:06-05:00,2022-06-02 22:22:49-04:00
sway-core/src/asm_generation/asm_builder.rs,Toby Hutton,Mohammad Fawaz,2022-10-05 07:43:18-04:00,2022-10-05 18:12:05+00:00
sway-core/src/asm_generation/asm_builder.rs,Mazdak Farrokhzad,Vaivaswatha N,2022-10-10 12:10:54+02:00,2022-10-10 21:37:46-04:00
sway-core/src/asm_generation/asm_builder.rs,Vaivaswatha N,Mazdak Farrokhzad,2022-10-10 21:37:46-04:00,2022-10-11 22:30:23+02:00
sway-core/src/asm_generation/expression/mod.rs,Mohammad Fawaz,Emily Herbert,2022-06-01 07:34:30-04:00,2022-06-01 21:39:06-05:00
sway-core/src/asm_generation/expression/subfield.rs,Mohammad Fawaz,Alex Hansen,2022-03-09 20:35:05-05:00,2022-03-10 11:56:04-08:00
sway-core/src/asm_generation/from_ir.rs,Toby Hutton,John Adler,2022-01-15 14:59:48+11:00,2022-01-15 03:23:53-05:00
sway-core/src/asm_generation/from_ir.rs,Emily Herbert,Toby Hutton,2022-02-02 13:42:58-08:00,2022-02-03 14:11:39+11:00
sway-core/src/asm_generation/from_ir.rs,Toby Hutton,Mohammad Fawaz,2022-02-23 09:11:39+11:00,2022-02-23 14:03:11-05:00
sway-core/src/asm_generation/from_ir.rs,Mohammad Fawaz,Toby Hutton,2022-02-23 14:03:11-05:00,2022-02-24 10:53:10+11:00
sway-core/src/asm_generation/from_ir.rs,mitchmindtree,Toby Hutton,2022-03-04 13:57:31+11:00,2022-03-05 10:45:38+11:00
sway-core/src/asm_generation/from_ir.rs,Emily Herbert,Mohammad Fawaz,2022-03-22 13:34:43-05:00,2022-03-22 23:09:29-04:00
sway-core/src/asm_generation/from_ir.rs,Mohammad Fawaz,Toby Hutton,2022-03-22 23:09:29-04:00,2022-03-24 10:28:24+11:00
sway-core/src/asm_generation/from_ir.rs,Toby Hutton,Alex Hansen,2022-03-24 10:28:24+11:00,2022-03-23 21:16:43-04:00
sway-core/src/asm_generation/from_ir.rs,Alex Hansen,Mohammad Fawaz,2022-03-23 21:16:43-04:00,2022-03-24 20:37:50-04:00
sway-core/src/asm_generation/from_ir.rs,Andrew Cann,Mohammad Fawaz,2022-04-21 12:09:00+08:00,2022-04-21 14:30:19+10:00
sway-core/src/asm_generation/from_ir.rs,Mohammad Fawaz,Alex Hansen,2022-05-16 20:18:22-04:00,2022-05-16 22:49:36-04:00
sway-core/src/asm_generation/from_ir.rs,mitchmindtree,Mohammad Fawaz,2022-06-01 11:24:39+10:00,2022-06-01 07:34:30-04:00
sway-core/src/asm_generation/from_ir.rs,Mohammad Fawaz,Emily Herbert,2022-06-01 07:34:30-04:00,2022-06-01 21:39:06-05:00
sway-core/src/asm_generation/from_ir.rs,Emily Herbert,Mohammad Fawaz,2022-06-01 21:39:06-05:00,2022-06-02 22:22:59-04:00
sway-core/src/asm_generation/from_ir.rs,Toby Hutton,Vaivaswatha N,2022-07-27 20:22:54+00:00,2022-07-28 06:15:17-04:00
sway-core/src/asm_generation/from_ir.rs,Mazdak Farrokhzad,Vaivaswatha N,2022-10-10 12:10:54+02:00,2022-10-10 21:37:46-04:00
sway-core/src/asm_generation/fuel/abstract_instruction_set.rs,Mohammad Fawaz,Nick Furfaro,2023-01-26 07:58:21-05:00,2023-01-26 16:05:13-05:00
sway-core/src/asm_generation/fuel/abstract_instruction_set.rs,Nick Furfaro,Mohammad Fawaz,2023-01-26 16:05:13-05:00,2023-01-27 11:54:20-05:00
sway-core/src/asm_generation/fuel/data_section.rs,Daniel Frederico Lins Leite,João Matos,2023-07-31 15:22:01+01:00,2023-07-31 15:30:52+00:00
sway-core/src/asm_generation/fuel/fuel_asm_builder.rs,Toby Hutton,Mohammad Fawaz,2023-01-24 14:12:12+05:30,2023-01-24 14:00:17+00:00
sway-core/src/asm_generation/fuel/fuel_asm_builder.rs,Daniel Frederico Lins Leite,Vaivaswatha N,2023-08-07 10:35:06+02:00,2023-08-07 15:53:08+02:00
sway-core/src/asm_generation/fuel/fuel_asm_builder.rs,Vaivaswatha N,Daniel Frederico Lins Leite,2023-08-07 15:53:08+02:00,2023-08-08 12:42:49+01:00
sway-core/src/asm_generation/fuel/fuel_asm_builder.rs,Daniel Frederico Lins Leite,Hannes Karppila,2025-01-15 15:27:25+01:00,2025-01-16 10:49:25+11:00
sway-core/src/asm_generation/fuel/programs/abstract.rs,Daniel Frederico Lins Leite,Kaya Gökalp,2024-10-28 11:34:03+01:00,2024-10-28 15:41:25+01:00
sway-core/src/asm_generation/miden_vm/miden_vm_asm_builder.rs,Daniel Frederico Lins Leite,João Matos,2023-07-31 15:22:01+01:00,2023-07-31 15:30:52+00:00
sway-core/src/asm_generation/mod.rs,Toby Hutton,John Adler,2022-01-15 14:59:48+11:00,2022-01-15 03:23:53-05:00
sway-core/src/asm_generation/mod.rs,Alex Hansen,Mohammad Fawaz,2022-01-28 09:10:43-08:00,2022-01-28 12:31:23-05:00
sway-core/src/asm_lang/mod.rs,Nick Furfaro,Mohammad Fawaz,2023-01-26 16:05:13-05:00,2023-01-27 11:54:20-05:00
sway-core/src/build_config.rs,Emily Herbert,Mohammad Fawaz,2022-06-01 21:39:06-05:00,2022-06-02 22:22:59-04:00
sway-core/src/control_flow_analysis/analyze_return_paths.rs,Mazdak Farrokhzad,Emily Herbert,2022-10-10 12:10:54+02:00,2022-10-11 14:52:23+11:00
sway-core/src/control_flow_analysis/analyze_return_paths.rs,Emily Herbert,João Matos,2022-10-13 15:28:53+00:00,2022-10-14 11:12:19+00:00
sway-core/src/control_flow_analysis/analyze_return_paths.rs,IGI-111,João Matos,2023-02-06 23:54:00+00:00,2023-02-07 13:18:19+00:00
sway-core/src/control_flow_analysis/analyze_return_paths.rs,Joshua Batty,Emily Herbert,2023-03-09 11:19:51-05:00,2023-03-10 07:37:46+11:00
sway-core/src/control_flow_analysis/analyze_return_paths.rs,João Matos,Mohammad Fawaz,2023-03-15 09:24:13-04:00,2023-03-16 00:58:30+00:00
sway-core/src/control_flow_analysis/dead_code_analysis.rs,mitchmindtree,Mohammad Fawaz,2022-06-01 11:24:39+10:00,2022-06-01 07:34:30-04:00
sway-core/src/control_flow_analysis/dead_code_analysis.rs,mitchmindtree,Vaivaswatha N,2022-06-29 09:01:16-04:00,2022-06-29 16:04:39+00:00
sway-core/src/control_flow_analysis/dead_code_analysis.rs,Mazdak Farrokhzad,João Matos,2022-08-03 17:06:32+00:00,2022-08-04 08:25:50-04:00
sway-core/src/control_flow_analysis/dead_code_analysis.rs,Emily Herbert,João Matos,2022-09-09 16:28:45+01:00,2022-09-09 15:03:11-04:00
sway-core/src/control_flow_analysis/dead_code_analysis.rs,Mazdak Farrokhzad,Emily Herbert,2022-10-10 12:10:54+02:00,2022-10-11 14:52:23+11:00
sway-core/src/control_flow_analysis/dead_code_analysis.rs,Emily Herbert,Mazdak Farrokhzad,2022-10-11 14:52:23+11:00,2022-10-11 22:30:23+02:00
sway-core/src/control_flow_analysis/dead_code_analysis.rs,Mazdak Farrokhzad,Emily Herbert,2022-10-11 22:30:23+02:00,2022-10-12 01:19:29+00:00
sway-core/src/control_flow_analysis/dead_code_analysis.rs,Emily Herbert,João Matos,2022-10-13 15:28:53+00:00,2022-10-14 11:12:19+00:00
sway-core/src/control_flow_analysis/dead_code_analysis.rs,IGI-111,Sophie Dankel,2023-01-16 18:38:28+01:00,2023-01-17 08:40:59+11:00
sway-core/src/control_flow_analysis/dead_code_analysis.rs,IGI-111,João Matos,2023-02-06 23:54:00+00:00,2023-02-07 13:18:19+00:00
sway-core/src/control_flow_analysis/dead_code_analysis.rs,João Matos,Sophie Dankel,2023-02-07 13:18:19+00:00,2023-02-07 13:40:54+00:00
sway-core/src/control_flow_analysis/dead_code_analysis.rs,IGI-111,Emily Herbert,2023-02-13 11:34:17+01:00,2023-02-14 14:24:47+11:00
sway-core/src/control_flow_analysis/dead_code_analysis.rs,Marcos Henrich,IGI-111,2023-03-02 16:45:17+00:00,2023-03-03 17:11:21+01:00
sway-core/src/control_flow_analysis/dead_code_analysis.rs,Joshua Batty,Emily Herbert,2023-03-09 11:19:51-05:00,2023-03-10 07:37:46+11:00
sway-core/src/control_flow_analysis/dead_code_analysis.rs,Emily Herbert,Mohammad Fawaz,2023-03-09 21:53:15+00:00,2023-03-09 18:38:54-05:00
sway-core/src/control_flow_analysis/dead_code_analysis.rs,Mohammad Fawaz,Emily Herbert,2023-03-09 18:38:54-05:00,2023-03-10 12:59:16-05:00
sway-core/src/control_flow_analysis/dead_code_analysis.rs,Emily Herbert,João Matos,2023-03-14 15:46:00-05:00,2023-03-15 09:24:13-04:00
sway-core/src/control_flow_analysis/dead_code_analysis.rs,João Matos,Marcos Henrich,2023-03-15 09:24:13-04:00,2023-03-15 20:35:18+00:00
sway-core/src/control_flow_analysis/dead_code_analysis.rs,Marcos Henrich,Mohammad Fawaz,2023-03-15 20:35:18+00:00,2023-03-16 00:58:30+00:00
sway-core/src/control_flow_analysis/dead_code_analysis.rs,Toby Hutton,IGI-111,2023-04-02 21:30:34+00:00,2023-04-03 13:15:29+10:00
sway-core/src/control_flow_analysis/dead_code_analysis.rs,João Matos,Emily Herbert,2023-04-05 13:20:17+00:00,2023-04-06 08:00:05+10:00
sway-core/src/control_flow_analysis/dead_code_analysis.rs,João Matos,Mohammad Fawaz,2023-04-20 22:25:10+00:00,2023-04-21 07:36:40-04:00
sway-core/src/convert_parse_tree.rs,Andrew Cann,Nick Furfaro,2022-04-21 12:09:00+08:00,2022-04-21 18:35:15-07:00
sway-core/src/convert_parse_tree.rs,Nick Furfaro,Andrew Cann,2022-04-21 18:35:15-07:00,2022-04-22 07:05:57-07:00
sway-core/src/convert_parse_tree.rs,Mohammad Fawaz,Alex Hansen,2022-05-13 16:14:48-04:00,2022-05-14 06:04:03-07:00
sway-core/src/convert_parse_tree.rs,Alex Hansen,Andrew Cann,2022-05-16 22:49:36-04:00,2022-05-18 07:25:41+10:00
sway-core/src/convert_parse_tree.rs,Toby Hutton,Andrew Cann,2022-05-19 15:27:55+10:00,2022-05-19 18:37:13+08:00
sway-core/src/convert_parse_tree.rs,Emily Herbert,Alex Hansen,2022-05-25 16:39:56-05:00,2022-05-26 14:25:55-07:00
sway-core/src/convert_parse_tree.rs,Alex Hansen,Mohammad Fawaz,2022-05-26 14:25:55-07:00,2022-05-26 22:19:16-04:00
sway-core/src/convert_parse_tree.rs,mitchmindtree,Emily Herbert,2022-06-01 11:24:39+10:00,2022-05-31 21:26:59-05:00
sway-core/src/convert_parse_tree.rs,Emily Herbert,Mohammad Fawaz,2022-05-31 21:26:59-05:00,2022-06-01 07:34:30-04:00
sway-core/src/convert_parse_tree.rs,Emily Herbert,Mohammad Fawaz,2022-06-02 09:08:41-05:00,2022-06-02 22:22:59-04:00
sway-core/src/convert_parse_tree.rs,Emily Herbert,Vaivaswatha N,2022-06-14 14:58:27+00:00,2022-06-15 13:10:26+00:00
sway-core/src/convert_parse_tree.rs,Vaivaswatha N,Mohammad Fawaz,2022-06-15 13:10:26+00:00,2022-06-16 02:47:16+00:00
sway-core/src/convert_parse_tree.rs,rakita,Emily Herbert,2022-06-21 18:08:38-05:00,2022-06-23 08:45:01+10:00
sway-core/src/convert_parse_tree.rs,Mohammad Fawaz,Emily Herbert,2022-07-04 20:30:29-04:00,2022-07-06 00:29:33+00:00
sway-core/src/convert_parse_tree.rs,Emily Herbert,Mohammad Fawaz,2022-07-06 00:29:33+00:00,2022-07-06 10:45:59+00:00
sway-core/src/convert_parse_tree.rs,Matt,Mohammad Fawaz,2022-07-08 07:58:12+00:00,2022-07-08 17:18:22-04:00
sway-core/src/convert_parse_tree.rs,Kaya Gökalp,Andrew Cann,2022-08-11 19:13:33+00:00,2022-08-11 22:32:15+00:00
sway-core/src/convert_parse_tree.rs,Andrew Cann,João Matos,2022-08-16 00:04:20+00:00,2022-08-16 02:48:53+00:00
sway-core/src/convert_parse_tree.rs,João Matos,JC,2022-08-16 02:48:53+00:00,2022-08-16 13:36:48+00:00
sway-core/src/convert_parse_tree.rs,Mohammad Fawaz,Alex Hansen,2022-08-18 13:36:27-04:00,2022-08-18 19:23:53+01:00
sway-core/src/convert_parse_tree.rs,Alex Hansen,JC,2022-08-18 19:23:53+01:00,2022-08-19 18:01:19+00:00
sway-core/src/convert_parse_tree.rs,Joshua Batty,Emily Herbert,2022-09-26 07:02:36+00:00,2022-09-26 21:34:21+02:00
sway-core/src/convert_parse_tree.rs,Emily Herbert,Anton Trunov,2022-10-07 13:49:40+11:00,2022-10-08 00:27:52+00:00
sway-core/src/convert_parse_tree.rs,Mazdak Farrokhzad,mitchmindtree,2022-10-10 12:10:54+02:00,2022-10-10 10:39:14-05:00
sway-core/src/convert_parse_tree.rs,mitchmindtree,Mazdak Farrokhzad,2022-10-11 09:40:28+11:00,2022-10-11 22:30:23+02:00
sway-core/src/convert_parse_tree.rs,Mazdak Farrokhzad,Anton Trunov,2022-10-11 22:30:23+02:00,2022-10-12 21:26:03+04:00
sway-core/src/decl_engine/mod.rs,Emily Herbert,Sophie Dankel,2023-02-14 14:24:47+11:00,2023-02-14 16:10:55+11:00
sway-core/src/decl_engine/ref.rs,Emily Herbert,João Matos,2023-03-14 15:46:00-05:00,2023-03-15 09:24:13-04:00
sway-core/src/decl_engine/ref.rs,Daniel Frederico Lins Leite,Marcos Henrich,2024-04-10 09:06:51+01:00,2024-04-10 12:24:57+01:00
sway-core/src/declaration_engine/declaration_engine.rs,Emily Herbert,João Matos,2022-09-09 16:28:45+01:00,2022-09-09 15:03:11-04:00
sway-core/src/declaration_engine/declaration_engine.rs,Emily Herbert,João Matos,2022-10-13 15:28:53+00:00,2022-10-14 11:12:19+00:00
sway-core/src/declaration_engine/declaration_engine.rs,Chris O'Brien,Emily Herbert,2022-10-25 23:58:24+00:00,2022-10-26 04:09:20+00:00
sway-core/src/declaration_engine/declaration_wrapper.rs,Emily Herbert,Chris O'Brien,2022-10-25 13:44:35-07:00,2022-10-25 23:58:24+00:00
sway-core/src/engine_threading.rs,Sophie Dankel,Joshua Batty,2023-04-03 16:13:50+00:00,2023-04-04 09:03:32-04:00
sway-core/src/error.rs,Andrew Cann,Emily Herbert,2022-01-05 05:51:19-08:00,2022-01-05 16:59:52-06:00
sway-core/src/error.rs,Emily Herbert,Mohammad Fawaz,2022-02-02 13:42:58-08:00,2022-02-03 15:20:49-05:00
sway-core/src/error.rs,Emily Herbert,Mohammad Fawaz,2022-02-24 10:51:54+11:00,2022-02-24 18:02:05-05:00
sway-core/src/error.rs,Emily Herbert,Toby Hutton,2022-05-18 14:28:15-05:00,2022-05-19 15:27:55+10:00
sway-core/src/error.rs,Mohammad Fawaz,Emily Herbert,2022-06-06 16:47:10-04:00,2022-06-06 20:03:00-05:00
sway-core/src/error.rs,Emily Herbert,Vaivaswatha N,2022-06-06 21:27:31-05:00,2022-06-07 21:20:24+05:30
sway-core/src/error.rs,Emily Herbert,Mohammad Fawaz,2022-06-15 15:20:40+00:00,2022-06-16 02:47:16+00:00
sway-core/src/error.rs,Mohammad Fawaz,Vaivaswatha N,2022-07-01 12:07:18+00:00,2022-07-01 20:39:04+00:00
sway-core/src/error.rs,João Matos,Emily Herbert,2022-07-05 19:46:41+00:00,2022-07-06 00:29:33+00:00
sway-core/src/error.rs,Deniz Surmeli,João Matos,2022-08-10 13:03:11+00:00,2022-08-10 15:35:07+00:00
sway-core/src/error.rs,João Matos,Alex Hansen,2022-08-18 17:06:07+01:00,2022-08-18 19:23:53+01:00
sway-core/src/error.rs,Mohammad Fawaz,Emily Herbert,2022-08-31 06:50:29-04:00,2022-09-01 01:25:21+00:00
sway-core/src/error.rs,Anton Trunov,Emily Herbert,2022-10-06 20:02:10+04:00,2022-10-07 13:49:40+11:00
sway-core/src/error.rs,Emily Herbert,Anton Trunov,2022-10-07 13:49:40+11:00,2022-10-08 00:27:52+00:00
sway-core/src/ir_generation/compile.rs,Mohammad Fawaz,Vaivaswatha N,2022-07-01 12:07:18+00:00,2022-07-01 20:39:04+00:00
sway-core/src/ir_generation/compile.rs,Vaivaswatha N,Andrew Cann,2022-08-22 14:52:21+05:30,2022-08-22 21:42:46-07:00
sway-core/src/ir_generation/compile.rs,Mohammad Fawaz,mitchmindtree,2022-11-03 21:44:33+00:00,2022-11-04 13:22:57+11:00
sway-core/src/ir_generation/compile.rs,Joshua Batty,Emily Herbert,2023-03-09 11:19:51-05:00,2023-03-10 07:37:46+11:00
sway-core/src/ir_generation/compile.rs,Emily Herbert,Mohammad Fawaz,2023-03-10 07:37:46+11:00,2023-03-09 18:38:54-05:00
sway-core/src/ir_generation/compile.rs,Mohammad Fawaz,Emily Herbert,2023-03-09 18:38:54-05:00,2023-03-10 19:09:44+00:00
sway-core/src/ir_generation/compile.rs,Toby Hutton,IGI-111,2023-04-02 21:30:34+00:00,2023-04-03 13:15:29+10:00
sway-core/src/ir_generation/compile.rs,João Matos,Mohammad Fawaz,2023-04-20 22:25:10+00:00,2023-04-21 07:36:40-04:00
sway-core/src/ir_generation/const_eval.rs,Joshua Batty,Kaya Gökalp,2022-08-11 05:20:28+00:00,2022-08-11 19:13:33+00:00
sway-core/src/ir_generation/const_eval.rs,Mazdak Farrokhzad,Emily Herbert,2022-10-10 12:10:54+02:00,2022-10-11 14:52:23+11:00
sway-core/src/ir_generation/const_eval.rs,Emily Herbert,Mohammad Fawaz,2022-10-11 14:52:23+11:00,2022-10-12 00:32:55+00:00
sway-core/src/ir_generation/const_eval.rs,Mohammad Fawaz,Emily Herbert,2022-10-12 00:32:55+00:00,2022-10-12 01:19:29+00:00
sway-core/src/ir_generation/const_eval.rs,Joshua Batty,Emily Herbert,2023-03-09 11:19:51-05:00,2023-03-10 07:37:46+11:00
sway-core/src/ir_generation/const_eval.rs,Emily Herbert,Mohammad Fawaz,2023-03-10 07:37:46+11:00,2023-03-09 18:38:54-05:00
sway-core/src/ir_generation/const_eval.rs,Mohammad Fawaz,Vaivaswatha N,2023-03-09 18:38:54-05:00,2023-03-10 16:12:54+00:00
sway-core/src/ir_generation/const_eval.rs,João Matos,Mohammad Fawaz,2023-04-20 22:25:10+00:00,2023-04-21 07:36:40-04:00
sway-core/src/ir_generation/const_eval.rs,jjcnn,Marcos Henrich,2024-02-08 12:32:35+01:00,2024-02-08 18:26:24+00:00
sway-core/src/ir_generation/const_eval.rs,Daniel Frederico Lins Leite,Vaivaswatha N,2025-02-19 22:36:24+11:00,2025-02-20 01:02:15+00:00
sway-core/src/ir_generation/convert.rs,Emily Herbert,Anton Trunov,2022-10-07 13:49:40+11:00,2022-10-08 00:27:52+00:00
sway-core/src/ir_generation/convert.rs,Kaya Gökalp,Mohammad Fawaz,2022-12-05 11:01:46+03:00,2022-12-06 11:16:14+11:00
sway-core/src/ir_generation/function.rs,Toby Hutton,Mohammad Fawaz,2022-06-15 05:51:48+00:00,2022-06-16 02:47:16+00:00
sway-core/src/ir_generation/function.rs,Mohammad Fawaz,Vaivaswatha N,2022-07-01 12:07:18+00:00,2022-07-01 20:39:04+00:00
sway-core/src/ir_generation/function.rs,João Matos,Mohammad Fawaz,2022-07-19 07:06:18+00:00,2022-07-19 04:51:00-04:00
sway-core/src/ir_generation/function.rs,Toby Hutton,Vaivaswatha N,2022-07-27 20:22:54+00:00,2022-07-28 06:15:17-04:00
sway-core/src/ir_generation/function.rs,Emily Herbert,Toby Hutton,2022-08-09 04:41:28+00:00,2022-08-09 17:24:46+05:30
sway-core/src/ir_generation/function.rs,Joshua Batty,Vaivaswatha N,2022-08-16 10:06:16+01:00,2022-08-16 14:19:12+00:00
sway-core/src/ir_generation/function.rs,Andrew Cann,João Matos,2022-08-22 21:42:46-07:00,2022-08-23 05:04:00+00:00
sway-core/src/ir_generation/function.rs,Andrew Cann,Vaivaswatha N,2022-09-14 02:27:23+00:00,2022-09-14 16:43:43+05:30
sway-core/src/ir_generation/function.rs,Vaivaswatha N,Andrew Cann,2022-09-14 16:43:43+05:30,2022-09-14 21:45:36+00:00
sway-core/src/ir_generation/function.rs,Toby Hutton,Mohammad Fawaz,2022-10-05 07:43:18-04:00,2022-10-05 18:12:05+00:00
sway-core/src/ir_generation/function.rs,Mazdak Farrokhzad,Vaivaswatha N,2022-10-10 12:10:54+02:00,2022-10-10 21:37:46-04:00
sway-core/src/ir_generation/function.rs,Vaivaswatha N,Emily Herbert,2022-10-10 21:37:46-04:00,2022-10-11 14:52:23+11:00
sway-core/src/ir_generation/function.rs,Emily Herbert,Mazdak Farrokhzad,2022-10-11 14:52:23+11:00,2022-10-11 22:30:23+02:00
sway-core/src/ir_generation/function.rs,Mazdak Farrokhzad,Emily Herbert,2022-10-11 22:30:23+02:00,2022-10-12 10:02:25+11:00
sway-core/src/ir_generation/function.rs,Brandon Kite,JC,2022-11-02 15:19:26+11:00,2022-11-02 20:31:38+05:30
sway-core/src/ir_generation/function.rs,Mohammad Fawaz,mitchmindtree,2022-11-03 21:44:33+00:00,2022-11-04 13:22:57+11:00
sway-core/src/ir_generation/function.rs,Marcos Henrich,Mazdak Farrokhzad,2022-11-22 10:56:00-06:00,2022-11-22 18:06:39+00:00
sway-core/src/ir_generation/function.rs,Marcos Henrich,João Matos,2022-11-29 01:51:02+00:00,2022-11-29 03:01:57+00:00
sway-core/src/ir_generation/function.rs,João Matos,Vaivaswatha N,2022-11-29 03:01:57+00:00,2022-11-29 08:58:03+00:00
sway-core/src/ir_generation/function.rs,Emily Herbert,Mohammad Fawaz,2022-12-22 12:43:03+11:00,2022-12-22 12:10:53-05:00
sway-core/src/ir_generation/function.rs,Joshua Batty,Emily Herbert,2023-03-09 11:19:51-05:00,2023-03-10 07:37:46+11:00
sway-core/src/ir_generation/function.rs,Emily Herbert,Mohammad Fawaz,2023-03-10 07:37:46+11:00,2023-03-09 18:38:54-05:00
sway-core/src/ir_generation/function.rs,Mohammad Fawaz,Vaivaswatha N,2023-03-09 18:38:54-05:00,2023-03-10 16:12:54+00:00
sway-core/src/ir_generation/function.rs,Vaivaswatha N,Emily Herbert,2023-03-10 16:12:54+00:00,2023-03-10 12:59:16-05:00
sway-core/src/ir_generation/function.rs,Toby Hutton,IGI-111,2023-04-02 21:30:34+00:00,2023-04-03 13:15:29+10:00
sway-core/src/ir_generation/function.rs,Kaya Gökalp,Mohammad Fawaz,2023-04-12 08:12:35+00:00,2023-04-13 00:24:09+00:00
sway-core/src/ir_generation/function.rs,Marcos Henrich,João Matos,2023-09-19 19:14:41+01:00,2023-09-20 12:19:33+00:00
sway-core/src/ir_generation/function.rs,Marcos Henrich,IGI-111,2024-02-08 18:26:24+00:00,2024-02-09 11:17:59+00:00
sway-core/src/ir_generation/function.rs,Marcos Henrich,Daniel Frederico Lins Leite,2024-06-18 16:03:39+04:00,2024-06-19 12:10:20+04:00
sway-core/src/ir_generation/function.rs,Daniel Frederico Lins Leite,Igor Rončević,2024-11-14 13:02:04-03:00,2024-11-15 04:46:56+01:00
sway-core/src/language/call_path.rs,jjcnn,Daniel Frederico Lins Leite,2024-05-11 21:56:32+00:00,2024-05-12 18:22:46+01:00
sway-core/src/language/call_path.rs,João Matos,Joshua Batty,2024-05-27 10:36:33+00:00,2024-05-27 13:53:34+00:00
sway-core/src/language/literal.rs,Emily Herbert,Anton Trunov,2022-10-07 13:49:40+11:00,2022-10-08 00:27:52+00:00
sway-core/src/language/parsed/declaration/function.rs,Marcos Henrich,João Matos,2024-04-03 01:45:45+00:00,2024-04-04 09:08:46+11:00
sway-core/src/language/parsed/declaration/trait.rs,Marcos Henrich,João Matos,2024-04-03 01:45:45+00:00,2024-04-04 09:08:46+11:00
sway-core/src/language/parsed/expression/mod.rs,Daniel Frederico Lins Leite,Igor Rončević,2025-02-11 11:04:24+00:00,2025-02-11 10:02:45-03:00
sway-core/src/language/parsed/expression/scrutinee.rs,João Matos,IGI-111,2023-07-31 15:30:52+00:00,2023-08-01 16:12:53+01:00
sway-core/src/language/ty/ast_node.rs,Mohammad Fawaz,Emily Herbert,2022-10-21 14:41:57+00:00,2022-10-22 09:13:37+11:00
sway-core/src/language/ty/ast_node.rs,IGI-111,João Matos,2023-02-06 23:54:00+00:00,2023-02-07 13:18:19+00:00
sway-core/src/language/ty/ast_node.rs,Sophie Dankel,Joshua Batty,2023-03-08 17:25:55-08:00,2023-03-09 11:19:51-05:00
sway-core/src/language/ty/ast_node.rs,Joshua Batty,Emily Herbert,2023-03-09 11:19:51-05:00,2023-03-10 07:37:46+11:00
sway-core/src/language/ty/ast_node.rs,Daniel Frederico Lins Leite,Anton Trunov,2023-10-03 13:11:52+02:00,2023-10-03 15:59:19+04:00
sway-core/src/language/ty/declaration/abi.rs,Emily Herbert,Chris O'Brien,2022-10-13 15:28:53+00:00,2022-10-14 05:41:58+00:00
sway-core/src/language/ty/declaration/abi.rs,Chris O'Brien,João Matos,2022-10-14 05:41:58+00:00,2022-10-14 11:12:19+00:00
sway-core/src/language/ty/declaration/abi.rs,João Matos,Emily Herbert,2022-10-14 11:12:19+00:00,2022-10-15 18:51:25+11:00
sway-core/src/language/ty/declaration/abi.rs,Emily Herbert,Sophie Dankel,2023-02-14 14:24:47+11:00,2023-02-14 16:10:55+11:00
sway-core/src/language/ty/declaration/constant.rs,Emily Herbert,Chris O'Brien,2022-10-13 15:28:53+00:00,2022-10-13 20:36:17-05:00
sway-core/src/language/ty/declaration/declaration.rs,Mohammad Fawaz,Emily Herbert,2022-10-21 14:41:57+00:00,2022-10-22 09:13:37+11:00
sway-core/src/language/ty/declaration/declaration.rs,Emily Herbert,Kaya Gökalp,2022-10-22 09:13:37+11:00,2022-10-22 19:14:10+11:00
sway-core/src/language/ty/declaration/declaration.rs,Chris O'Brien,Emily Herbert,2022-12-21 13:26:22+11:00,2022-12-22 12:43:03+11:00
sway-core/src/language/ty/declaration/declaration.rs,Marcos Henrich,IGI-111,2023-03-02 18:55:51+00:00,2023-03-03 17:11:21+01:00
sway-core/src/language/ty/declaration/declaration.rs,Joshua Batty,Emily Herbert,2023-03-09 11:19:51-05:00,2023-03-10 07:37:46+11:00
sway-core/src/language/ty/declaration/declaration.rs,Emily Herbert,Mohammad Fawaz,2023-03-15 12:56:18+11:00,2023-03-16 00:58:30+00:00
sway-core/src/language/ty/declaration/declaration.rs,IGI-111,Sophie Dankel,2023-04-03 13:15:29+10:00,2023-04-03 16:13:50+00:00
sway-core/src/language/ty/declaration/enum.rs,Emily Herbert,Chris O'Brien,2022-10-13 15:28:53+00:00,2022-10-14 01:53:03+00:00
sway-core/src/language/ty/declaration/enum.rs,Emily Herbert,Chris O'Brien,2022-10-25 13:44:35-07:00,2022-10-25 23:58:24+00:00
sway-core/src/language/ty/declaration/function.rs,Emily Herbert,Chris O'Brien,2022-10-25 13:44:35-07:00,2022-10-25 23:58:24+00:00
sway-core/src/language/ty/declaration/function.rs,Chris O'Brien,mitchmindtree,2022-10-25 23:58:24+00:00,2022-10-26 12:11:23+00:00
sway-core/src/language/ty/declaration/function.rs,Marcos Henrich,Sophie Dankel,2023-10-20 16:20:19+01:00,2023-10-20 21:18:26+00:00
sway-core/src/language/ty/declaration/function.rs,João Matos,Igor Rončević,2024-01-29 15:07:14+00:00,2024-01-30 17:15:24+04:00
sway-core/src/language/ty/declaration/impl_trait.rs,Emily Herbert,João Matos,2022-10-13 15:28:53+00:00,2022-10-14 11:12:19+00:00
sway-core/src/language/ty/declaration/impl_trait.rs,Emily Herbert,Chris O'Brien,2022-10-25 13:44:35-07:00,2022-10-25 23:58:24+00:00
sway-core/src/language/ty/declaration/struct.rs,Emily Herbert,Chris O'Brien,2022-10-25 13:44:35-07:00,2022-10-25 23:58:24+00:00
sway-core/src/language/ty/declaration/trait.rs,Emily Herbert,Chris O'Brien,2022-10-13 15:28:53+00:00,2022-10-14 02:29:01+00:00
sway-core/src/language/ty/declaration/trait.rs,Chris O'Brien,João Matos,2022-10-14 02:29:01+00:00,2022-10-14 11:12:19+00:00
sway-core/src/language/ty/declaration/trait.rs,João Matos,Emily Herbert,2022-10-14 11:12:19+00:00,2022-10-15 18:51:25+11:00
sway-core/src/language/ty/declaration/trait.rs,Chris O'Brien,Emily Herbert,2022-10-21 04:11:01+00:00,2022-10-22 09:13:37+11:00
sway-core/src/language/ty/declaration/trait.rs,Emily Herbert,Chris O'Brien,2022-10-25 13:44:35-07:00,2022-10-25 23:58:24+00:00
sway-core/src/language/ty/declaration/trait.rs,Emily Herbert,João Matos,2023-03-14 15:46:00-05:00,2023-03-15 09:24:13-04:00
sway-core/src/language/ty/declaration/trait.rs,Marcos Henrich,João Matos,2023-09-19 19:14:41+01:00,2023-09-20 12:19:33+00:00
sway-core/src/language/ty/expression/expression.rs,Emily Herbert,João Matos,2022-10-16 17:19:13+00:00,2022-10-17 14:19:28+00:00
sway-core/src/language/ty/expression/expression.rs,Mohammad Fawaz,Emily Herbert,2022-10-21 14:41:57+00:00,2022-10-22 09:13:37+11:00
sway-core/src/language/ty/expression/expression.rs,Emily Herbert,IGI-111,2023-02-09 22:08:58+00:00,2023-02-10 12:57:04+00:00
sway-core/src/language/ty/expression/expression.rs,IGI-111,Emily Herbert,2023-02-13 11:34:17+01:00,2023-02-14 14:24:47+11:00
sway-core/src/language/ty/expression/expression.rs,Toby Hutton,Sophie Dankel,2023-04-02 21:30:34+00:00,2023-04-03 16:13:50+00:00
sway-core/src/language/ty/expression/expression.rs,Daniel Frederico Lins Leite,Anton Trunov,2023-10-03 13:11:52+02:00,2023-10-03 15:59:19+04:00
sway-core/src/language/ty/expression/expression.rs,Marcos Henrich,Daniel Frederico Lins Leite,2024-08-28 18:57:19+00:00,2024-08-28 19:16:12+00:00
sway-core/src/language/ty/expression/expression_variant.rs,Emily Herbert,João Matos,2022-10-16 17:19:13+00:00,2022-10-17 14:19:28+00:00
sway-core/src/language/ty/expression/expression_variant.rs,Nick Furfaro,IGI-111,2023-01-26 16:05:13-05:00,2023-01-27 20:10:30+00:00
sway-core/src/language/ty/expression/expression_variant.rs,Marcos Henrich,IGI-111,2023-02-03 11:41:40+00:00,2023-02-03 20:20:01+01:00
sway-core/src/language/ty/expression/expression_variant.rs,Emily Herbert,IGI-111,2023-02-09 22:08:58+00:00,2023-02-10 12:57:04+00:00
sway-core/src/language/ty/expression/expression_variant.rs,IGI-111,Emily Herbert,2023-02-13 10:50:42+01:00,2023-02-14 14:24:47+11:00
sway-core/src/language/ty/expression/expression_variant.rs,Toby Hutton,Sophie Dankel,2023-04-02 21:30:34+00:00,2023-04-03 16:13:50+00:00
sway-core/src/language/ty/expression/expression_variant.rs,Igor Rončević,Kaya Gökalp,2024-01-05 09:08:36+11:00,2024-01-04 19:53:15-03:00
sway-core/src/language/ty/expression/expression_variant.rs,Igor Rončević,Marcos Henrich,2024-02-05 09:39:22+11:00,2024-02-05 14:05:48+00:00
sway-core/src/language/ty/expression/expression_variant.rs,Marcos Henrich,Igor Rončević,2024-02-05 14:05:48+00:00,2024-02-05 23:49:31+00:00
sway-core/src/language/ty/expression/expression_variant.rs,Marcos Henrich,IGI-111,2024-02-08 18:26:24+00:00,2024-02-09 11:17:59+00:00
sway-core/src/language/ty/expression/expression_variant.rs,Daniel Frederico Lins Leite,Marcos Henrich,2024-04-10 09:06:51+01:00,2024-04-10 12:24:57+01:00
sway-core/src/language/ty/expression/expression_variant.rs,Daniel Frederico Lins Leite,Marcos Henrich,2025-02-11 11:04:24+00:00,2025-02-11 16:01:23+00:00
sway-core/src/language/ty/expression/intrinsic_function.rs,Mohammad Fawaz,Emily Herbert,2022-10-21 14:41:57+00:00,2022-10-22 09:13:37+11:00
sway-core/src/language/ty/module.rs,IGI-111,Joshua Batty,2023-03-09 19:14:52+11:00,2023-03-09 11:19:51-05:00
sway-core/src/language/ty/module.rs,Joshua Batty,Emily Herbert,2023-03-09 11:19:51-05:00,2023-03-10 07:37:46+11:00
sway-core/src/language/ty/program.rs,mitchmindtree,Joshua Batty,2022-11-04 13:22:57+11:00,2022-11-04 16:00:51+11:00
sway-core/src/language/ty/program.rs,Anton Trunov,Mohammad Fawaz,2023-01-23 18:30:37+00:00,2023-01-24 03:03:23+00:00
sway-core/src/language/ty/program.rs,IGI-111,Emily Herbert,2023-02-13 11:34:17+01:00,2023-02-14 14:24:47+11:00
sway-core/src/language/ty/program.rs,IGI-111,Anton Trunov,2023-02-16 10:17:46+00:00,2023-02-16 10:38:14-05:00
sway-core/src/language/ty/program.rs,Chris O'Brien,João Matos,2023-02-22 14:02:14+11:00,2023-02-22 09:50:47+00:00
sway-core/src/language/ty/program.rs,IGI-111,Joshua Batty,2023-03-09 19:14:52+11:00,2023-03-09 11:19:51-05:00
sway-core/src/language/ty/program.rs,Joshua Batty,Emily Herbert,2023-03-09 11:19:51-05:00,2023-03-10 07:37:46+11:00
sway-core/src/language/ty/program.rs,Emily Herbert,Mohammad Fawaz,2023-03-09 21:53:15+00:00,2023-03-09 18:38:54-05:00
sway-core/src/language/ty/program.rs,Mohammad Fawaz,Emily Herbert,2023-03-09 18:38:54-05:00,2023-03-10 19:09:44+00:00
sway-core/src/language/ty/program.rs,iqdecay,Mohammad Fawaz,2023-04-12 15:15:02+00:00,2023-04-13 00:24:09+00:00
sway-core/src/lib.rs,Toby Hutton,John Adler,2022-01-15 14:59:48+11:00,2022-01-15 03:23:53-05:00
sway-core/src/lib.rs,Joshua Batty,Toby Hutton,2022-07-04 16:56:00+10:00,2022-07-04 14:27:04+00:00
sway-core/src/lib.rs,Joshua Batty,Mohammad Fawaz,2022-07-08 00:18:11+00:00,2022-07-08 17:18:22-04:00
sway-core/src/lib.rs,Emily Herbert,Vaivaswatha N,2022-09-01 14:19:45+05:30,2022-09-01 08:38:22-04:00
sway-core/src/lib.rs,Toby Hutton,Emily Herbert,2022-10-05 07:43:18-04:00,2022-10-06 09:53:09+01:00
sway-core/src/lib.rs,Emily Herbert,Mohammad Fawaz,2022-10-07 13:49:40+11:00,2022-10-07 10:53:11-04:00
sway-core/src/lib.rs,Mazdak Farrokhzad,mitchmindtree,2022-10-10 12:10:54+02:00,2022-10-11 09:40:28+11:00
sway-core/src/lib.rs,mitchmindtree,Mazdak Farrokhzad,2022-10-11 09:40:28+11:00,2022-10-11 22:30:23+02:00
sway-core/src/lib.rs,Mazdak Farrokhzad,Mohammad Fawaz,2022-10-11 22:30:23+02:00,2022-10-12 14:29:03+11:00
sway-core/src/lib.rs,Mohammad Fawaz,Emily Herbert,2022-10-12 14:29:03+11:00,2022-10-12 03:45:43+00:00
sway-core/src/lib.rs,Mazdak Farrokhzad,Toby Hutton,2022-10-17 21:59:54-04:00,2022-10-18 10:00:14-07:00
sway-core/src/lib.rs,Mohammad Fawaz,rostyslavtyshko,2022-10-21 14:41:57+00:00,2022-10-21 18:44:49+00:00
sway-core/src/lib.rs,rostyslavtyshko,Emily Herbert,2022-10-21 18:44:49+00:00,2022-10-22 09:13:37+11:00
sway-core/src/lib.rs,mitchmindtree,Vaivaswatha N,2022-10-26 22:40:04+11:00,2022-10-26 22:00:08+05:30
sway-core/src/lib.rs,Mohammad Fawaz,mitchmindtree,2022-11-03 21:44:33+00:00,2022-11-04 13:22:57+11:00
sway-core/src/lib.rs,João Matos,Kaya Gökalp,2022-12-12 03:22:18+00:00,2022-12-13 11:12:16+11:00
sway-core/src/lib.rs,Chris O'Brien,Vaivaswatha N,2023-02-16 04:59:24+00:00,2023-02-16 16:54:17+05:30
sway-core/src/lib.rs,Marcos Henrich,IGI-111,2023-03-08 15:23:44+00:00,2023-03-09 19:14:52+11:00
sway-core/src/lib.rs,Toby Hutton,JC,2023-04-02 21:30:34+00:00,2023-04-03 15:44:11+00:00
sway-core/src/lib.rs,Vaivaswatha N,João Matos,2023-08-07 15:53:08+02:00,2023-08-07 23:40:09+01:00
sway-core/src/lib.rs,jjcnn,IGI-111,2024-02-08 12:32:35+01:00,2024-02-09 11:17:59+00:00
sway-core/src/lib.rs,João Matos,Vaivaswatha N,2024-05-06 03:23:39+00:00,2024-05-06 04:20:45+00:00
sway-core/src/lib.rs,Vaivaswatha N,Joshua Batty,2024-05-10 07:35:30+02:00,2024-05-10 09:50:24+01:00
sway-core/src/lib.rs,Igor Rončević,Marcos Henrich,2024-05-17 10:42:00+10:00,2024-05-17 14:14:32+04:00
sway-core/src/lib.rs,João Matos,Daniel Frederico Lins Leite,2024-08-06 08:18:57-07:00,2024-08-07 02:00:09-07:00
sway-core/src/lib.rs,Marcos Henrich,Joshua Batty,2024-08-15 18:21:44+01:00,2024-08-15 22:05:57+00:00
sway-core/src/optimize.rs,Toby Hutton,John Adler,2022-01-15 14:59:48+11:00,2022-01-15 03:23:53-05:00
sway-core/src/optimize.rs,Emily Herbert,Toby Hutton,2022-02-02 13:42:58-08:00,2022-02-03 14:11:39+11:00
sway-core/src/optimize.rs,mitchmindtree,Toby Hutton,2022-02-23 07:55:59+11:00,2022-02-23 09:11:39+11:00
sway-core/src/optimize.rs,mitchmindtree,Toby Hutton,2022-03-04 13:57:31+11:00,2022-03-05 10:45:38+11:00
sway-core/src/optimize.rs,Emily Herbert,Mohammad Fawaz,2022-03-22 13:34:43-05:00,2022-03-22 23:09:29-04:00
sway-core/src/optimize.rs,Mohammad Fawaz,Toby Hutton,2022-03-22 23:09:29-04:00,2022-03-24 10:28:24+11:00
sway-core/src/optimize.rs,Toby Hutton,Alex Hansen,2022-03-24 10:28:24+11:00,2022-03-23 21:16:43-04:00
sway-core/src/optimize.rs,Alex Hansen,Mohammad Fawaz,2022-03-23 21:16:43-04:00,2022-03-24 20:37:50-04:00
sway-core/src/optimize.rs,Mohammad Fawaz,Emily Herbert,2022-03-24 20:37:50-04:00,2022-03-25 01:07:47-05:00
sway-core/src/optimize.rs,Mohammad Fawaz,Alex Hansen,2022-04-07 09:14:26-04:00,2022-04-07 20:50:01-07:00
sway-core/src/optimize.rs,Toby Hutton,Alex Hansen,2022-04-26 20:26:28+10:00,2022-04-26 07:25:43-07:00
sway-core/src/optimize.rs,Alex Hansen,Mohammad Fawaz,2022-04-26 07:25:43-07:00,2022-04-27 07:28:05-04:00
sway-core/src/optimize.rs,Emily Herbert,Kaya Gökalp,2022-05-19 21:55:02-04:00,2022-05-20 11:18:01+03:00
sway-core/src/optimize.rs,Alex Hansen,Emily Herbert,2022-05-22 22:54:03-04:00,2022-05-23 14:37:34-05:00
sway-core/src/optimize.rs,Emily Herbert,Alex Hansen,2022-05-23 14:37:34-05:00,2022-05-24 05:51:36-07:00
sway-core/src/optimize.rs,mitchmindtree,Mohammad Fawaz,2022-06-01 11:24:39+10:00,2022-06-01 07:34:30-04:00
sway-core/src/optimize.rs,Mohammad Fawaz,Emily Herbert,2022-06-01 07:34:30-04:00,2022-06-01 21:39:06-05:00
sway-core/src/optimize.rs,Emily Herbert,Mohammad Fawaz,2022-06-01 21:39:06-05:00,2022-06-02 22:22:59-04:00
sway-core/src/optimize.rs,Andrew Cann,Mohammad Fawaz,2022-06-06 11:35:32+08:00,2022-06-06 13:05:59-04:00
sway-core/src/optimize.rs,Mohammad Fawaz,Emily Herbert,2022-06-06 13:05:59-04:00,2022-06-06 21:27:31-05:00
sway-core/src/optimize.rs,Mohammad Fawaz,Toby Hutton,2022-06-11 10:46:48+10:00,2022-06-11 16:06:01+10:00
sway-core/src/optimize.rs,Vaivaswatha N,Emily Herbert,2022-06-13 14:59:07+10:00,2022-06-13 12:30:56-05:00
sway-core/src/parse_tree.rs,Joshua Batty,mitchmindtree,2022-05-31 12:58:11+10:00,2022-06-01 11:24:39+10:00
sway-core/src/parse_tree/declaration/enum.rs,Alex Hansen,Emily Herbert,2022-05-22 22:54:03-04:00,2022-05-23 14:37:34-05:00
sway-core/src/parse_tree/declaration/impl_trait.rs,Emily Herbert,Mohammad Fawaz,2022-02-24 10:51:54+11:00,2022-02-24 16:26:52-05:00
sway-core/src/parse_tree/declaration/type_parameter.rs,Emily Herbert,Mohammad Fawaz,2022-05-19 16:09:54-05:00,2022-05-20 12:59:34-04:00
sway-core/src/parse_tree/expression/mod.rs,Kaya Gökalp,Andrew Cann,2022-08-11 19:13:33+00:00,2022-08-11 22:32:15+00:00
sway-core/src/semantic_analysis/ast_node/code_block.rs,Joshua Batty,mitchmindtree,2022-05-31 12:58:11+10:00,2022-06-01 11:24:39+10:00
sway-core/src/semantic_analysis/ast_node/code_block.rs,Marcos Henrich,João Matos,2023-09-19 19:14:41+01:00,2023-09-20 12:19:33+00:00
sway-core/src/semantic_analysis/ast_node/declaration.rs,Emily Herbert,Toby Hutton,2022-05-18 14:28:15-05:00,2022-05-19 15:27:55+10:00
sway-core/src/semantic_analysis/ast_node/declaration.rs,Toby Hutton,Emily Herbert,2022-05-19 15:27:55+10:00,2022-05-19 16:09:54-05:00
sway-core/src/semantic_analysis/ast_node/declaration.rs,Andrew Cann,Emily Herbert,2022-06-06 11:35:32+08:00,2022-06-06 19:27:14-05:00
sway-core/src/semantic_analysis/ast_node/declaration.rs,Mohammad Fawaz,Emily Herbert,2022-06-20 19:10:35+00:00,2022-06-21 09:28:52+00:00
sway-core/src/semantic_analysis/ast_node/declaration.rs,Emily Herbert,João Matos,2022-09-09 16:28:45+01:00,2022-09-09 15:03:11-04:00
sway-core/src/semantic_analysis/ast_node/declaration.rs,Mazdak Farrokhzad,mitchmindtree,2022-10-10 12:10:54+02:00,2022-10-10 10:39:14-05:00
sway-core/src/semantic_analysis/ast_node/declaration.rs,mitchmindtree,Emily Herbert,2022-10-10 10:39:14-05:00,2022-10-11 14:52:23+11:00
sway-core/src/semantic_analysis/ast_node/declaration/abi.rs,Emily Herbert,Chris O'Brien,2022-10-13 15:28:53+00:00,2022-10-14 05:41:58+00:00
sway-core/src/semantic_analysis/ast_node/declaration/abi.rs,Chris O'Brien,João Matos,2022-10-14 05:41:58+00:00,2022-10-14 11:12:19+00:00
sway-core/src/semantic_analysis/ast_node/declaration/abi.rs,Marcos Henrich,João Matos,2023-09-19 19:14:41+01:00,2023-09-20 12:19:33+00:00
sway-core/src/semantic_analysis/ast_node/declaration/auto_impl.rs,João Matos,Daniel Frederico Lins Leite,2024-03-11 14:20:55+00:00,2024-03-11 22:10:42+00:00
sway-core/src/semantic_analysis/ast_node/declaration/auto_impl.rs,João Matos,Daniel Frederico Lins Leite,2024-08-06 08:18:57-07:00,2024-08-07 02:00:09-07:00
sway-core/src/semantic_analysis/ast_node/declaration/constant.rs,Marcos Henrich,João Matos,2023-09-19 19:14:41+01:00,2023-09-20 12:19:33+00:00
sway-core/src/semantic_analysis/ast_node/declaration/declaration.rs,Joshua Batty,Emily Herbert,2023-01-11 11:01:36+11:00,2023-01-11 15:02:22-05:00
sway-core/src/semantic_analysis/ast_node/declaration/declaration.rs,IGI-111,Emily Herbert,2023-02-13 11:34:17+01:00,2023-02-14 14:24:47+11:00
sway-core/src/semantic_analysis/ast_node/declaration/declaration.rs,IGI-111,Anton Trunov,2023-02-16 10:17:46+00:00,2023-02-16 10:38:14-05:00
sway-core/src/semantic_analysis/ast_node/declaration/declaration.rs,Joshua Batty,Emily Herbert,2023-03-09 11:19:51-05:00,2023-03-10 07:37:46+11:00
sway-core/src/semantic_analysis/ast_node/declaration/declaration.rs,Emily Herbert,Mohammad Fawaz,2023-03-10 07:37:46+11:00,2023-03-09 18:38:54-05:00
sway-core/src/semantic_analysis/ast_node/declaration/declaration.rs,Mohammad Fawaz,Emily Herbert,2023-03-09 18:38:54-05:00,2023-03-10 12:59:16-05:00
sway-core/src/semantic_analysis/ast_node/declaration/declaration.rs,Emily Herbert,IGI-111,2023-03-10 12:59:16-05:00,2023-03-10 18:46:33+00:00
sway-core/src/semantic_analysis/ast_node/declaration/declaration.rs,IGI-111,Emily Herbert,2023-03-10 18:46:33+00:00,2023-03-10 19:09:44+00:00
sway-core/src/semantic_analysis/ast_node/declaration/declaration.rs,João Matos,Mohammad Fawaz,2023-03-15 09:24:13-04:00,2023-03-16 00:58:30+00:00
sway-core/src/semantic_analysis/ast_node/declaration/declaration.rs,Marcos Henrich,João Matos,2023-09-19 19:14:41+01:00,2023-09-20 12:19:33+00:00
sway-core/src/semantic_analysis/ast_node/declaration/declaration.rs,João Matos,Igor Rončević,2024-01-29 15:07:14+00:00,2024-01-30 17:15:24+04:00
sway-core/src/semantic_analysis/ast_node/declaration/declaration.rs,João Matos,Igor Rončević,2024-02-23 09:26:06+00:00,2024-02-23 15:20:46+00:00
sway-core/src/semantic_analysis/ast_node/declaration/enum.rs,Alex Hansen,Emily Herbert,2022-05-22 22:54:03-04:00,2022-05-23 14:37:34-05:00
sway-core/src/semantic_analysis/ast_node/declaration/enum.rs,Emily Herbert,Mohammad Fawaz,2022-05-24 11:04:14-05:00,2022-05-25 10:55:58-04:00
sway-core/src/semantic_analysis/ast_node/declaration/enum.rs,Emily Herbert,mitchmindtree,2022-06-21 17:48:53+00:00,2022-06-22 00:26:07+00:00
sway-core/src/semantic_analysis/ast_node/declaration/enum.rs,mitchmindtree,Emily Herbert,2022-06-22 00:26:07+00:00,2022-06-23 08:45:01+10:00
sway-core/src/semantic_analysis/ast_node/declaration/enum.rs,Emily Herbert,Mohammad Fawaz,2022-07-06 00:29:33+00:00,2022-07-06 10:57:04+00:00
sway-core/src/semantic_analysis/ast_node/declaration/enum.rs,Mazdak Farrokhzad,mitchmindtree,2022-10-10 12:10:54+02:00,2022-10-10 10:39:14-05:00
sway-core/src/semantic_analysis/ast_node/declaration/enum.rs,Emily Herbert,Chris O'Brien,2022-10-13 15:28:53+00:00,2022-10-14 01:53:03+00:00
sway-core/src/semantic_analysis/ast_node/declaration/function.rs,Alex Hansen,Emily Herbert,2022-05-22 22:54:03-04:00,2022-05-23 14:37:34-05:00
sway-core/src/semantic_analysis/ast_node/declaration/function.rs,Emily Herbert,Mohammad Fawaz,2022-05-24 11:04:14-05:00,2022-05-25 10:55:58-04:00
sway-core/src/semantic_analysis/ast_node/declaration/function.rs,Joshua Batty,mitchmindtree,2022-05-31 12:58:11+10:00,2022-06-01 11:24:39+10:00
sway-core/src/semantic_analysis/ast_node/declaration/function.rs,Emily Herbert,mitchmindtree,2022-06-21 17:48:53+00:00,2022-06-22 00:26:07+00:00
sway-core/src/semantic_analysis/ast_node/declaration/function.rs,Emily Herbert,Mohammad Fawaz,2022-07-06 00:29:33+00:00,2022-07-06 10:57:04+00:00
sway-core/src/semantic_analysis/ast_node/declaration/function.rs,mitchmindtree,Emily Herbert,2022-10-10 10:39:14-05:00,2022-10-11 14:52:23+11:00
sway-core/src/semantic_analysis/ast_node/declaration/function.rs,Emily Herbert,Mazdak Farrokhzad,2022-10-11 14:52:23+11:00,2022-10-11 22:30:23+02:00
sway-core/src/semantic_analysis/ast_node/declaration/function.rs,Mazdak Farrokhzad,Emily Herbert,2022-10-11 22:30:23+02:00,2022-10-12 01:19:29+00:00
sway-core/src/semantic_analysis/ast_node/declaration/function/function_parameter.rs,Emily Herbert,mitchmindtree,2022-06-21 17:48:53+00:00,2022-06-22 00:26:07+00:00
sway-core/src/semantic_analysis/ast_node/declaration/function/function_parameter.rs,João Matos,Emily Herbert,2022-07-05 19:46:41+00:00,2022-07-06 00:29:33+00:00
sway-core/src/semantic_analysis/ast_node/declaration/function/function_parameter.rs,Emily Herbert,João Matos,2022-09-08 14:58:04-04:00,2022-09-09 12:04:10+10:00
sway-core/src/semantic_analysis/ast_node/declaration/function/function_parameter.rs,Mazdak Farrokhzad,Emily Herbert,2022-10-10 12:10:54+02:00,2022-10-11 14:52:23+11:00
sway-core/src/semantic_analysis/ast_node/declaration/impl_trait.rs,Emily Herbert,Joshua Batty,2022-06-07 20:51:58-05:00,2022-06-08 13:16:52+10:00
sway-core/src/semantic_analysis/ast_node/declaration/impl_trait.rs,Emily Herbert,mitchmindtree,2022-06-21 17:48:53+00:00,2022-06-22 00:26:07+00:00
sway-core/src/semantic_analysis/ast_node/declaration/impl_trait.rs,mitchmindtree,Emily Herbert,2022-06-22 00:26:07+00:00,2022-06-23 08:45:01+10:00
sway-core/src/semantic_analysis/ast_node/declaration/impl_trait.rs,Emily Herbert,João Matos,2022-09-08 14:58:04-04:00,2022-09-09 12:04:10+10:00
sway-core/src/semantic_analysis/ast_node/declaration/impl_trait.rs,Anton Trunov,Emily Herbert,2022-10-06 20:02:10+04:00,2022-10-07 00:50:03+02:00
sway-core/src/semantic_analysis/ast_node/declaration/impl_trait.rs,Mazdak Farrokhzad,Emily Herbert,2022-10-10 12:10:54+02:00,2022-10-11 14:52:23+11:00
sway-core/src/semantic_analysis/ast_node/declaration/impl_trait.rs,Anton Trunov,Emily Herbert,2022-10-13 20:23:28+11:00,2022-10-13 15:28:53+00:00
sway-core/src/semantic_analysis/ast_node/declaration/impl_trait.rs,Emily Herbert,João Matos,2022-10-13 15:28:53+00:00,2022-10-14 11:12:19+00:00
sway-core/src/semantic_analysis/ast_node/declaration/impl_trait.rs,Emily Herbert,Nick Furfaro,2023-01-26 06:56:23+05:30,2023-01-26 16:05:13-05:00
sway-core/src/semantic_analysis/ast_node/declaration/impl_trait.rs,IGI-111,Marcos Henrich,2023-02-12 16:26:44+00:00,2023-02-12 17:05:57+00:00
sway-core/src/semantic_analysis/ast_node/declaration/impl_trait.rs,Emily Herbert,IGI-111,2023-02-15 20:30:15+00:00,2023-02-16 10:17:46+00:00
sway-core/src/semantic_analysis/ast_node/declaration/impl_trait.rs,IGI-111,Anton Trunov,2023-02-16 10:17:46+00:00,2023-02-16 10:38:14-05:00
sway-core/src/semantic_analysis/ast_node/declaration/impl_trait.rs,Emily Herbert,João Matos,2023-02-26 22:02:45+00:00,2023-02-27 15:46:04+05:30
sway-core/src/semantic_analysis/ast_node/declaration/impl_trait.rs,IGI-111,Joshua Batty,2023-03-09 19:14:52+11:00,2023-03-09 11:19:51-05:00
sway-core/src/semantic_analysis/ast_node/declaration/impl_trait.rs,Joshua Batty,Emily Herbert,2023-03-09 11:19:51-05:00,2023-03-10 07:37:46+11:00
sway-core/src/semantic_analysis/ast_node/declaration/impl_trait.rs,Emily Herbert,João Matos,2023-03-14 15:46:00-05:00,2023-03-15 09:24:13-04:00
sway-core/src/semantic_analysis/ast_node/declaration/impl_trait.rs,João Matos,Mohammad Fawaz,2023-03-15 09:24:13-04:00,2023-03-16 00:58:30+00:00
sway-core/src/semantic_analysis/ast_node/declaration/impl_trait.rs,Toby Hutton,IGI-111,2023-04-02 21:30:34+00:00,2023-04-03 13:15:29+10:00
sway-core/src/semantic_analysis/ast_node/declaration/impl_trait.rs,João Matos,Mohammad Fawaz,2023-04-20 22:25:10+00:00,2023-04-21 07:36:40-04:00
sway-core/src/semantic_analysis/ast_node/declaration/impl_trait.rs,Marcos Henrich,João Matos,2023-09-19 19:14:41+01:00,2023-09-20 12:19:33+00:00
sway-core/src/semantic_analysis/ast_node/declaration/impl_trait.rs,Igor Rončević,Marcos Henrich,2023-11-22 20:04:07+00:00,2023-11-23 15:48:08+00:00
sway-core/src/semantic_analysis/ast_node/declaration/impl_trait.rs,Marcos Henrich,João Matos,2024-04-03 01:45:45+00:00,2024-04-04 09:08:46+11:00
sway-core/src/semantic_analysis/ast_node/declaration/impl_trait.rs,jjcnn,Igor Rončević,2025-02-07 13:07:41+11:00,2025-02-07 03:25:57+00:00
sway-core/src/semantic_analysis/ast_node/declaration/mod.rs,Marcos Henrich,João Matos,2023-09-19 19:14:41+01:00,2023-09-20 12:19:33+00:00
sway-core/src/semantic_analysis/ast_node/declaration/storage.rs,Mohammad Fawaz,Emily Herbert,2022-06-06 16:47:10-04:00,2022-06-06 21:27:31-05:00
sway-core/src/semantic_analysis/ast_node/declaration/storage.rs,Mazdak Farrokhzad,mitchmindtree,2022-10-10 12:10:54+02:00,2022-10-10 10:39:14-05:00
sway-core/src/semantic_analysis/ast_node/declaration/storage.rs,mitchmindtree,Emily Herbert,2022-10-10 10:39:14-05:00,2022-10-11 14:52:23+11:00
sway-core/src/semantic_analysis/ast_node/declaration/struct.rs,Alex Hansen,Emily Herbert,2022-05-22 22:54:03-04:00,2022-05-23 14:37:34-05:00
sway-core/src/semantic_analysis/ast_node/declaration/struct.rs,Emily Herbert,Mohammad Fawaz,2022-05-24 11:04:14-05:00,2022-05-25 10:55:58-04:00
sway-core/src/semantic_analysis/ast_node/declaration/struct.rs,Emily Herbert,mitchmindtree,2022-06-21 17:48:53+00:00,2022-06-22 00:26:07+00:00
sway-core/src/semantic_analysis/ast_node/declaration/struct.rs,Emily Herbert,Mohammad Fawaz,2022-07-06 00:29:33+00:00,2022-07-06 10:57:04+00:00
sway-core/src/semantic_analysis/ast_node/declaration/struct.rs,Mazdak Farrokhzad,mitchmindtree,2022-10-10 12:10:54+02:00,2022-10-10 10:39:14-05:00
sway-core/src/semantic_analysis/ast_node/declaration/supertrait.rs,Joshua Batty,Emily Herbert,2023-03-09 11:19:51-05:00,2023-03-10 07:37:46+11:00
sway-core/src/semantic_analysis/ast_node/declaration/trait.rs,Emily Herbert,Mohammad Fawaz,2022-06-15 22:18:48+00:00,2022-06-16 02:47:16+00:00
sway-core/src/semantic_analysis/ast_node/declaration/trait.rs,Emily Herbert,mitchmindtree,2022-06-21 17:48:53+00:00,2022-06-22 00:26:07+00:00
sway-core/src/semantic_analysis/ast_node/declaration/trait.rs,Mazdak Farrokhzad,mitchmindtree,2022-10-10 12:10:54+02:00,2022-10-10 10:39:14-05:00
sway-core/src/semantic_analysis/ast_node/declaration/trait.rs,Mazdak Farrokhzad,Emily Herbert,2022-10-11 22:30:23+02:00,2022-10-12 03:45:43+00:00
sway-core/src/semantic_analysis/ast_node/declaration/trait.rs,Emily Herbert,Chris O'Brien,2022-10-13 15:28:53+00:00,2022-10-14 02:29:01+00:00
sway-core/src/semantic_analysis/ast_node/declaration/trait.rs,Chris O'Brien,João Matos,2022-10-14 02:29:01+00:00,2022-10-14 11:12:19+00:00
sway-core/src/semantic_analysis/ast_node/declaration/trait.rs,Marcos Henrich,João Matos,2023-09-19 19:14:41+01:00,2023-09-20 12:19:33+00:00
sway-core/src/semantic_analysis/ast_node/expression/intrinsic_function.rs,Emily Herbert,mitchmindtree,2022-06-21 17:48:53+00:00,2022-06-22 00:26:07+00:00
sway-core/src/semantic_analysis/ast_node/expression/intrinsic_function.rs,Emily Herbert,Vaivaswatha N,2022-06-29 00:40:10+00:00,2022-06-29 16:04:39+00:00
sway-core/src/semantic_analysis/ast_node/expression/intrinsic_function.rs,Mohammad Fawaz,Emily Herbert,2022-10-05 18:12:05+00:00,2022-10-06 09:53:09+01:00
sway-core/src/semantic_analysis/ast_node/expression/intrinsic_function.rs,Mazdak Farrokhzad,Emily Herbert,2022-10-10 12:10:54+02:00,2022-10-11 14:52:23+11:00
sway-core/src/semantic_analysis/ast_node/expression/intrinsic_function.rs,Emily Herbert,Mazdak Farrokhzad,2022-10-11 14:52:23+11:00,2022-10-11 22:30:23+02:00
sway-core/src/semantic_analysis/ast_node/expression/intrinsic_function.rs,Mohammad Fawaz,Mazdak Farrokhzad,2022-11-21 18:54:12-05:00,2022-11-22 18:06:39+00:00
sway-core/src/semantic_analysis/ast_node/expression/intrinsic_function.rs,Emily Herbert,Mohammad Fawaz,2022-12-22 12:43:03+11:00,2022-12-22 12:10:53-05:00
sway-core/src/semantic_analysis/ast_node/expression/intrinsic_function.rs,João Matos,Marcos Henrich,2023-06-13 02:09:23+02:00,2023-06-13 03:57:52+00:00
sway-core/src/semantic_analysis/ast_node/expression/intrinsic_function.rs,IGI-111,Igor Rončević,2023-08-01 16:12:53+01:00,2023-08-02 10:50:52+02:00
sway-core/src/semantic_analysis/ast_node/expression/intrinsic_function.rs,Daniel Frederico Lins Leite,Marcos Henrich,2024-08-07 02:00:09-07:00,2024-08-07 13:22:06+00:00
sway-core/src/semantic_analysis/ast_node/expression/match_expression/analysis/pattern.rs,Emily Herbert,Anton Trunov,2022-10-07 13:49:40+11:00,2022-10-08 00:27:52+00:00
sway-core/src/semantic_analysis/ast_node/expression/match_expression/analysis/pattern.rs,Daniel Frederico Lins Leite,João Matos,2023-07-31 15:22:01+01:00,2023-07-31 15:30:52+00:00
sway-core/src/semantic_analysis/ast_node/expression/match_expression/typed/typed_match_branch.rs,Vaivaswatha N,Mohammad Fawaz,2022-11-29 08:58:03+00:00,2022-11-30 06:00:41+00:00
sway-core/src/semantic_analysis/ast_node/expression/match_expression/typed/typed_match_branch.rs,João Matos,Igor Rončević,2024-02-23 09:26:06+00:00,2024-02-23 15:20:46+00:00
sway-core/src/semantic_analysis/ast_node/expression/match_expression/typed/typed_scrutinee.rs,mitchmindtree,Emily Herbert,2022-06-22 00:26:07+00:00,2022-06-23 08:45:01+10:00
sway-core/src/semantic_analysis/ast_node/expression/match_expression/typed/typed_scrutinee.rs,Emily Herbert,João Matos,2022-09-09 16:28:45+01:00,2022-09-09 15:03:11-04:00
sway-core/src/semantic_analysis/ast_node/expression/match_expression/typed/typed_scrutinee.rs,Emily Herbert,IGI-111,2023-02-14 14:24:47+11:00,2023-02-14 10:41:45-05:00
sway-core/src/semantic_analysis/ast_node/expression/match_expression/typed/typed_scrutinee.rs,IGI-111,Joshua Batty,2023-03-09 19:14:52+11:00,2023-03-09 11:19:51-05:00
sway-core/src/semantic_analysis/ast_node/expression/match_expression/typed/typed_scrutinee.rs,Joshua Batty,Emily Herbert,2023-03-09 11:19:51-05:00,2023-03-10 07:37:46+11:00
sway-core/src/semantic_analysis/ast_node/expression/match_expression/typed/typed_scrutinee.rs,Emily Herbert,Mohammad Fawaz,2023-03-15 12:56:18+11:00,2023-03-16 00:58:30+00:00
sway-core/src/semantic_analysis/ast_node/expression/match_expression/typed/typed_scrutinee.rs,Joshua Batty,IGI-111,2023-04-18 23:13:48+10:00,2023-04-18 22:08:17+00:00
sway-core/src/semantic_analysis/ast_node/expression/match_expression/typed/typed_scrutinee.rs,Marcos Henrich,João Matos,2023-09-19 19:14:41+01:00,2023-09-20 12:19:33+00:00
sway-core/src/semantic_analysis/ast_node/expression/typed_expression.rs,Alex Hansen,Emily Herbert,2022-03-21 18:23:05-07:00,2022-03-22 13:34:43-05:00
sway-core/src/semantic_analysis/ast_node/expression/typed_expression.rs,Alex Hansen,Emily Herbert,2022-05-22 22:54:03-04:00,2022-05-23 14:37:34-05:00
sway-core/src/semantic_analysis/ast_node/expression/typed_expression.rs,Emily Herbert,Mohammad Fawaz,2022-05-24 11:04:14-05:00,2022-05-25 10:55:58-04:00
sway-core/src/semantic_analysis/ast_node/expression/typed_expression.rs,Mohammad Fawaz,Emily Herbert,2022-05-25 10:55:58-04:00,2022-05-25 16:39:56-05:00
sway-core/src/semantic_analysis/ast_node/expression/typed_expression.rs,Emily Herbert,Alex Hansen,2022-05-25 16:39:56-05:00,2022-05-26 14:25:55-07:00
sway-core/src/semantic_analysis/ast_node/expression/typed_expression.rs,Alex Hansen,Mohammad Fawaz,2022-05-26 14:25:55-07:00,2022-05-26 22:19:16-04:00
sway-core/src/semantic_analysis/ast_node/expression/typed_expression.rs,Mohammad Fawaz,Emily Herbert,2022-05-26 22:19:16-04:00,2022-05-27 12:36:09-05:00
sway-core/src/semantic_analysis/ast_node/expression/typed_expression.rs,Joshua Batty,mitchmindtree,2022-05-31 12:58:11+10:00,2022-06-01 11:24:39+10:00
sway-core/src/semantic_analysis/ast_node/expression/typed_expression.rs,mitchmindtree,Mohammad Fawaz,2022-06-01 11:24:39+10:00,2022-06-01 07:34:30-04:00
sway-core/src/semantic_analysis/ast_node/expression/typed_expression.rs,Mohammad Fawaz,Emily Herbert,2022-06-01 07:34:30-04:00,2022-06-01 21:39:06-05:00
sway-core/src/semantic_analysis/ast_node/expression/typed_expression.rs,Emily Herbert,Joshua Batty,2022-06-07 12:11:02-05:00,2022-06-08 13:16:52+10:00
sway-core/src/semantic_analysis/ast_node/expression/typed_expression.rs,Emily Herbert,mitchmindtree,2022-06-21 17:48:53+00:00,2022-06-22 00:26:07+00:00
sway-core/src/semantic_analysis/ast_node/expression/typed_expression.rs,Emily Herbert,Vaivaswatha N,2022-06-29 00:40:10+00:00,2022-06-29 16:04:39+00:00
sway-core/src/semantic_analysis/ast_node/expression/typed_expression.rs,João Matos,Mohammad Fawaz,2022-08-18 17:06:07+01:00,2022-08-18 13:36:27-04:00
sway-core/src/semantic_analysis/ast_node/expression/typed_expression.rs,Emily Herbert,Mazdak Farrokhzad,2022-09-28 01:12:36+00:00,2022-09-28 14:52:34+02:00
sway-core/src/semantic_analysis/ast_node/expression/typed_expression.rs,Mohammad Fawaz,Emily Herbert,2022-10-05 18:12:05+00:00,2022-10-06 09:53:09+01:00
sway-core/src/semantic_analysis/ast_node/expression/typed_expression.rs,Emily Herbert,Anton Trunov,2022-10-07 13:49:40+11:00,2022-10-08 00:27:52+00:00
sway-core/src/semantic_analysis/ast_node/expression/typed_expression.rs,Mazdak Farrokhzad,Emily Herbert,2022-10-10 12:10:54+02:00,2022-10-11 14:52:23+11:00
sway-core/src/semantic_analysis/ast_node/expression/typed_expression.rs,Emily Herbert,Mazdak Farrokhzad,2022-10-11 14:52:23+11:00,2022-10-11 22:30:23+02:00
sway-core/src/semantic_analysis/ast_node/expression/typed_expression.rs,Mazdak Farrokhzad,Emily Herbert,2022-10-11 22:30:23+02:00,2022-10-12 01:19:29+00:00
sway-core/src/semantic_analysis/ast_node/expression/typed_expression.rs,Emily Herbert,João Matos,2022-10-14 03:58:40+00:00,2022-10-14 11:12:19+00:00
sway-core/src/semantic_analysis/ast_node/expression/typed_expression.rs,João Matos,Emily Herbert,2022-10-14 11:12:19+00:00,2022-10-15 08:39:12+05:30
sway-core/src/semantic_analysis/ast_node/expression/typed_expression.rs,Emily Herbert,Kaya Gökalp,2022-10-22 09:13:37+11:00,2022-10-22 19:14:10+11:00
sway-core/src/semantic_analysis/ast_node/expression/typed_expression.rs,Kaya Gökalp,Emily Herbert,2022-10-22 19:14:10+11:00,2022-10-23 08:09:11+01:00
sway-core/src/semantic_analysis/ast_node/expression/typed_expression.rs,Emily Herbert,Mazdak Farrokhzad,2022-10-30 20:00:29-04:00,2022-10-31 19:45:38+00:00
sway-core/src/semantic_analysis/ast_node/expression/typed_expression.rs,Mohammad Fawaz,Joshua Batty,2022-11-02 16:23:39+00:00,2022-11-03 00:28:52+00:00
sway-core/src/semantic_analysis/ast_node/expression/typed_expression.rs,Joshua Batty,Emily Herbert,2022-11-03 00:28:52+00:00,2022-11-03 04:03:57+00:00
sway-core/src/semantic_analysis/ast_node/expression/typed_expression.rs,Emily Herbert,Mohammad Fawaz,2022-11-03 04:03:57+00:00,2022-11-03 21:44:33+00:00
sway-core/src/semantic_analysis/ast_node/expression/typed_expression.rs,Mazdak Farrokhzad,Anton Trunov,2022-11-22 18:06:39+00:00,2022-11-23 16:47:23+00:00
sway-core/src/semantic_analysis/ast_node/expression/typed_expression.rs,Marcos Henrich,João Matos,2022-11-29 01:51:02+00:00,2022-11-29 03:01:57+00:00
sway-core/src/semantic_analysis/ast_node/expression/typed_expression.rs,Joshua Batty,Emily Herbert,2023-01-11 11:36:10-06:00,2023-01-11 15:02:22-05:00
sway-core/src/semantic_analysis/ast_node/expression/typed_expression.rs,Anton Trunov,IGI-111,2023-01-23 18:30:37+00:00,2023-01-24 12:54:05+11:00
sway-core/src/semantic_analysis/ast_node/expression/typed_expression.rs,Nick Furfaro,IGI-111,2023-01-26 16:05:13-05:00,2023-01-27 20:10:30+00:00
sway-core/src/semantic_analysis/ast_node/expression/typed_expression.rs,IGI-111,Marcos Henrich,2023-02-12 16:26:44+00:00,2023-02-12 17:05:57+00:00
sway-core/src/semantic_analysis/ast_node/expression/typed_expression.rs,Marcos Henrich,IGI-111,2023-02-12 17:05:57+00:00,2023-02-13 10:50:42+01:00
sway-core/src/semantic_analysis/ast_node/expression/typed_expression.rs,IGI-111,Emily Herbert,2023-02-13 10:50:42+01:00,2023-02-14 14:24:47+11:00
sway-core/src/semantic_analysis/ast_node/expression/typed_expression.rs,Emily Herbert,IGI-111,2023-02-14 14:24:47+11:00,2023-02-14 10:41:45-05:00
sway-core/src/semantic_analysis/ast_node/expression/typed_expression.rs,IGI-111,Joshua Batty,2023-03-09 19:14:52+11:00,2023-03-09 11:19:51-05:00
sway-core/src/semantic_analysis/ast_node/expression/typed_expression.rs,Joshua Batty,Emily Herbert,2023-03-09 11:19:51-05:00,2023-03-10 07:37:46+11:00
sway-core/src/semantic_analysis/ast_node/expression/typed_expression.rs,Emily Herbert,Mohammad Fawaz,2023-03-10 07:37:46+11:00,2023-03-09 18:38:54-05:00
sway-core/src/semantic_analysis/ast_node/expression/typed_expression.rs,Mohammad Fawaz,IGI-111,2023-03-09 18:38:54-05:00,2023-03-10 18:46:33+00:00
sway-core/src/semantic_analysis/ast_node/expression/typed_expression.rs,IGI-111,Emily Herbert,2023-03-10 18:46:33+00:00,2023-03-10 19:09:44+00:00
sway-core/src/semantic_analysis/ast_node/expression/typed_expression.rs,Emily Herbert,João Matos,2023-03-15 12:56:18+11:00,2023-03-15 09:24:13-04:00
sway-core/src/semantic_analysis/ast_node/expression/typed_expression.rs,João Matos,Mohammad Fawaz,2023-03-15 09:24:13-04:00,2023-03-16 00:58:30+00:00
sway-core/src/semantic_analysis/ast_node/expression/typed_expression.rs,Toby Hutton,IGI-111,2023-04-02 21:30:34+00:00,2023-04-03 13:15:29+10:00
sway-core/src/semantic_analysis/ast_node/expression/typed_expression.rs,Joshua Batty,Igor Rončević,2023-07-18 19:39:16+04:00,2023-07-19 12:10:57+02:00
sway-core/src/semantic_analysis/ast_node/expression/typed_expression.rs,Daniel Frederico Lins Leite,João Matos,2023-07-31 15:22:01+01:00,2023-07-31 15:30:52+00:00
sway-core/src/semantic_analysis/ast_node/expression/typed_expression.rs,João Matos,IGI-111,2023-07-31 15:30:52+00:00,2023-08-01 16:12:53+01:00
sway-core/src/semantic_analysis/ast_node/expression/typed_expression.rs,Igor Rončević,Anton Trunov,2023-09-06 14:10:47+02:00,2023-09-06 21:35:00+04:00
sway-core/src/semantic_analysis/ast_node/expression/typed_expression.rs,Igor Rončević,Daniel Frederico Lins Leite,2023-09-11 12:08:50+02:00,2023-09-11 13:24:41+00:00
sway-core/src/semantic_analysis/ast_node/expression/typed_expression.rs,Marcos Henrich,João Matos,2023-09-13 14:32:50+04:00,2023-09-13 12:11:43+00:00
sway-core/src/semantic_analysis/ast_node/expression/typed_expression.rs,Marcos Henrich,João Matos,2023-09-19 19:14:41+01:00,2023-09-20 12:19:33+00:00
sway-core/src/semantic_analysis/ast_node/expression/typed_expression.rs,Daniel Frederico Lins Leite,João Matos,2023-10-31 14:54:00+00:00,2023-10-31 17:15:27+00:00
sway-core/src/semantic_analysis/ast_node/expression/typed_expression.rs,Igor Rončević,Kaya Gökalp,2024-01-05 09:08:36+11:00,2024-01-04 19:53:15-03:00
sway-core/src/semantic_analysis/ast_node/expression/typed_expression.rs,Igor Rončević,Marcos Henrich,2024-02-05 09:39:22+11:00,2024-02-05 14:05:48+00:00
sway-core/src/semantic_analysis/ast_node/expression/typed_expression.rs,Marcos Henrich,Igor Rončević,2024-02-05 14:05:48+00:00,2024-02-05 23:49:31+00:00
sway-core/src/semantic_analysis/ast_node/expression/typed_expression.rs,Marcos Henrich,jjcnn,2024-02-08 10:57:37+00:00,2024-02-08 12:32:35+01:00
sway-core/src/semantic_analysis/ast_node/expression/typed_expression.rs,jjcnn,Marcos Henrich,2024-02-08 12:32:35+01:00,2024-02-08 18:26:24+00:00
sway-core/src/semantic_analysis/ast_node/expression/typed_expression.rs,Marcos Henrich,IGI-111,2024-02-08 18:26:24+00:00,2024-02-09 11:17:59+00:00
sway-core/src/semantic_analysis/ast_node/expression/typed_expression.rs,João Matos,Igor Rončević,2024-02-23 09:26:06+00:00,2024-02-23 15:20:46+00:00
sway-core/src/semantic_analysis/ast_node/expression/typed_expression.rs,João Matos,Daniel Frederico Lins Leite,2024-08-06 08:18:57-07:00,2024-08-07 02:00:09-07:00
sway-core/src/semantic_analysis/ast_node/expression/typed_expression.rs,Daniel Frederico Lins Leite,Igor Rončević,2024-08-07 02:00:09-07:00,2024-08-08 08:30:15+00:00
sway-core/src/semantic_analysis/ast_node/expression/typed_expression.rs,Daniel Frederico Lins Leite,Marcos Henrich,2024-10-23 10:32:57+11:00,2024-10-23 12:58:47+02:00
sway-core/src/semantic_analysis/ast_node/expression/typed_expression.rs,Daniel Frederico Lins Leite,Kaya Gökalp,2024-10-28 11:34:03+01:00,2024-10-28 15:41:25+01:00
sway-core/src/semantic_analysis/ast_node/expression/typed_expression.rs,Kaya Gökalp,João Matos,2024-10-28 15:41:25+01:00,2024-10-29 09:21:26+11:00
sway-core/src/semantic_analysis/ast_node/expression/typed_expression.rs,Daniel Frederico Lins Leite,Igor Rončević,2025-02-11 11:04:24+00:00,2025-02-11 10:02:45-03:00
sway-core/src/semantic_analysis/ast_node/expression/typed_expression.rs,João Matos,SwayStar123,2025-03-12 22:21:32+00:00,2025-03-12 23:52:38+01:00
sway-core/src/semantic_analysis/ast_node/expression/typed_expression/constant_declaration.rs,Emily Herbert,João Matos,2023-03-15 12:56:18+11:00,2023-03-15 09:24:13-04:00
sway-core/src/semantic_analysis/ast_node/expression/typed_expression/enum_instantiation.rs,Mazdak Farrokhzad,Emily Herbert,2022-10-10 12:10:54+02:00,2022-10-11 14:52:23+11:00
sway-core/src/semantic_analysis/ast_node/expression/typed_expression/function_application.rs,mitchmindtree,Mohammad Fawaz,2022-06-01 11:24:39+10:00,2022-06-01 07:34:30-04:00
sway-core/src/semantic_analysis/ast_node/expression/typed_expression/function_application.rs,Mazdak Farrokhzad,Emily Herbert,2022-10-10 12:10:54+02:00,2022-10-11 14:52:23+11:00
sway-core/src/semantic_analysis/ast_node/expression/typed_expression/function_application.rs,Emily Herbert,João Matos,2022-10-16 17:19:13+00:00,2022-10-17 14:19:28+00:00
sway-core/src/semantic_analysis/ast_node/expression/typed_expression/function_application.rs,Mazdak Farrokhzad,Anton Trunov,2022-11-22 18:06:39+00:00,2022-11-23 16:47:23+00:00
sway-core/src/semantic_analysis/ast_node/expression/typed_expression/function_application.rs,Emily Herbert,IGI-111,2023-01-24 10:42:45+11:00,2023-01-24 12:54:05+11:00
sway-core/src/semantic_analysis/ast_node/expression/typed_expression/if_expression.rs,Mazdak Farrokhzad,Emily Herbert,2022-10-10 12:10:54+02:00,2022-10-11 14:52:23+11:00
sway-core/src/semantic_analysis/ast_node/expression/typed_expression/method_application.rs,Emily Herbert,Toby Hutton,2022-05-18 14:28:15-05:00,2022-05-19 15:27:55+10:00
sway-core/src/semantic_analysis/ast_node/expression/typed_expression/method_application.rs,mitchmindtree,Mohammad Fawaz,2022-06-01 11:24:39+10:00,2022-06-01 07:34:30-04:00
sway-core/src/semantic_analysis/ast_node/expression/typed_expression/method_application.rs,João Matos,Emily Herbert,2022-07-05 19:46:41+00:00,2022-07-06 00:29:33+00:00
sway-core/src/semantic_analysis/ast_node/expression/typed_expression/method_application.rs,Joshua Batty,Toby Hutton,2022-07-27 11:24:19+05:30,2022-07-27 20:22:54+00:00
sway-core/src/semantic_analysis/ast_node/expression/typed_expression/method_application.rs,João Matos,Kaya Gökalp,2022-08-13 05:22:46+00:00,2022-08-13 09:44:18+00:00
sway-core/src/semantic_analysis/ast_node/expression/typed_expression/method_application.rs,Mazdak Farrokhzad,Emily Herbert,2022-10-10 12:10:54+02:00,2022-10-11 14:52:23+11:00
sway-core/src/semantic_analysis/ast_node/expression/typed_expression/method_application.rs,Emily Herbert,Mazdak Farrokhzad,2022-10-11 14:52:23+11:00,2022-10-11 22:30:23+02:00
sway-core/src/semantic_analysis/ast_node/expression/typed_expression/method_application.rs,Mazdak Farrokhzad,Emily Herbert,2022-10-11 22:30:23+02:00,2022-10-12 03:45:43+00:00
sway-core/src/semantic_analysis/ast_node/expression/typed_expression/method_application.rs,Mazdak Farrokhzad,Anton Trunov,2022-11-22 18:06:39+00:00,2022-11-23 16:47:23+00:00
sway-core/src/semantic_analysis/ast_node/expression/typed_expression/method_application.rs,Anton Trunov,Emily Herbert,2023-01-23 18:30:37+00:00,2023-01-24 10:42:45+11:00
sway-core/src/semantic_analysis/ast_node/expression/typed_expression/method_application.rs,Emily Herbert,IGI-111,2023-01-24 10:42:45+11:00,2023-01-24 12:54:05+11:00
sway-core/src/semantic_analysis/ast_node/expression/typed_expression/method_application.rs,IGI-111,Marcos Henrich,2023-02-12 16:26:44+00:00,2023-02-12 17:05:57+00:00
sway-core/src/semantic_analysis/ast_node/expression/typed_expression/method_application.rs,IGI-111,Marcos Henrich,2023-06-05 14:03:59+01:00,2023-06-06 12:43:00+00:00
sway-core/src/semantic_analysis/ast_node/expression/typed_expression/method_application.rs,Marcos Henrich,João Matos,2023-09-19 19:14:41+01:00,2023-09-20 12:19:33+00:00
sway-core/src/semantic_analysis/ast_node/expression/typed_expression/method_application.rs,jjcnn,IGI-111,2024-02-08 12:32:35+01:00,2024-02-09 11:17:59+00:00
sway-core/src/semantic_analysis/ast_node/expression/typed_expression/method_application.rs,João Matos,Marcos Henrich,2024-07-01 17:03:50+04:00,2024-07-01 15:38:53+00:00
sway-core/src/semantic_analysis/ast_node/expression/typed_expression/method_application.rs,Marcos Henrich,João Matos,2024-10-24 14:57:20+11:00,2024-10-24 13:13:59+01:00
sway-core/src/semantic_analysis/ast_node/expression/typed_expression/struct_instantiation.rs,Vaivaswatha N,Emily Herbert,2023-01-11 21:31:07+05:30,2023-01-11 15:02:22-05:00
sway-core/src/semantic_analysis/ast_node/expression/typed_expression/struct_instantiation.rs,Marcos Henrich,IGI-111,2023-02-12 17:05:57+00:00,2023-02-13 11:34:17+01:00
sway-core/src/semantic_analysis/ast_node/expression/typed_expression/struct_instantiation.rs,Igor Rončević,jjcnn,2024-02-08 07:58:14+00:00,2024-02-08 12:32:35+01:00
sway-core/src/semantic_analysis/ast_node/expression/typed_expression/struct_instantiation.rs,João Matos,Igor Rončević,2024-02-23 09:26:06+00:00,2024-02-23 15:20:46+00:00
sway-core/src/semantic_analysis/ast_node/expression/typed_expression/struct_instantiation.rs,Marcos Henrich,João Matos,2024-04-03 01:45:45+00:00,2024-04-04 09:08:46+11:00
sway-core/src/semantic_analysis/ast_node/expression/typed_expression/unsafe_downcast.rs,Emily Herbert,Mazdak Farrokhzad,2022-10-11 14:52:23+11:00,2022-10-11 22:30:23+02:00
sway-core/src/semantic_analysis/ast_node/expression/typed_expression_variant.rs,Alex Hansen,Emily Herbert,2022-05-22 22:54:03-04:00,2022-05-23 14:37:34-05:00
sway-core/src/semantic_analysis/ast_node/expression/typed_expression_variant.rs,Mohammad Fawaz,Emily Herbert,2022-05-25 10:55:58-04:00,2022-05-25 16:39:56-05:00
sway-core/src/semantic_analysis/ast_node/expression/typed_expression_variant.rs,Joshua Batty,Toby Hutton,2022-07-27 12:26:15+10:00,2022-07-27 20:22:54+00:00
sway-core/src/semantic_analysis/ast_node/expression/typed_expression_variant.rs,João Matos,Kaya Gökalp,2022-08-13 00:38:19+00:00,2022-08-13 20:22:46+01:00
sway-core/src/semantic_analysis/ast_node/impl_trait.rs,mitchmindtree,Toby Hutton,2022-05-18 18:33:47+10:00,2022-05-19 15:27:55+10:00
sway-core/src/semantic_analysis/ast_node/impl_trait.rs,Emily Herbert,Vaivaswatha N,2022-06-06 21:27:31-05:00,2022-06-07 21:20:24+05:30
sway-core/src/semantic_analysis/ast_node/mod.rs,Andrew Cann,Emily Herbert,2022-01-05 05:51:19-08:00,2022-01-05 16:59:52-06:00
sway-core/src/semantic_analysis/ast_node/mod.rs,Mohammad Fawaz,Toby Hutton,2022-02-02 13:36:20-08:00,2022-02-03 14:11:39+11:00
sway-core/src/semantic_analysis/ast_node/mod.rs,Toby Hutton,Mohammad Fawaz,2022-02-03 14:11:39+11:00,2022-02-03 15:20:49-05:00
sway-core/src/semantic_analysis/ast_node/mod.rs,Emily Herbert,Mohammad Fawaz,2022-02-24 10:51:54+11:00,2022-02-24 18:02:05-05:00
sway-core/src/semantic_analysis/ast_node/mod.rs,Mohammad Fawaz,Emily Herbert,2022-02-24 18:02:05-05:00,2022-02-25 16:31:55-06:00
sway-core/src/semantic_analysis/ast_node/mod.rs,Alex Hansen,Emily Herbert,2022-03-30 05:46:47+04:00,2022-03-30 12:07:46+04:00
sway-core/src/semantic_analysis/ast_node/mod.rs,Emily Herbert,Toby Hutton,2022-05-18 14:28:15-05:00,2022-05-19 15:27:55+10:00
sway-core/src/semantic_analysis/ast_node/mod.rs,Toby Hutton,Andrew Cann,2022-05-19 15:27:55+10:00,2022-05-19 18:49:48+08:00
sway-core/src/semantic_analysis/ast_node/mod.rs,Andrew Cann,Emily Herbert,2022-05-19 18:49:48+08:00,2022-05-19 16:09:54-05:00
sway-core/src/semantic_analysis/ast_node/mod.rs,Emily Herbert,Mohammad Fawaz,2022-05-19 16:09:54-05:00,2022-05-20 12:59:34-04:00
sway-core/src/semantic_analysis/ast_node/mod.rs,Alex Hansen,Emily Herbert,2022-05-22 22:54:03-04:00,2022-05-23 14:37:34-05:00
sway-core/src/semantic_analysis/ast_node/mod.rs,Joshua Batty,mitchmindtree,2022-05-31 12:58:11+10:00,2022-06-01 11:24:39+10:00
sway-core/src/semantic_analysis/ast_node/mod.rs,Andrew Cann,Emily Herbert,2022-06-06 11:35:32+08:00,2022-06-06 17:37:25-05:00
sway-core/src/semantic_analysis/ast_node/mod.rs,Vaivaswatha N,Emily Herbert,2022-06-13 14:59:07+10:00,2022-06-13 12:30:56-05:00
sway-core/src/semantic_analysis/ast_node/mod.rs,Emily Herbert,Toby Hutton,2022-06-14 14:58:27+00:00,2022-06-15 05:51:48+00:00
sway-core/src/semantic_analysis/ast_node/mod.rs,Toby Hutton,Emily Herbert,2022-06-15 05:51:48+00:00,2022-06-15 22:18:48+00:00
sway-core/src/semantic_analysis/ast_node/mod.rs,Emily Herbert,Mohammad Fawaz,2022-06-15 22:18:48+00:00,2022-06-16 02:47:16+00:00
sway-core/src/semantic_analysis/ast_node/mod.rs,Emily Herbert,mitchmindtree,2022-06-21 17:48:53+00:00,2022-06-22 00:26:07+00:00
sway-core/src/semantic_analysis/ast_node/mod.rs,Mohammad Fawaz,João Matos,2022-06-27 02:18:34+00:00,2022-06-27 13:18:57-04:00
sway-core/src/semantic_analysis/ast_node/mod.rs,Emily Herbert,Vaivaswatha N,2022-06-29 00:40:10+00:00,2022-06-29 14:28:37+00:00
sway-core/src/semantic_analysis/ast_node/mod.rs,Vaivaswatha N,Alex Hansen,2022-06-30 07:29:36-04:00,2022-06-30 22:32:19+01:00
sway-core/src/semantic_analysis/ast_node/mod.rs,Alex Hansen,Mohammad Fawaz,2022-06-30 22:32:19+01:00,2022-07-01 12:07:18+00:00
sway-core/src/semantic_analysis/ast_node/mod.rs,Mohammad Fawaz,Emily Herbert,2022-07-04 20:30:29-04:00,2022-07-06 00:29:33+00:00
sway-core/src/semantic_analysis/ast_node/mod.rs,João Matos,Joshua Batty,2022-08-29 22:26:13+00:00,2022-08-29 21:14:41-04:00
sway-core/src/semantic_analysis/ast_node/mod.rs,Emily Herbert,João Matos,2022-09-08 14:58:04-04:00,2022-09-09 12:04:10+10:00
sway-core/src/semantic_analysis/ast_node/mod.rs,João Matos,Emily Herbert,2022-09-09 12:04:10+10:00,2022-09-09 02:28:13+00:00
sway-core/src/semantic_analysis/ast_node/mod.rs,Emily Herbert,João Matos,2022-09-09 16:28:45+01:00,2022-09-09 15:03:11-04:00
sway-core/src/semantic_analysis/ast_node/mod.rs,Mazdak Farrokhzad,mitchmindtree,2022-10-10 12:10:54+02:00,2022-10-10 10:39:14-05:00
sway-core/src/semantic_analysis/ast_node/mod.rs,mitchmindtree,Emily Herbert,2022-10-10 10:39:14-05:00,2022-10-11 14:52:23+11:00
sway-core/src/semantic_analysis/ast_node/mod.rs,Emily Herbert,Mazdak Farrokhzad,2022-10-11 14:52:23+11:00,2022-10-11 22:30:23+02:00
sway-core/src/semantic_analysis/ast_node/mod.rs,Mazdak Farrokhzad,Emily Herbert,2022-10-11 22:30:23+02:00,2022-10-12 01:19:29+00:00
sway-core/src/semantic_analysis/ast_node/mod.rs,Emily Herbert,Chris O'Brien,2022-10-13 15:28:53+00:00,2022-10-13 20:36:17-05:00
sway-core/src/semantic_analysis/ast_node/mod.rs,Chris O'Brien,João Matos,2022-10-13 20:36:17-05:00,2022-10-14 11:12:19+00:00
sway-core/src/semantic_analysis/ast_node/mod.rs,João Matos,Emily Herbert,2022-10-14 11:12:19+00:00,2022-10-15 08:39:12+05:30
sway-core/src/semantic_analysis/cei_pattern_analysis.rs,Joshua Batty,Emily Herbert,2023-03-09 11:19:51-05:00,2023-03-10 07:37:46+11:00
sway-core/src/semantic_analysis/cei_pattern_analysis.rs,Emily Herbert,Vaivaswatha N,2023-03-10 07:37:46+11:00,2023-03-10 16:12:54+00:00
sway-core/src/semantic_analysis/cei_pattern_analysis.rs,Vaivaswatha N,Emily Herbert,2023-03-10 16:12:54+00:00,2023-03-10 19:09:44+00:00
sway-core/src/semantic_analysis/cei_pattern_analysis.rs,Emily Herbert,João Matos,2023-03-14 15:46:00-05:00,2023-03-15 09:24:13-04:00
sway-core/src/semantic_analysis/coins_analysis.rs,Joshua Batty,Emily Herbert,2023-03-09 11:19:51-05:00,2023-03-10 07:37:46+11:00
sway-core/src/semantic_analysis/module.rs,Daniel Frederico Lins Leite,toofooboo,2024-04-25 20:37:50+04:00,2024-04-25 22:57:30+00:00
sway-core/src/semantic_analysis/namespace.rs,Andrew Cann,Emily Herbert,2022-01-05 05:51:19-08:00,2022-01-05 16:59:52-06:00
sway-core/src/semantic_analysis/namespace.rs,Emily Herbert,Chris O'Brien,2022-01-06 09:55:18-08:00,2022-01-06 13:22:03-06:00
sway-core/src/semantic_analysis/namespace.rs,Chris O'Brien,Alex Hansen,2022-01-06 13:22:03-06:00,2022-01-06 13:37:51-08:00
sway-core/src/semantic_analysis/namespace/items.rs,Andrew Cann,Emily Herbert,2022-06-06 11:35:32+08:00,2022-06-06 20:03:00-05:00
sway-core/src/semantic_analysis/namespace/items.rs,Emily Herbert,João Matos,2022-09-09 16:28:45+01:00,2022-09-09 15:03:11-04:00
sway-core/src/semantic_analysis/namespace/items.rs,Mazdak Farrokhzad,Emily Herbert,2022-10-11 22:30:23+02:00,2022-10-12 10:02:25+11:00
sway-core/src/semantic_analysis/namespace/items.rs,IGI-111,Emily Herbert,2023-02-13 11:34:17+01:00,2023-02-14 14:24:47+11:00
sway-core/src/semantic_analysis/namespace/items.rs,IGI-111,Emily Herbert,2023-03-10 18:46:33+00:00,2023-03-10 19:09:44+00:00
sway-core/src/semantic_analysis/namespace/items.rs,João Matos,Mohammad Fawaz,2023-03-15 09:24:13-04:00,2023-03-16 00:58:30+00:00
sway-core/src/semantic_analysis/namespace/items.rs,Joshua Batty,Igor Rončević,2023-07-18 19:39:16+04:00,2023-07-19 12:10:57+02:00
sway-core/src/semantic_analysis/namespace/lexical_scope.rs,João Matos,Marcos Henrich,2024-06-18 09:45:32+10:00,2024-06-18 16:03:39+04:00
sway-core/src/semantic_analysis/namespace/module.rs,Mohammad Fawaz,Emily Herbert,2022-08-31 06:50:29-04:00,2022-09-01 01:25:21+00:00
sway-core/src/semantic_analysis/namespace/module.rs,Mazdak Farrokhzad,mitchmindtree,2022-10-10 12:10:54+02:00,2022-10-10 10:39:14-05:00
sway-core/src/semantic_analysis/namespace/module.rs,IGI-111,Marcos Henrich,2023-01-16 18:38:28+01:00,2023-01-17 16:25:38+00:00
sway-core/src/semantic_analysis/namespace/module.rs,IGI-111,Emily Herbert,2023-03-09 19:14:52+11:00,2023-03-09 21:53:15+00:00
sway-core/src/semantic_analysis/namespace/module.rs,Emily Herbert,Mohammad Fawaz,2023-03-09 21:53:15+00:00,2023-03-09 18:38:54-05:00
sway-core/src/semantic_analysis/namespace/module.rs,Marcos Henrich,IGI-111,2023-06-23 12:01:57+01:00,2023-06-23 11:22:15+00:00
sway-core/src/semantic_analysis/namespace/module.rs,João Matos,Igor Rončević,2024-01-29 15:07:14+00:00,2024-01-30 17:15:24+04:00
sway-core/src/semantic_analysis/namespace/module.rs,Igor Rončević,Marcos Henrich,2024-01-30 17:15:24+04:00,2024-01-30 21:41:34+00:00
sway-core/src/semantic_analysis/namespace/module.rs,Marcos Henrich,Igor Rončević,2024-01-30 21:41:34+00:00,2024-01-31 15:24:45+00:00
sway-core/src/semantic_analysis/namespace/module.rs,Sophie Dankel,Joshua Batty,2024-05-09 10:21:32+10:00,2024-05-09 23:43:55+01:00
sway-core/src/semantic_analysis/namespace/namespace.rs,Marcos Henrich,IGI-111,2023-02-03 11:24:28+00:00,2023-02-03 20:20:01+01:00
sway-core/src/semantic_analysis/namespace/namespace.rs,Marcos Henrich,IGI-111,2023-03-08 17:50:54+00:00,2023-03-09 19:14:52+11:00
sway-core/src/semantic_analysis/namespace/namespace.rs,IGI-111,Mohammad Fawaz,2023-03-09 19:14:52+11:00,2023-03-09 18:38:54-05:00
sway-core/src/semantic_analysis/namespace/namespace.rs,Mohammad Fawaz,Emily Herbert,2023-03-09 18:38:54-05:00,2023-03-10 19:09:44+00:00
sway-core/src/semantic_analysis/namespace/namespace.rs,Marcos Henrich,IGI-111,2023-05-31 13:01:47+00:00,2023-05-31 15:33:24+00:00
sway-core/src/semantic_analysis/namespace/namespace.rs,Marcos Henrich,IGI-111,2023-06-23 12:01:57+01:00,2023-06-23 11:22:15+00:00
sway-core/src/semantic_analysis/namespace/namespace.rs,Marcos Henrich,IGI-111,2023-07-20 13:11:32+00:00,2023-07-21 04:37:13+02:00
sway-core/src/semantic_analysis/namespace/root.rs,Alex Hansen,Emily Herbert,2022-05-22 22:54:03-04:00,2022-05-23 14:37:34-05:00
sway-core/src/semantic_analysis/namespace/root.rs,Emily Herbert,João Matos,2022-09-09 16:28:45+01:00,2022-09-09 15:03:11-04:00
sway-core/src/semantic_analysis/namespace/root.rs,Mazdak Farrokhzad,Emily Herbert,2022-10-10 12:10:54+02:00,2022-10-11 14:52:23+11:00
sway-core/src/semantic_analysis/namespace/root.rs,jjcnn,João Matos,2024-10-24 10:03:32+02:00,2024-10-24 13:13:59+01:00
sway-core/src/semantic_analysis/namespace/trait_map.rs,JC,Emily Herbert,2022-11-07 22:47:53+11:00,2022-11-08 10:44:01+00:00
sway-core/src/semantic_analysis/namespace/trait_map.rs,Mazdak Farrokhzad,Marcos Henrich,2022-11-22 18:06:39+00:00,2022-11-22 21:15:09+00:00
sway-core/src/semantic_analysis/namespace/trait_map.rs,Marcos Henrich,IGI-111,2023-02-12 17:05:57+00:00,2023-02-13 11:34:17+01:00
sway-core/src/semantic_analysis/namespace/trait_map.rs,IGI-111,Emily Herbert,2023-02-13 11:34:17+01:00,2023-02-14 14:24:47+11:00
sway-core/src/semantic_analysis/namespace/trait_map.rs,Emily Herbert,Anton Trunov,2023-02-15 21:31:56+00:00,2023-02-16 10:38:14-05:00
sway-core/src/semantic_analysis/namespace/trait_map.rs,IGI-111,Emily Herbert,2023-03-09 19:14:52+11:00,2023-03-09 21:34:59+00:00
sway-core/src/semantic_analysis/namespace/trait_map.rs,João Matos,Mohammad Fawaz,2023-03-15 09:24:13-04:00,2023-03-16 00:58:30+00:00
sway-core/src/semantic_analysis/namespace/trait_map.rs,João Matos,IGI-111,2023-07-31 15:30:52+00:00,2023-08-01 16:12:53+01:00
sway-core/src/semantic_analysis/namespace/trait_map.rs,Marcos Henrich,João Matos,2024-04-03 01:45:45+00:00,2024-04-04 09:08:46+11:00
sway-core/src/semantic_analysis/namespace/trait_map.rs,João Matos,Marcos Henrich,2024-10-25 09:59:59+11:00,2024-10-26 09:15:55+11:00
sway-core/src/semantic_analysis/namespace/trait_map.rs,jjcnn,Daniel Frederico Lins Leite,2025-03-06 08:29:25+00:00,2025-03-07 11:32:41+11:00
sway-core/src/semantic_analysis/node_dependencies.rs,Alex Hansen,Mohammad Fawaz,2022-05-19 21:54:42-04:00,2022-05-20 12:59:34-04:00
sway-core/src/semantic_analysis/node_dependencies.rs,Alex Hansen,Emily Herbert,2022-05-22 22:54:03-04:00,2022-05-23 14:37:34-05:00
sway-core/src/semantic_analysis/node_dependencies.rs,Mohammad Fawaz,Emily Herbert,2022-07-04 20:30:29-04:00,2022-07-06 00:29:33+00:00
sway-core/src/semantic_analysis/node_dependencies.rs,Emily Herbert,Anton Trunov,2022-10-07 13:49:40+11:00,2022-10-08 00:27:52+00:00
sway-core/src/semantic_analysis/node_dependencies.rs,JC,Emily Herbert,2022-10-25 12:34:11+11:00,2022-10-26 10:31:46+11:00
sway-core/src/semantic_analysis/node_dependencies.rs,JC,Emily Herbert,2022-11-07 22:47:53+11:00,2022-11-08 10:44:01+00:00
sway-core/src/semantic_analysis/node_dependencies.rs,IGI-111,Marcos Henrich,2023-02-12 16:26:44+00:00,2023-02-12 17:05:57+00:00
sway-core/src/semantic_analysis/node_dependencies.rs,Marcos Henrich,IGI-111,2023-02-12 17:05:57+00:00,2023-02-13 11:34:17+01:00
sway-core/src/semantic_analysis/node_dependencies.rs,IGI-111,Anton Trunov,2023-02-16 10:17:46+00:00,2023-02-16 10:38:14-05:00
sway-core/src/semantic_analysis/node_dependencies.rs,IGI-111,Emily Herbert,2023-03-09 19:14:52+11:00,2023-03-09 20:53:55+00:00
sway-core/src/semantic_analysis/node_dependencies.rs,João Matos,Mohammad Fawaz,2023-03-15 09:24:13-04:00,2023-03-16 00:58:30+00:00
sway-core/src/semantic_analysis/node_dependencies.rs,João Matos,Igor Rončević,2024-03-11 08:00:56+00:00,2024-03-11 12:39:44+00:00
sway-core/src/semantic_analysis/node_dependencies.rs,João Matos,Daniel Frederico Lins Leite,2024-08-06 08:18:57-07:00,2024-08-07 02:00:09-07:00
sway-core/src/semantic_analysis/node_dependencies.rs,João Matos,Joshua Batty,2024-08-15 15:31:39+10:00,2024-08-15 22:05:57+00:00
sway-core/src/semantic_analysis/program.rs,Mohammad Fawaz,Emily Herbert,2022-06-06 16:47:10-04:00,2022-06-06 21:27:31-05:00
sway-core/src/semantic_analysis/program.rs,Emily Herbert,Vaivaswatha N,2022-06-06 21:27:31-05:00,2022-06-07 21:20:24+05:30
sway-core/src/semantic_analysis/program.rs,Vaivaswatha N,Emily Herbert,2022-06-07 21:20:24+05:30,2022-06-07 20:51:58-05:00
sway-core/src/semantic_analysis/program.rs,Emily Herbert,Toby Hutton,2022-06-10 19:43:23-05:00,2022-06-11 16:06:01+10:00
sway-core/src/semantic_analysis/program.rs,Mohammad Fawaz,Emily Herbert,2022-09-01 11:03:10+10:00,2022-09-01 01:25:21+00:00
sway-core/src/semantic_analysis/program.rs,Emily Herbert,João Matos,2022-10-13 15:28:53+00:00,2022-10-14 11:12:19+00:00
sway-core/src/semantic_analysis/program.rs,Emily Herbert,mitchmindtree,2022-10-26 04:09:20+00:00,2022-10-26 19:00:01+11:00
sway-core/src/semantic_analysis/storage_only_types.rs,Emily Herbert,João Matos,2022-09-09 16:28:45+01:00,2022-09-09 15:03:11-04:00
sway-core/src/semantic_analysis/storage_only_types.rs,Emily Herbert,Mazdak Farrokhzad,2022-10-11 14:52:23+11:00,2022-10-11 22:30:23+02:00
sway-core/src/semantic_analysis/storage_only_types.rs,Mazdak Farrokhzad,Emily Herbert,2022-10-11 22:30:23+02:00,2022-10-12 01:19:29+00:00
sway-core/src/semantic_analysis/storage_only_types.rs,Emily Herbert,João Matos,2022-10-13 15:28:53+00:00,2022-10-14 11:12:19+00:00
sway-core/src/semantic_analysis/storage_only_types.rs,IGI-111,Emily Herbert,2023-02-13 11:34:17+01:00,2023-02-14 14:24:47+11:00
sway-core/src/semantic_analysis/storage_only_types.rs,Joshua Batty,Emily Herbert,2023-03-09 11:19:51-05:00,2023-03-10 07:37:46+11:00
sway-core/src/semantic_analysis/storage_only_types.rs,Emily Herbert,Mohammad Fawaz,2023-03-10 07:37:46+11:00,2023-03-09 18:38:54-05:00
sway-core/src/semantic_analysis/storage_only_types.rs,Mohammad Fawaz,Emily Herbert,2023-03-09 18:38:54-05:00,2023-03-10 12:59:16-05:00
sway-core/src/semantic_analysis/storage_only_types.rs,João Matos,Mohammad Fawaz,2023-03-15 09:24:13-04:00,2023-03-16 00:58:30+00:00
sway-core/src/semantic_analysis/storage_only_types.rs,Toby Hutton,IGI-111,2023-04-02 21:30:34+00:00,2023-04-03 13:15:29+10:00
sway-core/src/semantic_analysis/storage_only_types.rs,João Matos,Emily Herbert,2023-04-05 13:20:17+00:00,2023-04-06 08:00:05+10:00
sway-core/src/semantic_analysis/syntax_tree.rs,Joshua Batty,mitchmindtree,2022-05-31 12:58:11+10:00,2022-06-01 11:24:39+10:00
sway-core/src/semantic_analysis/type_check_context.rs,mitchmindtree,Emily Herbert,2022-06-22 00:26:07+00:00,2022-06-23 08:45:01+10:00
sway-core/src/semantic_analysis/type_check_context.rs,Marcos Henrich,João Matos,2023-09-19 19:14:41+01:00,2023-09-20 12:19:33+00:00
sway-core/src/semantic_analysis/type_check_context.rs,Igor Rončević,Kaya Gökalp,2024-01-05 09:08:36+11:00,2024-01-04 19:53:15-03:00
sway-core/src/semantic_analysis/type_check_context.rs,Igor Rončević,Marcos Henrich,2024-01-30 17:15:24+04:00,2024-01-30 21:41:34+00:00
sway-core/src/semantic_analysis/type_check_context.rs,Marcos Henrich,jjcnn,2024-02-08 10:57:37+00:00,2024-02-08 12:32:35+01:00
sway-core/src/semantic_analysis/type_check_context.rs,Daniel Frederico Lins Leite,Kaya Gökalp,2024-10-28 11:34:03+01:00,2024-10-28 15:41:25+01:00
sway-core/src/semantic_analysis/type_check_context.rs,Kaya Gökalp,João Matos,2024-10-28 15:41:25+01:00,2024-10-29 09:21:26+11:00
sway-core/src/semantic_analysis/type_check_context.rs,Igor Rončević,Marcos Henrich,2025-02-11 10:02:45-03:00,2025-02-11 16:01:23+00:00
sway-core/src/semantic_analysis/type_check_context.rs,João Matos,SwayStar123,2025-03-12 22:21:32+00:00,2025-03-12 23:52:38+01:00
sway-core/src/sway.pest,Emily Herbert,Mohammad Fawaz,2022-02-02 13:42:58-08:00,2022-02-03 15:20:49-05:00
sway-core/src/transform/attribute.rs,Sophie Dankel,João Matos,2023-01-26 23:13:42-08:00,2023-01-27 18:40:27+00:00
sway-core/src/transform/to_parsed_lang/convert_parse_tree.rs,Chris O'Brien,rostyslavtyshko,2022-10-21 04:11:01+00:00,2022-10-21 18:44:49+00:00
sway-core/src/transform/to_parsed_lang/convert_parse_tree.rs,JC,Emily Herbert,2022-10-25 12:34:11+11:00,2022-10-26 10:31:46+11:00
sway-core/src/transform/to_parsed_lang/convert_parse_tree.rs,Emily Herbert,bing,2022-10-26 10:31:46+11:00,2022-10-26 00:43:38+00:00
sway-core/src/transform/to_parsed_lang/convert_parse_tree.rs,Marcos Henrich,Mazdak Farrokhzad,2022-10-31 10:22:59-04:00,2022-10-31 19:45:38+00:00
sway-core/src/transform/to_parsed_lang/convert_parse_tree.rs,Chris O'Brien,Joshua Batty,2023-01-10 12:47:03+11:00,2023-01-10 01:15:44-06:00
sway-core/src/transform/to_parsed_lang/convert_parse_tree.rs,Joshua Batty,Emily Herbert,2023-01-11 11:36:10-06:00,2023-01-11 15:02:22-05:00
sway-core/src/transform/to_parsed_lang/convert_parse_tree.rs,Sophie Dankel,IGI-111,2023-01-26 23:13:42-08:00,2023-01-27 20:10:30+00:00
sway-core/src/transform/to_parsed_lang/convert_parse_tree.rs,IGI-111,João Matos,2023-01-30 07:25:15+01:00,2023-01-31 07:02:53+11:00
sway-core/src/transform/to_parsed_lang/convert_parse_tree.rs,IGI-111,Marcos Henrich,2023-02-12 16:26:44+00:00,2023-02-12 17:05:57+00:00
sway-core/src/transform/to_parsed_lang/convert_parse_tree.rs,Marcos Henrich,IGI-111,2023-02-12 17:05:57+00:00,2023-02-13 11:34:17+01:00
sway-core/src/transform/to_parsed_lang/convert_parse_tree.rs,IGI-111,Emily Herbert,2023-02-13 11:34:17+01:00,2023-02-14 14:24:47+11:00
sway-core/src/transform/to_parsed_lang/convert_parse_tree.rs,Emily Herbert,IGI-111,2023-02-14 14:24:47+11:00,2023-02-14 10:41:45-05:00
sway-core/src/transform/to_parsed_lang/convert_parse_tree.rs,IGI-111,Anton Trunov,2023-02-16 10:17:46+00:00,2023-02-16 10:38:14-05:00
sway-core/src/transform/to_parsed_lang/convert_parse_tree.rs,IGI-111,João Matos,2023-02-22 09:33:32+00:00,2023-02-22 09:50:47+00:00
sway-core/src/transform/to_parsed_lang/convert_parse_tree.rs,JC,IGI-111,2023-03-10 18:30:17+00:00,2023-03-10 18:46:33+00:00
sway-core/src/transform/to_parsed_lang/convert_parse_tree.rs,JC,IGI-111,2023-03-13 18:04:59+00:00,2023-03-14 17:18:36+01:00
sway-core/src/transform/to_parsed_lang/convert_parse_tree.rs,IGI-111,João Matos,2023-03-14 17:18:36+01:00,2023-03-15 09:24:13-04:00
sway-core/src/transform/to_parsed_lang/convert_parse_tree.rs,João Matos,Mohammad Fawaz,2023-03-15 09:24:13-04:00,2023-03-16 00:58:30+00:00
sway-core/src/transform/to_parsed_lang/convert_parse_tree.rs,IGI-111,JC,2023-04-03 13:15:29+10:00,2023-04-03 15:44:11+00:00
sway-core/src/transform/to_parsed_lang/convert_parse_tree.rs,IGI-111,JC,2023-04-28 09:58:54+00:00,2023-04-28 16:33:05+01:00
sway-core/src/transform/to_parsed_lang/convert_parse_tree.rs,Daniel Frederico Lins Leite,João Matos,2023-07-31 15:22:01+01:00,2023-07-31 15:30:52+00:00
sway-core/src/transform/to_parsed_lang/convert_parse_tree.rs,João Matos,IGI-111,2023-07-31 15:30:52+00:00,2023-08-01 16:12:53+01:00
sway-core/src/transform/to_parsed_lang/convert_parse_tree.rs,João Matos,Daniel Frederico Lins Leite,2023-08-07 23:40:09+01:00,2023-08-08 12:42:49+01:00
sway-core/src/transform/to_parsed_lang/convert_parse_tree.rs,Daniel Frederico Lins Leite,Anton Trunov,2023-10-03 13:11:52+02:00,2023-10-03 15:59:19+04:00
sway-core/src/transform/to_parsed_lang/convert_parse_tree.rs,João Matos,Igor Rončević,2024-01-29 15:07:14+00:00,2024-01-30 17:15:24+04:00
sway-core/src/transform/to_parsed_lang/convert_parse_tree.rs,Marcos Henrich,IGI-111,2024-02-08 18:26:24+00:00,2024-02-09 11:17:59+00:00
sway-core/src/transform/to_parsed_lang/convert_parse_tree.rs,IGI-111,Marcos Henrich,2024-02-09 11:17:59+00:00,2024-02-09 14:08:05+01:00
sway-core/src/transform/to_parsed_lang/convert_parse_tree.rs,IGI-111,Marcos Henrich,2024-02-19 13:03:16+11:00,2024-02-20 05:44:38+04:00
sway-core/src/transform/to_parsed_lang/convert_parse_tree.rs,João Matos,Igor Rončević,2024-03-11 08:00:56+00:00,2024-03-11 12:39:44+00:00
sway-core/src/transform/to_parsed_lang/convert_parse_tree.rs,Daniel Frederico Lins Leite,huajin tong,2024-03-14 15:21:19+00:00,2024-03-14 23:45:20+00:00
sway-core/src/transform/to_parsed_lang/convert_parse_tree.rs,Daniel Frederico Lins Leite,João Matos,2024-10-28 11:34:03+01:00,2024-10-29 09:21:26+11:00
sway-core/src/type_engine.rs,Alex Hansen,Mohammad Fawaz,2022-05-22 22:54:03-04:00,2022-05-23 21:48:00-04:00
sway-core/src/type_engine/type_id.rs,Emily Herbert,Mohammad Fawaz,2022-07-06 00:29:33+00:00,2022-07-06 10:57:04+00:00
sway-core/src/type_engine/type_info.rs,Mohammad Fawaz,Alex Hansen,2022-03-09 20:35:05-05:00,2022-03-10 11:56:04-08:00
sway-core/src/type_engine/type_info.rs,Alex Hansen,Mohammad Fawaz,2022-05-22 22:54:03-04:00,2022-05-23 21:48:00-04:00
sway-core/src/type_engine/type_info.rs,Mohammad Fawaz,Emily Herbert,2022-05-23 21:48:00-04:00,2022-05-24 11:04:14-05:00
sway-core/src/type_engine/type_info.rs,Emily Herbert,Mohammad Fawaz,2022-07-06 00:29:33+00:00,2022-07-06 10:57:04+00:00
sway-core/src/type_system/ast_elements/binding.rs,Joshua Batty,João Matos,2024-12-02 09:48:45+11:00,2024-12-02 11:53:17+00:00
sway-core/src/type_system/ast_elements/trait_constraint.rs,Marcos Henrich,João Matos,2024-04-03 01:45:45+00:00,2024-04-04 09:08:46+11:00
sway-core/src/type_system/ast_elements/trait_constraint.rs,Joshua Batty,João Matos,2024-12-02 09:48:45+11:00,2024-12-02 11:53:17+00:00
sway-core/src/type_system/ast_elements/type_parameter.rs,Igor Rončević,Marcos Henrich,2023-11-22 20:04:07+00:00,2023-11-23 15:48:08+00:00
sway-core/src/type_system/ast_elements/type_parameter.rs,Marcos Henrich,João Matos,2024-04-03 01:45:45+00:00,2024-04-04 09:08:46+11:00
sway-core/src/type_system/ast_elements/type_parameter.rs,Daniel Frederico Lins Leite,Marcos Henrich,2024-10-29 11:21:02+00:00,2024-10-30 10:44:48+00:00
sway-core/src/type_system/ast_elements/type_parameter.rs,Joshua Batty,João Matos,2024-12-02 09:48:45+11:00,2024-12-02 11:53:17+00:00
sway-core/src/type_system/binding.rs,Marcos Henrich,Joshua Batty,2023-03-08 17:50:54+00:00,2023-03-09 11:19:51-05:00
sway-core/src/type_system/binding.rs,Joshua Batty,Emily Herbert,2023-03-09 11:19:51-05:00,2023-03-10 07:37:46+11:00
sway-core/src/type_system/engine.rs,Toby Hutton,Sophie Dankel,2023-04-02 21:30:34+00:00,2023-04-03 16:13:50+00:00
sway-core/src/type_system/engine.rs,Marcos Henrich,IGI-111,2023-07-20 13:11:32+00:00,2023-07-21 04:37:13+02:00
sway-core/src/type_system/engine.rs,Marcos Henrich,Igor Rončević,2024-01-04 11:01:09+05:30,2024-01-05 09:08:36+11:00
sway-core/src/type_system/engine.rs,Joshua Batty,Igor Rončević,2024-03-10 17:17:15+04:00,2024-03-11 12:39:44+00:00
sway-core/src/type_system/id.rs,Marcos Henrich,IGI-111,2023-02-12 17:05:57+00:00,2023-02-13 11:34:17+01:00
sway-core/src/type_system/id.rs,jjcnn,IGI-111,2024-02-08 12:32:35+01:00,2024-02-09 11:17:59+00:00
sway-core/src/type_system/id.rs,Marcos Henrich,Daniel Frederico Lins Leite,2024-08-28 18:57:19+00:00,2024-08-28 19:16:12+00:00
sway-core/src/type_system/id.rs,Kaya Gökalp,João Matos,2024-10-28 15:41:25+01:00,2024-10-29 09:21:26+11:00
sway-core/src/type_system/info.rs,Nick Furfaro,João Matos,2023-01-26 16:05:13-05:00,2023-01-27 18:40:27+00:00
sway-core/src/type_system/info.rs,Marcos Henrich,IGI-111,2023-02-12 17:05:57+00:00,2023-02-13 11:34:17+01:00
sway-core/src/type_system/info.rs,Sophie Dankel,Emily Herbert,2023-03-08 17:25:55-08:00,2023-03-09 20:53:55+00:00
sway-core/src/type_system/info.rs,Toby Hutton,Sophie Dankel,2023-04-02 21:30:34+00:00,2023-04-03 16:13:50+00:00
sway-core/src/type_system/info.rs,Marcos Henrich,Igor Rončević,2024-01-04 11:01:09+05:30,2024-01-05 09:08:36+11:00
sway-core/src/type_system/info.rs,Marcos Henrich,João Matos,2024-10-24 14:57:20+11:00,2024-10-25 09:59:59+11:00
sway-core/src/type_system/mod.rs,Emily Herbert,Chris O'Brien,2022-10-13 15:28:53+00:00,2022-10-14 01:53:03+00:00
sway-core/src/type_system/mod.rs,Chris O'Brien,Emily Herbert,2022-10-14 01:53:03+00:00,2022-10-14 03:58:40+00:00
sway-core/src/type_system/resolved_type.rs,Emily Herbert,Anton Trunov,2022-10-07 13:49:40+11:00,2022-10-08 00:27:52+00:00
sway-core/src/type_system/resolved_type.rs,Emily Herbert,Mazdak Farrokhzad,2022-10-11 14:52:23+11:00,2022-10-11 22:30:23+02:00
sway-core/src/type_system/substitute/subst_map.rs,João Matos,IGI-111,2023-07-31 15:30:52+00:00,2023-08-01 16:12:53+01:00
sway-core/src/type_system/substitute/subst_map.rs,Marcos Henrich,João Matos,2023-09-19 19:14:41+01:00,2023-09-20 12:19:33+00:00
sway-core/src/type_system/substitute/subst_map.rs,Marcos Henrich,João Matos,2024-10-24 14:57:20+11:00,2024-10-25 09:59:59+11:00
sway-core/src/type_system/trait_constraint.rs,Joshua Batty,Emily Herbert,2023-03-09 11:19:51-05:00,2023-03-10 07:37:46+11:00
sway-core/src/type_system/type_argument.rs,João Matos,IGI-111,2023-01-27 18:40:27+00:00,2023-01-27 20:10:30+00:00
sway-core/src/type_system/type_binding.rs,Emily Herbert,João Matos,2022-09-09 16:28:45+01:00,2022-09-09 15:03:11-04:00
sway-core/src/type_system/type_engine.rs,Mazdak Farrokhzad,Emily Herbert,2022-10-11 22:30:23+02:00,2022-10-12 03:45:43+00:00
sway-core/src/type_system/type_engine.rs,Mazdak Farrokhzad,Marcos Henrich,2022-11-22 18:06:39+00:00,2022-11-22 21:15:09+00:00
sway-core/src/type_system/type_id.rs,Mohammad Fawaz,Emily Herbert,2022-09-01 11:03:10+10:00,2022-09-01 01:25:21+00:00
sway-core/src/type_system/type_id.rs,Kaya Gökalp,Emily Herbert,2022-09-22 18:54:35+00:00,2022-09-23 11:33:31+10:00
sway-core/src/type_system/type_id.rs,Emily Herbert,Mohammad Fawaz,2022-10-06 09:53:09+01:00,2022-10-06 14:43:21+00:00
sway-core/src/type_system/type_id.rs,Mohammad Fawaz,Emily Herbert,2022-10-21 14:41:57+00:00,2022-10-22 09:13:37+11:00
sway-core/src/type_system/type_id.rs,Marcos Henrich,JC,2022-11-06 09:20:39-05:00,2022-11-07 22:47:53+11:00
sway-core/src/type_system/type_id.rs,JC,Emily Herbert,2022-11-07 22:47:53+11:00,2022-11-08 10:44:01+00:00
sway-core/src/type_system/type_info.rs,Andrew Cann,Alex Hansen,2022-09-14 02:27:23+00:00,2022-09-14 05:40:54-07:00
sway-core/src/type_system/type_info.rs,Emily Herbert,Anton Trunov,2022-10-07 13:49:40+11:00,2022-10-08 00:27:52+00:00
sway-core/src/type_system/type_info.rs,Mazdak Farrokhzad,Emily Herbert,2022-10-10 12:10:54+02:00,2022-10-11 14:52:23+11:00
sway-core/src/type_system/type_info.rs,Emily Herbert,Mazdak Farrokhzad,2022-10-11 14:52:23+11:00,2022-10-11 22:30:23+02:00
sway-core/src/type_system/type_info.rs,JC,Emily Herbert,2022-10-25 12:34:11+11:00,2022-10-25 13:44:35-07:00
sway-core/src/type_system/type_info.rs,JC,Emily Herbert,2022-11-07 22:47:53+11:00,2022-11-08 10:44:01+00:00
sway-core/src/type_system/type_mapping.rs,JC,Emily Herbert,2022-11-07 22:47:53+11:00,2022-11-08 10:44:01+00:00
sway-core/src/type_system/type_parameter.rs,Joshua Batty,Emily Herbert,2023-03-09 11:19:51-05:00,2023-03-10 07:37:46+11:00
sway-core/src/type_system/unify.rs,JC,Emily Herbert,2022-11-07 22:47:53+11:00,2022-11-08 10:44:01+00:00
sway-core/src/type_system/unify.rs,Mazdak Farrokhzad,Marcos Henrich,2022-11-22 18:06:39+00:00,2022-11-22 21:15:09+00:00
sway-core/src/type_system/unify/unifier.rs,Marcos Henrich,Igor Rončević,2024-01-04 11:01:09+05:30,2024-01-05 09:08:36+11:00
sway-core/tests/ir_to_asm/simple_contract_call.asm,Mohammad Fawaz,Toby Hutton,2022-03-22 23:09:29-04:00,2022-03-24 10:28:24+11:00
sway-core/tests/ir_to_asm/simple_contract_call.ir,Mohammad Fawaz,Toby Hutton,2022-03-22 23:09:29-04:00,2022-03-24 10:28:24+11:00
sway-core/tests/sway_to_ir/simple_contract_call.ir,Mohammad Fawaz,Toby Hutton,2022-03-22 23:09:29-04:00,2022-03-24 10:28:24+11:00
sway-core/tests/sway_to_ir/simple_contract_call.sw,Mohammad Fawaz,Toby Hutton,2022-03-22 23:09:29-04:00,2022-03-24 10:28:24+11:00
sway-core/tests/sway_to_ir/unit_type_variants.ir,Mohammad Fawaz,Toby Hutton,2022-06-11 10:46:48+10:00,2022-06-11 16:06:01+10:00
sway-error/Cargo.toml,Kaya Gökalp,mitchmindtree,2023-04-24 22:19:25+02:00,2023-04-25 03:53:15+00:00
sway-error/Cargo.toml,Kaya Gökalp,IGI-111,2023-05-31 10:21:28+00:00,2023-05-31 15:13:02+00:00
sway-error/Cargo.toml,IGI-111,Igor Rončević,2023-08-01 16:12:53+01:00,2023-08-02 10:50:52+02:00
sway-error/Cargo.toml,Igor Rončević,IGI-111,2023-08-02 10:50:52+02:00,2023-08-02 22:57:10+02:00
sway-error/Cargo.toml,Joshua Batty,IGI-111,2023-12-06 17:48:58+11:00,2023-12-06 10:37:39+00:00
sway-error/Cargo.toml,IGI-111,Kaya Gökalp,2024-05-13 08:19:45+01:00,2024-05-13 16:44:55-07:00
sway-error/Cargo.toml,Sophie Dankel,Kaya Gökalp,2024-08-19 18:37:36+02:00,2024-08-19 20:34:40+00:00
sway-error/Cargo.toml,IGI-111,Joshua Batty,2024-08-28 23:06:10+02:00,2024-08-28 23:57:55-07:00
sway-error/src/convert_parse_tree_error.rs,Mazdak Farrokhzad,mitchmindtree,2022-10-10 12:10:54+02:00,2022-10-11 09:40:28+11:00
sway-error/src/error.rs,Mohammad Fawaz,JC,2022-11-07 04:52:48+00:00,2022-11-07 22:47:53+11:00
sway-error/src/error.rs,JC,Emily Herbert,2022-11-07 22:47:53+11:00,2022-11-07 12:27:13+00:00
sway-error/src/error.rs,Marcos Henrich,João Matos,2022-11-29 01:51:02+00:00,2022-11-29 03:01:57+00:00
sway-error/src/error.rs,Riley,João Matos,2023-02-22 07:37:23+00:00,2023-02-22 09:50:47+00:00
sway-error/src/error.rs,João Matos,Mohammad Fawaz,2023-03-15 09:24:13-04:00,2023-03-16 00:58:30+00:00
sway-error/src/error.rs,Igor Rončević,Daniel Frederico Lins Leite,2023-09-11 12:08:50+02:00,2023-09-11 13:24:41+00:00
sway-error/src/error.rs,Marcos Henrich,Igor Rončević,2024-01-04 11:01:09+05:30,2024-01-05 09:08:36+11:00
sway-error/src/error.rs,jjcnn,Daniel Frederico Lins Leite,2024-05-11 21:56:32+00:00,2024-05-12 18:22:46+01:00
sway-error/src/error.rs,Daniel Frederico Lins Leite,IGI-111,2024-08-07 02:00:09-07:00,2024-08-07 19:30:51+00:00
sway-error/src/error.rs,jjcnn,mo-hak,2025-02-07 13:07:41+11:00,2025-02-07 02:57:15+00:00
sway-error/src/error.rs,mo-hak,Igor Rončević,2025-02-07 02:57:15+00:00,2025-02-07 03:25:57+00:00
sway-fmt-v2/Cargo.toml,Chris O'Brien,Mohammad Fawaz,2022-05-18 21:37:35-05:00,2022-05-19 10:03:42-04:00
sway-fmt-v2/Cargo.toml,John Adler,Alex Hansen,2022-05-26 21:12:03-07:00,2022-05-26 22:58:56-07:00
sway-fmt-v2/Cargo.toml,Alex Hansen,Emily Herbert,2022-05-26 22:58:56-07:00,2022-05-27 14:03:29-05:00
sway-fmt-v2/Cargo.toml,Emily Herbert,Mohammad Fawaz,2022-05-27 14:03:29-05:00,2022-05-28 14:07:02-04:00
sway-fmt-v2/Cargo.toml,Mohammad Fawaz,Chris O'Brien,2022-06-01 16:19:51-04:00,2022-06-02 08:42:21-05:00
sway-fmt-v2/Cargo.toml,Mohammad Fawaz,Chris O'Brien,2022-08-08 15:47:20-06:00,2022-08-09 14:31:50-05:00
sway-fmt-v2/Cargo.toml,Emily Herbert,Mohammad Fawaz,2022-08-18 15:25:28-04:00,2022-08-18 15:02:14-07:00
sway-fmt-v2/src/fmt.rs,Chris O'Brien,Toby Hutton,2022-05-18 21:37:35-05:00,2022-05-19 15:27:55+10:00
sway-fmt-v2/src/fmt.rs,Kaya Gökalp,Chris O'Brien,2022-06-17 02:22:27+00:00,2022-06-17 04:37:46+00:00
sway-fmt-v2/src/fmt.rs,Kaya Gökalp,Chris O'Brien,2022-06-21 07:37:18+00:00,2022-06-22 00:03:39+00:00
sway-fmt-v2/src/fmt.rs,Chris O'Brien,r-sitko,2022-06-30 10:00:18+03:00,2022-06-30 16:26:52+00:00
sway-fmt-v2/src/fmt.rs,Kaya Gökalp,Chris O'Brien,2022-07-06 01:33:08-05:00,2022-07-07 04:24:28+00:00
sway-fmt-v2/src/fmt.rs,Mazdak Farrokhzad,Chris O'Brien,2022-08-14 13:13:33-07:00,2022-08-15 15:35:22+10:00
sway-fmt-v2/src/fmt.rs,Chris O'Brien,Kaya Gökalp,2022-08-15 15:35:22+10:00,2022-08-15 06:54:38+00:00
sway-fmt-v2/src/items/item_enum.rs,Kaya Gökalp,Chris O'Brien,2022-06-15 11:02:20+10:00,2022-06-15 14:18:42-05:00
sway-fmt-v2/src/items/item_enum.rs,Kaya Gökalp,Chris O'Brien,2022-07-07 03:13:10+00:00,2022-07-07 04:24:28+00:00
sway-fmt-v2/src/items/item_fn.rs,Chris O'Brien,Kaya Gökalp,2022-08-18 16:43:35+10:00,2022-08-19 04:05:35+00:00
sway-fmt-v2/src/items/item_storage.rs,Kaya Gökalp,Chris O'Brien,2022-07-07 03:13:10+00:00,2022-07-07 04:24:28+00:00
sway-fmt-v2/src/items/item_storage.rs,Kaya Gökalp,JC,2022-08-19 04:05:35+00:00,2022-08-19 18:01:19+00:00
sway-fmt-v2/src/items/item_struct.rs,Chris O'Brien,Kaya Gökalp,2022-06-28 13:10:07+10:00,2022-06-29 09:58:08+10:00
sway-fmt-v2/src/items/item_struct.rs,Kaya Gökalp,Chris O'Brien,2022-07-07 03:13:10+00:00,2022-07-07 04:24:28+00:00
sway-fmt-v2/src/utils/bracket.rs,Kaya Gökalp,Chris O'Brien,2022-06-15 11:02:20+10:00,2022-06-15 16:07:41+00:00
sway-fmt-v2/src/utils/bracket.rs,Mitchell Mackert,Mazdak Farrokhzad,2022-08-02 19:37:21+00:00,2022-08-03 17:06:32+00:00
sway-fmt-v2/src/utils/expr/assignable.rs,Chris O'Brien,Kaya Gökalp,2022-08-18 20:12:37+00:00,2022-08-19 04:05:35+00:00
sway-fmt-v2/src/utils/expr/conditional.rs,Chris O'Brien,Kaya Gökalp,2022-08-18 07:21:24+01:00,2022-08-19 04:05:35+00:00
sway-fmt-v2/src/utils/expr/mod.rs,Chris O'Brien,Andrew Cann,2022-08-15 08:49:25-05:00,2022-08-16 00:04:20+00:00
sway-fmt-v2/src/utils/expr/mod.rs,Chris O'Brien,Kaya Gökalp,2022-08-18 20:12:37+00:00,2022-08-19 04:05:35+00:00
sway-fmt-v2/src/utils/expr/tests.rs,Mazdak Farrokhzad,Chris O'Brien,2022-08-14 13:13:33-07:00,2022-08-15 08:49:25-05:00
sway-fmt-v2/src/utils/generics.rs,Kaya Gökalp,Chris O'Brien,2022-07-06 01:33:08-05:00,2022-07-07 04:24:28+00:00
sway-fmt-v2/src/utils/generics.rs,Mitchell Mackert,Mazdak Farrokhzad,2022-08-02 19:37:21+00:00,2022-08-03 17:06:32+00:00
sway-fmt-v2/src/utils/item.rs,Andrew Cann,JC,2022-08-16 00:04:20+00:00,2022-08-16 13:36:48+00:00
sway-fmt-v2/src/utils/path.rs,Kaya Gökalp,Chris O'Brien,2022-07-06 01:33:08-05:00,2022-07-07 04:24:28+00:00
sway-fmt-v2/src/utils/path.rs,Mitchell Mackert,Mazdak Farrokhzad,2022-08-02 19:37:21+00:00,2022-08-03 17:06:32+00:00
sway-fmt-v2/src/utils/punctuated.rs,Kaya Gökalp,Chris O'Brien,2022-07-06 01:33:08-05:00,2022-07-07 04:24:28+00:00
sway-fmt-v2/src/utils/statement.rs,Chris O'Brien,Kaya Gökalp,2022-08-18 20:12:37+00:00,2022-08-19 04:05:35+00:00
sway-fmt-v2/src/utils/ty.rs,Kaya Gökalp,Chris O'Brien,2022-07-06 01:33:08-05:00,2022-07-07 04:24:28+00:00
sway-fmt/Cargo.toml,Alex Hansen,John Adler,2021-12-24 19:40:54-05:00,2021-12-24 22:25:11-08:00
sway-fmt/Cargo.toml,John Adler,Alex Hansen,2021-12-28 17:13:38-05:00,2021-12-29 11:44:11-08:00
sway-fmt/Cargo.toml,Alex Hansen,John Adler,2021-12-29 11:44:11-08:00,2021-12-29 21:36:37-05:00
sway-fmt/Cargo.toml,John Adler,Alex Hansen,2022-03-28 16:59:21-04:00,2022-03-29 08:49:39-04:00
sway-fmt/Cargo.toml,John Adler,Alex Hansen,2022-05-26 21:12:03-07:00,2022-05-26 22:58:56-07:00
sway-fmt/Cargo.toml,Alex Hansen,Emily Herbert,2022-05-26 22:58:56-07:00,2022-05-27 14:03:29-05:00
sway-fmt/Cargo.toml,Emily Herbert,Mohammad Fawaz,2022-05-27 14:03:29-05:00,2022-05-28 14:07:02-04:00
sway-fmt/Cargo.toml,Emily Herbert,Mohammad Fawaz,2022-08-18 15:25:28-04:00,2022-08-18 15:02:14-07:00
sway-fmt/src/fmt.rs,bing,Braqzen,2022-05-19 12:49:50+08:00,2022-05-19 14:42:34+01:00
sway-fmt/src/traversal.rs,Elvis,Toby Hutton,2022-01-12 17:37:47-08:00,2022-01-13 11:22:20-08:00
sway-ir/Cargo.toml,John Adler,Alex Hansen,2022-03-28 16:59:21-04:00,2022-03-29 08:49:39-04:00
sway-ir/Cargo.toml,Mohammad Fawaz,Brandon Kite,2022-05-04 12:31:40-04:00,2022-05-04 16:33:35-07:00
sway-ir/Cargo.toml,Mohammad Fawaz,Kaya Gökalp,2022-05-19 10:03:42-04:00,2022-05-20 11:18:01+03:00
sway-ir/Cargo.toml,John Adler,Alex Hansen,2022-05-26 21:12:03-07:00,2022-05-26 22:58:56-07:00
sway-ir/Cargo.toml,Alex Hansen,Emily Herbert,2022-05-26 22:58:56-07:00,2022-05-27 14:03:29-05:00
sway-ir/Cargo.toml,Emily Herbert,Mohammad Fawaz,2022-05-27 14:03:29-05:00,2022-05-28 14:07:02-04:00
sway-ir/Cargo.toml,Emily Herbert,Mohammad Fawaz,2022-08-18 15:25:28-04:00,2022-08-18 15:02:14-07:00
sway-ir/Cargo.toml,Mohammad Fawaz,Vaivaswatha N,2022-10-25 17:31:48+00:00,2022-10-26 22:00:08+05:30
sway-ir/Cargo.toml,Vaivaswatha N,João Matos,2023-02-07 20:25:00+05:30,2023-02-08 10:38:48+00:00
sway-ir/Cargo.toml,Kaya Gökalp,mitchmindtree,2023-04-24 22:19:25+02:00,2023-04-25 03:53:15+00:00
sway-ir/Cargo.toml,Kaya Gökalp,IGI-111,2023-05-31 10:21:28+00:00,2023-05-31 15:13:02+00:00
sway-ir/Cargo.toml,IGI-111,Daniel Frederico Lins Leite,2023-08-02 22:57:10+02:00,2023-08-02 21:47:26+00:00
sway-ir/Cargo.toml,Daniel Frederico Lins Leite,IGI-111,2023-08-02 21:47:26+00:00,2023-08-03 18:23:32+02:00
sway-ir/Cargo.toml,Joshua Batty,IGI-111,2023-12-06 17:48:58+11:00,2023-12-06 10:37:39+00:00
sway-ir/Cargo.toml,IGI-111,Kaya Gökalp,2024-05-13 08:19:45+01:00,2024-05-13 16:44:55-07:00
sway-ir/Cargo.toml,Sophie Dankel,Kaya Gökalp,2024-08-19 18:37:36+02:00,2024-08-19 20:34:40+00:00
sway-ir/Cargo.toml,IGI-111,Joshua Batty,2024-08-28 23:06:10+02:00,2024-08-28 23:57:55-07:00
sway-ir/src/asm.rs,Toby Hutton,Mohammad Fawaz,2022-10-05 07:43:18-04:00,2022-10-05 18:12:05+00:00
sway-ir/src/error.rs,Mohammad Fawaz,Toby Hutton,2022-07-18 17:46:51+10:00,2022-07-18 09:28:31-04:00
sway-ir/src/error.rs,Toby Hutton,Mohammad Fawaz,2022-07-18 09:28:31-04:00,2022-07-19 04:51:00-04:00
sway-ir/src/error.rs,Toby Hutton,Vaivaswatha N,2022-07-27 20:22:54+00:00,2022-07-28 06:15:17-04:00
sway-ir/src/instruction.rs,Mohammad Fawaz,Toby Hutton,2022-03-22 23:09:29-04:00,2022-03-24 10:28:24+11:00
sway-ir/src/instruction.rs,Toby Hutton,Vaivaswatha N,2022-07-27 20:22:54+00:00,2022-07-28 06:15:17-04:00
sway-ir/src/instruction.rs,Andrew Cann,Vaivaswatha N,2022-09-14 02:27:23+00:00,2022-09-14 16:43:43+05:30
sway-ir/src/instruction.rs,Green Baneling,Vaivaswatha N,2023-05-31 11:08:30+02:00,2023-05-31 11:04:39+01:00
sway-ir/src/irtype.rs,Mohammad Fawaz,Toby Hutton,2022-03-22 23:09:29-04:00,2022-03-24 10:28:24+11:00
sway-ir/src/irtype.rs,Daniel Frederico Lins Leite,João Matos,2023-07-31 15:22:01+01:00,2023-07-31 15:30:52+00:00
sway-ir/src/irtype.rs,IGI-111,Marcos Henrich,2024-02-19 10:31:40+01:00,2024-02-20 05:44:38+04:00
sway-ir/src/optimize/dce.rs,Toby Hutton,Mohammad Fawaz,2022-10-05 07:43:18-04:00,2022-10-05 18:12:05+00:00
sway-ir/src/optimize/dce.rs,Mohammad Fawaz,Vaivaswatha N,2023-01-16 06:13:24-05:00,2023-01-16 18:20:56+00:00
sway-ir/src/optimize/inline.rs,Mohammad Fawaz,Toby Hutton,2022-03-22 23:09:29-04:00,2022-03-24 10:28:24+11:00
sway-ir/src/optimize/inline.rs,Toby Hutton,Vaivaswatha N,2022-07-27 20:22:54+00:00,2022-07-28 06:15:17-04:00
sway-ir/src/optimize/inline.rs,Vaivaswatha N,Daniel Frederico Lins Leite,2023-08-02 19:07:32+02:00,2023-08-02 21:47:26+00:00
sway-ir/src/optimize/inline.rs,Daniel Frederico Lins Leite,Vaivaswatha N,2023-08-07 10:35:06+02:00,2023-08-07 15:53:08+02:00
sway-ir/src/optimize/inline.rs,Vaivaswatha N,Daniel Frederico Lins Leite,2023-08-07 15:53:08+02:00,2023-08-08 12:42:49+01:00
sway-ir/src/optimize/misc_demotion.rs,Daniel Frederico Lins Leite,João Matos,2023-08-07 10:35:06+02:00,2023-08-07 23:40:09+01:00
sway-ir/src/optimize/misc_demotion.rs,João Matos,Daniel Frederico Lins Leite,2023-08-07 23:40:09+01:00,2023-08-08 12:42:49+01:00
sway-ir/src/parser.rs,Mohammad Fawaz,Toby Hutton,2022-03-22 23:09:29-04:00,2022-03-24 10:28:24+11:00
sway-ir/src/parser.rs,Toby Hutton,Vaivaswatha N,2022-07-27 20:22:54+00:00,2022-07-28 06:15:17-04:00
sway-ir/src/parser.rs,Andrew Cann,Vaivaswatha N,2022-09-14 02:27:23+00:00,2022-09-14 16:43:43+05:30
sway-ir/src/parser.rs,Mohammad Fawaz,mitchmindtree,2022-11-03 21:44:33+00:00,2022-11-04 13:22:57+11:00
sway-ir/src/parser.rs,Mohammad Fawaz,Vaivaswatha N,2023-03-09 18:38:54-05:00,2023-03-10 16:12:54+00:00
sway-ir/src/parser.rs,Daniel Frederico Lins Leite,João Matos,2023-07-31 15:22:01+01:00,2023-07-31 15:30:52+00:00
sway-ir/src/printer.rs,Mohammad Fawaz,Toby Hutton,2022-03-22 23:09:29-04:00,2022-03-24 10:28:24+11:00
sway-ir/src/printer.rs,Toby Hutton,Alex Hansen,2022-03-24 10:28:24+11:00,2022-03-23 21:16:43-04:00
sway-ir/src/printer.rs,Alex Hansen,Mohammad Fawaz,2022-03-23 21:16:43-04:00,2022-03-24 20:37:50-04:00
sway-ir/src/printer.rs,Toby Hutton,Vaivaswatha N,2022-07-27 20:22:54+00:00,2022-07-28 06:15:17-04:00
sway-ir/src/printer.rs,Mohammad Fawaz,mitchmindtree,2022-11-03 21:44:33+00:00,2022-11-04 13:22:57+11:00
sway-ir/src/printer.rs,Daniel Frederico Lins Leite,Igor Rončević,2024-08-07 02:00:09-07:00,2024-08-08 08:30:15+00:00
sway-ir/src/value.rs,Toby Hutton,Mohammad Fawaz,2022-10-05 07:43:18-04:00,2022-10-05 18:12:05+00:00
sway-ir/src/verify.rs,Mohammad Fawaz,Toby Hutton,2022-03-22 23:09:29-04:00,2022-03-24 10:28:24+11:00
sway-ir/src/verify.rs,Toby Hutton,Vaivaswatha N,2022-07-27 20:22:54+00:00,2022-07-28 06:15:17-04:00
sway-ir/src/verify.rs,Toby Hutton,Mohammad Fawaz,2022-10-05 07:43:18-04:00,2022-10-05 18:12:05+00:00
sway-ir/sway-ir-macros/Cargo.toml,Alex Hansen,Mohammad Fawaz,2022-09-16 08:43:02-04:00,2022-09-16 15:45:21+00:00
sway-ir/sway-ir-macros/Cargo.toml,Kaya Gökalp,mitchmindtree,2023-04-24 22:19:25+02:00,2023-04-25 03:53:15+00:00
sway-ir/sway-ir-macros/Cargo.toml,Kaya Gökalp,IGI-111,2023-05-31 10:21:28+00:00,2023-05-31 15:13:02+00:00
sway-ir/sway-ir-macros/Cargo.toml,Joshua Batty,IGI-111,2023-12-06 17:48:58+11:00,2023-12-06 10:37:39+00:00
sway-ir/sway-ir-macros/Cargo.toml,IGI-111,Kaya Gökalp,2024-05-13 08:19:45+01:00,2024-05-13 16:44:55-07:00
sway-ir/sway-ir-macros/Cargo.toml,Sophie Dankel,Kaya Gökalp,2024-08-19 18:37:36+02:00,2024-08-19 20:34:40+00:00
sway-ir/sway-ir-macros/Cargo.toml,IGI-111,Joshua Batty,2024-08-28 23:06:10+02:00,2024-08-28 23:57:55-07:00
sway-ir/tests/ir_to_ir/constants_contract_calls.in_ir,Mohammad Fawaz,Toby Hutton,2022-03-22 23:09:29-04:00,2022-03-24 10:28:24+11:00
sway-ir/tests/ir_to_ir/constants_contract_calls.out_ir,Mohammad Fawaz,Toby Hutton,2022-03-22 23:09:29-04:00,2022-03-24 10:28:24+11:00
sway-ir/tests/tests.rs,mitchmindtree,Toby Hutton,2022-03-04 13:57:31+11:00,2022-03-05 10:45:38+11:00
sway-lib-core/src/codec.sw,hal3e,Daniel Bate,2024-01-25 12:26:56+01:00,2024-01-25 11:58:35+00:00
sway-lib-core/src/ops.sw,Nick Furfaro,Emily Herbert,2022-06-13 16:05:16-05:00,2022-06-14 14:58:27+00:00
sway-lib-core/src/ops.sw,Emily Herbert,Mazdak Farrokhzad,2022-10-30 20:00:29-04:00,2022-10-31 19:45:38+00:00
sway-lib-std/src/address.sw,Marcos Henrich,SwayStar123,2023-08-21 10:15:29+01:00,2023-08-22 04:31:50+00:00
sway-lib-std/src/address.sw,SwayStar123,Igor Rončević,2025-03-12 23:52:38+01:00,2025-03-13 20:47:01+11:00
sway-lib-std/src/alloc.sw,Yonghui Lin,JC,2022-11-01 19:21:09-04:00,2022-11-02 20:31:38+05:30
sway-lib-std/src/alloc.sw,Toby Hutton,IGI-111,2023-03-09 07:43:11+00:00,2023-03-09 19:14:52+11:00
sway-lib-std/src/assert.sw,Brandon,César D. Rodas,2024-01-03 13:22:17+00:00,2024-01-03 11:41:32-03:00
sway-lib-std/src/asset_id.sw,SwayStar123,Igor Rončević,2025-03-12 23:52:38+01:00,2025-03-13 20:47:01+11:00
sway-lib-std/src/auth.sw,César D. Rodas,Cameron Carstens,2024-01-03 11:41:32-03:00,2024-01-03 16:15:32+00:00
sway-lib-std/src/b512.sw,SwayStar123,Igor Rončević,2025-03-12 23:52:38+01:00,2025-03-13 20:47:01+11:00
sway-lib-std/src/bytes.sw,Mitchell Mackert,Nick Furfaro,2023-01-25 14:38:15+11:00,2023-01-26 01:46:46+00:00
sway-lib-std/src/bytes.sw,Marcos Henrich,Cameron Carstens,2023-03-20 00:35:15+00:00,2023-03-20 13:46:52-04:00
sway-lib-std/src/bytes.sw,Marcos Henrich,SwayStar123,2023-08-21 10:15:29+01:00,2023-08-22 04:31:50+00:00
sway-lib-std/src/bytes.sw,SwayStar123,Igor Rončević,2025-03-12 23:52:38+01:00,2025-03-13 20:47:01+11:00
sway-lib-std/src/codec.sw,SwayStar123,Igor Rončević,2025-03-12 23:52:38+01:00,2025-03-13 20:47:01+11:00
sway-lib-std/src/constants.sw,Cameron Carstens,GearedPaladin,2024-04-08 16:54:31+04:00,2024-04-08 14:07:28+00:00
sway-lib-std/src/context/call_frames.sw,Yonghui Lin,JC,2022-11-01 19:21:09-04:00,2022-11-02 20:31:38+05:30
sway-lib-std/src/contract_id.sw,Marcos Henrich,SwayStar123,2023-08-21 10:15:29+01:00,2023-08-22 04:31:50+00:00
sway-lib-std/src/contract_id.sw,SwayStar123,Igor Rončević,2025-03-12 23:52:38+01:00,2025-03-13 20:47:01+11:00
sway-lib-std/src/crypto/ed25519.sw,SwayStar123,Igor Rončević,2025-03-12 23:52:38+01:00,2025-03-13 20:47:01+11:00
sway-lib-std/src/crypto/message.sw,SwayStar123,Igor Rončević,2025-03-12 23:52:38+01:00,2025-03-13 20:47:01+11:00
sway-lib-std/src/crypto/point2d.sw,SwayStar123,Igor Rončević,2025-03-12 23:52:38+01:00,2025-03-13 20:47:01+11:00
sway-lib-std/src/crypto/public_key.sw,SwayStar123,Igor Rončević,2025-03-12 23:52:38+01:00,2025-03-13 20:47:01+11:00
sway-lib-std/src/crypto/scalar.sw,SwayStar123,Igor Rončević,2025-03-12 23:52:38+01:00,2025-03-13 20:47:01+11:00
sway-lib-std/src/crypto/secp256k1.sw,SwayStar123,Igor Rončević,2025-03-12 23:52:38+01:00,2025-03-13 20:47:01+11:00
sway-lib-std/src/crypto/secp256r1.sw,SwayStar123,Igor Rončević,2025-03-12 23:52:38+01:00,2025-03-13 20:47:01+11:00
sway-lib-std/src/ecr.sw,Marcos Henrich,SwayStar123,2023-08-21 10:15:29+01:00,2023-08-22 04:31:50+00:00
sway-lib-std/src/ecr.sw,Marcos Henrich,SwayStar123,2024-08-15 18:21:44+01:00,2024-08-16 17:54:32+01:00
sway-lib-std/src/error_signals.sw,Brandon,César D. Rodas,2024-01-03 13:22:17+00:00,2024-01-03 11:41:32-03:00
sway-lib-std/src/hash.sw,Braqzen,Nick Furfaro,2022-05-18 20:13:57+01:00,2022-05-18 20:01:27-07:00
sway-lib-std/src/hash.sw,Nick Furfaro,Braqzen,2022-05-18 20:01:27-07:00,2022-05-19 13:21:37+01:00
sway-lib-std/src/hash.sw,Marcos Henrich,SwayStar123,2023-08-21 10:15:29+01:00,2023-08-22 04:31:50+00:00
sway-lib-std/src/identity.sw,Braqzen,Mohammad Fawaz,2022-06-17 13:20:53-04:00,2022-06-17 16:29:06-06:00
sway-lib-std/src/identity.sw,Marcos Henrich,SwayStar123,2023-08-21 10:15:29+01:00,2023-08-22 04:31:50+00:00
sway-lib-std/src/identity.sw,SwayStar123,Igor Rončević,2025-03-12 23:52:38+01:00,2025-03-13 20:47:01+11:00
sway-lib-std/src/inputs.sw,Nick Furfaro,Mohammad Fawaz,2022-08-31 12:59:45+00:00,2022-09-01 02:35:59+00:00
sway-lib-std/src/inputs.sw,SwayStar123,Igor Rončević,2025-03-12 23:52:38+01:00,2025-03-13 20:47:01+11:00
sway-lib-std/src/lib.sw,João Matos,r-sitko,2022-06-27 13:18:57-04:00,2022-06-28 15:47:19+01:00
sway-lib-std/src/lib.sw,r-sitko,Nick Furfaro,2022-06-28 15:47:19+01:00,2022-06-28 16:47:49+00:00
sway-lib-std/src/lib.sw,Nick Furfaro,Mohammad Fawaz,2022-11-01 23:48:19+00:00,2022-11-02 15:41:06+00:00
sway-lib-std/src/lib.sw,Mohammad Fawaz,Nick Furfaro,2022-11-02 15:41:06+00:00,2022-11-02 14:47:26-04:00
sway-lib-std/src/math.sw,Brandon,César D. Rodas,2024-01-03 12:39:22+00:00,2024-01-03 11:41:32-03:00
sway-lib-std/src/message.sw,Nick Furfaro,JC,2022-11-01 23:48:19+00:00,2022-11-02 20:31:38+05:30
sway-lib-std/src/never.sw,SwayStar123,Igor Rončević,2025-03-12 23:52:38+01:00,2025-03-13 20:47:01+11:00
sway-lib-std/src/ops.sw,SwayStar123,Igor Rončević,2025-03-12 23:52:38+01:00,2025-03-13 20:47:01+11:00
sway-lib-std/src/option.sw,Nick Furfaro,Emily Herbert,2022-06-02 04:58:20-07:00,2022-06-03 01:16:45-05:00
sway-lib-std/src/option.sw,SwayStar123,Igor Rončević,2025-03-12 23:52:38+01:00,2025-03-13 20:47:01+11:00
sway-lib-std/src/outputs.sw,Nick Furfaro,Mohammad Fawaz,2022-08-31 12:59:45+00:00,2022-09-01 02:35:59+00:00
sway-lib-std/src/outputs.sw,SwayStar123,Igor Rončević,2025-03-12 23:52:38+01:00,2025-03-13 20:47:01+11:00
sway-lib-std/src/prelude.sw,Call Delegation,IGI-111,2023-04-27 17:05:37-04:00,2023-04-28 09:58:54+00:00
sway-lib-std/src/primitive_conversions/b256.sw,SwayStar123,Igor Rončević,2025-03-12 23:52:38+01:00,2025-03-13 20:47:01+11:00
sway-lib-std/src/result.sw,SwayStar123,Igor Rončević,2025-03-12 23:52:38+01:00,2025-03-13 20:47:01+11:00
sway-lib-std/src/storage.sw,Mohammad Fawaz,SwayStar123,2022-06-17 16:29:06-06:00,2022-06-18 17:46:56+00:00
sway-lib-std/src/storage.sw,SwayStar123,Marcos Henrich,2022-11-10 22:28:46+11:00,2022-11-10 19:56:46+00:00
sway-lib-std/src/storage.sw,Mohammad Fawaz,Mitchell Mackert,2023-01-24 14:00:17+00:00,2023-01-25 14:38:15+11:00
sway-lib-std/src/storage.sw,Cameron Carstens,Riley,2023-03-23 12:56:49-04:00,2023-03-23 23:56:03+00:00
sway-lib-std/src/storage/storable_slice.sw,Marcos Henrich,SwayStar123,2023-08-21 10:15:29+01:00,2023-08-22 04:31:50+00:00
sway-lib-std/src/storage/storage_map.sw,Marcos Henrich,SwayStar123,2023-08-21 10:15:29+01:00,2023-08-22 04:31:50+00:00
sway-lib-std/src/storage/storage_map.sw,SwayStar123,Igor Rončević,2025-03-12 23:52:38+01:00,2025-03-13 20:47:01+11:00
sway-lib-std/src/storage/storage_vec.sw,Marcos Henrich,SwayStar123,2023-08-21 10:15:29+01:00,2023-08-22 04:31:50+00:00
sway-lib-std/src/string.sw,SwayStar123,Igor Rončević,2025-03-12 23:52:38+01:00,2025-03-13 20:47:01+11:00
sway-lib-std/src/token.sw,Braqzen,John Adler,2022-06-05 21:04:53+01:00,2022-06-05 17:45:49-04:00
sway-lib-std/src/token.sw,Marcos Henrich,SwayStar123,2023-08-21 10:15:29+01:00,2023-08-22 04:31:50+00:00
sway-lib-std/src/tx.sw,Simon Roberts,Nick Furfaro,2022-07-04 13:24:54-04:00,2022-07-04 16:02:43-04:00
sway-lib-std/src/tx.sw,Nick Furfaro,JC,2022-07-04 16:02:43-04:00,2022-07-04 18:24:02-04:00
sway-lib-std/src/tx.sw,sarahschwartz,Nick Furfaro,2023-04-19 15:13:30-06:00,2023-04-20 18:30:04+00:00
sway-lib-std/src/tx.sw,SwayStar123,Igor Rončević,2025-03-12 23:52:38+01:00,2025-03-13 20:47:01+11:00
sway-lib-std/src/u128.sw,Nick Furfaro,Toby Hutton,2022-05-30 04:35:18-07:00,2022-05-31 00:33:33+10:00
sway-lib-std/src/u128.sw,Mohammad Fawaz,Kaya Gökalp,2022-07-31 15:06:09-04:00,2022-08-01 02:11:16+00:00
sway-lib-std/src/u128.sw,rostyslavtyshko,Mazdak Farrokhzad,2022-10-31 11:39:17+11:00,2022-10-31 19:45:38+00:00
sway-lib-std/src/u128.sw,Braqzen,rostyslavtyshko,2023-01-30 01:20:04+00:00,2023-01-30 20:20:34+00:00
sway-lib-std/src/u128.sw,Cameron Carstens,IGI-111,2024-05-22 14:13:15+04:00,2024-05-22 15:58:46+00:00
sway-lib-std/src/u128.sw,SwayStar123,Igor Rončević,2025-03-12 23:52:38+01:00,2025-03-13 20:47:01+11:00
sway-lib-std/src/u128.sw,Igor Rončević,Cameron Carstens,2025-03-13 20:47:01+11:00,2025-03-13 08:25:49-07:00
sway-lib-std/src/u256.sw,Mohammad Fawaz,Kaya Gökalp,2022-07-31 15:06:09-04:00,2022-08-01 02:11:16+00:00
sway-lib-std/src/u256.sw,Mazdak Farrokhzad,alphak3y,2022-10-31 19:45:38+00:00,2022-11-01 09:36:23+11:00
sway-lib-std/src/vec.sw,John Adler,Mohammad Fawaz,2022-06-16 21:38:52-04:00,2022-06-17 16:29:06-06:00
sway-lib-std/src/vec.sw,zhou fan,JC,2022-07-04 13:31:02+00:00,2022-07-04 22:32:49+00:00
sway-lib-std/src/vec.sw,Emily Herbert,r-sitko,2022-07-06 00:29:33+00:00,2022-07-06 13:22:15-04:00
sway-lib-std/src/vec.sw,SwayStar123,Marcos Henrich,2022-11-10 22:28:46+11:00,2022-11-10 19:56:46+00:00
sway-lib-std/src/vm/evm/ecr.sw,Marcos Henrich,SwayStar123,2023-08-21 10:15:29+01:00,2023-08-22 04:31:50+00:00
sway-lib-std/src/vm/evm/evm_address.sw,Mohammad Fawaz,João Matos,2022-07-05 12:29:05-04:00,2022-07-05 19:46:41+00:00
sway-lib-std/src/vm/evm/evm_address.sw,SwayStar123,Igor Rončević,2025-03-12 23:52:38+01:00,2025-03-13 20:47:01+11:00
sway-lib-std/tests/Cargo.toml,mitchmindtree,Nick Furfaro,2022-03-29 12:30:23+11:00,2022-03-29 12:11:41-06:00
sway-lib-std/tests/test_artifacts/balance_contract/Forc.toml,mitchmindtree,Nick Furfaro,2022-03-29 12:30:23+11:00,2022-03-29 12:11:41-06:00
sway-lib-std/tests/test_projects/registers/Forc.toml,mitchmindtree,Nick Furfaro,2022-03-29 12:30:23+11:00,2022-03-29 12:11:41-06:00
sway-lib-std/tests/test_projects/token_ops/Forc.toml,mitchmindtree,Nick Furfaro,2022-03-29 12:30:23+11:00,2022-03-29 12:11:41-06:00
sway-lsp/Cargo.toml,Joshua Batty,John Adler,2022-03-22 14:07:26+11:00,2022-03-22 11:53:15-07:00
sway-lsp/Cargo.toml,John Adler,Chris O'Brien,2022-03-22 11:53:15-07:00,2022-03-22 22:35:22-05:00
sway-lsp/Cargo.toml,John Adler,Alex Hansen,2022-03-28 16:59:21-04:00,2022-03-29 08:49:39-04:00
sway-lsp/Cargo.toml,John Adler,Alex Hansen,2022-05-26 21:12:03-07:00,2022-05-26 22:58:56-07:00
sway-lsp/Cargo.toml,Alex Hansen,Emily Herbert,2022-05-26 22:58:56-07:00,2022-05-27 14:03:29-05:00
sway-lsp/Cargo.toml,Emily Herbert,Mohammad Fawaz,2022-05-27 14:03:29-05:00,2022-05-28 14:07:02-04:00
sway-lsp/Cargo.toml,John Adler,Joshua Batty,2022-06-21 14:56:26-04:00,2022-06-21 22:15:57-05:00
sway-lsp/Cargo.toml,Joshua Batty,Mohammad Fawaz,2022-07-12 01:51:19+00:00,2022-07-11 23:23:17-04:00
sway-lsp/Cargo.toml,Joshua Batty,mitchmindtree,2022-08-03 09:12:08+10:00,2022-08-03 16:33:55+10:00
sway-lsp/Cargo.toml,Emily Herbert,Mohammad Fawaz,2022-08-18 15:25:28-04:00,2022-08-18 15:02:14-07:00
sway-lsp/Cargo.toml,Chris O'Brien,Mohammad Fawaz,2022-09-02 11:40:00-05:00,2022-09-02 18:20:32-04:00
sway-lsp/Cargo.toml,Joshua Batty,Mazdak Farrokhzad,2022-10-09 19:50:34-04:00,2022-10-10 12:10:54+02:00
sway-lsp/Cargo.toml,Sophie Dankel,Mohammad Fawaz,2022-10-12 11:13:30-07:00,2022-10-13 13:32:01-04:00
sway-lsp/Cargo.toml,Mohammad Fawaz,Joshua Batty,2022-10-13 13:32:01-04:00,2022-10-14 21:24:54+11:00
sway-lsp/Cargo.toml,Mohammad Fawaz,Sophie Dankel,2022-10-23 20:30:18-04:00,2022-10-24 05:34:11+00:00
sway-lsp/Cargo.toml,Sophie Dankel,bing,2022-10-24 05:34:11+00:00,2022-10-24 11:10:21+00:00
sway-lsp/Cargo.toml,bing,Mohammad Fawaz,2022-10-24 11:10:21+00:00,2022-10-25 17:31:02+11:00
sway-lsp/Cargo.toml,Mohammad Fawaz,Joshua Batty,2023-02-01 06:39:13-05:00,2023-02-02 11:22:59+11:00
sway-lsp/Cargo.toml,Joshua Batty,João Matos,2023-02-08 16:24:02+11:00,2023-02-08 10:38:48+00:00
sway-lsp/Cargo.toml,Kaya Gökalp,mitchmindtree,2023-04-24 22:19:25+02:00,2023-04-25 03:53:15+00:00
sway-lsp/Cargo.toml,Kaya Gökalp,IGI-111,2023-05-31 10:21:28+00:00,2023-05-31 15:13:02+00:00
sway-lsp/Cargo.toml,Joshua Batty,IGI-111,2023-12-06 17:48:58+11:00,2023-12-06 10:37:39+00:00
sway-lsp/Cargo.toml,IGI-111,Joshua Batty,2023-12-06 10:37:39+00:00,2023-12-07 04:03:43+01:00
sway-lsp/Cargo.toml,Joshua Batty,IGI-111,2024-02-07 10:47:12+11:00,2024-02-07 18:19:09+04:00
sway-lsp/Cargo.toml,IGI-111,Kaya Gökalp,2024-05-13 08:19:45+01:00,2024-05-13 16:44:55-07:00
sway-lsp/Cargo.toml,Sophie Dankel,Kaya Gökalp,2024-08-19 18:37:36+02:00,2024-08-19 20:34:40+00:00
sway-lsp/Cargo.toml,IGI-111,Joshua Batty,2024-08-28 23:06:10+02:00,2024-08-28 23:57:55-07:00
sway-lsp/Cargo.toml,Joshua Batty,Sophie Dankel,2024-08-28 23:57:55-07:00,2024-08-29 09:41:09-07:00
sway-lsp/benches/bench_main.rs,Marcos Henrich,Sophie Dankel,2024-08-28 11:24:41-07:00,2024-08-29 09:41:09-07:00
sway-lsp/benches/lsp_benchmarks/compile.rs,Joshua Batty,Sophie Dankel,2024-08-29 12:27:20+10:00,2024-08-29 09:41:09-07:00
sway-lsp/src/capabilities/code_actions.rs,Emily Herbert,Sophie Dankel,2023-02-14 14:24:47+11:00,2023-02-14 16:10:55+11:00
sway-lsp/src/capabilities/code_actions/abi_decl/abi_impl.rs,Sophie Dankel,Joshua Batty,2023-06-12 12:32:06+00:00,2023-06-13 11:49:22+00:00
sway-lsp/src/capabilities/code_actions/abi_decl/mod.rs,Joshua Batty,Emily Herbert,2023-03-09 11:19:51-05:00,2023-03-10 07:37:46+11:00
sway-lsp/src/capabilities/code_actions/abi_impl.rs,Emily Herbert,Sophie Dankel,2023-02-14 14:24:47+11:00,2023-02-14 16:10:55+11:00
sway-lsp/src/capabilities/code_actions/common/generate_doc.rs,Sophie Dankel,Joshua Batty,2023-06-12 12:32:06+00:00,2023-06-13 11:49:22+00:00
sway-lsp/src/capabilities/code_actions/constant_decl/mod.rs,Sophie Dankel,Joshua Batty,2023-06-12 12:32:06+00:00,2023-06-13 11:49:22+00:00
sway-lsp/src/capabilities/code_actions/enum_decl/doc_comment.rs,Sophie Dankel,Joshua Batty,2023-06-12 12:32:06+00:00,2023-06-13 11:49:22+00:00
sway-lsp/src/capabilities/code_actions/enum_decl/enum_impl.rs,Sophie Dankel,Joshua Batty,2023-06-12 12:32:06+00:00,2023-06-13 11:49:22+00:00
sway-lsp/src/capabilities/code_actions/enum_decl/mod.rs,Sophie Dankel,Joshua Batty,2023-06-12 12:32:06+00:00,2023-06-13 11:49:22+00:00
sway-lsp/src/capabilities/code_actions/enum_variant/mod.rs,Sophie Dankel,Joshua Batty,2023-06-12 12:32:06+00:00,2023-06-13 11:49:22+00:00
sway-lsp/src/capabilities/code_actions/function_decl/doc_comment.rs,Sophie Dankel,Joshua Batty,2023-06-12 12:32:06+00:00,2023-06-13 11:49:22+00:00
sway-lsp/src/capabilities/code_actions/function_decl/mod.rs,Sophie Dankel,Joshua Batty,2023-06-12 12:32:06+00:00,2023-06-13 11:49:22+00:00
sway-lsp/src/capabilities/code_actions/mod.rs,Joshua Batty,Emily Herbert,2023-03-09 11:19:51-05:00,2023-03-10 07:37:46+11:00
sway-lsp/src/capabilities/code_actions/mod.rs,Sophie Dankel,Joshua Batty,2023-06-12 12:32:06+00:00,2023-06-13 11:49:22+00:00
sway-lsp/src/capabilities/code_actions/storage_field/mod.rs,Sophie Dankel,Joshua Batty,2023-06-12 12:32:06+00:00,2023-06-13 11:49:22+00:00
sway-lsp/src/capabilities/code_actions/struct_decl/mod.rs,Sophie Dankel,Joshua Batty,2023-06-12 12:32:06+00:00,2023-06-13 11:49:22+00:00
sway-lsp/src/capabilities/code_actions/struct_decl/struct_impl.rs,Sophie Dankel,Joshua Batty,2023-06-12 12:32:06+00:00,2023-06-13 11:49:22+00:00
sway-lsp/src/capabilities/code_actions/struct_decl/struct_new.rs,Joshua Batty,Emily Herbert,2023-03-09 11:19:51-05:00,2023-03-10 07:37:46+11:00
sway-lsp/src/capabilities/code_actions/struct_decl/struct_new.rs,Sophie Dankel,Joshua Batty,2023-06-12 12:32:06+00:00,2023-06-13 11:49:22+00:00
sway-lsp/src/capabilities/code_actions/struct_field/mod.rs,Sophie Dankel,Joshua Batty,2023-06-12 12:32:06+00:00,2023-06-13 11:49:22+00:00
sway-lsp/src/capabilities/completion.rs,Andrew Cann,Joshua Batty,2022-08-24 23:28:21+10:00,2022-08-24 18:11:54-07:00
sway-lsp/src/capabilities/diagnostic.rs,Sophie Dankel,Igor Rončević,2023-08-24 23:24:55-04:00,2023-08-25 08:37:52+02:00
sway-lsp/src/capabilities/document_symbol.rs,Andrew Cann,Joshua Batty,2022-08-24 23:28:21+10:00,2022-08-24 18:11:54-07:00
sway-lsp/src/capabilities/hover.rs,Emily Herbert,João Matos,2022-09-09 16:28:45+01:00,2022-09-09 15:03:11-04:00
sway-lsp/src/capabilities/hover.rs,IGI-111,Emily Herbert,2023-02-13 11:34:17+01:00,2023-02-14 14:24:47+11:00
sway-lsp/src/capabilities/hover.rs,Joshua Batty,Emily Herbert,2023-03-09 11:19:51-05:00,2023-03-10 07:37:46+11:00
sway-lsp/src/core/document.rs,Joshua Batty,mitchmindtree,2022-05-31 12:58:11+10:00,2022-06-01 11:24:39+10:00
sway-lsp/src/core/session.rs,Joshua Batty,mitchmindtree,2022-08-03 09:12:08+10:00,2022-08-03 16:33:55+10:00
sway-lsp/src/core/session.rs,Chris O'Brien,Joshua Batty,2022-09-26 00:29:03+00:00,2022-09-26 16:28:20+10:00
sway-lsp/src/core/session.rs,Emily Herbert,Kaya Gökalp,2022-10-07 13:49:40+11:00,2022-10-07 11:51:53+03:00
sway-lsp/src/core/session.rs,Sophie Dankel,Emily Herbert,2022-10-12 11:13:30-07:00,2022-10-13 15:28:53+00:00
sway-lsp/src/core/session.rs,Emily Herbert,Joshua Batty,2022-10-13 15:28:53+00:00,2022-10-14 21:24:54+11:00
sway-lsp/src/core/session.rs,Joshua Batty,Kaya Gökalp,2022-11-04 16:00:51+11:00,2022-11-04 21:30:22+11:00
sway-lsp/src/core/session.rs,Sophie Dankel,Emily Herbert,2023-01-10 21:52:22-06:00,2023-01-11 15:02:22-05:00
sway-lsp/src/core/session.rs,Nick Furfaro,Sophie Dankel,2023-01-26 16:05:13-05:00,2023-01-26 23:13:42-08:00
sway-lsp/src/core/session.rs,Joshua Batty,Emily Herbert,2023-02-08 16:24:02+11:00,2023-02-09 08:44:22+11:00
sway-lsp/src/core/session.rs,Sophie Dankel,Joshua Batty,2023-04-12 01:45:49-07:00,2023-04-13 10:46:53+10:00
sway-lsp/src/core/session.rs,Sophie Dankel,João Matos,2023-08-24 23:24:55-04:00,2023-08-25 15:24:58+00:00
sway-lsp/src/core/token.rs,Emily Herbert,Joshua Batty,2022-05-25 16:39:56-05:00,2022-05-26 15:09:16+10:00
sway-lsp/src/core/token.rs,Joshua Batty,Alex Hansen,2022-05-26 16:18:37-04:00,2022-05-26 14:25:55-07:00
sway-lsp/src/core/token.rs,Alex Hansen,Mohammad Fawaz,2022-05-26 14:25:55-07:00,2022-05-26 22:19:16-04:00
sway-lsp/src/core/token.rs,Mohammad Fawaz,Emily Herbert,2022-07-04 20:30:29-04:00,2022-07-06 00:29:33+00:00
sway-lsp/src/core/token.rs,Andrew Cann,Joshua Batty,2022-08-24 23:28:21+10:00,2022-08-24 18:11:54-07:00
sway-lsp/src/core/token.rs,IGI-111,João Matos,2023-02-22 09:33:32+00:00,2023-02-22 09:50:47+00:00
sway-lsp/src/core/token.rs,João Matos,Joshua Batty,2023-02-22 09:50:47+00:00,2023-02-23 08:49:45+00:00
sway-lsp/src/core/token.rs,Sophie Dankel,IGI-111,2023-03-08 17:25:55-08:00,2023-03-09 19:14:52+11:00
sway-lsp/src/core/traverse_parse_tree.rs,Joshua Batty,Andrew Cann,2022-08-11 05:20:28+00:00,2022-08-11 22:32:15+00:00
sway-lsp/src/core/traverse_parse_tree.rs,Andrew Cann,Joshua Batty,2022-08-24 23:28:21+10:00,2022-08-24 18:11:54-07:00
sway-lsp/src/core/traverse_parse_tree.rs,Emily Herbert,Anton Trunov,2022-10-07 13:49:40+11:00,2022-10-08 00:27:52+00:00
sway-lsp/src/core/traverse_typed_tree.rs,Andrew Cann,Emily Herbert,2022-06-06 11:35:32+08:00,2022-06-06 21:27:31-05:00
sway-lsp/src/core/traverse_typed_tree.rs,Emily Herbert,Joshua Batty,2022-06-07 20:51:58-05:00,2022-06-08 13:16:52+10:00
sway-lsp/src/core/traverse_typed_tree.rs,Emily Herbert,João Matos,2022-09-09 16:28:45+01:00,2022-09-09 15:03:11-04:00
sway-lsp/src/core/traverse_typed_tree.rs,Emily Herbert,João Matos,2022-10-13 15:28:53+00:00,2022-10-14 11:12:19+00:00
sway-lsp/src/error.rs,Sophie Dankel,Joshua Batty,2023-04-12 01:45:49-07:00,2023-04-13 10:46:53+10:00
sway-lsp/src/lib.rs,Sophie Dankel,bing,2022-10-24 05:34:11+00:00,2022-10-24 11:10:21+00:00
sway-lsp/src/server.rs,Chris O'Brien,Joshua Batty,2022-09-26 00:29:03+00:00,2022-09-26 06:45:10+00:00
sway-lsp/src/server.rs,Joshua Batty,Sophie Dankel,2022-12-16 12:52:13+03:00,2022-12-16 22:08:10-08:00
sway-lsp/src/server.rs,Sophie Dankel,Joshua Batty,2022-12-16 22:08:10-08:00,2022-12-17 20:50:58-05:00
sway-lsp/src/server.rs,Sophie Dankel,Joshua Batty,2023-01-10 21:52:22-06:00,2023-01-12 10:59:27+11:00
sway-lsp/src/server.rs,Nick Furfaro,Sophie Dankel,2023-01-26 16:05:13-05:00,2023-01-26 23:13:42-08:00
sway-lsp/src/server.rs,Sophie Dankel,IGI-111,2023-01-26 23:13:42-08:00,2023-01-27 20:10:30+00:00
sway-lsp/src/server.rs,Braqzen,IGI-111,2023-01-29 14:28:06-07:00,2023-01-30 07:25:15+01:00
sway-lsp/src/server.rs,IGI-111,Joshua Batty,2023-02-06 23:54:00+00:00,2023-02-07 00:08:21+00:00
sway-lsp/src/server.rs,Joshua Batty,Sophie Dankel,2023-02-07 00:08:21+00:00,2023-02-06 16:41:44-08:00
sway-lsp/src/server.rs,Sophie Dankel,Joshua Batty,2023-04-12 01:45:49-07:00,2023-04-13 10:46:53+10:00
sway-lsp/src/traverse/dependency.rs,Joshua Batty,Emily Herbert,2023-03-09 11:19:51-05:00,2023-03-10 07:37:46+11:00
sway-lsp/src/traverse/lexed_tree.rs,João Matos,Mohammad Fawaz,2023-03-15 09:24:13-04:00,2023-03-16 00:58:30+00:00
sway-lsp/src/traverse/parsed_tree.rs,Marcos Henrich,IGI-111,2023-02-03 11:41:40+00:00,2023-02-03 20:20:01+01:00
sway-lsp/src/traverse/parsed_tree.rs,IGI-111,Marcos Henrich,2023-02-12 16:26:44+00:00,2023-02-12 17:05:57+00:00
sway-lsp/src/traverse/parsed_tree.rs,Marcos Henrich,IGI-111,2023-02-12 17:05:57+00:00,2023-02-13 11:34:17+01:00
sway-lsp/src/traverse/parsed_tree.rs,IGI-111,Sophie Dankel,2023-02-13 11:34:17+01:00,2023-02-14 16:10:55+11:00
sway-lsp/src/traverse/parsed_tree.rs,Sophie Dankel,IGI-111,2023-02-14 16:10:55+11:00,2023-02-14 10:41:45-05:00
sway-lsp/src/traverse/parsed_tree.rs,IGI-111,Anton Trunov,2023-02-16 10:17:46+00:00,2023-02-16 10:38:14-05:00
sway-lsp/src/traverse/parsed_tree.rs,Joshua Batty,IGI-111,2023-02-20 03:23:52-05:00,2023-02-20 08:44:26+00:00
sway-lsp/src/traverse/parsed_tree.rs,IGI-111,João Matos,2023-02-22 09:33:32+00:00,2023-02-22 09:50:47+00:00
sway-lsp/src/traverse/parsed_tree.rs,Sophie Dankel,IGI-111,2023-03-08 17:25:55-08:00,2023-03-09 19:14:52+11:00
sway-lsp/src/traverse/parsed_tree.rs,João Matos,Mohammad Fawaz,2023-03-15 09:24:13-04:00,2023-03-16 00:58:30+00:00
sway-lsp/src/traverse/parsed_tree.rs,Igor Rončević,Joshua Batty,2024-04-30 18:39:07+02:00,2024-05-01 15:56:11+04:00
sway-lsp/src/traverse/parsed_tree.rs,João Matos,Daniel Frederico Lins Leite,2024-08-06 08:18:57-07:00,2024-08-07 02:00:09-07:00
sway-lsp/src/traverse/typed_tree.rs,Joshua Batty,Emily Herbert,2023-01-11 11:01:36+11:00,2023-01-11 15:02:22-05:00
sway-lsp/src/traverse/typed_tree.rs,Marcos Henrich,IGI-111,2023-02-03 11:41:40+00:00,2023-02-03 20:20:01+01:00
sway-lsp/src/traverse/typed_tree.rs,IGI-111,Marcos Henrich,2023-02-12 16:26:44+00:00,2023-02-12 17:05:57+00:00
sway-lsp/src/traverse/typed_tree.rs,Marcos Henrich,IGI-111,2023-02-12 17:05:57+00:00,2023-02-13 10:50:42+01:00
sway-lsp/src/traverse/typed_tree.rs,IGI-111,Emily Herbert,2023-02-13 11:34:17+01:00,2023-02-14 14:24:47+11:00
sway-lsp/src/traverse/typed_tree.rs,Emily Herbert,IGI-111,2023-02-14 14:24:47+11:00,2023-02-14 10:41:45-05:00
sway-lsp/src/traverse/typed_tree.rs,IGI-111,Anton Trunov,2023-02-16 10:17:46+00:00,2023-02-16 10:38:14-05:00
sway-lsp/src/traverse/typed_tree.rs,Joshua Batty,IGI-111,2023-02-20 03:23:52-05:00,2023-02-20 08:44:26+00:00
sway-lsp/src/traverse/typed_tree.rs,IGI-111,João Matos,2023-02-22 09:33:32+00:00,2023-02-22 09:50:47+00:00
sway-lsp/src/traverse/typed_tree.rs,João Matos,Joshua Batty,2023-02-22 09:50:47+00:00,2023-02-23 06:34:24+00:00
sway-lsp/src/traverse/typed_tree.rs,IGI-111,Joshua Batty,2023-03-09 19:14:52+11:00,2023-03-09 11:19:51-05:00
sway-lsp/src/traverse/typed_tree.rs,Joshua Batty,Emily Herbert,2023-03-09 11:19:51-05:00,2023-03-10 07:37:46+11:00
sway-lsp/src/traverse/typed_tree.rs,Emily Herbert,Mohammad Fawaz,2023-03-10 07:37:46+11:00,2023-03-09 18:38:54-05:00
sway-lsp/src/traverse/typed_tree.rs,Mohammad Fawaz,Emily Herbert,2023-03-09 18:38:54-05:00,2023-03-10 12:59:16-05:00
sway-lsp/src/traverse/typed_tree.rs,Emily Herbert,IGI-111,2023-03-10 12:59:16-05:00,2023-03-10 18:46:33+00:00
sway-lsp/src/traverse/typed_tree.rs,IGI-111,Emily Herbert,2023-03-10 18:46:33+00:00,2023-03-10 19:09:44+00:00
sway-lsp/src/traverse/typed_tree.rs,Emily Herbert,João Matos,2023-03-14 15:46:00-05:00,2023-03-15 09:24:13-04:00
sway-lsp/src/traverse/typed_tree.rs,João Matos,Mohammad Fawaz,2023-03-15 09:24:13-04:00,2023-03-16 00:58:30+00:00
sway-lsp/src/traverse/typed_tree.rs,Toby Hutton,IGI-111,2023-04-02 21:30:34+00:00,2023-04-03 13:15:29+10:00
sway-lsp/src/traverse/typed_tree.rs,João Matos,Emily Herbert,2023-04-05 13:20:17+00:00,2023-04-06 08:00:05+10:00
sway-lsp/src/traverse/typed_tree.rs,Joshua Batty,IGI-111,2023-04-18 23:13:48+10:00,2023-04-18 22:08:17+00:00
sway-lsp/src/traverse/typed_tree.rs,IGI-111,Joshua Batty,2023-04-18 22:08:17+00:00,2023-04-19 11:35:12+00:00
sway-lsp/src/traverse/typed_tree.rs,jjcnn,Marcos Henrich,2024-02-08 12:32:35+01:00,2024-02-08 18:26:24+00:00
sway-lsp/src/traverse/typed_tree.rs,Igor Rončević,Joshua Batty,2024-04-30 18:39:07+02:00,2024-05-01 15:56:11+04:00
sway-lsp/src/utils/attributes.rs,João Matos,Joshua Batty,2023-02-22 09:50:47+00:00,2023-02-23 08:49:45+00:00
sway-lsp/src/utils/debug.rs,Andrew Cann,Emily Herbert,2022-06-06 11:35:32+08:00,2022-06-06 20:03:00-05:00
sway-lsp/src/utils/debug.rs,Emily Herbert,Anton Trunov,2022-10-07 13:49:40+11:00,2022-10-08 00:27:52+00:00
sway-lsp/src/utils/debug.rs,Joshua Batty,Emily Herbert,2023-03-09 11:19:51-05:00,2023-03-10 07:37:46+11:00
sway-lsp/tests/fixtures/completion/Forc.toml,Sophie Dankel,IGI-111,2023-03-08 17:25:55-08:00,2023-03-09 19:14:52+11:00
sway-lsp/tests/integration/lsp.rs,Joshua Batty,Sophie Dankel,2023-02-13 11:21:37+00:00,2023-02-14 16:10:55+11:00
sway-lsp/tests/lib.rs,Joshua Batty,IGI-111,2023-02-09 18:24:08-05:00,2023-02-10 12:57:04+00:00
sway-lsp/tests/lib.rs,IGI-111,Joshua Batty,2023-02-13 11:34:17+01:00,2023-02-13 11:21:37+00:00
sway-lsp/tests/lib.rs,Joshua Batty,Sophie Dankel,2023-02-13 11:21:37+00:00,2023-02-14 16:10:55+11:00
sway-lsp/tests/lib.rs,Sophie Dankel,IGI-111,2023-02-14 16:10:55+11:00,2023-02-14 10:41:45-05:00
sway-lsp/tests/lib.rs,Chris O'Brien,IGI-111,2023-02-22 14:02:14+11:00,2023-02-22 09:33:32+00:00
sway-lsp/tests/lib.rs,IGI-111,Joshua Batty,2023-02-22 09:33:32+00:00,2023-02-23 08:49:45+00:00
sway-lsp/tests/lib.rs,Joshua Batty,Camila,2023-02-23 08:49:45+00:00,2023-02-23 23:18:46+11:00
sway-lsp/tests/lib.rs,Joshua Batty,Chris O'Brien,2023-02-28 07:39:06+00:00,2023-02-28 18:15:35-05:00
sway-lsp/tests/lib.rs,Sophie Dankel,IGI-111,2023-03-08 17:25:55-08:00,2023-03-09 19:14:52+11:00
sway-lsp/tests/lib.rs,sarahschwartz,Sophie Dankel,2023-04-19 15:13:30-06:00,2023-04-20 01:37:54+03:00
sway-lsp/tests/lib.rs,Joshua Batty,SwayStar123,2023-08-21 18:40:21-07:00,2023-08-22 04:31:50+00:00
sway-lsp/tests/lib.rs,IGI-111,Sophie Dankel,2023-10-20 09:53:42+11:00,2023-10-20 21:18:26+00:00
sway-lsp/tests/lib.rs,Joshua Batty,Igor Rončević,2024-03-25 17:57:09+01:00,2024-03-26 14:30:15+04:00
sway-lsp/tests/lib.rs,Igor Rončević,Joshua Batty,2024-03-26 14:30:15+04:00,2024-03-26 12:45:18+00:00
sway-lsp/tests/lib.rs,SwayStar123,Igor Rončević,2025-03-12 23:52:38+01:00,2025-03-13 20:47:01+11:00
sway-parse/Cargo.toml,John Adler,Alex Hansen,2022-05-26 21:12:03-07:00,2022-05-26 22:58:56-07:00
sway-parse/Cargo.toml,Alex Hansen,Emily Herbert,2022-05-26 22:58:56-07:00,2022-05-27 14:03:29-05:00
sway-parse/Cargo.toml,Emily Herbert,Mohammad Fawaz,2022-05-27 14:03:29-05:00,2022-05-28 14:07:02-04:00
sway-parse/Cargo.toml,Emily Herbert,Mohammad Fawaz,2022-08-18 15:25:28-04:00,2022-08-18 15:02:14-07:00
sway-parse/Cargo.toml,Kaya Gökalp,mitchmindtree,2023-04-24 22:19:25+02:00,2023-04-25 03:53:15+00:00
sway-parse/Cargo.toml,Kaya Gökalp,IGI-111,2023-05-31 10:21:28+00:00,2023-05-31 15:13:02+00:00
sway-parse/Cargo.toml,Joshua Batty,IGI-111,2023-12-06 17:48:58+11:00,2023-12-06 10:37:39+00:00
sway-parse/Cargo.toml,IGI-111,Kaya Gökalp,2024-05-13 08:19:45+01:00,2024-05-13 16:44:55-07:00
sway-parse/Cargo.toml,Sophie Dankel,Kaya Gökalp,2024-08-19 18:37:36+02:00,2024-08-19 20:34:40+00:00
sway-parse/Cargo.toml,IGI-111,Joshua Batty,2024-08-28 23:06:10+02:00,2024-08-28 23:57:55-07:00
sway-parse/src/expr/mod.rs,Toby Hutton,Andrew Cann,2022-05-19 15:27:55+10:00,2022-05-19 18:37:13+08:00
sway-parse/src/expr/mod.rs,Emily Herbert,Andrew Cann,2022-05-25 08:41:13-05:00,2022-05-25 09:30:18-07:00
sway-parse/src/item/mod.rs,JC,João Matos,2022-08-12 16:03:27-07:00,2022-08-13 05:22:46+00:00
sway-parse/src/item/mod.rs,Andrew Cann,JC,2022-08-16 00:04:20+00:00,2022-08-16 13:36:48+00:00
sway-parse/src/item/mod.rs,João Matos,Mohammad Fawaz,2023-03-15 09:24:13-04:00,2023-03-16 00:58:30+00:00
sway-parse/src/lib.rs,Chris O'Brien,Toby Hutton,2022-05-18 21:37:35-05:00,2022-05-19 15:27:55+10:00
sway-parse/src/token.rs,Mohammad Fawaz,mitchmindtree,2022-07-21 07:05:22-04:00,2022-07-22 16:13:29+10:00
sway-server/Cargo.toml,John Adler,Alex Hansen,2021-12-23 14:08:12-05:00,2021-12-24 09:28:41-08:00
sway-server/Cargo.toml,Alex Hansen,John Adler,2021-12-24 19:40:54-05:00,2021-12-24 22:25:11-08:00
sway-server/Cargo.toml,John Adler,Alex Hansen,2021-12-28 17:13:38-05:00,2021-12-29 11:44:11-08:00
sway-server/Cargo.toml,Alex Hansen,John Adler,2021-12-29 11:44:11-08:00,2021-12-29 21:36:37-05:00
sway-server/src/capabilities/diagnostic.rs,Alex Hansen,John Adler,2021-12-24 19:40:54-05:00,2021-12-25 09:24:34-08:00
sway-server/src/server.rs,Alex Hansen,John Adler,2021-12-24 09:28:41-08:00,2021-12-25 09:24:34-08:00
sway-server/src/utils/common.rs,alex-matthe,Emily Herbert,2022-01-11 15:52:02-05:00,2022-01-11 18:17:53-05:00
sway-types/Cargo.toml,Alex Hansen,John Adler,2021-12-24 19:40:54-05:00,2021-12-24 22:25:11-08:00
sway-types/Cargo.toml,John Adler,Alex Hansen,2021-12-28 17:13:38-05:00,2021-12-29 11:44:11-08:00
sway-types/Cargo.toml,Alex Hansen,John Adler,2021-12-29 11:44:11-08:00,2021-12-29 21:36:37-05:00
sway-types/Cargo.toml,John Adler,Alex Hansen,2022-03-28 16:59:21-04:00,2022-03-29 08:49:39-04:00
sway-types/Cargo.toml,Mohammad Fawaz,John Adler,2022-05-25 18:01:21-04:00,2022-05-26 11:25:39-04:00
sway-types/Cargo.toml,John Adler,Alex Hansen,2022-05-26 21:12:03-07:00,2022-05-26 22:58:56-07:00
sway-types/Cargo.toml,Alex Hansen,Emily Herbert,2022-05-26 22:58:56-07:00,2022-05-27 14:03:29-05:00
sway-types/Cargo.toml,Emily Herbert,Mohammad Fawaz,2022-05-27 14:03:29-05:00,2022-05-28 14:07:02-04:00
sway-types/Cargo.toml,Braqzen,Mohammad Fawaz,2022-07-01 12:30:34+00:00,2022-07-01 15:12:20-04:00
sway-types/Cargo.toml,Emily Herbert,Mohammad Fawaz,2022-08-18 15:25:28-04:00,2022-08-18 15:02:14-07:00
sway-types/Cargo.toml,Nick Furfaro,Mohammad Fawaz,2022-08-31 12:59:45+00:00,2022-08-31 21:49:35-04:00
sway-types/Cargo.toml,Brandon Kite,Mohammad Fawaz,2022-11-02 15:19:26+11:00,2022-11-02 15:40:29-04:00
sway-types/Cargo.toml,Kaya Gökalp,Mohammad Fawaz,2022-11-28 20:26:21+00:00,2022-11-29 11:59:43-05:00
sway-types/Cargo.toml,Brandon Kite,João Matos,2023-02-08 20:01:12+11:00,2023-02-08 10:38:48+00:00
sway-types/Cargo.toml,Kaya Gökalp,mitchmindtree,2023-04-24 22:19:25+02:00,2023-04-25 03:53:15+00:00
sway-types/Cargo.toml,Kaya Gökalp,IGI-111,2023-05-31 10:21:28+00:00,2023-05-31 15:13:02+00:00
sway-types/Cargo.toml,Joshua Batty,IGI-111,2023-12-06 17:48:58+11:00,2023-12-06 10:37:39+00:00
sway-types/Cargo.toml,IGI-111,Kaya Gökalp,2024-05-13 08:19:45+01:00,2024-05-13 16:44:55-07:00
sway-types/Cargo.toml,Sophie Dankel,Kaya Gökalp,2024-08-19 18:37:36+02:00,2024-08-19 20:34:40+00:00
sway-types/Cargo.toml,IGI-111,Joshua Batty,2024-08-28 23:06:10+02:00,2024-08-28 23:57:55-07:00
sway-types/src/constants.rs,Mazdak Farrokhzad,mitchmindtree,2022-10-10 12:10:54+02:00,2022-10-11 09:40:28+11:00
sway-types/src/ident.rs,Marcos Henrich,Sophie Dankel,2023-10-20 16:20:19+01:00,2023-10-20 21:18:26+00:00
sway-types/src/lib.rs,Mohammad Fawaz,Alex Hansen,2022-08-18 13:36:27-04:00,2022-08-18 19:23:53+01:00
sway-types/src/lib.rs,Kaya Gökalp,bing,2023-03-16 10:01:16+00:00,2023-03-17 01:15:55+00:00
sway-types/src/span.rs,Alex Hansen,Andrew Cann,2022-05-16 22:49:36-04:00,2022-05-18 07:25:41+10:00
sway-types/src/span.rs,mitchmindtree,Vaivaswatha N,2022-06-29 03:11:11+00:00,2022-06-29 16:04:39+00:00
sway-utils/Cargo.toml,Alex Hansen,John Adler,2021-12-24 19:40:54-05:00,2021-12-24 22:25:11-08:00
sway-utils/Cargo.toml,John Adler,Alex Hansen,2021-12-28 17:13:38-05:00,2021-12-29 11:44:11-08:00
sway-utils/Cargo.toml,Alex Hansen,John Adler,2021-12-29 11:44:11-08:00,2021-12-29 21:36:37-05:00
sway-utils/Cargo.toml,John Adler,Alex Hansen,2022-03-28 16:59:21-04:00,2022-03-29 08:49:39-04:00
sway-utils/Cargo.toml,John Adler,Alex Hansen,2022-05-26 21:12:03-07:00,2022-05-26 22:58:56-07:00
sway-utils/Cargo.toml,Alex Hansen,Emily Herbert,2022-05-26 22:58:56-07:00,2022-05-27 14:03:29-05:00
sway-utils/Cargo.toml,Emily Herbert,Mohammad Fawaz,2022-05-27 14:03:29-05:00,2022-05-28 14:07:02-04:00
sway-utils/Cargo.toml,Emily Herbert,Mohammad Fawaz,2022-08-18 15:25:28-04:00,2022-08-18 15:02:14-07:00
sway-utils/Cargo.toml,Kaya Gökalp,mitchmindtree,2023-04-24 22:19:25+02:00,2023-04-25 03:53:15+00:00
sway-utils/Cargo.toml,Kaya Gökalp,IGI-111,2023-05-31 10:21:28+00:00,2023-05-31 15:13:02+00:00
sway-utils/Cargo.toml,Joshua Batty,IGI-111,2023-12-06 17:48:58+11:00,2023-12-06 10:37:39+00:00
sway-utils/Cargo.toml,IGI-111,Kaya Gökalp,2024-05-13 08:19:45+01:00,2024-05-13 16:44:55-07:00
sway-utils/Cargo.toml,Sophie Dankel,Kaya Gökalp,2024-08-19 18:37:36+02:00,2024-08-19 20:34:40+00:00
sway-utils/Cargo.toml,IGI-111,Joshua Batty,2024-08-28 23:06:10+02:00,2024-08-28 23:57:55-07:00
swayfmt/Cargo.toml,Chris O'Brien,Mohammad Fawaz,2022-09-02 11:40:00-05:00,2022-09-02 18:20:32-04:00
swayfmt/Cargo.toml,Mohammad Fawaz,bing,2022-10-23 20:30:18-04:00,2022-10-24 11:10:21+00:00
swayfmt/Cargo.toml,bing,Mohammad Fawaz,2022-10-24 11:10:21+00:00,2022-10-25 17:31:02+11:00
swayfmt/Cargo.toml,Mohammad Fawaz,bing,2023-02-17 15:08:34-08:00,2023-02-18 13:51:36+03:00
swayfmt/Cargo.toml,Kaya Gökalp,mitchmindtree,2023-04-24 22:19:25+02:00,2023-04-25 03:53:15+00:00
swayfmt/Cargo.toml,Kaya Gökalp,IGI-111,2023-05-31 10:21:28+00:00,2023-05-31 15:13:02+00:00
swayfmt/Cargo.toml,Joshua Batty,IGI-111,2023-12-06 17:48:58+11:00,2023-12-06 10:37:39+00:00
swayfmt/Cargo.toml,IGI-111,Kaya Gökalp,2024-05-13 08:19:45+01:00,2024-05-13 16:44:55-07:00
swayfmt/Cargo.toml,Sophie Dankel,Kaya Gökalp,2024-08-19 18:37:36+02:00,2024-08-19 20:34:40+00:00
swayfmt/Cargo.toml,IGI-111,Joshua Batty,2024-08-28 23:06:10+02:00,2024-08-28 23:57:55-07:00
swayfmt/src/comments.rs,Chris-san,Cesar,2023-10-11 01:22:51-03:00,2023-10-11 21:05:10-05:00
swayfmt/src/formatter/mod.rs,Chris O'Brien,Kaya Gökalp,2022-09-02 11:40:00-05:00,2022-09-02 17:57:26-04:00
swayfmt/src/items/item_abi.rs,Daniel Frederico Lins Leite,Sophie Dankel,2023-08-23 14:32:02+00:00,2023-08-23 22:12:00+00:00
swayfmt/src/items/item_fn/mod.rs,Chris-san,Cesar,2023-10-11 01:22:51-03:00,2023-10-11 21:05:10-05:00
swayfmt/src/items/item_fn/mod.rs,Cesar,Chris-san,2023-10-11 21:05:10-05:00,2023-10-12 22:29:06+00:00
swayfmt/src/items/item_impl/mod.rs,Chris-san,Cesar,2023-10-11 01:22:51-03:00,2023-10-11 21:05:10-05:00
swayfmt/src/items/item_impl/mod.rs,Cesar,Chris-san,2023-10-11 21:05:10-05:00,2023-10-12 22:29:06+00:00
swayfmt/src/items/item_trait/mod.rs,Daniel Frederico Lins Leite,Sophie Dankel,2023-08-23 14:32:02+00:00,2023-08-23 22:12:00+00:00
swayfmt/src/items/item_trait/mod.rs,Sophie Dankel,Daniel Frederico Lins Leite,2023-08-25 09:29:02+10:00,2023-08-24 23:57:58+00:00
swayfmt/src/module/mod.rs,Chris O'Brien,Kaya Gökalp,2022-09-02 11:40:00-05:00,2022-09-02 17:57:26-04:00
swayfmt/src/utils/language/expr/mod.rs,João Matos,IGI-111,2023-07-31 15:30:52+00:00,2023-08-01 16:12:53+01:00
swayfmt/src/utils/language/punctuated.rs,bing,Mohammad Fawaz,2023-02-17 08:23:44+08:00,2023-02-17 08:51:00+00:00
swayfmt/src/utils/map/byte_span.rs,Chris O'Brien,Kaya Gökalp,2022-09-02 11:40:00-05:00,2022-09-02 17:57:26-04:00
swayfmt/src/utils/map/comments.rs,Chris O'Brien,Kaya Gökalp,2022-09-02 11:40:00-05:00,2022-09-02 17:57:26-04:00
swayfmt/tests/mod.rs,Chris O'Brien,Anton Trunov,2023-02-16 04:59:24+00:00,2023-02-16 10:38:14-05:00
swayfmt/tests/mod.rs,Anton Trunov,bing,2023-02-16 10:38:14-05:00,2023-02-17 09:02:11+08:00
swayfmt/tests/mod.rs,bing,Chris O'Brien,2023-02-17 09:02:11+08:00,2023-02-17 00:09:02-06:00
swayfmt/tests/mod.rs,César D. Rodas,hal3e,2023-12-06 06:13:16+11:00,2023-12-06 03:19:54+04:00
templates/sway-test-rs/template/Cargo.toml,Brandon Kite,João Matos,2023-02-08 20:01:12+11:00,2023-02-08 10:38:48+00:00
test/Cargo.toml,Elvis,Toby Hutton,2021-09-21 16:22:59+02:00,2021-09-22 14:53:21+10:00
test/Cargo.toml,Alex Hansen,John Adler,2021-12-24 19:40:54-05:00,2021-12-24 22:25:11-08:00
test/Cargo.toml,John Adler,Alex Hansen,2021-12-28 17:13:38-05:00,2021-12-29 11:44:11-08:00
test/Cargo.toml,Alex Hansen,John Adler,2021-12-29 11:44:11-08:00,2021-12-29 21:36:37-05:00
test/Cargo.toml,John Adler,Alex Hansen,2022-03-28 16:59:21-04:00,2022-03-29 08:49:39-04:00
test/Cargo.toml,Mohammad Fawaz,bing,2022-05-03 12:34:07-04:00,2022-05-04 22:20:52+08:00
test/Cargo.toml,Mohammad Fawaz,Emir,2022-06-27 02:18:34+00:00,2022-06-28 00:12:51+00:00
test/Cargo.toml,bing,JC,2022-10-24 11:10:21+00:00,2022-10-25 10:59:23+11:00
test/src/e2e_vm_tests/harness.rs,Hannes Karppila,Toby Hutton,2022-01-28 08:31:45-08:00,2022-01-28 08:53:11-08:00
test/src/e2e_vm_tests/harness.rs,Emily Herbert,Toby Hutton,2022-02-02 13:42:58-08:00,2022-02-03 14:11:55+11:00
test/src/e2e_vm_tests/harness.rs,Toby Hutton,Chris O'Brien,2022-04-04 06:31:45-07:00,2022-04-04 17:56:39-05:00
test/src/e2e_vm_tests/harness.rs,Mohammad Fawaz,Emir,2022-06-27 02:18:34+00:00,2022-06-28 00:12:51+00:00
test/src/e2e_vm_tests/harness.rs,Kaya Gökalp,Mohammad Fawaz,2022-08-18 01:46:12+00:00,2022-08-18 13:36:27-04:00
test/src/e2e_vm_tests/harness.rs,Nick Furfaro,Mohammad Fawaz,2022-08-31 12:59:45+00:00,2022-09-01 11:03:10+10:00
test/src/e2e_vm_tests/harness.rs,Mohammad Fawaz,Kaya Gökalp,2022-09-01 11:03:10+10:00,2022-09-02 07:57:42+10:00
test/src/e2e_vm_tests/harness.rs,Kaya Gökalp,JC,2022-09-02 07:57:42+10:00,2022-09-02 11:44:16-07:00
test/src/e2e_vm_tests/harness.rs,Toby Hutton,JC,2022-10-24 18:18:42+00:00,2022-10-25 10:59:23+11:00
test/src/e2e_vm_tests/harness.rs,Kaya Gökalp,Marcos Henrich,2022-10-26 14:02:50+00:00,2022-10-27 10:13:21+00:00
test/src/e2e_vm_tests/harness.rs,Marcos Henrich,mitchmindtree,2022-10-27 10:13:21+00:00,2022-10-28 09:00:02+11:00
test/src/e2e_vm_tests/harness.rs,João Matos,mitchmindtree,2023-01-31 09:29:37+00:00,2023-01-31 21:55:45+11:00
test/src/e2e_vm_tests/harness.rs,Kaya Gökalp,IGI-111,2023-05-24 12:14:13+00:00,2023-05-25 11:25:08+02:00
test/src/e2e_vm_tests/harness.rs,Kaya Gökalp,Anton Trunov,2023-07-07 00:18:05+00:00,2023-07-07 12:30:32+01:00
test/src/e2e_vm_tests/harness.rs,Daniel Frederico Lins Leite,Igor Rončević,2024-05-12 18:22:46+01:00,2024-05-13 13:51:23+01:00
test/src/e2e_vm_tests/mod.rs,Toby Hutton,Alex Hansen,2021-09-09 07:53:37+10:00,2021-09-08 16:22:12-07:00
test/src/e2e_vm_tests/mod.rs,Alex Hansen,Toby Hutton,2021-09-08 16:22:12-07:00,2021-09-09 14:54:49+10:00
test/src/e2e_vm_tests/mod.rs,Alex Hansen,Emily Herbert,2021-09-21 07:22:11-07:00,2021-09-21 14:37:44-05:00
test/src/e2e_vm_tests/mod.rs,Emily Herbert,Toby Hutton,2021-09-21 14:37:44-05:00,2021-09-22 14:53:21+10:00
test/src/e2e_vm_tests/mod.rs,Alex Hansen,Emily Herbert,2021-09-28 21:47:32-07:00,2021-09-29 11:17:09-05:00
test/src/e2e_vm_tests/mod.rs,Emily Herbert,Toby Hutton,2021-09-29 11:17:09-05:00,2021-09-30 08:15:32+10:00
test/src/e2e_vm_tests/mod.rs,Alex Hansen,Toby Hutton,2021-10-11 10:54:24-07:00,2021-10-11 11:10:19-07:00
test/src/e2e_vm_tests/mod.rs,Toby Hutton,Alex Hansen,2021-11-11 09:45:18-08:00,2021-11-11 11:30:20-08:00
test/src/e2e_vm_tests/mod.rs,Alex Hansen,Andrew Cann,2021-11-11 11:30:20-08:00,2021-11-12 10:26:42-08:00
test/src/e2e_vm_tests/mod.rs,Alex Hansen,Nick Furfaro,2021-11-26 16:14:43-08:00,2021-11-27 09:27:49-07:00
test/src/e2e_vm_tests/mod.rs,Alex Hansen,ControlCplusControlV,2021-12-29 18:22:31-08:00,2021-12-30 14:48:39-08:00
test/src/e2e_vm_tests/mod.rs,Emily Herbert,Alex Hansen,2022-01-06 09:55:18-08:00,2022-01-06 13:37:51-08:00
test/src/e2e_vm_tests/mod.rs,Alex Hansen,m-fawaz,2022-01-06 13:37:51-08:00,2022-01-07 10:41:21-08:00
test/src/e2e_vm_tests/mod.rs,Nick Furfaro,Alex Hansen,2022-01-12 14:44:43-07:00,2022-01-13 13:08:36-08:00
test/src/e2e_vm_tests/mod.rs,Alex Hansen,Mohammad Fawaz,2022-01-28 09:10:43-08:00,2022-01-28 12:31:23-05:00
test/src/e2e_vm_tests/mod.rs,Mohammad Fawaz,Emily Herbert,2022-02-02 13:36:20-08:00,2022-02-02 13:42:58-08:00
test/src/e2e_vm_tests/mod.rs,Emily Herbert,Toby Hutton,2022-02-02 13:42:58-08:00,2022-02-03 14:11:39+11:00
test/src/e2e_vm_tests/mod.rs,Toby Hutton,Mohammad Fawaz,2022-02-03 14:11:39+11:00,2022-02-03 15:20:49-05:00
test/src/e2e_vm_tests/mod.rs,Mohammad Fawaz,Emily Herbert,2022-02-23 14:03:11-05:00,2022-02-24 10:51:54+11:00
test/src/e2e_vm_tests/mod.rs,Emily Herbert,Mohammad Fawaz,2022-02-24 10:51:54+11:00,2022-02-24 18:02:05-05:00
test/src/e2e_vm_tests/mod.rs,Mohammad Fawaz,Emily Herbert,2022-02-24 18:02:05-05:00,2022-02-25 16:31:55-06:00
test/src/e2e_vm_tests/mod.rs,Mohammad Fawaz,Alex Hansen,2022-03-09 20:35:05-05:00,2022-03-10 11:56:04-08:00
test/src/e2e_vm_tests/mod.rs,Nick Furfaro,Toby Hutton,2022-03-20 12:32:53+11:00,2022-03-21 11:12:40+11:00
test/src/e2e_vm_tests/mod.rs,Alex Hansen,Emily Herbert,2022-03-21 18:23:05-07:00,2022-03-22 13:34:43-05:00
test/src/e2e_vm_tests/mod.rs,Mohammad Fawaz,mitchmindtree,2022-03-23 15:24:09-04:00,2022-03-24 10:36:02+11:00
test/src/e2e_vm_tests/mod.rs,mitchmindtree,Alex Hansen,2022-03-24 10:36:02+11:00,2022-03-23 21:16:43-04:00
test/src/e2e_vm_tests/mod.rs,Mohammad Fawaz,Emily Herbert,2022-03-28 15:19:18-04:00,2022-03-29 18:33:22+04:00
test/src/e2e_vm_tests/mod.rs,Emily Herbert,Alex Hansen,2022-03-29 18:33:22+04:00,2022-03-30 05:46:47+04:00
test/src/e2e_vm_tests/mod.rs,Alex Hansen,Emily Herbert,2022-03-30 05:46:47+04:00,2022-03-30 09:14:26+04:00
test/src/e2e_vm_tests/mod.rs,Chris O'Brien,Mohammad Fawaz,2022-04-04 17:56:39-05:00,2022-04-04 21:53:23-04:00
test/src/e2e_vm_tests/mod.rs,Mohammad Fawaz,Alex Hansen,2022-04-07 09:14:26-04:00,2022-04-07 20:50:01-07:00
test/src/e2e_vm_tests/mod.rs,Alex Hansen,Mohammad Fawaz,2022-04-07 20:50:01-07:00,2022-04-08 19:59:18-04:00
test/src/e2e_vm_tests/mod.rs,Alex Hansen,Mohammad Fawaz,2022-05-13 10:41:26-07:00,2022-05-13 13:45:21-04:00
test/src/e2e_vm_tests/mod.rs,Mohammad Fawaz,Alex Hansen,2022-05-13 13:45:21-04:00,2022-05-14 06:04:03-07:00
test/src/e2e_vm_tests/mod.rs,Mohammad Fawaz,Nick Furfaro,2022-05-16 20:18:22-04:00,2022-05-17 15:17:52-07:00
test/src/e2e_vm_tests/mod.rs,Nick Furfaro,mitchmindtree,2022-05-17 15:17:52-07:00,2022-05-18 18:33:47+10:00
test/src/e2e_vm_tests/mod.rs,mitchmindtree,Toby Hutton,2022-05-18 18:33:47+10:00,2022-05-19 15:27:55+10:00
test/src/e2e_vm_tests/mod.rs,Toby Hutton,Andrew Cann,2022-05-19 15:27:55+10:00,2022-05-19 18:49:48+08:00
test/src/e2e_vm_tests/mod.rs,Andrew Cann,Alex Hansen,2022-05-19 18:49:48+08:00,2022-05-19 21:54:42-04:00
test/src/e2e_vm_tests/mod.rs,Alex Hansen,Kaya Gökalp,2022-05-19 21:54:42-04:00,2022-05-20 11:18:01+03:00
test/src/e2e_vm_tests/mod.rs,Kaya Gökalp,Mohammad Fawaz,2022-05-20 11:18:01+03:00,2022-05-20 07:43:45-04:00
test/src/e2e_vm_tests/mod.rs,Emily Herbert,Mohammad Fawaz,2022-05-23 18:42:16-05:00,2022-05-23 21:48:00-04:00
test/src/e2e_vm_tests/mod.rs,John Adler,Mohammad Fawaz,2022-05-25 11:34:19-04:00,2022-05-25 13:11:33-04:00
test/src/e2e_vm_tests/mod.rs,Mohammad Fawaz,Emily Herbert,2022-05-25 13:11:33-04:00,2022-05-25 16:39:56-05:00
test/src/e2e_vm_tests/mod.rs,Emily Herbert,John Adler,2022-05-25 16:39:56-05:00,2022-05-26 14:53:57-04:00
test/src/e2e_vm_tests/mod.rs,John Adler,Mohammad Fawaz,2022-05-26 14:53:57-04:00,2022-05-26 22:19:16-04:00
test/src/e2e_vm_tests/mod.rs,Mohammad Fawaz,Emily Herbert,2022-05-26 22:19:16-04:00,2022-05-27 12:36:09-05:00
test/src/e2e_vm_tests/mod.rs,Emily Herbert,Kaya Gökalp,2022-05-27 12:36:09-05:00,2022-05-28 18:25:24+03:00
test/src/e2e_vm_tests/mod.rs,Kaya Gökalp,Nick Furfaro,2022-05-28 18:25:24+03:00,2022-05-28 11:39:42-04:00
test/src/e2e_vm_tests/mod.rs,Nick Furfaro,Emily Herbert,2022-05-28 11:39:42-04:00,2022-05-28 12:28:04-05:00
test/src/e2e_vm_tests/mod.rs,Emily Herbert,Mohammad Fawaz,2022-05-31 21:26:59-05:00,2022-06-01 07:34:30-04:00
test/src/e2e_vm_tests/mod.rs,Andrew Cann,Mohammad Fawaz,2022-06-06 11:35:32+08:00,2022-06-06 16:47:10-04:00
test/src/e2e_vm_tests/mod.rs,Mohammad Fawaz,Vaivaswatha N,2022-06-06 16:47:10-04:00,2022-06-07 21:20:24+05:30
test/src/e2e_vm_tests/mod.rs,Mohammad Fawaz,Toby Hutton,2022-06-11 10:46:48+10:00,2022-06-11 16:06:01+10:00
test/src/e2e_vm_tests/mod.rs,Vaivaswatha N,Kaya Gökalp,2022-06-13 14:59:07+10:00,2022-06-13 09:06:37+00:00
test/src/e2e_vm_tests/mod.rs,Kaya Gökalp,mitchmindtree,2022-06-13 09:06:37+00:00,2022-06-14 03:41:41+00:00
test/src/e2e_vm_tests/mod.rs,Emily Herbert,JC,2022-06-15 15:20:40+00:00,2022-06-15 15:46:37+00:00
test/src/e2e_vm_tests/mod.rs,JC,Mohammad Fawaz,2022-06-15 15:46:37+00:00,2022-06-16 02:47:16+00:00
test/src/e2e_vm_tests/mod.rs,Mohammad Fawaz,Emily Herbert,2022-06-16 02:47:16+00:00,2022-06-16 23:15:44+00:00
test/src/e2e_vm_tests/mod.rs,Emily Herbert,John Adler,2022-06-16 23:15:44+00:00,2022-06-16 21:38:52-04:00
test/src/e2e_vm_tests/mod.rs,John Adler,Braqzen,2022-06-16 21:38:52-04:00,2022-06-17 13:20:53-04:00
test/src/e2e_vm_tests/mod.rs,Vaivaswatha N,Toby Hutton,2022-06-20 09:25:21-04:00,2022-06-20 07:27:45-07:00
test/src/e2e_vm_tests/mod.rs,Toby Hutton,Emily Herbert,2022-06-20 07:27:45-07:00,2022-06-21 00:06:08+00:00
test/src/e2e_vm_tests/mod.rs,bing,JC,2022-10-24 11:10:21+00:00,2022-10-25 10:59:23+11:00
test/src/e2e_vm_tests/mod.rs,JC,Toby Hutton,2022-10-25 10:59:23+11:00,2022-10-25 12:46:20+00:00
test/src/e2e_vm_tests/mod.rs,Toby Hutton,Emily Herbert,2022-10-25 12:46:20+00:00,2022-10-25 13:44:35-07:00
test/src/e2e_vm_tests/mod.rs,JC,Kaya Gökalp,2023-03-15 14:19:38-04:00,2023-03-16 10:01:16+00:00
test/src/e2e_vm_tests/mod.rs,Daniel Frederico Lins Leite,Igor Rončević,2024-08-07 20:53:25+02:00,2024-08-08 08:30:15+00:00
test/src/e2e_vm_tests/test_programs/asm_expr_basic/Forc.toml,Mohammad Fawaz,Joshua Batty,2022-02-27 11:40:48-05:00,2022-02-28 13:05:13+11:00
test/src/e2e_vm_tests/test_programs/auth_testing_contract/Forc.toml,mitchmindtree,Mohammad Fawaz,2022-03-04 14:34:27+11:00,2022-03-04 20:56:23-05:00
test/src/e2e_vm_tests/test_programs/b256_ops/src/main.sw,Toby Hutton,Alex Hansen,2021-09-22 10:11:21-07:00,2021-09-23 09:17:43-07:00
test/src/e2e_vm_tests/test_programs/bal_opcode/Forc.toml,Alex Hansen,John Adler,2022-01-20 19:15:50-08:00,2022-01-21 20:58:19-05:00
test/src/e2e_vm_tests/test_programs/bal_opcode/Forc.toml,mitchmindtree,Mohammad Fawaz,2022-03-04 14:34:27+11:00,2022-03-04 20:56:23-05:00
test/src/e2e_vm_tests/test_programs/balance_test_contract/Forc.toml,mitchmindtree,Mohammad Fawaz,2022-03-04 14:34:27+11:00,2022-03-04 20:56:23-05:00
test/src/e2e_vm_tests/test_programs/basic_func_decl/src/main.sw,Alex Hansen,Emily Herbert,2021-08-25 14:43:30-07:00,2021-08-26 12:45:44-04:00
test/src/e2e_vm_tests/test_programs/basic_storage/Forc.toml,mitchmindtree,Mohammad Fawaz,2022-03-04 14:34:27+11:00,2022-03-04 20:56:23-05:00
test/src/e2e_vm_tests/test_programs/call_basic_storage/Forc.toml,Alex Hansen,John Adler,2022-01-20 19:15:50-08:00,2022-01-21 20:58:19-05:00
test/src/e2e_vm_tests/test_programs/call_basic_storage/src/main.sw,Alex Hansen,Nick Furfaro,2021-12-15 11:26:38-08:00,2021-12-15 13:57:35-07:00
test/src/e2e_vm_tests/test_programs/call_increment_contract/Forc.toml,Alex Hansen,John Adler,2022-01-20 19:15:50-08:00,2022-01-21 20:58:19-05:00
test/src/e2e_vm_tests/test_programs/call_increment_contract/Forc.toml,mitchmindtree,Mohammad Fawaz,2022-03-04 14:34:27+11:00,2022-03-04 20:56:23-05:00
test/src/e2e_vm_tests/test_programs/caller_auth_test/Forc.toml,Alex Hansen,John Adler,2022-01-20 19:15:50-08:00,2022-01-21 20:58:19-05:00
test/src/e2e_vm_tests/test_programs/caller_auth_test/Forc.toml,mitchmindtree,Mohammad Fawaz,2022-03-04 14:34:27+11:00,2022-03-04 20:56:23-05:00
test/src/e2e_vm_tests/test_programs/caller_context_test/Forc.toml,Alex Hansen,Nick Furfaro,2021-12-15 11:26:38-08:00,2021-12-15 16:33:39-07:00
test/src/e2e_vm_tests/test_programs/caller_context_test/Forc.toml,Alex Hansen,John Adler,2022-01-20 19:15:50-08:00,2022-01-21 20:58:19-05:00
test/src/e2e_vm_tests/test_programs/caller_context_test/Forc.toml,mitchmindtree,Mohammad Fawaz,2022-03-04 14:34:27+11:00,2022-03-04 20:56:23-05:00
test/src/e2e_vm_tests/test_programs/caller_context_test/src/main.sw,Alex Hansen,Nick Furfaro,2021-12-15 11:26:38-08:00,2021-12-15 16:33:39-07:00
test/src/e2e_vm_tests/test_programs/context_testing_abi/Forc.toml,mitchmindtree,Mohammad Fawaz,2022-03-04 14:34:27+11:00,2022-03-04 20:56:23-05:00
test/src/e2e_vm_tests/test_programs/context_testing_contract/Forc.toml,mitchmindtree,Mohammad Fawaz,2022-03-04 14:34:27+11:00,2022-03-04 20:56:23-05:00
test/src/e2e_vm_tests/test_programs/contract_abi_impl/Forc.toml,mitchmindtree,Mohammad Fawaz,2022-03-04 14:34:27+11:00,2022-03-04 20:56:23-05:00
test/src/e2e_vm_tests/test_programs/contract_call/Forc.toml,mitchmindtree,Mohammad Fawaz,2022-03-04 14:34:27+11:00,2022-03-04 20:56:23-05:00
test/src/e2e_vm_tests/test_programs/increment_contract/Forc.toml,mitchmindtree,Mohammad Fawaz,2022-03-04 14:34:27+11:00,2022-03-04 20:56:23-05:00
test/src/e2e_vm_tests/test_programs/out_of_order_decl/src/main.sw,Toby Hutton,Alex Hansen,2021-09-09 07:47:39+10:00,2021-09-08 16:22:12-07:00
test/src/e2e_vm_tests/test_programs/should_fail/abort_control_flow/Forc.lock,Alex Hansen,Emily Herbert,2022-03-21 18:23:05-07:00,2022-03-22 13:34:43-05:00
test/src/e2e_vm_tests/test_programs/should_fail/abort_control_flow/Forc.toml,Alex Hansen,John Adler,2022-03-21 18:23:05-07:00,2022-03-22 12:22:54-04:00
test/src/e2e_vm_tests/test_programs/should_fail/abort_control_flow_bad/Forc.lock,Emily Herbert,Alex Hansen,2022-05-25 16:39:56-05:00,2022-05-26 14:25:55-07:00
test/src/e2e_vm_tests/test_programs/should_fail/match_expressions_non_exhaustive/Forc.lock,John Adler,mitchmindtree,2022-03-27 14:15:19-04:00,2022-03-28 15:05:13+11:00
test/src/e2e_vm_tests/test_programs/should_fail/multiple_impl_abi/Forc.lock,Vaivaswatha N,mitchmindtree,2022-06-07 21:20:24+05:30,2022-06-08 16:14:48+10:00
test/src/e2e_vm_tests/test_programs/should_fail/multiple_impl_fns/Forc.lock,Vaivaswatha N,mitchmindtree,2022-06-07 21:20:24+05:30,2022-06-08 16:14:48+10:00
test/src/e2e_vm_tests/test_programs/should_fail/private_function_fully_qualified/src/main.sw,Marcos Henrich,IGI-111,2023-03-08 17:50:54+00:00,2023-03-09 19:14:52+11:00
test/src/e2e_vm_tests/test_programs/should_fail/private_function_fully_qualified/src/pkga.sw,Marcos Henrich,IGI-111,2023-03-08 17:50:54+00:00,2023-03-09 19:14:52+11:00
test/src/e2e_vm_tests/test_programs/should_fail/redefine_method_from_core/src/main.sw,Emily Herbert,Nick Furfaro,2023-01-26 21:19:53+00:00,2023-01-27 17:21:29+00:00
test/src/e2e_vm_tests/test_programs/should_fail/redefine_method_from_core/test.toml,Emily Herbert,Nick Furfaro,2023-01-26 21:19:53+00:00,2023-01-27 17:21:29+00:00
test/src/e2e_vm_tests/test_programs/should_fail/return_path_analysis/src/main.sw,SwayStar123,Igor Rončević,2025-03-12 23:52:38+01:00,2025-03-13 20:47:01+11:00
test/src/e2e_vm_tests/test_programs/should_pass/dca/trait_method_neq/src/main.sw,SwayStar123,Igor Rončević,2025-03-12 23:52:38+01:00,2025-03-13 20:47:01+11:00
test/src/e2e_vm_tests/test_programs/should_pass/language/abort_control_flow/Forc.lock,Alex Hansen,Emily Herbert,2022-03-21 18:23:05-07:00,2022-03-22 13:34:43-05:00
test/src/e2e_vm_tests/test_programs/should_pass/language/abort_control_flow/Forc.toml,Alex Hansen,John Adler,2022-03-21 18:23:05-07:00,2022-03-22 12:22:54-04:00
test/src/e2e_vm_tests/test_programs/should_pass/language/configurable_consts/json_abi_oracle_new_encoding.json,Kaya Gökalp,Marcos Henrich,2024-05-16 18:02:41-07:00,2024-05-17 14:14:32+04:00
test/src/e2e_vm_tests/test_programs/should_pass/language/configurable_consts/src/main.sw,SwayStar123,Igor Rončević,2025-03-12 23:52:38+01:00,2025-03-13 20:47:01+11:00
test/src/e2e_vm_tests/test_programs/should_pass/language/configurable_tests/src/main.sw,SwayStar123,Igor Rončević,2025-03-12 23:52:38+01:00,2025-03-13 20:47:01+11:00
test/src/e2e_vm_tests/test_programs/should_pass/language/const_inits/Forc.lock,Vaivaswatha N,mitchmindtree,2022-06-13 14:59:07+10:00,2022-06-13 08:12:12+00:00
test/src/e2e_vm_tests/test_programs/should_pass/language/const_inits/Forc.lock,mitchmindtree,Nick Furfaro,2022-06-13 08:12:12+00:00,2022-06-13 16:05:16-05:00
test/src/e2e_vm_tests/test_programs/should_pass/language/deprecated_attribute/test.toml,Daniel Frederico Lins Leite,Igor Rončević,2024-08-07 20:53:25+02:00,2024-08-08 08:30:15+00:00
test/src/e2e_vm_tests/test_programs/should_pass/language/empty_method_initializer/src/main.sw,Mohammad Fawaz,Emily Herbert,2022-11-02 15:41:06+00:00,2022-11-03 04:03:57+00:00
test/src/e2e_vm_tests/test_programs/should_pass/language/enum_in_fn_decl/src/main.sw,SwayStar123,Igor Rončević,2025-03-12 23:52:38+01:00,2025-03-13 20:47:01+11:00
test/src/e2e_vm_tests/test_programs/should_pass/language/fix_opcode_bug/Forc.lock,Toby Hutton,mitchmindtree,2022-03-27 15:21:22+11:00,2022-03-28 15:05:13+11:00
test/src/e2e_vm_tests/test_programs/should_pass/language/generic_impl_self_where/src/main.sw,SwayStar123,Igor Rončević,2025-03-12 23:52:38+01:00,2025-03-13 20:47:01+11:00
test/src/e2e_vm_tests/test_programs/should_pass/language/generic_result_method/src/main.sw,SwayStar123,Igor Rončević,2025-03-12 23:52:38+01:00,2025-03-13 20:47:01+11:00
test/src/e2e_vm_tests/test_programs/should_pass/language/generic_traits/src/main.sw,Emily Herbert,Mazdak Farrokhzad,2022-10-30 20:00:29-04:00,2022-10-31 19:45:38+00:00
test/src/e2e_vm_tests/test_programs/should_pass/language/if_elseif_enum/src/main.sw,SwayStar123,Igor Rončević,2025-03-12 23:52:38+01:00,2025-03-13 20:47:01+11:00
test/src/e2e_vm_tests/test_programs/should_pass/language/if_implicit_unit/src/main.sw,Emily Herbert,Nick Furfaro,2023-01-26 21:19:53+00:00,2023-01-27 17:21:29+00:00
test/src/e2e_vm_tests/test_programs/should_pass/language/import_method_from_other_file/src/asset.sw,SwayStar123,Igor Rončević,2025-03-12 23:52:38+01:00,2025-03-13 20:47:01+11:00
test/src/e2e_vm_tests/test_programs/should_pass/language/import_method_from_other_file/src/utils.sw,SwayStar123,Igor Rončević,2025-03-12 23:52:38+01:00,2025-03-13 20:47:01+11:00
test/src/e2e_vm_tests/test_programs/should_pass/language/import_with_different_callpaths/src/eq_impls.sw,SwayStar123,Igor Rončević,2025-03-12 23:52:38+01:00,2025-03-13 20:47:01+11:00
test/src/e2e_vm_tests/test_programs/should_pass/language/insert_element_reg_reuse/src/main.sw,Vaivaswatha N,Mazdak Farrokhzad,2022-10-31 13:10:21+11:00,2022-10-31 19:45:38+00:00
test/src/e2e_vm_tests/test_programs/should_pass/language/insert_element_reg_reuse/src/main.sw,SwayStar123,Igor Rončević,2025-03-12 23:52:38+01:00,2025-03-13 20:47:01+11:00
test/src/e2e_vm_tests/test_programs/should_pass/language/local_impl_for_ord/src/main.sw,SwayStar123,Igor Rončević,2025-03-12 23:52:38+01:00,2025-03-13 20:47:01+11:00
test/src/e2e_vm_tests/test_programs/should_pass/language/logging/json_abi_oracle_new_encoding.json,Kaya Gökalp,Marcos Henrich,2024-05-16 18:02:41-07:00,2024-05-17 14:14:32+04:00
test/src/e2e_vm_tests/test_programs/should_pass/language/main_args/main_args_various_types/json_abi_oracle.json,Kaya Gökalp,Marcos Henrich,2024-05-16 18:02:41-07:00,2024-05-17 14:14:32+04:00
test/src/e2e_vm_tests/test_programs/should_pass/language/main_args/main_args_various_types/json_abi_oracle_new_encoding.json,Kaya Gökalp,Marcos Henrich,2024-05-16 18:02:41-07:00,2024-05-17 14:14:32+04:00
test/src/e2e_vm_tests/test_programs/should_pass/language/match_expressions_with_self/src/main.sw,SwayStar123,Igor Rončević,2025-03-12 23:52:38+01:00,2025-03-13 20:47:01+11:00
test/src/e2e_vm_tests/test_programs/should_pass/language/nested_while_and_if/Forc.lock,Mohammad Fawaz,mitchmindtree,2022-03-28 15:19:18-04:00,2022-03-29 12:30:23+11:00
test/src/e2e_vm_tests/test_programs/should_pass/language/nested_while_and_if/Forc.lock,mitchmindtree,John Adler,2022-03-29 12:30:23+11:00,2022-03-29 21:00:10-04:00
test/src/e2e_vm_tests/test_programs/should_pass/language/nested_while_and_if/src/main.sw,Mohammad Fawaz,mitchmindtree,2022-03-28 15:19:18-04:00,2022-03-29 12:30:23+11:00
test/src/e2e_vm_tests/test_programs/should_pass/language/references/dereferencing_operator_dot_on_structs/src/impls.sw,SwayStar123,Igor Rončević,2025-03-12 23:52:38+01:00,2025-03-13 20:47:01+11:00
test/src/e2e_vm_tests/test_programs/should_pass/language/references/dereferencing_operator_dot_on_structs/src/main.sw,SwayStar123,Igor Rončević,2025-03-12 23:52:38+01:00,2025-03-13 20:47:01+11:00
test/src/e2e_vm_tests/test_programs/should_pass/language/references/dereferencing_operator_dot_on_tuples/src/impls.sw,SwayStar123,Igor Rončević,2025-03-12 23:52:38+01:00,2025-03-13 20:47:01+11:00
test/src/e2e_vm_tests/test_programs/should_pass/language/references/dereferencing_operator_dot_on_tuples/src/main.sw,SwayStar123,Igor Rončević,2025-03-12 23:52:38+01:00,2025-03-13 20:47:01+11:00
test/src/e2e_vm_tests/test_programs/should_pass/language/references/dereferencing_operator_index/src/impls.sw,SwayStar123,Igor Rončević,2025-03-12 23:52:38+01:00,2025-03-13 20:47:01+11:00
test/src/e2e_vm_tests/test_programs/should_pass/language/references/dereferencing_operator_star/src/impls.sw,SwayStar123,Igor Rončević,2025-03-12 23:52:38+01:00,2025-03-13 20:47:01+11:00
test/src/e2e_vm_tests/test_programs/should_pass/language/references/passing_and_returning_references_to_and_from_functions/src/impls.sw,SwayStar123,Igor Rončević,2025-03-12 23:52:38+01:00,2025-03-13 20:47:01+11:00
test/src/e2e_vm_tests/test_programs/should_pass/language/references/reassigning_via_references_in_aggregates/src/main.sw,SwayStar123,Igor Rončević,2025-03-12 23:52:38+01:00,2025-03-13 20:47:01+11:00
test/src/e2e_vm_tests/test_programs/should_pass/language/references/reassigning_via_references_passed_and_returned_to_and_from_functions/src/impls.sw,SwayStar123,Igor Rončević,2025-03-12 23:52:38+01:00,2025-03-13 20:47:01+11:00
test/src/e2e_vm_tests/test_programs/should_pass/language/references/reassigning_via_references_to_expressions/src/impls.sw,SwayStar123,Igor Rončević,2025-03-12 23:52:38+01:00,2025-03-13 20:47:01+11:00
test/src/e2e_vm_tests/test_programs/should_pass/language/references/reassigning_via_references_to_values/src/impls.sw,SwayStar123,Igor Rončević,2025-03-12 23:52:38+01:00,2025-03-13 20:47:01+11:00
test/src/e2e_vm_tests/test_programs/should_pass/language/references/reassigning_via_references_to_values/src/main.sw,SwayStar123,Igor Rončević,2025-03-12 23:52:38+01:00,2025-03-13 20:47:01+11:00
test/src/e2e_vm_tests/test_programs/should_pass/language/references/references_and_generics/src/main.sw,SwayStar123,Igor Rončević,2025-03-12 23:52:38+01:00,2025-03-13 20:47:01+11:00
test/src/e2e_vm_tests/test_programs/should_pass/language/references/referencing_expressions/src/main.sw,SwayStar123,Igor Rončević,2025-03-12 23:52:38+01:00,2025-03-13 20:47:01+11:00
test/src/e2e_vm_tests/test_programs/should_pass/language/references/referencing_function_parameters/src/main.sw,SwayStar123,Igor Rončević,2025-03-12 23:52:38+01:00,2025-03-13 20:47:01+11:00
test/src/e2e_vm_tests/test_programs/should_pass/language/references/referencing_local_vars_and_values/src/impls.sw,SwayStar123,Igor Rončević,2025-03-12 23:52:38+01:00,2025-03-13 20:47:01+11:00
test/src/e2e_vm_tests/test_programs/should_pass/language/smo/json_abi_oracle.json,Kaya Gökalp,Marcos Henrich,2024-05-16 18:02:41-07:00,2024-05-17 14:14:32+04:00
test/src/e2e_vm_tests/test_programs/should_pass/language/smo/json_abi_oracle_new_encoding.json,Kaya Gökalp,Marcos Henrich,2024-05-16 18:02:41-07:00,2024-05-17 14:14:32+04:00
test/src/e2e_vm_tests/test_programs/should_pass/language/trait_import_with_star/src/shiftable.sw,Emily Herbert,Nick Furfaro,2023-01-26 21:19:53+00:00,2023-01-27 17:21:29+00:00
test/src/e2e_vm_tests/test_programs/should_pass/language/tuple_trait/src/main.sw,SwayStar123,Igor Rončević,2025-03-12 23:52:38+01:00,2025-03-13 20:47:01+11:00
test/src/e2e_vm_tests/test_programs/should_pass/language/type_alias/src/main.sw,SwayStar123,Igor Rončević,2025-03-12 23:52:38+01:00,2025-03-13 20:47:01+11:00
test/src/e2e_vm_tests/test_programs/should_pass/language/u256/u256_abi/json_abi_oracle_new_encoding.json,Kaya Gökalp,Marcos Henrich,2024-05-16 18:02:41-07:00,2024-05-17 14:14:32+04:00
test/src/e2e_vm_tests/test_programs/should_pass/language/u64_ops/src/main.sw,Nick Furfaro,mitchmindtree,2022-04-20 17:10:54-06:00,2022-04-21 16:55:19+10:00
test/src/e2e_vm_tests/test_programs/should_pass/language/u64_ops/src/main.sw,mitchmindtree,Nick Furfaro,2022-04-21 16:55:19+10:00,2022-04-21 18:35:15-07:00
test/src/e2e_vm_tests/test_programs/should_pass/language/where_clause_functions/src/main.sw,SwayStar123,Igor Rončević,2025-03-12 23:52:38+01:00,2025-03-13 20:47:01+11:00
test/src/e2e_vm_tests/test_programs/should_pass/require_contract_deployment/array_of_structs_caller/src/main.sw,Igor Rončević,Daniel Frederico Lins Leite,2024-09-04 10:56:27-07:00,2024-09-05 01:22:11+00:00
test/src/e2e_vm_tests/test_programs/should_pass/require_contract_deployment/asset_ops_test/src/main.sw,Cameron Carstens,Daniel Frederico Lins Leite,2024-04-25 18:39:21+04:00,2024-04-25 20:37:50+04:00
test/src/e2e_vm_tests/test_programs/should_pass/require_contract_deployment/asset_ops_test/src/main.sw,Cameron Carstens,Vaivaswatha N,2024-05-22 14:13:15+04:00,2024-05-22 17:16:49+02:00
test/src/e2e_vm_tests/test_programs/should_pass/require_contract_deployment/call_basic_storage/src/main.sw,JC,Emily Herbert,2022-10-25 12:34:11+11:00,2022-10-25 13:44:35-07:00
test/src/e2e_vm_tests/test_programs/should_pass/require_contract_deployment/call_basic_storage/src/main.sw,Emily Herbert,Vaivaswatha N,2022-10-25 13:44:35-07:00,2022-10-26 22:00:08+05:30
test/src/e2e_vm_tests/test_programs/should_pass/require_contract_deployment/call_basic_storage/src/main.sw,Brandon Kite,JC,2022-11-02 15:19:26+11:00,2022-11-02 20:31:38+05:30
test/src/e2e_vm_tests/test_programs/should_pass/require_contract_deployment/call_basic_storage/src/main.sw,Mohammad Fawaz,Nick Furfaro,2023-01-27 11:54:20-05:00,2023-01-27 14:21:39-07:00
test/src/e2e_vm_tests/test_programs/should_pass/require_contract_deployment/call_basic_storage/src/main.sw,Green Baneling,Vaivaswatha N,2023-05-31 11:08:30+02:00,2023-05-31 11:04:39+01:00
test/src/e2e_vm_tests/test_programs/should_pass/require_contract_deployment/call_basic_storage/src/main.sw,SwayStar123,Igor Rončević,2025-03-12 23:52:38+01:00,2025-03-13 20:47:01+11:00
test/src/e2e_vm_tests/test_programs/should_pass/require_contract_deployment/call_increment_contract/src/main.sw,Vaivaswatha N,Daniel Frederico Lins Leite,2024-05-22 17:16:49+02:00,2024-05-23 16:02:49+02:00
test/src/e2e_vm_tests/test_programs/should_pass/require_contract_deployment/call_increment_contract/src/main.sw,SwayStar123,Igor Rončević,2025-03-12 23:52:38+01:00,2025-03-13 20:47:01+11:00
test/src/e2e_vm_tests/test_programs/should_pass/require_contract_deployment/nested_struct_args_caller/src/main.sw,Mohammad Fawaz,Toby Hutton,2022-10-04 18:43:37-04:00,2022-10-05 07:43:18-04:00
test/src/e2e_vm_tests/test_programs/should_pass/require_contract_deployment/storage_access_caller/Forc.lock,Alex Hansen,Mohammad Fawaz,2022-03-23 21:16:43-04:00,2022-03-24 20:37:50-04:00
test/src/e2e_vm_tests/test_programs/should_pass/require_contract_deployment/storage_access_caller/src/main.sw,Alex Hansen,Mohammad Fawaz,2022-03-23 21:16:43-04:00,2022-03-24 20:37:50-04:00
test/src/e2e_vm_tests/test_programs/should_pass/require_contract_deployment/storage_access_caller/src/main.sw,hal3e,Vaivaswatha N,2023-12-06 03:19:54+04:00,2023-12-06 00:32:30+00:00
test/src/e2e_vm_tests/test_programs/should_pass/require_contract_deployment/storage_access_caller/src/main.sw,SwayStar123,Igor Rončević,2025-03-12 23:52:38+01:00,2025-03-13 20:47:01+11:00
test/src/e2e_vm_tests/test_programs/should_pass/static_analysis/cei_pattern_violation_more_complex_logic/src/main.sw,Call Delegation,IGI-111,2023-04-27 17:05:37-04:00,2023-04-28 09:58:54+00:00
test/src/e2e_vm_tests/test_programs/should_pass/stdlib/assert_eq/json_abi_oracle_new_encoding.json,Kaya Gökalp,Marcos Henrich,2024-05-16 18:02:41-07:00,2024-05-17 14:14:32+04:00
test/src/e2e_vm_tests/test_programs/should_pass/stdlib/assert_eq_revert/json_abi_oracle_new_encoding.json,Kaya Gökalp,Marcos Henrich,2024-05-16 18:02:41-07:00,2024-05-17 14:14:32+04:00
test/src/e2e_vm_tests/test_programs/should_pass/stdlib/assert_ne/json_abi_oracle_new_encoding.json,Kaya Gökalp,Marcos Henrich,2024-05-16 18:02:41-07:00,2024-05-17 14:14:32+04:00
test/src/e2e_vm_tests/test_programs/should_pass/stdlib/assert_ne_revert/json_abi_oracle_new_encoding.json,Kaya Gökalp,Marcos Henrich,2024-05-16 18:02:41-07:00,2024-05-17 14:14:32+04:00
test/src/e2e_vm_tests/test_programs/should_pass/stdlib/chess/src/huge_enum.sw,SwayStar123,Igor Rončević,2025-03-12 23:52:38+01:00,2025-03-13 20:47:01+11:00
test/src/e2e_vm_tests/test_programs/should_pass/stdlib/eq_custom_type/src/main.sw,SwayStar123,Igor Rončević,2025-03-12 23:52:38+01:00,2025-03-13 20:47:01+11:00
test/src/e2e_vm_tests/test_programs/should_pass/stdlib/eq_generic/src/main.sw,SwayStar123,Igor Rončević,2025-03-12 23:52:38+01:00,2025-03-13 20:47:01+11:00
test/src/e2e_vm_tests/test_programs/should_pass/stdlib/logarithmic_test/src/main.sw,rostyslavtyshko,Mazdak Farrokhzad,2022-10-31 11:39:17+11:00,2022-10-31 19:45:38+00:00
test/src/e2e_vm_tests/test_programs/should_pass/stdlib/option/src/data_structures.sw,SwayStar123,Igor Rončević,2025-03-12 23:52:38+01:00,2025-03-13 20:47:01+11:00
test/src/e2e_vm_tests/test_programs/should_pass/stdlib/option_eq/src/main.sw,SwayStar123,Igor Rončević,2025-03-12 23:52:38+01:00,2025-03-13 20:47:01+11:00
test/src/e2e_vm_tests/test_programs/should_pass/stdlib/require/json_abi_oracle_new_encoding.json,Kaya Gökalp,Marcos Henrich,2024-05-16 18:02:41-07:00,2024-05-17 14:14:32+04:00
test/src/e2e_vm_tests/test_programs/should_pass/stdlib/result/src/data_structures.sw,SwayStar123,Igor Rončević,2025-03-12 23:52:38+01:00,2025-03-13 20:47:01+11:00
test/src/e2e_vm_tests/test_programs/should_pass/stdlib/u128_log_test/src/main.sw,rostyslavtyshko,Mazdak Farrokhzad,2022-10-31 11:39:17+11:00,2022-10-31 19:45:38+00:00
test/src/e2e_vm_tests/test_programs/should_pass/stdlib/u128_log_test/src/main.sw,Brandon Kite,Mohammad Fawaz,2022-11-02 15:19:26+11:00,2022-11-02 15:41:06+00:00
test/src/e2e_vm_tests/test_programs/should_pass/stdlib/u128_root_test/src/main.sw,rostyslavtyshko,Mazdak Farrokhzad,2022-10-31 11:39:17+11:00,2022-10-31 19:45:38+00:00
test/src/e2e_vm_tests/test_programs/should_pass/stdlib/u128_root_test/src/main.sw,Brandon Kite,Mohammad Fawaz,2022-11-02 15:19:26+11:00,2022-11-02 15:41:06+00:00
test/src/e2e_vm_tests/test_programs/should_pass/stdlib/u256_test/src/main.sw,Mazdak Farrokhzad,alphak3y,2022-10-31 19:45:38+00:00,2022-11-01 09:36:23+11:00
test/src/e2e_vm_tests/test_programs/should_pass/test_abis/contract_with_type_aliases_abi/src/main.sw,SwayStar123,Igor Rončević,2025-03-12 23:52:38+01:00,2025-03-13 20:47:01+11:00
test/src/e2e_vm_tests/test_programs/should_pass/test_contracts/basic_storage/json_abi_oracle_new_encoding.json,Kaya Gökalp,Marcos Henrich,2024-05-16 18:02:41-07:00,2024-05-17 14:14:32+04:00
test/src/e2e_vm_tests/test_programs/should_pass/test_contracts/issue_1512_repro/src/main.sw,SwayStar123,Igor Rončević,2025-03-12 23:52:38+01:00,2025-03-13 20:47:01+11:00
test/src/e2e_vm_tests/test_programs/should_pass/test_contracts/multiple_impl/Forc.lock,Vaivaswatha N,mitchmindtree,2022-06-07 21:20:24+05:30,2022-06-08 16:14:48+10:00
test/src/e2e_vm_tests/test_programs/should_pass/test_contracts/multiple_impl/json_abi_oracle_new_encoding.json,Kaya Gökalp,Marcos Henrich,2024-05-16 18:02:41-07:00,2024-05-17 14:14:32+04:00
test/src/e2e_vm_tests/test_programs/should_pass/test_contracts/multiple_impl/src/testlib.sw,Marcos Henrich,IGI-111,2023-03-08 17:50:54+00:00,2023-03-09 19:14:52+11:00
test/src/e2e_vm_tests/test_programs/should_pass/test_contracts/return_struct/json_abi_oracle.json,Marcos Henrich,IGI-111,2023-03-02 18:55:51+00:00,2023-03-03 17:11:21+01:00
test/src/e2e_vm_tests/test_programs/should_pass/test_contracts/storage_access_contract/Forc.lock,Alex Hansen,Mohammad Fawaz,2022-03-23 21:16:43-04:00,2022-03-24 20:37:50-04:00
test/src/e2e_vm_tests/test_programs/should_pass/test_contracts/storage_access_contract/json_abi_oracle_new_encoding.json,Kaya Gökalp,Marcos Henrich,2024-05-16 18:02:41-07:00,2024-05-17 14:14:32+04:00
test/src/e2e_vm_tests/test_programs/should_pass/test_contracts/storage_namespace/json_abi_oracle_new_encoding.json,Kaya Gökalp,Marcos Henrich,2024-05-16 18:02:41-07:00,2024-05-17 14:14:32+04:00
test/src/e2e_vm_tests/test_programs/should_pass/unit_tests/contract_multi_test/Forc.lock,mitchmindtree,Kaya Gökalp,2022-11-04 13:22:57+11:00,2022-11-04 21:30:22+11:00
test/src/e2e_vm_tests/test_programs/should_pass/unit_tests/lib_multi_test/Forc.lock,mitchmindtree,Kaya Gökalp,2022-11-04 13:22:57+11:00,2022-11-04 21:30:22+11:00
test/src/e2e_vm_tests/test_programs/should_pass/unit_tests/lib_single_test/Forc.lock,mitchmindtree,Kaya Gökalp,2022-11-04 13:22:57+11:00,2022-11-04 21:30:22+11:00
test/src/e2e_vm_tests/test_programs/should_pass/unit_tests/predicate_multi_test/Forc.lock,mitchmindtree,Kaya Gökalp,2022-11-04 13:22:57+11:00,2022-11-04 21:30:22+11:00
test/src/e2e_vm_tests/test_programs/should_pass/unit_tests/regalloc_spill/Forc.lock,Vaivaswatha N,Kaya Gökalp,2023-07-07 04:31:31+02:00,2023-07-07 10:41:10+00:00
test/src/e2e_vm_tests/test_programs/should_pass/unit_tests/regalloc_spill/Forc.toml,Vaivaswatha N,Kaya Gökalp,2023-07-07 04:31:31+02:00,2023-07-07 10:41:10+00:00
test/src/e2e_vm_tests/test_programs/should_pass/unit_tests/script_multi_test/Forc.lock,mitchmindtree,Kaya Gökalp,2022-11-04 13:22:57+11:00,2022-11-04 21:30:22+11:00
test/src/e2e_vm_tests/test_programs/token_ops_test/Forc.toml,mitchmindtree,Mohammad Fawaz,2022-03-04 14:34:27+11:00,2022-03-04 20:56:23-05:00
test/src/e2e_vm_tests/test_programs/tuple_types/Forc.toml,Andrew Cann,Emily Herbert,2022-01-04 10:20:33-08:00,2022-01-04 18:32:51-06:00
test/src/in_language_tests/test_programs/storage_vec_iter_tests/src/impls.sw,SwayStar123,Igor Rončević,2025-03-12 23:52:38+01:00,2025-03-13 20:47:01+11:00
test/src/ir_generation/mod.rs,yudrywet,João Matos,2024-04-18 23:13:21+00:00,2024-04-19 10:25:46+04:00
test/src/ir_generation/mod.rs,Igor Rončević,Marcos Henrich,2024-05-17 10:42:00+10:00,2024-05-17 14:14:32+04:00
test/src/ir_generation/tests/predicate_data_mult_args.sw,hal3e,Vaivaswatha N,2023-12-06 03:19:54+04:00,2023-12-06 00:32:30+00:00
test/src/ir_generation/tests/predicate_data_single_arg.sw,hal3e,Vaivaswatha N,2023-12-06 03:19:54+04:00,2023-12-06 00:32:30+00:00
test/src/main.rs,Daniel Frederico Lins Leite,Igor Rončević,2024-05-12 18:22:46+01:00,2024-05-13 13:51:23+01:00
test/src/sdk-harness/Cargo.lock,mitchmindtree,Green Baneling,2023-03-09 17:37:47+11:00,2023-03-09 22:17:23+00:00
test/src/sdk-harness/Cargo.lock,Green Baneling,Mohammad Fawaz,2023-03-09 22:17:23+00:00,2023-03-10 09:59:59+11:00
test/src/sdk-harness/Cargo.lock,IGI-111,Daniel Frederico Lins Leite,2024-05-13 08:19:45+01:00,2024-05-13 11:39:20+01:00
test/src/sdk-harness/Cargo.toml,Nick Furfaro,Mohammad Fawaz,2022-04-29 12:02:58-07:00,2022-04-30 09:23:44-04:00
test/src/sdk-harness/Cargo.toml,Mohammad Fawaz,JC,2022-06-10 04:06:41-07:00,2022-06-11 01:48:19+03:00
test/src/sdk-harness/Cargo.toml,Brandon Kite,João Matos,2023-02-08 20:01:12+11:00,2023-02-08 10:38:48+00:00
test/src/sdk-harness/Cargo.toml,João Matos,Brandon Kite,2023-02-08 10:38:48+00:00,2023-02-08 18:52:21-08:00
test/src/sdk-harness/Cargo.toml,mitchmindtree,Mohammad Fawaz,2023-03-09 17:37:47+11:00,2023-03-10 09:59:59+11:00
test/src/sdk-harness/Forc.lock,hal3e,Cameron Carstens,2024-04-19 13:41:19+02:00,2024-04-19 12:43:49+00:00
test/src/sdk-harness/Forc.toml,hal3e,Cameron Carstens,2024-04-19 13:41:19+02:00,2024-04-19 12:43:49+00:00
test/src/sdk-harness/test-helpers/Cargo.toml,Nick Furfaro,Mohammad Fawaz,2022-04-29 12:02:58-07:00,2022-04-30 09:23:44-04:00
test/src/sdk-harness/test-helpers/src/lib.rs,Nick Furfaro,Mohammad Fawaz,2022-04-29 12:02:58-07:00,2022-04-30 09:23:44-04:00
test/src/sdk-harness/test_artifacts/methods_contract/src/main.sw,Call Delegation,IGI-111,2023-04-27 17:05:37-04:00,2023-04-28 09:58:54+00:00
test/src/sdk-harness/test_artifacts/tx_contract/src/main.sw,Simon Roberts,Nick Furfaro,2022-07-04 09:04:54-04:00,2022-07-04 16:02:43-04:00
test/src/sdk-harness/test_artifacts/tx_contract/src/main.sw,Nick Furfaro,JC,2022-07-04 16:02:43-04:00,2022-07-04 18:24:02-04:00
test/src/sdk-harness/test_projects/auth/mod.rs,Nick Furfaro,Mohammad Fawaz,2022-08-31 12:59:45+00:00,2022-09-01 11:03:10+10:00
test/src/sdk-harness/test_projects/auth/mod.rs,Marcos Henrich,Cameron Carstens,2024-08-15 18:21:44+01:00,2024-08-16 17:13:34+00:00
test/src/sdk-harness/test_projects/auth/mod.rs,Cameron Carstens,SwayStar123,2024-09-11 15:06:07+00:00,2024-09-12 14:29:42+02:00
test/src/sdk-harness/test_projects/context/mod.rs,Nick Furfaro,Mohammad Fawaz,2022-08-31 12:59:45+00:00,2022-09-01 11:03:10+10:00
test/src/sdk-harness/test_projects/contract_bytecode/Forc.lock,Simon,Kaya Gökalp,2022-10-23 13:11:21+00:00,2022-10-24 08:51:24+00:00
test/src/sdk-harness/test_projects/ec_recover/src/main.sw,Nick Furfaro,Mohammad Fawaz,2022-11-02 12:44:52+00:00,2022-11-02 15:41:06+00:00
test/src/sdk-harness/test_projects/evm_ec_recover/Forc.toml,Mohammad Fawaz,Marcos Henrich,2022-11-09 19:32:10-05:00,2022-11-10 19:56:46+00:00
test/src/sdk-harness/test_projects/exponentiation/mod.rs,Nick Furfaro,Mohammad Fawaz,2022-08-31 12:59:45+00:00,2022-09-01 11:03:10+10:00
test/src/sdk-harness/test_projects/harness.rs,SwayStar123,Braqzen,2022-07-14 15:02:33+00:00,2022-07-15 09:11:43-04:00
test/src/sdk-harness/test_projects/harness.rs,Nick Furfaro,Mohammad Fawaz,2022-11-02 12:44:52+00:00,2022-11-03 00:59:39+00:00
test/src/sdk-harness/test_projects/harness.rs,hal3e,Cameron Carstens,2024-04-19 13:41:19+02:00,2024-04-19 12:43:49+00:00
test/src/sdk-harness/test_projects/hashing/src/main.sw,Braqzen,Nick Furfaro,2022-05-18 20:13:57+01:00,2022-05-18 20:01:27-07:00
test/src/sdk-harness/test_projects/hashing/src/main.sw,Nick Furfaro,Braqzen,2022-05-18 20:01:27-07:00,2022-05-19 13:21:37+01:00
test/src/sdk-harness/test_projects/low_level_call/mod.rs,Mohammad Fawaz,Nick Furfaro,2023-01-24 14:00:17+00:00,2023-01-25 10:16:34+00:00
test/src/sdk-harness/test_projects/low_level_call/src/main.sw,hal3e,Cameron Carstens,2024-04-19 13:41:19+02:00,2024-04-19 12:43:49+00:00
test/src/sdk-harness/test_projects/low_level_call_bytes/src/main.sw,hal3e,Cameron Carstens,2024-04-19 13:41:19+02:00,2024-04-19 12:43:49+00:00
test/src/sdk-harness/test_projects/methods/mod.rs,Nick Furfaro,Mohammad Fawaz,2022-08-31 12:59:45+00:00,2022-09-01 11:03:10+10:00
test/src/sdk-harness/test_projects/private_struct_fields_in_storage_and_abi/src/lib.sw,SwayStar123,Igor Rončević,2025-03-12 23:52:38+01:00,2025-03-13 20:47:01+11:00
test/src/sdk-harness/test_projects/reentrancy/mod.rs,Nick Furfaro,Mohammad Fawaz,2022-08-31 12:59:45+00:00,2022-09-01 11:03:10+10:00
test/src/sdk-harness/test_projects/script_data/Forc.lock,JC,Toby Hutton,2022-06-11 01:48:19+03:00,2022-06-11 16:06:01+10:00
test/src/sdk-harness/test_projects/storage/mod.rs,Mohammad Fawaz,Toby Hutton,2022-10-04 21:23:41-04:00,2022-10-05 07:43:18-04:00
test/src/sdk-harness/test_projects/storage/mod.rs,Mohammad Fawaz,Nick Furfaro,2023-01-24 14:00:17+00:00,2023-01-25 10:16:34+00:00
test/src/sdk-harness/test_projects/storage/src/main.sw,Mohammad Fawaz,Toby Hutton,2022-10-04 21:23:41-04:00,2022-10-05 07:43:18-04:00
test/src/sdk-harness/test_projects/storage_access/src/main.sw,SwayStar123,Igor Rončević,2025-03-12 23:52:38+01:00,2025-03-13 20:47:01+11:00
test/src/sdk-harness/test_projects/storage_init/src/main.sw,SwayStar123,Igor Rončević,2025-03-12 23:52:38+01:00,2025-03-13 20:47:01+11:00
test/src/sdk-harness/test_projects/storage_map/mod.rs,Mohammad Fawaz,Nick Furfaro,2023-01-24 14:00:17+00:00,2023-01-25 10:16:34+00:00
test/src/sdk-harness/test_projects/storage_map_nested/src/main.sw,SwayStar123,Igor Rončević,2025-03-12 23:52:38+01:00,2025-03-13 20:47:01+11:00
test/src/sdk-harness/test_projects/token_ops/mod.rs,Nick Furfaro,Mohammad Fawaz,2022-08-31 12:59:45+00:00,2022-09-01 11:03:10+10:00
test/src/sdk-harness/test_projects/tx_fields/mod.rs,Simon Roberts,Nick Furfaro,2022-07-04 09:04:54-04:00,2022-07-04 16:02:43-04:00
test/src/sdk-harness/test_projects/tx_fields/mod.rs,Nick Furfaro,JC,2022-07-04 16:02:43-04:00,2022-07-04 18:24:02-04:00
test/src/sdk-harness/test_projects/tx_fields/mod.rs,Nick Furfaro,Mohammad Fawaz,2022-08-31 12:59:45+00:00,2022-09-01 11:03:10+10:00
test/src/sdk-harness/test_projects/tx_fields/mod.rs,Green Baneling,Mohammad Fawaz,2023-03-09 22:17:23+00:00,2023-03-10 09:59:59+11:00
test/src/sdk-harness/test_projects/tx_fields/mod.rs,Marcos Henrich,Cameron Carstens,2024-08-15 18:21:44+01:00,2024-08-16 17:13:34+00:00
test/src/sdk-harness/test_projects/tx_fields/mod.rs,Kaya Gökalp,Cameron Carstens,2024-09-24 08:54:59+10:00,2024-09-24 10:09:33+00:00
test_suite/src/e2e_vm_tests/harness.rs,John Adler,Alex Hansen,2021-06-02 14:51:41-04:00,2021-06-02 14:34:33-07:00
test_suite/src/e2e_vm_tests/harness.rs,Alex Hansen,John Adler,2021-06-02 14:34:33-07:00,2021-06-03 14:10:17-04:00
