File,Top Contributor Share (%)
README.md,28.95
.gitignore,43.03
.jshintrc,49.67
LICENSE.txt,100.00
doc/asset/css/bootstrap-responsive.css,100.00
doc/asset/css/bootstrap.css,100.00
doc/asset/css/codemirror.css,68.25
doc/asset/css/echartsHome.css,93.65
doc/asset/css/monokai.css,73.68
doc/asset/js/application.js,100.00
doc/asset/js/bootstrap-affix.js,100.00
doc/asset/js/bootstrap-alert.js,100.00
doc/asset/js/bootstrap-button.js,100.00
doc/asset/js/bootstrap-carousel.js,100.00
doc/asset/js/bootstrap-collapse.js,100.00
doc/asset/js/bootstrap-dropdown.js,100.00
doc/asset/js/bootstrap-modal.js,100.00
doc/asset/js/bootstrap-popover.js,100.00
doc/asset/js/bootstrap-scrollspy.js,100.00
doc/asset/js/bootstrap-tab.js,100.00
doc/asset/js/bootstrap-tooltip.js,100.00
doc/asset/js/bootstrap-transition.js,100.00
doc/asset/js/bootstrap-typeahead.js,100.00
doc/asset/js/bootstrap.js,100.00
doc/asset/js/bootstrap.min.js,100.00
doc/asset/js/codemirror.js,51.75
doc/asset/js/echartsConfig.js,99.79
doc/asset/js/echartsDoc.js,100.00
doc/asset/js/echartsExample.js,77.62
doc/asset/js/esl/css.js,100.00
doc/asset/js/esl/esl.js,55.40
doc/asset/js/esl/js.js,100.00
doc/asset/js/html5shiv.js,100.00
doc/asset/js/javascript.js,51.76
doc/asset/js/jquery.js,100.00
doc/doc.html,77.61
doc/example.html,94.97
doc/example/axis.html,100.00
doc/example/bar.html,83.17
doc/example/bar1.html,86.50
doc/example/bar2.html,88.75
doc/example/bar3.html,82.76
doc/example/bar4.html,87.08
doc/example/bar5.html,86.57
doc/example/dataZoom.html,84.91
doc/example/dataZoom1.html,85.11
doc/example/demo.html,92.91
doc/example/event.html,87.59
doc/example/lasagna.html,86.00
doc/example/legend.html,86.96
doc/example/line.html,90.92
doc/example/line1.html,86.54
doc/example/line2.html,86.73
doc/example/line3.html,83.87
doc/example/line4.html,87.76
doc/example/line5.html,83.57
doc/example/loading.html,89.71
doc/example/mix1.html,84.09
doc/example/mix2.html,88.36
doc/example/pie.html,85.15
doc/example/pie1.html,85.37
doc/example/pie2.html,84.38
doc/example/pie3.html,87.56
doc/example/tooltip.html,86.96
index.html,95.94
package.json,24.10
src/chart.js,100.00
src/chart/bar.js,87.78
src/chart/calculableBase.js,100.00
src/chart/island.js,96.64
src/chart/line.js,89.95
src/chart/pie.js,87.86
src/component.js,100.00
src/component/axis.js,46.78
src/component/base.js,96.00
src/component/categoryAxis.js,91.93
src/component/dataView.js,96.42
src/component/dataZoom.js,61.07
src/component/grid.js,76.95
src/component/legend.js,90.77
src/component/toolbox.js,94.14
src/component/tooltip.js,65.58
src/component/valueAxis.js,91.18
src/config.js,75.27
src/echarts.js,30.04
src/util/ecData.js,96.18
src/util/icon.js,100.00
doc/example/map1.html,86.67
src/chart/map.js,84.86
src/util/mapData/china.js,100.00
src/component/dataRange.js,84.93
doc/example/dataRange.html,84.95
doc/example/map2.html,80.21
doc/example/mix3.html,84.12
doc/example/k1.html,93.87
src/chart/k.js,91.21
src/util/candle.js,100.00
doc/example/scatter1.html,88.68
doc/example/scatter2.html,87.23
doc/example/scatter3.html,86.05
src/chart/scatter.js,89.58
src/util/shape/candle.js,100.00
src/util/shape/icon.js,100.00
src/util/shape/symbol.js,97.20
doc/example/k.html,93.22
doc/example/map.html,88.05
doc/example/scatter.html,85.89
doc/example/force.html,56.61
src/chart/force.js,71.91
doc/example/dataRange1.html,84.30
doc/example/mix4.html,86.69
doc/example/webkit-dep-pre.js,88.17
doc/example/webkit-dep.html,54.50
doc/example/webkit-dep.js,99.60
doc/example/force1.html,64.19
doc/changelog.html,81.87
doc/slide/css/echarts-slide.css,100.00
doc/slide/css/print/paper.css,100.00
doc/slide/css/print/pdf.css,100.00
doc/slide/css/reveal.css,100.00
doc/slide/css/reveal.min.css,100.00
doc/slide/css/theme/README.md,100.00
doc/slide/css/theme/beige.css,100.00
doc/slide/css/theme/default.css,100.00
doc/slide/css/theme/moon.css,100.00
doc/slide/css/theme/night.css,100.00
doc/slide/css/theme/serif.css,100.00
doc/slide/css/theme/simple.css,100.00
doc/slide/css/theme/sky.css,100.00
doc/slide/css/theme/solarized.css,100.00
doc/slide/css/theme/source/beige.scss,100.00
doc/slide/css/theme/source/default.scss,100.00
doc/slide/css/theme/source/moon.scss,100.00
doc/slide/css/theme/source/night.scss,100.00
doc/slide/css/theme/source/serif.scss,100.00
doc/slide/css/theme/source/simple.scss,100.00
doc/slide/css/theme/source/sky.scss,100.00
doc/slide/css/theme/source/solarized.scss,100.00
doc/slide/css/theme/template/mixins.scss,100.00
doc/slide/css/theme/template/settings.scss,100.00
doc/slide/css/theme/template/theme.scss,100.00
doc/slide/js/reveal.js,100.00
doc/slide/js/reveal.min.js,100.00
doc/slide/js/whyEcharts.js,98.95
doc/slide/lib/css/zenburn.css,100.00
doc/slide/lib/font/league_gothic-webfont.svg,100.00
doc/slide/lib/font/league_gothic_license,100.00
doc/slide/lib/js/classList.js,100.00
doc/slide/lib/js/head.min.js,100.00
doc/slide/lib/js/html5shiv.js,100.00
doc/slide/plugin/highlight/highlight.js,100.00
doc/slide/plugin/markdown/example.html,100.00
doc/slide/plugin/markdown/example.md,100.00
doc/slide/plugin/markdown/markdown.js,100.00
doc/slide/plugin/markdown/marked.js,100.00
doc/slide/plugin/multiplex/client.js,100.00
doc/slide/plugin/multiplex/index.js,100.00
doc/slide/plugin/multiplex/master.js,100.00
doc/slide/plugin/notes-server/client.js,100.00
doc/slide/plugin/notes-server/index.js,100.00
doc/slide/plugin/notes-server/notes.html,100.00
doc/slide/plugin/notes/notes.html,100.00
doc/slide/plugin/notes/notes.js,100.00
doc/slide/plugin/postmessage/example.html,100.00
doc/slide/plugin/postmessage/postmessage.js,100.00
doc/slide/plugin/print-pdf/print-pdf.js,100.00
doc/slide/plugin/remotes/remotes.js,100.00
doc/slide/plugin/search/search.js,100.00
doc/slide/plugin/zoom-js/zoom.js,100.00
doc/slide/whyEcharts.html,100.00
src/component/title.js,44.66
build/build.js,38.19
build/echarts-original.js,100.00
build/echarts.js,100.00
build/r.js,50.00
doc/example/www/index.html,100.00
doc/example/www/js/echarts-original.js,100.00
doc/example/www/js/echarts.js,74.07
doc/example/www/js/esl.js,100.00
doc/example/map3.html,92.17
doc/example/mix5.html,92.45
src/util/mapData/china/0.js,100.00
src/util/mapData/china/11.js,100.00
src/util/mapData/china/12.js,100.00
src/util/mapData/china/13.js,100.00
src/util/mapData/china/14.js,100.00
src/util/mapData/china/15.js,100.00
src/util/mapData/china/21.js,100.00
src/util/mapData/china/22.js,100.00
src/util/mapData/china/23.js,100.00
src/util/mapData/china/31.js,100.00
src/util/mapData/china/32.js,100.00
src/util/mapData/china/33.js,100.00
src/util/mapData/china/34.js,100.00
src/util/mapData/china/35.js,100.00
src/util/mapData/china/36.js,100.00
src/util/mapData/china/37.js,100.00
src/util/mapData/china/41.js,100.00
src/util/mapData/china/42.js,100.00
src/util/mapData/china/43.js,100.00
src/util/mapData/china/44.js,100.00
src/util/mapData/china/45.js,100.00
src/util/mapData/china/46.js,100.00
src/util/mapData/china/50.js,100.00
src/util/mapData/china/51.js,100.00
src/util/mapData/china/52.js,100.00
src/util/mapData/china/53.js,100.00
src/util/mapData/china/54.js,100.00
src/util/mapData/china/61.js,100.00
src/util/mapData/china/62.js,100.00
src/util/mapData/china/63.js,100.00
src/util/mapData/china/64.js,100.00
src/util/mapData/china/65.js,100.00
src/util/mapData/china/71.js,100.00
src/util/mapData/china/81.js,100.00
src/util/mapData/china/82.js,100.00
src/util/mapData/params.js,93.99
src/util/mapData/textFixed.js,100.00
build/echarts-map.js,100.00
build/echarts-original-map.js,100.00
doc/asset/css/flexslider.css,100.00
doc/asset/js/jquery.flexslider.js,100.00
doc/example/www/js/echarts-map.js,100.00
doc/example/www/js/echarts-original-map.js,100.00
doc/asset/js/jquery-1.10.2.min.map,100.00
doc/slide/js/echarts.js,100.00
src/util/mapData/china/0_unicode.js,100.00
src/util/mapData/china/11_unicode.js,100.00
src/util/mapData/china/12_unicode.js,100.00
src/util/mapData/china/13_unicode.js,100.00
src/util/mapData/china/14_unicode.js,100.00
src/util/mapData/china/15_unicode.js,100.00
src/util/mapData/china/21_unicode.js,100.00
src/util/mapData/china/22_unicode.js,100.00
src/util/mapData/china/23_unicode.js,100.00
src/util/mapData/china/31_unicode.js,100.00
src/util/mapData/china/32_unicode.js,100.00
src/util/mapData/china/33_unicode.js,100.00
src/util/mapData/china/34_unicode.js,100.00
src/util/mapData/china/35_unicode.js,100.00
src/util/mapData/china/36_unicode.js,100.00
src/util/mapData/china/37_unicode.js,100.00
src/util/mapData/china/41_unicode.js,100.00
src/util/mapData/china/42_unicode.js,100.00
src/util/mapData/china/43_unicode.js,100.00
src/util/mapData/china/44_unicode.js,100.00
src/util/mapData/china/45_unicode.js,100.00
src/util/mapData/china/46_unicode.js,100.00
src/util/mapData/china/50_unicode.js,100.00
src/util/mapData/china/51_unicode.js,100.00
src/util/mapData/china/52_unicode.js,100.00
src/util/mapData/china/53_unicode.js,100.00
src/util/mapData/china/54_unicode.js,100.00
src/util/mapData/china/61_unicode.js,100.00
src/util/mapData/china/62_unicode.js,100.00
src/util/mapData/china/63_unicode.js,100.00
src/util/mapData/china/64_unicode.js,100.00
src/util/mapData/china/65_unicode.js,100.00
src/util/mapData/china/71_unicode.js,100.00
src/util/mapData/china/81_unicode.js,100.00
src/util/mapData/china/82_unicode.js,100.00
src/util/mapData/rawData/encode.js,60.11
doc/example/dynamic.html,100.00
doc/example/dynamicLineBar.html,70.74
doc/example/dynamicPieRadar.html,84.39
doc/example/dynamicScatterK.html,87.89
doc/example/radar.html,66.23
doc/example/radar1.html,78.79
doc/example/radar2.html,87.67
src/chart/radar.js,92.25
src/component/polar.js,87.29
src/util/coordinates.js,100.00
src/util/ndarray.js,97.92
.jshintignore,100.00
doc/example/radar3.html,80.71
build/build-map.js,100.00
build/build-original-map.js,100.00
build/build-original.js,100.00
build/build.bat,55.56
doc/asset/js/dataDancing.js,100.00
doc/example/chord.html,66.93
src/chart/chord.js,83.06
src/util/kwargs.js,89.47
src/util/shape/chord.js,90.55
src/util/shape/halfSmoothPolygon.js,100.00
doc/example/wormhole.html,85.29
doc/example/middle-east-pre.js,100.00
doc/example/middle-east.js,100.00
doc/example/chord1.html,74.10
doc/example/chord2.html,88.79
doc/example/pie4.html,85.29
doc/example/pie5.html,88.58
build/build.sh,57.58
doc/example/bar6.html,86.00
doc/example/mix6.html,87.08
src/util/accMath.js,83.82
doc/example/bar10.html,85.87
doc/example/bar7.html,84.38
doc/example/bar8.html,84.51
doc/example/bar9.html,87.27
doc/example/pie6.html,86.59
build/config-tpl.js,91.36
build/wrap/almond.js,100.00
build/wrap/end.js,87.27
build/wrap/start.js,100.00
src/util/mapData/geoJson/world.geo.js,62.50
src/util/mapData/rawData/geoJson/an_hui.geo.json,100.00
src/util/mapData/rawData/geoJson/ao_men.geo.json,100.00
src/util/mapData/rawData/geoJson/bei_jing.geo.json,100.00
src/util/mapData/rawData/geoJson/china.city.json,100.00
src/util/mapData/rawData/geoJson/china.geo.json,100.00
src/util/mapData/rawData/geoJson/chong_qing.geo.json,100.00
src/util/mapData/rawData/geoJson/fu_jian.geo.json,100.00
src/util/mapData/rawData/geoJson/gan_su.geo.json,100.00
src/util/mapData/rawData/geoJson/guang_dong.geo.json,100.00
src/util/mapData/rawData/geoJson/guang_xi.geo.json,100.00
src/util/mapData/rawData/geoJson/gui_zhou.geo.json,100.00
src/util/mapData/rawData/geoJson/hai_nan.geo.json,100.00
src/util/mapData/rawData/geoJson/he_bei.geo.json,100.00
src/util/mapData/rawData/geoJson/he_nan.geo.json,100.00
src/util/mapData/rawData/geoJson/hei_long_jiang.geo.json,100.00
src/util/mapData/rawData/geoJson/hu_bei.geo.json,100.00
src/util/mapData/rawData/geoJson/hu_nan.geo.json,100.00
src/util/mapData/rawData/geoJson/ji_lin.geo.json,100.00
src/util/mapData/rawData/geoJson/jiang_su.geo.json,100.00
src/util/mapData/rawData/geoJson/jiang_xi.geo.json,100.00
src/util/mapData/rawData/geoJson/liao_ning.geo.json,100.00
src/util/mapData/rawData/geoJson/nei_meng_gu.geo.json,100.00
src/util/mapData/rawData/geoJson/ning_xia.geo.json,100.00
src/util/mapData/rawData/geoJson/qing_hai.geo.json,100.00
src/util/mapData/rawData/geoJson/shan_dong.geo.json,100.00
src/util/mapData/rawData/geoJson/shan_xi_1.geo.json,100.00
src/util/mapData/rawData/geoJson/shan_xi_2.geo.json,100.00
src/util/mapData/rawData/geoJson/shang_hai.geo.json,100.00
src/util/mapData/rawData/geoJson/si_chuan.geo.json,100.00
src/util/mapData/rawData/geoJson/tai_wan.geo.json,100.00
src/util/mapData/rawData/geoJson/tian_jin.geo.json,100.00
src/util/mapData/rawData/geoJson/world.geo.json,100.00
src/util/mapData/rawData/geoJson/xi_zang.geo.json,100.00
src/util/mapData/rawData/geoJson/xiang_gang.geo.json,100.00
src/util/mapData/rawData/geoJson/xin_jiang.geo.json,100.00
src/util/mapData/rawData/geoJson/yun_nan.geo.json,100.00
src/util/mapData/rawData/geoJson/zhe_jiang.geo.json,100.00
build/echarts-plain-map.js,53.57
build/echarts-plain-original-map.js,67.49
build/echarts-plain-original.js,66.67
build/echarts-plain.js,53.57
src/util/mapData/geoJson/an_hui.geo.js,100.00
src/util/mapData/geoJson/ao_men.geo.js,100.00
src/util/mapData/geoJson/bei_jing.geo.js,100.00
src/util/mapData/geoJson/china.geo.js,100.00
src/util/mapData/geoJson/chong_qing.geo.js,100.00
src/util/mapData/geoJson/fu_jian.geo.js,100.00
src/util/mapData/geoJson/gan_su.geo.js,100.00
src/util/mapData/geoJson/guang_dong.geo.js,100.00
src/util/mapData/geoJson/guang_xi.geo.js,100.00
src/util/mapData/geoJson/gui_zhou.geo.js,100.00
src/util/mapData/geoJson/hai_nan.geo.js,100.00
src/util/mapData/geoJson/he_bei.geo.js,100.00
src/util/mapData/geoJson/he_nan.geo.js,100.00
src/util/mapData/geoJson/hei_long_jiang.geo.js,100.00
src/util/mapData/geoJson/hu_bei.geo.js,100.00
src/util/mapData/geoJson/hu_nan.geo.js,100.00
src/util/mapData/geoJson/ji_lin.geo.js,100.00
src/util/mapData/geoJson/jiang_su.geo.js,100.00
src/util/mapData/geoJson/jiang_xi.geo.js,100.00
src/util/mapData/geoJson/liao_ning.geo.js,100.00
src/util/mapData/geoJson/nei_meng_gu.geo.js,100.00
src/util/mapData/geoJson/ning_xia.geo.js,100.00
src/util/mapData/geoJson/qing_hai.geo.js,100.00
src/util/mapData/geoJson/shan_dong.geo.js,100.00
src/util/mapData/geoJson/shan_xi_1.geo.js,100.00
src/util/mapData/geoJson/shan_xi_2.geo.js,100.00
src/util/mapData/geoJson/shang_hai.geo.js,100.00
src/util/mapData/geoJson/si_chuan.geo.js,100.00
src/util/mapData/geoJson/tai_wan.geo.js,100.00
src/util/mapData/geoJson/tian_jin.geo.js,100.00
src/util/mapData/geoJson/xi_zang.geo.js,100.00
src/util/mapData/geoJson/xiang_gang.geo.js,100.00
src/util/mapData/geoJson/xin_jiang.geo.js,100.00
src/util/mapData/geoJson/yun_nan.geo.js,100.00
src/util/mapData/geoJson/zhe_jiang.geo.js,100.00
doc/example/map4.html,95.49
src/util/mapData/geoCoord.js,100.00
src/util/mapData/geoJson/china.city.js,100.00
src/util/projection/albers.js,100.00
src/util/projection/mercator.js,100.00
src/util/projection/normal.js,92.68
doc/example/map5.html,89.62
doc/example/HK.geo.json,100.00
doc/example/map6.html,86.08
doc/example/uk.geo.json,100.00
doc/example/geoJson/USA.geo.json,100.00
doc/example/map7.html,87.74
doc/example/map8.html,86.99
doc/example/www2/index.html,100.00
doc/example/www2/js/echarts-plain-map.js,100.00
doc/example/www2/js/echarts-plain.js,100.00
doc/example/topic/10-me-china/index.html,100.00
doc/example/topic/10-me-china/js/data-a-china.js,100.00
doc/example/topic/10-me-china/js/data-china.js,100.00
doc/example/topic/10-me-china/js/data-formatter.js,100.00
doc/example/topic/10-me-china/js/djws.js,100.00
doc/example/topic/10-me-china/js/option0.js,100.00
doc/example/topic/10-me-china/js/option1.js,97.10
doc/example/topic/10-me-china/js/option2.js,100.00
doc/example/topic/10-me-china/js/option3.js,100.00
doc/example/topic/10-me-china/js/新建文件夹/application.js,100.00
doc/example/topic/10-me-china/js/新建文件夹/bootstrap-affix.js,100.00
doc/example/topic/10-me-china/js/新建文件夹/bootstrap-alert.js,100.00
doc/example/topic/10-me-china/js/新建文件夹/bootstrap-button.js,100.00
doc/example/topic/10-me-china/js/新建文件夹/bootstrap-carousel.js,100.00
doc/example/topic/10-me-china/js/新建文件夹/bootstrap-collapse.js,100.00
doc/example/topic/10-me-china/js/新建文件夹/bootstrap-dropdown.js,100.00
doc/example/topic/10-me-china/js/新建文件夹/bootstrap-modal.js,100.00
doc/example/topic/10-me-china/js/新建文件夹/bootstrap-popover.js,100.00
doc/example/topic/10-me-china/js/新建文件夹/bootstrap-scrollspy.js,100.00
doc/example/topic/10-me-china/js/新建文件夹/bootstrap-tab.js,100.00
doc/example/topic/10-me-china/js/新建文件夹/bootstrap-tooltip.js,100.00
doc/example/topic/10-me-china/js/新建文件夹/bootstrap-transition.js,100.00
doc/example/topic/10-me-china/js/新建文件夹/bootstrap-typeahead.js,100.00
doc/example/topic/10-me-china/js/新建文件夹/bootstrap.js,100.00
doc/example/topic/10-me-china/js/新建文件夹/bootstrap.min.js,100.00
doc/example/topic/10-me-china/js/新建文件夹/echarts-map.js,100.00
doc/example/topic/10-me-china/js/新建文件夹/esl.js,100.00
doc/example/topic/10-me-china/js/新建文件夹/html5shiv.js,100.00
doc/example/topic/10-me-china/js/新建文件夹/javascript.js,100.00
doc/example/topic/10-me-china/js/新建文件夹/jquery-1.10.2.min.map,100.00
doc/example/topic/10-me-china/js/新建文件夹/jquery.js,100.00
doc/example/topic/24-population-china/index.html,100.00
doc/example/topic/24-population-china/js/data-people.js,100.00
doc/example/mix7.html,87.04
doc/example/map9.html,95.05
test/allchart/all.html,99.65
test/allchart/all.js,98.51
build/wrap/end-map.js,93.94
doc/example/map10.html,92.72
src/util/shape/markLine.js,100.00
doc/example/topic/aqi-china/index.html,100.00
doc/example/topic/aqi-china/js/china_city_geo.js,100.00
doc/example/topic/aqi-china/js/data.js,100.00
doc/example/topic/aqi-china/js/main.js,100.00
doc/example/topic/aqi-china/js/option0.js,100.00
doc/example/topic/aqi-china/js/option1.js,100.00
doc/example/topic/aqi-china/js/option2.js,100.00
doc/example/topic/aqi-china/js/option3.js,99.12
.npmignore,21.21
doc/example/force2.html,82.01
doc/example/force3.html,84.10
doc/asset/js/echartsThemeDesigner.js,100.00
doc/example/themeDesigner.html,98.42
src/theme/default.js,100.00
doc/example/map11.html,95.25
doc/example/mix8.html,94.60
doc/example/toolbox.html,83.38
src/util/ecQuery.js,90.32
src/util/number.js,46.48
doc/example/map12.html,91.46
doc/asset/js/echartsTheme.js,98.29
doc/example/theme.html,86.01
doc/example/theme/blue.js,100.00
doc/example/theme/dark.js,98.57
doc/example/theme/default.js,100.00
doc/example/theme/gray.js,100.00
doc/example/theme/green.js,100.00
doc/example/theme/red.js,100.00
src/util/shape/handlePolygon.js,100.00
doc/example/theme/erik.js,100.00
doc/example/mix9.html,88.52
doc/example/mix10.html,90.51
doc/example/force4.html,97.04
doc/asset/css/google-code-prettify.css,100.00
doc/asset/js/google-code-prettify.js,100.00
doc/start.html,100.00
doc/example/geoJson/continent_geo.json,100.00
doc/example/map13.html,83.04
test/performance/option.js,100.00
test/performance/p.html,100.00
test/performance/p.js,98.30
src/util/shape/Candle.js,91.17
src/util/shape/Chord.js,99.30
src/util/shape/HalfSmoothPolygon.js,100.00
src/util/shape/HandlePolygon.js,96.67
src/util/shape/Icon.js,95.80
src/util/shape/MarkLine.js,82.69
src/util/shape/Symbol.js,96.35
doc/example/force5.html,84.36
doc/example/pie7.html,90.81
src/component/timeline.js,92.05
src/util/shape/Chain.js,93.87
doc/example/bar11.html,89.62
doc/example/scatter4.html,83.33
doc/example/timelineOption.js,100.00
doc/example/map14.html,86.17
doc/example/map15.html,91.52
src/util/shape/Cross.js,90.10
doc/example/line6.html,87.93
doc/example/scatter5.html,75.25
src/chart/animationBase.js,100.00
src/chart/base.js,78.73
src/chart/effectBase.js,100.00
src/util/ecAnimation.js,69.31
src/util/ecEffect.js,44.83
doc/example/gauge.html,86.06
src/chart/gauge.js,81.34
src/util/shape/GaugePointer.js,94.48
doc/example/gauge1.html,79.77
doc/example/gauge2.html,83.64
doc/example/gauge3.html,84.44
doc/example/gauge4.html,89.50
doc/example/gauge5.html,91.94
src/chart/funnel.js,87.39
doc/example/funnel.html,85.48
doc/example/funnel1.html,82.50
doc/example/funnel2.html,85.17
doc/example/funnel3.html,86.43
doc/example/map16.html,88.24
doc/example/svg/body-female.svg,100.00
doc/example/svg/body-male.svg,100.00
src/util/projection/svg.js,57.76
doc/example/svg/shapes.svg,100.00
doc/example/map17.html,84.74
doc/example/svg/football.svg,100.00
doc/example/mix11.html,88.64
.editorconfig,100.00
doc/example/theme/infographic.js,97.80
doc/example/theme/macarons.js,97.48
doc/example/theme/shine.js,61.11
src/util/shape/normalIsCover.js,88.00
doc/about.html,91.86
doc/asset/css/bootstrap-theme.css,100.00
doc/asset/css/bootstrap-theme.css.map,100.00
doc/asset/css/bootstrap-theme.min.css,100.00
doc/asset/css/bootstrap.css.map,100.00
doc/asset/css/bootstrap.min.css,100.00
doc/asset/css/carousel.css,100.00
doc/asset/fonts/glyphicons-halflings-regular.svg,100.00
doc/asset/js/echartsHome.js,63.47
doc/asset/js/jquery.min.js,100.00
doc/asset/js/jquery.min.map,100.00
doc/feature.html,98.36
doc/example/map18.html,100.00
doc/example/svg/baidu-building.svg,100.00
doc/example/bar12.html,98.77
doc/slide/js/timelineOption.js,100.00
bower.json,46.43
src/chart/forceLayoutWorker.js,99.32
doc/example/dataZoom2.html,100.00
doc/example/map19.html,100.00
extension/README.md,100.00
src/component/roamController.js,94.02
extension/BMap/doc/BMap.html,98.99
extension/BMap/doc/echartsExample.js,89.40
extension/BMap/doc/example.html,80.95
extension/BMap/doc/theme/blue.js,100.00
extension/BMap/doc/theme/dark.js,100.00
extension/BMap/doc/theme/default.js,100.00
extension/BMap/doc/theme/gray.js,100.00
extension/BMap/doc/theme/green.js,100.00
extension/BMap/doc/theme/infographic.js,100.00
extension/BMap/doc/theme/macarons.js,100.00
extension/BMap/doc/theme/red.js,100.00
extension/BMap/doc/theme/shine.js,100.00
extension/BMap/src/main.js,81.57
doc/example/geoJson/GUANGZHOU_geo.json,100.00
extension/BMap/doc/doc.html,92.97
extension/BMap/doc/example.js,95.24
src/util/shape/Ribbon.js,98.86
src/data/Graph.js,75.69
src/layout/Force.js,98.20
src/layout/forceLayoutWorker.js,99.80
src/data/Tree.js,37.45
src/layout/Tree.js,100.00
doc/example/line7.html,99.41
src/layout/Chord.js,100.00
doc/example/bar13.html,99.39
doc/example/scatter6.html,83.33
src/util/date.js,100.00
doc/example/eventRiver1.html,99.53
doc/example/eventRiver2.html,100.00
doc/example/eventRiver2_data.js,50.00
src/chart/eventRiver.js,88.34
src/layout/eventRiver.js,64.84
doc/example/geoJson/china-main-city/110100.json,100.00
doc/example/geoJson/china-main-city/120100.json,100.00
doc/example/geoJson/china-main-city/130100.json,100.00
doc/example/geoJson/china-main-city/130200.json,100.00
doc/example/geoJson/china-main-city/130300.json,100.00
doc/example/geoJson/china-main-city/130400.json,100.00
doc/example/geoJson/china-main-city/130500.json,100.00
doc/example/geoJson/china-main-city/130600.json,100.00
doc/example/geoJson/china-main-city/130700.json,100.00
doc/example/geoJson/china-main-city/130800.json,100.00
doc/example/geoJson/china-main-city/130900.json,100.00
doc/example/geoJson/china-main-city/131000.json,100.00
doc/example/geoJson/china-main-city/131100.json,100.00
doc/example/geoJson/china-main-city/140100.json,100.00
doc/example/geoJson/china-main-city/140200.json,100.00
doc/example/geoJson/china-main-city/140300.json,100.00
doc/example/geoJson/china-main-city/140400.json,100.00
doc/example/geoJson/china-main-city/140500.json,100.00
doc/example/geoJson/china-main-city/140600.json,100.00
doc/example/geoJson/china-main-city/140700.json,100.00
doc/example/geoJson/china-main-city/140800.json,100.00
doc/example/geoJson/china-main-city/140900.json,100.00
doc/example/geoJson/china-main-city/141000.json,100.00
doc/example/geoJson/china-main-city/141100.json,100.00
doc/example/geoJson/china-main-city/150100.json,100.00
doc/example/geoJson/china-main-city/150200.json,100.00
doc/example/geoJson/china-main-city/150300.json,100.00
doc/example/geoJson/china-main-city/150400.json,100.00
doc/example/geoJson/china-main-city/150500.json,100.00
doc/example/geoJson/china-main-city/150600.json,100.00
doc/example/geoJson/china-main-city/150700.json,100.00
doc/example/geoJson/china-main-city/150800.json,100.00
doc/example/geoJson/china-main-city/150900.json,100.00
doc/example/geoJson/china-main-city/152200.json,100.00
doc/example/geoJson/china-main-city/152500.json,100.00
doc/example/geoJson/china-main-city/152900.json,100.00
doc/example/geoJson/china-main-city/210100.json,100.00
doc/example/geoJson/china-main-city/210200.json,100.00
doc/example/geoJson/china-main-city/210300.json,100.00
doc/example/geoJson/china-main-city/210400.json,100.00
doc/example/geoJson/china-main-city/210500.json,100.00
doc/example/geoJson/china-main-city/210600.json,100.00
doc/example/geoJson/china-main-city/210700.json,100.00
doc/example/geoJson/china-main-city/210800.json,100.00
doc/example/geoJson/china-main-city/210900.json,100.00
doc/example/geoJson/china-main-city/211000.json,100.00
doc/example/geoJson/china-main-city/211100.json,100.00
doc/example/geoJson/china-main-city/211200.json,100.00
doc/example/geoJson/china-main-city/211300.json,100.00
doc/example/geoJson/china-main-city/211400.json,100.00
doc/example/geoJson/china-main-city/220100.json,100.00
doc/example/geoJson/china-main-city/220200.json,100.00
doc/example/geoJson/china-main-city/220300.json,100.00
doc/example/geoJson/china-main-city/220400.json,100.00
doc/example/geoJson/china-main-city/220500.json,100.00
doc/example/geoJson/china-main-city/220600.json,100.00
doc/example/geoJson/china-main-city/220700.json,100.00
doc/example/geoJson/china-main-city/220800.json,100.00
doc/example/geoJson/china-main-city/222400.json,100.00
doc/example/geoJson/china-main-city/230100.json,100.00
doc/example/geoJson/china-main-city/230200.json,100.00
doc/example/geoJson/china-main-city/230300.json,100.00
doc/example/geoJson/china-main-city/230400.json,100.00
doc/example/geoJson/china-main-city/230500.json,100.00
doc/example/geoJson/china-main-city/230600.json,100.00
doc/example/geoJson/china-main-city/230700.json,100.00
doc/example/geoJson/china-main-city/230800.json,100.00
doc/example/geoJson/china-main-city/230900.json,100.00
doc/example/geoJson/china-main-city/231000.json,100.00
doc/example/geoJson/china-main-city/231100.json,100.00
doc/example/geoJson/china-main-city/231200.json,100.00
doc/example/geoJson/china-main-city/232700.json,100.00
doc/example/geoJson/china-main-city/310100.json,100.00
doc/example/geoJson/china-main-city/310200.json,100.00
doc/example/geoJson/china-main-city/320100.json,100.00
doc/example/geoJson/china-main-city/320200.json,100.00
doc/example/geoJson/china-main-city/320300.json,100.00
doc/example/geoJson/china-main-city/320400.json,100.00
doc/example/geoJson/china-main-city/320500.json,100.00
doc/example/geoJson/china-main-city/320600.json,100.00
doc/example/geoJson/china-main-city/320700.json,100.00
doc/example/geoJson/china-main-city/320800.json,100.00
doc/example/geoJson/china-main-city/320900.json,100.00
doc/example/geoJson/china-main-city/321000.json,100.00
doc/example/geoJson/china-main-city/321100.json,100.00
doc/example/geoJson/china-main-city/321200.json,100.00
doc/example/geoJson/china-main-city/321300.json,100.00
doc/example/geoJson/china-main-city/330100.json,100.00
doc/example/geoJson/china-main-city/330200.json,100.00
doc/example/geoJson/china-main-city/330300.json,100.00
doc/example/geoJson/china-main-city/330400.json,100.00
doc/example/geoJson/china-main-city/330500.json,100.00
doc/example/geoJson/china-main-city/330600.json,100.00
doc/example/geoJson/china-main-city/330700.json,100.00
doc/example/geoJson/china-main-city/330800.json,100.00
doc/example/geoJson/china-main-city/330900.json,100.00
doc/example/geoJson/china-main-city/331000.json,100.00
doc/example/geoJson/china-main-city/331100.json,100.00
doc/example/geoJson/china-main-city/340100.json,100.00
doc/example/geoJson/china-main-city/340200.json,100.00
doc/example/geoJson/china-main-city/340300.json,100.00
doc/example/geoJson/china-main-city/340400.json,100.00
doc/example/geoJson/china-main-city/340500.json,100.00
doc/example/geoJson/china-main-city/340600.json,100.00
doc/example/geoJson/china-main-city/340700.json,100.00
doc/example/geoJson/china-main-city/340800.json,100.00
doc/example/geoJson/china-main-city/341000.json,100.00
doc/example/geoJson/china-main-city/341100.json,100.00
doc/example/geoJson/china-main-city/341200.json,100.00
doc/example/geoJson/china-main-city/341300.json,100.00
doc/example/geoJson/china-main-city/341500.json,100.00
doc/example/geoJson/china-main-city/341600.json,100.00
doc/example/geoJson/china-main-city/341700.json,100.00
doc/example/geoJson/china-main-city/341800.json,100.00
doc/example/geoJson/china-main-city/350100.json,100.00
doc/example/geoJson/china-main-city/350200.json,100.00
doc/example/geoJson/china-main-city/350300.json,100.00
doc/example/geoJson/china-main-city/350400.json,100.00
doc/example/geoJson/china-main-city/350500.json,100.00
doc/example/geoJson/china-main-city/350600.json,100.00
doc/example/geoJson/china-main-city/350700.json,100.00
doc/example/geoJson/china-main-city/350800.json,100.00
doc/example/geoJson/china-main-city/350900.json,100.00
doc/example/geoJson/china-main-city/360100.json,100.00
doc/example/geoJson/china-main-city/360200.json,100.00
doc/example/geoJson/china-main-city/360300.json,100.00
doc/example/geoJson/china-main-city/360400.json,100.00
doc/example/geoJson/china-main-city/360500.json,100.00
doc/example/geoJson/china-main-city/360600.json,100.00
doc/example/geoJson/china-main-city/360700.json,100.00
doc/example/geoJson/china-main-city/360800.json,100.00
doc/example/geoJson/china-main-city/360900.json,100.00
doc/example/geoJson/china-main-city/361000.json,100.00
doc/example/geoJson/china-main-city/361100.json,100.00
doc/example/geoJson/china-main-city/370100.json,100.00
doc/example/geoJson/china-main-city/370200.json,100.00
doc/example/geoJson/china-main-city/370300.json,100.00
doc/example/geoJson/china-main-city/370400.json,100.00
doc/example/geoJson/china-main-city/370500.json,100.00
doc/example/geoJson/china-main-city/370600.json,100.00
doc/example/geoJson/china-main-city/370700.json,100.00
doc/example/geoJson/china-main-city/370800.json,100.00
doc/example/geoJson/china-main-city/370900.json,100.00
doc/example/geoJson/china-main-city/371000.json,100.00
doc/example/geoJson/china-main-city/371100.json,100.00
doc/example/geoJson/china-main-city/371200.json,100.00
doc/example/geoJson/china-main-city/371300.json,100.00
doc/example/geoJson/china-main-city/371400.json,100.00
doc/example/geoJson/china-main-city/371500.json,100.00
doc/example/geoJson/china-main-city/371600.json,100.00
doc/example/geoJson/china-main-city/371700.json,100.00
doc/example/geoJson/china-main-city/410100.json,100.00
doc/example/geoJson/china-main-city/410200.json,100.00
doc/example/geoJson/china-main-city/410300.json,100.00
doc/example/geoJson/china-main-city/410400.json,100.00
doc/example/geoJson/china-main-city/410500.json,100.00
doc/example/geoJson/china-main-city/410600.json,100.00
doc/example/geoJson/china-main-city/410700.json,100.00
doc/example/geoJson/china-main-city/410800.json,100.00
doc/example/geoJson/china-main-city/410900.json,100.00
doc/example/geoJson/china-main-city/411000.json,100.00
doc/example/geoJson/china-main-city/411100.json,100.00
doc/example/geoJson/china-main-city/411200.json,100.00
doc/example/geoJson/china-main-city/411300.json,100.00
doc/example/geoJson/china-main-city/411400.json,100.00
doc/example/geoJson/china-main-city/411500.json,100.00
doc/example/geoJson/china-main-city/411600.json,100.00
doc/example/geoJson/china-main-city/411700.json,100.00
doc/example/geoJson/china-main-city/420100.json,100.00
doc/example/geoJson/china-main-city/420200.json,100.00
doc/example/geoJson/china-main-city/420300.json,100.00
doc/example/geoJson/china-main-city/420500.json,100.00
doc/example/geoJson/china-main-city/420600.json,100.00
doc/example/geoJson/china-main-city/420700.json,100.00
doc/example/geoJson/china-main-city/420800.json,100.00
doc/example/geoJson/china-main-city/420900.json,100.00
doc/example/geoJson/china-main-city/421000.json,100.00
doc/example/geoJson/china-main-city/421100.json,100.00
doc/example/geoJson/china-main-city/421200.json,100.00
doc/example/geoJson/china-main-city/421300.json,100.00
doc/example/geoJson/china-main-city/422800.json,100.00
doc/example/geoJson/china-main-city/429000.json,100.00
doc/example/geoJson/china-main-city/430100.json,100.00
doc/example/geoJson/china-main-city/430200.json,100.00
doc/example/geoJson/china-main-city/430300.json,100.00
doc/example/geoJson/china-main-city/430400.json,100.00
doc/example/geoJson/china-main-city/430500.json,100.00
doc/example/geoJson/china-main-city/430600.json,100.00
doc/example/geoJson/china-main-city/430700.json,100.00
doc/example/geoJson/china-main-city/430800.json,100.00
doc/example/geoJson/china-main-city/430900.json,100.00
doc/example/geoJson/china-main-city/431000.json,100.00
doc/example/geoJson/china-main-city/431100.json,100.00
doc/example/geoJson/china-main-city/431200.json,100.00
doc/example/geoJson/china-main-city/431300.json,100.00
doc/example/geoJson/china-main-city/433100.json,100.00
doc/example/geoJson/china-main-city/440100.json,100.00
doc/example/geoJson/china-main-city/440200.json,100.00
doc/example/geoJson/china-main-city/440300.json,100.00
doc/example/geoJson/china-main-city/440400.json,100.00
doc/example/geoJson/china-main-city/440500.json,100.00
doc/example/geoJson/china-main-city/440600.json,100.00
doc/example/geoJson/china-main-city/440700.json,100.00
doc/example/geoJson/china-main-city/440800.json,100.00
doc/example/geoJson/china-main-city/440900.json,100.00
doc/example/geoJson/china-main-city/441200.json,100.00
doc/example/geoJson/china-main-city/441300.json,100.00
doc/example/geoJson/china-main-city/441400.json,100.00
doc/example/geoJson/china-main-city/441500.json,100.00
doc/example/geoJson/china-main-city/441600.json,100.00
doc/example/geoJson/china-main-city/441700.json,100.00
doc/example/geoJson/china-main-city/441800.json,100.00
doc/example/geoJson/china-main-city/441900.json,100.00
doc/example/geoJson/china-main-city/442000.json,100.00
doc/example/geoJson/china-main-city/445100.json,100.00
doc/example/geoJson/china-main-city/445200.json,100.00
doc/example/geoJson/china-main-city/445300.json,100.00
doc/example/geoJson/china-main-city/450100.json,100.00
doc/example/geoJson/china-main-city/450200.json,100.00
doc/example/geoJson/china-main-city/450300.json,100.00
doc/example/geoJson/china-main-city/450400.json,100.00
doc/example/geoJson/china-main-city/450500.json,100.00
doc/example/geoJson/china-main-city/450600.json,100.00
doc/example/geoJson/china-main-city/450700.json,100.00
doc/example/geoJson/china-main-city/450800.json,100.00
doc/example/geoJson/china-main-city/450900.json,100.00
doc/example/geoJson/china-main-city/451000.json,100.00
doc/example/geoJson/china-main-city/451100.json,100.00
doc/example/geoJson/china-main-city/451200.json,100.00
doc/example/geoJson/china-main-city/451300.json,100.00
doc/example/geoJson/china-main-city/451400.json,100.00
doc/example/geoJson/china-main-city/460100.json,100.00
doc/example/geoJson/china-main-city/460200.json,100.00
doc/example/geoJson/china-main-city/460300.json,100.00
doc/example/geoJson/china-main-city/469000.json,100.00
doc/example/geoJson/china-main-city/500100.json,100.00
doc/example/geoJson/china-main-city/510100.json,100.00
doc/example/geoJson/china-main-city/510300.json,100.00
doc/example/geoJson/china-main-city/510400.json,100.00
doc/example/geoJson/china-main-city/510500.json,100.00
doc/example/geoJson/china-main-city/510600.json,100.00
doc/example/geoJson/china-main-city/510700.json,100.00
doc/example/geoJson/china-main-city/510800.json,100.00
doc/example/geoJson/china-main-city/510900.json,100.00
doc/example/geoJson/china-main-city/511000.json,100.00
doc/example/geoJson/china-main-city/511100.json,100.00
doc/example/geoJson/china-main-city/511300.json,100.00
doc/example/geoJson/china-main-city/511400.json,100.00
doc/example/geoJson/china-main-city/511500.json,100.00
doc/example/geoJson/china-main-city/511600.json,100.00
doc/example/geoJson/china-main-city/511700.json,100.00
doc/example/geoJson/china-main-city/511800.json,100.00
doc/example/geoJson/china-main-city/511900.json,100.00
doc/example/geoJson/china-main-city/512000.json,100.00
doc/example/geoJson/china-main-city/513200.json,100.00
doc/example/geoJson/china-main-city/513300.json,100.00
doc/example/geoJson/china-main-city/513400.json,100.00
doc/example/geoJson/china-main-city/520100.json,100.00
doc/example/geoJson/china-main-city/520200.json,100.00
doc/example/geoJson/china-main-city/520300.json,100.00
doc/example/geoJson/china-main-city/520400.json,100.00
doc/example/geoJson/china-main-city/522200.json,100.00
doc/example/geoJson/china-main-city/522300.json,100.00
doc/example/geoJson/china-main-city/522400.json,100.00
doc/example/geoJson/china-main-city/522600.json,100.00
doc/example/geoJson/china-main-city/522700.json,100.00
doc/example/geoJson/china-main-city/530100.json,100.00
doc/example/geoJson/china-main-city/530300.json,100.00
doc/example/geoJson/china-main-city/530400.json,100.00
doc/example/geoJson/china-main-city/530500.json,100.00
doc/example/geoJson/china-main-city/530600.json,100.00
doc/example/geoJson/china-main-city/530700.json,100.00
doc/example/geoJson/china-main-city/530800.json,100.00
doc/example/geoJson/china-main-city/530900.json,100.00
doc/example/geoJson/china-main-city/532300.json,100.00
doc/example/geoJson/china-main-city/532500.json,100.00
doc/example/geoJson/china-main-city/532600.json,100.00
doc/example/geoJson/china-main-city/532800.json,100.00
doc/example/geoJson/china-main-city/532900.json,100.00
doc/example/geoJson/china-main-city/533100.json,100.00
doc/example/geoJson/china-main-city/533300.json,100.00
doc/example/geoJson/china-main-city/533400.json,100.00
doc/example/geoJson/china-main-city/540100.json,100.00
doc/example/geoJson/china-main-city/542100.json,100.00
doc/example/geoJson/china-main-city/542200.json,100.00
doc/example/geoJson/china-main-city/542300.json,100.00
doc/example/geoJson/china-main-city/542400.json,100.00
doc/example/geoJson/china-main-city/542500.json,100.00
doc/example/geoJson/china-main-city/542600.json,100.00
doc/example/geoJson/china-main-city/610100.json,100.00
doc/example/geoJson/china-main-city/610200.json,100.00
doc/example/geoJson/china-main-city/610300.json,100.00
doc/example/geoJson/china-main-city/610400.json,100.00
doc/example/geoJson/china-main-city/610500.json,100.00
doc/example/geoJson/china-main-city/610600.json,100.00
doc/example/geoJson/china-main-city/610700.json,100.00
doc/example/geoJson/china-main-city/610800.json,100.00
doc/example/geoJson/china-main-city/610900.json,100.00
doc/example/geoJson/china-main-city/611000.json,100.00
doc/example/geoJson/china-main-city/620100.json,100.00
doc/example/geoJson/china-main-city/620200.json,100.00
doc/example/geoJson/china-main-city/620300.json,100.00
doc/example/geoJson/china-main-city/620400.json,100.00
doc/example/geoJson/china-main-city/620500.json,100.00
doc/example/geoJson/china-main-city/620600.json,100.00
doc/example/geoJson/china-main-city/620700.json,100.00
doc/example/geoJson/china-main-city/620800.json,100.00
doc/example/geoJson/china-main-city/620900.json,100.00
doc/example/geoJson/china-main-city/621000.json,100.00
doc/example/geoJson/china-main-city/621100.json,100.00
doc/example/geoJson/china-main-city/621200.json,100.00
doc/example/geoJson/china-main-city/622900.json,100.00
doc/example/geoJson/china-main-city/623000.json,100.00
doc/example/geoJson/china-main-city/630100.json,100.00
doc/example/geoJson/china-main-city/632100.json,100.00
doc/example/geoJson/china-main-city/632200.json,100.00
doc/example/geoJson/china-main-city/632300.json,100.00
doc/example/geoJson/china-main-city/632500.json,100.00
doc/example/geoJson/china-main-city/632600.json,100.00
doc/example/geoJson/china-main-city/632700.json,100.00
doc/example/geoJson/china-main-city/632800.json,100.00
doc/example/geoJson/china-main-city/640100.json,100.00
doc/example/geoJson/china-main-city/640200.json,100.00
doc/example/geoJson/china-main-city/640300.json,100.00
doc/example/geoJson/china-main-city/640400.json,100.00
doc/example/geoJson/china-main-city/640500.json,100.00
doc/example/geoJson/china-main-city/650100.json,100.00
doc/example/geoJson/china-main-city/650200.json,100.00
doc/example/geoJson/china-main-city/652100.json,100.00
doc/example/geoJson/china-main-city/652200.json,100.00
doc/example/geoJson/china-main-city/652300.json,100.00
doc/example/geoJson/china-main-city/652700.json,100.00
doc/example/geoJson/china-main-city/652800.json,100.00
doc/example/geoJson/china-main-city/652900.json,100.00
doc/example/geoJson/china-main-city/653000.json,100.00
doc/example/geoJson/china-main-city/653100.json,100.00
doc/example/geoJson/china-main-city/653200.json,100.00
doc/example/geoJson/china-main-city/654000.json,100.00
doc/example/geoJson/china-main-city/654200.json,100.00
doc/example/geoJson/china-main-city/654300.json,100.00
doc/example/geoJson/china-main-city/659000.json,100.00
doc/example/geoJson/china-main-city/710000.json,100.00
doc/example/geoJson/china-main-city/810100.json,100.00
doc/example/geoJson/china-main-city/820000.json,100.00
doc/example/geoJson/china-main-city/china-main-city-map.js,100.00
doc/example/map20.html,100.00
doc/example/chord3.html,96.88
doc/example/chord4.html,96.30
doc/example/webkit-dep2.html,82.14
doc/about-en.html,91.67
doc/changelog-en.html,80.81
doc/doc-en.html,84.12
doc/example-en.html,89.99
doc/feature-en.html,99.66
doc/slide/js/whyEcharts-en.js,99.89
doc/slide/whyEcharts-en.html,100.00
doc/start-en.html,100.00
index-en.html,82.39
doc/example/funnel4.html,100.00
src/util/smartSteps.js,66.70
doc/example/www2/js/echarts-all.js,83.63
build/source/chart/bar.js,88.42
build/source/chart/chord.js,95.92
build/source/chart/eventRiver.js,82.73
build/source/chart/force.js,95.26
build/source/chart/funnel.js,93.78
build/source/chart/gauge.js,87.81
build/source/chart/k.js,90.74
build/source/chart/line.js,91.68
build/source/chart/map.js,98.21
build/source/chart/pie.js,92.05
build/source/chart/radar.js,93.67
build/source/chart/scatter.js,90.93
build/source/echarts-all.js,91.34
build/source/echarts.js,89.85
doc/example/www/js/chart/bar.js,63.64
doc/example/www/js/chart/chord.js,60.00
doc/example/www/js/chart/eventRiver.js,66.67
doc/example/www/js/chart/force.js,54.55
doc/example/www/js/chart/funnel.js,50.00
doc/example/www/js/chart/gauge.js,57.14
doc/example/www/js/chart/k.js,55.56
doc/example/www/js/chart/line.js,46.15
doc/example/www/js/chart/map.js,61.04
doc/example/www/js/chart/pie.js,45.45
doc/example/www/js/chart/radar.js,54.55
doc/example/www/js/chart/scatter.js,50.00
extension/BMap/doc/BMap.js,100.00
doc/example/theme/helianthus.js,97.69
build/dist/chart/bar.js,70.00
build/dist/chart/chord.js,66.67
build/dist/chart/eventRiver.js,77.78
build/dist/chart/force.js,60.00
build/dist/chart/funnel.js,54.55
build/dist/chart/gauge.js,66.67
build/dist/chart/k.js,62.50
build/dist/chart/line.js,50.00
build/dist/chart/map.js,70.15
build/dist/chart/pie.js,50.00
build/dist/chart/radar.js,54.55
build/dist/chart/scatter.js,55.56
build/dist/echarts-all.js,61.88
build/dist/echarts.js,54.46
doc/example/bar14.html,93.45
doc/example/bar15.html,100.00
doc/example/mix12.html,100.00
doc/example/line8.html,94.44
src/theme/infographic.js,97.38
src/theme/macarons.js,100.00
doc/asset/css/font-awesome.min.css,100.00
doc/asset/fonts/fontawesome-webfont.svg,100.00
src/data/KDTree.js,100.00
src/data/quickSelect.js,100.00
test/kdtree.html,100.00
src/layout/EdgeBundling.js,100.00
doc/example/map21.html,89.76
doc/slide/css/why-echarts-m.css,100.00
doc/slide/js/dist/chart/bar.js,100.00
doc/slide/js/dist/chart/chord.js,100.00
doc/slide/js/dist/chart/eventRiver.js,100.00
doc/slide/js/dist/chart/force.js,100.00
doc/slide/js/dist/chart/funnel.js,100.00
doc/slide/js/dist/chart/gauge.js,100.00
doc/slide/js/dist/chart/k.js,100.00
doc/slide/js/dist/chart/line.js,100.00
doc/slide/js/dist/chart/map.js,100.00
doc/slide/js/dist/chart/pie.js,100.00
doc/slide/js/dist/chart/radar.js,100.00
doc/slide/js/dist/chart/scatter.js,100.00
doc/slide/js/dist/echarts.js,100.00
doc/slide/js/dist/util/mapData/geoJson/china_geo.js,100.00
doc/slide/js/dist/util/mapData/geoJson/world_geo.js,100.00
doc/slide/js/why-echarts-m-en.js,100.00
doc/slide/js/why-echarts-m.js,100.00
doc/slide/whyEcharts-m-en.html,100.00
doc/slide/whyEcharts-m.html,100.00
doc/example/data/migration.json,100.00
doc/example/map22.html,100.00
doc/example/data/webkit-dep.json,100.00
doc/example/venn.html,100.00
doc/example/www/js/chart/venn.js,100.00
src/chart/venn.js,83.72
doc/example/theme/macarons2.js,100.00
doc/example/theme/mint.js,100.00
doc/example/theme/roma.js,100.00
doc/example/theme/sakura.js,100.00
doc/example/treemap.html,51.52
doc/example/www/js/chart/treemap.js,100.00
src/chart/treemap.js,58.48
src/layout/TreeMap.js,68.47
doc/example/treemap1.html,53.97
src/component/logAxis.js,100.00
src/util/smartLogSteps.js,65.29
doc/example/treemap2.html,56.48
build/echarts-optimize-conf.js,100.00
doc/example/venn1.html,100.00
doc/example/line9.html,100.00
doc/example/line10.html,100.00
doc/example/line11.html,100.00
build/dist/chart/treemap.js,100.00
build/dist/chart/venn.js,100.00
build/source/chart/treemap.js,100.00
build/source/chart/venn.js,100.00
doc/example/wordCloud.html,100.00
src/chart/wordCloud.js,100.00
src/layout/WordCloud.js,100.00
src/layout/WordCloudRectZero.js,100.00
doc/example/treemap3.html,99.56
doc/example/dataRange2.html,100.00
doc/example/tree.html,84.65
doc/example/tree1.html,88.68
src/chart/tree.js,86.50
doc/example/tree2.html,99.06
doc/example/tree3.html,100.00
doc/example/tree4.html,81.84
build/dist/chart/tree.js,100.00
build/dist/chart/wordCloud.js,100.00
build/source/chart/tree.js,100.00
build/source/chart/wordCloud.js,100.00
doc/example/www/js/chart/tree.js,100.00
doc/example/www/js/chart/wordCloud.js,100.00
src/chart/heatmap.js,90.48
src/layer/heatmap.js,100.00
test/heatmap.html,32.12
doc/example/bmap.html,100.00
doc/example/www/js/chart/heatmap.js,99.02
doc/example/www/js/config.js,100.00
doc/example/www/js/layer/heatmap.js,100.00
doc/example/tree5.html,100.00
doc/example/baidumap.html,100.00
doc/example/heatmap.html,85.94
doc/example/heatmap2.html,98.65
doc/example/heatmap_map.html,53.12
build/dist/chart/heatmap.js,100.00
build/source/chart/heatmap.js,100.00
src/chart/Chart.js,100.00
src/chart/bar/Bar.js,100.00
src/chart/bar/BarSeries.js,66.54
src/chart/pie/DataItemFilter.js,100.00
src/chart/pie/Pie.js,100.00
src/chart/pie/PieSeries.js,51.00
src/component/Component.js,100.00
src/component/dataZoom/DataZoom.js,100.00
src/component/legend/Legend.js,100.00
src/coord/Cartesian.js,100.00
src/coord/Polar.js,100.00
src/core/KDTree.js,100.00
src/core/number.js,100.00
src/core/quickSelect.js,100.00
src/data/List.js,34.61
src/model/Model.js,49.42
src/model/Option.js,100.00
src/model/Series.js,53.10
src/processor/Processor.js,100.00
src/processor/SeriesFilter.js,100.00
src/processor/legendFilterStateSyncHelper.js,100.00
src/scale/Interval.js,53.33
src/scale/Ordinal.js,58.60
src/ExtensionAPI.js,72.93
src/processor/AxisRangeFilter.js,100.00
src/CoordinateSystem.js,53.66
src/coord/CartesianAxis.js,100.00
src/coord/CartesianAxis2D.js,100.00
src/coord/Grid.js,100.00
src/processor/AxisDefault.js,100.00
src/api/ExtensionAPI.js,100.00
src/api/graphic.js,100.00
src/chart/ChartView.js,100.00
src/chart/bar/BarView.js,31.42
src/chart/pie/PieView.js,54.56
src/component/ComponentView.js,100.00
src/component/dataRange/DataRangeView.js,99.74
src/component/dataZoom/DataZoomView.js,86.03
src/component/legend/LegendModel.js,41.14
src/component/legend/LegendView.js,45.73
src/coord/cartesian/Axis.js,100.00
src/coord/cartesian/Axis2D.js,52.40
src/coord/cartesian/AxisModel.js,53.33
src/coord/cartesian/Cartesian.js,78.40
src/coord/cartesian/Grid.js,55.71
src/coord/cartesian/GridModel.js,64.24
src/model/Component.js,55.25
src/model/Global.js,53.37
src/processor/seriesStack.js,100.00
src/util/KDTree.js,91.67
src/util/quickSelect.js,63.73
src/component/dataZoom/DataZoomModel.js,58.12
src/component/dataZoom/LegendModel.js,100.00
src/coord/polar/Polar.js,41.08
src/coord/polar/polarCreator.js,59.08
src/chart/bar/BarLayoutGrid.js,100.00
src/coord/cartesian/Cartesian2D.js,43.46
test/bar.html,61.54
test/config.js,57.45
src/visual/legendColor.js,100.00
test/esl.js,100.00
src/model/globalDefault.js,68.00
src/visual/defaultColor.js,100.00
src/view/Chart.js,68.62
src/view/Component.js,48.70
src/data/DataDiffer.js,34.58
src/util/graphic.js,63.49
src/chart/pie/PieLayout.js,100.00
src/component/dataZoom/DataZoomProcessor.js,100.00
test/ut.html,100.00
test/ut/MIT.LICENSE,100.00
test/ut/all.js,81.82
test/ut/lib/jasmine-2.3.4/boot.js,100.00
test/ut/lib/jasmine-2.3.4/console.js,100.00
test/ut/lib/jasmine-2.3.4/jasmine-html.js,100.00
test/ut/lib/jasmine-2.3.4/jasmine.css,100.00
test/ut/lib/jasmine-2.3.4/jasmine.js,100.00
test/ut/spec/common/helper.js,100.00
test/ut/spec/model/Component.js,87.95
src/chart/line/LineView.js,57.93
src/chart/line/lineLayoutGrid.js,100.00
src/util/symbol.js,52.18
src/chart/bar/barLayoutGrid.js,100.00
src/chart/pie/pieLayout.js,43.83
ecn.todo,100.00
test/line.html,44.16
src/chart/line/LineSeries.js,59.47
src/chart/line/lineLayout.js,50.00
src/chart/line/lineVisual.js,100.00
src/chart/scatter/ScatterSeries.js,43.55
src/chart/scatter/ScatterView.js,45.71
src/chart/scatter/scatterLayout.js,100.00
src/chart/scatter/scatterVisual.js,100.00
test/scatter.html,75.18
src/component/dataZoom/dataZoomProcessor.js,60.64
src/component/dataZoom/helper.js,33.02
src/coord/Axis.js,49.18
src/component/dataZoom/dataZoomAction.js,65.24
src/util/unique.js,100.00
test/ut/core/utHelper.js,46.41
test/ut/spec/dataZoom/helper.js,100.00
src/component/angleAxis.js,91.35
src/component/radiusAxis.js,92.23
src/coord/axisDefault.js,46.42
src/coord/axisModelCommonMixin.js,33.53
src/coord/polar/AngleAxis.js,41.42
src/coord/polar/AxisModel.js,47.95
src/coord/polar/PolarModel.js,53.64
src/coord/polar/RadiusAxis.js,38.30
src/model/mixin/areaStyle.js,42.31
src/model/mixin/itemStyle.js,48.18
src/model/mixin/lineStyle.js,44.36
src/model/mixin/textStyle.js,35.06
test/polar.html,100.00
src/model/mixin/makeStyleMapper.js,40.45
test/polarLine.html,44.64
test/polarLine2.html,71.00
test/polarScatter.html,75.00
src/component/dataZoom/DataZoomLayout.js,100.00
src/component/legend/legendAction.js,43.56
test/dataZoom.html,100.00
test/ut/spec/util/graphic.js,63.33
src/layout/barGrid.js,47.43
src/layout/pie.js,100.00
src/layout/points.js,64.53
src/visual/symbol.js,59.78
src/chart/helper/DataSymbol.js,98.02
test/dataZoom-catesian-h.html,100.00
test/dataZoom-catesian-v.html,100.00
test/dataZoom-scatter-hv.html,70.77
test/dataZoom-scatter-hv-polar.html,44.44
src/chart/line/lineAnimationDiff.js,55.93
test/dataZoom-cartesian-h.html,38.12
test/dataZoom-cartesian-v.html,85.29
src/component/legend/legendFilter.js,37.88
src/util/format.js,43.86
src/component/tooltip/TooltipContent.js,36.95
src/component/tooltip/TooltipModel.js,54.01
src/data/LargeList.js,100.00
test/ut/spec/data/List.js,62.77
src/chart/bar/barItemStyle.js,44.90
src/util/component.js,66.96
src/util/model.js,37.77
src/visual/VisualCoding.js,100.00
test/dataRange-scatter-piecewise-color.html,100.00
test/ut/spec/util/model.js,84.33
src/component/legend/legendLayout.js,100.00
test/dynamicData.html,81.99
src/coord/cartesian/axisLabelInterval.js,88.31
src/layout/line.js,100.00
src/chart/line/Area.js,100.00
test/area.html,92.05
src/chart/pie/dataItemFilter.js,100.00
src/chart/pie/pieVisual.js,100.00
test/pie.html,31.97
src/component/dataRange/ContinuousModel.js,100.00
src/component/dataRange/ContinuousView.js,99.59
src/component/dataRange/DataRangeModel.js,97.12
src/component/dataRange/PiecewiseModel.js,100.00
src/component/dataRange/PiecewiseView.js,99.48
src/component/dataRange/dataRangeAction.js,91.04
src/component/dataRange/typeDefaulter.js,100.00
src/component/dataRange/visualCoding.js,68.13
src/component/dataRangeContinuity.js,100.00
src/component/dataRangePiecewise.js,100.00
src/visual/VisualMapping.js,62.09
test/dataRange-scatter-alpha.html,100.00
test/dataRange-scatter-colorAndSymbol.html,99.43
test/dataRange-scatter-layout1.html,98.31
src/chart/helper/createListFromArray.js,38.80
src/util/layout.js,40.17
src/chart/pie/labelLayout.js,52.12
test/pieDynamic.html,73.15
src/component/dataRangeContinuous.js,100.00
test/dataRange-scatter-continuous.html,100.00
src/component/markPoint.js,88.62
src/component/marker/MarkPointModel.js,83.73
test/markPoint.html,40.56
src/component/marker/markerHelper.js,43.03
test/dataRange-scatter-layout2.html,98.23
src/component/markLine.js,48.72
src/component/marker/MarkLineModel.js,77.08
src/component/marker/MarkLineView.js,60.55
src/component/marker/MarkPointView.js,61.07
src/component/marker/SeriesMarkLine.js,100.00
test/markLine.html,57.33
test/dataRange-scatter-symbolSize.html,100.00
src/component/axis/AngleAxisView.js,41.92
src/component/axis/AxisView.js,68.60
src/component/axis/RadiusAxisView.js,53.14
test/dataZoom-dataShadow.html,78.71
test/dataZoom-dataShadow0.html,76.43
test/dataZoom-dataShadow2.html,47.94
geoData/geoCoord.js,100.00
geoData/geoJson/china_geo.js,100.00
geoData/geoJson/world_geo.js,100.00
geoData/rawData/encode.js,100.00
geoData/rawData/geoJson/china_geo.json,100.00
geoData/rawData/geoJson/world_geo.json,100.00
geoData/textFixed.js,100.00
src/chart/map/MapSeries.js,50.97
src/chart/map/MapView.js,52.39
src/chart/map/mapDataStatistic.js,52.30
src/component/geo.js,42.98
src/component/geo/GeoView.js,68.64
src/coord/geo/Geo.js,53.70
src/coord/geo/GeoModel.js,54.87
src/coord/geo/Region.js,50.95
src/coord/geo/geoCreator.js,58.20
src/coord/geo/parseGeoJson.js,50.49
test/map.html,33.45
src/chart/map/mapVisual.js,50.00
test/dataRange-scatter-layout1-text.html,98.34
test/dataRange-scatter-layout2-text.html,98.06
test/geoScatter.html,61.59
test/dataZoom-dataShadow1.html,75.19
test/theme.html,79.31
theme/dark.js,67.94
test/mix.html,73.91
src/chart/map/mapSymbolLayout.js,55.97
test/mapWorld.html,65.29
test/mobileBench.html,81.88
src/chart/line/poly.js,46.89
test/selectedMode.html,81.88
test/area2.html,66.79
test/chartCoord.html,100.00
src/preprocessor/backwardCompat.js,58.18
src/action/geoRoam.js,67.62
src/component/helper/RoamController.js,36.50
src/chart/treemap/TreemapLayout.js,99.72
src/chart/treemap/TreemapSeries.js,54.83
src/chart/treemap/TreemapView.js,65.68
src/chart/treemap/treemapVisual.js,63.02
test/treemap-simple.html,62.70
src/component/helper/MapDraw.js,40.93
test/data/obama_budget_proposal_2012.tree.js,100.00
test/treemap-obama.html,81.91
test/pie2.html,88.81
test/punchCard.html,80.77
src/chart/treemap/TreemapAction.js,100.00
src/scale/Time.js,43.23
src/scale/scale.js,100.00
test/timeScale.html,70.04
test/roseType.html,70.10
src/chart/treemap/helper.js,50.50
src/chart/helper/dataSelectableMixin.js,100.00
src/coord/geo/fix/nanhai.js,47.76
src/chart/treemap/Breadcrumb.js,42.93
src/coord/geo/fix/geoCoord.js,37.50
src/coord/geo/fix/textCoord.js,47.83
test/tooltip.html,72.14
src/chart/treemap/treemapAction.js,45.63
src/data/helper/linkList.js,43.02
test/data/disk.tree.js,100.00
test/treemap-disk.html,86.78
src/chart/graph.js,38.27
src/chart/graph/GraphSeries.js,53.73
src/chart/graph/GraphView.js,44.49
src/chart/graph/simpleLayout.js,59.39
src/chart/helper/createGraphFromNodeLinks.js,100.00
src/coord/View.js,44.99
src/parser/gexf.js,100.00
test/data/les-miserables.gexf,100.00
test/graph.html,43.37
src/chart/helper/SymbolDraw.js,47.70
src/chart/helper/LineDraw.js,50.84
src/chart/graph/categoryFilter.js,45.98
src/chart/graph/categoryVisual.js,54.55
src/chart/helper/createGraphFromNodeEdge.js,45.69
src/util/animation.js,54.47
src/action/roamHelper.js,56.60
src/chart/graph/roamAction.js,93.75
src/chart/graph/circularLayout.js,65.62
src/chart/graph/createView.js,55.84
src/chart/funnel/FunnelSeries.js,43.75
src/chart/funnel/FunnelView.js,63.74
src/chart/funnel/funnelLayout.js,29.81
src/processor/dataFilter.js,55.00
src/visual/dataColor.js,35.68
src/visual/seriesColor.js,32.45
test/funnel.html,68.84
test/lib/dat.gui.min.js,100.00
src/chart/gauge/GaugeSeries.js,48.33
src/chart/gauge/GaugeView.js,54.55
test/gauge.html,48.39
src/chart/gauge/PointerPath.js,41.59
build/config.js,35.81
build/optimize.js,75.00
build/package.json,44.83
build/wrap/nut.js,100.00
build/optimizeString.js,100.00
src/data/helper/completeDimensions.js,51.98
src/visual/visualDefault.js,45.96
test/data/rainfall.json.js,100.00
test/dataZoom-rainfall.html,74.26
test/pie3.html,43.94
src/chart/treemap/treemapLayout.js,59.08
src/coord/axisHelper.js,59.19
src/component/dataZoom/AxisOperator.js,100.00
src/component/dataZoom/InsideZoomModel.js,44.78
src/component/dataZoom/InsideZoomView.js,40.18
src/component/dataZoom/SliderZoomModel.js,56.77
src/component/dataZoom/SliderZoomView.js,49.49
src/component/dataZoom/typeDefaulter.js,55.88
src/component/dataZoomInside.js,38.00
test/dataZoom-rainfall-inside.html,86.49
test/color-mix-aqi.html,83.15
test/data/aqi/BJdata.js,100.00
test/data/aqi/GZdata.js,100.00
test/data/aqi/SHdata.js,100.00
test/data/aqi/processAQI.js,100.00
test/dataZoom-rainfall-connect.html,61.92
test/reset.css,100.00
test/symbol-categories.html,94.31
src/action/createDataSelectAction.js,36.51
test/connect.html,79.73
test/connect2.html,88.07
test/bar2.html,32.14
test/symbol.html,51.87
test/lib/jquery.min.js,100.00
src/component/helper/sliderMove.js,35.78
src/chart/helper/Symbol.js,50.14
test/multipleGrid.html,84.43
src/chart/radar/RadarSeries.js,50.80
src/chart/radar/RadarView.js,54.83
src/chart/parallel.js,48.72
src/chart/parallel/ParallelSeries.js,48.53
src/chart/parallel/ParallelView.js,56.91
src/component/axis/AxisBuilder.js,41.90
src/component/axis/ParallelAxisView.js,61.48
src/component/parallel.js,63.94
src/component/parallelAxis.js,57.58
src/coord/parallel/AxisModel.js,55.15
src/coord/parallel/Parallel.js,57.25
src/coord/parallel/ParallelAxis.js,61.45
src/coord/parallel/ParallelModel.js,62.08
src/coord/parallel/parallelCreator.js,39.33
src/preprocessor/parallel.js,100.00
test/parallel-aqi.html,50.21
src/scale/Log.js,46.67
test/logScale.html,61.05
src/scale/Scale.js,41.98
src/util/clazz.js,43.78
test/axis.html,81.56
src/preprocessor/fillLabel.js,100.00
src/chart/parallel/parallelVisual.js,54.88
map/js/anhui.js,100.00
map/js/china.js,57.69
map/js/fujian.js,100.00
map/js/gansu.js,100.00
map/js/guangdong.js,100.00
map/js/guangxi.js,100.00
map/js/guizhou.js,100.00
map/js/hainan.js,100.00
map/js/hebei.js,100.00
map/js/heilongjiang.js,100.00
map/js/henan.js,100.00
map/js/hubei.js,100.00
map/js/hunan.js,100.00
map/js/jiangsu.js,100.00
map/js/jiangxi.js,100.00
map/js/jilin.js,100.00
map/js/liaoning.js,100.00
map/js/neimenggu.js,100.00
map/js/ningxia.js,100.00
map/js/qinghai.js,100.00
map/js/shandong.js,100.00
map/js/shanxi.js,100.00
map/js/sichuan.js,100.00
map/js/world.js,53.85
map/js/xicang.js,100.00
map/js/xinjiang.js,100.00
map/js/yunnan.js,100.00
map/js/zhejiang.js,100.00
map/json/anhui.json,100.00
map/json/china.json,66.67
map/json/fujian.json,100.00
map/json/gansu.json,100.00
map/json/guangdong.json,100.00
map/json/guangxi.json,100.00
map/json/guizhou.json,100.00
map/json/hainan.json,100.00
map/json/hebei.json,100.00
map/json/heilongjiang.json,100.00
map/json/henan.json,100.00
map/json/hubei.json,100.00
map/json/hunan.json,100.00
map/json/jiangsu.json,100.00
map/json/jiangxi.json,100.00
map/json/jilin.json,100.00
map/json/liaoning.json,100.00
map/json/neimenggu.json,100.00
map/json/ningxia.json,100.00
map/json/qinghai.json,100.00
map/json/shandong.json,100.00
map/json/shanxi.json,100.00
map/json/sichuan.json,100.00
map/json/world.json,50.00
map/json/xicang.json,100.00
map/json/xinjiang.json,100.00
map/json/yunnan.json,100.00
map/json/zhejiang.json,100.00
map/tool/compress.js,100.00
map/tool/fetchAMap.js,100.00
map/tool/genGeo.js,100.00
map/tool/jsTpl.js,100.00
map/tool/simplify.js,100.00
test/data/masterPainterColorChoice.json,100.00
test/masterPainterColorChoice.html,54.55
src/chart/helper/LargeSymbolDraw.js,40.00
src/chart/radar/backwardCompat.js,82.31
src/chart/map/backwardCompat.js,71.01
src/preprocessor/helper/compatStyle.js,45.30
src/component/axis/parallelAxisAction.js,45.83
src/component/helper/SelectController.js,99.47
test/axes.html,93.67
src/coord/axisModelCreator.js,58.95
test/worldPopulationBubble.html,52.49
src/coord/parallel/parallelPreprocessor.js,71.43
test/lib/facePrint.js,69.63
map/js/province/anhui.js,82.61
map/js/province/fujian.js,82.61
map/js/province/gansu.js,76.00
map/js/province/guangdong.js,82.61
map/js/province/guangxi.js,82.61
map/js/province/guizhou.js,79.17
map/js/province/hainan.js,82.61
map/js/province/hebei.js,82.61
map/js/province/heilongjiang.js,82.61
map/js/province/henan.js,82.61
map/js/province/hubei.js,82.61
map/js/province/hunan.js,82.61
map/js/province/jiangsu.js,82.61
map/js/province/jiangxi.js,82.61
map/js/province/jilin.js,82.61
map/js/province/liaoning.js,82.61
map/js/province/neimenggu.js,82.61
map/js/province/ningxia.js,82.61
map/js/province/qinghai.js,82.61
map/js/province/shandong.js,82.61
map/js/province/shanxi.js,82.61
map/js/province/sichuan.js,82.61
map/js/province/xicang.js,100.00
map/js/province/xinjiang.js,79.17
map/js/province/yunnan.js,82.61
map/js/province/zhejiang.js,82.61
map/json/province/anhui.json,100.00
map/json/province/fujian.json,100.00
map/json/province/gansu.json,100.00
map/json/province/guangdong.json,100.00
map/json/province/guangxi.json,100.00
map/json/province/guizhou.json,100.00
map/json/province/hainan.json,100.00
map/json/province/hebei.json,100.00
map/json/province/heilongjiang.json,100.00
map/json/province/henan.json,100.00
map/json/province/hubei.json,100.00
map/json/province/hunan.json,100.00
map/json/province/jiangsu.json,100.00
map/json/province/jiangxi.json,100.00
map/json/province/jilin.json,100.00
map/json/province/liaoning.json,100.00
map/json/province/neimenggu.json,100.00
map/json/province/ningxia.json,100.00
map/json/province/qinghai.json,100.00
map/json/province/shandong.json,100.00
map/json/province/shanxi.json,100.00
map/json/province/sichuan.json,100.00
map/json/province/xinjiang.json,50.00
map/json/province/yunnan.json,100.00
map/json/province/zhejiang.json,100.00
LICENSE,69.71
src/chart/sankey.js,45.24
src/chart/sankey/SankeySeries.js,55.83
src/chart/sankey/SankeyView.js,61.20
src/chart/sankey/sankeyLayout.js,66.87
src/chart/sankey/sankeyVisual.js,57.53
src/util/array/nest.js,46.05
test/data/energy.json,100.00
test/data/product.json,100.00
test/sankey.html,29.50
src/loading/default.js,36.73
src/chart/effectScatter.js,36.54
src/chart/effectScatter/EffectScatterSeries.js,50.00
src/chart/effectScatter/EffectScatterView.js,53.28
src/chart/helper/EffectSymbol.js,55.64
test/effectScatter.html,58.18
test/loading.html,67.88
src/chart/geoLine.js,100.00
src/chart/geoLine/GeoLineSeries.js,100.00
src/chart/geoLine/GeoLineView.js,100.00
src/chart/geoLine/geoLineLayout.js,100.00
src/chart/helper/LinePath.js,43.28
src/chart/helper/EffectLine.js,56.62
src/chart/helper/Line.js,48.58
test/geoLine.html,72.48
src/chart/graph/circularLayoutHelper.js,60.87
src/chart/graph/forceHelper.js,52.68
src/chart/graph/forceLayout.js,47.90
src/chart/graph/simpleLayoutHelper.js,36.54
test/force.html,74.07
test/force2.html,56.37
test/force3.html,66.67
src/chart/heatmap/HeatmapSeries.js,47.00
src/chart/heatmap/HeatmapView.js,32.46
src/chart/boxplot.js,48.72
src/chart/boxplot/BoxplotSeries.js,42.61
src/chart/boxplot/BoxplotView.js,70.33
src/chart/boxplot/boxplotLayout.js,50.00
src/chart/boxplot/boxplotVisual.js,43.59
src/chart/candlestick.js,41.30
src/chart/candlestick/CandlestickSeries.js,42.40
src/chart/candlestick/CandlestickView.js,77.78
src/chart/candlestick/candlestickLayout.js,65.68
src/chart/candlestick/candlestickVisual.js,55.84
src/chart/candlestick/preprocessor.js,38.00
src/chart/helper/WhiskerBoxDraw.js,54.90
src/chart/helper/whiskerBoxCommon.js,49.28
src/util/array/quantile.js,100.00
test/boxplot-multi.html,48.79
test/boxplot.html,46.50
test/candlestick.html,83.61
test/data/Michelson-Morley.json.js,100.00
test/data/security-sh-2013.json.js,100.00
src/util/throttle.js,61.78
build/configStatistics.js,100.00
build/wrap/endExtension.js,87.50
build/wrap/startExtension.js,50.00
extension/parser/gexf.js,100.00
extension/statistics/echarts.js,100.00
extension/statistics/prepareBoxplotData.js,100.00
extension/statistics/quantile.js,100.00
src/chart/chord/ChordSeries.js,45.52
src/chart/chord/ChordView.js,46.88
src/chart/chord/Ribbon.js,47.18
src/chart/chord/chordCircularLayout.js,50.41
src/chart/helper/createGraphFromNodeMatrix.js,43.93
test/chord.html,65.91
src/chart/heatmap/HeatmapLayer.js,48.40
build/dataTool.js,100.00
build/wrap/endDataTool.js,100.00
extension/dataTool/gexf.js,92.99
extension/dataTool/prepareBoxplotData.js,76.12
extension/dataTool/quantile.js,62.50
src/component/tooltip/TooltipView.js,41.53
test/showTip.html,80.95
test/heatmap-map.html,49.48
src/component/timeline/SliderTimelineModel.js,48.31
src/component/timeline/SliderTimelineView.js,52.27
src/component/timeline/TimelineAxis.js,44.91
src/component/timeline/TimelineModel.js,55.96
src/component/timeline/TimelineView.js,50.00
src/component/timeline/preprocessor.js,56.48
src/component/timeline/timelineAction.js,42.71
src/component/timeline/typeDefaulter.js,57.58
src/model/OptionManager.js,58.99
test/data/timelineOption.js,100.00
test/timeline-finance.html,89.18
test/timeline-layout.html,87.83
src/component/helper/listComponent.js,57.09
src/component/toolbox/ToolboxModel.js,46.51
src/component/toolbox/ToolboxView.js,37.01
src/component/toolbox/feature/SaveAsImage.js,41.15
src/component/toolbox/featureManager.js,38.78
src/component/toolbox/feature/DataView.js,51.95
src/component/toolbox/feature/DataZoom.js,65.33
src/component/toolbox/feature/MagicType.js,51.93
test/data/timelineGDP.js,100.00
test/lib/draggable.js,68.93
test/media-finance.html,93.18
src/chart/graph/backwardCompat.js,86.36
src/component/visualMap.js,59.38
src/component/visualMap/ContinuousModel.js,52.77
src/component/visualMap/ContinuousView.js,54.07
src/component/visualMap/PiecewiseModel.js,42.84
src/component/visualMap/PiecewiseView.js,53.91
src/component/visualMap/VisualMapModel.js,52.97
src/component/visualMap/VisualMapView.js,46.88
src/component/visualMap/typeDefaulter.js,50.00
src/component/visualMap/visualCoding.js,60.00
src/component/visualMap/visualMapAction.js,59.38
src/component/visualMapContinuous.js,35.85
src/component/visualMapPiecewise.js,35.85
test/radar.html,56.68
test/visualMap-scatter-alpha.html,50.00
test/visualMap-scatter-colorAndSymbol.html,46.05
test/visualMap-scatter-continuous.html,72.73
test/visualMap-scatter-layout1-text.html,92.31
test/visualMap-scatter-layout1.html,92.31
test/visualMap-scatter-layout2-text.html,92.31
test/visualMap-scatter-layout2.html,93.33
test/visualMap-scatter-symbolSize.html,75.00
test/webkit-dep.html,69.70
src/model/mixin/boxLayout.js,39.58
src/component/dataZoom/AxisProxy.js,46.59
src/component/dataZoom/SelectZoomModel.js,48.72
src/component/dataZoom/SelectZoomView.js,55.88
src/component/dataZoomSelect.js,36.54
test/dataZoom-scatter-toolbox.html,98.01
src/component/toolbox/feature/Restore.js,41.18
src/component/dataZoom/HistoryManager.js,100.00
src/component/dataZoom/history.js,74.75
src/chart/lines.js,55.56
src/chart/lines/LinesSeries.js,41.60
src/chart/lines/LinesView.js,54.52
src/chart/lines/linesLayout.js,45.68
src/component/visualMap/preprocessor.js,49.11
test/visualMap-splitList.html,100.00
test/visualMap-categories.html,63.27
test/visualMap-pieces.html,61.40
build/config/dataTool.js,50.00
build/config/echarts.common.js,100.00
build/config/echarts.js,100.00
build/config/echarts.simple.js,100.00
build/mangleString.js,90.48
test/media-pie.html,56.83
src/component/visualMap/helper.js,47.84
test/visualMap-layout.html,69.89
src/component/helper/interactionMutex.js,48.51
theme/vintage.js,64.04
dist/echarts.common.js,31.62
dist/echarts.common.min.js,40.57
dist/echarts.js,29.49
dist/echarts.min.js,43.31
dist/echarts.simple.js,32.37
dist/echarts.simple.min.js,37.20
dist/extension/dataTool.js,51.37
map/js/province/aomen.js,59.57
map/js/province/beijing.js,60.42
map/js/province/chongqing.js,56.86
map/js/province/shanghai.js,57.14
map/js/province/shanxi1.js,59.57
map/js/province/tianjin.js,42.65
map/js/province/xianggang.js,59.57
map/js/province/xizang.js,86.36
map/json/province/aomen.json,100.00
map/json/province/beijing.json,100.00
map/json/province/chongqing.json,50.00
map/json/province/shanghai.json,60.00
map/json/province/shanxi1.json,100.00
map/json/province/tianjin.json,75.00
map/json/province/xianggang.json,100.00
map/json/province/xizang.json,66.67
src/chart/themeRiver.js,33.33
src/chart/themeRiver/ThemeRiverSeries.js,42.31
src/chart/themeRiver/ThemeRiverView.js,37.79
src/chart/themeRiver/themeRiverLayout.js,52.41
src/chart/themeRiver/themeRiverVisual.js,36.90
src/component/axis/SingleAxisView.js,35.23
src/component/single.js,100.00
src/component/singleAxis.js,38.00
src/coord/single/AxisModel.js,42.00
src/coord/single/Single.js,40.92
src/coord/single/SingleAxis.js,46.88
src/coord/single/singleCreator.js,31.62
test/themeRiver.html,78.33
map/js/china-contour.js,59.57
map/json/china-contour.json,100.00
extension/bmap/BMapCoordSys.js,52.29
extension/bmap/BMapModel.js,53.38
extension/bmap/BMapView.js,53.52
extension/bmap/bmap.js,56.90
test/bmap.html,95.27
build/config/bmap.js,100.00
extension/echarts.js,95.00
test/ut/spec/.jshintrc,100.00
test/ut/spec/model/Global.js,93.42
test/dataZoom-axis-type.html,90.40
build/amd2common.bundle.js,100.00
build/amd2common.js,72.92
build/webpack.config.js,100.00
index.js,79.58
dist/extension/bmap.js,44.89
test/getOption.html,87.23
theme/tool/option/area.js,73.00
theme/tool/option/bar.js,76.15
theme/tool/option/graph.js,94.39
theme/tool/option/map.js,78.88
theme/tool/option/pie.js,77.24
theme/tool/option/scatter.js,94.30
theme/tool/thumb.js,54.03
src/processor/dataSample.js,53.99
test/diff.html,75.38
test/dataZoom-dynamic.html,90.12
test/dataZoom-axes.html,88.98
src/component/dataZoom/roams.js,56.23
theme/infographic.js,60.26
theme/macarons.js,52.11
test/largeLine.html,69.02
test/map-contour.html,43.17
theme/roma.js,42.11
theme/shine.js,50.48
extension/dataTool/index.js,68.48
extension/webpack.config.js,35.85
index.common.js,75.29
index.simple.js,65.06
webpack.config.js,52.27
.github/CONTRIBUTING.md,38.54
.github/ISSUE_TEMPLATE.md,56.82
src/chart/radar/radarLayout.js,46.55
src/component/radar.js,59.38
src/component/radar/RadarView.js,47.81
src/coord/radar/IndicatorAxis.js,41.18
src/coord/radar/Radar.js,46.63
src/coord/radar/RadarModel.js,43.59
test/radar2.html,75.00
dist/extension/bmap.min.js,70.27
dist/extension/dataTool.min.js,85.71
test/media-dataZoom.html,86.34
test/treemap-option.html,85.71
test/data/option-view.json,100.00
test/ie8.html,88.06
test/dataView.html,78.31
test/radar3.html,72.56
test/radar4.html,70.61
test/dataZoomHighPrecision.html,62.75
test/visualMap-opacity.html,84.68
test/candlestickConnect.html,88.58
test/ut/core/uiHelper.js,95.43
test/ut/downloadLastRelease.sh,100.00
test/ut/lib/canteen.js,100.00
test/ut/spec/ui/config.js,66.67
test/ut/spec/ui/title.js,97.89
test/ut/ui.html,74.42
test/README.md,98.21
test/ut/configure,100.00
test/ut/lib/imagediff.js,100.00
test/ut/.jshintrc,50.00
test/ut/config.js,100.00
test/ut/ut.html,59.57
test/ut/ut.js,41.30
test/ut/spec/component/visualMap/setOption.js,88.13
test/visualMap-continuous.html,47.79
test/ut/spec/ui/title.subtextStyle.js,95.27
test/ut/spec/ui/title.textStyle.js,95.24
test/ut/spec/ui/legend.js,98.70
src/chart/graph/edgeVisual.js,51.13
src/chart/graph/adjustEdge.js,56.44
test/graph-simple.html,79.97
src/chart/graph/simpleLayoutEdge.js,55.26
test/graph-grid.html,56.52
test/bar-large.html,62.85
test/ut/spec/model/timelineOptions.js,86.56
test/data/option-view2.json,100.00
test/treemap-option2.html,67.04
test/dataZoom-scatter-category.html,86.22
test/ut/spec/util/number.js,66.07
src/component/helper/selectableMixin.js,47.49
test/scale-integer.html,63.89
test/touch-test.html,85.14
test/parallel-nutrients.html,80.48
test/data/nutrients.json,100.00
test/heatmap-large.html,70.34
test/lib/perlin.js,100.00
src/model/mixin/colorPalette.js,37.40
src/component/marker/MarkerModel.js,44.26
src/component/marker/MarkerView.js,35.45
src/component/markArea.js,50.00
src/component/marker/MarkAreaModel.js,45.45
src/component/marker/MarkAreaView.js,44.01
test/markArea.html,46.44
src/component/toolbox/feature/AreaSelect.js,100.00
test/scatterMatrix.html,86.47
src/component/visualMap/ControllerModel.js,100.00
src/component/visualMap/ControllerView.js,100.00
src/visual/visualSolution.js,64.80
src/visual/visualSelectable.js,100.00
test/areaSelect.html,100.00
test/data/hangzhou-tracks.json,100.00
test/lines-track.html,52.78
test/scatter-single-axis.html,62.54
src/chart/helper/brushable.js,100.00
src/component/brush.js,35.85
src/component/brush/BrushModel.js,48.94
src/component/brush/BrushView.js,51.64
src/component/brush/brushAction.js,50.00
src/component/brush/preprocessor.js,56.88
src/component/brush/visualEncoding.js,60.40
src/component/helper/BrushController.js,61.85
src/component/toolbox/feature/Brush.js,52.84
src/component/visualMap/visualEncoding.js,46.84
test/brush.html,67.81
src/component/brush/selector.js,52.34
src/chart/helper/Polyline.js,51.91
test/data/lines-bus.json,100.00
test/lines-bus.html,83.91
src/chart/helper/EffectPolyline.js,48.70
src/component/brush/helper.js,100.00
test/brush2.html,77.12
test/line-visual.html,81.02
test/candlestick-brush.html,100.00
test/data/stock-DJI.json.js,100.00
extension/bmap/README.md,100.00
src/component/helper/brushHelper.js,67.03
src/chart/helper/LargeLineDraw.js,53.78
test/map-parallel.html,88.41
test/lazyUpdate.html,66.84
benchmark/.gitignore,100.00
benchmark/gulpfile.js,58.82
benchmark/index.html,87.58
benchmark/src/app.js,89.20
benchmark/src/testCase.js,75.95
benchmark/src/testFactory.js,83.19
benchmark/src/testManager.js,90.31
benchmark/dep/benchmark/benchmark.js,100.00
benchmark/dep/bootstrap/bootstrap.min.css,100.00
benchmark/dep/bootstrap/bootstrap.min.js,100.00
benchmark/dep/filesaver/FileSaver.min.js,100.00
benchmark/dep/jquery/jquery-2.2.4.js,100.00
benchmark/dep/lodash/lodash.js,100.00
benchmark/dep/vue/vue.min.js,100.00
map/json/china-cities.json,100.00
test/allZero.html,68.42
test/dataZoom-geo.html,68.97
test/areaLineUpdate.html,89.93
src/coord/axisModelZoomMixin.js,100.00
test/lines-symbol.html,46.99
test/ut/spec/component/dataZoom/helper.js,81.30
test/ut/spec/coord/converter.js,100.00
test/ut/spec/api/converter.js,54.35
test/ut/spec/api/getComponentLayout.js,100.00
test/ut/spec/api/containPixel.js,93.78
test/css-transform.html,55.01
test/ut/spec/scale/interval.js,70.37
test/ut/spec/api/getVisual.js,88.62
test/bar3.html,81.99
test/connect-manually.html,75.10
test/dynamicData2.html,76.54
test/pie-calculable.html,85.50
test/-primary-cases.html,92.73
test/touch-slide.html,60.93
test/treemap-visual.html,89.64
test/ut/spec/zr/core/util.js,100.00
test/dynamicData3.html,78.42
test/touch-tooltip.html,100.00
src/component/graphic.js,53.02
test/graphicOption.html,87.55
map/js/province/taiwan.js,86.36
map/json/province/taiwan.json,66.67
test/themeRiver2.html,81.82
test/axis-extrema.html,61.69
test/geo-map.html,42.72
src/chart/graph/graphAction.js,56.07
test/singleAxisScales.html,78.08
src/chart/bar/BaseBarSeries.js,40.57
src/chart/bar/PictorialBarSeries.js,50.89
src/chart/bar/PictorialBarView.js,59.48
src/chart/bar/helper.js,45.11
src/chart/pictorialBar.js,33.87
test/pictorial-repeat.html,92.57
test/pictorial-single.html,84.31
test/ut/spec/component/graphic/setOption.js,96.75
test/data/symbols.js,100.00
test/data/pie-texture.js,100.00
src/chart/lines/linesVisual.js,43.81
src/component/helper/BrushTargetManager.js,50.78
test/dataZoom-toolbox.html,86.94
src/helper.js,56.67
src/component/calendar.js,50.00
src/component/calendar/CalendarView.js,79.23
src/coord/calendar/Calendar.js,58.90
src/coord/calendar/CalendarModel.js,56.07
test/calendar.html,84.55
src/util/time.js,100.00
test/calendar-heatmap.html,86.48
test/calendar-scatter.html,86.64
test/calendar-cmf.html,100.00
src/component/calendar/CalendarView2.js,100.00
src/coord/calendar/time.js,100.00
test/calendar-cmfver.html,100.00
test/calendar-heatmapver.html,100.00
test/calendar-scatterver.html,100.00
test/calendarver.html,100.00
test/calendar-graph.html,85.61
test/calendar-month.html,88.42
test/calendar-more.html,75.00
test/calendar-orient.html,81.14
test/calendar-range.html,61.18
test/calendar-size.html,58.49
test/calendar-split.html,52.17
test/calendar-type.html,70.34
test/calendar-vertical.html,59.62
test/calendar-week.html,76.83
test/calendar-year.html,87.36
test/calendar-simple.html,65.87
test/calendar-effectScater.html,80.30
src/coord/ICoordSys.js,100.00
src/component/axis/CartesianAxisView.js,45.41
src/component/axis/cartesianAxisHelper.js,54.44
src/component/axis/singleAxisHelper.js,57.36
src/component/axisPointer.js,51.97
src/component/axisPointer/AxisPointerModel.js,50.43
src/component/axisPointer/AxisPointerView.js,46.48
src/component/axisPointer/BaseAxisPointer.js,58.54
src/component/axisPointer/CartesianAxisPointer.js,55.82
src/component/axisPointer/IAxisPointer,51.22
src/component/axisPointer/PolarAxisPointer.js,52.60
src/component/axisPointer/SingleAxisPointer.js,55.96
src/component/axisPointer/axisTrigger.js,65.24
src/component/axisPointer/globalListener.js,55.10
src/component/axisPointer/modelHelper.js,53.72
src/component/axisPointer/viewHelper.js,48.55
src/component/gridSimple.js,40.21
src/coord/ICoordinateSystem,76.85
test/tooltip-axisPointer.html,84.25
test/tooltip-touch.html,89.12
test/tooltipTestHelper.js,96.67
test/tooltip-link.html,91.14
test/touch-candlestick.html,94.87
test/tooltip-cascade.html,82.83
test/dataZoom-sync.html,80.95
src/component/axisPointer/findPointFromSeries.js,43.85
test/axis-boundaryGap.html,50.51
test/largeLine-tooltip.html,79.17
test/calendar-converter.html,79.77
test/gridSimple.html,83.24
test/parallel-lineStyle.html,84.51
test/visualMap-special-case.html,52.52
src/scale/helper.js,49.79
test/tooltip-action.html,81.71
test/timeZone.html,66.29
test/axis-lastLabel.html,49.73
test/ut/spec/ui/series.bar.js,94.75
src/component/helper/roamHelper.js,48.91
test/map-grid.html,52.38
test/ut/spec/ui/axis.boundaryGap.js,94.52
src/component/helper/cursorHelper.js,37.29
test/data/life-expectancy.json,100.00
test/ut/spec/util/layout.js,89.45
test/homepage3.html,96.18
test/ut/spec/component/helper/sliderMove.js,74.80
test/timeScale2.html,92.81
test/minInterval.html,82.81
test/roseExtreme.html,85.81
test/encoding.html,100.00
test/lib/testHelper.js,58.50
test/tooltip-setOption.html,62.08
test/encode.html,67.10
test/ut/spec/data/completeDimensions.js,77.42
src/chart/custom.js,54.96
src/chart/helper/labelHelper.js,54.09
test/custom.html,84.43
src/coord/calendar/prepareCustom.js,39.53
src/coord/cartesian/prepareCustom.js,41.05
src/coord/geo/prepareCustom.js,45.10
src/coord/polar/prepareCustom.js,42.75
src/coord/single/prepareCustom.js,39.77
test/homepage3.js,96.72
src/layout/barPolar.js,48.56
test/custom-hexbin.html,47.72
test/data/kawhi-leonard-16-17-regular.json,100.00
test/data/nba-court-geo.json,100.00
test/data/nba-court.json,100.00
test/bar-polar-basic-radial.html,66.67
test/bar-polar-basic.html,81.97
test/bar-polar-multi-series-radial.html,72.00
test/bar-polar-multi-series.html,70.19
test/bar-polar-null-data-radial.html,64.65
test/bar-polar-null-data.html,69.15
test/bar-polar-real-estate.html,82.39
test/bar-polar-stack.html,67.70
test/area-large.html,78.64
test/largeScatterWithEmpty.html,71.43
test/custom-bmap.html,100.00
test/custom-bmap-grid.html,92.54
test/custom-bmap-polygon.html,90.00
src/chart/tree/TreeSeries.js,64.43
src/chart/tree/treeLayout.js,96.68
test/pie-digits.html,70.21
src/chart/tree/TreeView.js,68.86
test/data/tree-simple.json,100.00
test/tree-basic.html,54.46
test/treemap-disk2.html,64.92
src/coord/geo/fix/diaoyuIsland.js,41.67
test/data/tree-simple2.json,100.00
src/chart/tree/orthogonalLayout.js,97.83
src/chart/tree/radialLayout.js,94.50
src/chart/tree/treeAction.js,49.02
test/data/flare.json,100.00
test/candlestick-empty.html,80.66
test/circle-packing-with-d3.html,62.76
test/data/flare.csv,50.00
test/canvas-replay.html,82.88
test/ie11.html,81.33
test/axisPosition.html,77.15
test/connect-dynamic.html,84.50
test/bar-label-rotation.html,79.19
test/pie-action.html,78.69
src/chart/tree/layoutHelper.js,54.17
src/chart/tree/traversalHelper.js,37.42
test/tree-radial.html,44.76
test/tree-vertical.html,58.18
src/component/legend/ScrollableLegendModel.js,88.20
src/component/legend/ScrollableLegendView.js,82.97
src/component/legend/scrollableLegendAction.js,72.46
test/legend.html,94.43
src/component/legendScroll.js,51.28
test/label-position.html,99.47
test/min-max-function.html,46.00
src/chart/tree/commonLayout.js,58.46
test/custom-children-remove.html,99.32
test/candlestick-doji.html,89.97
test/lines-remove.html,92.17
test/map-nested.html,65.42
index-en.common.js,100.00
index-en.js,100.00
index-en.simple.js,100.00
index/part.common.js,100.00
index/part.js,100.00
index/part.simple.js,100.00
src/lang/cn.js,100.00
src/lang/default.js,100.00
src/lang/en.js,100.00
test/data/global-wind.json,100.00
test/visualMap-large.html,68.12
index.blank.js,57.14
rollup.config.js,79.06
src/lang.js,47.93
src/langEN.js,43.09
test/tree-legend.html,90.84
dist/echarts-en.js,97.22
dist/echarts-en.min.js,94.12
dist/echarts.common-en.js,100.00
dist/echarts.common-en.min.js,100.00
dist/echarts.simple-en.js,100.00
dist/echarts.simple-en.min.js,100.00
test/force-case.html,99.53
test/data/ec-option-doc-statistics-201604.json,100.00
test/data/ice-bucket-challenge.json,100.00
build.sh,100.00
watch.sh,100.00
echarts.blank.js,73.08
echarts.common.js,71.64
echarts.js,100.00
echarts.simple.js,54.29
test/tree-image.html,56.58
src/langFI.js,39.81
dist/echarts-en.common.js,95.52
dist/echarts-en.common.min.js,90.16
dist/echarts-en.simple.js,95.82
dist/echarts-en.simple.min.js,90.00
dist/echarts.js.map,56.14
dist/extension/bmap.js.map,34.78
dist/extension/dataTool.js.map,54.55
test/richText.html,100.00
test/timeline-dynamic-series.html,48.88
build/colorConsole.js,100.00
dist/echarts-en.js.map,86.36
build/helper.js,100.00
test/axis-arrow.html,58.82
build/.jshintrc,100.00
test/lib/requireES.js,100.00
test/lib/rollup.browser.js,100.00
test/data/czech_geo.json,100.00
test/data/ec-star.json,100.00
test/data/map_custom.js,100.00
test/lib/config.js,67.35
test/map-labels.html,66.51
src/export.js,79.41
test/dataZoom-action.html,98.46
build/rollup-plugin-ec-dev.js,100.00
build/rollup-plugin-ec-lang.js,76.67
test/axisLabel.html,83.40
test/-cases.html,100.00
test/-cases.js,92.74
test/lib/reset.css,87.04
test/line-animation.html,47.60
test/axis-interval.html,39.37
test/bar-t.html,98.63
build/babel-plugin-transform-modules-commonjs-ec.js,100.00
build/babel-plugin-transform-remove-dev.js,100.00
build/esm2common.js,100.00
build/pre-publish.js,46.72
echarts.all.js,92.73
test/build/.jshintrc,100.00
test/build/esm2cjs/expect/.jshintrc,100.00
test/build/esm2cjs/expect/basic.expect.js,79.57
test/build/esm2cjs/expect/export-default0.expect.js,73.08
test/build/esm2cjs/expect/export-default1.expect.js,70.37
test/build/esm2cjs/expect/export-default2.expect.js,73.08
test/build/esm2cjs/expect/export-default3.expect.js,73.08
test/build/esm2cjs/expect/forbiden-export.expect.js,70.37
test/build/esm2cjs/src/basic.src.js,79.57
test/build/esm2cjs/src/export-default0.src.js,76.00
test/build/esm2cjs/src/export-default1.src.js,70.37
test/build/esm2cjs/src/export-default2.src.js,70.37
test/build/esm2cjs/src/export-default3.src.js,70.37
test/build/esm2cjs/src/forbiden-export.src.js,54.29
test/build/removeDEV/expect/code.expect.js,63.33
test/build/removeDEV/src/code.src.js,63.46
test/build/test-prepublish.js,100.00
test/build/test-transform.js,80.00
extension-src/bmap/BMapCoordSys.js,85.78
extension-src/bmap/BMapModel.js,55.56
extension-src/bmap/BMapView.js,62.14
extension-src/bmap/bmap.js,57.78
extension-src/dataTool/gexf.js,91.77
extension-src/dataTool/index.js,56.82
extension-src/dataTool/prepareBoxplotData.js,80.00
extension-src/dataTool/quantile.js,69.35
build/rollup-plugin-ec-remove-dev.js,64.81
test/lib/caseFrame.css,95.65
test/lib/caseFrame.js,90.40
test/bar-overflow-time-plot.html,48.48
src/langTH.js,57.35
src/chart/sunburst.js,57.58
src/chart/sunburst/SunburstPiece.js,95.00
src/chart/sunburst/SunburstSeries.js,90.21
src/chart/sunburst/SunburstView.js,94.38
src/chart/sunburst/sunburstLayout.js,93.75
test/sunburst.html,94.60
src/chart/helper/SymbolDrawStream.js,100.00
src/chart/scatter/StreamScatterSeries.js,100.00
src/chart/scatter/StreamScatterView.js,100.00
src/stream/task.js,97.86
src/stream/Scheduler.js,95.82
test/geo-data-stream.html,64.80
test/geo-random-stream.html,64.53
test/sunburst-drink.html,97.14
src/chart/helper/StreamSymbolDraw.js,100.00
src/visual/aria.js,95.62
test/aria-pie.html,80.38
test/aria-line-bar.html,86.25
test/lines-stream-ny.html,82.20
src/chart/helper/LargeLine.js,69.73
src/chart/helper/treeHelper.js,73.08
src/chart/sunburst/sunburstAction.js,80.21
test/sunburst-book.html,95.81
test/sunburst-visualMap.html,88.40
src/data/TreeDiff.js,100.00
src/chart/helper/createRenderPlanner.js,52.94
test/scatter-random-stream.html,93.15
test/scatter-gps.html,84.21
test/scatter-stream-visual.html,96.55
test/lib/countup.js,100.00
test/lib/rearrange.js,100.00
test/node/scatter-gps.js,99.22
src/component/dataset.js,71.64
src/component/dataset/DatasetModel.js,100.00
src/data/OrdinalMeta.js,90.50
src/data/helper/sourceHelper.js,75.31
src/model/referHelper.js,74.88
test/dataset.html,100.00
src/chart/helper/createListSimply.js,66.67
src/data/helper/createDimensions.js,76.14
src/data/helper/guessOrdinal.js,100.00
test/data/flight.json,100.00
test/data/house-price-area2.json,100.00
test/lines-flight.html,62.75
src/data/Source.js,88.76
src/data/helper/dataProvider.js,95.52
test/dataset-category.html,87.36
test/dataset-layout.html,96.52
src/data/helper/dimensionHelper.js,92.40
test/sunburst-simple.html,79.85
test/dataset-charts.html,91.54
src/model/mixin/dataFormat.js,73.51
test/sunburst-highlight.html,70.83
test/dataset-pivot.html,68.53
test/data/weibo.json,100.00
test/scatter-weibo.html,60.83
test/data/life-expectancy-table.json,100.00
src/theme/dark.js,95.54
src/theme/light.js,88.89
test/geo-lines.html,91.97
test/graph-grid-life.html,62.22
test/tmp-base.html,98.81
test/scatter-random-stream-fix-axis.html,67.50
test/graphicRemove.html,99.45
test/lines-grid.html,98.86
test/map-default.html,64.07
test/map-locate.html,85.16
test/map-province.html,97.55
test/visualMap-performance1.html,99.19
src/data/helper/sourceType.js,63.33
test/-stream-cases.html,100.00
test/lines-ny-appendData.html,98.76
test/stream-filter.html,99.42
test/finished.html,86.35
test/pictorial-svg.html,90.05
src/chart/line/helper.js,83.62
src/data/helper/dataStackHelper.js,89.67
src/processor/dataStack.js,85.61
test/area-stack.html,70.62
test/bar-stack.html,99.66
test/finished-gl.html,99.74
test/smooth.html,74.20
test/agent.html,100.00
test/sunburst-canvas.html,91.92
test/svg-test.html,84.44
test/dataZoom-clip.html,99.75
test/appendData.html,98.92
dist/.jshintrc,100.00
.jshintrc-dist,100.00
test/tree-orient-right-left.html,57.96
test/tree-orient-top-bottom.html,57.43
test/bar-start.html,99.38
test/scatter-markline.html,85.81
test/sankey-test.html,95.54
test/axis-style.html,99.40
test/dataZoom-extreme.html,51.82
src/chart/candlestick/helper.js,100.00
test/candlestick-large.html,99.46
test/line-large.html,86.96
test/lib/frameInsight.js,96.41
test/lines-ny.html,99.28
test/linesGL-ny-appendData.html,96.50
test/lines-stream-not-large.html,66.53
test/lines-stream-large.html,60.59
test/scatter-stream-large.html,60.57
test/scatter-stream-not-large.html,97.13
test/tree-removeNode.html,91.18
test/candlestick-large2.html,99.80
test/candlestick-large3.html,99.52
test/tree-addNode.html,92.22
test/tree-recurrentRemoveNode.html,91.21
src/coord/cartesian/cartesianAxisHelper.js,76.00
src/coord/single/singleAxisHelper.js,82.61
test/axis-containLabel.html,99.68
test/axis-interval2.html,89.62
src/coord/axisTickLabelBuilder.js,94.05
test/bar-large1.html,100.00
test/sankey-jume.html,100.00
test/bar-stream-large.html,86.72
test/bar-stream-large1.html,97.62
src/chart/sankey/sankeyAction.js,50.00
test/brush3.html,63.03
NOTICE,53.33
build/addHeader.js,62.46
test/sankey-jump.html,95.24
src/chart/helper/focusNodeAdjacencyAction.js,100.00
KEYS,47.39
build/preamble.js,88.89
licenses/LICENSE-d3,100.00
licenses/LICENSE-zrender,100.00
DISCLAIMER,100.00
.rat-excludes,100.00
build/rat.sh,100.00
build/rat/build-run-rat.sh,100.00
build/rat/rat.sh,100.00
build/rat/src/MANIFEST.txt,100.00
build/rat/src/RunRat.java,100.00
build/rat/src/report.xsl,100.00
test/tooltip-event.html,98.69
.headerignore,50.00
src/coord/geo/geoJSONLoader.js,94.95
src/coord/geo/geoSVGLoader.js,100.00
src/coord/geo/geoSourceManager.js,97.69
src/coord/geo/mapDataStorage.js,100.00
test/tree-roam.html,98.36
test/dataZoom-scroll.html,98.90
src/component/tooltip/TooltipRichContent.js,84.88
test/tooltip-rich.html,83.33
test/hoverStyle.html,92.95
test/custom-feature.html,51.52
test/ec-event.html,99.81
.eslintignore,80.95
.eslintrc.yaml,99.56
src/util/nest.js,100.00
test/sankey-horizontal.html,100.00
test/sankey-vertical.html,97.87
test/bar-polar-long-label.html,97.56
test/pie-clipPath.html,99.02
test/axis-multiple.html,99.61
test/sankey-vertical-energy.html,69.66
test/svg-gradient-opacity.html,99.49
test/dynamic-splitNumber.html,99.20
src/component/dataZoomSlider.js,100.00
test/graph-symbol.html,97.76
test/sankey-nodeAlign-left.html,71.54
test/graph-label-rotate.html,93.16
test/sankey-nodeAlign-right.html,71.09
test/sankey-ringed.html,80.59
test/sankey-depth.html,88.46
test/richText-fontsize.html,99.45
test/markLine-subPixel.html,98.71
test/pie-label.html,25.55
src/langES.js,86.76
.travis.yml,56.25
test/symbol2.html,99.40
test/axis-name.html,98.53
test/sankey-level.html,62.50
package-lock.json,27.45
test/bar-others.html,98.81
test/toolbox-textStyle.html,51.66
test/toolbox-tooltip.html,98.50
test/toolbox-saveImage-background.html,98.82
test/scatter-label-color.html,100.00
.github/stale.yml,99.18
src/chart/graph/graphHelper.js,100.00
test/graph-circular.html,99.87
test/label-formatter.html,99.28
test/runTest/blacklist.js,95.29
test/runTest/cli.js,77.54
test/runTest/client/client.css,70.16
test/runTest/client/client.js,73.05
test/runTest/client/index.html,69.81
test/runTest/compareScreenshot.js,58.49
test/runTest/runtime.js,100.00
test/runTest/serve.js,100.00
test/runTest/config.js,86.21
test/runTest/runtime/main.js,86.85
test/runTest/runtime/shim.js,75.68
test/runTest/server.js,76.87
test/runTest/store.js,72.93
test/runTest/util.js,54.52
extension-src/.eslintrc.yaml,97.30
src/.eslintrc.yaml,77.99
test/pie-animation.html,79.63
test/runTest/recorder/index.html,94.85
test/runTest/recorder/recorder.css,97.87
test/runTest/recorder/recorder.js,100.00
test/runTest/Timeline.js,100.00
test/runTest/runtime/timer.js,100.00
test/runTest/actions/update.js,57.14
test/runTest/installMouseHelper.js,100.00
test/runTest/actions/__meta__.json,57.19
test/runTest/actions/allZero.json,100.00
test/runTest/actions/appendData.json,100.00
test/runTest/actions/area-large.json,50.00
test/runTest/actions/area-stack.json,100.00
test/runTest/actions/area2.json,100.00
test/runTest/actions/aria-line-bar.json,100.00
test/runTest/actions/aria-pie.json,100.00
test/runTest/actions/axis-boundaryGap.json,100.00
test/runTest/actions/axis-lastLabel.json,100.00
test/runTest/actions/axis-multiple.json,100.00
test/runTest/actions/axis-style.json,100.00
test/runTest/actions/axis.json,100.00
test/runTest/actions/axisPosition.json,100.00
test/runTest/actions/bar-label-rotation.json,100.00
test/runTest/actions/bar-large.json,100.00
test/runTest/actions/bar-overflow-time-plot.json,100.00
test/runTest/actions/bar-polar-multi-series-radial.json,100.00
test/runTest/actions/bar-polar-multi-series.json,100.00
test/runTest/actions/bar-polar-null-data-radial.json,100.00
test/runTest/actions/bar-polar-stack.json,100.00
test/runTest/actions/bar-stack.json,50.00
test/runTest/actions/bar-start.json,100.00
test/runTest/actions/bar.json,100.00
test/runTest/actions/bar3.json,100.00
test/runTest/actions/bmap.json,50.00
test/runTest/actions/boxplot-multi.json,100.00
test/runTest/actions/boxplot.json,100.00
test/runTest/actions/brush.json,100.00
test/runTest/actions/brush2.json,100.00
test/runTest/actions/brush3.json,50.00
test/runTest/actions/calendar-converter.json,100.00
test/runTest/actions/calendar-heatmap.json,100.00
test/runTest/actions/calendar-month.json,100.00
test/runTest/actions/candlestick-empty.json,100.00
test/runTest/actions/candlestick-large.json,100.00
test/runTest/actions/candlestick-large2.json,100.00
test/runTest/actions/candlestick.json,100.00
test/runTest/actions/candlestickConnect.json,100.00
test/runTest/actions/color-mix-aqi.json,100.00
test/runTest/actions/connect-dynamic.json,100.00
test/runTest/actions/connect-manually.json,100.00
test/runTest/actions/map-parallel.json,100.00
test/runTest/actions/map.json,75.00
test/runTest/actions/treemap-disk.json,66.67
test/runTest/actions/connect.json,100.00
test/runTest/actions/connect2.json,100.00
test/runTest/actions/css-transform.json,100.00
test/runTest/actions/custom-children-remove.json,100.00
test/runTest/actions/custom-hexbin.json,100.00
test/runTest/actions/custom.json,50.00
test/runTest/actions/dataZoom-action.json,100.00
test/runTest/actions/dataZoom-axes.json,66.67
test/runTest/actions/dataZoom-axis-type.json,100.00
test/runTest/actions/dataZoom-clip.json,100.00
test/runTest/actions/dataZoom-extreme.json,100.00
test/runTest/actions/dataZoom-rainfall-connect.json,100.00
test/runTest/actions/dataZoom-rainfall-inside.json,100.00
test/runTest/actions/dataZoom-rainfall.json,100.00
test/runTest/actions/dataZoom-scatter-category.json,100.00
test/runTest/actions/dataZoom-scatter-hv-polar.json,100.00
test/runTest/actions/dataZoom-scatter-hv.json,100.00
test/runTest/actions/dataZoom-sync.json,100.00
test/runTest/actions/dataZoom-toolbox.json,66.67
test/runTest/actions/dataZoomHighPrecision.json,100.00
test/runTest/actions/dynamic-splitNumber.json,100.00
test/runTest/actions/ec-event.json,100.00
test/runTest/actions/funnel.json,100.00
test/runTest/actions/geo-map.json,50.00
test/runTest/actions/geoScatter.json,50.00
test/runTest/actions/getOption.json,100.00
test/runTest/actions/graph-grid.json,100.00
test/runTest/actions/graph-simple.json,100.00
test/runTest/actions/graph.json,100.00
test/runTest/actions/heatmap-map.json,100.00
test/runTest/actions/heatmap.json,50.00
test/runTest/actions/homepage3.json,100.00
test/runTest/actions/hoverStyle.json,100.00
test/runTest/actions/label-position.json,100.00
test/runTest/actions/largeLine-tooltip.json,100.00
test/runTest/actions/legend.json,66.67
test/runTest/actions/line-animation.json,100.00
test/runTest/actions/map-province.json,100.00
test/runTest/actions/mapWorld.json,100.00
test/runTest/actions/markArea.json,100.00
test/runTest/actions/media-dataZoom.json,100.00
test/runTest/actions/media-finance.json,100.00
test/runTest/actions/media-pie.json,100.00
test/runTest/actions/min-max-function.json,100.00
test/runTest/actions/parallel-aqi.json,100.00
test/runTest/actions/parallel-nutrients.json,100.00
test/runTest/actions/pictorial-repeat.json,100.00
test/runTest/actions/pie-action.json,100.00
test/runTest/actions/pie-calculable.json,100.00
test/runTest/actions/pie.json,66.67
test/runTest/actions/polarLine.json,100.00
test/runTest/actions/polarScatter.json,100.00
test/runTest/actions/radar.json,50.00
test/runTest/actions/radar2.json,100.00
test/runTest/actions/radar3.json,50.00
test/runTest/actions/radar4.json,100.00
test/runTest/actions/sankey-depth.json,100.00
test/runTest/actions/sankey-jump.json,100.00
test/runTest/actions/sankey-level.json,100.00
test/runTest/actions/scatter-random-stream-fix-axis.json,100.00
test/runTest/actions/scatter-single-axis.json,100.00
test/runTest/actions/scatterMatrix.json,100.00
test/runTest/actions/sunburst-book.json,100.00
test/runTest/actions/sunburst-canvas.json,100.00
test/runTest/actions/symbol2.json,100.00
test/runTest/actions/themeRiver.json,100.00
test/runTest/actions/timeScale.json,100.00
test/runTest/actions/timeScale2.json,100.00
test/runTest/actions/toolbox-textStyle.json,100.00
test/runTest/actions/toolbox-tooltip.json,100.00
test/runTest/actions/tooltip-axisPointer.json,100.00
test/runTest/actions/tooltip-cascade.json,100.00
test/runTest/actions/tooltip-event.json,100.00
test/runTest/actions/tooltip-link.json,100.00
test/runTest/actions/tooltip-rich.json,100.00
test/runTest/actions/tooltip-setOption.json,100.00
test/runTest/actions/tooltip.json,50.00
test/runTest/actions/tree-image.json,100.00
test/runTest/actions/tree-legend.json,100.00
test/runTest/actions/tree-radial.json,50.00
test/runTest/actions/treemap-disk2.json,33.33
test/runTest/actions/treemap-obama.json,50.00
test/runTest/actions/treemap-option.json,100.00
test/runTest/actions/treemap-option2.json,50.00
test/runTest/actions/visualMap-categories.json,100.00
test/stackBar-dataZoom.html,99.93
test/runTest/actions/axes.json,100.00
test/runTest/actions/stackBar-dataZoom.json,50.00
CONTRIBUTING.md,53.10
test/clip.html,66.21
src/chart/helper/createClipPathFromCoordSys.js,90.99
test/build/mktest-tpl.html,90.91
test/build/mktest.js,94.55
test/runTest/actions/clip.json,66.67
test/runTest/actions/dataZoom-scroll.json,100.00
test/runTest/actions/map-contour.json,100.00
test/runTest/actions/map-default.json,100.00
test/runTest/actions/map-labels.json,100.00
test/lengend-borderColor.html,100.00
test/legend-borderColor.html,99.83
test/toolbox-stack.html,98.50
test/gauge-simple.html,60.23
test/runTest/actions/gauge-simple.json,100.00
test/polar-rounded.html,77.88
test/runTest/actions/polar-rounded.json,66.67
.github/workflows/nodejs.yml,54.76
src/util/shape/sausage.js,100.00
test/runTest/actions/toolbox-title.json,100.00
test/toolbox-title.html,98.52
test/force-edge-ignoreLayout.html,67.71
test/bar-log.html,98.84
test/runTest/actions/bar2.json,33.33
test/axis-splitArea.html,51.84
test/runTest/actions/line.json,100.00
test/legend-scroll2plain.html,63.25
test/force-friction.html,99.01
test/runTest/actions/axis-interval.json,100.00
test/runTest/actions/axis-interval2.json,50.00
test/ios13-z-bug.html,100.00
test/runTest/genReport.js,84.46
test/line-itemstyle-color-function.html,100.00
test/bar-width.html,79.62
test/runTest/actions/bar-width.json,50.00
test/line-style.html,75.44
test/runTest/actions/tooltip-axisPointer2.json,33.33
test/tooltip-axisPointer2.html,64.81
theme/azul.js,56.98
theme/bee-inspired.js,56.25
theme/blue.js,56.25
theme/caravan.js,56.06
theme/carp.js,56.98
theme/cool.js,55.86
theme/dark-blue.js,67.56
theme/dark-bold.js,69.09
theme/dark-digerati.js,67.56
theme/dark-fresh-cut.js,67.56
theme/dark-mushroom.js,67.56
theme/eduardo.js,56.25
theme/forest.js,56.76
theme/fresh-cut.js,57.20
theme/fruit.js,56.06
theme/gray.js,54.25
theme/green.js,54.85
theme/helianthus.js,52.64
theme/inspired.js,57.20
theme/jazz.js,56.54
theme/london.js,56.98
theme/macarons2.js,45.51
theme/mint.js,56.15
theme/red-velvet.js,56.98
theme/red.js,54.89
theme/royal.js,56.98
theme/sakura.js,57.14
theme/tech-blue.js,54.73
test/hoverStyle2.html,97.84
test/runTest/actions/hoverStyle2.json,100.00
test/axis-minorTick.html,100.00
test/runTest/actions/axis-minorTick.json,100.00
test/ut/core/setup.js,100.00
test/ut/spec/api/containPixel.test.js,100.00
test/ut/spec/api/converter.test.js,68.63
test/ut/spec/api/getVisual.test.js,90.91
test/ut/spec/component/dataZoom/helper.test.js,100.00
test/ut/spec/component/graphic/setOption.test.js,84.51
test/ut/spec/component/helper/sliderMove.test.js,100.00
test/ut/spec/component/visualMap/setOption.test.js,92.42
test/ut/spec/data/List.test.js,100.00
test/ut/spec/data/completeDimensions.test.js,80.00
test/ut/spec/model/Component.test.js,86.75
test/ut/spec/model/Global.test.js,92.06
test/ut/spec/model/timelineOptions.test.js,85.71
test/ut/spec/scale/interval.test.js,63.64
test/ut/spec/util/graphic.test.js,100.00
test/ut/spec/util/layout.test.js,100.00
test/ut/spec/util/model.test.js,60.00
test/ut/spec/util/number.test.js,51.89
theme/tool/thumb.html,69.23
test/ut/jest.config.js,48.81
test/pie-alignTo.html,86.62
test/runTest/actions/pie-alignTo.json,100.00
src/visual/LegendVisualProvider.js,100.00
test/legend-visualMapColor.html,100.00
test/runTest/actions/legend-visualMapColor.json,100.00
src/data/DataDimensionInfo.js,100.00
test/dataset-guess.html,99.86
test/drag-out.html,99.79
test/runTest/actions/drag-out.json,66.67
.github/pull_request_template.md,96.47
test/ut/.eslintrc.yaml,80.17
test/ut/core/extendExpect.js,70.15
test/tree-polyline.html,99.55
test/graphic-draggable.html,100.00
test/runTest/actions/graphic-draggable.json,100.00
src/component/axis/axisSplitHelper.js,100.00
test/themeRiver3.html,98.72
test/stream-filter2.html,99.36
test/bar-background.html,88.01
test/runTest/actions/tooltip-appendToBody.json,100.00
test/geo-update.html,85.27
echarts.all.ts,75.00
echarts.common.ts,50.00
echarts.simple.ts,100.00
extension-src/bmap/BMapCoordSys.ts,56.63
extension-src/bmap/BMapModel.ts,72.73
extension-src/bmap/BMapView.ts,43.55
extension-src/bmap/bmap.ts,85.71
extension-src/dataTool/gexf.ts,98.31
extension-src/dataTool/index.ts,88.89
extension-src/dataTool/prepareBoxplotData.ts,70.59
src/CoordinateSystem.ts,100.00
src/ExtensionAPI.ts,51.76
src/action/createDataSelectAction.ts,84.00
src/action/geoRoam.ts,100.00
src/action/roamHelper.ts,56.92
src/chart/bar.ts,71.43
src/chart/bar/BarSeries.ts,65.32
src/chart/bar/BarView.ts,41.03
src/chart/bar/BaseBarSeries.ts,40.74
src/chart/bar/PictorialBarSeries.ts,89.12
src/chart/bar/PictorialBarView.ts,63.01
src/chart/bar/barItemStyle.ts,85.29
src/chart/bar/helper.ts,80.00
src/chart/boxplot.ts,50.00
src/chart/boxplot/BoxplotSeries.ts,88.89
src/chart/boxplot/BoxplotView.ts,62.32
src/chart/boxplot/boxplotLayout.ts,65.32
src/chart/boxplot/boxplotVisual.ts,54.55
src/chart/candlestick.ts,100.00
src/chart/candlestick/CandlestickSeries.ts,76.25
src/chart/candlestick/CandlestickView.ts,53.82
src/chart/candlestick/candlestickLayout.ts,42.86
src/chart/candlestick/candlestickVisual.ts,57.65
src/chart/candlestick/preprocessor.ts,60.00
src/chart/chord/ChordSeries.ts,100.00
src/chart/chord/ChordView.ts,100.00
src/chart/chord/Ribbon.ts,100.00
src/chart/chord/chordCircularLayout.ts,100.00
src/chart/custom.ts,93.38
src/chart/effectScatter.ts,60.00
src/chart/effectScatter/EffectScatterSeries.ts,84.21
src/chart/effectScatter/EffectScatterView.ts,61.40
src/chart/funnel.ts,60.00
src/chart/funnel/FunnelSeries.ts,84.66
src/chart/funnel/FunnelView.ts,80.69
src/chart/funnel/funnelLayout.ts,69.44
src/chart/gauge.ts,100.00
src/chart/gauge/GaugeSeries.ts,54.15
src/chart/gauge/GaugeView.ts,57.86
src/chart/gauge/PointerPath.ts,53.19
src/chart/graph.ts,71.43
src/chart/graph/GraphSeries.ts,79.96
src/chart/graph/GraphView.ts,62.09
src/chart/graph/adjustEdge.ts,80.26
src/chart/graph/categoryFilter.ts,55.56
src/chart/graph/categoryVisual.ts,64.10
src/chart/graph/circularLayout.ts,71.43
src/chart/graph/circularLayoutHelper.ts,51.83
src/chart/graph/createView.ts,62.50
src/chart/graph/edgeVisual.ts,62.50
src/chart/graph/forceHelper.ts,51.80
src/chart/graph/forceLayout.ts,50.83
src/chart/graph/graphAction.ts,56.25
src/chart/graph/graphHelper.ts,68.18
src/chart/graph/simpleLayout.ts,61.54
src/chart/graph/simpleLayoutHelper.ts,66.67
src/chart/heatmap.ts,100.00
src/chart/heatmap/HeatmapLayer.ts,63.56
src/chart/heatmap/HeatmapSeries.ts,85.92
src/chart/heatmap/HeatmapView.ts,51.10
src/chart/helper/EffectLine.ts,75.86
src/chart/helper/EffectPolyline.ts,73.19
src/chart/helper/EffectSymbol.ts,74.84
src/chart/helper/LargeLineDraw.ts,79.40
src/chart/helper/LargeSymbolDraw.ts,81.18
src/chart/helper/Line.ts,76.46
src/chart/helper/LineDraw.ts,89.26
src/chart/helper/LinePath.ts,81.91
src/chart/helper/Polyline.ts,78.90
src/chart/helper/Symbol.ts,82.67
src/chart/helper/SymbolDraw.ts,85.06
src/chart/helper/createClipPathFromCoordSys.ts,47.22
src/chart/helper/createGraphFromNodeEdge.ts,70.15
src/chart/helper/createGraphFromNodeMatrix.ts,100.00
src/chart/helper/createListFromArray.ts,73.61
src/chart/helper/createListSimply.ts,87.50
src/chart/helper/createRenderPlanner.ts,66.67
src/chart/helper/focusNodeAdjacencyAction.ts,100.00
src/chart/helper/labelHelper.ts,54.55
src/chart/helper/treeHelper.ts,63.41
src/chart/helper/whiskerBoxCommon.ts,46.85
src/chart/line.ts,71.43
src/chart/line/LineSeries.ts,50.79
src/chart/line/LineView.ts,41.78
src/chart/line/helper.ts,51.22
src/chart/line/lineAnimationDiff.ts,60.92
src/chart/line/poly.ts,84.00
src/chart/lines.ts,100.00
src/chart/lines/LinesSeries.ts,67.96
src/chart/lines/LinesView.ts,56.59
src/chart/lines/linesLayout.ts,57.73
src/chart/lines/linesVisual.ts,57.78
src/chart/map.ts,100.00
src/chart/map/MapSeries.ts,50.87
src/chart/map/MapView.ts,54.15
src/chart/map/backwardCompat.ts,100.00
src/chart/map/mapDataStatistic.ts,91.89
src/chart/map/mapSymbolLayout.ts,94.87
src/chart/map/mapVisual.ts,100.00
src/chart/parallel.ts,75.00
src/chart/parallel/ParallelSeries.ts,53.76
src/chart/parallel/ParallelView.ts,57.45
src/chart/parallel/parallelVisual.ts,87.50
src/chart/pictorialBar.ts,60.00
src/chart/pie.ts,81.82
src/chart/pie/PieSeries.ts,55.25
src/chart/pie/PieView.ts,45.86
src/chart/pie/labelLayout.ts,44.15
src/chart/pie/pieLayout.ts,29.86
src/chart/radar.ts,75.00
src/chart/radar/RadarSeries.ts,47.92
src/chart/radar/RadarView.ts,63.27
src/chart/radar/backwardCompat.ts,83.33
src/chart/radar/radarLayout.ts,58.33
src/chart/sankey.ts,100.00
src/chart/sankey/SankeySeries.ts,58.25
src/chart/sankey/SankeyView.ts,55.27
src/chart/sankey/sankeyAction.ts,87.50
src/chart/sankey/sankeyLayout.ts,57.26
src/chart/sankey/sankeyVisual.ts,36.36
src/chart/scatter.ts,60.00
src/chart/scatter/ScatterSeries.ts,83.98
src/chart/scatter/ScatterView.ts,57.14
src/chart/sunburst.ts,100.00
src/chart/sunburst/SunburstPiece.ts,76.32
src/chart/sunburst/SunburstSeries.ts,71.19
src/chart/sunburst/SunburstView.ts,60.99
src/chart/sunburst/sunburstAction.ts,89.15
src/chart/sunburst/sunburstLayout.ts,44.83
src/chart/themeRiver.ts,60.00
src/chart/themeRiver/ThemeRiverSeries.ts,46.74
src/chart/themeRiver/ThemeRiverView.ts,66.10
src/chart/themeRiver/themeRiverLayout.ts,62.00
src/chart/themeRiver/themeRiverVisual.ts,76.19
src/chart/tree.ts,75.00
src/chart/tree/TreeSeries.ts,66.13
src/chart/tree/TreeView.ts,61.17
src/chart/tree/layoutHelper.ts,63.49
src/chart/tree/traversalHelper.ts,68.18
src/chart/tree/treeAction.ts,74.29
src/chart/tree/treeLayout.ts,66.67
src/chart/treemap.ts,60.00
src/chart/treemap/Breadcrumb.ts,56.86
src/chart/treemap/TreemapSeries.ts,60.98
src/chart/treemap/TreemapView.ts,56.93
src/chart/treemap/helper.ts,66.67
src/chart/treemap/treemapAction.ts,81.69
src/chart/treemap/treemapLayout.ts,54.30
src/chart/treemap/treemapVisual.ts,36.78
src/component/axis/AngleAxisView.ts,50.00
src/component/axis/AxisBuilder.ts,50.58
src/component/axis/AxisView.ts,80.00
src/component/axis/CartesianAxisView.ts,35.19
src/component/axis/ParallelAxisView.ts,92.79
src/component/axis/RadiusAxisView.ts,46.36
src/component/axis/SingleAxisView.ts,34.68
src/component/axis/axisSplitHelper.ts,55.56
src/component/axis/parallelAxisAction.ts,54.17
src/component/axisPointer.ts,58.82
src/component/axisPointer/AxisPointerModel.ts,96.59
src/component/axisPointer/AxisPointerView.ts,69.23
src/component/axisPointer/BaseAxisPointer.ts,63.12
src/component/axisPointer/CartesianAxisPointer.ts,57.39
src/component/axisPointer/PolarAxisPointer.ts,50.00
src/component/axisPointer/SingleAxisPointer.ts,56.48
src/component/axisPointer/axisTrigger.ts,61.01
src/component/axisPointer/findPointFromSeries.ts,49.33
src/component/axisPointer/globalListener.ts,70.79
src/component/axisPointer/modelHelper.ts,58.11
src/component/axisPointer/viewHelper.ts,62.94
src/component/brush.ts,75.00
src/component/brush/BrushModel.ts,91.88
src/component/brush/BrushView.ts,88.68
src/component/brush/brushAction.ts,94.74
src/component/brush/preprocessor.ts,96.77
src/component/brush/selector.ts,100.00
src/component/brush/visualEncoding.ts,90.56
src/component/calendar.ts,100.00
src/component/calendar/CalendarView.ts,41.80
src/component/dataZoom.ts,100.00
src/component/dataZoom/AxisProxy.ts,51.13
src/component/dataZoom/DataZoomModel.ts,53.22
src/component/dataZoom/DataZoomView.ts,62.71
src/component/dataZoom/InsideZoomModel.ts,85.11
src/component/dataZoom/InsideZoomView.ts,52.00
src/component/dataZoom/SelectZoomModel.ts,66.67
src/component/dataZoom/SelectZoomView.ts,80.00
src/component/dataZoom/SliderZoomModel.ts,89.30
src/component/dataZoom/SliderZoomView.ts,66.42
src/component/dataZoom/dataZoomAction.ts,74.29
src/component/dataZoom/dataZoomProcessor.ts,82.93
src/component/dataZoom/helper.ts,73.20
src/component/dataZoom/history.ts,57.58
src/component/dataZoom/roams.ts,56.37
src/component/dataZoom/typeDefaulter.ts,100.00
src/component/dataZoomInside.ts,100.00
src/component/dataZoomSelect.ts,100.00
src/component/dataZoomSlider.ts,100.00
src/component/dataset.ts,95.59
src/component/geo.ts,65.22
src/component/geo/GeoView.ts,57.94
src/component/graphic.ts,99.40
src/component/grid.ts,100.00
src/component/gridSimple.ts,68.18
src/component/helper/BrushController.ts,96.73
src/component/helper/BrushTargetManager.ts,93.61
src/component/helper/MapDraw.ts,74.93
src/component/helper/RoamController.ts,78.48
src/component/helper/brushHelper.ts,95.83
src/component/helper/cursorHelper.ts,94.12
src/component/helper/interactionMutex.ts,69.23
src/component/helper/listComponent.ts,100.00
src/component/helper/roamHelper.ts,52.63
src/component/helper/selectableMixin.ts,83.78
src/component/helper/sliderMove.ts,52.94
src/component/legend.ts,62.50
src/component/legend/LegendModel.ts,44.56
src/component/legend/LegendView.ts,58.66
src/component/legend/ScrollableLegendModel.ts,84.34
src/component/legend/ScrollableLegendView.ts,52.01
src/component/legend/legendAction.ts,52.80
src/component/legend/legendFilter.ts,61.54
src/component/legend/scrollableLegendAction.ts,85.19
src/component/legendScroll.ts,100.00
src/component/markArea.ts,100.00
src/component/markLine.ts,100.00
src/component/markPoint.ts,100.00
src/component/marker/MarkAreaModel.ts,92.47
src/component/marker/MarkAreaView.ts,43.56
src/component/marker/MarkLineModel.ts,84.00
src/component/marker/MarkLineView.ts,55.11
src/component/marker/MarkPointModel.ts,90.91
src/component/marker/MarkPointView.ts,55.10
src/component/marker/MarkerModel.ts,60.71
src/component/marker/MarkerView.ts,62.96
src/component/marker/markerHelper.ts,36.27
src/component/parallel.ts,87.80
src/component/parallelAxis.ts,100.00
src/component/polar.ts,75.00
src/component/radar.ts,100.00
src/component/radar/RadarView.ts,64.96
src/component/singleAxis.ts,60.00
src/component/timeline.ts,100.00
src/component/timeline/SliderTimelineModel.ts,80.90
src/component/timeline/SliderTimelineView.ts,64.94
src/component/timeline/TimelineAxis.ts,68.57
src/component/timeline/TimelineModel.ts,87.40
src/component/timeline/TimelineView.ts,60.00
src/component/timeline/preprocessor.ts,95.00
src/component/timeline/timelineAction.ts,68.66
src/component/timeline/typeDefaulter.ts,100.00
src/component/title.ts,71.88
src/component/toolbox.ts,100.00
src/component/toolbox/ToolboxModel.ts,82.98
src/component/toolbox/ToolboxView.ts,63.56
src/component/toolbox/feature/Brush.ts,72.57
src/component/toolbox/feature/DataView.ts,51.77
src/component/toolbox/feature/DataZoom.ts,57.21
src/component/toolbox/feature/MagicType.ts,61.48
src/component/toolbox/feature/Restore.ts,66.67
src/component/toolbox/feature/SaveAsImage.ts,49.21
src/component/toolbox/featureManager.ts,85.71
src/component/tooltip.ts,60.00
src/component/tooltip/TooltipContent.ts,100.00
src/component/tooltip/TooltipModel.ts,67.89
src/component/tooltip/TooltipRichContent.ts,39.57
src/component/tooltip/TooltipView.ts,38.48
src/component/visualMap.ts,100.00
src/component/visualMap/ContinuousModel.ts,71.29
src/component/visualMap/ContinuousView.ts,62.38
src/component/visualMap/PiecewiseModel.ts,64.69
src/component/visualMap/PiecewiseView.ts,43.75
src/component/visualMap/VisualMapModel.ts,69.42
src/component/visualMap/VisualMapView.ts,66.33
src/component/visualMap/helper.ts,60.38
src/component/visualMap/preprocessor.ts,75.00
src/component/visualMap/typeDefaulter.ts,71.43
src/component/visualMap/visualEncoding.ts,71.43
src/component/visualMap/visualMapAction.ts,72.73
src/component/visualMapContinuous.ts,100.00
src/component/visualMapPiecewise.ts,100.00
src/config.ts,83.33
src/coord/Axis.ts,77.30
src/coord/View.ts,89.20
src/coord/axisDefault.ts,38.57
src/coord/axisHelper.ts,54.05
src/coord/axisModelCommonMixin.ts,73.68
src/coord/axisModelCreator.ts,71.84
src/coord/axisTickLabelBuilder.ts,41.82
src/coord/calendar/Calendar.ts,69.62
src/coord/calendar/CalendarModel.ts,82.59
src/coord/calendar/prepareCustom.ts,54.55
src/coord/cartesian/Axis2D.ts,60.19
src/coord/cartesian/AxisModel.ts,45.63
src/coord/cartesian/Cartesian.ts,100.00
src/coord/cartesian/Cartesian2D.ts,40.00
src/coord/cartesian/Grid.ts,75.89
src/coord/cartesian/GridModel.ts,58.18
src/coord/cartesian/cartesianAxisHelper.ts,98.02
src/coord/cartesian/prepareCustom.ts,87.50
src/coord/geo/Geo.ts,61.36
src/coord/geo/GeoModel.ts,58.48
src/coord/geo/Region.ts,49.88
src/coord/geo/fix/diaoyuIsland.ts,92.31
src/coord/geo/fix/geoCoord.ts,67.19
src/coord/geo/fix/nanhai.ts,50.00
src/coord/geo/fix/textCoord.ts,89.47
src/coord/geo/geoCreator.ts,58.74
src/coord/geo/geoJSONLoader.ts,93.94
src/coord/geo/geoSVGLoader.ts,91.53
src/coord/geo/geoSourceManager.ts,99.49
src/coord/geo/mapDataStorage.ts,99.20
src/coord/geo/parseGeoJson.ts,54.41
src/coord/geo/prepareCustom.ts,94.12
src/coord/parallel/AxisModel.ts,88.17
src/coord/parallel/Parallel.ts,97.41
src/coord/parallel/ParallelAxis.ts,100.00
src/coord/parallel/ParallelModel.ts,93.33
src/coord/parallel/parallelCreator.ts,72.22
src/coord/parallel/parallelPreprocessor.ts,94.74
src/coord/polar/AngleAxis.ts,52.86
src/coord/polar/AxisModel.ts,84.26
src/coord/polar/Polar.ts,58.82
src/coord/polar/PolarModel.ts,70.59
src/coord/polar/RadiusAxis.ts,84.00
src/coord/polar/polarCreator.ts,52.00
src/coord/polar/prepareCustom.ts,51.52
src/coord/radar/IndicatorAxis.ts,68.00
src/coord/radar/Radar.ts,75.07
src/coord/radar/RadarModel.ts,66.04
src/coord/single/AxisModel.ts,88.00
src/coord/single/Single.ts,62.41
src/coord/single/SingleAxis.ts,78.43
src/coord/single/prepareCustom.ts,58.82
src/coord/single/singleAxisHelper.ts,59.62
src/coord/single/singleCreator.ts,62.50
src/data/DataDiffer.ts,95.52
src/data/DataDimensionInfo.ts,62.71
src/data/Graph.ts,66.44
src/data/List.ts,73.64
src/data/OrdinalMeta.ts,91.67
src/data/Source.ts,88.09
src/data/Tree.ts,66.75
src/data/helper/completeDimensions.ts,70.93
src/data/helper/createDimensions.ts,78.99
src/data/helper/dataProvider.ts,74.82
src/data/helper/dataStackHelper.ts,52.54
src/data/helper/dimensionHelper.ts,45.83
src/data/helper/linkList.ts,67.80
src/data/helper/sourceHelper.ts,97.75
src/echarts.ts,64.55
src/export.ts,75.00
src/helper.ts,51.16
src/lang.ts,100.00
src/langEN.ts,88.89
src/layout/barGrid.ts,57.58
src/layout/barPolar.ts,60.45
src/layout/points.ts,68.47
src/loading/default.ts,40.28
src/model/Component.ts,78.03
src/model/Global.ts,74.15
src/model/Model.ts,57.82
src/model/OptionManager.ts,97.25
src/model/Series.ts,43.01
src/model/globalDefault.ts,40.29
src/model/mixin/areaStyle.ts,77.08
src/model/mixin/boxLayout.ts,100.00
src/model/mixin/colorPalette.ts,79.25
src/model/mixin/dataFormat.ts,63.44
src/model/mixin/itemStyle.ts,43.61
src/model/mixin/lineStyle.ts,38.68
src/model/mixin/makeStyleMapper.ts,45.71
src/model/mixin/textStyle.ts,43.00
src/model/referHelper.ts,53.21
src/preprocessor/backwardCompat.ts,90.00
src/preprocessor/helper/compatStyle.ts,56.12
src/processor/dataFilter.ts,56.25
src/processor/dataSample.ts,38.10
src/processor/dataStack.ts,35.85
src/scale/Interval.ts,78.03
src/scale/Log.ts,82.99
src/scale/Ordinal.ts,58.06
src/scale/Scale.ts,85.02
src/scale/Time.ts,49.66
src/scale/helper.ts,77.59
src/stream/Scheduler.ts,94.31
src/stream/task.ts,99.75
src/theme/dark.ts,77.61
src/theme/light.ts,100.00
src/util/KDTree.ts,80.69
src/util/animation.ts,81.82
src/util/clazz.ts,83.12
src/util/component.ts,94.85
src/util/format.ts,56.85
src/util/graphic.ts,68.35
src/util/layout.ts,62.59
src/util/model.ts,84.26
src/util/number.ts,52.07
src/util/quickSelect.ts,56.00
src/util/shape/sausage.ts,52.48
src/util/symbol.ts,63.02
src/util/throttle.ts,84.42
src/view/Chart.ts,59.66
src/view/Component.ts,57.62
src/visual/LegendVisualProvider.ts,86.67
src/visual/VisualMapping.ts,83.91
src/visual/aria.ts,73.61
src/visual/dataColor.ts,62.79
src/visual/seriesColor.ts,51.28
src/visual/symbol.ts,76.47
src/visual/visualDefault.ts,54.55
src/visual/visualSolution.ts,67.22
test/toolbox-saveImage-background-svg.html,99.52
build/ec-lang-rollup-plugin.js,100.00
build/remove-dev-babel-plugin.js,100.00
build/remove-dev-rollup-plugin.js,100.00
build/remove-dev.js,100.00
tsconfig.json,77.14
test/map-nameProperty.html,53.93
index.d.ts,98.00
src/coord/CoordinateSystem.ts,78.41
src/util/ECEventProcessor.ts,97.45
src/util/types.ts,56.38
test/radar-axis.html,100.00
build/progress.js,100.00
src/coord/axisCommonTypes.ts,50.96
src/component/tooltip/TooltipHTMLContent.ts,34.40
src/coord/AxisBaseModel.ts,100.00
src/component/axisPointer/AxisPointer.ts,100.00
src/coord/geo/geoTypes.ts,77.78
.vscode/settings.json,50.00
test/axis-containLabel2.html,99.03
test/heatmap-gap-bug.html,95.92
test/symbol3.html,99.34
test/effectScatter2.html,99.07
src/chart/sunburst/sunburstVisual.ts,78.64
src/chart/tree/treeVisual.ts,100.00
src/visual/commonVisualTypes.ts,82.86
src/visual/helper.ts,97.96
src/visual/style.ts,81.70
test/tree-image2.html,71.01
test/runTest/actions/bar-background.json,100.00
test/data/aqi/aqi-beijing.json,100.00
test/markLine-symbolRotate.html,55.82
test/line-crash.html,100.00
test/runTest/actions/line-crash.json,100.00
test/runTest/actions/pie-animation.json,50.00
test/runTest/actions/loading.json,100.00
test/pie-visual.html,100.00
test/calendar-timezone.html,99.43
test/runTest/actions/treemap-action.json,100.00
src/util/LabelManager.ts,100.00
test/animation-additive.html,100.00
test/label-overlap.html,100.00
test/lib/canteen.js,100.00
test/label-layout.html,89.63
test/clip-large1.html,98.40
src/util/styleCompat.ts,95.17
test/circle-packing-with-d3.compat.html,98.84
test/custom-text-content.html,99.92
.huskyrc,71.43
test/stream-basic1.html,98.83
test/stream-basic.css,100.00
test/stream-basic.js,99.00
test/stream-basic2.html,99.13
test/lines-grid-contains-rotated-label.html,100.00
test/pie-dataView.html,99.19
src/label/LabelManager.ts,95.40
src/label/labelGuideHelper.ts,99.19
src/chart/helper/multipleGraphEdgeHelper.js,99.49
test/graph-mulitple-edges.html,100.00
src/action/axisOrderChanged.ts,100.00
test/bar-race.html,66.89
src/action/changeAxisOrder.ts,100.00
test/tooltip-textStyle.html,99.13
test/custom-transition.html,99.94
build/dev-fast.js,71.35
test/labelLine.html,100.00
test/custom-transition-texture.js,100.00
src/label/labelLayoutHelper.ts,99.17
test/treemap-simple2.html,99.28
test/geo-labelFormatter.html,99.73
option.ts,100.00
src/coord/scaleRawExtentInfo.ts,94.52
src/coord/cartesian/defaultAxisExtentFromData.ts,97.40
test/axis-filter-extent.html,99.81
test/custom-transition2.html,99.71
test/pie-label-extreme.html,100.00
test/lines-mergeOption.html,99.04
test/tooltip-windowResize.html,90.12
test/bmap-mapOptions.html,99.81
test/pie-label-mobile.html,100.00
src/label/labelStyle.ts,80.77
src/util/states.ts,78.81
.gitattributes,100.00
test/option-replaceMerge.html,99.91
test/option-replaceMerge2.html,99.89
test/timeline-life.html,59.11
test/data/basicChartsOptions.js,83.20
test/hoverFocus.html,56.44
src/util/time.ts,57.89
test/dataZoom-feature.html,88.76
test/sunburst-itemStyle.html,100.00
src/model/internalComponentCreator.ts,96.15
test/hoverFocus2.html,77.62
test/dataSelect.html,100.00
src/action/createLegacyDataSelectAction.ts,100.00
src/util/log.ts,55.25
src/legacy/dataSelectAction.ts,96.18
test/new-tooltip.html,83.12
test/timeScale-formatter.html,99.74
src/legacy/getTextRect.ts,100.00
test/line-boldWhenHover.html,98.99
i18n/langEN.js,67.08
i18n/langZH.js,67.92
test/lang.html,58.77
extension-src/bmap/README.md,79.31
src/util/ecData.ts,94.59
build/release.js,96.67
build/build-i18n.js,54.81
i18n/langEN.json,100.00
i18n/langZH.json,100.00
build/transform-dev-babel-plugin.js,100.00
build/transform-dev-rollup-plugin.js,100.00
build/transform-dev.js,100.00
src/global.d.ts,100.00
i18n/langES.json,100.00
i18n/langFI.json,100.00
i18n/langTH.json,100.00
i18n/langEN-obj.js,49.62
i18n/langES-obj.js,29.58
i18n/langES.js,29.96
i18n/langFI-obj.js,30.34
i18n/langFI.js,30.74
i18n/langTH-obj.js,30.34
i18n/langTH.js,30.74
i18n/langZH-obj.js,49.81
src/i18n/langEN.ts,85.03
src/i18n/langES.ts,38.79
src/i18n/langFI.ts,40.25
src/i18n/langTH.ts,40.25
src/i18n/langZH.ts,97.18
src/locale.ts,100.00
i18n/langFR-obj.js,86.43
i18n/langFR.js,85.71
src/i18n/langFR.ts,76.34
src/component/transform.ts,89.29
src/component/transform/filterTransform.ts,96.72
src/component/transform/sortTransform.ts,100.00
src/data/helper/parseDataValue.ts,100.00
src/data/helper/sourceManager.ts,62.48
src/data/helper/transform.ts,98.26
src/util/conditionalExpression.ts,98.40
test/data-transform.html,99.82
extension-src/dataTool/boxplotTransform.ts,100.00
test/data-transform-external.html,100.00
test/data-transform-ecStat.html,99.28
test/lib/ecStat-1.1.1.min.js,100.00
test/lib/ecStatTransform.js,100.00
src/chart/boxplot/boxplotTransform.ts,100.00
src/chart/boxplot/prepareBoxplotData.ts,98.21
dist/echarts.common.js.map,39.39
dist/echarts.simple.js.map,39.39
test/bmap2.html,99.83
src/option.ts,98.96
src/data/helper/dataValueHelper.ts,93.38
test/ut/spec/data/dataValueHelper.test.js,100.00
test/ut/spec/model/timelineMediaOptions.test.js,100.00
src/component/tooltip/helper.ts,68.82
src/component/tooltip/seriesFormatTooltip.ts,94.48
src/component/tooltip/tooltipMarkup.ts,63.36
test/line-endLabel.html,83.42
test/custom-shape-morphing.html,99.29
test/data/usa.json,100.00
src/util/vendor.ts,100.00
src/util/decal.ts,88.62
test/decal.html,60.80
test/area-smooth.html,100.00
test/parallel-feature.html,99.48
i18n/langDE-obj.js,97.18
i18n/langDE.js,95.98
src/i18n/langDE.ts,86.59
test/data/large-data.json,100.00
test/sample-compare.html,52.97
src/util/innerStore.ts,44.58
test/custom-shape-morphing2.html,98.71
.asf.yaml,45.83
test/custom-shape-morphing3.html,59.21
test/lib/myTransform/aggregate.js,100.00
test/lib/myTransform/identifier.js,100.00
test/lib/transitionPlayer.js,100.00
test/lib/myTransform/id.js,100.00
.lgtm.yml,60.00
src/util/event.ts,100.00
test/runTest/actions/toolbox-stack-custom.json,100.00
test/toolbox-stack-custom.html,97.25
test/graph-multiple-edges.html,100.00
src/chart/helper/multipleGraphEdgeHelper.ts,100.00
test/gauge-distance.html,98.12
test/gauge-pointer.html,99.10
test/gauge-progress.html,99.73
test/pie-cornerRadius.html,82.25
test/gauge-group-title-detail.html,98.39
src/chart/helper/pieHelper.ts,67.80
test/runTest/actions/gauge-distance.json,100.00
test/runTest/actions/gauge-group-title-detail.json,100.00
test/runTest/actions/gauge-pointer.json,100.00
test/runTest/actions/gauge-progress.json,100.00
test/runTest/actions/gauge.json,100.00
test/ut/core/extendExpect.ts,60.00
test/ut/core/setup.ts,92.86
test/ut/core/utHelper.ts,91.38
test/ut/spec/api/containPixel.test.ts,100.00
test/ut/spec/api/converter.test.ts,100.00
test/ut/spec/api/getVisual.test.ts,100.00
test/ut/spec/component/dataZoom/helper.test.ts,100.00
test/ut/spec/component/graphic/setOption.test.ts,98.20
test/ut/spec/component/helper/sliderMove.test.ts,100.00
test/ut/spec/component/visualMap/setOption.test.ts,94.94
test/ut/spec/data/List.test.ts,100.00
test/ut/spec/data/completeDimensions.test.ts,100.00
test/ut/spec/data/dataValueHelper.test.ts,96.97
test/ut/spec/model/Component.test.ts,100.00
test/ut/spec/model/Global.test.ts,79.52
test/ut/spec/model/timelineMediaOptions.test.ts,59.42
test/ut/spec/scale/interval.test.ts,82.54
test/ut/spec/util/graphic.test.ts,98.04
test/ut/spec/util/layout.test.ts,92.86
test/ut/spec/util/model.test.ts,90.91
test/ut/spec/util/number.test.ts,99.72
test/ut/tsconfig.json,77.14
.eslintrc-common.yaml,93.59
test/pie-richText.html,100.00
src/model/mixin/palette.ts,91.98
src/component/aria.ts,91.67
src/echarts.all.ts,65.07
src/echarts.blank.ts,53.49
src/echarts.common.ts,72.97
src/echarts.simple.ts,66.32
src/visual/decal.ts,93.75
src/component/aria/preprocessor.ts,94.00
src/langJA.js,100.00
src/i18n/langJA.ts,85.00
test/lib/ecStat.min.js,100.00
test/tooltip-domnode.html,60.42
src/chart/helper/enableAriaDecalForTree.ts,50.00
i18n/langJA-obj.js,98.30
i18n/langJA.js,97.69
test/graphic-cases.html,50.75
test/browser-esm.html,100.00
test/runTest/actions/dataSelect.json,100.00
test/runTest/actions/decal.json,100.00
test/runTest/actions/hoverFocus.json,50.00
test/runTest/actions/hoverFocus2.json,50.00
test/runTest/actions/label-layout.json,66.67
test/runTest/actions/line-boldWhenHover.json,100.00
test/runTest/actions/pie-label-extreme.json,100.00
test/ut/spec/series/custom.test.ts,60.50
build/testDts.js,64.21
test/types/basic.ts,53.66
test/data/map/js/china.js,100.00
dist/echarts.esm.js,68.87
dist/echarts.esm.js.map,32.00
dist/echarts.esm.min.js,74.31
test/axis-customTicks.html,51.93
test/lines-extraneous.html,100.00
test/runTest/actions/lines-extraneous.json,100.00
test/lib/myTransform/dist/myTransform.js,100.00
test/lib/myTransform/dist/myTransform.js.map,100.00
test/lib/myTransform/src/.eslintrc.yaml,100.00
test/lib/myTransform/src/aggregate.ts,100.00
test/lib/myTransform/src/id.ts,100.00
test/lib/myTransform/src/index.ts,100.00
test/data-transform-aggregate.html,59.25
test/ie-svg-export.html,100.00
src/chart/bar/install.ts,97.62
src/chart/bar/installPictorialBar.ts,94.87
src/chart/boxplot/install.ts,97.06
src/chart/candlestick/install.ts,100.00
src/chart/custom/install.ts,99.71
src/chart/effectScatter/install.ts,100.00
src/chart/funnel/install.ts,100.00
src/chart/gauge/install.ts,100.00
src/chart/graph/install.ts,91.00
src/chart/heatmap/install.ts,100.00
src/chart/line/install.ts,39.81
src/chart/lines/install.ts,100.00
src/chart/map/install.ts,100.00
src/chart/parallel/install.ts,100.00
src/chart/pie/install.ts,87.50
src/chart/radar/install.ts,100.00
src/chart/sankey/install.ts,100.00
src/chart/scatter/install.ts,100.00
src/chart/sunburst/install.ts,100.00
src/chart/themeRiver/install.ts,100.00
src/chart/tree/install.ts,100.00
src/chart/treemap/install.ts,100.00
src/component/aria/install.ts,100.00
src/component/axisPointer/install.ts,100.00
src/component/brush/install.ts,94.79
src/component/calendar/install.ts,100.00
src/component/dataZoom/install.ts,100.00
src/component/dataZoom/installCommon.ts,100.00
src/component/dataZoom/installDataZoomInside.ts,100.00
src/component/dataZoom/installDataZoomSelect.ts,100.00
src/component/dataZoom/installDataZoomSlider.ts,100.00
src/component/geo/install.ts,86.79
src/component/graphic/install.ts,96.00
src/component/grid/install.ts,100.00
src/component/grid/installSimple.ts,100.00
src/component/legend/install.ts,100.00
src/component/legend/installLegendScroll.ts,100.00
src/component/marker/installMarkArea.ts,100.00
src/component/marker/installMarkLine.ts,100.00
src/component/marker/installMarkPoint.ts,100.00
src/component/parallel/ParallelView.ts,97.66
src/component/parallel/install.ts,100.00
src/component/polar/install.ts,100.00
src/component/radar/install.ts,53.70
src/component/singleAxis/install.ts,100.00
src/component/timeline/install.ts,100.00
src/component/title/install.ts,98.31
src/component/toolbox/install.ts,100.00
src/component/tooltip/install.ts,92.19
src/component/transform/install.ts,100.00
src/component/visualMap/install.ts,100.00
src/component/visualMap/installCommon.ts,100.00
src/component/visualMap/installVisualMapContinuous.ts,100.00
src/component/visualMap/installVisualMapPiecewise.ts,100.00
src/exportAPI.ts,100.00
src/extension.ts,100.00
src/importsAll.ts,100.00
build/template/charts.d.ts,100.00
build/template/charts.js,100.00
build/template/components.d.ts,100.00
build/template/components.js,100.00
build/template/core.d.ts,100.00
build/template/core.js,100.00
src/export/api.ts,95.19
src/export/charts.ts,98.82
src/export/components.ts,100.00
src/export/core.ts,86.18
test/types/importPartial.ts,75.64
build/template/renderers.d.ts,100.00
build/template/renderers.js,100.00
src/component/dataset/install.ts,100.00
src/export/renderers.ts,100.00
src/renderer/installCanvasRenderer.ts,100.00
src/renderer/installSVGRenderer.ts,100.00
test/label-animation.html,99.80
src/export/format.ts,100.00
src/export/graphic.ts,100.00
src/export/number.ts,100.00
src/export/option.ts,82.17
src/export/time.ts,100.00
src/export/util.ts,100.00
test/colorBy.html,100.00
test/runTest/actions/label-animation.json,100.00
test/runTest/actions/line-endLabel.json,100.00
build/template/option.d.ts,100.00
src/export/all.ts,96.00
src/export/api/format.ts,100.00
src/export/api/graphic.ts,100.00
src/export/api/number.ts,100.00
src/export/api/time.ts,100.00
src/component/legend/installLegendPlain.ts,100.00
src/component/legendPlain.ts,100.00
test/runTest/runtime/MockDate.js,100.00
test/heatmap-geo.html,87.60
src/core/CoordinateSystem.ts,66.67
src/core/ExtensionAPI.ts,100.00
src/core/Scheduler.ts,66.67
src/core/echarts.ts,91.17
src/core/locale.ts,83.33
src/core/task.ts,42.86
src/export/api/helper.ts,80.95
test/legend-feature.html,99.06
test/ut/spec/data/dataTransform.test.ts,95.36
test/bar-race2.html,99.31
test/lib/ecSimpleOptionPlayer.js,100.00
test/lib/ecSimpleTransform.js,100.00
src/chart/custom/CustomSeries.ts,99.36
src/chart/custom/CustomView.ts,95.29
src/chart/custom/prepare.ts,100.00
src/chart/custom/transitionHelper.ts,100.00
test/types/event.ts,61.22
test/gauge-case.html,38.66
src/chart/custom/dividePath.ts,100.00
test/treemap-colorBy.html,100.00
test/treemap-action.html,99.76
test/legend-style.html,85.64
test/toolbox-custom.html,98.90
src/coord/geo/GeoJSONResource.ts,98.95
src/coord/geo/GeoSVGResource.ts,99.43
test/line-non-continuous.html,98.68
test/geo-svg.html,98.86
src/i18n/langCS.ts,87.12
test/tooltip-component.html,99.82
test/runTest/actions/tooltip-component.json,100.00
src/component/legend/seriesLegendIcon.ts,100.00
test/geo-svg-demo.html,96.91
test/line-extraneous.html,100.00
test/runTest/actions/line-extraneous.json,100.00
test/resize-animation.html,100.00
test/runTest/actions/resize-animation.json,100.00
src/component/marker/checkMarkerInSeries.ts,100.00
test/ut/spec/model/componentDependency.test.ts,100.00
test/ut/index.d.ts,55.56
test/ut/spec/model/componentMissing.test.ts,87.80
test/data/svg/Beef_cuts_France.svg,100.00
test/data/svg/MacOdrum-LV5-floorplan-web.svg,100.00
test/data/svg/Map_of_Iceland.svg,100.00
test/data/svg/Sicily_prehellenic_topographic_map.svg,100.00
test/data/svg/Veins_Medical_Diagram_clip_art.svg,100.00
test/data/svg/ksia-ext-plan-min.svg,100.00
test/data/svg/seatmap-example.svg,100.00
test/data/svg/flight-seats.svg,100.00
test/geo-layout.html,99.71
test/runTest/actions/geo-svg-demo.json,100.00
test/runTest/actions/geo-svg.json,100.00
test/linear-gradient.html,99.74
test/timeline-event.html,99.11
i18n/langCS-obj.js,97.73
i18n/langCS.js,97.67
.github/workflows/ci.yml,49.52
.github/workflows/source-release.yml,60.19
build/source-release/prepareReleaseMaterials.js,88.83
build/source-release/template/announce-release.tpl,89.66
build/source-release/template/vote-release.tpl,88.89
test/check-build.html,100.00
.github/workflows/nightly.yml,68.63
build/prepareNightly.js,100.00
src/i18n/langSI.ts,87.12
test/tooltip-lag-glitch.html,100.00
i18n/langSI-obj.js,97.73
i18n/langSI.js,97.67
test/line-clip.html,100.00
test/lib/simpleRequire.js,100.00
test/runTest/runtime/ActionPlayback.js,96.00
test/runTest/runtime/timeline.js,100.00
test/runTest/package.json,69.23
test/runTest/task.js,100.00
test/tree-setoption-twice.html,100.00
test/custom-large.html,100.00
test/runTest/actions/custom-bmap-grid.json,100.00
test/runTest/actions/custom-large.json,100.00
test/treemap-setOption-twice.html,100.00
test/data/map/json/china-new.json,100.00
test/map-china.html,52.28
test/geo-label.html,100.00
test/geo-map-features.html,100.00
test/runTest/actions/geo-map-features.json,100.00
test/axis-filter-extent2.html,79.40
test/covid-america.html,100.00
test/custom-transition-ecStat.html,100.00
test/parallel-large.html,100.00
test/setOption.html,77.94
test/shape-custom.html,100.00
test/splitLine.html,77.70
test/tooltip-appendToBody.html,100.00
test/visualMap-on-data.html,100.00
test/runTest/actions/setOption.json,50.00
test/runTest/actions/lines-bus.json,100.00
src/animation/basicTrasition.ts,100.00
src/animation/morphTransitionHelper.ts,98.41
test/runTest/actions/custom-shape-morphing.json,100.00
src/animation/universalTransition.ts,86.53
build/template/features.d.ts,100.00
build/template/features.js,100.00
src/export/features.ts,100.00
test/universalTransition.html,100.00
test/pictorial-zero-value.html,57.00
test/universalTransition2.html,98.17
src/core/lifecycle.ts,100.00
src/label/installLabelLayout.ts,57.45
test/pie-minus-value.html,100.00
src/processor/negativeDataFilter.ts,95.92
test/pie-negative-value.html,100.00
test/emphasis-inherit.html,100.00
test/runTest/actions/emphasis-inherit.json,100.00
src/label/calculateTextPosition.ts,100.00
test/bar-polar-label.html,97.35
test/universalTransition3.html,100.00
test/runTest/actions/universalTransition.json,100.00
test/runTest/actions/universalTransition2.json,66.67
test/runTest/actions/universalTransition3.json,100.00
test/sankey-series-nodes.html,100.00
test/runTest/actions/bar-race2.json,100.00
src/label/sectorLabel.ts,82.51
test/line-hightlight-multiple-series.html,100.00
test/pie-label-rotate.html,100.00
test/treemap-setOption-twice-noAnimation.html,100.00
test/dataset-performance.html,94.67
src/chart/helper/createSeriesDataFromArray.ts,100.00
src/chart/helper/createSeriesDataSimply.ts,50.00
src/data/DataStorage.ts,93.47
src/data/SeriesData.ts,80.16
src/data/helper/linkSeriesData.ts,100.00
test/ut/spec/data/SeriesData.test.ts,87.40
test/ut/spec/data/createDimensions.test.ts,53.85
test/runTest/actions/geo-update.json,100.00
test/candlestick-case.html,88.07
test/runTest/actions/candlestick-case.json,50.00
test/line-case.html,94.80
src/chart/helper/createSeriesData.ts,53.75
src/data/SeriesDimensionDefine.ts,85.00
test/dataset-case.html,81.06
test/graph-draggable.html,100.00
src/data/helper/SeriesDimensionRequest.ts,100.00
test/runTest/actions/dataset-case.json,100.00
src/data/helper/SeriesDataSchema.ts,96.49
src/data/DataStore.ts,42.86
.github/workflows/nightly-next.yml,70.37
.github/workflows/stale.yml,87.50
test/marker-case.html,51.39
test/line-visual2.html,100.00
test/runTest/actions/line-visual2.json,100.00
test/runTest/actions/bar-polar-clockwise.json,100.00
src/i18n/langPT-br.ts,81.32
test/line-animation-update.html,100.00
test/runTest/actions/line-animation-update.json,100.00
i18n/langPT-br-obj.js,92.06
i18n/langPT-br.js,91.89
test/node/ssr.js,95.12
test/polyline-gon-event.html,100.00
src/i18n/langRU.ts,97.95
src/i18n/langPL.ts,87.65
i18n/langPL-obj.js,98.30
i18n/langPL.js,98.26
i18n/langRU-obj.js,98.31
i18n/langRU.js,98.27
test/pictorial-zero-value-offset.html,100.00
src/i18n/langRO.ts,87.65
src/component/graphic/GraphicModel.ts,98.28
src/component/graphic/GraphicView.ts,93.67
src/animation/customGraphicTransitionHelper.ts,100.00
test/graphic-transition.html,100.00
src/animation/customGraphicTransition.ts,98.73
src/animation/customGraphicKeyframeAnimation.ts,98.60
test/graphic-animation.html,100.00
test/pie-label-alignTo.html,100.00
test/pie-label-alignTo-adjust.html,100.00
test/graphic-animation-wave.html,100.00
.github/ISSUE_TEMPLATE/bug_report.yml,88.71
.github/ISSUE_TEMPLATE/config.yml,100.00
.github/ISSUE_TEMPLATE/feature_request.yml,92.16
test/lines-graph.html,100.00
src/i18n/langIT.ts,87.12
test/custom-animation.html,100.00
test/runTest/actions/graphic-animation-wave.json,100.00
test/runTest/actions/graphic-animation.json,100.00
test/runTest/actions/graphic-transition.json,100.00
test/ssr-animaiton-wave.html,100.00
test/browser-esm-partial.html,100.00
test/browser-esm-partial2.html,100.00
test/browser-esm2.html,100.00
test/auto-align.html,100.00
test/axis-align-ticks-random.html,100.00
test/axis-align-ticks.html,100.00
test/runTest/actions/axis-align-ticks.json,100.00
src/coord/axisAlignTicks.ts,86.71
test/runTest/actions/pie-cornerRadius.json,100.00
test/graph-edge-highlight.html,100.00
test/tooltip-valueFormatter.html,87.90
test/runTest/actions/tooltip-valueFormatter.json,100.00
test/bar-tooltip-performance.html,100.00
test/runTest/actions/line-case.json,50.00
test/pie-case.html,100.00
src/core/impl.ts,95.83
test/tooltip-multiple.html,100.00
test/geojson-test.html,100.00
test/map-projection.html,97.96
test/map-projection-d3.html,99.63
test/map-projection-animation.html,99.16
test/data/map/cli.js,100.00
test/data/map/decode.js,100.00
test/data/map/encode.js,100.00
test/emphasis-disabled.html,100.00
test/runTest/actions/emphasis-disabled.json,100.00
test/graph-case.html,78.37
test/runTest/actions/heatmap-gap-bug.json,100.00
i18n/langIT-obj.js,98.30
i18n/langIT.js,98.26
i18n/langRO-obj.js,98.30
i18n/langRO.js,98.26
test/line-sampling.html,73.54
test/runTest/actions/line-sampling.json,100.00
test/heatmap-borderRadius.html,100.00
test/line-step.html,51.16
test/sunburst-label.html,50.40
src/i18n/langKO.ts,87.65
i18n/langKO-obj.js,100.00
i18n/langKO.js,100.00
build/source-release/template/vote-result.tpl,100.00
test/area-origin.html,100.00
test/runTest/actions/splitLine.json,100.00
test/tree-radial1.html,100.00
test/runTest/actions/marker-case.json,100.00
test/runTest/actions/graphic-cases.json,100.00
test/bar-startValue.html,100.00
test/bar-markArea.html,55.96
test/aria-target-size.html,100.00
test/pointer-size.html,100.00
test/pie-coordinate-system.html,96.93
test/runTest/actions/tree-polyline.json,100.00
src/animation/basicTransition.ts,100.00
src/i18n/langUA.ts,100.00
test/custom-update.html,100.00
test/runTest/actions/custom-update.json,100.00
test/coarse-pointer.html,100.00
test/runTest/actions/coarse-pointer.json,100.00
test/runTest/actions/pie-label.json,100.00
test/runTest/actions/symbol.json,100.00
test/gesture.html,100.00
test/pie-percent.html,62.78
test/line-visual-polar.html,100.00
i18n/langUA-obj.js,100.00
i18n/langUA.js,100.00
test/runTest/actions/timeline-case.json,100.00
test/timeline-case.html,100.00
test/runTest/actions/pie-percent.json,100.00
build/nightly/post.js,100.00
build/nightly/prepare.js,100.00
src/i18n/langUK.ts,100.00
i18n/langUK-obj.js,100.00
i18n/langUK.js,75.00
test/runTest/actions/tooltip-domnode.json,100.00
src/i18n/langHU.ts,87.65
i18n/langHU-obj.js,98.30
i18n/langHU.js,98.26
test/bar-polar-borderRadius.html,100.00
src/chart/helper/sectorHelper.ts,100.00
test/bar-polar-animation.html,100.00
test/runTest/actions/bar-polar-animation.json,100.00
src/i18n/langTR.ts,87.65
test/runTest/actions/svg-ssr.json,100.00
test/svg-ssr.html,100.00
test/tooltip-alwaysShowContent.html,100.00
src/i18n/langVI.ts,97.66
test/treemap-scaleLimit.html,93.78
test/sankey-emphasis.html,100.00
i18n/langTR-obj.js,98.30
i18n/langTR.js,98.26
i18n/langVI-obj.js,98.51
i18n/langVI.js,98.48
test/ssr.html,95.03
test/sankey-labelValue.html,82.35
test/lines-symbolSize-update.html,100.00
test/runTest/actions/lines-symbolSize-update.json,100.00
test/emphasis-self.html,100.00
test/runTest/actions/emphasis-self.json,100.00
test/label-ellipsis.html,100.00
test/ut/spec/util/time.test.ts,89.73
test/runTest/actions/graph-case.json,100.00
test/runTest/package-lock.json,99.91
.husky/pre-commit,100.00
test/runTest/.eslintrc.yaml,100.00
build/build-ssr-client.js,100.00
ssr/client/src/index.ts,60.32
test/runTest/actions/sunburst-label-rotate.json,100.00
test/sunburst-label-rotate.html,100.00
ssr/client/dist/index.js,76.03
ssr/client/dist/index.js.map,50.00
test/pie-endAngle.html,96.23
test/runTest/actions/pie-endAngle.json,66.67
.github/workflows/pr-preview.yml,96.39
.github/workflows/teardown-pr-preview.yml,100.00
test/runTest/actions/sankey-emphasis-lineStyle.json,100.00
test/sankey-emphasis-lineStyle.html,100.00
test/clip2.html,100.00
test/runTest/actions/clip2.json,100.00
test/runTest/actions/tooltip-opacity.json,100.00
test/tooltip-opacity.html,100.00
test/sunburst-label-align.html,96.92
test/dataset-source-two-typed-array.html,100.00
test/tooltip-appendTo.html,100.00
test/pie-pad-angle.html,100.00
test/polar-end-angle.html,100.00
test/runTest/actions/visualMap-multi-continuous.json,100.00
test/visualMap-multi-continuous.html,100.00
test/clip-line-cap.html,100.00
src/i18n/langAR.ts,97.97
test/axis-align-lastLabel.html,100.00
test/roseType-labeline.html,100.00
test/runTest/actions/roseType-labeline.json,100.00
src/i18n/langNL.ts,100.00
test/manual-svg-color-bug-202311.html,100.00
.github/workflows/.scripts/update-notice-year.js,100.00
.github/workflows/update-notice-year.yml,100.00
dist/package.json,100.00
i18n/package.json,100.00
ssr/client/dist/package.json,100.00
test/package.json,100.00
theme/package.json,100.00
test/universalTransition-multiLevelDrillDown.html,100.00
build/template/ssr/client/index.d.ts,100.00
build/template/ssr/client/index.js,100.00
ssr/client/src/.eslintrc.yaml,100.00
package.README.md,100.00
i18n/langAR-obj.js,100.00
i18n/langAR.js,100.00
i18n/langNL-obj.js,100.00
i18n/langNL.js,100.00
.github/workflows/source-release-debug.yml,100.00
dist/echarts.esm.min.mjs,90.00
dist/echarts.esm.mjs,94.42
dist/echarts.esm.mjs.map,50.00
test/sankey-borderRadius.html,100.00
test/runTest/actions/treemap-scaleLimit.json,100.00
test/dataZoom-handleLabelShow.html,100.00
test/clip-custom.html,100.00
test/axis-splitLine.html,100.00
test/legend-action.html,100.00
test/runTest/actions/legend-action.json,100.00
test/treemap-cursor.html,100.00
test/ut/spec/series/aria-columns-exclude.test.ts,85.96
src/i18n/langSV.ts,99.31
src/i18n/langFA.ts,100.00
test/boxplot-category.html,100.00
test/tooltip-textStyle-lineHeight.html,100.00
test/sunburst-emphasis-focus.html,100.00
test/candlestick-large-bar-border-color,100.00
bar-large-border-fill.html,100.00
test/bar-large-border-fill.html,100.00
test/visualMap-selectMode.html,91.14
test/runTest/actions/visualMap-selectMode.json,100.00
test/data/map/js/china-map.js,60.61
i18n/langFA-obj.js,100.00
i18n/langFA.js,100.00
i18n/langSV-obj.js,100.00
i18n/langSV.js,100.00
.github/workflows/.scripts/package.json,100.00
test/runTest/actions/series-omitUnusedDimensions.json,100.00
test/series-omitUnusedDimensions.html,100.00
test/calendar-heatmap2.html,100.00
src/i18n/langnb-NO.ts,100.00
test/marker-z2.html,100.00
