author,timestamp,file
Thomas Wiecki,2015-07-29 13:51:10+02:00,.gitignore
Thomas Wiecki,2015-07-29 13:51:10+02:00,LICENSE
Thomas Wiecki,2015-07-29 13:51:10+02:00,README.md
Thomas Wiecki,2015-07-29 13:59:24+02:00,mcmcplotlib/__init__.py
Thomas Wiecki,2015-07-29 13:59:24+02:00,mcmcplotlib/plots.py
aloctavodia,2015-07-29 09:56:07-03:00,plots.py
aloctavodia,2015-07-29 09:56:07-03:00,stats.py
aloctavodia,2015-07-29 09:59:15-03:00,mcmcplotlib/plots.py
aloctavodia,2015-07-29 09:59:15-03:00,mcmcplotlib/stats.py
aloctavodia,2015-07-29 09:59:15-03:00,plots.py
aloctavodia,2015-07-29 13:56:16-03:00,mcmcplotlib/hpd.py
aloctavodia,2015-07-29 13:56:16-03:00,mcmcplotlib/plot_post.py
aloctavodia,2015-08-04 16:57:48-03:00,mcmcplotlib/plot_post.py
aloctavodia,2015-10-05 12:48:15+02:00,mcmcplotlib/plot_post.py
aloctavodia,2015-10-13 16:13:46+02:00,mcmcplotlib/hdi.py
aloctavodia,2015-10-13 16:13:46+02:00,mcmcplotlib/hpd.py
aloctavodia,2015-10-13 16:13:46+02:00,mcmcplotlib/plot_post.py
aloctavodia,2015-10-13 16:24:37+02:00,mcmcplotlib/plot_post.py
aloctavodia,2015-10-14 10:31:08+02:00,mcmcplotlib/hdi.py
aloctavodia,2015-10-16 08:48:18+02:00,mcmcplotlib/hdi.py
aloctavodia,2015-10-16 08:48:18+02:00,mcmcplotlib/plot_post.py
aloctavodia,2016-05-03 10:52:51-03:00,mcmcplotlib/hdi.py
aloctavodia,2016-05-03 10:52:51-03:00,mcmcplotlib/hpd.py
aloctavodia,2016-05-03 10:52:51-03:00,mcmcplotlib/plot_post.py
aloctavodia,2016-05-03 10:54:49-03:00,mcmcplotlib/plots.py
aloctavodia,2016-05-03 13:09:34-03:00,mcmcplotlib/plots.py
Volodymyr Kazantsev,2016-05-16 21:54:37+01:00,.gitignore
Volodymyr Kazantsev,2016-05-16 21:54:37+01:00,setup.py
Volodymyr Kazantsev,2016-05-16 22:18:50+01:00,setupegg.py
Volodymyr,2016-05-17 16:58:29+01:00,setup.py
Volodymyrk,2016-05-17 17:04:24+01:00,setupegg.py
Volodymyr,2016-05-17 17:07:07+01:00,README.md
Volodymyrk,2016-05-19 14:19:21+01:00,setup.py
Volodymyrk,2016-05-19 14:20:28+01:00,setup.py
Volodymyr,2016-05-19 14:27:53+01:00,README.md
Ari Hartikainen,2017-01-07 00:46:23+02:00,mcmcplotlib/hpd.py
Ari Hartikainen,2017-01-07 00:46:23+02:00,mcmcplotlib/plot_post.py
Ari Hartikainen,2017-01-07 01:06:37+02:00,mcmcplotlib/plot_post.py
Ari Hartikainen,2017-01-07 01:11:37+02:00,mcmcplotlib/plot_post.py
Ari Hartikainen,2017-01-07 01:14:21+02:00,mcmcplotlib/plot_post.py
Ari Hartikainen,2017-03-18 00:08:06+02:00,mcmcplotlib/plot_post.py
Ari Hartikainen,2017-03-18 00:16:39+02:00,mcmcplotlib/plot_post.py
Ari Hartikainen,2017-03-18 00:43:23+02:00,mcmcplotlib/plot_post.py
Ari Hartikainen,2017-03-18 00:44:17+02:00,mcmcplotlib/plots.py
aloctavodia,2017-03-18 11:06:22-03:00,mcmcplotlib/artists.py
aloctavodia,2017-03-18 11:06:22-03:00,mcmcplotlib/autocorrplot.py
aloctavodia,2017-03-18 11:06:22-03:00,mcmcplotlib/compareplot.py
aloctavodia,2017-03-18 11:06:22-03:00,mcmcplotlib/diagnostics.py
aloctavodia,2017-03-18 11:06:22-03:00,mcmcplotlib/forestplot.py
aloctavodia,2017-03-18 11:06:22-03:00,mcmcplotlib/kdeplot.py
aloctavodia,2017-03-18 11:06:22-03:00,mcmcplotlib/plot_post.py
aloctavodia,2017-03-18 11:06:22-03:00,mcmcplotlib/plots.py
aloctavodia,2017-03-18 11:06:22-03:00,mcmcplotlib/posteriorplot.py
aloctavodia,2017-03-18 11:06:22-03:00,mcmcplotlib/stats.py
aloctavodia,2017-03-18 11:06:22-03:00,mcmcplotlib/traceplot.py
aloctavodia,2017-03-18 11:06:22-03:00,mcmcplotlib/utils.py
aloctavodia,2018-03-06 12:32:16-03:00,mcmcplotlib/__init__.py
aloctavodia,2018-03-06 12:32:16-03:00,mcmcplotlib/artists.py
aloctavodia,2018-03-06 12:32:16-03:00,mcmcplotlib/autocorrplot.py
aloctavodia,2018-03-06 12:32:16-03:00,mcmcplotlib/compareplot.py
aloctavodia,2018-03-06 12:32:16-03:00,mcmcplotlib/diagnostics.py
aloctavodia,2018-03-06 12:32:16-03:00,mcmcplotlib/forestplot.py
aloctavodia,2018-03-06 12:32:16-03:00,mcmcplotlib/hpd.py
aloctavodia,2018-03-06 12:32:16-03:00,mcmcplotlib/kdeplot.py
aloctavodia,2018-03-06 12:32:16-03:00,mcmcplotlib/plots/__init__.py
aloctavodia,2018-03-06 12:32:16-03:00,mcmcplotlib/plots/densityplot.py
aloctavodia,2018-03-06 12:32:16-03:00,mcmcplotlib/plots/kdeplot.py
aloctavodia,2018-03-06 12:32:16-03:00,mcmcplotlib/posteriorplot.py
aloctavodia,2018-03-06 12:32:16-03:00,mcmcplotlib/stats.py
aloctavodia,2018-03-06 12:32:16-03:00,mcmcplotlib/stats/__init__.py
aloctavodia,2018-03-06 12:32:16-03:00,mcmcplotlib/stats/stats.py
aloctavodia,2018-03-06 12:32:16-03:00,mcmcplotlib/traceplot.py
aloctavodia,2018-03-06 12:32:16-03:00,mcmcplotlib/utils.py
aloctavodia,2018-03-06 12:32:16-03:00,setup.py
aloctavodia,2018-03-07 09:03:12-03:00,.travis.yml
aloctavodia,2018-03-07 09:03:12-03:00,README.md
aloctavodia,2018-03-07 09:03:12-03:00,mcmcplotlib/stats/stats.py
aloctavodia,2018-03-07 09:03:12-03:00,mcmcplotlib/tests/__init__.py
aloctavodia,2018-03-07 09:03:12-03:00,mcmcplotlib/tests/test_plots.py
aloctavodia,2018-03-07 09:03:12-03:00,mcmcplotlib/tests/test_stats.py
aloctavodia,2018-03-07 09:19:08-03:00,mcmcplotlib/tests/test_plots.py
aloctavodia,2018-03-07 10:08:39-03:00,mcmcplotlib/tests/test_plots.py
aloctavodia,2018-03-07 10:57:32-03:00,mcmcplotlib/plots/__init__.py
aloctavodia,2018-03-07 10:57:32-03:00,mcmcplotlib/plots/artists.py
aloctavodia,2018-03-07 10:57:32-03:00,mcmcplotlib/plots/plot_utils.py
aloctavodia,2018-03-07 10:57:32-03:00,mcmcplotlib/plots/traceplot.py
aloctavodia,2018-03-07 10:57:32-03:00,mcmcplotlib/utils/utils.py
aloctavodia,2018-03-07 14:16:25-03:00,.travis.yml
aloctavodia,2018-03-07 14:16:25-03:00,mcmcplotlib/tests/test_plots.py
Osvaldo Martin,2018-03-07 16:10:57-03:00,mcmcplotlib/plots/artists.py
Osvaldo Martin,2018-03-07 16:10:57-03:00,mcmcplotlib/plots/densityplot.py
Osvaldo Martin,2018-03-07 16:10:57-03:00,mcmcplotlib/plots/traceplot.py
Osvaldo Martin,2018-03-07 16:10:57-03:00,mcmcplotlib/tests/test_plots.py
Osvaldo Martin,2018-03-07 16:10:57-03:00,mcmcplotlib/utils/utils.py
Osvaldo Martin,2018-03-08 12:11:11-03:00,mcmcplotlib/plots/__init__.py
Osvaldo Martin,2018-03-08 12:11:11-03:00,mcmcplotlib/plots/energyplot.py
Osvaldo Martin,2018-03-08 12:11:11-03:00,mcmcplotlib/tests/test_plots.py
Osvaldo Martin,2018-03-08 12:11:11-03:00,mcmcplotlib/utils/utils.py
Osvaldo Martin,2018-03-08 16:03:53-03:00,mcmcplotlib/plots/__init__.py
Osvaldo Martin,2018-03-08 16:03:53-03:00,mcmcplotlib/plots/artists.py
Osvaldo Martin,2018-03-08 16:03:53-03:00,mcmcplotlib/plots/densityplot.py
Osvaldo Martin,2018-03-08 16:03:53-03:00,mcmcplotlib/plots/energyplot.py
Osvaldo Martin,2018-03-08 16:03:53-03:00,mcmcplotlib/plots/posteriorplot.py
Osvaldo Martin,2018-03-08 16:03:53-03:00,mcmcplotlib/plots/traceplot.py
Osvaldo Martin,2018-03-08 16:03:53-03:00,mcmcplotlib/tests/test_plots.py
Osvaldo Martin,2018-03-08 16:03:53-03:00,mcmcplotlib/utils/__init__.py
Osvaldo Martin,2018-03-09 15:38:24-03:00,mcmcplotlib/stats/__init__.py
Osvaldo Martin,2018-03-09 15:38:24-03:00,mcmcplotlib/stats/stats.py
Osvaldo Martin,2018-03-09 15:38:24-03:00,mcmcplotlib/utils/utils.py
Osvaldo Martin,2018-03-10 19:49:39-03:00,mcmcplotlib/stats/__init__.py
Osvaldo Martin,2018-03-10 19:49:39-03:00,mcmcplotlib/stats/diagnostics.py
Osvaldo Martin,2018-03-10 19:49:39-03:00,mcmcplotlib/stats/stats.py
Osvaldo Martin,2018-03-11 18:36:11-03:00,mcmcplotlib/plots/__init__.py
Osvaldo Martin,2018-03-11 18:36:11-03:00,mcmcplotlib/plots/autocorrplot.py
Osvaldo Martin,2018-03-11 18:36:11-03:00,mcmcplotlib/plots/traceplot.py
Osvaldo Martin,2018-03-11 18:36:11-03:00,mcmcplotlib/tests/test_plots.py
Osvaldo Martin,2018-03-11 18:36:11-03:00,mcmcplotlib/utils/__init__.py
Osvaldo Martin,2018-03-11 18:36:11-03:00,mcmcplotlib/utils/utils.py
Osvaldo Martin,2018-03-14 17:16:13-03:00,mcmcplotlib/plots/__init__.py
Osvaldo Martin,2018-03-14 17:16:13-03:00,mcmcplotlib/plots/forestplot.py
Osvaldo Martin,2018-03-14 17:16:13-03:00,mcmcplotlib/stats/diagnostics.py
Osvaldo Martin,2018-03-14 17:16:13-03:00,mcmcplotlib/stats/stats.py
Osvaldo Martin,2018-03-14 17:16:13-03:00,mcmcplotlib/tests/test_plots.py
Osvaldo Martin,2018-03-14 17:16:13-03:00,mcmcplotlib/utils/utils.py
Osvaldo Martin,2018-03-15 08:00:20-03:00,mcmcplotlib/plots/densityplot.py
Osvaldo Martin,2018-03-15 08:00:20-03:00,mcmcplotlib/plots/forestplot.py
Osvaldo Martin,2018-03-15 15:50:42-03:00,mcmcplotlib/plots/posteriorplot.py
Osvaldo Martin,2018-03-15 15:50:42-03:00,mcmcplotlib/plots/traceplot.py
Osvaldo Martin,2018-03-15 15:50:42-03:00,mcmcplotlib/stats/__init__.py
Osvaldo Martin,2018-03-15 15:50:42-03:00,mcmcplotlib/stats/diagnostics.py
Osvaldo Martin,2018-03-15 15:50:42-03:00,mcmcplotlib/stats/stats.py
Osvaldo Martin,2018-03-15 15:50:42-03:00,mcmcplotlib/tests/test_stats.py
Osvaldo Martin,2018-03-15 15:50:42-03:00,mcmcplotlib/utils/__init__.py
Osvaldo Martin,2018-03-17 12:27:32-03:00,mcmcplotlib/stats/__init__.py
Osvaldo Martin,2018-03-17 12:27:32-03:00,mcmcplotlib/stats/stats.py
Osvaldo Martin,2018-03-19 11:43:06-03:00,mcmcplotlib/plots/traceplot.py
Osvaldo Martin,2018-03-19 11:43:06-03:00,mcmcplotlib/stats/__init__.py
Osvaldo Martin,2018-03-19 11:43:06-03:00,mcmcplotlib/stats/stats.py
Osvaldo Martin,2018-03-19 11:43:06-03:00,mcmcplotlib/utils/__init__.py
Osvaldo Martin,2018-03-19 11:43:06-03:00,mcmcplotlib/utils/utils.py
Osvaldo Martin,2018-03-19 16:54:10-03:00,mcmcplotlib/plots/__init__.py
Osvaldo Martin,2018-03-19 16:54:10-03:00,mcmcplotlib/plots/compareplot.py
Osvaldo Martin,2018-03-19 16:54:10-03:00,mcmcplotlib/stats/__init__.py
Osvaldo Martin,2018-03-19 16:54:10-03:00,mcmcplotlib/stats/stats.py
Osvaldo Martin,2018-03-20 13:00:48-03:00,mcmcplotlib/tests/test_diagnostics.py
Osvaldo Martin,2018-03-20 13:00:48-03:00,mcmcplotlib/tests/test_stats.py
Osvaldo Martin,2018-03-21 12:30:47-03:00,.travis.yml
Osvaldo Martin,2018-03-21 12:30:47-03:00,mcmcplotlib/tests/test_stats.py
Osvaldo Martin,2018-03-23 07:37:49-03:00,arviz/__init__.py
Osvaldo Martin,2018-03-23 07:37:49-03:00,arviz/plots/__init__.py
Osvaldo Martin,2018-03-23 07:37:49-03:00,arviz/plots/autocorrplot.py
Osvaldo Martin,2018-03-23 07:37:49-03:00,arviz/plots/compareplot.py
Osvaldo Martin,2018-03-23 07:37:49-03:00,arviz/plots/densityplot.py
Osvaldo Martin,2018-03-23 07:37:49-03:00,arviz/plots/energyplot.py
Osvaldo Martin,2018-03-23 07:37:49-03:00,arviz/plots/forestplot.py
Osvaldo Martin,2018-03-23 07:37:49-03:00,arviz/plots/kdeplot.py
Osvaldo Martin,2018-03-23 07:37:49-03:00,arviz/plots/plot_utils.py
Osvaldo Martin,2018-03-23 07:37:49-03:00,arviz/plots/posteriorplot.py
Osvaldo Martin,2018-03-23 07:37:49-03:00,arviz/plots/traceplot.py
Osvaldo Martin,2018-03-23 07:37:49-03:00,arviz/stats/__init__.py
Osvaldo Martin,2018-03-23 07:37:49-03:00,arviz/stats/diagnostics.py
Osvaldo Martin,2018-03-23 07:37:49-03:00,arviz/stats/stats.py
Osvaldo Martin,2018-03-23 07:37:49-03:00,arviz/tests/__init__.py
Osvaldo Martin,2018-03-23 07:37:49-03:00,arviz/tests/test_diagnostics.py
Osvaldo Martin,2018-03-23 07:37:49-03:00,arviz/tests/test_plots.py
Osvaldo Martin,2018-03-23 07:37:49-03:00,arviz/tests/test_stats.py
Osvaldo Martin,2018-03-23 07:37:49-03:00,arviz/utils/__init__.py
Osvaldo Martin,2018-03-23 07:37:49-03:00,arviz/utils/utils.py
Osvaldo Martin,2018-03-23 07:41:02-03:00,README.md
Osvaldo Martin,2018-03-23 10:03:34-03:00,setup.py
Osvaldo Martin,2018-03-23 16:21:38-03:00,arviz/plots/compareplot.py
Osvaldo Martin,2018-03-23 16:21:38-03:00,arviz/plots/densityplot.py
Osvaldo Martin,2018-03-23 16:21:38-03:00,arviz/plots/forestplot.py
Osvaldo Martin,2018-03-23 16:21:38-03:00,arviz/plots/posteriorplot.py
Osvaldo Martin,2018-03-25 10:11:40-03:00,README.md
Osvaldo Martin,2018-03-25 12:06:14-03:00,arviz/tests/test_utils.py
Osvaldo Martin,2018-03-28 09:44:12-03:00,README.md
Osvaldo Martin,2018-03-28 21:26:36-03:00,arviz/plots/kdeplot.py
Osvaldo Martin,2018-03-28 21:26:36-03:00,arviz/plots/posteriorplot.py
Osvaldo Martin,2018-03-28 21:26:36-03:00,arviz/plots/traceplot.py
Osvaldo Martin,2018-04-03 15:57:08-03:00,setup.py
Osvaldo Martin,2018-04-05 16:04:58-03:00,arviz/plots/__init__.py
Osvaldo Martin,2018-04-05 16:04:58-03:00,arviz/plots/energyplot.py
Osvaldo Martin,2018-04-05 16:04:58-03:00,arviz/plots/parallelplot.py
Osvaldo Martin,2018-04-05 16:04:58-03:00,arviz/plots/posteriorplot.py
Osvaldo Martin,2018-04-05 16:04:58-03:00,arviz/tests/test_plots.py
Osvaldo Martin,2018-04-07 10:23:57-03:00,arviz/stats/stats.py
Osvaldo Martin,2018-04-08 10:16:33-03:00,arviz/plots/densityplot.py
Osvaldo Martin,2018-04-08 10:16:33-03:00,arviz/plots/posteriorplot.py
Osvaldo Martin,2018-04-08 10:16:33-03:00,arviz/plots/traceplot.py
Osvaldo Martin,2018-04-12 13:47:06-03:00,.gitignore
Osvaldo Martin,2018-04-12 13:47:06-03:00,.travis.yml
Osvaldo Martin,2018-04-12 13:47:06-03:00,doc/source/Makefile
Osvaldo Martin,2018-04-12 13:47:06-03:00,doc/source/about.rst
Osvaldo Martin,2018-04-12 13:47:06-03:00,doc/source/api.rst
Osvaldo Martin,2018-04-12 13:47:06-03:00,doc/source/api/plots.rst
Osvaldo Martin,2018-04-12 13:47:06-03:00,doc/source/api/stats.rst
Osvaldo Martin,2018-04-12 13:47:06-03:00,doc/source/api/utils.rst
Osvaldo Martin,2018-04-12 13:47:06-03:00,doc/source/conf.py
Osvaldo Martin,2018-04-12 13:47:06-03:00,doc/source/index.rst
Osvaldo Martin,2018-04-12 13:47:06-03:00,doc/source/installation.rst
Osvaldo Martin,2018-04-12 13:47:06-03:00,doc/source/logo_placeholder.png
Osvaldo Martin,2018-04-12 15:04:36-03:00,.gitignore
Osvaldo Martin,2018-04-12 15:04:36-03:00,README.md
Osvaldo Martin,2018-04-12 20:24:14-03:00,doc/source/conf.py
Osvaldo Martin,2018-04-12 22:29:54-03:00,README.md
Osvaldo Martin,2018-04-13 16:00:09-03:00,.travis.yml
Osvaldo Martin,2018-04-13 16:00:09-03:00,arviz/plots/autocorrplot.py
Osvaldo Martin,2018-04-13 16:00:09-03:00,arviz/plots/compareplot.py
Osvaldo Martin,2018-04-13 16:00:09-03:00,arviz/plots/forestplot.py
Osvaldo Martin,2018-04-13 16:00:09-03:00,arviz/stats/diagnostics.py
Osvaldo Martin,2018-04-13 16:00:09-03:00,arviz/stats/stats.py
Osvaldo Martin,2018-04-13 16:00:09-03:00,doc/source/_static/.gitignore
Osvaldo Martin,2018-04-13 16:00:09-03:00,doc/source/conf.py
Osvaldo Martin,2018-04-15 11:42:20-03:00,doc/source/_static/custom.css
Osvaldo Martin,2018-04-15 11:42:20-03:00,doc/source/_static/favicon.ico
Osvaldo Martin,2018-04-15 11:42:20-03:00,doc/source/_static/logo.png
Osvaldo Martin,2018-04-15 11:42:20-03:00,doc/source/conf.py
Osvaldo Martin,2018-04-15 11:42:20-03:00,doc/source/index.rst
Osvaldo Martin,2018-04-15 11:58:07-03:00,.travis.yml
Osvaldo Martin,2018-04-15 15:32:52-03:00,doc/source/_static/favicon.ico
Osvaldo Martin,2018-04-16 09:47:44-03:00,arviz/plots/posteriorplot.py
Osvaldo Martin,2018-04-22 21:01:07-03:00,arviz/__init__.py
Osvaldo Martin,2018-04-22 21:01:07-03:00,arviz/plots/styles/arviz-darkgrid.mplstyle
Osvaldo Martin,2018-04-22 21:01:07-03:00,arviz/plots/traceplot.py
Osvaldo Martin,2018-04-22 21:01:07-03:00,setup.py
Osvaldo Martin,2018-04-25 12:37:05-03:00,arviz/plots/styles/arviz-darkgrid.mplstyle
Osvaldo Martin,2018-04-25 12:37:05-03:00,arviz/plots/styles/arviz-whitegrid.mplstyle
Osvaldo Martin,2018-04-25 12:37:05-03:00,setup.py
Osvaldo Martin,2018-04-26 16:45:45-03:00,arviz/plots/energyplot.py
Osvaldo Martin,2018-04-26 16:45:45-03:00,arviz/plots/kdeplot.py
Junpeng Lao,2018-04-27 06:56:35-03:00,arviz/stats/__init__.py
Junpeng Lao,2018-04-27 06:56:35-03:00,arviz/stats/stats.py
Junpeng Lao,2018-04-27 06:56:35-03:00,arviz/tests/test_stats.py
Agustina Arroyuelo,2018-04-27 16:29:20-03:00,arviz/plots/__init__.py
Agustina Arroyuelo,2018-04-27 16:29:20-03:00,arviz/plots/pairplot.py
Agustina Arroyuelo,2018-04-27 16:29:20-03:00,arviz/plots/plot_utils.py
Agustina Arroyuelo,2018-04-27 16:29:20-03:00,arviz/plots/posteriorplot.py
Agustina Arroyuelo,2018-04-27 16:29:20-03:00,arviz/tests/test_plots.py
Osvaldo Martin,2018-04-28 08:51:11-03:00,arviz/plots/forestplot.py
Osvaldo Martin,2018-04-28 08:51:11-03:00,arviz/tests/test_plots.py
Osvaldo Martin,2018-04-29 15:05:13-03:00,arviz/__init__.py
Osvaldo Martin,2018-04-29 15:05:13-03:00,arviz/tests/test_utils.py
Osvaldo Martin,2018-04-29 15:05:13-03:00,arviz/utils/__init__.py
Osvaldo Martin,2018-04-29 15:05:13-03:00,arviz/utils/utils.py
Osvaldo Martin,2018-04-29 15:05:13-03:00,doc/source/examples.rst
Osvaldo Martin,2018-04-29 15:05:13-03:00,doc/source/index.rst
Osvaldo Martin,2018-04-29 15:05:13-03:00,doc/source/notebooks/Introduction.ipynb
Osvaldo Martin,2018-04-29 15:05:13-03:00,doc/source/notebooks/trace.gzip
Osvaldo Martin,2018-04-29 15:36:11-03:00,.travis.yml
Osvaldo Martin,2018-04-30 17:35:42-03:00,arviz/plots/autocorrplot.py
Osvaldo Martin,2018-04-30 17:35:42-03:00,arviz/plots/pairplot.py
Osvaldo Martin,2018-04-30 17:35:42-03:00,arviz/plots/styles/arviz-darkgrid.mplstyle
Osvaldo Martin,2018-04-30 17:35:42-03:00,arviz/plots/styles/arviz-whitegrid.mplstyle
Osvaldo Martin,2018-05-02 10:59:00-03:00,arviz/plots/__init__.py
Osvaldo Martin,2018-05-02 10:59:00-03:00,arviz/plots/jointplot.py
Osvaldo Martin,2018-05-02 10:59:00-03:00,arviz/plots/kdeplot.py
Osvaldo Martin,2018-05-02 10:59:00-03:00,arviz/plots/pairplot.py
Osvaldo Martin,2018-05-02 10:59:00-03:00,arviz/plots/plot_utils.py
Osvaldo Martin,2018-05-02 10:59:00-03:00,arviz/plots/traceplot.py
Osvaldo Martin,2018-05-02 10:59:00-03:00,arviz/tests/test_plots.py
Osvaldo Martin,2018-05-03 14:53:50-03:00,arviz/plots/plot_utils.py
Osvaldo Martin,2018-05-03 14:53:50-03:00,arviz/plots/traceplot.py
Osvaldo Martin,2018-05-03 14:53:50-03:00,arviz/tests/test_plots.py
Osvaldo Martin,2018-05-04 11:56:44-03:00,arviz/stats/diagnostics.py
Osvaldo Martin,2018-05-04 11:56:44-03:00,arviz/stats/stats.py
Osvaldo Martin,2018-05-04 11:56:44-03:00,arviz/utils/utils.py
Osvaldo Martin,2018-05-05 08:14:29-03:00,arviz/plots/energyplot.py
Osvaldo Martin,2018-05-05 08:14:29-03:00,arviz/stats/stats.py
Osvaldo Martin,2018-05-05 08:14:29-03:00,arviz/utils/utils.py
Osvaldo Martin,2018-05-06 18:28:41-03:00,arviz/plots/autocorrplot.py
Osvaldo Martin,2018-05-06 18:28:41-03:00,arviz/plots/compareplot.py
Osvaldo Martin,2018-05-06 18:28:41-03:00,arviz/plots/densityplot.py
Osvaldo Martin,2018-05-06 18:28:41-03:00,arviz/plots/energyplot.py
Osvaldo Martin,2018-05-06 18:28:41-03:00,arviz/plots/forestplot.py
Osvaldo Martin,2018-05-06 18:28:41-03:00,arviz/plots/jointplot.py
Osvaldo Martin,2018-05-06 18:28:41-03:00,arviz/plots/pairplot.py
Osvaldo Martin,2018-05-06 18:28:41-03:00,arviz/plots/parallelplot.py
Osvaldo Martin,2018-05-06 18:28:41-03:00,arviz/plots/plot_utils.py
Osvaldo Martin,2018-05-06 18:28:41-03:00,arviz/plots/posteriorplot.py
Osvaldo Martin,2018-05-06 18:28:41-03:00,arviz/plots/traceplot.py
Osvaldo Martin,2018-05-06 18:28:41-03:00,arviz/tests/test_plots.py
Osvaldo Martin,2018-05-07 15:38:35-03:00,arviz/plots/energyplot.py
Osvaldo Martin,2018-05-07 15:38:35-03:00,arviz/plots/styles/arviz-darkgrid.mplstyle
Osvaldo Martin,2018-05-07 15:38:35-03:00,arviz/plots/styles/arviz-whitegrid.mplstyle
Osvaldo Martin,2018-05-11 20:17:41-03:00,arviz/plots/pairplot.py
Colin,2018-05-15 08:50:00-03:00,.pylintrc
Colin,2018-05-15 08:50:00-03:00,arviz/__init__.py
Colin,2018-05-15 08:50:00-03:00,arviz/plots/autocorrplot.py
Colin,2018-05-15 08:50:00-03:00,arviz/plots/compareplot.py
Colin,2018-05-15 08:50:00-03:00,arviz/plots/densityplot.py
Colin,2018-05-15 08:50:00-03:00,arviz/plots/energyplot.py
Colin,2018-05-15 08:50:00-03:00,arviz/plots/forestplot.py
Colin,2018-05-15 08:50:00-03:00,arviz/plots/jointplot.py
Colin,2018-05-15 08:50:00-03:00,arviz/plots/kdeplot.py
Colin,2018-05-15 08:50:00-03:00,arviz/plots/pairplot.py
Colin,2018-05-15 08:50:00-03:00,arviz/plots/parallelplot.py
Colin,2018-05-15 08:50:00-03:00,arviz/plots/plot_utils.py
Colin,2018-05-15 08:50:00-03:00,arviz/plots/posteriorplot.py
Colin,2018-05-15 08:50:00-03:00,arviz/plots/traceplot.py
Colin,2018-05-15 08:50:00-03:00,arviz/stats/diagnostics.py
Colin,2018-05-15 08:50:00-03:00,arviz/stats/stats.py
Colin,2018-05-15 08:50:00-03:00,arviz/tests/__init__.py
Colin,2018-05-15 08:50:00-03:00,arviz/tests/test_diagnostics.py
Colin,2018-05-15 08:50:00-03:00,arviz/tests/test_plots.py
Colin,2018-05-15 08:50:00-03:00,arviz/tests/test_stats.py
Colin,2018-05-15 08:50:00-03:00,arviz/tests/test_utils.py
Colin,2018-05-15 08:50:00-03:00,arviz/utils/utils.py
Agustina Arroyuelo,2018-05-15 11:12:34-03:00,arviz/plots/__init__.py
Agustina Arroyuelo,2018-05-15 11:12:34-03:00,arviz/plots/khatplot.py
Agustina Arroyuelo,2018-05-15 11:12:34-03:00,arviz/stats/diagnostics.py
Colin,2018-05-16 15:35:23-03:00,.pylintrc
Colin,2018-05-16 15:35:23-03:00,arviz/plots/autocorrplot.py
Colin,2018-05-16 15:35:23-03:00,arviz/plots/densityplot.py
Colin,2018-05-16 15:35:23-03:00,arviz/plots/energyplot.py
Colin,2018-05-16 15:35:23-03:00,arviz/plots/khatplot.py
Colin,2018-05-16 15:35:23-03:00,arviz/plots/pairplot.py
Colin,2018-05-16 15:35:23-03:00,arviz/plots/posteriorplot.py
Colin,2018-05-16 15:35:23-03:00,arviz/plots/traceplot.py
Colin,2018-05-16 15:35:23-03:00,arviz/stats/stats.py
Colin,2018-05-16 15:35:23-03:00,arviz/tests/test_stats.py
Colin,2018-05-17 09:35:58-03:00,.pylintrc
Colin,2018-05-17 09:35:58-03:00,.travis.yml
Colin,2018-05-17 09:35:58-03:00,arviz/stats/diagnostics.py
Colin,2018-05-17 09:35:58-03:00,arviz/stats/stats.py
Colin,2018-05-17 09:35:58-03:00,arviz/tests/test_stats.py
Colin,2018-05-17 09:35:58-03:00,arviz/tests/test_utils.py
Colin,2018-05-18 19:33:49-03:00,.travis.yml
Colin,2018-05-18 19:33:49-03:00,requirements-dev.txt
Colin,2018-05-18 19:33:49-03:00,requirements.txt
Colin,2018-05-18 19:33:49-03:00,setup.py
Osvaldo Martin,2018-05-18 19:35:02-03:00,arviz/plots/__init__.py
Osvaldo Martin,2018-05-18 19:35:02-03:00,arviz/plots/kdeplot.py
Osvaldo Martin,2018-05-18 19:35:02-03:00,arviz/plots/plot_utils.py
Osvaldo Martin,2018-05-18 19:35:02-03:00,arviz/plots/posteriorplot.py
Osvaldo Martin,2018-05-18 19:35:02-03:00,arviz/plots/ppcplot.py
Osvaldo Martin,2018-05-18 19:35:02-03:00,arviz/tests/test_plots.py
Colin,2018-05-18 19:37:02-03:00,README.md
Osvaldo Martin,2018-05-20 08:27:03-03:00,arviz/plots/posteriorplot.py
Osvaldo Martin,2018-05-20 08:27:03-03:00,arviz/plots/traceplot.py
aloctavodia,2018-05-20 12:32:44-03:00,arviz/plots/pairplot.py
aloctavodia,2018-05-20 12:32:44-03:00,arviz/plots/plot_utils.py
aloctavodia,2018-05-20 12:32:44-03:00,arviz/plots/posteriorplot.py
aloctavodia,2018-05-20 12:32:44-03:00,arviz/plots/ppcplot.py
aloctavodia,2018-05-20 12:35:13-03:00,arviz/plots/posteriorplot.py
Colin Carroll,2018-05-20 16:21:04-04:00,.pylintrc
Colin Carroll,2018-05-20 16:21:04-04:00,arviz/compat/__init__.py
Colin Carroll,2018-05-20 16:21:04-04:00,arviz/compat/optional_dep.py
aloctavodia,2018-05-21 11:48:12-03:00,arviz/plots/autocorrplot.py
aloctavodia,2018-05-21 11:48:12-03:00,arviz/plots/plot_utils.py
aloctavodia,2018-05-21 11:48:12-03:00,arviz/plots/traceplot.py
Colin,2018-05-22 11:51:39-03:00,arviz/plots/traceplot.py
Colin,2018-05-22 11:51:39-03:00,arviz/utils/__init__.py
Colin,2018-05-22 11:51:39-03:00,arviz/utils/utils.py
Colin,2018-05-22 11:51:39-03:00,setup.py
Osvaldo Martin,2018-05-22 12:13:42-03:00,setup.py
Colin Carroll,2018-05-24 10:22:43-04:00,arviz/stats/stats.py
Colin Carroll,2018-05-24 10:22:43-04:00,doc/Makefile
Colin Carroll,2018-05-24 10:22:43-04:00,doc/_static/custom.css
Colin Carroll,2018-05-24 10:22:43-04:00,doc/_static/favicon.ico
Colin Carroll,2018-05-24 10:22:43-04:00,doc/_static/logo.png
Colin Carroll,2018-05-24 10:22:43-04:00,doc/about.rst
Colin Carroll,2018-05-24 10:22:43-04:00,doc/api.rst
Colin Carroll,2018-05-24 10:22:43-04:00,doc/api/plots.rst
Colin Carroll,2018-05-24 10:22:43-04:00,doc/api/stats.rst
Colin Carroll,2018-05-24 10:22:43-04:00,doc/api/utils.rst
Colin Carroll,2018-05-24 10:22:43-04:00,doc/conf.py
Colin Carroll,2018-05-24 10:22:43-04:00,doc/data/centered_eight_trace.gzip
Colin Carroll,2018-05-24 10:22:43-04:00,doc/data/non_centered_eight_trace.gzip
Colin Carroll,2018-05-24 10:22:43-04:00,doc/examples.rst
Colin Carroll,2018-05-24 10:22:43-04:00,doc/index.rst
Colin Carroll,2018-05-24 10:22:43-04:00,doc/installation.rst
Colin Carroll,2018-05-24 10:22:43-04:00,doc/logo_placeholder.png
Colin Carroll,2018-05-24 10:22:43-04:00,doc/notebooks/Introduction.ipynb
Colin Carroll,2018-05-24 10:22:43-04:00,doc/notebooks/trace.gzip
Colin Carroll,2018-05-24 10:22:43-04:00,doc/source/_static/.gitignore
Colin Carroll,2018-05-24 10:22:43-04:00,doc/source/api.rst
Colin Carroll,2018-05-24 10:22:43-04:00,doc/source/index.rst
Colin Carroll,2018-05-24 10:22:43-04:00,doc/sphinxext/gallery_generator.py
Colin Carroll,2018-05-24 10:22:43-04:00,examples/autocorrplot.py
Colin Carroll,2018-05-24 10:22:43-04:00,examples/compareplot.py
Colin Carroll,2018-05-24 10:22:43-04:00,examples/densityplot.py
Colin Carroll,2018-05-24 10:22:43-04:00,examples/energyplot.py
Colin Carroll,2018-05-24 10:22:43-04:00,examples/traceplot.py
Colin Carroll,2018-05-24 10:25:33-04:00,requirements-dev.txt
Colin Carroll,2018-05-24 10:36:22-04:00,.travis.yml
Colin,2018-05-24 10:46:10-04:00,.travis.yml
Colin Carroll,2018-05-24 22:32:05-04:00,.travis.yml
Colin Carroll,2018-05-24 22:32:05-04:00,doc/.gitignore
Colin Carroll,2018-05-24 22:32:05-04:00,doc/_static/custom.css
Colin Carroll,2018-05-24 22:32:05-04:00,doc/_static/logo.png
Colin Carroll,2018-05-24 22:32:05-04:00,doc/conf.py
Colin Carroll,2018-05-24 22:32:05-04:00,doc/index.rst
Colin Carroll,2018-05-24 22:32:05-04:00,doc/sphinxext/gallery_generator.py
Colin Carroll,2018-05-24 22:32:05-04:00,examples/autocorrplot.py
Colin Carroll,2018-05-24 22:32:05-04:00,examples/compareplot.py
Colin Carroll,2018-05-24 22:32:05-04:00,examples/densityplot.py
Colin Carroll,2018-05-24 22:32:05-04:00,examples/energyplot.py
Colin Carroll,2018-05-24 22:32:05-04:00,examples/traceplot.py
Colin Carroll,2018-05-24 22:47:04-04:00,doc/api/plots.rst
Colin Carroll,2018-05-24 22:47:04-04:00,doc/api/stats.rst
Colin Carroll,2018-05-24 22:47:04-04:00,doc/api/utils.rst
Colin Carroll,2018-05-24 23:01:45-04:00,doc/sphinxext/gallery_generator.py
Colin Carroll,2018-05-25 08:38:01-04:00,arviz/plots/forestplot.py
Colin Carroll,2018-05-25 08:38:01-04:00,examples/forestplot.py
Colin Carroll,2018-05-25 08:38:01-04:00,examples/jointplot.py
Colin Carroll,2018-05-25 08:38:01-04:00,examples/kdeplot.py
Colin Carroll,2018-05-25 08:38:01-04:00,examples/pairplot.py
Colin Carroll,2018-05-25 08:38:01-04:00,examples/parallelplot.py
Colin Carroll,2018-05-25 08:38:01-04:00,examples/posteriorplot.py
Colin Carroll,2018-05-25 08:38:01-04:00,examples/ppcplot.py
Colin Carroll,2018-05-25 08:45:56-04:00,doc/index.rst
Colin Carroll,2018-05-25 08:45:56-04:00,examples/jointplot.py
Colin,2018-05-25 09:40:50-04:00,README.md
Colin,2018-06-01 19:42:15-03:00,.travis.yml
Colin,2018-06-01 19:42:15-03:00,arviz/tests/test_xarray_utils.py
Colin,2018-06-01 19:42:15-03:00,arviz/utils/__init__.py
Colin,2018-06-01 19:42:15-03:00,arviz/utils/xarray_utils.py
Colin,2018-06-01 19:42:15-03:00,requirements.txt
Osvaldo Martin,2018-06-01 19:42:30-03:00,arviz/plots/jointplot.py
Osvaldo Martin,2018-06-01 19:42:30-03:00,arviz/plots/kdeplot.py
Osvaldo Martin,2018-06-01 19:42:30-03:00,arviz/plots/posteriorplot.py
Adrian Seyboldt,2018-06-09 20:57:30-03:00,schema.md
Osvaldo Martin,2018-06-09 20:58:52-03:00,arviz/plots/forestplot.py
Osvaldo Martin,2018-06-17 20:39:39-03:00,arviz/plots/__init__.py
Osvaldo Martin,2018-06-17 20:39:39-03:00,arviz/plots/violintraceplot.py
Osvaldo Martin,2018-06-17 20:39:39-03:00,arviz/tests/test_plots.py
Hartikainen Ari,2018-06-22 00:44:09+03:00,arviz/utils/xarray_utils.py
Hartikainen Ari,2018-06-22 00:48:34+03:00,arviz/utils/xarray_utils.py
Hartikainen Ari,2018-06-22 02:44:24+03:00,arviz/utils/xarray_utils.py
Hartikainen Ari,2018-06-22 11:06:31+03:00,arviz/utils/xarray_utils.py
Hartikainen Ari,2018-06-22 11:18:49+03:00,arviz/tests/test_xarray_utils.py
Hartikainen Ari,2018-06-22 11:33:08+03:00,arviz/tests/test_xarray_utils.py
Colin Carroll,2018-06-24 22:46:17-04:00,arviz/tests/test_xarray_utils.py
Colin Carroll,2018-06-24 22:46:17-04:00,arviz/utils/__init__.py
Colin Carroll,2018-06-24 22:46:17-04:00,arviz/utils/xarray_utils.py
Colin Carroll,2018-06-24 22:58:02-04:00,requirements-dev.txt
Colin Carroll,2018-06-24 23:21:41-04:00,.travis.yml
Colin Carroll,2018-06-24 23:35:43-04:00,.travis.yml
Colin Carroll,2018-06-24 23:35:43-04:00,scripts/create_testenv.sh
Colin Carroll,2018-06-24 23:35:43-04:00,scripts/install_miniconda.sh
Colin Carroll,2018-06-26 07:36:57-04:00,arviz/plots/autocorrplot.py
Colin Carroll,2018-06-26 07:36:57-04:00,arviz/plots/plot_utils.py
Colin Carroll,2018-06-26 07:36:57-04:00,arviz/tests/helpers.py
Colin Carroll,2018-06-26 07:36:57-04:00,arviz/tests/saved_models/pymc3_3.4.1_500_2.pkl
Colin Carroll,2018-06-26 07:36:57-04:00,arviz/tests/saved_models/pystan_2.17.1.0_500_2.pkl
Colin Carroll,2018-06-26 07:36:57-04:00,arviz/tests/test_plots.py
Colin Carroll,2018-06-26 07:36:57-04:00,arviz/tests/test_xarray_utils.py
Colin Carroll,2018-06-26 08:52:50-04:00,arviz/__init__.py
Colin Carroll,2018-06-26 08:52:50-04:00,arviz/utils/__init__.py
Colin Carroll,2018-06-26 08:52:50-04:00,arviz/utils/utils.py
Colin Carroll,2018-06-26 08:52:50-04:00,doc/data/centered_eight.nc
Colin Carroll,2018-06-26 08:52:50-04:00,doc/data/non_centered_eight.nc
Colin Carroll,2018-06-26 08:52:50-04:00,examples/autocorrplot.py
Colin Carroll,2018-06-26 08:52:50-04:00,examples/compareplot.py
Colin Carroll,2018-06-26 08:52:50-04:00,examples/densityplot.py
Colin Carroll,2018-06-26 08:52:50-04:00,examples/energyplot.py
Colin Carroll,2018-06-26 08:52:50-04:00,examples/forestplot.py
Colin Carroll,2018-06-26 08:52:50-04:00,examples/jointplot.py
Colin Carroll,2018-06-26 08:52:50-04:00,examples/kdeplot.py
Colin Carroll,2018-06-26 08:52:50-04:00,examples/pairplot.py
Colin Carroll,2018-06-26 08:52:50-04:00,examples/parallelplot.py
Colin Carroll,2018-06-26 08:52:50-04:00,examples/posteriorplot.py
Colin Carroll,2018-06-26 08:52:50-04:00,examples/traceplot.py
Colin Carroll,2018-06-26 20:28:14-04:00,arviz/plots/autocorrplot.py
Colin Carroll,2018-06-26 20:28:14-04:00,arviz/plots/densityplot.py
Colin Carroll,2018-06-26 20:28:14-04:00,arviz/plots/plot_utils.py
Colin Carroll,2018-06-26 20:28:14-04:00,arviz/tests/test_plots.py
Colin Carroll,2018-06-26 20:28:14-04:00,doc/index.rst
Colin Carroll,2018-06-26 20:28:14-04:00,examples/densityplot.py
Colin Carroll,2018-06-26 20:56:46-04:00,requirements-dev.txt
Osvaldo Martin,2018-06-29 10:01:32-03:00,arviz/stats/stats.py
Osvaldo Martin,2018-06-29 10:01:32-03:00,arviz/tests/test_stats.py
aloctavodia,2018-06-29 11:23:24-03:00,arviz/__init__.py
aloctavodia,2018-06-29 11:23:24-03:00,doc/conf.py
aloctavodia,2018-06-29 11:23:24-03:00,setup.py
aloctavodia,2018-06-29 11:52:17-03:00,setup.py
AustinRochford,2018-07-08 09:12:56-04:00,doc/notebooks/Introduction.ipynb
Colin,2018-07-08 10:43:28-03:00,.pylintrc
Colin,2018-07-08 10:43:28-03:00,arviz/plots/densityplot.py
Colin,2018-07-08 10:43:28-03:00,arviz/plots/forestplot.py
Colin,2018-07-08 10:43:28-03:00,arviz/plots/plot_utils.py
Colin,2018-07-08 10:43:28-03:00,arviz/stats/diagnostics.py
Colin,2018-07-08 10:43:28-03:00,arviz/tests/test_plots.py
Colin,2018-07-08 10:43:28-03:00,doc/index.rst
Colin,2018-07-08 10:43:28-03:00,examples/forestplot.py
Colin,2018-07-08 10:43:28-03:00,examples/joyplot.py
AustinRochford,2018-07-08 09:48:34-04:00,README.md
AustinRochford,2018-07-08 09:48:34-04:00,scripts/Dockerfile
AustinRochford,2018-07-08 09:48:34-04:00,scripts/create_testenv.sh
AustinRochford,2018-07-08 09:48:34-04:00,scripts/start_container.sh
AustinRochford,2018-07-08 09:54:16-04:00,scripts/Dockerfile
AustinRochford,2018-07-08 17:36:36-04:00,scripts/start_container.sh
aloctavodia,2018-07-09 22:05:05-03:00,arviz/stats/stats.py
aloctavodia,2018-07-09 23:16:11-03:00,arviz/stats/stats.py
Colin,2018-07-11 12:47:50-03:00,arviz/plots/energyplot.py
Colin,2018-07-11 12:47:50-03:00,arviz/plots/jointplot.py
Colin,2018-07-11 12:47:50-03:00,arviz/plots/kdeplot.py
Colin,2018-07-11 12:47:50-03:00,arviz/plots/plot_utils.py
Colin,2018-07-11 12:47:50-03:00,arviz/plots/posteriorplot.py
Colin,2018-07-11 12:47:50-03:00,arviz/plots/ppcplot.py
Colin,2018-07-11 12:47:50-03:00,arviz/tests/test_plots.py
Colin,2018-07-11 12:47:50-03:00,examples/kdeplot.py
Hartikainen Ari,2018-07-13 00:19:48+03:00,arviz/utils/xarray_utils.py
Ari Hartikainen,2018-07-13 07:53:08+03:00,arviz/utils/xarray_utils.py
Ari Hartikainen,2018-07-13 07:58:44+03:00,arviz/utils/xarray_utils.py
Ari Hartikainen,2018-07-13 08:36:33+03:00,arviz/utils/xarray_utils.py
ahartikainen,2018-07-13 09:11:04+03:00,arviz/utils/xarray_utils.py
Colin,2018-07-17 21:47:25-03:00,arviz/plots/jointplot.py
Colin,2018-07-17 21:47:25-03:00,arviz/tests/test_plots.py
Colin,2018-07-17 21:47:25-03:00,examples/jointplot.py
Colin,2018-07-18 09:45:42-03:00,arviz/plots/forestplot.py
AustinRochford,2018-07-18 20:24:04-04:00,arviz/tests/test_xarray_utils.py
AustinRochford,2018-07-18 20:24:04-04:00,arviz/utils/xarray_utils.py
AustinRochford,2018-07-19 07:31:54-04:00,arviz/utils/xarray_utils.py
AustinRochford,2018-07-19 07:39:57-04:00,arviz/tests/test_xarray_utils.py
AustinRochford,2018-07-19 07:39:57-04:00,arviz/utils/xarray_utils.py
Hartikainen Ari,2018-07-20 01:07:32+03:00,arviz/utils/xarray_utils.py
Ari Hartikainen,2018-07-20 06:33:21+03:00,arviz/utils/xarray_utils.py
Hartikainen Ari,2018-07-20 08:40:49+03:00,arviz/utils/xarray_utils.py
Ari Hartikainen,2018-07-20 10:47:31+03:00,arviz/utils/xarray_utils.py
Ari Hartikainen,2018-07-20 16:05:54+03:00,arviz/utils/xarray_utils.py
MFreidank,2018-07-21 13:27:57+02:00,arviz/plots/densityplot.py
MFreidank,2018-07-21 13:27:57+02:00,arviz/plots/forestplot.py
MFreidank,2018-07-21 13:27:57+02:00,arviz/plots/jointplot.py
MFreidank,2018-07-21 13:27:57+02:00,arviz/plots/plot_utils.py
MFreidank,2018-07-21 13:27:57+02:00,arviz/plots/ppcplot.py
MFreidank,2018-07-21 13:27:57+02:00,arviz/tests/helpers.py
MFreidank,2018-07-21 13:27:57+02:00,arviz/utils/xarray_utils.py
MFreidank,2018-07-22 15:38:00+02:00,arviz/utils/utils.py
Colin,2018-07-23 15:03:49-03:00,arviz/plots/autocorrplot.py
Colin,2018-07-23 15:03:49-03:00,arviz/plots/traceplot.py
Colin,2018-07-23 15:03:49-03:00,arviz/tests/test_plots.py
Colin,2018-07-23 15:03:49-03:00,examples/traceplot.py
Ari Hartikainen,2018-07-23 15:04:41-03:00,scripts/create_testenv.sh
MFreidank,2018-07-24 08:48:34+02:00,arviz/utils/utils.py
MFreidank,2018-07-25 07:59:23+02:00,arviz/stats/diagnostics.py
MFreidank,2018-07-25 08:00:28+02:00,arviz/plots/autocorrplot.py
MFreidank,2018-07-25 08:38:49+02:00,.travis.yml
MFreidank,2018-07-25 09:24:24+02:00,arviz/plots/densityplot.py
MFreidank,2018-07-25 09:24:24+02:00,arviz/plots/jointplot.py
MFreidank,2018-07-25 09:24:24+02:00,arviz/utils/xarray_utils.py
MFreidank,2018-07-25 09:55:23+02:00,arviz/utils/xarray_utils.py
MFreidank,2018-07-25 10:04:41+02:00,arviz/plots/autocorrplot.py
MFreidank,2018-07-25 11:32:14+02:00,arviz/plots/autocorrplot.py
MFreidank,2018-07-25 11:33:18+02:00,arviz/plots/autocorrplot.py
MFreidank,2018-07-25 12:10:29+02:00,arviz/plots/autocorrplot.py
MFreidank,2018-07-25 12:10:29+02:00,arviz/tests/test_plots.py
MFreidank,2018-07-25 12:33:33+02:00,arviz/tests/test_plots.py
canyon,2018-07-28 23:02:55-07:00,arviz/plots/posteriorplot.py
canyon,2018-07-28 23:02:55-07:00,doc/conf.py
Colin,2018-07-31 14:32:08-03:00,arviz/__init__.py
Colin,2018-07-31 14:32:08-03:00,arviz/plots/posteriorplot.py
Colin,2018-07-31 14:32:08-03:00,arviz/tests/test_plots.py
Colin,2018-07-31 14:32:08-03:00,arviz/utils/__init__.py
Colin,2018-07-31 14:32:08-03:00,arviz/utils/utils.py
Colin,2018-07-31 14:32:08-03:00,examples/posteriorplot.py
Colin,2018-07-31 14:32:08-03:00,examples/traceplot.py
ahartikainen,2018-07-31 21:12:57+03:00,arviz/utils/xarray_utils.py
Colin,2018-07-31 16:30:49-03:00,arviz/plots/ppcplot.py
Colin,2018-07-31 16:30:49-03:00,doc/index.rst
Colin,2018-07-31 16:30:49-03:00,doc/roadmap.rst
Colin,2018-07-31 16:30:49-03:00,examples/ppcplot.py
ahartikainen,2018-08-01 02:11:53+03:00,arviz/utils/xarray_utils.py
aloctavodia,2018-08-01 12:27:29-03:00,arviz/plots/kdeplot.py
aloctavodia,2018-08-01 12:27:29-03:00,arviz/stats/stats.py
aloctavodia,2018-08-01 20:59:43-03:00,arviz/plots/traceplot.py
Ravin Kumar,2018-08-03 07:07:03-07:00,arviz/plots/posteriorplot.py
canyon,2018-08-03 17:32:32-07:00,.travis.yml
Ravin Kumar,2018-08-04 21:36:09-07:00,arviz/tests/helpers.py
Ravin Kumar,2018-08-04 21:36:09-07:00,arviz/tests/test_plots.py
Osvaldo Martin,2018-08-09 14:13:01-03:00,arviz/compat/optional_dep.py
Osvaldo Martin,2018-08-09 14:13:01-03:00,arviz/plots/autocorrplot.py
Osvaldo Martin,2018-08-09 14:13:01-03:00,arviz/plots/forestplot.py
Osvaldo Martin,2018-08-09 14:13:01-03:00,arviz/plots/plot_utils.py
Osvaldo Martin,2018-08-09 14:13:01-03:00,arviz/plots/posteriorplot.py
Osvaldo Martin,2018-08-09 14:13:01-03:00,arviz/plots/ppcplot.py
Osvaldo Martin,2018-08-09 14:13:01-03:00,arviz/stats/stats.py
Osvaldo Martin,2018-08-09 14:13:01-03:00,arviz/tests/test_diagnostics.py
Osvaldo Martin,2018-08-09 14:13:01-03:00,arviz/tests/test_plots.py
Osvaldo Martin,2018-08-09 14:13:01-03:00,arviz/tests/test_stats.py
Osvaldo Martin,2018-08-09 14:13:01-03:00,arviz/tests/test_utils.py
Osvaldo Martin,2018-08-09 14:13:01-03:00,arviz/tests/test_xarray_utils.py
Ravin Kumar,2018-08-09 19:13:37-03:00,.travis.yml
Osvaldo Martin,2018-08-10 16:36:54-03:00,arviz/plots/densityplot.py
Osvaldo Martin,2018-08-10 16:36:54-03:00,arviz/plots/forestplot.py
Osvaldo Martin,2018-08-10 16:36:54-03:00,arviz/plots/posteriorplot.py
Osvaldo Martin,2018-08-10 16:36:54-03:00,arviz/plots/violintraceplot.py
Osvaldo Martin,2018-08-10 16:36:54-03:00,arviz/stats/stats.py
Osvaldo Martin,2018-08-10 16:36:54-03:00,arviz/tests/test_stats.py
Osvaldo Martin,2018-08-10 16:36:54-03:00,examples/densityplot.py
aloctavodia,2018-08-10 19:55:32-03:00,arviz/plots/posteriorplot.py
aloctavodia,2018-08-10 19:55:32-03:00,arviz/plots/ppcplot.py
aloctavodia,2018-08-11 12:04:59-03:00,arviz/plots/posteriorplot.py
Ravin Kumar,2018-08-11 19:39:08-03:00,arviz/stats/stats.py
aloctavodia,2018-08-12 19:05:36-03:00,arviz/plots/plot_utils.py
Colin Carroll,2018-08-13 18:58:09+02:00,scripts/create_testenv.sh
Colin Carroll,2018-08-13 18:58:09+02:00,scripts/create_testenv.sh
Colin Carroll,2018-08-13 18:58:09+02:00,scripts/create_testenv.sh
Colin Carroll,2018-08-13 18:58:09+02:00,.travis.yml
Colin Carroll,2018-08-13 18:58:10+02:00,arviz/tests/helpers.py
Colin Carroll,2018-08-13 18:58:10+02:00,arviz/tests/saved_models/.gitignore
Colin Carroll,2018-08-13 18:58:10+02:00,arviz/tests/saved_models/pymc3_3.4.1_500_2.pkl
Colin Carroll,2018-08-13 18:58:10+02:00,arviz/tests/saved_models/pystan_2.17.1.0_500_2.pkl
Colin Carroll,2018-08-13 18:58:10+02:00,arviz/stats/stats.py
Colin Carroll,2018-08-13 18:58:10+02:00,arviz/tests/test_utils.py
Colin Carroll,2018-08-13 18:58:10+02:00,arviz/tests/test_utils.py
Colin Carroll,2018-08-13 18:58:10+02:00,arviz/tests/test_utils.py
Colin Carroll,2018-08-13 18:58:10+02:00,arviz/tests/test_utils.py
Colin Carroll,2018-08-13 18:58:10+02:00,arviz/stats/stats.py
Colin Carroll,2018-08-13 18:58:10+02:00,arviz/tests/test_utils.py
Colin Carroll,2018-08-13 18:59:52+02:00,.travis.yml
Colin Carroll,2018-08-13 18:59:52+02:00,arviz/tests/test_utils.py
Colin Carroll,2018-08-13 19:02:12+02:00,.travis.yml
Colin Carroll,2018-08-13 19:07:03+02:00,.travis.yml
Colin Carroll,2018-08-13 20:43:05+02:00,arviz/tests/test_utils.py
MFreidank,2018-08-19 22:01:42+02:00,arviz/plots/forestplot.py
MFreidank,2018-08-19 22:01:42+02:00,arviz/plots/plot_utils.py
Ravin Kumar,2018-08-24 10:45:38-03:00,arviz/plots/violintraceplot.py
Ravin Kumar,2018-08-24 10:45:38-03:00,arviz/tests/test_plots.py
Colin Carroll,2018-08-24 12:01:52-04:00,.pylintrc
Colin Carroll,2018-08-24 12:01:52-04:00,arviz/__init__.py
Colin Carroll,2018-08-24 12:01:52-04:00,arviz/inference_data.py
Colin Carroll,2018-08-24 12:01:52-04:00,arviz/plots/autocorrplot.py
Colin Carroll,2018-08-24 12:01:52-04:00,arviz/plots/densityplot.py
Colin Carroll,2018-08-24 12:01:52-04:00,arviz/plots/forestplot.py
Colin Carroll,2018-08-24 12:01:52-04:00,arviz/plots/jointplot.py
Colin Carroll,2018-08-24 12:01:52-04:00,arviz/plots/posteriorplot.py
Colin Carroll,2018-08-24 12:01:52-04:00,arviz/plots/traceplot.py
Colin Carroll,2018-08-24 12:01:52-04:00,arviz/tests/helpers.py
Colin Carroll,2018-08-24 12:01:52-04:00,arviz/tests/test_plots.py
Colin Carroll,2018-08-24 12:01:52-04:00,arviz/tests/test_xarray_utils.py
Colin Carroll,2018-08-24 12:01:52-04:00,arviz/utils/__init__.py
Colin Carroll,2018-08-24 12:01:52-04:00,arviz/utils/utils.py
Colin Carroll,2018-08-24 12:01:52-04:00,arviz/utils/xarray_utils.py
Colin Carroll,2018-08-24 12:01:52-04:00,arviz/__init__.py
Colin Carroll,2018-08-24 12:01:52-04:00,arviz/plots/autocorrplot.py
Colin Carroll,2018-08-24 12:01:52-04:00,arviz/tests/test_xarray_utils.py
Colin Carroll,2018-08-24 12:01:52-04:00,arviz/utils/__init__.py
Colin Carroll,2018-08-24 12:01:52-04:00,arviz/utils/utils.py
Colin Carroll,2018-08-24 12:01:52-04:00,arviz/utils/xarray_utils.py
Colin Carroll,2018-08-24 12:01:52-04:00,doc/data/centered_eight.nc
Colin Carroll,2018-08-24 12:01:52-04:00,doc/data/non_centered_eight.nc
Colin Carroll,2018-08-24 12:01:52-04:00,examples/autocorrplot.py
Colin Carroll,2018-08-24 12:01:52-04:00,examples/densityplot.py
Colin Carroll,2018-08-24 12:01:52-04:00,examples/forestplot.py
Colin Carroll,2018-08-24 12:01:52-04:00,examples/jointplot.py
Colin Carroll,2018-08-24 12:01:52-04:00,examples/joyplot.py
Colin Carroll,2018-08-24 12:01:52-04:00,arviz/plots/posteriorplot.py
Colin Carroll,2018-08-24 12:01:52-04:00,doc/index.rst
Colin Carroll,2018-08-24 12:01:52-04:00,examples/posteriorplot.py
Colin Carroll,2018-08-24 12:01:52-04:00,doc/index.rst
Colin Carroll,2018-08-24 12:01:52-04:00,arviz/__init__.py
Colin Carroll,2018-08-24 12:01:52-04:00,arviz/inference_data.py
Colin Carroll,2018-08-24 12:01:52-04:00,arviz/tests/helpers.py
Colin Carroll,2018-08-24 12:01:52-04:00,arviz/utils/xarray_utils.py
Colin Carroll,2018-08-24 12:05:12-04:00,arviz/plots/violintraceplot.py
canyon,2018-08-26 15:37:32-07:00,README.md
canyon,2018-08-26 17:31:57-07:00,examples/violinplot.py
Hartikainen Ari,2018-08-27 13:15:45+03:00,arviz/utils/xarray_utils.py
canyon,2018-08-27 08:16:15-07:00,arviz/plots/forestplot.py
canyon,2018-08-27 08:16:15-07:00,arviz/tests/test_plots.py
canyon,2018-08-27 08:16:15-07:00,doc/index.rst
canyon,2018-08-27 08:16:15-07:00,examples/ridgeplot.py
Osvaldo Martin,2018-08-28 17:38:17-03:00,requirements-dev.txt
Osvaldo Martin,2018-08-28 17:38:17-03:00,requirements.txt
Ravin Kumar,2018-08-29 22:22:01-07:00,doc/sphinxext/gallery_generator.py
Colin Carroll,2018-09-01 16:22:00-04:00,arviz/__init__.py
Colin Carroll,2018-09-01 16:22:00-04:00,arviz/inference_data.py
Colin Carroll,2018-09-01 16:22:00-04:00,arviz/plots/autocorrplot.py
Colin Carroll,2018-09-01 16:22:00-04:00,arviz/plots/densityplot.py
Colin Carroll,2018-09-01 16:22:00-04:00,arviz/plots/forestplot.py
Colin Carroll,2018-09-01 16:22:00-04:00,arviz/plots/jointplot.py
Colin Carroll,2018-09-01 16:22:00-04:00,arviz/plots/posteriorplot.py
Colin Carroll,2018-09-01 16:22:00-04:00,arviz/plots/traceplot.py
Colin Carroll,2018-09-01 16:22:00-04:00,arviz/plots/violintraceplot.py
Colin Carroll,2018-09-01 16:22:00-04:00,arviz/tests/helpers.py
Colin Carroll,2018-09-01 16:22:00-04:00,arviz/tests/test_xarray_utils.py
Colin Carroll,2018-09-01 16:22:00-04:00,arviz/utils/__init__.py
Colin Carroll,2018-09-01 16:22:00-04:00,arviz/utils/xarray_utils.py
Colin Carroll,2018-09-01 16:22:00-04:00,arviz/tests/test_xarray_utils.py
Colin Carroll,2018-09-01 16:22:13-04:00,arviz/utils/xarray_utils.py
Colin Carroll,2018-09-02 15:11:42-04:00,arviz/utils/utils.py
Colin Carroll,2018-09-02 15:11:42-04:00,arviz/utils/xarray_utils.py
Colin Carroll,2018-09-02 15:11:42-04:00,doc/data/centered_eight.nc
Colin Carroll,2018-09-02 15:11:42-04:00,doc/data/non_centered_eight.nc
Colin Carroll,2018-09-02 15:11:42-04:00,examples/ridgeplot.py
Colin Carroll,2018-09-02 15:11:42-04:00,examples/violinplot.py
Ravin Kumar,2018-09-02 12:37:10-07:00,arviz/utils/utils.py
Ravin Kumar,2018-09-02 12:51:05-07:00,arviz/utils/xarray_utils.py
Ravin Kumar,2018-09-02 13:31:17-07:00,arviz/plots/autocorrplot.py
Ravin Kumar,2018-09-02 13:31:17-07:00,arviz/plots/densityplot.py
Ravin Kumar,2018-09-02 13:31:17-07:00,arviz/plots/jointplot.py
Ravin Kumar,2018-09-02 13:31:17-07:00,arviz/plots/posteriorplot.py
Ravin Kumar,2018-09-02 13:31:17-07:00,arviz/plots/traceplot.py
Ravin Kumar,2018-09-02 13:31:17-07:00,arviz/plots/violintraceplot.py
Hartikainen Ari,2018-09-03 09:21:37+03:00,arviz/utils/xarray_utils.py
Ari Hartikainen,2018-09-03 13:16:09+03:00,requirements-dev.txt
Colin Carroll,2018-09-03 12:59:21-04:00,arviz/data/centered_eight.nc
Colin Carroll,2018-09-03 12:59:21-04:00,arviz/data/centered_eight_trace.gzip
Colin Carroll,2018-09-03 12:59:21-04:00,arviz/data/non_centered_eight.nc
Colin Carroll,2018-09-03 12:59:21-04:00,arviz/data/non_centered_eight_trace.gzip
Colin Carroll,2018-09-03 12:59:21-04:00,arviz/utils/utils.py
Colin Carroll,2018-09-03 12:59:21-04:00,doc/examples.rst
Colin Carroll,2018-09-03 15:34:39-04:00,arviz/__init__.py
Colin Carroll,2018-09-03 15:34:39-04:00,arviz/compat/__init__.py
Colin Carroll,2018-09-03 15:34:39-04:00,arviz/compat/optional_dep.py
Colin Carroll,2018-09-03 15:34:39-04:00,arviz/inference_data.py
Colin Carroll,2018-09-03 15:34:39-04:00,arviz/plots/__init__.py
Colin Carroll,2018-09-03 15:34:39-04:00,arviz/plots/autocorrplot.py
Colin Carroll,2018-09-03 15:34:39-04:00,arviz/plots/compareplot.py
Colin Carroll,2018-09-03 15:34:39-04:00,arviz/plots/densityplot.py
Colin Carroll,2018-09-03 15:34:39-04:00,arviz/plots/energyplot.py
Colin Carroll,2018-09-03 15:34:39-04:00,arviz/plots/forestplot.py
Colin Carroll,2018-09-03 15:34:39-04:00,arviz/plots/jointplot.py
Colin Carroll,2018-09-03 15:34:39-04:00,arviz/plots/kdeplot.py
Colin Carroll,2018-09-03 15:34:39-04:00,arviz/plots/khatplot.py
Colin Carroll,2018-09-03 15:34:39-04:00,arviz/plots/pairplot.py
Colin Carroll,2018-09-03 15:34:39-04:00,arviz/plots/parallelplot.py
Colin Carroll,2018-09-03 15:34:39-04:00,arviz/plots/plot_utils.py
Colin Carroll,2018-09-03 15:34:39-04:00,arviz/plots/posteriorplot.py
Colin Carroll,2018-09-03 15:34:39-04:00,arviz/plots/ppcplot.py
Colin Carroll,2018-09-03 15:34:39-04:00,arviz/plots/traceplot.py
Colin Carroll,2018-09-03 15:34:39-04:00,arviz/plots/violintraceplot.py
Colin Carroll,2018-09-03 15:34:39-04:00,arviz/tests/__init__.py
Colin Carroll,2018-09-03 15:34:39-04:00,arviz/tests/helpers.py
Colin Carroll,2018-09-03 15:34:39-04:00,arviz/utils/__init__.py
Colin Carroll,2018-09-03 15:34:39-04:00,arviz/utils/utils.py
Colin Carroll,2018-09-03 15:34:39-04:00,arviz/utils/xarray_utils.py
Colin Carroll,2018-09-03 19:42:15-04:00,.travis.yml
Colin Carroll,2018-09-03 19:42:15-04:00,arviz/stats/__init__.py
Colin Carroll,2018-09-03 19:42:15-04:00,arviz/stats/diagnostics.py
Colin Carroll,2018-09-03 19:42:15-04:00,arviz/stats/stats.py
Colin Carroll,2018-09-03 19:42:15-04:00,arviz/tests/__init__.py
Colin Carroll,2018-09-03 19:42:15-04:00,arviz/tests/helpers.py
Colin Carroll,2018-09-03 19:42:15-04:00,requirements-dev.txt
Colin Carroll,2018-09-03 19:42:15-04:00,scripts/lint.sh
canyon,2018-09-03 19:08:04-07:00,arviz/plots/parallelplot.py
canyon,2018-09-03 19:08:04-07:00,arviz/plots/plot_utils.py
canyon,2018-09-03 19:08:04-07:00,arviz/tests/test_plotutils.py
canyon,2018-09-03 19:08:04-07:00,examples/parallelplot.py
Ravin Kumar,2018-09-03 19:46:24-07:00,arviz/plots/parallelplot.py
Ravin Kumar,2018-09-03 19:46:24-07:00,arviz/plots/plot_utils.py
canyon,2018-09-03 19:46:42-07:00,arviz/utils/xarray_utils.py
Ravin Kumar,2018-09-03 19:46:42-07:00,arviz/plots/forestplot.py
Ravin Kumar,2018-09-03 19:46:42-07:00,arviz/tests/test_xarray_utils.py
Ravin Kumar,2018-09-03 19:46:42-07:00,arviz/plots/densityplot.py
Ravin Kumar,2018-09-03 19:50:59-07:00,arviz/utils/xarray_utils.py
Colin Carroll,2018-09-03 23:13:41-04:00,MANIFEST.in
Colin Carroll,2018-09-03 23:13:41-04:00,arviz/inference_data.py
Colin Carroll,2018-09-04 00:16:41-04:00,arviz/plots/densityplot.py
Colin Carroll,2018-09-04 18:55:25-04:00,arviz/inference_data.py
Colin Carroll,2018-09-04 22:18:32-04:00,arviz/inference_data.py
Colin Carroll,2018-09-04 22:30:01-04:00,scripts/create_testenv.sh
Ravin Kumar,2018-09-05 20:28:25-07:00,arviz/plots/traceplot.py
Ravin Kumar,2018-09-05 20:51:50-07:00,arviz/plots/posteriorplot.py
Ravin Kumar,2018-09-05 20:54:21-07:00,arviz/plots/pairplot.py
Ravin Kumar,2018-09-05 20:54:21-07:00,arviz/plots/parallelplot.py
Ravin Kumar,2018-09-05 20:54:21-07:00,arviz/tests/test_plots.py
Ravin Kumar,2018-09-05 20:54:21-07:00,examples/pairplot.py
Ravin Kumar,2018-09-05 20:55:55-07:00,arviz/plots/parallelplot.py
Ravin Kumar,2018-09-05 21:14:12-07:00,arviz/plots/pairplot.py
Ravin Kumar,2018-09-05 21:14:12-07:00,arviz/tests/test_plots.py
Colin Carroll,2018-09-06 06:43:10-07:00,arviz/plots/energyplot.py
Colin Carroll,2018-09-06 06:43:10-07:00,arviz/stats/stats.py
Colin Carroll,2018-09-06 06:43:10-07:00,arviz/tests/test_plots.py
Colin Carroll,2018-09-06 06:43:10-07:00,arviz/tests/test_stats.py
Colin Carroll,2018-09-06 06:43:10-07:00,arviz/plots/energyplot.py
Colin Carroll,2018-09-06 06:43:10-07:00,arviz/plots/energyplot.py
Colin Carroll,2018-09-06 06:43:36-07:00,README.md
Colin Carroll,2018-09-06 06:43:36-07:00,README.md
Colin Carroll,2018-09-06 06:43:36-07:00,README.md
Colin Carroll,2018-09-06 06:43:36-07:00,README.md
Colin Carroll,2018-09-06 06:43:36-07:00,README.md
Colin,2018-09-07 10:52:57-03:00,arviz/plots/forestplot.py
Ari Hartikainen,2018-09-07 19:35:32-04:00,arviz/tests/test_xarray_utils.py
Ari Hartikainen,2018-09-07 19:35:32-04:00,arviz/utils/xarray_utils.py
Ravin Kumar,2018-09-08 09:17:18-04:00,arviz/plots/pairplot.py
Ravin Kumar,2018-09-08 09:17:18-04:00,examples/pairplot.py
Colin,2018-09-08 10:33:44-07:00,examples/pairplot.py
Ravin Kumar,2018-09-08 11:00:33-07:00,arviz/plots/pairplot.py
Ravin Kumar,2018-09-08 11:00:33-07:00,examples/hexpairplot.py
Ravin Kumar,2018-09-08 11:00:33-07:00,examples/pairplot.py
Ravin Kumar,2018-09-08 11:00:33-07:00,examples/parallelplot.py
Ravin Kumar,2018-09-08 11:00:33-07:00,examples/ridgeplot.py
Ravin Kumar,2018-09-08 11:00:33-07:00,examples/violinplot.py
Colin,2018-09-09 13:21:37-04:00,arviz/utils/xarray_utils.py
Colin,2018-09-09 13:21:37-04:00,schema.md
Ari Hartikainen,2018-09-09 18:07:09-04:00,arviz/utils/xarray_utils.py
Colin,2018-09-10 07:39:48-04:00,arviz/data/centered_eight.nc
Colin,2018-09-10 07:39:48-04:00,arviz/data/non_centered_eight.nc
Colin,2018-09-10 07:39:48-04:00,arviz/inference_data.py
Colin,2018-09-10 07:39:48-04:00,arviz/plots/autocorrplot.py
Colin,2018-09-10 07:39:48-04:00,arviz/plots/ppcplot.py
Colin,2018-09-10 07:39:48-04:00,arviz/tests/test_plots.py
Colin,2018-09-10 07:39:48-04:00,arviz/utils/utils.py
Colin,2018-09-10 07:39:48-04:00,arviz/utils/xarray_utils.py
Colin,2018-09-10 07:39:48-04:00,examples/ppcplot.py
Colin,2018-09-10 07:39:48-04:00,examples/ppcplot_cumulative.py
Ravin Kumar,2018-09-11 08:00:27-03:00,arviz/plots/plot_utils.py
Ravin Kumar,2018-09-11 08:00:27-03:00,arviz/tests/test_plotutils.py
Ravin Kumar,2018-09-11 09:01:14-03:00,arviz/plots/pairplot.py
Ravin Kumar,2018-09-11 09:01:14-03:00,examples/hexpairplot.py
Ravin Kumar,2018-09-12 16:57:01-04:00,arviz/plots/plot_utils.py
Colin,2018-09-13 08:14:25-04:00,arviz/utils/xarray_utils.py
Colin,2018-09-13 08:14:25-04:00,schema.md
Osvaldo Martin,2018-09-13 09:22:10-03:00,arviz/plots/jointplot.py
Osvaldo Martin,2018-09-13 09:22:10-03:00,arviz/plots/kdeplot.py
Osvaldo Martin,2018-09-13 09:22:10-03:00,arviz/plots/pairplot.py
Osvaldo Martin,2018-09-13 13:15:08-07:00,arviz/plots/__init__.py
Osvaldo Martin,2018-09-13 13:15:08-07:00,arviz/plots/densityplot.py
Osvaldo Martin,2018-09-13 13:15:08-07:00,arviz/plots/forestplot.py
Osvaldo Martin,2018-09-13 13:15:08-07:00,arviz/plots/kdeplot.py
Osvaldo Martin,2018-09-13 13:15:08-07:00,arviz/plots/posteriorplot.py
Osvaldo Martin,2018-09-13 13:15:08-07:00,arviz/plots/violintraceplot.py
Ari Hartikainen,2018-09-13 22:50:20-04:00,arviz/utils/xarray_utils.py
Ravin Kumar,2018-09-15 18:13:09-07:00,arviz/plots/jointplot.py
Ravin Kumar,2018-09-15 18:13:09-07:00,arviz/plots/pairplot.py
Ravin Kumar,2018-09-15 18:13:09-07:00,arviz/plots/parallelplot.py
Ravin Kumar,2018-09-15 18:13:09-07:00,arviz/plots/plot_utils.py
Ravin Kumar,2018-09-15 18:13:09-07:00,arviz/plots/posteriorplot.py
Ravin Kumar,2018-09-15 18:13:09-07:00,arviz/plots/traceplot.py
Ravin Kumar,2018-09-15 18:13:09-07:00,arviz/tests/test_plotutils.py
Colin,2018-09-16 07:06:36-07:00,arviz/data/centered_eight.nc
Colin,2018-09-16 07:06:36-07:00,arviz/data/non_centered_eight.nc
Colin,2018-09-16 07:06:36-07:00,arviz/stats/diagnostics.py
Colin,2018-09-16 07:06:36-07:00,arviz/stats/stats.py
Colin,2018-09-16 07:06:36-07:00,arviz/tests/test_diagnostics.py
Colin,2018-09-16 07:06:36-07:00,arviz/tests/test_stats.py
Ravin Kumar,2018-09-16 12:25:57-04:00,examples/kdepairplot.py
Colin,2018-09-16 13:35:46-07:00,arviz/compat/__init__.py
Colin,2018-09-16 13:35:46-07:00,arviz/compat/optional_dep.py
Colin,2018-09-16 13:35:46-07:00,arviz/tests/test_utils.py
Colin,2018-09-16 13:35:46-07:00,arviz/utils/__init__.py
Colin,2018-09-16 13:35:46-07:00,arviz/utils/utils.py
Colin,2018-09-16 13:35:46-07:00,arviz/utils/xarray_utils.py
Colin,2018-09-16 22:04:38-04:00,MANIFEST.in
Colin,2018-09-16 22:04:38-04:00,arviz/data/centered_eight_trace.gzip
Colin,2018-09-16 22:04:38-04:00,arviz/data/non_centered_eight_trace.gzip
Colin,2018-09-17 07:35:27-04:00,arviz/__init__.py
Colin,2018-09-17 07:35:27-04:00,arviz/data/__init__.py
Colin,2018-09-17 07:35:27-04:00,arviz/data/_datasets/centered_eight.nc
Colin,2018-09-17 07:35:27-04:00,arviz/data/_datasets/non_centered_eight.nc
Colin,2018-09-17 07:35:27-04:00,arviz/data/convert/__init__.py
Colin,2018-09-17 07:35:27-04:00,arviz/data/convert/base.py
Colin,2018-09-17 07:35:27-04:00,arviz/data/convert/converters.py
Colin,2018-09-17 07:35:27-04:00,arviz/data/convert/from_pymc3.py
Colin,2018-09-17 07:35:27-04:00,arviz/data/convert/from_pystan.py
Colin,2018-09-17 07:35:27-04:00,arviz/data/inference_data.py
Colin,2018-09-17 07:35:27-04:00,arviz/data/io.py
Colin,2018-09-17 07:35:27-04:00,arviz/plots/autocorrplot.py
Colin,2018-09-17 07:35:27-04:00,arviz/plots/densityplot.py
Colin,2018-09-17 07:35:27-04:00,arviz/plots/energyplot.py
Colin,2018-09-17 07:35:27-04:00,arviz/plots/forestplot.py
Colin,2018-09-17 07:35:27-04:00,arviz/plots/jointplot.py
Colin,2018-09-17 07:35:27-04:00,arviz/plots/pairplot.py
Colin,2018-09-17 07:35:27-04:00,arviz/plots/parallelplot.py
Colin,2018-09-17 07:35:27-04:00,arviz/plots/posteriorplot.py
Colin,2018-09-17 07:35:27-04:00,arviz/plots/traceplot.py
Colin,2018-09-17 07:35:27-04:00,arviz/plots/violintraceplot.py
Colin,2018-09-17 07:35:27-04:00,arviz/stats/__init__.py
Colin,2018-09-17 07:35:27-04:00,arviz/stats/diagnostics.py
Colin,2018-09-17 07:35:27-04:00,arviz/stats/stats.py
Colin,2018-09-17 07:35:27-04:00,arviz/tests/test_data.py
Colin,2018-09-17 07:35:27-04:00,arviz/tests/test_plot_utils.py
Colin,2018-09-17 07:35:27-04:00,arviz/tests/test_plots.py
Colin,2018-09-17 07:35:27-04:00,arviz/utils/__init__.py
Colin,2018-09-17 07:35:27-04:00,arviz/utils/xarray_utils.py
Colin,2018-09-17 07:35:27-04:00,examples/ppcplot.py
Colin,2018-09-18 21:07:53-04:00,arviz/data/convert/from_pystan.py
Colin,2018-09-18 21:07:53-04:00,arviz/tests/helpers.py
Colin,2018-09-18 21:07:53-04:00,arviz/tests/test_data.py
Colin,2018-09-18 21:07:53-04:00,arviz/tests/test_plots.py
Ari Hartikainen,2018-09-18 22:26:55-07:00,arviz/data/convert/__init__.py
Ari Hartikainen,2018-09-18 22:26:55-07:00,arviz/data/convert/converters.py
Ari Hartikainen,2018-09-18 22:26:55-07:00,arviz/data/convert/io_pymc3.py
Ari Hartikainen,2018-09-18 22:26:55-07:00,arviz/data/convert/io_pystan.py
Ari Hartikainen,2018-09-18 22:26:55-07:00,arviz/plots/__init__.py
Ari Hartikainen,2018-09-18 22:26:55-07:00,arviz/plots/autocorrplot.py
Ari Hartikainen,2018-09-18 22:26:55-07:00,arviz/plots/compareplot.py
Ari Hartikainen,2018-09-18 22:26:55-07:00,arviz/plots/densityplot.py
Ari Hartikainen,2018-09-18 22:26:55-07:00,arviz/plots/energyplot.py
Ari Hartikainen,2018-09-18 22:26:55-07:00,arviz/plots/forestplot.py
Ari Hartikainen,2018-09-18 22:26:55-07:00,arviz/plots/jointplot.py
Ari Hartikainen,2018-09-18 22:26:55-07:00,arviz/plots/kdeplot.py
Ari Hartikainen,2018-09-18 22:26:55-07:00,arviz/plots/khatplot.py
Ari Hartikainen,2018-09-18 22:26:55-07:00,arviz/plots/pairplot.py
Ari Hartikainen,2018-09-18 22:26:55-07:00,arviz/plots/parallelplot.py
Ari Hartikainen,2018-09-18 22:26:55-07:00,arviz/plots/posteriorplot.py
Ari Hartikainen,2018-09-18 22:26:55-07:00,arviz/plots/ppcplot.py
Ari Hartikainen,2018-09-18 22:26:55-07:00,arviz/plots/traceplot.py
Ari Hartikainen,2018-09-18 22:26:55-07:00,arviz/plots/violinplot.py
Ari Hartikainen,2018-09-18 22:26:55-07:00,arviz/tests/test_data.py
Ari Hartikainen,2018-09-18 22:26:55-07:00,arviz/tests/test_plots.py
Ari Hartikainen,2018-09-18 22:26:55-07:00,doc/index.rst
Ari Hartikainen,2018-09-18 22:26:55-07:00,examples/autocorrplot.py
Ari Hartikainen,2018-09-18 22:26:55-07:00,examples/compareplot.py
Ari Hartikainen,2018-09-18 22:26:55-07:00,examples/densityplot.py
Ari Hartikainen,2018-09-18 22:26:55-07:00,examples/energyplot.py
Ari Hartikainen,2018-09-18 22:26:55-07:00,examples/forestplot.py
Ari Hartikainen,2018-09-18 22:26:55-07:00,examples/hexpairplot.py
Ari Hartikainen,2018-09-18 22:26:55-07:00,examples/jointplot.py
Ari Hartikainen,2018-09-18 22:26:55-07:00,examples/kdepairplot.py
Ari Hartikainen,2018-09-18 22:26:55-07:00,examples/kdeplot.py
Ari Hartikainen,2018-09-18 22:26:55-07:00,examples/pairplot.py
Ari Hartikainen,2018-09-18 22:26:55-07:00,examples/parallelplot.py
Ari Hartikainen,2018-09-18 22:26:55-07:00,examples/posteriorplot.py
Ari Hartikainen,2018-09-18 22:26:55-07:00,examples/ppcplot.py
Ari Hartikainen,2018-09-18 22:26:55-07:00,examples/ppcplot_cumulative.py
Ari Hartikainen,2018-09-18 22:26:55-07:00,examples/ridgeplot.py
Ari Hartikainen,2018-09-18 22:26:55-07:00,examples/traceplot.py
Ari Hartikainen,2018-09-18 22:26:55-07:00,examples/violinplot.py
Colin,2018-09-19 10:15:59-04:00,arviz/stats/stats.py
Colin,2018-09-19 10:15:59-04:00,doc/api.rst
Colin,2018-09-19 10:15:59-04:00,doc/conf.py
Colin,2018-09-19 10:15:59-04:00,doc/index.rst
Colin,2018-09-19 10:15:59-04:00,doc/installation.rst
Colin,2018-09-19 10:15:59-04:00,doc/notebooks/Introduction.ipynb
Colin,2018-09-19 10:15:59-04:00,doc/notebooks/trace.gzip
Colin,2018-09-19 10:15:59-04:00,examples/compareplot.py
Colin,2018-09-19 10:15:59-04:00,examples/energyplot.py
Colin,2018-09-19 10:15:59-04:00,examples/parallelplot.py
Colin,2018-09-19 10:15:59-04:00,examples/plot_autocorr.py
Colin,2018-09-19 10:15:59-04:00,examples/plot_compare.py
Colin,2018-09-19 10:15:59-04:00,examples/plot_density.py
Colin,2018-09-19 10:15:59-04:00,examples/plot_energy.py
Colin,2018-09-19 10:15:59-04:00,examples/plot_forest.py
Colin,2018-09-19 10:15:59-04:00,examples/plot_forest_ridge.py
Colin,2018-09-19 10:15:59-04:00,examples/plot_joint.py
Colin,2018-09-19 10:15:59-04:00,examples/plot_kde.py
Colin,2018-09-19 10:15:59-04:00,examples/plot_pair.py
Colin,2018-09-19 10:15:59-04:00,examples/plot_pair_hex.py
Colin,2018-09-19 10:15:59-04:00,examples/plot_pair_kde.py
Colin,2018-09-19 10:15:59-04:00,examples/plot_parallel.py
Colin,2018-09-19 10:15:59-04:00,examples/plot_posterior.py
Colin,2018-09-19 10:15:59-04:00,examples/plot_ppc.py
Colin,2018-09-19 10:15:59-04:00,examples/plot_ppc_cumulative.py
Colin,2018-09-19 10:15:59-04:00,examples/plot_trace.py
Colin,2018-09-19 10:15:59-04:00,examples/plot_violin.py
Ari Hartikainen,2018-09-19 17:41:50-04:00,arviz/plots/pairplot.py
Ari Hartikainen,2018-09-19 17:41:50-04:00,arviz/plots/parallelplot.py
Ari Hartikainen,2018-09-19 17:41:50-04:00,arviz/plots/plot_utils.py
Ari Hartikainen,2018-09-19 17:41:50-04:00,arviz/tests/test_plot_utils.py
Ari Hartikainen,2018-09-20 01:33:53+03:00,arviz/plots/ppcplot.py
Ravin Kumar,2018-09-19 19:17:12-07:00,arviz/data/__init__.py
Ravin Kumar,2018-09-19 19:17:12-07:00,arviz/data/base.py
Ravin Kumar,2018-09-19 19:17:12-07:00,arviz/data/convert/__init__.py
Ravin Kumar,2018-09-19 19:17:12-07:00,arviz/data/converters.py
Ravin Kumar,2018-09-19 19:17:12-07:00,arviz/data/io_netcdf.py
Ravin Kumar,2018-09-19 19:17:12-07:00,arviz/data/io_pymc3.py
Ravin Kumar,2018-09-19 19:17:12-07:00,arviz/data/io_pystan.py
Ari Hartikainen,2018-09-20 07:31:08+03:00,arviz/data/io_pystan.py
Ari Hartikainen,2018-09-20 07:31:08+03:00,arviz/tests/test_data.py
Ari Hartikainen,2018-09-20 08:34:45-04:00,arviz/plots/plot_utils.py
Ari Hartikainen,2018-09-20 08:34:45-04:00,arviz/tests/test_plot_utils.py
Colin,2018-09-20 09:46:58-04:00,README.md
Ari Hartikainen,2018-09-20 11:32:27-03:00,arviz/data/io_pystan.py
Ari Hartikainen,2018-09-20 11:32:27-03:00,arviz/plots/ppcplot.py
Ari Hartikainen,2018-09-20 11:32:27-03:00,arviz/tests/test_plots.py
Osvaldo Martin,2018-09-20 14:33:56-04:00,arviz/data/io_pymc3.py
Ravin Kumar,2018-09-20 14:34:39-04:00,arviz/plots/kdeplot.py
Ravin Kumar,2018-09-20 14:34:39-04:00,arviz/plots/ppcplot.py
Ravin Kumar,2018-09-20 14:34:39-04:00,examples/plot_kde.py
Ravin Kumar,2018-09-20 14:35:05-04:00,arviz/data/converters.py
Ravin Kumar,2018-09-20 14:35:05-04:00,arviz/data/io_pymc3.py
Ravin Kumar,2018-09-20 14:35:05-04:00,arviz/data/io_pystan.py
Ravin Kumar,2018-09-20 14:35:05-04:00,arviz/plots/autocorrplot.py
Ravin Kumar,2018-09-20 14:35:05-04:00,arviz/plots/densityplot.py
Ravin Kumar,2018-09-20 14:35:05-04:00,arviz/plots/energyplot.py
Ravin Kumar,2018-09-20 14:35:05-04:00,arviz/plots/forestplot.py
Ravin Kumar,2018-09-20 14:35:05-04:00,arviz/plots/jointplot.py
Ravin Kumar,2018-09-20 14:35:05-04:00,arviz/plots/pairplot.py
Ravin Kumar,2018-09-20 14:35:05-04:00,arviz/plots/parallelplot.py
Ravin Kumar,2018-09-20 14:35:05-04:00,arviz/plots/posteriorplot.py
Ravin Kumar,2018-09-20 14:35:05-04:00,arviz/plots/traceplot.py
Ravin Kumar,2018-09-20 14:35:05-04:00,arviz/plots/violinplot.py
Ravin Kumar,2018-09-20 20:49:56-07:00,arviz/data/converters.py
Ravin Kumar,2018-09-20 20:49:56-07:00,arviz/data/io_netcdf.py
Ravin Kumar,2018-09-20 20:49:56-07:00,arviz/plots/autocorrplot.py
Ravin Kumar,2018-09-20 20:49:56-07:00,arviz/plots/densityplot.py
Ravin Kumar,2018-09-20 20:49:56-07:00,arviz/plots/forestplot.py
Ravin Kumar,2018-09-20 20:49:56-07:00,arviz/plots/jointplot.py
Ravin Kumar,2018-09-20 20:49:56-07:00,arviz/plots/pairplot.py
Ravin Kumar,2018-09-20 20:49:56-07:00,arviz/plots/parallelplot.py
Ravin Kumar,2018-09-20 20:49:56-07:00,arviz/plots/posteriorplot.py
Ravin Kumar,2018-09-20 20:49:56-07:00,arviz/plots/traceplot.py
Ravin Kumar,2018-09-20 20:49:56-07:00,arviz/plots/violinplot.py
Ravin Kumar,2018-09-20 20:49:56-07:00,arviz/stats/diagnostics.py
Ravin Kumar,2018-09-20 20:49:56-07:00,arviz/stats/stats.py
Ravin Kumar,2018-09-20 20:49:56-07:00,doc/api.rst
Osvaldo Martin,2018-09-21 10:42:41-03:00,arviz/data/__init__.py
Osvaldo Martin,2018-09-21 10:42:41-03:00,arviz/plots/__init__.py
Osvaldo Martin,2018-09-21 10:42:41-03:00,arviz/stats/__init__.py
Osvaldo Martin,2018-09-21 12:19:22-03:00,arviz/data/__init__.py
Colin,2018-09-21 16:00:50-04:00,setup.py
Ari Hartikainen,2018-09-22 01:42:05+03:00,arviz/data/io_pystan.py
Colin,2018-09-21 18:30:02-07:00,setup.py
Osvaldo Martin,2018-09-22 00:25:29-04:00,arviz/plots/autocorrplot.py
Osvaldo Martin,2018-09-22 00:25:29-04:00,arviz/plots/compareplot.py
Osvaldo Martin,2018-09-22 00:25:29-04:00,arviz/plots/densityplot.py
Osvaldo Martin,2018-09-22 00:25:29-04:00,arviz/plots/energyplot.py
Osvaldo Martin,2018-09-22 00:25:29-04:00,arviz/plots/forestplot.py
Osvaldo Martin,2018-09-22 00:25:29-04:00,arviz/plots/jointplot.py
Osvaldo Martin,2018-09-22 00:25:29-04:00,arviz/plots/kdeplot.py
Osvaldo Martin,2018-09-22 00:25:29-04:00,arviz/plots/khatplot.py
Osvaldo Martin,2018-09-22 00:25:29-04:00,arviz/plots/pairplot.py
Osvaldo Martin,2018-09-22 00:25:29-04:00,arviz/plots/parallelplot.py
Osvaldo Martin,2018-09-22 00:25:29-04:00,arviz/plots/plot_utils.py
Osvaldo Martin,2018-09-22 00:25:29-04:00,arviz/plots/posteriorplot.py
Osvaldo Martin,2018-09-22 00:25:29-04:00,arviz/plots/ppcplot.py
Osvaldo Martin,2018-09-22 00:25:29-04:00,arviz/plots/traceplot.py
Osvaldo Martin,2018-09-22 00:25:29-04:00,arviz/plots/violinplot.py
Ari Hartikainen,2018-09-22 05:09:29-07:00,doc/index.rst
Ravin Kumar,2018-09-22 07:20:46-07:00,doc/notebooks/XarrayforArviZ.ipynb
Colin,2018-09-22 19:42:41-04:00,examples/plot_kde_2d.py
Osvaldo Martin,2018-09-24 06:59:49-07:00,arviz/plots/ppcplot.py
Ravin Kumar,2018-09-24 22:17:59+03:00,arviz/stats/diagnostics.py
Ravin Kumar,2018-09-24 22:17:59+03:00,arviz/stats/stats.py
Ravin Kumar,2018-09-25 00:43:53-04:00,arviz/plots/jointplot.py
Ravin Kumar,2018-09-25 00:43:53-04:00,arviz/plots/pairplot.py
Ravin Kumar,2018-09-25 00:43:53-04:00,arviz/plots/posteriorplot.py
Ravin Kumar,2018-09-25 00:43:53-04:00,arviz/plots/traceplot.py
Ravin Kumar,2018-09-25 00:43:53-04:00,arviz/plots/violinplot.py
Colin,2018-09-25 17:08:59-07:00,arviz/plots/pairplot.py
Colin,2018-09-25 17:08:59-07:00,requirements.txt
Ravin Kumar,2018-09-25 17:09:20-07:00,arviz/tests/test_plots.py
Ravin Kumar,2018-09-25 21:43:26-04:00,arviz/tests/test_plots.py
Ravin Kumar,2018-09-27 07:31:36-03:00,doc/notebooks/XarrayforArviZ.ipynb
Ravin Kumar,2018-09-27 08:14:20-04:00,arviz/tests/test_plots.py
Ravin Kumar,2018-09-27 08:33:58-04:00,arviz/tests/test_data.py
Ravin Kumar,2018-09-27 23:44:26-04:00,arviz/tests/test_plots.py
Ravin Kumar,2018-09-27 22:55:34-07:00,arviz/tests/test_plots.py
Ravin Kumar,2018-09-28 07:33:24-04:00,arviz/tests/test_plots.py
Ravin Kumar,2018-09-29 10:41:08-04:00,doc/notebooks/XarrayforArviZ.ipynb
Ravin Kumar,2018-09-29 21:25:20-04:00,arviz/tests/test_plot_utils.py
Ravin Kumar,2018-09-29 21:25:20-04:00,scripts/create_testenv.sh
Colin,2018-09-29 21:40:17-04:00,arviz/data/__init__.py
Colin,2018-09-29 21:40:17-04:00,arviz/data/converters.py
Colin,2018-09-29 21:40:17-04:00,arviz/data/io_emcee.py
Colin,2018-09-29 21:40:17-04:00,arviz/plots/pairplot.py
Colin,2018-09-29 21:40:17-04:00,arviz/tests/helpers.py
Colin,2018-09-29 21:40:17-04:00,arviz/tests/test_data.py
Colin,2018-09-29 21:40:17-04:00,arviz/tests/test_plots.py
Colin,2018-09-29 21:40:17-04:00,requirements-dev.txt
Colin,2018-09-29 22:46:33-04:00,doc/conf.py
Ravin Kumar,2018-09-29 23:55:48-04:00,arviz/plots/khatplot.py
Ravin Kumar,2018-09-29 23:55:48-04:00,arviz/plots/pairplot.py
Ravin Kumar,2018-09-29 23:55:48-04:00,arviz/tests/pytest.ini
Ravin Kumar,2018-09-29 23:55:48-04:00,arviz/tests/test_plots.py
Ravin Kumar,2018-09-30 11:56:36-04:00,arviz/tests/test_plot_utils.py
Colin,2018-09-30 10:05:51-07:00,arviz/plots/traceplot.py
Colin,2018-09-30 10:05:51-07:00,arviz/tests/test_plots.py
Ari Hartikainen,2018-09-30 14:02:30-04:00,.pylintrc
Ari Hartikainen,2018-09-30 14:02:30-04:00,arviz/data/__init__.py
Ari Hartikainen,2018-09-30 14:02:30-04:00,arviz/data/io_cmdstan.py
Ari Hartikainen,2018-09-30 14:02:30-04:00,arviz/data/io_pystan.py
Ari Hartikainen,2018-09-30 14:02:30-04:00,arviz/tests/saved_models/cmdstan/combined_output_no_warmup.csv
Ari Hartikainen,2018-09-30 14:02:30-04:00,arviz/tests/saved_models/cmdstan/combined_output_warmup.csv
Ari Hartikainen,2018-09-30 14:02:30-04:00,arviz/tests/saved_models/cmdstan/eight_schools.data.R
Ari Hartikainen,2018-09-30 14:02:30-04:00,arviz/tests/saved_models/cmdstan/eight_schools_output1.csv
Ari Hartikainen,2018-09-30 14:02:30-04:00,arviz/tests/saved_models/cmdstan/eight_schools_output2.csv
Ari Hartikainen,2018-09-30 14:02:30-04:00,arviz/tests/saved_models/cmdstan/eight_schools_output3.csv
Ari Hartikainen,2018-09-30 14:02:30-04:00,arviz/tests/saved_models/cmdstan/eight_schools_output4.csv
Ari Hartikainen,2018-09-30 14:02:30-04:00,arviz/tests/saved_models/cmdstan/output_no_warmup1.csv
Ari Hartikainen,2018-09-30 14:02:30-04:00,arviz/tests/saved_models/cmdstan/output_no_warmup2.csv
Ari Hartikainen,2018-09-30 14:02:30-04:00,arviz/tests/saved_models/cmdstan/output_no_warmup3.csv
Ari Hartikainen,2018-09-30 14:02:30-04:00,arviz/tests/saved_models/cmdstan/output_no_warmup4.csv
Ari Hartikainen,2018-09-30 14:02:30-04:00,arviz/tests/saved_models/cmdstan/output_warmup1.csv
Ari Hartikainen,2018-09-30 14:02:30-04:00,arviz/tests/saved_models/cmdstan/output_warmup2.csv
Ari Hartikainen,2018-09-30 14:02:30-04:00,arviz/tests/saved_models/cmdstan/output_warmup3.csv
Ari Hartikainen,2018-09-30 14:02:30-04:00,arviz/tests/saved_models/cmdstan/output_warmup4.csv
Ari Hartikainen,2018-09-30 14:02:30-04:00,arviz/tests/test_data.py
Ari Hartikainen,2018-10-02 00:34:15+03:00,arviz/data/base.py
Ari Hartikainen,2018-10-02 00:34:15+03:00,arviz/data/io_cmdstan.py
Ari Hartikainen,2018-10-02 00:34:15+03:00,arviz/tests/saved_models/cmdstan/combined_missing_adaptation.csv
Ari Hartikainen,2018-10-02 00:34:15+03:00,arviz/tests/saved_models/cmdstan/combined_missing_config.csv
Ari Hartikainen,2018-10-02 00:34:15+03:00,arviz/tests/saved_models/cmdstan/combined_missing_timing1.csv
Ari Hartikainen,2018-10-02 00:34:15+03:00,arviz/tests/saved_models/cmdstan/combined_missing_timing2.csv
Ari Hartikainen,2018-10-02 00:34:15+03:00,arviz/tests/saved_models/cmdstan/example_stan.data.R
Ari Hartikainen,2018-10-02 00:34:15+03:00,arviz/tests/test_data.py
Ravin Kumar,2018-10-01 18:27:49-04:00,doc/api.rst
Ari Hartikainen,2018-10-01 18:44:49-04:00,arviz/plots/forestplot.py
Osvaldo Martin,2018-10-03 09:13:55-04:00,arviz/stats/stats.py
Colin,2018-10-03 10:30:09-04:00,arviz/data/__init__.py
Colin,2018-10-03 10:30:09-04:00,arviz/data/converters.py
Colin,2018-10-03 10:30:09-04:00,arviz/data/io_pyro.py
Colin,2018-10-03 10:30:09-04:00,arviz/tests/helpers.py
Colin,2018-10-03 10:30:09-04:00,arviz/tests/test_plots.py
Colin,2018-10-03 10:30:09-04:00,requirements-dev.txt
Colin,2018-10-03 10:30:09-04:00,scripts/create_testenv.sh
Ravin Kumar,2018-10-03 12:55:15-04:00,doc/api.rst
Ravin Kumar,2018-10-03 12:55:15-04:00,doc/notebooks/InferenceDataCookBook.ipynb
Colin,2018-10-03 13:21:10-04:00,arviz/data/_datasets/centered_eight.nc
Colin,2018-10-03 13:21:10-04:00,arviz/data/_datasets/non_centered_eight.nc
Colin,2018-10-03 13:21:10-04:00,arviz/data/base.py
Colin,2018-10-03 13:21:10-04:00,arviz/data/io_emcee.py
Colin,2018-10-03 13:21:10-04:00,arviz/data/io_pymc3.py
Colin,2018-10-03 13:21:10-04:00,arviz/data/io_pyro.py
Colin,2018-10-03 13:21:10-04:00,arviz/data/io_pystan.py
Colin,2018-10-03 13:21:10-04:00,arviz/tests/test_plots.py
Osvaldo Martin,2018-10-03 16:42:39-04:00,doc/logo/ArviZ.jpg
Osvaldo Martin,2018-10-03 16:42:39-04:00,doc/logo/ArviZ.pdf
Osvaldo Martin,2018-10-03 16:42:39-04:00,doc/logo/ArviZ.png
Osvaldo Martin,2018-10-03 16:42:39-04:00,doc/logo/ArviZ.svg
Osvaldo Martin,2018-10-03 16:42:39-04:00,doc/logo/generate_logo.py
Colin,2018-10-03 17:42:37-04:00,doc/conf.py
Colin,2018-10-03 17:42:37-04:00,doc/index.rst
Colin,2018-10-03 17:42:37-04:00,doc/notebooks/InferenceDataCookbook.ipynb
Colin,2018-10-03 17:42:37-04:00,doc/notebooks/XarrayforArviZ.ipynb
Colin,2018-10-03 19:41:55-04:00,requirements.txt
Colin,2018-10-03 19:41:55-04:00,setup.py
Colin,2018-10-03 20:41:00-04:00,arviz/__init__.py
Colin,2018-10-03 21:23:24-04:00,arviz/__init__.py
Colin,2018-10-03 21:23:24-04:00,setup.py
Ravin Kumar,2018-10-04 11:40:43-04:00,doc/notebooks/InferenceDataCookbook.ipynb
Ravin Kumar,2018-10-04 11:40:43-04:00,doc/sphinxext/gallery_generator.py
Osvaldo Martin,2018-10-07 21:13:47-04:00,arviz/plots/autocorrplot.py
Osvaldo Martin,2018-10-07 21:13:47-04:00,arviz/plots/compareplot.py
Osvaldo Martin,2018-10-07 21:13:47-04:00,arviz/plots/densityplot.py
Osvaldo Martin,2018-10-07 21:13:47-04:00,arviz/plots/energyplot.py
Osvaldo Martin,2018-10-07 21:13:47-04:00,arviz/plots/forestplot.py
Osvaldo Martin,2018-10-07 21:13:47-04:00,arviz/plots/jointplot.py
Osvaldo Martin,2018-10-07 21:13:47-04:00,arviz/plots/kdeplot.py
Osvaldo Martin,2018-10-07 21:13:47-04:00,arviz/plots/khatplot.py
Osvaldo Martin,2018-10-07 21:13:47-04:00,arviz/plots/pairplot.py
Osvaldo Martin,2018-10-07 21:13:47-04:00,arviz/plots/parallelplot.py
Osvaldo Martin,2018-10-07 21:13:47-04:00,arviz/plots/plot_utils.py
Osvaldo Martin,2018-10-07 21:13:47-04:00,arviz/plots/posteriorplot.py
Osvaldo Martin,2018-10-07 21:13:47-04:00,arviz/plots/ppcplot.py
Osvaldo Martin,2018-10-07 21:13:47-04:00,arviz/plots/styles/arviz-darkgrid.mplstyle
Osvaldo Martin,2018-10-07 21:13:47-04:00,arviz/plots/styles/arviz-whitegrid.mplstyle
Osvaldo Martin,2018-10-07 21:13:47-04:00,arviz/plots/traceplot.py
Osvaldo Martin,2018-10-07 21:13:47-04:00,arviz/plots/violinplot.py
Ravin Kumar,2018-10-08 08:05:50-07:00,arviz/tests/conftest.py
Ravin Kumar,2018-10-08 08:05:50-07:00,arviz/tests/test_plots.py
Ari Hartikainen,2018-10-09 07:28:25+03:00,arviz/stats/diagnostics.py
Ari Hartikainen,2018-10-09 07:28:25+03:00,arviz/stats/stats.py
Ari Hartikainen,2018-10-09 07:28:25+03:00,arviz/tests/test_stats.py
Colin,2018-10-09 07:15:39-07:00,arviz/plots/posteriorplot.py
Ravin Kumar,2018-10-09 13:29:21-03:00,CONTRIBUTING.md
Osvaldo Martin,2018-10-09 13:31:05-03:00,arviz/stats/diagnostics.py
Osvaldo Martin,2018-10-09 13:31:05-03:00,arviz/stats/stats.py
Osvaldo Martin,2018-10-09 13:31:14-03:00,arviz/plots/forestplot.py
Osvaldo Martin,2018-10-09 13:31:14-03:00,arviz/tests/test_plots.py
Osvaldo Martin,2018-10-09 13:52:58-04:00,examples/plot_forest_ridge.py
Ravin Kumar,2018-10-09 13:59:03-04:00,arviz/tests/test_plots.py
Colin,2018-10-10 08:17:14-04:00,arviz/plots/forestplot.py
Colin,2018-10-10 08:17:14-04:00,arviz/plots/pairplot.py
Osvaldo Martin,2018-10-10 11:58:08-03:00,arviz/plots/plot_utils.py
Osvaldo Martin,2018-10-10 11:58:08-03:00,arviz/plots/posteriorplot.py
Osvaldo Martin,2018-10-10 11:58:08-03:00,examples/plot_compare.py
Osvaldo Martin,2018-10-10 11:58:08-03:00,examples/plot_forest.py
Osvaldo Martin,2018-10-10 11:58:08-03:00,examples/plot_forest_ridge.py
Osvaldo Martin,2018-10-10 11:58:08-03:00,examples/plot_kde.py
Osvaldo Martin,2018-10-10 11:58:08-03:00,examples/plot_pair.py
Osvaldo Martin,2018-10-10 11:58:08-03:00,examples/plot_pair_kde.py
Osvaldo Martin,2018-10-10 11:58:08-03:00,examples/plot_parallel.py
Osvaldo Martin,2018-10-10 11:58:08-03:00,examples/plot_posterior.py
Osvaldo Martin,2018-10-10 11:58:08-03:00,examples/plot_ppc_cumulative.py
Osvaldo Martin,2018-10-10 11:58:08-03:00,examples/plot_violin.py
Colin,2018-10-10 12:31:12-04:00,examples/plot_pair.py
Ravin Kumar,2018-10-11 09:22:17-04:00,.pylintrc
Ravin Kumar,2018-10-11 09:22:17-04:00,CONTRIBUTING.md
Ravin Kumar,2018-10-11 09:22:17-04:00,README.md
Ravin Kumar,2018-10-11 09:22:17-04:00,arviz/__init__.py
Ravin Kumar,2018-10-11 09:22:17-04:00,arviz/data/__init__.py
Ravin Kumar,2018-10-11 09:22:17-04:00,arviz/data/base.py
Ravin Kumar,2018-10-11 09:22:17-04:00,arviz/data/converters.py
Ravin Kumar,2018-10-11 09:22:17-04:00,arviz/data/inference_data.py
Ravin Kumar,2018-10-11 09:22:17-04:00,arviz/data/io_cmdstan.py
Ravin Kumar,2018-10-11 09:22:17-04:00,arviz/data/io_emcee.py
Ravin Kumar,2018-10-11 09:22:17-04:00,arviz/data/io_netcdf.py
Ravin Kumar,2018-10-11 09:22:17-04:00,arviz/data/io_pymc3.py
Ravin Kumar,2018-10-11 09:22:17-04:00,arviz/data/io_pyro.py
Ravin Kumar,2018-10-11 09:22:17-04:00,arviz/data/io_pystan.py
Ravin Kumar,2018-10-11 09:22:17-04:00,arviz/plots/__init__.py
Ravin Kumar,2018-10-11 09:22:17-04:00,arviz/plots/autocorrplot.py
Ravin Kumar,2018-10-11 09:22:17-04:00,arviz/plots/compareplot.py
Ravin Kumar,2018-10-11 09:22:17-04:00,arviz/plots/densityplot.py
Ravin Kumar,2018-10-11 09:22:17-04:00,arviz/plots/energyplot.py
Ravin Kumar,2018-10-11 09:22:17-04:00,arviz/plots/forestplot.py
Ravin Kumar,2018-10-11 09:22:17-04:00,arviz/plots/jointplot.py
Ravin Kumar,2018-10-11 09:22:17-04:00,arviz/plots/kdeplot.py
Ravin Kumar,2018-10-11 09:22:17-04:00,arviz/plots/khatplot.py
Ravin Kumar,2018-10-11 09:22:17-04:00,arviz/plots/pairplot.py
Ravin Kumar,2018-10-11 09:22:17-04:00,arviz/plots/parallelplot.py
Ravin Kumar,2018-10-11 09:22:17-04:00,arviz/plots/plot_utils.py
Ravin Kumar,2018-10-11 09:22:17-04:00,arviz/plots/posteriorplot.py
Ravin Kumar,2018-10-11 09:22:17-04:00,arviz/plots/ppcplot.py
Ravin Kumar,2018-10-11 09:22:17-04:00,arviz/plots/traceplot.py
Ravin Kumar,2018-10-11 09:22:17-04:00,arviz/plots/violinplot.py
Ravin Kumar,2018-10-11 09:22:17-04:00,arviz/stats/__init__.py
Ravin Kumar,2018-10-11 09:22:17-04:00,arviz/stats/diagnostics.py
Ravin Kumar,2018-10-11 09:22:17-04:00,arviz/stats/stats.py
Ravin Kumar,2018-10-11 09:22:17-04:00,arviz/tests/conftest.py
Ravin Kumar,2018-10-11 09:22:17-04:00,arviz/tests/helpers.py
Ravin Kumar,2018-10-11 09:22:17-04:00,arviz/tests/test_data.py
Ravin Kumar,2018-10-11 09:22:17-04:00,arviz/tests/test_diagnostics.py
Ravin Kumar,2018-10-11 09:22:17-04:00,arviz/tests/test_plot_utils.py
Ravin Kumar,2018-10-11 09:22:17-04:00,arviz/tests/test_plots.py
Ravin Kumar,2018-10-11 09:22:17-04:00,arviz/tests/test_stats.py
Ravin Kumar,2018-10-11 09:22:17-04:00,doc/index.rst
Ravin Kumar,2018-10-11 09:22:17-04:00,pyproject.toml
Ravin Kumar,2018-10-11 09:22:17-04:00,requirements-dev.txt
Ravin Kumar,2018-10-11 09:22:17-04:00,scripts/lint.sh
Ari Hartikainen,2018-10-13 13:27:49+03:00,arviz/tests/helpers.py
Ari Hartikainen,2018-10-13 13:27:49+03:00,arviz/tests/test_data.py
Ari Hartikainen,2018-10-13 15:44:44+03:00,arviz/tests/helpers.py
Ari Hartikainen,2018-10-13 15:44:44+03:00,arviz/tests/test_data.py
Thummanoon Kunanuntakij,2018-10-13 06:56:45-07:00,.travis.yml
Thummanoon Kunanuntakij,2018-10-13 06:56:45-07:00,scripts/create_testenv.sh
Ravin Kumar,2018-10-13 10:23:57-04:00,arviz/plots/autocorrplot.py
Ravin Kumar,2018-10-13 10:23:57-04:00,arviz/plots/densityplot.py
Ravin Kumar,2018-10-13 10:23:57-04:00,arviz/plots/forestplot.py
Ravin Kumar,2018-10-13 10:23:57-04:00,arviz/plots/jointplot.py
Ravin Kumar,2018-10-13 10:23:57-04:00,arviz/plots/pairplot.py
Ravin Kumar,2018-10-13 10:23:57-04:00,arviz/plots/parallelplot.py
Ravin Kumar,2018-10-13 10:23:57-04:00,arviz/plots/posteriorplot.py
Ravin Kumar,2018-10-13 10:23:57-04:00,arviz/plots/traceplot.py
Ravin Kumar,2018-10-13 10:23:57-04:00,arviz/plots/violinplot.py
Ravin Kumar,2018-10-13 10:23:57-04:00,arviz/stats/diagnostics.py
Ravin Kumar,2018-10-13 10:23:57-04:00,arviz/stats/stats.py
Ravin Kumar,2018-10-13 10:23:57-04:00,arviz/tests/test_diagnostics.py
Ravin Kumar,2018-10-13 10:23:57-04:00,arviz/tests/test_plots.py
Ravin Kumar,2018-10-13 10:23:57-04:00,arviz/tests/test_stats.py
Ravin Kumar,2018-10-13 10:23:57-04:00,arviz/tests/test_utils.py
Ravin Kumar,2018-10-13 10:23:57-04:00,arviz/utils.py
Thummanoon Kunanuntakij,2018-10-13 09:09:50-07:00,arviz/stats/stats.py
Thummanoon Kunanuntakij,2018-10-13 13:05:43-04:00,arviz/stats/stats.py
Ravin Kumar,2018-10-16 20:32:25-04:00,CONTRIBUTING.md
Ravin Kumar,2018-10-16 20:32:25-04:00,arviz/tests/helpers.py
Ravin Kumar,2018-10-16 20:32:25-04:00,arviz/tests/test_data.py
Ravin Kumar,2018-10-16 20:32:25-04:00,arviz/tests/test_diagnostics.py
Ravin Kumar,2018-10-16 20:32:25-04:00,arviz/tests/test_stats.py
Moritz Freidank,2018-10-18 05:29:51-07:00,arviz/plots/khatplot.py
Colin,2018-10-18 20:56:45-07:00,arviz/data/__init__.py
Colin,2018-10-18 20:56:45-07:00,arviz/data/datasets.py
Colin,2018-10-18 20:56:45-07:00,arviz/data/io_netcdf.py
Colin,2018-10-18 20:56:45-07:00,arviz/tests/test_data.py
Matt Boggess,2018-10-22 19:46:49-04:00,arviz/plots/ppcplot.py
Osvaldo Martin,2018-10-26 19:46:16-07:00,arviz/stats/stats.py
Osvaldo Martin,2018-10-26 19:46:16-07:00,arviz/tests/test_stats.py
Osvaldo Martin,2018-10-27 23:38:32+03:00,arviz/plots/densityplot.py
Osvaldo Martin,2018-10-27 23:38:32+03:00,arviz/tests/test_plots.py
Matt Boggess,2018-10-29 23:55:13-04:00,arviz/plots/ppcplot.py
Ari Hartikainen,2018-11-01 07:35:19-07:00,arviz/tests/helpers.py
Colin,2018-11-01 22:50:55-07:00,arviz/plots/plot_utils.py
Ari Hartikainen,2018-11-03 16:22:51-07:00,arviz/data/converters.py
Ari Hartikainen,2018-11-03 16:22:51-07:00,arviz/data/io_cmdstan.py
Ari Hartikainen,2018-11-03 16:22:51-07:00,arviz/data/io_pystan.py
Ari Hartikainen,2018-11-03 16:22:51-07:00,arviz/tests/helpers.py
Ari Hartikainen,2018-11-03 16:22:51-07:00,arviz/tests/test_data.py
Colin,2018-11-05 07:48:52-03:00,arviz/plots/traceplot.py
Colin,2018-11-05 07:48:52-03:00,arviz/tests/test_plots.py
Ravin Kumar,2018-11-05 21:39:26-08:00,README.md
Ravin Kumar,2018-11-05 21:39:26-08:00,scripts/Dockerfile
Ravin Kumar,2018-11-05 21:39:26-08:00,scripts/container.sh
Ravin Kumar,2018-11-05 21:39:26-08:00,scripts/create_testenv.sh
Ravin Kumar,2018-11-05 21:39:26-08:00,scripts/start_container.sh
Osvaldo Martin,2018-11-08 21:18:05-05:00,arviz/plots/forestplot.py
Osvaldo Martin,2018-11-08 21:18:05-05:00,arviz/plots/plot_utils.py
Osvaldo Martin,2018-11-11 07:34:54-08:00,arviz/plots/kdeplot.py
Thummanoon Kunanuntakij,2018-11-12 07:49:15-08:00,arviz/__init__.py
Ravin Kumar,2018-11-13 15:34:48-08:00,Code_of_Conduct.MD
Ravin Kumar,2018-11-13 15:34:48-08:00,README.md
Ari Hartikainen,2018-11-14 06:34:59-08:00,arviz/data/io_pystan.py
Ravin Kumar,2018-11-14 12:19:38-08:00,.pylintrc
Ravin Kumar,2018-11-14 12:19:38-08:00,arviz/__init__.py
Ravin Kumar,2018-11-14 12:19:38-08:00,arviz/tests/helpers.py
Ravin Kumar,2018-11-15 15:31:21-03:00,.github/ISSUE_TEMPLATE/usage-question----insert-question-here--.md
Ravin Kumar,2018-11-15 15:32:39-03:00,CONTRIBUTING.md
Osvaldo Martin,2018-11-15 20:56:32+02:00,arviz/plots/densityplot.py
Ravin Kumar,2018-11-15 13:04:58-08:00,doc/about.rst
Ravin Kumar,2018-11-15 13:04:58-08:00,doc/conf.py
Ravin Kumar,2018-11-15 13:04:58-08:00,doc/usage.rst
Ravin Kumar,2018-11-15 18:28:41-08:00,doc/usage.rst
Ravin Kumar,2018-11-15 19:34:56-08:00,README.md
Ravin Kumar,2018-11-15 19:34:56-08:00,doc/index.rst
Colin,2018-11-15 20:38:18-08:00,.github/ISSUE_TEMPLATE/bug-report.md
Colin,2018-11-15 20:38:18-08:00,.github/ISSUE_TEMPLATE/feature-request.md
Colin,2018-11-15 20:38:18-08:00,.github/ISSUE_TEMPLATE/usage-question.md
Ravin Kumar,2018-11-16 12:49:01-03:00,scripts/Dockerfile
Ravin Kumar,2018-11-16 12:49:01-03:00,scripts/container.sh
Ravin Kumar,2018-11-16 12:49:01-03:00,scripts/create_testenv.sh
rpgoldman,2018-11-16 13:58:12-03:00,arviz/plots/densityplot.py
Osvaldo Martin,2018-11-17 11:16:35-05:00,arviz/__init__.py
Osvaldo Martin,2018-11-17 11:16:35-05:00,setup.py
Osvaldo Martin,2018-11-17 11:19:03-05:00,arviz/plots/styles/arviz-colors.mplstyle
Osvaldo Martin,2018-11-17 11:19:03-05:00,arviz/plots/styles/arviz-darkgrid.mplstyle
Osvaldo Martin,2018-11-17 11:19:03-05:00,arviz/plots/styles/arviz-white.mplstyle
Osvaldo Martin,2018-11-17 11:19:03-05:00,arviz/plots/styles/arviz-whitegrid.mplstyle
Osvaldo Martin,2018-11-17 11:19:03-05:00,examples/styles.py
Osvaldo Martin,2018-11-17 08:59:07-08:00,examples/styles.py
Osvaldo Martin,2018-11-19 08:56:15-03:00,arviz/plots/styles/arviz-white.mplstyle
Osvaldo Martin,2018-11-19 08:56:15-03:00,examples/styles.py
Ravin Kumar,2018-11-24 10:42:08-05:00,arviz/tests/helpers.py
Ravin Kumar,2018-11-24 10:42:08-05:00,arviz/tests/test_data.py
Ravin Kumar,2018-11-24 10:42:08-05:00,arviz/tests/test_plots.py
Oriol Abril,2018-11-25 09:09:41-08:00,arviz/data/io_emcee.py
Osvaldo Martin,2018-11-27 12:22:40-03:00,arviz/plots/__init__.py
Osvaldo Martin,2018-11-27 12:22:40-03:00,arviz/plots/hpdplot.py
Osvaldo Martin,2018-11-27 12:22:40-03:00,arviz/stats/stats.py
Osvaldo Martin,2018-11-27 12:22:40-03:00,arviz/tests/test_plots.py
Osvaldo Martin,2018-11-27 12:22:40-03:00,arviz/tests/test_stats.py
Osvaldo Martin,2018-11-27 12:22:40-03:00,examples/plot_hpd.py
Ravin Kumar,2018-11-29 09:19:48-03:00,doc/_static/custom.css
Ravin Kumar,2018-11-29 08:04:10-08:00,arviz/plots/autocorrplot.py
Osvaldo Martin,2018-12-01 01:05:33-05:00,arviz/plots/pairplot.py
Osvaldo Martin,2018-12-01 01:05:33-05:00,arviz/tests/test_plots.py
Osvaldo Martin,2018-12-01 08:49:40-03:00,arviz/plots/kdeplot.py
Kyle Beauchamp,2018-12-03 12:32:18-05:00,README.md
Oriol Abril,2018-12-03 22:07:59-08:00,doc/notebooks/InferenceDataCookbook.ipynb
Ravin Kumar,2018-12-04 18:33:58-03:00,arviz/plots/densityplot.py
Osvaldo Martin,2018-12-06 08:36:54-03:00,arviz/plots/pairplot.py
Osvaldo Martin,2018-12-06 08:36:54-03:00,arviz/plots/traceplot.py
Osvaldo Martin,2018-12-06 08:31:43-05:00,examples/plot_hpd.py
Osvaldo Martin,2018-12-06 08:32:27-05:00,arviz/plots/autocorrplot.py
Osvaldo Martin,2018-12-06 08:32:27-05:00,arviz/plots/densityplot.py
Osvaldo Martin,2018-12-06 08:32:27-05:00,arviz/plots/forestplot.py
Osvaldo Martin,2018-12-06 08:32:27-05:00,arviz/plots/posteriorplot.py
Kyle Beauchamp,2018-12-06 07:10:36-08:00,arviz/data/__init__.py
Kyle Beauchamp,2018-12-06 07:10:36-08:00,arviz/data/io_tfp.py
Kyle Beauchamp,2018-12-06 07:10:36-08:00,arviz/tests/helpers.py
Kyle Beauchamp,2018-12-06 07:10:36-08:00,arviz/tests/test_data.py
Kyle Beauchamp,2018-12-06 07:10:36-08:00,arviz/tests/test_plots.py
Kyle Beauchamp,2018-12-06 07:10:36-08:00,requirements-dev.txt
Matt Boggess,2018-12-06 21:08:10-05:00,arviz/plots/plot_utils.py
Matt Boggess,2018-12-06 21:08:10-05:00,arviz/plots/ppcplot.py
Matt Boggess,2018-12-06 21:08:10-05:00,arviz/tests/test_plots.py
Osvaldo Martin,2018-12-07 06:23:07-08:00,arviz/plots/hpdplot.py
Colin,2018-12-08 11:39:11-05:00,doc/conf.py
Osvaldo Martin,2018-12-08 16:16:33-03:00,arviz/plots/traceplot.py
Colin,2018-12-11 07:58:05-03:00,doc/notebooks/InferenceDataCookbook.ipynb
Colin,2018-12-11 07:58:05-03:00,doc/notebooks/Introduction.ipynb
Colin,2018-12-11 07:58:05-03:00,doc/notebooks/XarrayforArviZ.ipynb
Colin,2018-12-14 07:51:57-03:00,arviz/plots/compareplot.py
Colin,2018-12-14 07:51:57-03:00,arviz/plots/energyplot.py
Colin,2018-12-14 07:51:57-03:00,arviz/plots/jointplot.py
Colin,2018-12-14 07:51:57-03:00,arviz/plots/khatplot.py
Colin,2018-12-14 07:51:57-03:00,arviz/plots/pairplot.py
Colin,2018-12-14 07:51:57-03:00,arviz/plots/parallelplot.py
Colin,2018-12-14 07:51:57-03:00,arviz/plots/plot_utils.py
Colin,2018-12-14 07:51:57-03:00,arviz/plots/violinplot.py
Oriol Abril,2018-12-14 20:25:27+00:00,arviz/data/io_pyro.py
Osvaldo Martin,2018-12-14 20:20:42-03:00,arviz/__init__.py
Ari Hartikainen,2018-12-15 20:21:00+02:00,examples/plot_ppc.py
Ari Hartikainen,2018-12-15 20:21:00+02:00,examples/plot_ppc_cumulative.py
Osvaldo Martin,2018-12-18 09:54:47-03:00,arviz/__init__.py
Ravin Kumar,2018-12-23 08:10:24-08:00,paper/inference_data.png
Ravin Kumar,2018-12-23 08:10:24-08:00,paper/paper.bib
Ravin Kumar,2018-12-23 08:10:24-08:00,paper/paper.md
Arfon Smith,2018-12-24 12:30:19-03:00,paper/paper.md
Jeff,2018-12-27 14:11:08+02:00,arviz/data/io_pyro.py
Ari Hartikainen,2018-12-27 07:40:33-08:00,arviz/data/base.py
Ravin Kumar,2018-12-27 07:51:33-08:00,arviz/plots/compareplot.py
Ravin Kumar,2018-12-27 07:51:33-08:00,arviz/tests/test_plots.py
Ari Hartikainen,2018-12-28 07:02:17-08:00,README.md
Ari Hartikainen,2018-12-28 19:04:15-08:00,.travis.yml
Ari Hartikainen,2018-12-28 19:04:15-08:00,arviz/data/io_pyro.py
Ari Hartikainen,2018-12-28 19:04:15-08:00,arviz/plots/densityplot.py
Ari Hartikainen,2018-12-28 19:04:15-08:00,arviz/tests/helpers.py
Ravin Kumar,2018-12-30 02:42:36-08:00,.coveragerc
Ravin Kumar,2018-12-30 02:42:36-08:00,.travis.yml
Ravin Kumar,2018-12-30 02:42:36-08:00,scripts/Dockerfile
Ravin Kumar,2018-12-30 02:42:36-08:00,scripts/create_testenv.sh
Ari Hartikainen,2018-12-30 16:14:46+02:00,.pylintrc
Ari Hartikainen,2018-12-30 16:14:46+02:00,.travis.yml
Ari Hartikainen,2018-12-30 16:14:46+02:00,arviz/data/converters.py
Ari Hartikainen,2018-12-30 16:14:46+02:00,arviz/data/io_pystan.py
Ari Hartikainen,2018-12-30 16:14:46+02:00,arviz/tests/helpers.py
Ari Hartikainen,2018-12-30 16:14:46+02:00,arviz/tests/test_data.py
Ari Hartikainen,2018-12-30 16:14:46+02:00,scripts/create_testenv.sh
Ari Hartikainen,2018-12-30 20:50:39+02:00,examples/plot_ppc.py
Ari Hartikainen,2018-12-30 20:50:39+02:00,examples/plot_ppc_cumulative.py
Ari Hartikainen,2018-12-30 16:03:46-08:00,.travis.yml
Ari Hartikainen,2018-12-30 16:03:46-08:00,scripts/Dockerfile
Ari Hartikainen,2018-12-30 16:03:46-08:00,scripts/container.sh
Ari Hartikainen,2018-12-30 16:03:46-08:00,scripts/create_testenv.sh
Ari Hartikainen,2018-12-31 02:16:06+02:00,.coveragerc
Ari Hartikainen,2018-12-31 02:16:06+02:00,.travis.yml
yaochi,2018-12-31 08:36:53-08:00,arviz/data/io_tfp.py
yaochi,2018-12-31 08:36:53-08:00,arviz/tests/helpers.py
Osvaldo Martin,2018-12-31 09:06:42-08:00,arviz/plots/jointplot.py
Ari Hartikainen,2018-12-31 09:08:08-08:00,arviz/plots/forestplot.py
Ari Hartikainen,2018-12-31 09:08:08-08:00,arviz/stats/__init__.py
Ari Hartikainen,2018-12-31 09:08:08-08:00,arviz/stats/diagnostics.py
Ari Hartikainen,2018-12-31 09:08:08-08:00,arviz/stats/stats.py
Ari Hartikainen,2018-12-31 09:08:08-08:00,arviz/tests/test_diagnostics.py
Ari Hartikainen,2018-12-31 09:08:08-08:00,doc/api.rst
Jon Malmaud,2018-12-31 20:40:49-08:00,README.md
Ravin Kumar,2018-12-31 20:51:25-08:00,README.md
Ravin Kumar,2019-01-01 19:31:47-08:00,paper/paper.md
Ravin Kumar,2019-01-01 19:31:47-08:00,paper/plot_joint.png
Ravin Kumar,2019-01-01 19:31:47-08:00,paper/plot_kde_2d.png
Ravin Kumar,2019-01-01 19:31:47-08:00,paper/plot_posterior.png
Ravin Kumar,2019-01-01 19:31:47-08:00,paper/plot_trace.png
Ravin Kumar,2019-01-02 15:12:36-08:00,paper/paper.md
Ravin Kumar,2019-01-02 15:35:37-08:00,paper/example_gallery.png
Ravin Kumar,2019-01-02 15:35:37-08:00,paper/inference_data.png
Ravin Kumar,2019-01-02 15:35:37-08:00,paper/paper.md
Ravin Kumar,2019-01-02 15:35:37-08:00,paper/plot_joint.png
Ravin Kumar,2019-01-02 15:35:37-08:00,paper/plot_kde_2d.png
Ravin Kumar,2019-01-02 15:35:37-08:00,paper/plot_posterior.png
Ravin Kumar,2019-01-02 15:35:37-08:00,paper/plot_trace.png
Ravin Kumar,2019-01-03 08:48:48+02:00,arviz/data/io_tfp.py
Ravin Kumar,2019-01-03 19:48:02-08:00,paper/paper.md
Ravin Kumar,2019-01-03 19:48:02-08:00,paper/plot_joint.png
Ravin Kumar,2019-01-03 19:48:02-08:00,paper/plot_kde_2d.png
Ravin Kumar,2019-01-03 19:48:02-08:00,paper/plot_posterior.png
Ravin Kumar,2019-01-03 19:48:02-08:00,paper/plot_trace.png
Ari Hartikainen,2019-01-04 22:59:45+02:00,arviz/data/io_pystan.py
Ari Hartikainen,2019-01-04 22:59:45+02:00,arviz/tests/test_data.py
Ari Hartikainen,2019-01-05 12:24:09-08:00,arviz/data/__init__.py
Ari Hartikainen,2019-01-05 12:24:09-08:00,arviz/data/datasets.py
Ari Hartikainen,2019-01-05 12:24:09-08:00,arviz/data/inference_data.py
Ari Hartikainen,2019-01-05 12:24:09-08:00,arviz/data/io_cmdstan.py
Ari Hartikainen,2019-01-05 12:24:09-08:00,arviz/data/io_emcee.py
Ari Hartikainen,2019-01-05 12:24:09-08:00,arviz/data/io_netcdf.py
Ari Hartikainen,2019-01-05 12:24:09-08:00,arviz/data/io_pymc3.py
Ari Hartikainen,2019-01-05 12:24:09-08:00,arviz/data/io_pyro.py
Ari Hartikainen,2019-01-05 12:24:09-08:00,arviz/data/io_pystan.py
Ari Hartikainen,2019-01-05 12:24:09-08:00,arviz/data/io_tfp.py
Ari Hartikainen,2019-01-05 12:24:09-08:00,arviz/tests/helpers.py
Ari Hartikainen,2019-01-05 12:24:09-08:00,arviz/tests/test_data.py
Ravin Kumar,2019-01-05 16:43:01-08:00,doc/_static/custom.css
Ravin Kumar,2019-01-05 16:43:01-08:00,doc/conf.py
Ravin Kumar,2019-01-05 16:43:01-08:00,doc/notebooks/XarrayforArviZ.ipynb
Ravin Kumar,2019-01-06 23:04:10+02:00,requirements-dev.txt
Ravin Kumar,2019-01-06 16:11:50-08:00,paper/paper.bib
Ravin Kumar,2019-01-07 22:40:49-08:00,requirements-dev.txt
Osvaldo Martin,2019-01-08 14:08:10-03:00,arviz/plots/kdeplot.py
Osvaldo Martin,2019-01-08 14:08:10-03:00,arviz/tests/test_plots.py
Osvaldo Martin,2019-01-08 14:08:10-03:00,examples/plot_kde_quantiles.py
Ravin Kumar,2019-01-09 20:52:07+08:00,arviz/plots/forestplot.py
Ravin Kumar,2019-01-09 20:52:07+08:00,arviz/stats/__init__.py
Ravin Kumar,2019-01-09 20:52:07+08:00,arviz/stats/diagnostics.py
Ravin Kumar,2019-01-09 20:52:07+08:00,arviz/stats/stats.py
Ravin Kumar,2019-01-09 20:52:07+08:00,arviz/tests/test_diagnostics.py
Ari Hartikainen,2019-01-11 10:49:06-08:00,.travis.yml
Ari Hartikainen,2019-01-11 10:49:06-08:00,arviz/plots/forestplot.py
Ari Hartikainen,2019-01-11 10:49:06-08:00,arviz/plots/posteriorplot.py
Ari Hartikainen,2019-01-11 10:49:06-08:00,arviz/stats/diagnostics.py
Ari Hartikainen,2019-01-11 10:49:06-08:00,arviz/stats/stats.py
Ari Hartikainen,2019-01-11 10:49:06-08:00,arviz/tests/helpers.py
Ari Hartikainen,2019-01-11 10:49:06-08:00,arviz/tests/test_data.py
Ari Hartikainen,2019-01-11 10:49:06-08:00,arviz/tests/test_diagnostics.py
Ari Hartikainen,2019-01-11 10:49:06-08:00,arviz/tests/test_plot_utils.py
Ari Hartikainen,2019-01-11 10:49:06-08:00,arviz/tests/test_plots.py
Ari Hartikainen,2019-01-11 10:49:06-08:00,arviz/tests/test_stats.py
Ari Hartikainen,2019-01-11 10:49:06-08:00,arviz/tests/test_utils.py
Ravin Kumar,2019-01-11 16:58:09-03:00,doc/notebooks/InferenceDataStructure.png
Ravin Kumar,2019-01-11 16:58:09-03:00,doc/notebooks/XarrayforArviZ.ipynb
Ari Hartikainen,2019-01-11 23:02:27-08:00,arviz/tests/test_stats.py
Ari Hartikainen,2019-01-13 07:12:49+02:00,arviz/__init__.py
Ari Hartikainen,2019-01-13 22:53:06+02:00,arviz/data/__init__.py
Ari Hartikainen,2019-01-13 22:53:06+02:00,arviz/data/io_dict.py
Ari Hartikainen,2019-01-13 22:53:06+02:00,arviz/tests/test_data.py
Ari Hartikainen,2019-01-14 09:48:01+02:00,requirements.txt
Colin,2019-01-14 09:18:50-05:00,arviz/data/io_pymc3.py
Ravin Kumar,2019-01-14 11:35:06-03:00,CONTRIBUTING.md
Ari Hartikainen,2019-01-15 00:25:00+02:00,.pylintrc
Ari Hartikainen,2019-01-15 00:25:00+02:00,arviz/stats/stats.py
Ari Hartikainen,2019-01-15 00:25:00+02:00,arviz/tests/test_stats.py
Ari Hartikainen,2019-01-15 00:27:09+02:00,.travis.yml
Osvaldo Martin,2019-01-14 21:24:56-08:00,arviz/plots/kdeplot.py
Osvaldo Martin,2019-01-14 21:24:56-08:00,arviz/tests/test_utils.py
Osvaldo Martin,2019-01-14 21:24:56-08:00,arviz/utils.py
Osvaldo Martin,2019-01-14 21:24:56-08:00,requirements-dev.txt
GWeindel,2019-01-14 22:42:33-08:00,arviz/plots/forestplot.py
GWeindel,2019-01-14 22:42:33-08:00,arviz/tests/test_plots.py
Ari Hartikainen,2019-01-15 09:44:41+02:00,arviz/plots/kdeplot.py
Ari Hartikainen,2019-01-15 09:44:41+02:00,arviz/plots/ppcplot.py
Ari Hartikainen,2019-01-15 09:44:41+02:00,arviz/tests/test_plots.py
Ari Hartikainen,2019-01-15 09:01:04-03:00,CODE_OF_CONDUCT.MD
Ravin Kumar,2019-01-15 07:29:30-08:00,.travis.yml
Ari Hartikainen,2019-01-15 08:58:03-08:00,.travis.yml
Ari Hartikainen,2019-01-15 08:58:03-08:00,arviz/tests/test_plots.py
Ari Hartikainen,2019-01-15 08:58:03-08:00,arviz/tests/test_utils.py
Ari Hartikainen,2019-01-15 21:15:41-03:00,README.md
Ari Hartikainen,2019-01-15 21:15:58-03:00,README.md
Moritz Freidank,2019-01-16 12:11:18+02:00,arviz/data/io_dict.py
Ari Hartikainen,2019-01-16 14:56:09+02:00,.travis.yml
Ari Hartikainen,2019-01-16 14:56:09+02:00,arviz/tests/test_data.py
Osvaldo Martin,2019-01-16 10:59:31-03:00,README.md
Osvaldo Martin,2019-01-16 13:29:47-03:00,README.md
Ravin Kumar,2019-01-16 16:39:34-08:00,.travis.yml
Ravin Kumar,2019-01-16 16:39:34-08:00,arviz/stats/stats.py
Ravin Kumar,2019-01-16 16:39:34-08:00,arviz/tests/test_plot_utils.py
Ravin Kumar,2019-01-16 16:39:34-08:00,requirements.txt
Ravin Kumar,2019-01-16 16:39:34-08:00,scripts/Dockerfile
Ravin Kumar,2019-01-16 16:39:34-08:00,scripts/container.sh
Ravin Kumar,2019-01-16 16:39:34-08:00,scripts/create_testenv.sh
Osvaldo Martin,2019-01-17 23:31:58-08:00,README.md
Ari Hartikainen,2019-01-18 09:16:30-03:00,doc/index.rst
Ari Hartikainen,2019-01-19 09:16:45-08:00,arviz/data/__init__.py
Ari Hartikainen,2019-01-19 09:16:45-08:00,arviz/data/inference_data.py
Ari Hartikainen,2019-01-19 09:16:45-08:00,arviz/tests/test_data.py
Ravin Kumar,2019-01-21 13:39:00-03:00,README.md
Ravin Kumar,2019-01-21 13:39:00-03:00,arviz/plots/compareplot.py
Ravin Kumar,2019-01-21 13:39:00-03:00,doc/api.rst
Oriol Abril,2019-01-21 14:34:02-08:00,arviz/data/io_emcee.py
Oriol Abril,2019-01-21 14:34:02-08:00,arviz/tests/helpers.py
Oriol Abril,2019-01-21 14:34:02-08:00,arviz/tests/test_data.py
Ravin Kumar,2019-01-21 19:25:05-08:00,doc/api.rst
Ari Hartikainen,2019-01-22 23:59:10+02:00,arviz/plots/densityplot.py
Ari Hartikainen,2019-01-22 23:59:10+02:00,arviz/plots/forestplot.py
Ari Hartikainen,2019-01-22 23:59:10+02:00,scripts/create_testenv.sh
Colin,2019-01-23 00:01:03+02:00,arviz/plots/plot_utils.py
Colin,2019-01-23 00:01:03+02:00,arviz/tests/test_plot_utils.py
Osvaldo Martin,2019-01-24 00:36:40+02:00,arviz/plots/ppcplot.py
Osvaldo Martin,2019-01-24 00:36:40+02:00,arviz/tests/test_plots.py
Ari Hartikainen,2019-01-24 00:36:57+02:00,.travis.yml
Ari Hartikainen,2019-01-24 00:36:57+02:00,arviz/tests/conftest.py
Ari Hartikainen,2019-01-24 13:56:32+02:00,.travis.yml
Ari Hartikainen,2019-01-24 13:56:32+02:00,arviz/tests/helpers.py
Ari Hartikainen,2019-01-24 13:56:32+02:00,arviz/tests/test_data.py
Ari Hartikainen,2019-01-24 13:56:32+02:00,scripts/Dockerfile
Ari Hartikainen,2019-01-24 13:56:32+02:00,scripts/container.sh
Ari Hartikainen,2019-01-24 13:56:32+02:00,scripts/create_testenv.sh
Aniruddha Banerjea,2019-01-25 16:04:49-08:00,arviz/plots/kdeplot.py
Dae,2019-01-26 07:01:58-08:00,arviz/plots/plot_utils.py
Dae,2019-01-26 07:01:58-08:00,arviz/tests/test_plot_utils.py
Ari Hartikainen,2019-01-27 10:15:45+02:00,arviz/data/io_tfp.py
Ari Hartikainen,2019-01-27 10:15:45+02:00,arviz/plots/ppcplot.py
Ari Hartikainen,2019-01-27 10:15:45+02:00,arviz/tests/helpers.py
Ari Hartikainen,2019-01-27 10:15:45+02:00,arviz/tests/test_data.py
Ari Hartikainen,2019-01-27 10:15:45+02:00,arviz/tests/test_plots.py
Ari Hartikainen,2019-01-27 10:15:45+02:00,scripts/Dockerfile
Ari Hartikainen,2019-01-28 06:21:14+02:00,arviz/tests/test_data.py
Osvaldo Martin,2019-01-29 13:52:25+02:00,arviz/plots/autocorrplot.py
Osvaldo Martin,2019-01-29 13:52:25+02:00,arviz/plots/densityplot.py
Osvaldo Martin,2019-01-29 13:52:25+02:00,arviz/plots/forestplot.py
Osvaldo Martin,2019-01-29 13:52:25+02:00,arviz/plots/jointplot.py
Osvaldo Martin,2019-01-29 13:52:25+02:00,arviz/plots/pairplot.py
Osvaldo Martin,2019-01-29 13:52:25+02:00,arviz/plots/parallelplot.py
Osvaldo Martin,2019-01-29 13:52:25+02:00,arviz/plots/posteriorplot.py
Osvaldo Martin,2019-01-29 13:52:25+02:00,arviz/plots/ppcplot.py
Osvaldo Martin,2019-01-29 13:52:25+02:00,arviz/plots/traceplot.py
Osvaldo Martin,2019-01-29 13:52:25+02:00,arviz/plots/violinplot.py
Osvaldo Martin,2019-01-29 13:52:25+02:00,arviz/stats/diagnostics.py
Osvaldo Martin,2019-01-29 13:52:25+02:00,arviz/stats/stats.py
Osvaldo Martin,2019-01-29 13:52:25+02:00,arviz/tests/test_utils.py
Osvaldo Martin,2019-01-29 13:52:25+02:00,arviz/utils.py
Ari Hartikainen,2019-01-29 13:52:45+02:00,arviz/plots/forestplot.py
Ari Hartikainen,2019-01-29 13:52:45+02:00,arviz/stats/diagnostics.py
Ari Hartikainen,2019-01-29 13:52:45+02:00,arviz/stats/stats.py
Ari Hartikainen,2019-01-29 13:52:45+02:00,arviz/tests/test_diagnostics.py
Ari Hartikainen,2019-01-29 13:52:45+02:00,arviz/tests/test_plots.py
Ari Hartikainen,2019-01-29 13:52:45+02:00,arviz/tests/test_stats.py
Ari Hartikainen,2019-01-29 18:02:14+02:00,arviz/tests/test_utils.py
Ari Hartikainen,2019-02-03 07:57:16+02:00,arviz/data/io_pystan.py
Ari Hartikainen,2019-02-03 07:57:16+02:00,arviz/tests/test_data.py
Osvaldo Martin,2019-02-06 21:58:33+02:00,arviz/plots/kdeplot.py
Osvaldo Martin,2019-02-06 21:58:33+02:00,arviz/tests/test_plots.py
Ari Hartikainen,2019-02-08 12:23:00-08:00,arviz/stats/stats.py
Ari Hartikainen,2019-02-08 12:23:00-08:00,arviz/tests/test_stats.py
Osvaldo Martin,2019-02-09 08:10:20-08:00,arviz/plots/traceplot.py
Ari Hartikainen,2019-02-12 14:05:00-03:00,arviz/stats/stats.py
Ari Hartikainen,2019-02-12 14:05:00-03:00,arviz/tests/test_stats.py
Colin,2019-02-12 14:31:17-03:00,doc/api.rst
Ari Hartikainen,2019-02-20 18:43:53-05:00,arviz/plots/compareplot.py
Ari Hartikainen,2019-02-20 18:43:53-05:00,arviz/stats/stats.py
Ari Hartikainen,2019-02-20 18:43:53-05:00,arviz/tests/test_plots.py
Ari Hartikainen,2019-02-20 18:43:53-05:00,arviz/tests/test_stats.py
Aniruddha Banerjea,2019-02-20 21:35:20-05:00,arviz/data/inference_data.py
Aniruddha Banerjea,2019-02-20 21:35:20-05:00,arviz/data/io_netcdf.py
Aniruddha Banerjea,2019-02-20 21:35:20-05:00,arviz/tests/test_data.py
Colin,2019-02-23 13:29:26-08:00,arviz/__init__.py
aloctavodia,2019-02-25 16:17:26-03:00,arviz/plots/__init__.py
aloctavodia,2019-02-25 16:17:26-03:00,arviz/plots/distplot.py
aloctavodia,2019-02-25 16:17:26-03:00,arviz/plots/plot_utils.py
aloctavodia,2019-02-25 16:17:26-03:00,arviz/plots/distplot.py
aloctavodia,2019-02-25 19:12:58-03:00,arviz/plots/distplot.py
aloctavodia,2019-02-25 19:12:58-03:00,arviz/plots/jointplot.py
aloctavodia,2019-02-25 19:12:58-03:00,arviz/plots/plot_utils.py
aloctavodia,2019-02-25 19:12:58-03:00,arviz/plots/traceplot.py
aloctavodia,2019-02-25 19:12:58-03:00,arviz/tests/test_plot_utils.py
aloctavodia,2019-02-25 19:12:58-03:00,arviz/tests/test_plots.py
aloctavodia,2019-02-25 19:59:57-03:00,arviz/plots/distplot.py
aloctavodia,2019-02-25 21:02:36-03:00,arviz/plots/__init__.py
aloctavodia,2019-02-25 21:02:36-03:00,arviz/plots/jointplot.py
aloctavodia,2019-02-25 21:02:36-03:00,arviz/tests/test_plots.py
aloctavodia,2019-02-26 10:06:48-03:00,arviz/plots/plot_utils.py
aloctavodia,2019-02-26 10:06:48-03:00,arviz/tests/test_plots.py
aloctavodia,2019-02-26 10:06:48-03:00,examples/plot_dist.py
aloctavodia,2019-02-26 13:42:38-03:00,arviz/plots/distplot.py
aloctavodia,2019-02-26 13:42:38-03:00,arviz/plots/plot_utils.py
aloctavodia,2019-03-01 13:19:33-03:00,arviz/plots/distplot.py
aloctavodia,2019-03-01 13:19:33-03:00,arviz/plots/traceplot.py
Ravin Kumar,2019-03-03 18:24:11-03:00,.gitignore
Ravin Kumar,2019-03-03 18:24:11-03:00,arviz/data/io_pystan.py
Ravin Kumar,2019-03-03 18:24:11-03:00,arviz/plots/pairplot.py
Ravin Kumar,2019-03-03 18:24:11-03:00,arviz/stats/stats.py
Ravin Kumar,2019-03-03 18:24:11-03:00,arviz/tests/test_plots.py
Ravin Kumar,2019-03-03 18:24:11-03:00,arviz/tests/test_stats.py
Ravin Kumar,2019-03-03 18:24:11-03:00,arviz/tests/test_utils.py
Agustina Arroyuelo,2019-03-03 14:31:20-08:00,arviz/plots/forestplot.py
Agustina Arroyuelo,2019-03-03 14:31:20-08:00,arviz/plots/jointplot.py
Agustina Arroyuelo,2019-03-03 14:31:20-08:00,arviz/plots/pairplot.py
aloctavodia,2019-03-03 21:16:35-03:00,arviz/plots/distplot.py
Aniruddha Banerjea,2019-03-05 11:18:47-03:00,doc/api.rst
Aniruddha Banerjea,2019-03-07 11:43:04-08:00,arviz/plots/kdeplot.py
Aniruddha Banerjea,2019-03-07 11:43:04-08:00,arviz/plots/posteriorplot.py
Aniruddha Banerjea,2019-03-07 11:43:04-08:00,arviz/tests/test_plots.py
Ravin Kumar,2019-03-10 15:02:37-03:00,doc/api.rst
Osvaldo Martin,2019-03-14 19:33:53-07:00,arviz/plots/kdeplot.py
Oriol Abril,2019-03-15 22:26:09-07:00,CONTRIBUTING.md
Oriol Abril,2019-03-18 09:35:28-03:00,arviz/plots/pairplot.py
Oriol Abril,2019-03-18 09:35:28-03:00,arviz/tests/test_plots.py
Oriol Abril,2019-03-18 20:35:45-07:00,arviz/plots/densityplot.py
GWeindel,2019-03-20 12:54:01-04:00,arviz/plots/forestplot.py
Oriol Abril,2019-03-28 06:53:18-07:00,arviz/tests/helpers.py
Oriol Abril,2019-03-28 06:53:18-07:00,arviz/tests/test_data.py
Colin,2019-03-29 08:33:41-04:00,arviz/plots/__init__.py
Colin,2019-03-29 08:33:41-04:00,arviz/plots/rankplot.py
Colin,2019-03-29 08:33:41-04:00,arviz/tests/test_plots.py
Colin,2019-04-01 09:40:08-04:00,.travis.yml
Colin,2019-04-01 09:40:08-04:00,doc/_static/custom.css
Colin,2019-04-01 09:40:08-04:00,examples/plot_dist.py
Colin,2019-04-01 09:40:08-04:00,requirements-dev.txt
Colin,2019-04-01 09:40:08-04:00,scripts/deploy_docs.sh
Colin,2019-04-03 08:17:59-03:00,doc/index.rst
Aniruddha Banerjea,2019-04-03 08:23:02-03:00,arviz/plots/khatplot.py
Aniruddha Banerjea,2019-04-03 08:23:02-03:00,arviz/tests/test_stats.py
Colin,2019-04-03 08:43:16-03:00,doc/api.rst
Colin,2019-04-03 08:43:16-03:00,examples/plot_rank.py
Aniruddha Banerjea,2019-04-03 09:59:46-03:00,doc/index.rst
Oriol Abril,2019-04-08 20:34:47-07:00,arviz/plots/forestplot.py
Oriol Abril,2019-04-08 20:34:47-07:00,doc/_static/GitHub-Mark-32px.png
Oriol Abril,2019-04-08 20:34:47-07:00,doc/_templates/globaltoc.html
Oriol Abril,2019-04-08 20:34:47-07:00,doc/_templates/navbar.html
Oriol Abril,2019-04-08 20:34:47-07:00,doc/index.rst
Oriol Abril,2019-04-09 19:02:39-07:00,arviz/__init__.py
Oriol Abril,2019-04-09 19:02:39-07:00,arviz/data/io_cmdstan.py
Oriol Abril,2019-04-09 19:02:39-07:00,arviz/data/io_dict.py
Oriol Abril,2019-04-09 19:02:39-07:00,arviz/plots/ppcplot.py
Oriol Abril,2019-04-09 19:02:39-07:00,arviz/tests/conftest.py
Oriol Abril,2019-04-09 19:02:39-07:00,arviz/tests/test_data.py
Oriol Abril,2019-04-09 19:02:39-07:00,arviz/tests/test_plots.py
Oriol Abril,2019-04-09 19:03:38-07:00,arviz/data/io_emcee.py
Oriol Abril,2019-04-10 10:28:09-03:00,doc/_templates/navbar.html
Aniruddha Banerjea,2019-04-16 07:57:18-07:00,arviz/plots/energyplot.py
Oriol Abril,2019-04-16 16:31:12-03:00,arviz/plots/kdeplot.py
Oriol Abril,2019-04-16 16:31:12-03:00,arviz/plots/pairplot.py
Oriol Abril,2019-04-16 16:31:12-03:00,arviz/tests/test_plots.py
Aniruddha Banerjea,2019-04-16 16:34:48-03:00,arviz/plots/parallelplot.py
Aniruddha Banerjea,2019-04-16 16:34:48-03:00,arviz/tests/test_plots.py
Osvaldo Martin,2019-04-17 14:33:28-03:00,arviz/plots/kdeplot.py
Osvaldo Martin,2019-04-17 14:33:47-03:00,arviz/stats/stats.py
Colin,2019-04-20 19:51:30-04:00,arviz/plots/khatplot.py
Colin,2019-04-20 19:51:30-04:00,arviz/plots/ppcplot.py
Colin,2019-04-20 19:51:30-04:00,doc/roadmap.rst
Oriol Abril,2019-04-25 07:29:29-07:00,scripts/create_testenv.sh
Oriol Abril,2019-04-25 07:30:31-07:00,CONTRIBUTING.md
Oriol Abril,2019-04-25 07:30:31-07:00,README.md
Oriol Abril,2019-04-25 07:30:31-07:00,scripts/container.sh
Osvaldo Martin,2019-04-25 07:31:46-07:00,arviz/stats/stats.py
Osvaldo Martin,2019-04-25 07:31:46-07:00,arviz/tests/test_stats.py
Aniruddha Banerjea,2019-04-26 09:34:43-03:00,arviz/plots/kdeplot.py
Osvaldo Martin,2019-04-30 11:31:23-03:00,arviz/plots/autocorrplot.py
Ravin Kumar,2019-05-05 06:25:58-07:00,arviz/plots/autocorrplot.py
Ravin Kumar,2019-05-05 06:25:58-07:00,arviz/tests/test_plots.py
Colin,2019-05-10 17:45:47-03:00,CODE_OF_CONDUCT.md
Colin,2019-05-10 17:45:47-03:00,MANIFEST.in
arabidopsis,2019-05-10 17:46:14-03:00,arviz/data/io_pymc3.py
arabidopsis,2019-05-10 17:46:14-03:00,arviz/stats/stats.py
arabidopsis,2019-05-10 17:46:14-03:00,arviz/tests/test_stats.py
Ari Hartikainen,2019-05-11 09:46:37-03:00,.pylintrc
Ari Hartikainen,2019-05-11 09:46:37-03:00,arviz/plots/autocorrplot.py
Ari Hartikainen,2019-05-11 09:46:37-03:00,arviz/plots/forestplot.py
Ari Hartikainen,2019-05-11 09:46:37-03:00,arviz/stats/__init__.py
Ari Hartikainen,2019-05-11 09:46:37-03:00,arviz/stats/diagnostics.py
Ari Hartikainen,2019-05-11 09:46:37-03:00,arviz/stats/stats.py
Ari Hartikainen,2019-05-11 09:46:37-03:00,arviz/stats/stats_utils.py
Ari Hartikainen,2019-05-11 09:46:37-03:00,arviz/tests/saved_models/stan_diagnostics/blocker.1.csv
Ari Hartikainen,2019-05-11 09:46:37-03:00,arviz/tests/saved_models/stan_diagnostics/blocker.2.csv
Ari Hartikainen,2019-05-11 09:46:37-03:00,arviz/tests/saved_models/stan_diagnostics/reference_values.csv
Ari Hartikainen,2019-05-11 09:46:37-03:00,arviz/tests/test_diagnostics.py
Ari Hartikainen,2019-05-11 09:46:37-03:00,arviz/tests/test_stats.py
Ari Hartikainen,2019-05-11 09:46:37-03:00,arviz/tests/test_stats_utils.py
Ari Hartikainen,2019-05-11 09:46:37-03:00,doc/api.rst
Ari Hartikainen,2019-05-13 10:38:04+03:00,arviz/stats/diagnostics.py
Ari Hartikainen,2019-05-13 10:38:04+03:00,arviz/tests/test_diagnostics.py
Ari Hartikainen,2019-05-13 10:38:04+03:00,doc/api.rst
Ari Hartikainen,2019-05-18 20:55:05+03:00,.pylintrc
Ari Hartikainen,2019-05-18 20:55:05+03:00,arviz/data/__init__.py
Ari Hartikainen,2019-05-18 20:55:05+03:00,arviz/data/converters.py
Ari Hartikainen,2019-05-18 20:55:05+03:00,arviz/data/io_cmdstanpy.py
Aniruddha Banerjea,2019-05-19 13:47:16-07:00,arviz/data/__init__.py
Aniruddha Banerjea,2019-05-19 13:47:16-07:00,arviz/data/io_netcdf.py
Aniruddha Banerjea,2019-05-19 13:47:16-07:00,arviz/tests/test_data.py
Ravin Kumar,2019-05-19 20:38:40-07:00,arviz/__init__.py
Aniruddha Banerjea,2019-05-20 07:39:04-04:00,arviz/plots/energyplot.py
Aniruddha Banerjea,2019-05-20 07:39:04-04:00,arviz/plots/kdeplot.py
Ari Hartikainen,2019-05-23 01:09:32+03:00,arviz/data/io_pystan.py
Ari Hartikainen,2019-05-23 01:09:32+03:00,arviz/tests/test_data.py
Oriol Abril,2019-05-23 14:51:07-04:00,arviz/stats/diagnostics.py
Oriol Abril,2019-05-23 14:51:07-04:00,arviz/stats/stats.py
Oriol Abril,2019-05-23 14:51:07-04:00,doc/conf.py
Oriol Abril,2019-05-30 17:55:19-03:00,arviz/plots/plot_utils.py
Oriol Abril,2019-05-30 17:55:19-03:00,arviz/plots/traceplot.py
Oriol Abril,2019-05-30 17:55:19-03:00,arviz/tests/test_plots.py
Ari Hartikainen,2019-05-30 18:27:42-03:00,arviz/data/io_pymc3.py
Colin,2019-06-01 07:55:36-04:00,arviz/data/io_pymc3.py
Colin,2019-06-01 07:56:16-04:00,arviz/plots/traceplot.py
Oriol Abril,2019-06-04 00:51:19+03:00,arviz/data/inference_data.py
Oriol Abril,2019-06-04 00:51:19+03:00,arviz/data/io_emcee.py
Oriol Abril,2019-06-04 00:51:19+03:00,arviz/tests/helpers.py
Oriol Abril,2019-06-04 00:51:19+03:00,arviz/tests/test_data.py
Osvaldo Martin,2019-06-04 13:55:42-03:00,arviz/plots/forestplot.py
Osvaldo Martin,2019-06-04 13:55:42-03:00,arviz/stats/stats.py
Ari Hartikainen,2019-06-05 17:01:47+03:00,arviz/plots/hpdplot.py
Ari Hartikainen,2019-06-05 17:01:47+03:00,arviz/tests/helpers.py
Ari Hartikainen,2019-06-05 17:01:47+03:00,arviz/tests/test_data.py
Ari Hartikainen,2019-06-05 17:01:47+03:00,arviz/tests/test_data_cmdstan.py
Ari Hartikainen,2019-06-05 17:01:47+03:00,arviz/tests/test_data_emcee.py
Ari Hartikainen,2019-06-05 17:01:47+03:00,arviz/tests/test_data_pymc.py
Ari Hartikainen,2019-06-05 17:01:47+03:00,arviz/tests/test_data_pyro.py
Ari Hartikainen,2019-06-05 17:01:47+03:00,arviz/tests/test_data_pystan.py
Ari Hartikainen,2019-06-05 17:01:47+03:00,arviz/tests/test_data_tfp.py
Ari Hartikainen,2019-06-05 17:01:47+03:00,arviz/tests/test_plots.py
Ravin Kumar,2019-06-05 19:58:22+03:00,azure-pipelines.yml
Ravin Kumar,2019-06-06 08:12:37+03:00,arviz/data/io_pymc3.py
Ravin Kumar,2019-06-06 08:12:37+03:00,arviz/tests/test_data_pymc.py
Ravin Kumar,2019-06-06 08:13:05+03:00,README.md
Ari Hartikainen,2019-06-07 10:34:24-03:00,doc/logo/generate_logo.py
Osvaldo Martin,2019-06-08 09:56:10-03:00,arviz/stats/stats.py
Oriol Abril,2019-06-09 18:38:21-03:00,arviz/plots/__init__.py
Oriol Abril,2019-06-09 18:38:21-03:00,arviz/plots/elpdplot.py
Oriol Abril,2019-06-09 18:38:21-03:00,arviz/plots/plot_utils.py
Oriol Abril,2019-06-09 18:38:21-03:00,arviz/stats/__init__.py
Oriol Abril,2019-06-09 18:38:21-03:00,arviz/stats/stats.py
Oriol Abril,2019-06-09 18:38:21-03:00,arviz/stats/stats_utils.py
Oriol Abril,2019-06-09 18:38:21-03:00,arviz/tests/test_plots.py
Oriol Abril,2019-06-09 18:38:21-03:00,arviz/tests/test_stats.py
Oriol Abril,2019-06-09 18:38:21-03:00,arviz/tests/test_stats_utils.py
Oriol Abril,2019-06-09 18:38:21-03:00,doc/api.rst
Ravin Kumar,2019-06-09 18:33:06-07:00,arviz/__init__.py
Oriol Abril,2019-06-18 10:56:56-03:00,arviz/plots/elpdplot.py
Ari Hartikainen,2019-06-19 23:56:45+03:00,requirements-dev.txt
Ari Hartikainen,2019-06-19 23:56:45+03:00,scripts/create_testenv.sh
Ari Hartikainen,2019-06-19 15:12:31-07:00,arviz/data/inference_data.py
Ari Hartikainen,2019-06-19 15:12:31-07:00,arviz/tests/test_data.py
Oriol Abril,2019-06-20 15:16:11-07:00,requirements-dev.txt
Oriol Abril,2019-06-20 16:44:47-07:00,arviz/data/io_pymc3.py
Oriol Abril,2019-06-20 16:44:47-07:00,arviz/tests/test_data_pymc.py
rpgoldman,2019-06-21 08:35:52-07:00,arviz/data/base.py
Oriol Abril,2019-06-21 17:19:16-03:00,arviz/data/_datasets/centered_eight.nc
Oriol Abril,2019-06-21 17:19:16-03:00,arviz/data/_datasets/non_centered_eight.nc
Oriol Abril,2019-06-21 17:19:16-03:00,arviz/tests/test_data.py
Oriol Abril,2019-06-21 17:19:16-03:00,doc/conf.py
Oriol Abril,2019-06-21 17:19:16-03:00,doc/notebooks/InferenceDataCookbook.ipynb
Ari Hartikainen,2019-06-22 07:34:38-07:00,arviz/stats/stats.py
rpgoldman,2019-06-22 15:49:51-04:00,arviz/plots/posteriorplot.py
rpgoldman,2019-06-22 15:49:51-04:00,arviz/utils.py
Ari Hartikainen,2019-06-23 02:20:20+03:00,arviz/data/converters.py
Colin,2019-06-23 11:08:49-04:00,arviz/plots/posteriorplot.py
Colin,2019-06-23 11:08:49-04:00,arviz/tests/test_utils.py
Colin,2019-06-23 11:08:49-04:00,arviz/utils.py
Osvaldo Martin,2019-06-27 14:06:36-03:00,.github/FUNDING.yml
Oriol Abril,2019-06-27 20:59:18+03:00,arviz/plots/__init__.py
Oriol Abril,2019-06-27 20:59:18+03:00,arviz/plots/essplot.py
Oriol Abril,2019-06-27 20:59:18+03:00,arviz/stats/diagnostics.py
Oriol Abril,2019-06-27 20:59:18+03:00,arviz/tests/test_diagnostics.py
Oriol Abril,2019-06-27 20:59:18+03:00,arviz/tests/test_plots.py
Oriol Abril,2019-06-27 20:59:18+03:00,doc/api.rst
Osvaldo Martin,2019-06-28 07:03:16-07:00,README.md
Oriol Abril,2019-07-03 07:07:05-07:00,arviz/plots/__init__.py
Oriol Abril,2019-07-03 07:07:05-07:00,doc/api.rst
Oriol Abril,2019-07-03 07:07:05-07:00,examples/plot_elpd.py
Oriol Abril,2019-07-03 07:07:05-07:00,examples/plot_ess_evolution.py
Oriol Abril,2019-07-03 07:07:05-07:00,examples/plot_ess_local.py
Oriol Abril,2019-07-03 07:07:05-07:00,examples/plot_ess_quantile.py
Oriol Abril,2019-07-03 07:08:17-07:00,arviz/plots/traceplot.py
Aniruddha Banerjea,2019-07-03 21:27:11-04:00,.gitignore
Aniruddha Banerjea,2019-07-03 21:27:11-04:00,CONTRIBUTING.md
Aniruddha Banerjea,2019-07-03 21:27:11-04:00,arviz/__init__.py
Aniruddha Banerjea,2019-07-03 21:27:11-04:00,arviz/plots/energyplot.py
Aniruddha Banerjea,2019-07-03 21:27:11-04:00,arviz/plots/kdeplot.py
Aniruddha Banerjea,2019-07-03 21:27:11-04:00,arviz/plots/posteriorplot.py
Aniruddha Banerjea,2019-07-03 21:27:11-04:00,arviz/stats/diagnostics.py
Aniruddha Banerjea,2019-07-03 21:27:11-04:00,arviz/stats/stats.py
Aniruddha Banerjea,2019-07-03 21:27:11-04:00,arviz/stats/stats_utils.py
Aniruddha Banerjea,2019-07-03 21:27:11-04:00,arviz/tests/test_data_pyro.py
Aniruddha Banerjea,2019-07-03 21:27:11-04:00,arviz/tests/test_diagnostics.py
Aniruddha Banerjea,2019-07-03 21:27:11-04:00,arviz/tests/test_plot_utils.py
Aniruddha Banerjea,2019-07-03 21:27:11-04:00,arviz/tests/test_plots.py
Aniruddha Banerjea,2019-07-03 21:27:11-04:00,arviz/tests/test_stats.py
Aniruddha Banerjea,2019-07-03 21:27:11-04:00,arviz/tests/test_stats_utils.py
Aniruddha Banerjea,2019-07-03 21:27:11-04:00,arviz/tests/test_utils.py
Aniruddha Banerjea,2019-07-03 21:27:11-04:00,arviz/utils.py
Aniruddha Banerjea,2019-07-03 21:27:11-04:00,asv.conf.json
Aniruddha Banerjea,2019-07-03 21:27:11-04:00,benchmarks/__init__.py
Aniruddha Banerjea,2019-07-03 21:27:11-04:00,benchmarks/benchmarks.py
Aniruddha Banerjea,2019-07-03 21:27:11-04:00,doc/api.rst
Aniruddha Banerjea,2019-07-03 21:27:11-04:00,doc/conf.py
Aniruddha Banerjea,2019-07-03 21:27:11-04:00,doc/index.rst
Aniruddha Banerjea,2019-07-03 21:27:11-04:00,doc/notebooks/Introduction.ipynb
Aniruddha Banerjea,2019-07-03 21:27:11-04:00,doc/notebooks/Numba.ipynb
Aniruddha Banerjea,2019-07-03 21:27:11-04:00,doc/notebooks/XarrayforArviZ.ipynb
Oriol Abril,2019-07-04 17:28:13-03:00,arviz/plots/khatplot.py
Oriol Abril,2019-07-04 17:28:13-03:00,arviz/tests/test_plots.py
Colin,2019-07-05 15:27:55-04:00,.travis.yml
Colin,2019-07-05 15:27:55-04:00,arviz/plots/hpdplot.py
Colin,2019-07-05 15:27:55-04:00,examples/plot_ess_evolution.py
Colin,2019-07-05 15:27:55-04:00,examples/plot_ess_local.py
Colin,2019-07-05 15:27:55-04:00,examples/plot_ess_quantile.py
Kent Inverarity,2019-07-07 12:18:00+03:00,README.md
Ravin Kumar,2019-07-07 07:43:37-05:00,azure-pipelines.yml
Ari Hartikainen,2019-07-09 21:01:51+03:00,arviz/data/io_pymc3.py
Ari Hartikainen,2019-07-09 21:01:51+03:00,arviz/tests/test_data_pymc.py
Osvaldo Martin,2019-07-10 17:03:02-05:00,arviz/plots/forestplot.py
Oriol Abril,2019-07-10 17:09:31-05:00,.travis.yml
Oriol Abril,2019-07-10 17:09:31-05:00,README.md
Oriol Abril,2019-07-10 17:09:31-05:00,azure-pipelines.yml
Oriol Abril,2019-07-10 17:09:31-05:00,scripts/Dockerfile
Oriol Abril,2019-07-10 17:09:31-05:00,scripts/container.sh
Oriol Abril,2019-07-10 17:09:31-05:00,scripts/create_testenv.sh
Oriol Abril,2019-07-11 14:29:34-05:00,azure-pipelines.yml
Oriol Abril,2019-07-12 00:29:16+03:00,arviz/data/inference_data.py
Oriol Abril,2019-07-12 00:29:16+03:00,arviz/data/io_netcdf.py
Oriol Abril,2019-07-12 00:29:16+03:00,arviz/plots/__init__.py
Oriol Abril,2019-07-12 00:29:16+03:00,arviz/plots/loopitplot.py
Oriol Abril,2019-07-12 00:29:16+03:00,arviz/plots/posteriorplot.py
Oriol Abril,2019-07-12 00:29:16+03:00,arviz/stats/__init__.py
Oriol Abril,2019-07-12 00:29:16+03:00,arviz/stats/stats.py
Oriol Abril,2019-07-12 00:29:16+03:00,arviz/stats/stats_utils.py
Oriol Abril,2019-07-12 00:29:16+03:00,arviz/tests/test_diagnostics.py
Oriol Abril,2019-07-12 00:29:16+03:00,arviz/tests/test_plots.py
Oriol Abril,2019-07-12 00:29:16+03:00,arviz/tests/test_stats.py
Oriol Abril,2019-07-12 00:29:16+03:00,doc/api.rst
Oriol Abril,2019-07-12 00:29:16+03:00,doc/conf.py
Oriol Abril,2019-07-12 00:29:16+03:00,examples/plot_loo_pit_ecdf.py
Oriol Abril,2019-07-12 00:29:16+03:00,examples/plot_loo_pit_overlay.py
Colin,2019-07-12 00:34:42+03:00,arviz/stats/diagnostics.py
Colin,2019-07-12 00:34:42+03:00,arviz/tests/test_utils.py
Colin,2019-07-12 00:34:42+03:00,arviz/utils.py
Oriol Abril,2019-07-12 01:31:05+03:00,arviz/plots/__init__.py
Oriol Abril,2019-07-12 01:31:05+03:00,arviz/plots/essplot.py
Oriol Abril,2019-07-12 01:31:05+03:00,arviz/plots/mcseplot.py
Oriol Abril,2019-07-12 01:31:05+03:00,arviz/tests/test_plots.py
Oriol Abril,2019-07-12 01:31:05+03:00,doc/api.rst
Oriol Abril,2019-07-12 01:31:05+03:00,examples/plot_ess_local.py
Oriol Abril,2019-07-12 01:31:05+03:00,examples/plot_ess_quantile.py
Oriol Abril,2019-07-12 01:31:05+03:00,examples/plot_mcse.py
Oriol Abril,2019-07-12 01:31:05+03:00,examples/plot_mcse_errorbar.py
Oriol Abril,2019-07-12 02:12:56+03:00,arviz/__init__.py
Oriol Abril,2019-07-12 02:12:56+03:00,arviz/plots/khatplot.py
Oriol Abril,2019-07-12 02:12:56+03:00,arviz/utils.py
Oriol Abril,2019-07-12 02:12:56+03:00,doc/_templates/class.rst
Oriol Abril,2019-07-12 02:12:56+03:00,doc/api.rst
Oriol Abril,2019-07-12 02:12:56+03:00,examples/plot_khat.py
Colin,2019-07-12 08:59:51-07:00,arviz/plots/forestplot.py
Oriol Abril,2019-07-12 10:00:38-07:00,examples/plot_loo_pit_ecdf.py
Oriol Abril,2019-07-12 10:00:38-07:00,examples/plot_loo_pit_overlay.py
Osvaldo Martin,2019-07-12 20:27:37-03:00,arviz/plots/compareplot.py
Osvaldo Martin,2019-07-12 20:27:37-03:00,arviz/stats/stats.py
Colin,2019-07-12 23:15:50-05:00,arviz/data/datasets.py
Colin,2019-07-13 08:15:08-05:00,arviz/data/datasets.py
Raúl Peralta Lozada,2019-07-13 16:00:49-05:00,examples/plot_forest_ridge.py
Oriol Abril,2019-07-14 10:13:49-03:00,arviz/stats/stats.py
Oriol Abril,2019-07-15 14:03:31+03:00,arviz/data/inference_data.py
Oriol Abril,2019-07-15 14:03:31+03:00,arviz/tests/test_data.py
Osvaldo Martin,2019-07-15 06:41:40-07:00,arviz/plots/posteriorplot.py
Raúl Peralta Lozada,2019-07-16 17:12:58+03:00,arviz/plots/ppcplot.py
Ari Hartikainen,2019-07-20 09:20:37+03:00,arviz/data/converters.py
Ari Hartikainen,2019-07-20 09:20:37+03:00,doc/api.rst
Ari Hartikainen,2019-07-21 07:30:25+03:00,arviz/data/io_cmdstanpy.py
Ari Hartikainen,2019-07-21 07:30:25+03:00,arviz/tests/saved_models/cmdstanpy/cmdstanpy_eight_schools-1.csv
Ari Hartikainen,2019-07-21 07:30:25+03:00,arviz/tests/saved_models/cmdstanpy/cmdstanpy_eight_schools-2.csv
Ari Hartikainen,2019-07-21 07:30:25+03:00,arviz/tests/saved_models/cmdstanpy/cmdstanpy_eight_schools-3.csv
Ari Hartikainen,2019-07-21 07:30:25+03:00,arviz/tests/saved_models/cmdstanpy/cmdstanpy_eight_schools-4.csv
Ari Hartikainen,2019-07-21 07:30:25+03:00,arviz/tests/test_data_cmdstanpy.py
Ari Hartikainen,2019-07-21 07:30:25+03:00,requirements-dev.txt
Aniruddha Banerjea,2019-07-21 11:04:34-04:00,arviz/plots/violinplot.py
Ari Hartikainen,2019-07-21 11:06:08-04:00,README.md
Ari Hartikainen,2019-07-21 11:06:08-04:00,arviz/data/io_cmdstanpy.py
Ari Hartikainen,2019-07-21 11:06:08-04:00,doc/index.rst
Ravin Kumar,2019-07-29 08:28:49-03:00,arviz/stats/stats.py
Oriol Abril,2019-07-29 09:03:08-03:00,arviz/tests/helpers.py
Oriol Abril,2019-07-29 09:03:08-03:00,arviz/tests/test_plots.py
Oriol Abril,2019-07-29 09:03:08-03:00,arviz/tests/test_stats.py
Ravin Kumar,2019-07-29 09:07:40-03:00,arviz/stats/__init__.py
Ravin Kumar,2019-07-29 09:07:40-03:00,arviz/stats/diagnostics.py
Ravin Kumar,2019-07-29 09:07:40-03:00,arviz/tests/test_diagnostics.py
Ravin Kumar,2019-07-29 09:07:40-03:00,arviz/tests/test_stats.py
Oriol Abril,2019-07-29 14:51:11-03:00,arviz/stats/stats.py
Oriol Abril,2019-07-30 13:41:00-03:00,arviz/plots/forestplot.py
Oriol Abril,2019-07-30 13:41:23-03:00,arviz/plots/ppcplot.py
Oriol Abril,2019-07-30 13:41:23-03:00,arviz/tests/test_plots.py
Oriol Abril,2019-07-30 23:51:46+03:00,doc/api.rst
Ari Hartikainen,2019-07-31 09:50:26+03:00,.travis.yml
Oriol Abril,2019-07-31 13:13:54-03:00,arviz/plots/essplot.py
Oriol Abril,2019-07-31 13:13:54-03:00,arviz/plots/mcseplot.py
Oriol Abril,2019-07-31 20:56:02+03:00,arviz/stats/stats.py
Aniruddha Banerjea,2019-07-31 21:20:52+02:00,arviz/plots/essplot.py
Aniruddha Banerjea,2019-07-31 21:20:52+02:00,arviz/plots/forestplot.py
Aniruddha Banerjea,2019-07-31 21:20:52+02:00,arviz/plots/kdeplot.py
Aniruddha Banerjea,2019-07-31 21:20:52+02:00,arviz/plots/khatplot.py
Aniruddha Banerjea,2019-07-31 21:20:52+02:00,arviz/plots/parallelplot.py
Aniruddha Banerjea,2019-07-31 21:20:52+02:00,arviz/plots/plot_utils.py
Aniruddha Banerjea,2019-07-31 21:20:52+02:00,arviz/plots/rankplot.py
Aniruddha Banerjea,2019-07-31 21:20:52+02:00,arviz/stats/diagnostics.py
Aniruddha Banerjea,2019-07-31 21:20:52+02:00,arviz/stats/stats_utils.py
Aniruddha Banerjea,2019-07-31 21:20:52+02:00,arviz/tests/test_plots.py
Aniruddha Banerjea,2019-07-31 21:20:52+02:00,arviz/tests/test_stats_utils.py
Aniruddha Banerjea,2019-07-31 21:20:52+02:00,arviz/tests/test_utils.py
Aniruddha Banerjea,2019-07-31 21:20:52+02:00,arviz/utils.py
Aniruddha Banerjea,2019-07-31 21:20:52+02:00,benchmarks/benchmarks.py
Oriol Abril,2019-08-02 10:39:53+03:00,arviz/__init__.py
Oriol Abril,2019-08-02 10:39:53+03:00,arviz/data/inference_data.py
Oriol Abril,2019-08-02 10:39:53+03:00,arviz/data/io_netcdf.py
Oriol Abril,2019-08-02 10:39:53+03:00,arviz/plots/elpdplot.py
Oriol Abril,2019-08-02 10:39:53+03:00,arviz/rcparams.py
Oriol Abril,2019-08-02 10:39:53+03:00,arviz/stats/stats.py
Oriol Abril,2019-08-02 10:39:53+03:00,arviz/tests/test_diagnostics.py
Oriol Abril,2019-08-02 10:39:53+03:00,arviz/tests/test_plots.py
Oriol Abril,2019-08-02 10:39:53+03:00,arviz/tests/test_rcparams.py
Oriol Abril,2019-08-02 10:39:53+03:00,arviz/tests/test_stats.py
Oriol Abril,2019-08-02 10:39:53+03:00,arvizrc.template
Oriol Abril,2019-08-02 10:39:53+03:00,doc/api.rst
Oriol Abril,2019-08-02 10:39:53+03:00,doc/conf.py
Oriol Abril,2019-08-02 19:54:50+02:00,arviz/plots/ppcplot.py
Oriol Abril,2019-08-02 19:54:50+02:00,arviz/tests/test_utils.py
Oriol Abril,2019-08-02 19:54:50+02:00,arviz/utils.py
Osvaldo Martin,2019-08-04 17:10:12-03:00,arviz/plots/ppcplot.py
Oriol Abril,2019-08-05 09:43:48+03:00,arviz/plots/loopitplot.py
Oriol Abril,2019-08-05 09:43:48+03:00,arviz/tests/test_plots.py
Ari Hartikainen,2019-08-05 09:44:01+03:00,doc/notebooks/InferenceDataCookbook.ipynb
Oriol Abril,2019-08-07 08:21:30-07:00,arviz/data/io_pymc3.py
Samesh Lakhotia,2019-08-09 07:37:52+02:00,arviz/tests/conftest.py
Samesh Lakhotia,2019-08-09 07:37:52+02:00,arviz/tests/helpers.py
Samesh Lakhotia,2019-08-09 07:37:52+02:00,arviz/tests/test_plots.py
Samesh Lakhotia,2019-08-09 07:37:52+02:00,arviz/tests/test_stats.py
Samesh Lakhotia,2019-08-09 07:37:52+02:00,arviz/tests/test_stats_utils.py
Oriol Abril,2019-08-09 15:10:16+03:00,arviz/stats/stats.py
Oriol Abril,2019-08-09 15:10:16+03:00,arviz/tests/test_plots.py
Oriol Abril,2019-08-09 15:10:16+03:00,arviz/tests/test_stats.py
Oriol Abril,2019-08-13 10:02:18-03:00,arviz/plots/plot_utils.py
Oriol Abril,2019-08-13 10:02:18-03:00,arviz/plots/ppcplot.py
Oriol Abril,2019-08-13 10:02:18-03:00,arviz/plots/rankplot.py
Oriol Abril,2019-08-16 22:40:15+03:00,arviz/tests/test_data_cmdstanpy.py
Oriol Abril,2019-08-17 00:56:43+03:00,scripts/create_testenv.sh
Oriol Abril,2019-08-17 01:00:48+03:00,arviz/plots/autocorrplot.py
Oriol Abril,2019-08-17 01:00:48+03:00,arviz/plots/densityplot.py
Oriol Abril,2019-08-17 01:00:48+03:00,arviz/plots/elpdplot.py
Oriol Abril,2019-08-17 01:00:48+03:00,arviz/plots/essplot.py
Oriol Abril,2019-08-17 01:00:48+03:00,arviz/plots/mcseplot.py
Oriol Abril,2019-08-17 01:00:48+03:00,arviz/plots/pairplot.py
Oriol Abril,2019-08-17 01:00:48+03:00,arviz/plots/plot_utils.py
Oriol Abril,2019-08-17 01:00:48+03:00,arviz/plots/posteriorplot.py
Oriol Abril,2019-08-17 01:00:48+03:00,arviz/plots/ppcplot.py
Oriol Abril,2019-08-17 01:00:48+03:00,arviz/plots/rankplot.py
Oriol Abril,2019-08-17 01:00:48+03:00,arviz/plots/traceplot.py
Oriol Abril,2019-08-17 01:00:48+03:00,arviz/plots/violinplot.py
Oriol Abril,2019-08-17 01:00:48+03:00,arviz/rcparams.py
Oriol Abril,2019-08-17 01:00:48+03:00,arviz/tests/test.rcparams
Oriol Abril,2019-08-17 01:00:48+03:00,arviz/tests/test_plot_utils.py
Oriol Abril,2019-08-17 01:00:48+03:00,arviz/tests/test_plots.py
Oriol Abril,2019-08-17 01:00:48+03:00,arviz/tests/test_rcparams.py
Oriol Abril,2019-08-16 22:19:41-03:00,arviz/plots/posteriorplot.py
Oriol Abril,2019-08-16 22:19:41-03:00,arviz/tests/test_plots.py
Aniruddha Banerjea,2019-08-25 14:49:12-07:00,arviz/data/base.py
Aniruddha Banerjea,2019-08-25 14:49:12-07:00,arviz/data/io_cmdstan.py
Aniruddha Banerjea,2019-08-25 14:49:12-07:00,arviz/data/io_cmdstanpy.py
Aniruddha Banerjea,2019-08-25 14:49:12-07:00,arviz/data/io_dict.py
Aniruddha Banerjea,2019-08-25 14:49:12-07:00,arviz/data/io_emcee.py
Aniruddha Banerjea,2019-08-25 14:49:12-07:00,arviz/data/io_pymc3.py
Aniruddha Banerjea,2019-08-25 14:49:12-07:00,arviz/data/io_pyro.py
Aniruddha Banerjea,2019-08-25 14:49:12-07:00,arviz/data/io_tfp.py
Aniruddha Banerjea,2019-08-25 14:49:12-07:00,arviz/tests/test_utils.py
Aniruddha Banerjea,2019-08-25 14:49:12-07:00,arviz/utils.py
Aniruddha Banerjea,2019-08-25 14:49:12-07:00,benchmarks/benchmarks.py
Ravin Kumar,2019-08-27 14:23:19-03:00,benchmarks/benchmarks.py
Osvaldo Martin,2019-08-28 13:43:22-03:00,arviz/plots/compareplot.py
Ari Hartikainen,2019-09-04 13:12:52-03:00,arviz/plots/loopitplot.py
Ari Hartikainen,2019-09-04 13:12:52-03:00,requirements-optional.txt
Ari Hartikainen,2019-09-04 13:12:52-03:00,requirements.txt
Ari Hartikainen,2019-09-04 13:12:52-03:00,setup.py
Osvaldo Martin,2019-09-04 21:49:29+03:00,requirements-dev.txt
Colin,2019-09-05 09:44:29-04:00,arviz/plots/posteriorplot.py
Colin,2019-09-05 11:36:16-04:00,doc/conf.py
Oriol Abril,2019-09-09 18:09:15-07:00,doc/api.rst
Oriol Abril,2019-09-09 18:09:40-07:00,arviz/rcparams.py
rpgoldman,2019-09-11 00:42:37+03:00,arviz/data/base.py
Du Phan,2019-09-12 06:30:58-07:00,arviz/data/__init__.py
Du Phan,2019-09-12 06:30:58-07:00,arviz/data/converters.py
Du Phan,2019-09-12 06:30:58-07:00,arviz/data/io_numpyro.py
Du Phan,2019-09-12 06:30:58-07:00,arviz/tests/helpers.py
Du Phan,2019-09-12 06:30:58-07:00,arviz/tests/test_data_numpyro.py
Du Phan,2019-09-12 06:30:58-07:00,doc/api.rst
Du Phan,2019-09-12 06:30:58-07:00,doc/notebooks/InferenceDataCookbook.ipynb
Du Phan,2019-09-12 06:30:58-07:00,requirements-dev.txt
Oriol Abril,2019-09-13 23:55:36+03:00,arviz/data/base.py
Oriol Abril,2019-09-13 23:55:36+03:00,arviz/data/io_emcee.py
Oriol Abril,2019-09-13 23:55:36+03:00,arviz/data/io_pymc3.py
Oriol Abril,2019-09-13 23:55:36+03:00,arviz/data/io_pystan.py
Oriol Abril,2019-09-13 23:55:36+03:00,arviz/tests/test_data_emcee.py
Oriol Abril,2019-09-13 23:55:36+03:00,arviz/tests/test_data_pymc.py
Oriol Abril,2019-09-13 23:55:36+03:00,arviz/tests/test_data_pystan.py
Osvaldo Martin,2019-09-15 10:59:08-07:00,doc/index.rst
Ravin Kumar,2019-09-15 11:08:39-07:00,doc/notebooks/InferenceDataCookbook.ipynb
Ravin Kumar,2019-09-15 11:08:39-07:00,doc/notebooks/Numba.ipynb
Ravin Kumar,2019-09-15 15:26:13-07:00,arviz/__init__.py
Ravin Kumar,2019-09-15 23:16:28-07:00,setup.py
Ravin Kumar,2019-09-15 23:18:30-07:00,arviz/__init__.py
rpgoldman,2019-09-18 22:33:28+03:00,doc/api.rst
Ari Hartikainen,2019-09-26 13:06:51+03:00,.pylintrc
Ari Hartikainen,2019-09-26 13:06:51+03:00,arviz/tests/helpers.py
Ari Hartikainen,2019-09-26 13:06:51+03:00,arviz/tests/test_diagnostics.py
Ari Hartikainen,2019-09-26 13:06:51+03:00,arviz/tests/test_stats_utils.py
Osvaldo Martin,2019-09-26 14:57:56+03:00,arviz/plots/posteriorplot.py
Osvaldo Martin,2019-09-26 14:57:56+03:00,arviz/tests/test_plots.py
rpgoldman,2019-09-28 02:04:24+02:00,.gitignore
Oriol Abril,2019-09-30 00:47:58+03:00,arviz/plots/posteriorplot.py
Oriol Abril,2019-10-08 10:18:08+03:00,.travis.yml
Oriol Abril,2019-10-08 10:18:08+03:00,arviz/data/io_tfp.py
Oriol Abril,2019-10-08 10:18:08+03:00,arviz/tests/helpers.py
Oriol Abril,2019-10-08 10:18:08+03:00,arviz/tests/test_data_cmdstanpy.py
Oriol Abril,2019-10-08 10:18:08+03:00,arviz/tests/test_data_tfp.py
Oriol Abril,2019-10-08 10:18:08+03:00,azure-pipelines.yml
Oriol Abril,2019-10-08 10:18:08+03:00,scripts/Dockerfile
Oriol Abril,2019-10-08 10:18:08+03:00,scripts/container.sh
Oriol Abril,2019-10-08 10:18:08+03:00,scripts/create_testenv.sh
Oriol Abril,2019-10-10 09:08:37-03:00,arviz/data/inference_data.py
Oriol Abril,2019-10-10 09:08:37-03:00,arviz/data/io_emcee.py
Oriol Abril,2019-10-10 09:08:37-03:00,doc/_templates/class_members.rst
Oriol Abril,2019-10-10 09:08:37-03:00,doc/api.rst
rpgoldman,2019-10-11 11:03:15-04:00,arviz/data/io_pymc3.py
Osvaldo Martin,2019-10-14 09:03:46-03:00,arviz/plots/densityplot.py
Osvaldo Martin,2019-10-14 09:03:46-03:00,arviz/plots/forestplot.py
Osvaldo Martin,2019-10-14 09:03:46-03:00,arviz/plots/hpdplot.py
Osvaldo Martin,2019-10-14 09:03:46-03:00,arviz/plots/plot_utils.py
Osvaldo Martin,2019-10-14 09:03:46-03:00,arviz/plots/posteriorplot.py
Osvaldo Martin,2019-10-14 09:03:46-03:00,arviz/plots/violinplot.py
Osvaldo Martin,2019-10-14 09:03:46-03:00,arviz/stats/stats.py
Osvaldo Martin,2019-10-14 09:03:46-03:00,arviz/tests/test_plot_utils.py
Osvaldo Martin,2019-10-14 09:03:46-03:00,arviz/tests/test_stats.py
Osvaldo Martin,2019-10-14 09:03:46-03:00,arviz/tests/test_utils.py
Osvaldo Martin,2019-10-14 09:03:46-03:00,arviz/utils.py
Oriol Abril,2019-10-22 00:01:48+03:00,arviz/tests/test_data_pymc.py
Ari Hartikainen,2019-10-25 01:39:17+03:00,arviz/data/converters.py
Ari Hartikainen,2019-10-25 01:39:17+03:00,arviz/data/io_cmdstanpy.py
Ari Hartikainen,2019-10-25 01:39:17+03:00,arviz/tests/test_data_cmdstanpy.py
Ari Hartikainen,2019-10-28 23:47:10+02:00,arviz/tests/helpers.py
Ari Hartikainen,2019-10-29 09:54:59+01:00,arviz/data/io_cmdstanpy.py
Ari Hartikainen,2019-10-29 09:54:59+01:00,arviz/plots/ppcplot.py
Ari Hartikainen,2019-10-29 09:54:59+01:00,arviz/stats/diagnostics.py
Ari Hartikainen,2019-10-29 09:54:59+01:00,arviz/stats/stats.py
Ari Hartikainen,2019-10-29 09:54:59+01:00,arviz/tests/helpers.py
Ari Hartikainen,2019-10-29 09:54:59+01:00,arviz/tests/test_data_emcee.py
Ari Hartikainen,2019-10-29 09:54:59+01:00,arviz/tests/test_data_pymc.py
Ari Hartikainen,2019-10-29 09:54:59+01:00,arviz/tests/test_data_pyro.py
Ari Hartikainen,2019-10-29 09:54:59+01:00,examples/plot_autocorr.py
Ari Hartikainen,2019-10-29 09:54:59+01:00,examples/plot_compare.py
Ari Hartikainen,2019-10-29 09:54:59+01:00,examples/plot_density.py
Ari Hartikainen,2019-10-29 09:54:59+01:00,examples/plot_energy.py
Ari Hartikainen,2019-10-29 09:54:59+01:00,examples/plot_forest.py
Ari Hartikainen,2019-10-29 09:54:59+01:00,examples/plot_forest_ridge.py
Ari Hartikainen,2019-10-29 09:54:59+01:00,examples/plot_hpd.py
Ari Hartikainen,2019-10-29 09:54:59+01:00,examples/plot_joint.py
Ari Hartikainen,2019-10-29 09:54:59+01:00,examples/plot_kde.py
Ari Hartikainen,2019-10-29 09:54:59+01:00,examples/plot_kde_2d.py
Ari Hartikainen,2019-10-29 09:54:59+01:00,examples/plot_khat.py
Ari Hartikainen,2019-10-29 09:54:59+01:00,examples/plot_loo_pit_ecdf.py
Ari Hartikainen,2019-10-29 09:54:59+01:00,examples/plot_loo_pit_overlay.py
Ari Hartikainen,2019-10-29 09:54:59+01:00,examples/plot_mcse.py
Ari Hartikainen,2019-10-29 09:54:59+01:00,examples/plot_mcse_errorbar.py
Ari Hartikainen,2019-10-29 09:54:59+01:00,examples/plot_pair.py
Ari Hartikainen,2019-10-29 09:54:59+01:00,examples/plot_pair_hex.py
Ari Hartikainen,2019-10-29 09:54:59+01:00,examples/plot_pair_kde.py
Ari Hartikainen,2019-10-29 09:54:59+01:00,examples/plot_parallel.py
Ari Hartikainen,2019-10-29 09:54:59+01:00,examples/plot_posterior.py
Ari Hartikainen,2019-10-29 09:54:59+01:00,examples/plot_ppc.py
Ari Hartikainen,2019-10-29 09:54:59+01:00,examples/plot_ppc_cumulative.py
Ari Hartikainen,2019-10-29 09:54:59+01:00,examples/plot_rank.py
Ari Hartikainen,2019-10-29 09:54:59+01:00,examples/plot_trace.py
Ari Hartikainen,2019-10-29 09:54:59+01:00,examples/plot_violin.py
Ari Hartikainen,2019-10-29 09:54:59+01:00,examples/styles.py
Oriol Abril,2019-10-29 07:03:20-07:00,CONTRIBUTING.md
Oriol Abril,2019-10-29 07:03:20-07:00,scripts/lint.sh
Oriol Abril,2019-10-29 16:34:54+01:00,arviz/data/io_emcee.py
Oriol Abril,2019-10-29 16:34:54+01:00,arviz/tests/test_data_emcee.py
Du Phan,2019-10-31 22:41:43+01:00,.travis.yml
Du Phan,2019-10-31 22:41:43+01:00,arviz/data/io_pyro.py
Du Phan,2019-10-31 22:41:43+01:00,arviz/tests/helpers.py
Du Phan,2019-10-31 22:41:43+01:00,arviz/tests/test_data_pyro.py
Du Phan,2019-10-31 22:41:43+01:00,azure-pipelines.yml
Du Phan,2019-10-31 22:41:43+01:00,doc/notebooks/InferenceDataCookbook.ipynb
Du Phan,2019-10-31 22:41:43+01:00,requirements-dev.txt
Du Phan,2019-11-04 13:00:15+01:00,arviz/data/io_numpyro.py
Du Phan,2019-11-04 13:00:15+01:00,arviz/tests/helpers.py
Du Phan,2019-11-04 13:00:15+01:00,arviz/tests/test_data_numpyro.py
Du Phan,2019-11-04 13:00:15+01:00,doc/index.rst
Du Phan,2019-11-04 13:00:15+01:00,doc/notebooks/InferenceDataCookbook.ipynb
Du Phan,2019-11-04 13:00:15+01:00,requirements-dev.txt
Oriol Abril,2019-11-09 21:20:42-03:00,arviz/plots/distplot.py
Oriol Abril,2019-11-09 21:20:42-03:00,arviz/plots/forestplot.py
Oriol Abril,2019-11-09 21:20:42-03:00,arviz/plots/jointplot.py
Oriol Abril,2019-11-09 21:20:42-03:00,arviz/plots/plot_utils.py
Oriol Abril,2019-11-09 21:20:42-03:00,arviz/tests/test_plot_utils.py
Oriol Abril,2019-11-09 21:20:42-03:00,arviz/tests/test_plots.py
Oriol Abril,2019-11-09 21:20:42-03:00,examples/plot_forest.py
Oriol Abril,2019-11-09 21:20:42-03:00,examples/plot_forest_ridge.py
Oriol Abril,2019-11-09 21:23:36-03:00,arviz/data/io_tfp.py
Osvaldo Martin,2019-11-09 20:35:58-08:00,arviz/plots/distplot.py
Osvaldo Martin,2019-11-09 20:35:58-08:00,arviz/plots/pairplot.py
Osvaldo Martin,2019-11-09 20:35:58-08:00,arviz/plots/ppcplot.py
Osvaldo Martin,2019-11-09 20:35:58-08:00,arviz/tests/test_plots.py
Osvaldo Martin,2019-11-09 20:36:22-08:00,arviz/plots/forestplot.py
Osvaldo Martin,2019-11-09 20:36:22-08:00,arviz/plots/kdeplot.py
Osvaldo Martin,2019-11-09 20:36:22-08:00,arviz/plots/khatplot.py
Osvaldo Martin,2019-11-09 20:36:22-08:00,arviz/plots/ppcplot.py
Osvaldo Martin,2019-11-09 20:36:22-08:00,arviz/plots/rankplot.py
Osvaldo Martin,2019-11-09 20:36:22-08:00,arviz/plots/violinplot.py
Osvaldo Martin,2019-11-09 20:36:22-08:00,arviz/stats/diagnostics.py
Osvaldo Martin,2019-11-09 20:36:22-08:00,arviz/stats/stats.py
Osvaldo Martin,2019-11-09 20:36:22-08:00,arviz/stats/stats_utils.py
Osvaldo Martin,2019-11-09 20:36:22-08:00,arviz/tests/test_stats_utils.py
Ari Hartikainen,2019-11-11 00:29:25+02:00,.travis.yml
Ari Hartikainen,2019-11-11 00:29:25+02:00,scripts/Dockerfile
Ari Hartikainen,2019-11-11 08:00:44+02:00,arviz/plots/backends/__init__.py
Ari Hartikainen,2019-11-11 08:00:44+02:00,"arviz/plots/backends/bokeh/__init__,py.py"
Ari Hartikainen,2019-11-11 08:00:44+02:00,arviz/plots/backends/bokeh/bokeh_distplot.py
Ari Hartikainen,2019-11-11 08:00:44+02:00,arviz/plots/backends/bokeh/bokeh_kdeplot.py
Ari Hartikainen,2019-11-11 08:00:44+02:00,arviz/plots/backends/bokeh/bokeh_traceplot.py
Ari Hartikainen,2019-11-11 08:00:44+02:00,"arviz/plots/backends/matplotlib/__init__,py.py"
Ari Hartikainen,2019-11-11 08:00:44+02:00,arviz/plots/backends/matplotlib/mpl_distplot.py
Ari Hartikainen,2019-11-11 08:00:44+02:00,arviz/plots/backends/matplotlib/mpl_kdeplot.py
Ari Hartikainen,2019-11-11 08:00:44+02:00,arviz/plots/backends/matplotlib/mpl_traceplot.py
Ari Hartikainen,2019-11-11 08:00:44+02:00,arviz/plots/distplot.py
Ari Hartikainen,2019-11-11 08:00:44+02:00,arviz/plots/kdeplot.py
Ari Hartikainen,2019-11-11 08:00:44+02:00,arviz/plots/traceplot.py
Ari Hartikainen,2019-11-11 08:00:44+02:00,arviz/tests/test_plots.py
Ari Hartikainen,2019-11-11 22:46:31+02:00,.travis.yml
Ari Hartikainen,2019-11-11 22:46:31+02:00,arviz/plots/backends/bokeh/bokeh_distplot.py
Ari Hartikainen,2019-11-11 22:46:31+02:00,arviz/plots/backends/bokeh/bokeh_traceplot.py
Ari Hartikainen,2019-11-11 22:46:31+02:00,arviz/plots/traceplot.py
Ari Hartikainen,2019-11-11 22:46:31+02:00,arviz/tests/test_plots_bokeh.py
Ari Hartikainen,2019-11-11 22:46:31+02:00,arviz/tests/test_plots_matplotlib.py
Ari Hartikainen,2019-11-11 22:46:31+02:00,azure-pipelines.yml
Ari Hartikainen,2019-11-11 22:46:31+02:00,requirements-dev.txt
Ari Hartikainen,2019-11-11 22:46:31+02:00,requirements-optional.txt
Ari Hartikainen,2019-11-11 22:46:31+02:00,setup.py
Ari Hartikainen,2019-11-14 01:02:58+02:00,arviz/plots/backends/bokeh/bokeh_kdeplot.py
Ari Hartikainen,2019-11-14 01:02:58+02:00,arviz/plots/backends/bokeh/bokeh_traceplot.py
Ari Hartikainen,2019-11-14 01:02:58+02:00,arviz/plots/backends/matplotlib/mpl_traceplot.py
Ari Hartikainen,2019-11-14 01:02:58+02:00,arviz/plots/traceplot.py
Ari Hartikainen,2019-11-14 01:02:58+02:00,arviz/tests/test_plots_bokeh.py
rpgoldman,2019-11-14 20:29:37+02:00,arviz/data/__init__.py
rpgoldman,2019-11-14 20:29:37+02:00,arviz/data/base.py
rpgoldman,2019-11-14 20:29:37+02:00,arviz/data/converters.py
rpgoldman,2019-11-14 20:29:37+02:00,arviz/stats/stats.py
rpgoldman,2019-11-14 20:29:37+02:00,arviz/tests/test_data.py
Osvaldo Martin,2019-11-14 15:52:44-03:00,arviz/plots/plot_utils.py
Osvaldo Martin,2019-11-14 15:52:44-03:00,arviz/plots/rankplot.py
Osvaldo Martin,2019-11-14 15:52:44-03:00,arviz/tests/test_plots_matplotlib.py
Seth Axen,2019-11-14 13:50:21-08:00,arviz/stats/stats.py
Seth Axen,2019-11-14 13:50:21-08:00,arviz/tests/test_stats.py
Oriol Abril,2019-11-15 02:30:05+01:00,README.md
Oriol Abril,2019-11-15 02:30:05+01:00,arviz/plots/rankplot.py
Oriol Abril,2019-11-15 02:30:05+01:00,doc/index.rst
Ari Hartikainen,2019-11-16 20:01:34+02:00,arviz/plots/backends/bokeh/bokeh_distplot.py
Ari Hartikainen,2019-11-16 20:01:34+02:00,arviz/plots/backends/bokeh/bokeh_kdeplot.py
Ari Hartikainen,2019-11-16 20:01:34+02:00,arviz/plots/backends/bokeh/bokeh_traceplot.py
Ari Hartikainen,2019-11-16 20:01:34+02:00,arviz/plots/backends/matplotlib/mpl_distplot.py
Ari Hartikainen,2019-11-16 20:01:34+02:00,arviz/plots/distplot.py
Ari Hartikainen,2019-11-16 20:01:34+02:00,arviz/tests/test_plots_bokeh.py
Ari Hartikainen,2019-11-16 23:30:40+02:00,arviz/plots/backends/bokeh/bokeh_kdeplot.py
Ari Hartikainen,2019-11-16 23:30:40+02:00,arviz/tests/test_plots_bokeh.py
Ari Hartikainen,2019-11-17 01:57:03+02:00,arviz/plots/backends/bokeh/bokeh_kdeplot.py
Ari Hartikainen,2019-11-17 01:57:03+02:00,arviz/plots/backends/matplotlib/mpl_kdeplot.py
Ari Hartikainen,2019-11-17 01:57:03+02:00,arviz/tests/test_plots_bokeh.py
Ari Hartikainen,2019-11-17 01:57:03+02:00,arviz/tests/test_plots_matplotlib.py
Oriol Abril,2019-11-17 22:10:09+01:00,arviz/rcparams.py
Oriol Abril,2019-11-17 22:10:09+01:00,arviz/tests/test_rcparams.py
Oriol Abril,2019-11-17 22:10:09+01:00,arvizrc.template
Ravin Kumar,2019-11-17 19:23:18-08:00,arviz/plots/mcseplot.py
Ravin Kumar,2019-11-17 19:23:18-08:00,examples/plot_mcse.py
Ari Hartikainen,2019-11-18 10:36:30+02:00,arviz/data/io_cmdstan.py
Ari Hartikainen,2019-11-18 10:36:30+02:00,arviz/utils.py
Seth Axen,2019-11-18 13:26:48+02:00,README.md
Seth Axen,2019-11-18 13:26:48+02:00,doc/index.rst
Ari Hartikainen,2019-11-18 13:27:01+02:00,arviz/__init__.py
Ari Hartikainen,2019-11-18 13:27:01+02:00,arviz/plots/backends/__init__.py
Ari Hartikainen,2019-11-18 13:27:01+02:00,"arviz/plots/backends/bokeh/__init__,py.py"
Ari Hartikainen,2019-11-18 13:27:01+02:00,arviz/plots/backends/bokeh/__init__.py
Ari Hartikainen,2019-11-18 13:27:01+02:00,arviz/plots/backends/bokeh/bokeh_distplot.py
Ari Hartikainen,2019-11-18 13:27:01+02:00,arviz/plots/backends/bokeh/bokeh_kdeplot.py
Ari Hartikainen,2019-11-18 13:27:01+02:00,arviz/plots/backends/bokeh/bokeh_traceplot.py
Ari Hartikainen,2019-11-18 13:27:01+02:00,"arviz/plots/backends/matplotlib/__init__,py.py"
Ari Hartikainen,2019-11-18 13:27:01+02:00,arviz/plots/backends/matplotlib/__init__.py
Ari Hartikainen,2019-11-18 13:27:01+02:00,arviz/plots/backends/matplotlib/mpl_distplot.py
Ari Hartikainen,2019-11-18 13:27:01+02:00,arviz/plots/backends/matplotlib/mpl_traceplot.py
Ari Hartikainen,2019-11-18 13:27:01+02:00,arviz/plots/distplot.py
Ari Hartikainen,2019-11-18 13:27:01+02:00,arviz/plots/kdeplot.py
Ari Hartikainen,2019-11-18 13:27:01+02:00,arviz/plots/traceplot.py
Ari Hartikainen,2019-11-18 13:27:01+02:00,arviz/tests/test_plots_bokeh.py
Ari Hartikainen,2019-11-18 13:27:01+02:00,arviz/tests/test_plots_matplotlib.py
Oriol Abril,2019-11-18 10:22:23-03:00,arviz/data/inference_data.py
Oriol Abril,2019-11-18 10:22:23-03:00,arviz/tests/test_data.py
Oriol Abril,2019-11-18 10:22:23-03:00,doc/conf.py
Oriol Abril,2019-11-18 10:22:23-03:00,doc/index.rst
Oriol Abril,2019-11-18 10:22:23-03:00,doc/notebooks/InferenceDataCookbook.ipynb
Oriol Abril,2019-11-18 10:22:23-03:00,doc/notebooks/Introduction.ipynb
Oriol Abril,2019-11-18 10:22:23-03:00,doc/notebooks/XarrayforArviZ.ipynb
Oriol Abril,2019-11-18 10:22:23-03:00,doc/schema/PyMC3_schema_example.ipynb
Oriol Abril,2019-11-18 10:22:23-03:00,doc/schema/PyStan_schema_example.ipynb
Oriol Abril,2019-11-18 10:22:23-03:00,doc/schema/linear_regression_data.csv
Oriol Abril,2019-11-18 10:22:23-03:00,doc/schema/schema.md
Oriol Abril,2019-11-18 10:22:23-03:00,doc/schema/schema.rst
Oriol Abril,2019-11-18 10:22:23-03:00,requirements-dev.txt
Oriol Abril,2019-11-18 10:22:23-03:00,schema.md
Ari Hartikainen,2019-11-21 07:29:18+02:00,arviz/plots/autocorrplot.py
Ari Hartikainen,2019-11-21 07:29:18+02:00,arviz/plots/backends/bokeh/bokeh_autocorrplot.py
Ari Hartikainen,2019-11-21 07:29:18+02:00,arviz/plots/backends/matplotlib/mpl_autocorrplot.py
Ari Hartikainen,2019-11-21 07:29:18+02:00,arviz/plots/plot_utils.py
Ari Hartikainen,2019-11-21 15:47:04+02:00,arviz/tests/test_plots_bokeh.py
Ari Hartikainen,2019-11-22 11:40:27+02:00,arviz/plots/backends/bokeh/bokeh_compareplot.py
Ari Hartikainen,2019-11-22 11:40:27+02:00,arviz/plots/backends/bokeh/bokeh_densityplot.py
Ari Hartikainen,2019-11-22 11:40:27+02:00,arviz/plots/backends/bokeh/bokeh_distplot.py
Ari Hartikainen,2019-11-22 11:40:27+02:00,arviz/plots/backends/bokeh/bokeh_kdeplot.py
Ari Hartikainen,2019-11-22 11:40:27+02:00,arviz/plots/backends/bokeh/bokeh_traceplot.py
Ari Hartikainen,2019-11-22 11:40:27+02:00,arviz/plots/backends/matplotlib/mpl_compareplot.py
Ari Hartikainen,2019-11-22 11:40:27+02:00,arviz/plots/backends/matplotlib/mpl_densityplot.py
Ari Hartikainen,2019-11-22 11:40:27+02:00,arviz/plots/compareplot.py
Ari Hartikainen,2019-11-22 11:40:27+02:00,arviz/plots/densityplot.py
Ari Hartikainen,2019-11-22 11:40:27+02:00,arviz/tests/test_plots_bokeh.py
Oriol Abril,2019-11-23 19:30:42+02:00,arviz/rcparams.py
Oriol Abril,2019-11-23 19:30:42+02:00,arviz/tests/bad.rcparams
Oriol Abril,2019-11-23 19:30:42+02:00,arviz/tests/test.rcparams
Oriol Abril,2019-11-23 19:30:42+02:00,arviz/tests/test_rcparams.py
Ari Hartikainen,2019-11-23 21:39:12+02:00,arviz/plots/backends/bokeh/bokeh_compareplot.py
Ari Hartikainen,2019-11-23 21:39:12+02:00,arviz/plots/backends/bokeh/bokeh_elpdplot.py
Ari Hartikainen,2019-11-23 21:39:12+02:00,arviz/plots/backends/matplotlib/mpl_elpdplot.py
Ari Hartikainen,2019-11-23 21:39:12+02:00,arviz/plots/elpdplot.py
Ari Hartikainen,2019-11-23 21:39:12+02:00,arviz/tests/test_plots_bokeh.py
Ravin Kumar,2019-11-24 23:31:59+01:00,azure-pipelines.yml
Ari Hartikainen,2019-11-25 01:46:31+02:00,arviz/plots/backends/bokeh/bokeh_distplot.py
Ari Hartikainen,2019-11-25 01:46:31+02:00,arviz/plots/backends/bokeh/bokeh_energyplot.py
Ari Hartikainen,2019-11-25 01:46:31+02:00,arviz/plots/backends/bokeh/bokeh_kdeplot.py
Ari Hartikainen,2019-11-25 01:46:31+02:00,arviz/plots/backends/matplotlib/mpl_energyplot.py
Ari Hartikainen,2019-11-25 01:46:31+02:00,arviz/plots/energyplot.py
Ari Hartikainen,2019-11-25 01:46:31+02:00,arviz/tests/test_plots_bokeh.py
Osvaldo Martin,2019-11-25 11:15:55-03:00,arviz/plots/backends/bokeh/bokeh_densityplot.py
Osvaldo Martin,2019-11-25 11:15:55-03:00,arviz/plots/forestplot.py
Osvaldo Martin,2019-11-25 11:15:55-03:00,arviz/plots/kdeplot.py
Osvaldo Martin,2019-11-25 11:15:55-03:00,arviz/plots/khatplot.py
Osvaldo Martin,2019-11-25 11:15:55-03:00,arviz/plots/ppcplot.py
Osvaldo Martin,2019-11-25 11:15:55-03:00,arviz/plots/rankplot.py
Osvaldo Martin,2019-11-25 11:15:55-03:00,arviz/plots/violinplot.py
Osvaldo Martin,2019-11-25 11:15:55-03:00,arviz/stats/diagnostics.py
Osvaldo Martin,2019-11-25 11:15:55-03:00,arviz/stats/stats.py
Osvaldo Martin,2019-11-25 11:15:55-03:00,arviz/stats/stats_utils.py
Osvaldo Martin,2019-11-25 11:15:55-03:00,arviz/tests/test_plots_matplotlib.py
Osvaldo Martin,2019-11-25 11:15:55-03:00,arviz/tests/test_stats_utils.py
Ari Hartikainen,2019-11-26 21:23:41+02:00,arviz/plots/backends/bokeh/bokeh_essplot.py
Ari Hartikainen,2019-11-26 21:23:41+02:00,arviz/plots/backends/matplotlib/mpl_essplot.py
Ari Hartikainen,2019-11-26 21:23:41+02:00,arviz/plots/essplot.py
Ari Hartikainen,2019-11-26 21:23:41+02:00,arviz/tests/test_plots_bokeh.py
Ari Hartikainen,2019-11-27 16:43:55+02:00,arviz/plots/backends/bokeh/bokeh_forestplot.py
Ari Hartikainen,2019-11-27 16:43:55+02:00,arviz/plots/backends/matplotlib/mpl_forestplot.py
Ari Hartikainen,2019-11-27 16:43:55+02:00,arviz/plots/forestplot.py
Ari Hartikainen,2019-11-27 16:43:55+02:00,arviz/tests/test_plots_bokeh.py
Ari Hartikainen,2019-11-28 10:34:01+02:00,arviz/plots/backends/bokeh/bokeh_hpdplot.py
Ari Hartikainen,2019-11-28 10:34:01+02:00,arviz/plots/backends/bokeh/bokeh_jointplot.py
Ari Hartikainen,2019-11-28 10:34:01+02:00,arviz/plots/backends/matplotlib/mpl_hpdplot.py
Ari Hartikainen,2019-11-28 10:34:01+02:00,arviz/plots/backends/matplotlib/mpl_jointplot.py
Ari Hartikainen,2019-11-28 10:34:01+02:00,arviz/plots/hpdplot.py
Ari Hartikainen,2019-11-28 10:34:01+02:00,arviz/plots/jointplot.py
Ari Hartikainen,2019-11-28 10:34:01+02:00,arviz/tests/test_plots_bokeh.py
Oriol Abril,2019-11-28 14:18:36+02:00,arviz/data/io_numpyro.py
Oriol Abril,2019-11-28 14:18:36+02:00,arviz/data/io_pymc3.py
Oriol Abril,2019-11-28 14:18:36+02:00,arviz/data/io_pyro.py
Oriol Abril,2019-11-28 14:18:36+02:00,arviz/tests/test_data_numpyro.py
Oriol Abril,2019-11-28 14:18:36+02:00,arviz/tests/test_data_pymc.py
Oriol Abril,2019-11-28 14:18:36+02:00,arviz/tests/test_data_pyro.py
Ari Hartikainen,2019-11-30 13:58:05+02:00,arviz/plots/backends/bokeh/bokeh_compareplot.py
Ari Hartikainen,2019-11-30 13:58:05+02:00,arviz/plots/backends/bokeh/bokeh_distplot.py
Ari Hartikainen,2019-11-30 13:58:05+02:00,arviz/plots/backends/bokeh/bokeh_energyplot.py
Ari Hartikainen,2019-11-30 13:58:05+02:00,arviz/plots/backends/bokeh/bokeh_hpdplot.py
Ari Hartikainen,2019-11-30 13:58:05+02:00,arviz/plots/backends/bokeh/bokeh_kdeplot.py
Ari Hartikainen,2019-11-30 13:58:05+02:00,arviz/plots/backends/bokeh/bokeh_khatplot.py
Ari Hartikainen,2019-11-30 13:58:05+02:00,arviz/plots/backends/bokeh/bokeh_loopitplot.py
Ari Hartikainen,2019-11-30 13:58:05+02:00,arviz/plots/backends/matplotlib/mpl_khatplot.py
Ari Hartikainen,2019-11-30 13:58:05+02:00,arviz/plots/backends/matplotlib/mpl_loopitplot.py
Ari Hartikainen,2019-11-30 13:58:05+02:00,arviz/plots/khatplot.py
Ari Hartikainen,2019-11-30 13:58:05+02:00,arviz/plots/loopitplot.py
Ari Hartikainen,2019-11-30 13:58:05+02:00,arviz/tests/test_plots_bokeh.py
Ari Hartikainen,2019-12-01 09:29:17+02:00,arviz/plots/backends/bokeh/bokeh_mcseplot.py
Ari Hartikainen,2019-12-01 09:29:17+02:00,arviz/plots/backends/matplotlib/mpl_mcseplot.py
Ari Hartikainen,2019-12-01 09:29:17+02:00,arviz/plots/mcseplot.py
Ari Hartikainen,2019-12-01 09:29:17+02:00,arviz/tests/test_plots_bokeh.py
Ari Hartikainen,2019-12-02 00:18:50+02:00,arviz/plots/backends/bokeh/bokeh_pairplot.py
Ari Hartikainen,2019-12-02 00:18:50+02:00,arviz/plots/backends/matplotlib/mpl_pairplot.py
Ari Hartikainen,2019-12-02 00:18:50+02:00,arviz/plots/pairplot.py
Ari Hartikainen,2019-12-02 00:18:50+02:00,arviz/tests/test_plots_bokeh.py
Ari Hartikainen,2019-12-02 11:38:46+02:00,arviz/plots/backends/bokeh/bokeh_parallelplot.py
Ari Hartikainen,2019-12-02 11:38:46+02:00,arviz/plots/backends/matplotlib/mpl_parallelplot.py
Ari Hartikainen,2019-12-02 11:38:46+02:00,arviz/plots/parallelplot.py
Ari Hartikainen,2019-12-02 11:38:46+02:00,arviz/tests/test_plots_bokeh.py
Ari Hartikainen,2019-12-03 06:20:45+02:00,arviz/plots/backends/bokeh/bokeh_rankplot.py
Ari Hartikainen,2019-12-03 06:20:45+02:00,arviz/plots/backends/matplotlib/mpl_rankplot.py
Ari Hartikainen,2019-12-03 06:20:45+02:00,arviz/plots/plot_utils.py
Ari Hartikainen,2019-12-03 06:20:45+02:00,arviz/plots/rankplot.py
Ari Hartikainen,2019-12-04 10:20:15+02:00,arviz/plots/backends/bokeh/bokeh_violinplot.py
Ari Hartikainen,2019-12-04 10:20:15+02:00,arviz/plots/backends/matplotlib/mpl_violinplot.py
Ari Hartikainen,2019-12-04 10:20:15+02:00,arviz/plots/violinplot.py
Ari Hartikainen,2019-12-04 10:20:15+02:00,arviz/tests/test_plots_bokeh.py
Paul Anzel,2019-12-04 06:26:15-08:00,arviz/data/inference_data.py
Paul Anzel,2019-12-04 06:26:15-08:00,arviz/tests/test_data.py
Paul Anzel,2019-12-04 06:26:56-08:00,CONTRIBUTING.md
Du Phan,2019-12-05 18:23:01+01:00,arviz/tests/helpers.py
Colin,2019-12-05 18:27:57+01:00,.travis.yml
Colin,2019-12-05 18:27:57+01:00,azure-pipelines.yml
Colin,2019-12-05 18:27:57+01:00,scripts/Dockerfile
Colin,2019-12-05 18:27:57+01:00,scripts/container.sh
Colin,2019-12-05 18:27:57+01:00,scripts/create_testenv.sh
James Scarborough,2019-12-05 18:29:21+01:00,arviz/plots/distplot.py
Ari Hartikainen,2019-12-05 23:24:09+02:00,arviz/plots/backends/bokeh/bokeh_ppcplot.py
Ari Hartikainen,2019-12-05 23:24:09+02:00,arviz/plots/backends/matplotlib/mpl_ppcplot.py
Ari Hartikainen,2019-12-05 23:24:09+02:00,arviz/plots/ppcplot.py
Ari Hartikainen,2019-12-05 23:24:09+02:00,arviz/tests/test_plots_bokeh.py
Ari Hartikainen,2019-12-06 23:53:25+02:00,arviz/plots/backends/bokeh/bokeh_posteriorplot.py
Ari Hartikainen,2019-12-06 23:53:25+02:00,arviz/plots/backends/matplotlib/mpl_posteriorplot.py
Ari Hartikainen,2019-12-06 23:53:25+02:00,arviz/plots/posteriorplot.py
Ari Hartikainen,2019-12-06 23:53:25+02:00,arviz/tests/test_plots_bokeh.py
Ari Hartikainen,2019-12-06 23:53:25+02:00,arviz/tests/test_plots_matplotlib.py
Ravin Kumar,2019-12-06 17:12:56-08:00,arviz/data/datasets.py
Ravin Kumar,2019-12-06 17:12:56-08:00,arviz/rcparams.py
Ravin Kumar,2019-12-06 17:12:56-08:00,arviz/tests/test.rcparams
Ravin Kumar,2019-12-06 17:12:56-08:00,arviz/tests/test_rcparams.py
Ravin Kumar,2019-12-06 17:12:56-08:00,arvizrc.template
Ari Hartikainen,2019-12-08 23:00:25+02:00,arviz/plots/autocorrplot.py
Ari Hartikainen,2019-12-08 23:00:25+02:00,arviz/plots/backends/bokeh/__init__.py
Ari Hartikainen,2019-12-08 23:00:25+02:00,arviz/plots/backends/bokeh/bokeh_compareplot.py
Ari Hartikainen,2019-12-08 23:00:25+02:00,arviz/plots/backends/bokeh/bokeh_distplot.py
Ari Hartikainen,2019-12-08 23:00:25+02:00,arviz/plots/backends/bokeh/bokeh_elpdplot.py
Ari Hartikainen,2019-12-08 23:00:25+02:00,arviz/plots/backends/bokeh/bokeh_energyplot.py
Ari Hartikainen,2019-12-08 23:00:25+02:00,arviz/plots/backends/bokeh/bokeh_essplot.py
Ari Hartikainen,2019-12-08 23:00:25+02:00,arviz/plots/backends/bokeh/bokeh_forestplot.py
Ari Hartikainen,2019-12-08 23:00:25+02:00,arviz/plots/backends/bokeh/bokeh_hpdplot.py
Ari Hartikainen,2019-12-08 23:00:25+02:00,arviz/plots/backends/bokeh/bokeh_jointplot.py
Ari Hartikainen,2019-12-08 23:00:25+02:00,arviz/plots/backends/bokeh/bokeh_kdeplot.py
Ari Hartikainen,2019-12-08 23:00:25+02:00,arviz/plots/backends/bokeh/bokeh_khatplot.py
Ari Hartikainen,2019-12-08 23:00:25+02:00,arviz/plots/backends/bokeh/bokeh_loopitplot.py
Ari Hartikainen,2019-12-08 23:00:25+02:00,arviz/plots/backends/bokeh/bokeh_mcseplot.py
Ari Hartikainen,2019-12-08 23:00:25+02:00,arviz/plots/backends/bokeh/bokeh_pairplot.py
Ari Hartikainen,2019-12-08 23:00:25+02:00,arviz/plots/backends/bokeh/bokeh_parallelplot.py
Ari Hartikainen,2019-12-08 23:00:25+02:00,arviz/plots/backends/bokeh/bokeh_posteriorplot.py
Ari Hartikainen,2019-12-08 23:00:25+02:00,arviz/plots/backends/bokeh/bokeh_traceplot.py
Ari Hartikainen,2019-12-08 23:00:25+02:00,arviz/plots/backends/bokeh/bokeh_violinplot.py
Ari Hartikainen,2019-12-08 23:00:25+02:00,arviz/plots/compareplot.py
Ari Hartikainen,2019-12-08 23:00:25+02:00,arviz/plots/densityplot.py
Ari Hartikainen,2019-12-08 23:00:25+02:00,arviz/plots/distplot.py
Ari Hartikainen,2019-12-08 23:00:25+02:00,arviz/plots/elpdplot.py
Ari Hartikainen,2019-12-08 23:00:25+02:00,arviz/plots/energyplot.py
Ari Hartikainen,2019-12-08 23:00:25+02:00,arviz/plots/essplot.py
Ari Hartikainen,2019-12-08 23:00:25+02:00,arviz/plots/forestplot.py
Ari Hartikainen,2019-12-08 23:00:25+02:00,arviz/plots/hpdplot.py
Ari Hartikainen,2019-12-08 23:00:25+02:00,arviz/plots/jointplot.py
Ari Hartikainen,2019-12-08 23:00:25+02:00,arviz/plots/kdeplot.py
Ari Hartikainen,2019-12-08 23:00:25+02:00,arviz/plots/khatplot.py
Ari Hartikainen,2019-12-08 23:00:25+02:00,arviz/plots/loopitplot.py
Ari Hartikainen,2019-12-08 23:00:25+02:00,arviz/plots/mcseplot.py
Ari Hartikainen,2019-12-08 23:00:25+02:00,arviz/plots/pairplot.py
Ari Hartikainen,2019-12-08 23:00:25+02:00,arviz/plots/parallelplot.py
Ari Hartikainen,2019-12-08 23:00:25+02:00,arviz/plots/plot_utils.py
Ari Hartikainen,2019-12-08 23:00:25+02:00,arviz/plots/posteriorplot.py
Ari Hartikainen,2019-12-08 23:00:25+02:00,arviz/plots/ppcplot.py
Ari Hartikainen,2019-12-08 23:00:25+02:00,arviz/plots/rankplot.py
Ari Hartikainen,2019-12-08 23:00:25+02:00,arviz/plots/traceplot.py
Ari Hartikainen,2019-12-08 23:00:25+02:00,arviz/plots/violinplot.py
Ari Hartikainen,2019-12-08 23:00:25+02:00,arviz/rcparams.py
Ari Hartikainen,2019-12-08 23:00:25+02:00,arvizrc.template
Ari Hartikainen,2019-12-08 23:00:25+02:00,requirements.txt
Oriol Abril,2019-12-09 20:05:42+02:00,arviz/plots/elpdplot.py
Oriol Abril,2019-12-09 20:05:42+02:00,doc/conf.py
Oriol Abril,2019-12-09 20:05:42+02:00,doc/index.rst
Oriol Abril,2019-12-09 20:05:42+02:00,doc/sphinxext/gallery_generator.py
Oriol Abril,2019-12-09 20:05:42+02:00,examples/bokeh/bokeh_plot_autocorr.py
Oriol Abril,2019-12-09 20:05:42+02:00,examples/bokeh/bokeh_plot_elpd.py
Oriol Abril,2019-12-09 20:05:42+02:00,examples/matplotlib/mpl_plot_autocorr.py
Oriol Abril,2019-12-09 20:05:42+02:00,examples/matplotlib/mpl_plot_compare.py
Oriol Abril,2019-12-09 20:05:42+02:00,examples/matplotlib/mpl_plot_density.py
Oriol Abril,2019-12-09 20:05:42+02:00,examples/matplotlib/mpl_plot_dist.py
Oriol Abril,2019-12-09 20:05:42+02:00,examples/matplotlib/mpl_plot_elpd.py
Oriol Abril,2019-12-09 20:05:42+02:00,examples/matplotlib/mpl_plot_energy.py
Oriol Abril,2019-12-09 20:05:42+02:00,examples/matplotlib/mpl_plot_ess_evolution.py
Oriol Abril,2019-12-09 20:05:42+02:00,examples/matplotlib/mpl_plot_ess_local.py
Oriol Abril,2019-12-09 20:05:42+02:00,examples/matplotlib/mpl_plot_ess_quantile.py
Oriol Abril,2019-12-09 20:05:42+02:00,examples/matplotlib/mpl_plot_forest.py
Oriol Abril,2019-12-09 20:05:42+02:00,examples/matplotlib/mpl_plot_forest_ridge.py
Oriol Abril,2019-12-09 20:05:42+02:00,examples/matplotlib/mpl_plot_hpd.py
Oriol Abril,2019-12-09 20:05:42+02:00,examples/matplotlib/mpl_plot_joint.py
Oriol Abril,2019-12-09 20:05:42+02:00,examples/matplotlib/mpl_plot_kde.py
Oriol Abril,2019-12-09 20:05:42+02:00,examples/matplotlib/mpl_plot_kde_2d.py
Oriol Abril,2019-12-09 20:05:42+02:00,examples/matplotlib/mpl_plot_kde_quantiles.py
Oriol Abril,2019-12-09 20:05:42+02:00,examples/matplotlib/mpl_plot_khat.py
Oriol Abril,2019-12-09 20:05:42+02:00,examples/matplotlib/mpl_plot_loo_pit_ecdf.py
Oriol Abril,2019-12-09 20:05:42+02:00,examples/matplotlib/mpl_plot_loo_pit_overlay.py
Oriol Abril,2019-12-09 20:05:42+02:00,examples/matplotlib/mpl_plot_mcse.py
Oriol Abril,2019-12-09 20:05:42+02:00,examples/matplotlib/mpl_plot_mcse_errorbar.py
Oriol Abril,2019-12-09 20:05:42+02:00,examples/matplotlib/mpl_plot_pair.py
Oriol Abril,2019-12-09 20:05:42+02:00,examples/matplotlib/mpl_plot_pair_hex.py
Oriol Abril,2019-12-09 20:05:42+02:00,examples/matplotlib/mpl_plot_pair_kde.py
Oriol Abril,2019-12-09 20:05:42+02:00,examples/matplotlib/mpl_plot_parallel.py
Oriol Abril,2019-12-09 20:05:42+02:00,examples/matplotlib/mpl_plot_posterior.py
Oriol Abril,2019-12-09 20:05:42+02:00,examples/matplotlib/mpl_plot_ppc.py
Oriol Abril,2019-12-09 20:05:42+02:00,examples/matplotlib/mpl_plot_ppc_cumulative.py
Oriol Abril,2019-12-09 20:05:42+02:00,examples/matplotlib/mpl_plot_rank.py
Oriol Abril,2019-12-09 20:05:42+02:00,examples/matplotlib/mpl_plot_trace.py
Oriol Abril,2019-12-09 20:05:42+02:00,examples/matplotlib/mpl_plot_violin.py
Oriol Abril,2019-12-09 20:05:42+02:00,examples/matplotlib/mpl_styles.py
Oriol Abril,2019-12-09 20:05:42+02:00,requirements-dev.txt
Oriol Abril,2019-12-09 20:05:42+02:00,scripts/Dockerfile
Oriol Abril,2019-12-09 20:05:42+02:00,scripts/container.sh
Oriol Abril,2019-12-09 20:05:42+02:00,scripts/create_testenv.sh
Ari Hartikainen,2019-12-09 21:49:18+02:00,arviz/plots/rankplot.py
Ari Hartikainen,2019-12-10 12:22:27+02:00,README.md
Oriol Abril,2019-12-10 18:30:49+02:00,arviz/plots/backends/bokeh/bokeh_essplot.py
Oriol Abril,2019-12-10 18:30:49+02:00,arviz/plots/backends/bokeh/bokeh_khatplot.py
Oriol Abril,2019-12-10 18:30:49+02:00,arviz/plots/backends/bokeh/bokeh_posteriorplot.py
Oriol Abril,2019-12-10 18:30:49+02:00,arviz/plots/backends/matplotlib/mpl_khatplot.py
Oriol Abril,2019-12-10 18:30:49+02:00,arviz/stats/stats_utils.py
Oriol Abril,2019-12-10 18:30:49+02:00,arviz/tests/test_stats_utils.py
Ari Hartikainen,2019-12-11 06:12:16+02:00,arviz/tests/test_plots_bokeh.py
Ari Hartikainen,2019-12-11 07:23:54+02:00,arviz/plots/backends/bokeh/bokeh_ppcplot.py
Ari Hartikainen,2019-12-11 07:23:54+02:00,doc/conf.py
Ari Hartikainen,2019-12-11 07:23:54+02:00,doc/logo/generate_logo.py
Ari Hartikainen,2019-12-11 07:23:54+02:00,doc/sphinxext/gallery_generator.py
Ari Hartikainen,2019-12-11 07:23:54+02:00,examples/bokeh/bokeh_plot_compare.py
Ari Hartikainen,2019-12-11 07:23:54+02:00,examples/bokeh/bokeh_plot_density.py
Ari Hartikainen,2019-12-11 07:23:54+02:00,examples/bokeh/bokeh_plot_dist.py
Ari Hartikainen,2019-12-11 07:23:54+02:00,examples/bokeh/bokeh_plot_energy.py
Ari Hartikainen,2019-12-11 07:23:54+02:00,examples/bokeh/bokeh_plot_ess_evolution.py
Ari Hartikainen,2019-12-11 07:23:54+02:00,examples/bokeh/bokeh_plot_ess_local.py
Ari Hartikainen,2019-12-11 07:23:54+02:00,examples/bokeh/bokeh_plot_ess_quantile.py
Ari Hartikainen,2019-12-11 07:23:54+02:00,examples/bokeh/bokeh_plot_forest.py
Ari Hartikainen,2019-12-11 07:23:54+02:00,examples/bokeh/bokeh_plot_forest_ridge.py
Ari Hartikainen,2019-12-11 07:23:54+02:00,examples/bokeh/bokeh_plot_hpd.py
Ari Hartikainen,2019-12-11 07:23:54+02:00,examples/bokeh/bokeh_plot_joint.py
Ari Hartikainen,2019-12-11 07:23:54+02:00,examples/bokeh/bokeh_plot_kde.py
Ari Hartikainen,2019-12-11 07:23:54+02:00,examples/bokeh/bokeh_plot_kde_2d.py
Ari Hartikainen,2019-12-11 07:23:54+02:00,examples/bokeh/bokeh_plot_kde_quantiles.py
Ari Hartikainen,2019-12-11 07:23:54+02:00,examples/bokeh/bokeh_plot_khat.py
Ari Hartikainen,2019-12-11 07:23:54+02:00,examples/bokeh/bokeh_plot_loo_pit_ecdf.py
Ari Hartikainen,2019-12-11 07:23:54+02:00,examples/bokeh/bokeh_plot_loo_pit_overlay.py
Ari Hartikainen,2019-12-11 07:23:54+02:00,examples/bokeh/bokeh_plot_mcse.py
Ari Hartikainen,2019-12-11 07:23:54+02:00,examples/bokeh/bokeh_plot_mcse_errorbar.py
Ari Hartikainen,2019-12-11 07:23:54+02:00,examples/bokeh/bokeh_plot_pair.py
Ari Hartikainen,2019-12-11 07:23:54+02:00,examples/bokeh/bokeh_plot_pair_hex.py
Ari Hartikainen,2019-12-11 07:23:54+02:00,examples/bokeh/bokeh_plot_pair_kde.py
Ari Hartikainen,2019-12-11 07:23:54+02:00,examples/bokeh/bokeh_plot_parallel.py
Ari Hartikainen,2019-12-11 07:23:54+02:00,examples/bokeh/bokeh_plot_posterior.py
Ari Hartikainen,2019-12-11 07:23:54+02:00,examples/bokeh/bokeh_plot_ppc.py
Ari Hartikainen,2019-12-11 07:23:54+02:00,examples/bokeh/bokeh_plot_ppc_cumulative.py
Ari Hartikainen,2019-12-11 07:23:54+02:00,examples/bokeh/bokeh_plot_rank.py
Ari Hartikainen,2019-12-11 07:23:54+02:00,examples/bokeh/bokeh_plot_trace.py
Ari Hartikainen,2019-12-11 07:23:54+02:00,examples/bokeh/bokeh_plot_violin.py
Ari Hartikainen,2019-12-11 07:23:54+02:00,setup.py
Ravin Kumar,2019-12-14 07:29:59-08:00,.pylintrc
Ravin Kumar,2019-12-14 07:29:59-08:00,arviz/plots/autocorrplot.py
Ravin Kumar,2019-12-14 07:29:59-08:00,arviz/plots/backends/__init__.py
Ravin Kumar,2019-12-14 07:29:59-08:00,arviz/plots/backends/bokeh/__init__.py
Ravin Kumar,2019-12-14 07:29:59-08:00,arviz/plots/backends/bokeh/autocorrplot.py
Ravin Kumar,2019-12-14 07:29:59-08:00,arviz/plots/backends/bokeh/compareplot.py
Ravin Kumar,2019-12-14 07:29:59-08:00,arviz/plots/backends/bokeh/densityplot.py
Ravin Kumar,2019-12-14 07:29:59-08:00,arviz/plots/backends/bokeh/distplot.py
Ravin Kumar,2019-12-14 07:29:59-08:00,arviz/plots/backends/bokeh/elpdplot.py
Ravin Kumar,2019-12-14 07:29:59-08:00,arviz/plots/backends/bokeh/energyplot.py
Ravin Kumar,2019-12-14 07:29:59-08:00,arviz/plots/backends/bokeh/essplot.py
Ravin Kumar,2019-12-14 07:29:59-08:00,arviz/plots/backends/bokeh/forestplot.py
Ravin Kumar,2019-12-14 07:29:59-08:00,arviz/plots/backends/bokeh/hpdplot.py
Ravin Kumar,2019-12-14 07:29:59-08:00,arviz/plots/backends/bokeh/jointplot.py
Ravin Kumar,2019-12-14 07:29:59-08:00,arviz/plots/backends/bokeh/kdeplot.py
Ravin Kumar,2019-12-14 07:29:59-08:00,arviz/plots/backends/bokeh/khatplot.py
Ravin Kumar,2019-12-14 07:29:59-08:00,arviz/plots/backends/bokeh/loopitplot.py
Ravin Kumar,2019-12-14 07:29:59-08:00,arviz/plots/backends/bokeh/mcseplot.py
Ravin Kumar,2019-12-14 07:29:59-08:00,arviz/plots/backends/bokeh/pairplot.py
Ravin Kumar,2019-12-14 07:29:59-08:00,arviz/plots/backends/bokeh/parallelplot.py
Ravin Kumar,2019-12-14 07:29:59-08:00,arviz/plots/backends/bokeh/posteriorplot.py
Ravin Kumar,2019-12-14 07:29:59-08:00,arviz/plots/backends/bokeh/ppcplot.py
Ravin Kumar,2019-12-14 07:29:59-08:00,arviz/plots/backends/bokeh/rankplot.py
Ravin Kumar,2019-12-14 07:29:59-08:00,arviz/plots/backends/bokeh/traceplot.py
Ravin Kumar,2019-12-14 07:29:59-08:00,arviz/plots/backends/bokeh/violinplot.py
Ravin Kumar,2019-12-14 07:29:59-08:00,arviz/plots/backends/matplotlib/__init__.py
Ravin Kumar,2019-12-14 07:29:59-08:00,arviz/plots/backends/matplotlib/autocorrplot.py
Ravin Kumar,2019-12-14 07:29:59-08:00,arviz/plots/backends/matplotlib/compareplot.py
Ravin Kumar,2019-12-14 07:29:59-08:00,arviz/plots/backends/matplotlib/densityplot.py
Ravin Kumar,2019-12-14 07:29:59-08:00,arviz/plots/backends/matplotlib/distplot.py
Ravin Kumar,2019-12-14 07:29:59-08:00,arviz/plots/backends/matplotlib/elpdplot.py
Ravin Kumar,2019-12-14 07:29:59-08:00,arviz/plots/backends/matplotlib/energyplot.py
Ravin Kumar,2019-12-14 07:29:59-08:00,arviz/plots/backends/matplotlib/essplot.py
Ravin Kumar,2019-12-14 07:29:59-08:00,arviz/plots/backends/matplotlib/forestplot.py
Ravin Kumar,2019-12-14 07:29:59-08:00,arviz/plots/backends/matplotlib/hpdplot.py
Ravin Kumar,2019-12-14 07:29:59-08:00,arviz/plots/backends/matplotlib/jointplot.py
Ravin Kumar,2019-12-14 07:29:59-08:00,arviz/plots/backends/matplotlib/kdeplot.py
Ravin Kumar,2019-12-14 07:29:59-08:00,arviz/plots/backends/matplotlib/khatplot.py
Ravin Kumar,2019-12-14 07:29:59-08:00,arviz/plots/backends/matplotlib/loopitplot.py
Ravin Kumar,2019-12-14 07:29:59-08:00,arviz/plots/backends/matplotlib/mcseplot.py
Ravin Kumar,2019-12-14 07:29:59-08:00,arviz/plots/backends/matplotlib/pairplot.py
Ravin Kumar,2019-12-14 07:29:59-08:00,arviz/plots/backends/matplotlib/parallelplot.py
Ravin Kumar,2019-12-14 07:29:59-08:00,arviz/plots/backends/matplotlib/posteriorplot.py
Ravin Kumar,2019-12-14 07:29:59-08:00,arviz/plots/backends/matplotlib/ppcplot.py
Ravin Kumar,2019-12-14 07:29:59-08:00,arviz/plots/backends/matplotlib/rankplot.py
Ravin Kumar,2019-12-14 07:29:59-08:00,arviz/plots/backends/matplotlib/traceplot.py
Ravin Kumar,2019-12-14 07:29:59-08:00,arviz/plots/backends/matplotlib/violinplot.py
Ravin Kumar,2019-12-14 07:29:59-08:00,arviz/plots/compareplot.py
Ravin Kumar,2019-12-14 07:29:59-08:00,arviz/plots/densityplot.py
Ravin Kumar,2019-12-14 07:29:59-08:00,arviz/plots/distplot.py
Ravin Kumar,2019-12-14 07:29:59-08:00,arviz/plots/elpdplot.py
Ravin Kumar,2019-12-14 07:29:59-08:00,arviz/plots/energyplot.py
Ravin Kumar,2019-12-14 07:29:59-08:00,arviz/plots/essplot.py
Ravin Kumar,2019-12-14 07:29:59-08:00,arviz/plots/forestplot.py
Ravin Kumar,2019-12-14 07:29:59-08:00,arviz/plots/hpdplot.py
Ravin Kumar,2019-12-14 07:29:59-08:00,arviz/plots/jointplot.py
Ravin Kumar,2019-12-14 07:29:59-08:00,arviz/plots/kdeplot.py
Ravin Kumar,2019-12-14 07:29:59-08:00,arviz/plots/khatplot.py
Ravin Kumar,2019-12-14 07:29:59-08:00,arviz/plots/loopitplot.py
Ravin Kumar,2019-12-14 07:29:59-08:00,arviz/plots/mcseplot.py
Ravin Kumar,2019-12-14 07:29:59-08:00,arviz/plots/pairplot.py
Ravin Kumar,2019-12-14 07:29:59-08:00,arviz/plots/parallelplot.py
Ravin Kumar,2019-12-14 07:29:59-08:00,arviz/plots/plot_utils.py
Ravin Kumar,2019-12-14 07:29:59-08:00,arviz/plots/posteriorplot.py
Ravin Kumar,2019-12-14 07:29:59-08:00,arviz/plots/ppcplot.py
Ravin Kumar,2019-12-14 07:29:59-08:00,arviz/plots/rankplot.py
Ravin Kumar,2019-12-14 07:29:59-08:00,arviz/plots/traceplot.py
Ravin Kumar,2019-12-14 07:29:59-08:00,arviz/plots/violinplot.py
Ravin Kumar,2019-12-14 07:29:59-08:00,arviz/tests/test_plot_utils.py
Ravin Kumar,2019-12-14 07:29:59-08:00,arviz/tests/test_plots_bokeh.py
Ravin Kumar,2019-12-14 07:29:59-08:00,examples/bokeh/bokeh_plot_dist.py
Ravin Kumar,2019-12-14 07:29:59-08:00,examples/bokeh/bokeh_plot_trace.py
Ravin Kumar,2019-12-14 07:29:59-08:00,scripts/container.sh
Osvaldo Martin,2019-12-21 09:51:10+01:00,arviz/stats/stats.py
Osvaldo Martin,2019-12-21 09:51:10+01:00,arviz/tests/test_stats.py
Ari Hartikainen,2019-12-21 14:14:12+02:00,arviz/plots/autocorrplot.py
Ari Hartikainen,2019-12-21 14:14:12+02:00,arviz/plots/backends/bokeh/__init__.py
Ari Hartikainen,2019-12-21 14:14:12+02:00,arviz/plots/backends/bokeh/autocorrplot.py
Ari Hartikainen,2019-12-21 14:14:12+02:00,arviz/plots/backends/bokeh/compareplot.py
Ari Hartikainen,2019-12-21 14:14:12+02:00,arviz/plots/backends/bokeh/densityplot.py
Ari Hartikainen,2019-12-21 14:14:12+02:00,arviz/plots/backends/bokeh/distplot.py
Ari Hartikainen,2019-12-21 14:14:12+02:00,arviz/plots/backends/bokeh/elpdplot.py
Ari Hartikainen,2019-12-21 14:14:12+02:00,arviz/plots/backends/bokeh/energyplot.py
Ari Hartikainen,2019-12-21 14:14:12+02:00,arviz/plots/backends/bokeh/essplot.py
Ari Hartikainen,2019-12-21 14:14:12+02:00,arviz/plots/backends/bokeh/forestplot.py
Ari Hartikainen,2019-12-21 14:14:12+02:00,arviz/plots/backends/bokeh/hpdplot.py
Ari Hartikainen,2019-12-21 14:14:12+02:00,arviz/plots/backends/bokeh/jointplot.py
Ari Hartikainen,2019-12-21 14:14:12+02:00,arviz/plots/backends/bokeh/kdeplot.py
Ari Hartikainen,2019-12-21 14:14:12+02:00,arviz/plots/backends/bokeh/khatplot.py
Ari Hartikainen,2019-12-21 14:14:12+02:00,arviz/plots/backends/bokeh/loopitplot.py
Ari Hartikainen,2019-12-21 14:14:12+02:00,arviz/plots/backends/bokeh/mcseplot.py
Ari Hartikainen,2019-12-21 14:14:12+02:00,arviz/plots/backends/bokeh/pairplot.py
Ari Hartikainen,2019-12-21 14:14:12+02:00,arviz/plots/backends/bokeh/parallelplot.py
Ari Hartikainen,2019-12-21 14:14:12+02:00,arviz/plots/backends/bokeh/posteriorplot.py
Ari Hartikainen,2019-12-21 14:14:12+02:00,arviz/plots/backends/bokeh/ppcplot.py
Ari Hartikainen,2019-12-21 14:14:12+02:00,arviz/plots/backends/bokeh/rankplot.py
Ari Hartikainen,2019-12-21 14:14:12+02:00,arviz/plots/backends/bokeh/traceplot.py
Ari Hartikainen,2019-12-21 14:14:12+02:00,arviz/plots/backends/bokeh/violinplot.py
Ari Hartikainen,2019-12-21 14:14:12+02:00,arviz/plots/backends/matplotlib/__init__.py
Ari Hartikainen,2019-12-21 14:14:12+02:00,arviz/plots/backends/matplotlib/autocorrplot.py
Ari Hartikainen,2019-12-21 14:14:12+02:00,arviz/plots/backends/matplotlib/compareplot.py
Ari Hartikainen,2019-12-21 14:14:12+02:00,arviz/plots/backends/matplotlib/densityplot.py
Ari Hartikainen,2019-12-21 14:14:12+02:00,arviz/plots/backends/matplotlib/elpdplot.py
Ari Hartikainen,2019-12-21 14:14:12+02:00,arviz/plots/backends/matplotlib/energyplot.py
Ari Hartikainen,2019-12-21 14:14:12+02:00,arviz/plots/backends/matplotlib/essplot.py
Ari Hartikainen,2019-12-21 14:14:12+02:00,arviz/plots/backends/matplotlib/forestplot.py
Ari Hartikainen,2019-12-21 14:14:12+02:00,arviz/plots/backends/matplotlib/hpdplot.py
Ari Hartikainen,2019-12-21 14:14:12+02:00,arviz/plots/backends/matplotlib/jointplot.py
Ari Hartikainen,2019-12-21 14:14:12+02:00,arviz/plots/backends/matplotlib/kdeplot.py
Ari Hartikainen,2019-12-21 14:14:12+02:00,arviz/plots/backends/matplotlib/khatplot.py
Ari Hartikainen,2019-12-21 14:14:12+02:00,arviz/plots/backends/matplotlib/loopitplot.py
Ari Hartikainen,2019-12-21 14:14:12+02:00,arviz/plots/backends/matplotlib/mcseplot.py
Ari Hartikainen,2019-12-21 14:14:12+02:00,arviz/plots/backends/matplotlib/pairplot.py
Ari Hartikainen,2019-12-21 14:14:12+02:00,arviz/plots/backends/matplotlib/parallelplot.py
Ari Hartikainen,2019-12-21 14:14:12+02:00,arviz/plots/backends/matplotlib/posteriorplot.py
Ari Hartikainen,2019-12-21 14:14:12+02:00,arviz/plots/backends/matplotlib/ppcplot.py
Ari Hartikainen,2019-12-21 14:14:12+02:00,arviz/plots/backends/matplotlib/rankplot.py
Ari Hartikainen,2019-12-21 14:14:12+02:00,arviz/plots/backends/matplotlib/traceplot.py
Ari Hartikainen,2019-12-21 14:14:12+02:00,arviz/plots/backends/matplotlib/violinplot.py
Ari Hartikainen,2019-12-21 14:14:12+02:00,arviz/plots/compareplot.py
Ari Hartikainen,2019-12-21 14:14:12+02:00,arviz/plots/densityplot.py
Ari Hartikainen,2019-12-21 14:14:12+02:00,arviz/plots/distplot.py
Ari Hartikainen,2019-12-21 14:14:12+02:00,arviz/plots/elpdplot.py
Ari Hartikainen,2019-12-21 14:14:12+02:00,arviz/plots/energyplot.py
Ari Hartikainen,2019-12-21 14:14:12+02:00,arviz/plots/essplot.py
Ari Hartikainen,2019-12-21 14:14:12+02:00,arviz/plots/forestplot.py
Ari Hartikainen,2019-12-21 14:14:12+02:00,arviz/plots/hpdplot.py
Ari Hartikainen,2019-12-21 14:14:12+02:00,arviz/plots/jointplot.py
Ari Hartikainen,2019-12-21 14:14:12+02:00,arviz/plots/kdeplot.py
Ari Hartikainen,2019-12-21 14:14:12+02:00,arviz/plots/khatplot.py
Ari Hartikainen,2019-12-21 14:14:12+02:00,arviz/plots/loopitplot.py
Ari Hartikainen,2019-12-21 14:14:12+02:00,arviz/plots/mcseplot.py
Ari Hartikainen,2019-12-21 14:14:12+02:00,arviz/plots/pairplot.py
Ari Hartikainen,2019-12-21 14:14:12+02:00,arviz/plots/parallelplot.py
Ari Hartikainen,2019-12-21 14:14:12+02:00,arviz/plots/plot_utils.py
Ari Hartikainen,2019-12-21 14:14:12+02:00,arviz/plots/posteriorplot.py
Ari Hartikainen,2019-12-21 14:14:12+02:00,arviz/plots/ppcplot.py
Ari Hartikainen,2019-12-21 14:14:12+02:00,arviz/plots/rankplot.py
Ari Hartikainen,2019-12-21 14:14:12+02:00,arviz/plots/traceplot.py
Ari Hartikainen,2019-12-21 14:14:12+02:00,arviz/plots/violinplot.py
Ari Hartikainen,2019-12-21 14:14:12+02:00,arviz/rcparams.py
Ari Hartikainen,2019-12-21 14:14:12+02:00,arviz/tests/test_plot_utils.py
Ari Hartikainen,2019-12-21 14:14:12+02:00,arviz/tests/test_plots_bokeh.py
Ari Hartikainen,2019-12-21 14:14:12+02:00,arvizrc.template
Ari Hartikainen,2019-12-21 14:14:12+02:00,doc/conf.py
Ari Hartikainen,2019-12-21 14:14:12+02:00,doc/sphinxext/gallery_generator.py
Ari Hartikainen,2019-12-21 14:14:12+02:00,examples/bokeh/bokeh_plot_autocorr.py
Ari Hartikainen,2019-12-21 14:14:12+02:00,examples/bokeh/bokeh_plot_compare.py
Ari Hartikainen,2019-12-21 14:14:12+02:00,examples/bokeh/bokeh_plot_density.py
Ari Hartikainen,2019-12-21 14:14:12+02:00,examples/bokeh/bokeh_plot_dist.py
Ari Hartikainen,2019-12-21 14:14:12+02:00,examples/bokeh/bokeh_plot_elpd.py
Ari Hartikainen,2019-12-21 14:14:12+02:00,examples/bokeh/bokeh_plot_energy.py
Ari Hartikainen,2019-12-21 14:14:12+02:00,examples/bokeh/bokeh_plot_ess_evolution.py
Ari Hartikainen,2019-12-21 14:14:12+02:00,examples/bokeh/bokeh_plot_ess_local.py
Ari Hartikainen,2019-12-21 14:14:12+02:00,examples/bokeh/bokeh_plot_ess_quantile.py
Ari Hartikainen,2019-12-21 14:14:12+02:00,examples/bokeh/bokeh_plot_forest.py
Ari Hartikainen,2019-12-21 14:14:12+02:00,examples/bokeh/bokeh_plot_forest_ridge.py
Ari Hartikainen,2019-12-21 14:14:12+02:00,examples/bokeh/bokeh_plot_hpd.py
Ari Hartikainen,2019-12-21 14:14:12+02:00,examples/bokeh/bokeh_plot_joint.py
Ari Hartikainen,2019-12-21 14:14:12+02:00,examples/bokeh/bokeh_plot_kde.py
Ari Hartikainen,2019-12-21 14:14:12+02:00,examples/bokeh/bokeh_plot_kde_2d.py
Ari Hartikainen,2019-12-21 14:14:12+02:00,examples/bokeh/bokeh_plot_kde_quantiles.py
Ari Hartikainen,2019-12-21 14:14:12+02:00,examples/bokeh/bokeh_plot_khat.py
Ari Hartikainen,2019-12-21 14:14:12+02:00,examples/bokeh/bokeh_plot_loo_pit_ecdf.py
Ari Hartikainen,2019-12-21 14:14:12+02:00,examples/bokeh/bokeh_plot_loo_pit_overlay.py
Ari Hartikainen,2019-12-21 14:14:12+02:00,examples/bokeh/bokeh_plot_mcse.py
Ari Hartikainen,2019-12-21 14:14:12+02:00,examples/bokeh/bokeh_plot_mcse_errorbar.py
Ari Hartikainen,2019-12-21 14:14:12+02:00,examples/bokeh/bokeh_plot_pair.py
Ari Hartikainen,2019-12-21 14:14:12+02:00,examples/bokeh/bokeh_plot_pair_hex.py
Ari Hartikainen,2019-12-21 14:14:12+02:00,examples/bokeh/bokeh_plot_pair_kde.py
Ari Hartikainen,2019-12-21 14:14:12+02:00,examples/bokeh/bokeh_plot_parallel.py
Ari Hartikainen,2019-12-21 14:14:12+02:00,examples/bokeh/bokeh_plot_posterior.py
Ari Hartikainen,2019-12-21 14:14:12+02:00,examples/bokeh/bokeh_plot_ppc.py
Ari Hartikainen,2019-12-21 14:14:12+02:00,examples/bokeh/bokeh_plot_ppc_cumulative.py
Ari Hartikainen,2019-12-21 14:14:12+02:00,examples/bokeh/bokeh_plot_rank.py
Ari Hartikainen,2019-12-21 14:14:12+02:00,examples/bokeh/bokeh_plot_trace.py
Ari Hartikainen,2019-12-21 14:14:12+02:00,examples/bokeh/bokeh_plot_violin.py
Ari Hartikainen,2019-12-21 14:14:12+02:00,scripts/container.sh
Ari Hartikainen,2019-12-22 00:43:06+02:00,arviz/plots/backends/bokeh/khatplot.py
Ari Hartikainen,2019-12-22 00:43:06+02:00,arviz/plots/backends/bokeh/posteriorplot.py
Ari Hartikainen,2019-12-22 12:16:18+02:00,arviz/plots/autocorrplot.py
Ari Hartikainen,2019-12-22 12:16:18+02:00,arviz/plots/backends/bokeh/autocorrplot.py
Ari Hartikainen,2019-12-22 12:16:18+02:00,arviz/plots/backends/bokeh/densityplot.py
Ari Hartikainen,2019-12-22 12:16:18+02:00,arviz/plots/backends/matplotlib/autocorrplot.py
Ari Hartikainen,2019-12-22 12:16:18+02:00,arviz/plots/backends/matplotlib/densityplot.py
Ari Hartikainen,2019-12-22 12:16:18+02:00,arviz/plots/densityplot.py
Ari Hartikainen,2019-12-23 22:11:22+02:00,requirements.txt
Du Phan,2019-12-23 22:40:58+02:00,arviz/data/io_pyro.py
Du Phan,2019-12-23 22:40:58+02:00,arviz/tests/helpers.py
Du Phan,2019-12-23 22:40:58+02:00,arviz/tests/test_data_pyro.py
Du Phan,2019-12-23 22:40:58+02:00,doc/notebooks/InferenceDataCookbook.ipynb
Ari Hartikainen,2019-12-23 23:18:51+02:00,arviz/plots/autocorrplot.py
Ari Hartikainen,2019-12-23 23:18:51+02:00,arviz/plots/backends/bokeh/__init__.py
Ari Hartikainen,2019-12-23 23:18:51+02:00,arviz/plots/backends/bokeh/autocorrplot.py
Ari Hartikainen,2019-12-23 23:18:51+02:00,arviz/plots/backends/bokeh/compareplot.py
Ari Hartikainen,2019-12-23 23:18:51+02:00,arviz/plots/backends/bokeh/densityplot.py
Ari Hartikainen,2019-12-23 23:18:51+02:00,arviz/plots/backends/bokeh/distplot.py
Ari Hartikainen,2019-12-23 23:18:51+02:00,arviz/plots/backends/bokeh/elpdplot.py
Ari Hartikainen,2019-12-23 23:18:51+02:00,arviz/plots/backends/bokeh/energyplot.py
Ari Hartikainen,2019-12-23 23:18:51+02:00,arviz/plots/backends/bokeh/essplot.py
Ari Hartikainen,2019-12-23 23:18:51+02:00,arviz/plots/backends/bokeh/forestplot.py
Ari Hartikainen,2019-12-23 23:18:51+02:00,arviz/plots/backends/bokeh/hpdplot.py
Ari Hartikainen,2019-12-23 23:18:51+02:00,arviz/plots/backends/bokeh/jointplot.py
Ari Hartikainen,2019-12-23 23:18:51+02:00,arviz/plots/backends/bokeh/kdeplot.py
Ari Hartikainen,2019-12-23 23:18:51+02:00,arviz/plots/backends/bokeh/khatplot.py
Ari Hartikainen,2019-12-23 23:18:51+02:00,arviz/plots/backends/bokeh/loopitplot.py
Ari Hartikainen,2019-12-23 23:18:51+02:00,arviz/plots/backends/bokeh/mcseplot.py
Ari Hartikainen,2019-12-23 23:18:51+02:00,arviz/plots/backends/bokeh/pairplot.py
Ari Hartikainen,2019-12-23 23:18:51+02:00,arviz/plots/backends/bokeh/parallelplot.py
Ari Hartikainen,2019-12-23 23:18:51+02:00,arviz/plots/backends/bokeh/posteriorplot.py
Ari Hartikainen,2019-12-23 23:18:51+02:00,arviz/plots/backends/bokeh/ppcplot.py
Ari Hartikainen,2019-12-23 23:18:51+02:00,arviz/plots/backends/bokeh/rankplot.py
Ari Hartikainen,2019-12-23 23:18:51+02:00,arviz/plots/backends/bokeh/traceplot.py
Ari Hartikainen,2019-12-23 23:18:51+02:00,arviz/plots/backends/bokeh/violinplot.py
Ari Hartikainen,2019-12-23 23:18:51+02:00,arviz/plots/backends/matplotlib/__init__.py
Ari Hartikainen,2019-12-23 23:18:51+02:00,arviz/plots/backends/matplotlib/autocorrplot.py
Ari Hartikainen,2019-12-23 23:18:51+02:00,arviz/plots/backends/matplotlib/compareplot.py
Ari Hartikainen,2019-12-23 23:18:51+02:00,arviz/plots/backends/matplotlib/densityplot.py
Ari Hartikainen,2019-12-23 23:18:51+02:00,arviz/plots/backends/matplotlib/distplot.py
Ari Hartikainen,2019-12-23 23:18:51+02:00,arviz/plots/backends/matplotlib/elpdplot.py
Ari Hartikainen,2019-12-23 23:18:51+02:00,arviz/plots/backends/matplotlib/energyplot.py
Ari Hartikainen,2019-12-23 23:18:51+02:00,arviz/plots/backends/matplotlib/essplot.py
Ari Hartikainen,2019-12-23 23:18:51+02:00,arviz/plots/backends/matplotlib/forestplot.py
Ari Hartikainen,2019-12-23 23:18:51+02:00,arviz/plots/backends/matplotlib/hpdplot.py
Ari Hartikainen,2019-12-23 23:18:51+02:00,arviz/plots/backends/matplotlib/jointplot.py
Ari Hartikainen,2019-12-23 23:18:51+02:00,arviz/plots/backends/matplotlib/kdeplot.py
Ari Hartikainen,2019-12-23 23:18:51+02:00,arviz/plots/backends/matplotlib/khatplot.py
Ari Hartikainen,2019-12-23 23:18:51+02:00,arviz/plots/backends/matplotlib/loopitplot.py
Ari Hartikainen,2019-12-23 23:18:51+02:00,arviz/plots/backends/matplotlib/mcseplot.py
Ari Hartikainen,2019-12-23 23:18:51+02:00,arviz/plots/backends/matplotlib/pairplot.py
Ari Hartikainen,2019-12-23 23:18:51+02:00,arviz/plots/backends/matplotlib/parallelplot.py
Ari Hartikainen,2019-12-23 23:18:51+02:00,arviz/plots/backends/matplotlib/posteriorplot.py
Ari Hartikainen,2019-12-23 23:18:51+02:00,arviz/plots/backends/matplotlib/ppcplot.py
Ari Hartikainen,2019-12-23 23:18:51+02:00,arviz/plots/backends/matplotlib/rankplot.py
Ari Hartikainen,2019-12-23 23:18:51+02:00,arviz/plots/backends/matplotlib/traceplot.py
Ari Hartikainen,2019-12-23 23:18:51+02:00,arviz/plots/backends/matplotlib/violinplot.py
Ari Hartikainen,2019-12-23 23:18:51+02:00,arviz/plots/compareplot.py
Ari Hartikainen,2019-12-23 23:18:51+02:00,arviz/plots/densityplot.py
Ari Hartikainen,2019-12-23 23:18:51+02:00,arviz/plots/distplot.py
Ari Hartikainen,2019-12-23 23:18:51+02:00,arviz/plots/elpdplot.py
Ari Hartikainen,2019-12-23 23:18:51+02:00,arviz/plots/energyplot.py
Ari Hartikainen,2019-12-23 23:18:51+02:00,arviz/plots/essplot.py
Ari Hartikainen,2019-12-23 23:18:51+02:00,arviz/plots/forestplot.py
Ari Hartikainen,2019-12-23 23:18:51+02:00,arviz/plots/hpdplot.py
Ari Hartikainen,2019-12-23 23:18:51+02:00,arviz/plots/jointplot.py
Ari Hartikainen,2019-12-23 23:18:51+02:00,arviz/plots/kdeplot.py
Ari Hartikainen,2019-12-23 23:18:51+02:00,arviz/plots/khatplot.py
Ari Hartikainen,2019-12-23 23:18:51+02:00,arviz/plots/loopitplot.py
Ari Hartikainen,2019-12-23 23:18:51+02:00,arviz/plots/mcseplot.py
Ari Hartikainen,2019-12-23 23:18:51+02:00,arviz/plots/pairplot.py
Ari Hartikainen,2019-12-23 23:18:51+02:00,arviz/plots/parallelplot.py
Ari Hartikainen,2019-12-23 23:18:51+02:00,arviz/plots/plot_utils.py
Ari Hartikainen,2019-12-23 23:18:51+02:00,arviz/plots/posteriorplot.py
Ari Hartikainen,2019-12-23 23:18:51+02:00,arviz/plots/ppcplot.py
Ari Hartikainen,2019-12-23 23:18:51+02:00,arviz/plots/rankplot.py
Ari Hartikainen,2019-12-23 23:18:51+02:00,arviz/plots/traceplot.py
Ari Hartikainen,2019-12-23 23:18:51+02:00,arviz/plots/violinplot.py
Ari Hartikainen,2019-12-23 23:18:51+02:00,arviz/rcparams.py
Ari Hartikainen,2019-12-23 23:18:51+02:00,arviz/tests/test_plots_bokeh.py
Ari Hartikainen,2019-12-23 23:18:51+02:00,arviz/tests/test_rcparams.py
Ari Hartikainen,2019-12-23 23:18:51+02:00,arvizrc.template
Ari Hartikainen,2019-12-23 23:18:51+02:00,examples/bokeh/bokeh_plot_dist.py
Ari Hartikainen,2019-12-23 23:18:51+02:00,examples/bokeh/bokeh_plot_hpd.py
Ari Hartikainen,2019-12-24 09:42:49+02:00,requirements.txt
Ari Hartikainen,2019-12-24 09:43:14+02:00,arviz/__init__.py
Ari Hartikainen,2019-12-24 10:50:29+02:00,requirements.txt
Ari Hartikainen,2019-12-26 11:42:35+02:00,arviz/data/io_pyro.py
Ari Hartikainen,2019-12-26 11:42:35+02:00,arviz/plots/backends/bokeh/__init__.py
Ari Hartikainen,2019-12-26 11:42:35+02:00,arviz/plots/backends/bokeh/pairplot.py
Ari Hartikainen,2019-12-28 14:09:56+02:00,arviz/plots/backends/__init__.py
Ari Hartikainen,2019-12-28 14:09:56+02:00,arviz/plots/backends/bokeh/__init__.py
Ari Hartikainen,2019-12-28 14:09:56+02:00,arviz/plots/backends/bokeh/pairplot.py
Ari Hartikainen,2019-12-28 14:09:56+02:00,arviz/plots/backends/matplotlib/__init__.py
Ari Hartikainen,2019-12-29 00:03:03+02:00,arviz/__init__.py
Ari Hartikainen,2019-12-29 00:15:49+02:00,requirements.txt
Ari Hartikainen,2019-12-29 00:18:57+02:00,requirements.txt
Justin Bois,2019-12-29 22:09:38+02:00,arviz/data/io_cmdstanpy.py
Ari Hartikainen,2020-01-06 21:29:14+02:00,arviz/plots/backends/__init__.py
Ari Hartikainen,2020-01-06 21:29:14+02:00,arviz/plots/plot_utils.py
Ari Hartikainen,2020-01-06 21:29:14+02:00,arviz/stats/stats.py
Ari Hartikainen,2020-01-06 21:29:14+02:00,arviz/tests/test_utils.py
Ari Hartikainen,2020-01-06 21:29:14+02:00,arviz/utils.py
Ravin Kumar,2020-01-08 07:30:09-08:00,arviz/plots/backends/matplotlib/traceplot.py
Nitish Pasricha,2020-01-14 13:15:53+01:00,arviz/stats/diagnostics.py
Nitish Pasricha,2020-01-14 13:15:53+01:00,arviz/tests/test_diagnostics.py
Nitish Pasricha,2020-01-14 19:05:36+01:00,arviz/utils.py
Nitish Pasricha,2020-01-15 12:44:11+01:00,arviz/plots/backends/__init__.py
Nitish Pasricha,2020-01-15 12:44:11+01:00,arviz/tests/test_utils.py
Nitish Pasricha,2020-01-15 12:44:11+01:00,arviz/utils.py
Piyush Gautam,2020-01-15 15:13:35+01:00,arviz/plots/jointplot.py
Osvaldo Martin,2020-01-16 19:49:00-03:00,.gitattributes
Osvaldo Martin,2020-01-16 19:49:00-03:00,CHANGELOG.md
Oriol Abril,2020-01-17 12:39:59+01:00,doc/schema/schema.md
Nitish Pasricha,2020-01-17 12:54:52+01:00,arviz/plots/backends/bokeh/ppcplot.py
Nitish Pasricha,2020-01-17 12:54:52+01:00,arviz/plots/backends/matplotlib/ppcplot.py
Nitish Pasricha,2020-01-17 12:54:52+01:00,arviz/plots/ppcplot.py
Piyush Gautam,2020-01-17 22:52:51+02:00,arviz/plots/__init__.py
Piyush Gautam,2020-01-17 22:52:51+02:00,arviz/plots/backends/bokeh/densityplot.py
Piyush Gautam,2020-01-17 22:52:51+02:00,arviz/plots/backends/bokeh/forestplot.py
Piyush Gautam,2020-01-17 22:52:51+02:00,arviz/plots/backends/bokeh/posteriorplot.py
Piyush Gautam,2020-01-17 22:52:51+02:00,arviz/plots/backends/matplotlib/densityplot.py
Piyush Gautam,2020-01-17 22:52:51+02:00,arviz/plots/backends/matplotlib/forestplot.py
Piyush Gautam,2020-01-17 22:52:51+02:00,arviz/plots/backends/matplotlib/loopitplot.py
Piyush Gautam,2020-01-17 22:52:51+02:00,arviz/plots/backends/matplotlib/posteriorplot.py
Piyush Gautam,2020-01-17 22:52:51+02:00,arviz/plots/backends/matplotlib/ppcplot.py
Piyush Gautam,2020-01-17 22:52:51+02:00,arviz/plots/backends/matplotlib/violinplot.py
Piyush Gautam,2020-01-17 22:52:51+02:00,arviz/plots/densityplot.py
Piyush Gautam,2020-01-17 22:52:51+02:00,arviz/plots/kdeplot.py
Piyush Gautam,2020-01-17 22:52:51+02:00,arviz/plots/loopitplot.py
Piyush Gautam,2020-01-17 22:52:51+02:00,arviz/plots/plot_utils.py
Piyush Gautam,2020-01-17 22:52:51+02:00,arviz/plots/posteriorplot.py
Piyush Gautam,2020-01-17 22:52:51+02:00,arviz/stats/stats.py
Piyush Gautam,2020-01-17 22:52:51+02:00,arviz/tests/test_plots_bokeh.py
Piyush Gautam,2020-01-17 22:52:51+02:00,arviz/tests/test_plots_matplotlib.py
Piyush Gautam,2020-01-18 19:38:27+02:00,arviz/plots/backends/bokeh/pairplot.py
Piyush Gautam,2020-01-18 19:38:27+02:00,arviz/plots/backends/matplotlib/pairplot.py
Piyush Gautam,2020-01-18 19:38:27+02:00,arviz/plots/pairplot.py
rpgoldman,2020-01-19 23:47:42+01:00,CHANGELOG.md
rpgoldman,2020-01-19 23:47:42+01:00,arviz/data/__init__.py
rpgoldman,2020-01-19 23:47:42+01:00,arviz/data/base.py
rpgoldman,2020-01-19 23:47:42+01:00,arviz/data/inference_data.pyi
rpgoldman,2020-01-19 23:47:42+01:00,arviz/data/io_pymc3.py
rpgoldman,2020-01-19 23:47:42+01:00,arviz/tests/test_data_pymc.py
Osvaldo Martin,2020-01-20 09:49:12-03:00,arviz/plots/backends/bokeh/violinplot.py
Osvaldo Martin,2020-01-20 09:49:12-03:00,arviz/plots/backends/matplotlib/violinplot.py
Osvaldo Martin,2020-01-20 09:49:12-03:00,arviz/plots/violinplot.py
Osvaldo Martin,2020-01-20 09:50:48-03:00,CHANGELOG.md
amukh18,2020-01-20 22:11:25+01:00,arviz/plots/jointplot.py
amukh18,2020-01-20 22:11:25+01:00,arviz/plots/ppcplot.py
amukh18,2020-01-20 22:11:25+01:00,examples/matplotlib/mpl_plot_ppc.py
Shashank jain,2020-01-20 22:13:16+01:00,arviz/plots/elpdplot.py
Shashank jain,2020-01-20 22:13:16+01:00,arviz/stats/stats.py
Shashank jain,2020-01-20 22:13:16+01:00,arviz/tests/test_plots_bokeh.py
Shashank jain,2020-01-20 22:13:16+01:00,examples/bokeh/bokeh_plot_dist.py
Shashank jain,2020-01-20 22:13:16+01:00,examples/bokeh/bokeh_plot_loo_pit_ecdf.py
Shashank jain,2020-01-20 22:13:16+01:00,examples/bokeh/bokeh_plot_pair.py
Oriol Abril,2020-01-20 23:04:37+01:00,CHANGELOG.md
amukh18,2020-01-21 19:13:53+01:00,arviz/plots/ppcplot.py
Piyush Gautam,2020-01-22 09:14:15-03:00,CHANGELOG.md
Piyush Gautam,2020-01-22 09:14:15-03:00,arviz/plots/densityplot.py
Piyush Gautam,2020-01-22 09:14:15-03:00,arviz/plots/forestplot.py
Piyush Gautam,2020-01-22 09:14:15-03:00,arviz/plots/hpdplot.py
Piyush Gautam,2020-01-22 09:14:15-03:00,arviz/plots/loopitplot.py
Piyush Gautam,2020-01-22 09:14:15-03:00,arviz/plots/posteriorplot.py
Piyush Gautam,2020-01-22 09:14:15-03:00,arviz/plots/violinplot.py
Piyush Gautam,2020-01-22 09:14:15-03:00,arviz/stats/stats.py
Andy Gimblett,2020-01-22 10:26:32-03:00,arviz/data/base.py
Andy Gimblett,2020-01-22 10:26:32-03:00,arviz/data/io_dict.py
Andy Gimblett,2020-01-22 10:26:32-03:00,arviz/data/io_emcee.py
Andy Gimblett,2020-01-22 10:26:32-03:00,arviz/plots/backends/bokeh/elpdplot.py
Andy Gimblett,2020-01-22 10:26:32-03:00,arviz/plots/backends/bokeh/pairplot.py
Andy Gimblett,2020-01-22 10:26:32-03:00,arviz/plots/backends/matplotlib/elpdplot.py
Andy Gimblett,2020-01-22 10:26:32-03:00,arviz/plots/backends/matplotlib/pairplot.py
Andy Gimblett,2020-01-22 10:26:32-03:00,arviz/plots/densityplot.py
Andy Gimblett,2020-01-22 10:26:32-03:00,arviz/plots/pairplot.py
Andy Gimblett,2020-01-22 10:26:32-03:00,arviz/plots/plot_utils.py
Andy Gimblett,2020-01-22 10:26:32-03:00,arviz/plots/traceplot.py
Andy Gimblett,2020-01-22 10:26:32-03:00,arviz/tests/test_data.py
Andy Gimblett,2020-01-22 10:26:32-03:00,arviz/tests/test_data_emcee.py
Andy Gimblett,2020-01-22 10:26:32-03:00,arviz/tests/test_plot_utils.py
Andy Gimblett,2020-01-22 10:26:32-03:00,arviz/tests/test_plots_bokeh.py
Andy Gimblett,2020-01-22 10:26:32-03:00,arviz/tests/test_plots_matplotlib.py
Osvaldo Martin,2020-01-22 10:28:08-03:00,CHANGELOG.md
Piyush Gautam,2020-01-22 10:37:58-03:00,.github/PULL_REQUEST_TEMPLATE/bug-fix.md
Piyush Gautam,2020-01-22 10:37:58-03:00,.github/PULL_REQUEST_TEMPLATE/documentation.md
Piyush Gautam,2020-01-22 10:37:58-03:00,.github/PULL_REQUEST_TEMPLATE/new-feature.md
Ari Hartikainen,2020-01-25 00:50:29+02:00,arviz/tests/helpers.py
Ari Hartikainen,2020-01-25 00:50:29+02:00,requirements.txt
Oriol Abril,2020-01-25 13:02:40-08:00,azurepipelines-coverage.yml
Piyush Gautam,2020-01-26 03:31:05+01:00,CHANGELOG.md
Piyush Gautam,2020-01-26 03:31:05+01:00,doc/sphinxext/gallery_generator.py
Oriol Abril,2020-01-26 09:39:23+02:00,arviz/data/io_dict.py
Oriol Abril,2020-01-26 09:39:23+02:00,arviz/data/io_emcee.py
Oriol Abril,2020-01-26 09:39:23+02:00,arviz/data/io_pymc3.py
Oriol Abril,2020-01-26 09:39:23+02:00,arviz/data/io_pystan.py
Oriol Abril,2020-01-26 09:39:23+02:00,arviz/stats/stats.py
Oriol Abril,2020-01-26 09:39:23+02:00,arviz/stats/stats_utils.py
Oriol Abril,2020-01-26 09:39:23+02:00,arviz/tests/test_data_emcee.py
Oriol Abril,2020-01-26 09:39:23+02:00,arviz/tests/test_data_pymc.py
Oriol Abril,2020-01-26 09:39:23+02:00,arviz/tests/test_data_pystan.py
Oriol Abril,2020-01-26 09:39:23+02:00,arviz/tests/test_stats.py
Oriol Abril,2020-01-26 09:39:23+02:00,doc/notebooks/InferenceDataCookbook.ipynb
Oriol Abril,2020-01-26 09:39:23+02:00,doc/notebooks/Introduction.ipynb
Piyush Gautam,2020-01-26 19:45:36+01:00,.github/PULL_REQUEST_TEMPLATE.md
Piyush Gautam,2020-01-26 19:45:36+01:00,.github/PULL_REQUEST_TEMPLATE/bug-fix.md
Piyush Gautam,2020-01-26 19:45:36+01:00,.github/PULL_REQUEST_TEMPLATE/new-feature.md
Piyush Gautam,2020-01-28 00:13:04+01:00,doc/sphinxext/gallery_generator.py
Oriol Abril,2020-01-28 09:19:22+02:00,CHANGELOG.md
Oriol Abril,2020-01-28 09:19:22+02:00,arviz/data/io_emcee.py
Oriol Abril,2020-01-28 09:19:22+02:00,arviz/plots/ppcplot.py
Oriol Abril,2020-01-28 09:19:22+02:00,doc/api.rst
Oriol Abril,2020-01-28 09:19:22+02:00,doc/index.rst
Oriol Abril,2020-01-28 09:19:22+02:00,doc/schema/PyMC3_schema_example.ipynb
Oriol Abril,2020-01-28 09:19:22+02:00,doc/schema/linear_regression_data.csv
Oriol Abril,2020-01-28 09:19:22+02:00,doc/schema/schema.md
Oriol Abril,2020-01-28 09:19:22+02:00,doc/schema/schema.rst
Du Phan,2020-01-29 00:02:58+02:00,arviz/data/io_pyro.py
Ari Hartikainen,2020-01-29 07:46:11+02:00,CHANGELOG.md
Ari Hartikainen,2020-01-29 07:46:11+02:00,arviz/data/io_pystan.py
Ari Hartikainen,2020-01-29 07:46:11+02:00,arviz/tests/test_data_pystan.py
Ari Hartikainen,2020-01-29 07:46:11+02:00,doc/schema/PyMC3_schema_example.ipynb
Ari Hartikainen,2020-01-29 07:46:11+02:00,doc/schema/PyStan_schema_example.ipynb
mark padgham,2020-01-29 09:08:05-03:00,paper/paper.md
Justin Bois,2020-01-29 10:01:47-03:00,arviz/plots/plot_utils.py
Nitish Pasricha,2020-01-30 10:17:41-03:00,CHANGELOG.md
Nitish Pasricha,2020-01-30 10:17:41-03:00,arviz/plots/posteriorplot.py
Osvaldo Martin,2020-02-01 12:04:06-03:00,CHANGELOG.md
Osvaldo Martin,2020-02-01 12:04:06-03:00,arviz/stats/diagnostics.py
Osvaldo Martin,2020-02-01 12:04:06-03:00,arviz/stats/stats.py
Osvaldo Martin,2020-02-01 12:04:06-03:00,arviz/stats/stats_utils.py
Osvaldo Martin,2020-02-01 12:04:06-03:00,arviz/tests/test_diagnostics.py
Osvaldo Martin,2020-02-01 12:04:06-03:00,arviz/tests/test_stats.py
Osvaldo Martin,2020-02-01 12:04:06-03:00,arviz/tests/test_stats_utils.py
Junpeng Lao,2020-02-04 09:51:57+01:00,arviz/data/io_pymc3.py
Junpeng Lao,2020-02-04 09:51:57+01:00,arviz/tests/test_data_pymc.py
Osvaldo Martin,2020-02-04 08:46:17-03:00,CHANGELOG.md
Osvaldo Martin,2020-02-04 08:46:17-03:00,arviz/plots/hpdplot.py
Osvaldo Martin,2020-02-04 08:53:23-03:00,CHANGELOG.md
Ravin Kumar,2020-02-04 08:55:07-03:00,doc/sphinxext/developer_guide.rst
Adrian Seyboldt,2020-02-06 00:04:56+01:00,arviz/data/io_pymc3.py
Piyush Gautam,2020-02-06 08:58:15-03:00,doc/sphinxext/gallery_generator.py
Piyush Gautam,2020-02-06 08:58:15-03:00,examples/matplotlib/mpl_plot_autocorr.py
Piyush Gautam,2020-02-06 08:58:15-03:00,examples/matplotlib/mpl_plot_compare.py
Piyush Gautam,2020-02-06 08:58:15-03:00,examples/matplotlib/mpl_plot_density.py
Piyush Gautam,2020-02-06 08:58:15-03:00,examples/matplotlib/mpl_plot_dist.py
Piyush Gautam,2020-02-06 08:58:15-03:00,examples/matplotlib/mpl_plot_elpd.py
Piyush Gautam,2020-02-06 08:58:15-03:00,examples/matplotlib/mpl_plot_energy.py
Piyush Gautam,2020-02-06 08:58:15-03:00,examples/matplotlib/mpl_plot_ess_evolution.py
Piyush Gautam,2020-02-06 08:58:15-03:00,examples/matplotlib/mpl_plot_ess_local.py
Piyush Gautam,2020-02-06 08:58:15-03:00,examples/matplotlib/mpl_plot_ess_quantile.py
Piyush Gautam,2020-02-06 08:58:15-03:00,examples/matplotlib/mpl_plot_forest.py
Piyush Gautam,2020-02-06 08:58:15-03:00,examples/matplotlib/mpl_plot_forest_ridge.py
Piyush Gautam,2020-02-06 08:58:15-03:00,examples/matplotlib/mpl_plot_hpd.py
Piyush Gautam,2020-02-06 08:58:15-03:00,examples/matplotlib/mpl_plot_joint.py
Piyush Gautam,2020-02-06 08:58:15-03:00,examples/matplotlib/mpl_plot_kde.py
Piyush Gautam,2020-02-06 08:58:15-03:00,examples/matplotlib/mpl_plot_kde_2d.py
Piyush Gautam,2020-02-06 08:58:15-03:00,examples/matplotlib/mpl_plot_kde_quantiles.py
Piyush Gautam,2020-02-06 08:58:15-03:00,examples/matplotlib/mpl_plot_khat.py
Piyush Gautam,2020-02-06 08:58:15-03:00,examples/matplotlib/mpl_plot_loo_pit_ecdf.py
Piyush Gautam,2020-02-06 08:58:15-03:00,examples/matplotlib/mpl_plot_loo_pit_overlay.py
Piyush Gautam,2020-02-06 08:58:15-03:00,examples/matplotlib/mpl_plot_mcse.py
Piyush Gautam,2020-02-06 08:58:15-03:00,examples/matplotlib/mpl_plot_mcse_errorbar.py
Piyush Gautam,2020-02-06 08:58:15-03:00,examples/matplotlib/mpl_plot_pair.py
Piyush Gautam,2020-02-06 08:58:15-03:00,examples/matplotlib/mpl_plot_pair_hex.py
Piyush Gautam,2020-02-06 08:58:15-03:00,examples/matplotlib/mpl_plot_pair_kde.py
Piyush Gautam,2020-02-06 08:58:15-03:00,examples/matplotlib/mpl_plot_parallel.py
Piyush Gautam,2020-02-06 08:58:15-03:00,examples/matplotlib/mpl_plot_posterior.py
Piyush Gautam,2020-02-06 08:58:15-03:00,examples/matplotlib/mpl_plot_ppc.py
Piyush Gautam,2020-02-06 08:58:15-03:00,examples/matplotlib/mpl_plot_ppc_cumulative.py
Piyush Gautam,2020-02-06 08:58:15-03:00,examples/matplotlib/mpl_plot_rank.py
Piyush Gautam,2020-02-06 08:58:15-03:00,examples/matplotlib/mpl_plot_trace.py
Piyush Gautam,2020-02-06 08:58:15-03:00,examples/matplotlib/mpl_plot_violin.py
Piyush Gautam,2020-02-06 08:58:15-03:00,examples/matplotlib/mpl_styles.py
amukh18,2020-02-06 21:01:44+01:00,CHANGELOG.md
amukh18,2020-02-06 21:01:44+01:00,arviz/plots/densityplot.py
amukh18,2020-02-06 21:01:44+01:00,arviz/plots/forestplot.py
amukh18,2020-02-06 21:01:44+01:00,arviz/plots/jointplot.py
amukh18,2020-02-06 21:01:44+01:00,arviz/plots/posteriorplot.py
amukh18,2020-02-06 21:01:44+01:00,arviz/plots/rankplot.py
amukh18,2020-02-06 21:01:44+01:00,arviz/plots/traceplot.py
amukh18,2020-02-06 21:01:44+01:00,arviz/plots/violinplot.py
Vincent Bouttier,2020-02-06 21:02:29+01:00,.travis.yml
Vincent Bouttier,2020-02-06 21:02:29+01:00,CHANGELOG.md
Vincent Bouttier,2020-02-06 21:02:29+01:00,arviz/data/io_numpyro.py
Vincent Bouttier,2020-02-06 21:02:29+01:00,arviz/data/io_pyro.py
Vincent Bouttier,2020-02-06 21:02:29+01:00,arviz/tests/test_data_numpyro.py
Vincent Bouttier,2020-02-06 21:02:29+01:00,arviz/tests/test_data_pyro.py
Vincent Bouttier,2020-02-06 21:02:29+01:00,azure-pipelines.yml
Vincent Bouttier,2020-02-06 21:02:29+01:00,requirements-dev.txt
Agustina Arroyuelo,2020-02-06 21:30:52+01:00,CHANGELOG.md
Agustina Arroyuelo,2020-02-06 21:30:52+01:00,arviz/plots/backends/bokeh/densityplot.py
Agustina Arroyuelo,2020-02-06 21:30:52+01:00,arviz/plots/backends/bokeh/posteriorplot.py
Agustina Arroyuelo,2020-02-06 21:30:52+01:00,arviz/plots/backends/matplotlib/densityplot.py
Agustina Arroyuelo,2020-02-06 21:30:52+01:00,arviz/plots/backends/matplotlib/posteriorplot.py
Oriol Abril,2020-02-07 06:43:11+02:00,arviz/data/inference_data.py
Oriol Abril,2020-02-07 06:43:11+02:00,arviz/tests/test_data.py
Oriol Abril,2020-02-07 06:43:11+02:00,doc/schema/PyStan_schema_example.ipynb
Nitish Pasricha,2020-02-07 23:52:03+01:00,arviz/plots/autocorrplot.py
Nitish Pasricha,2020-02-07 23:52:03+01:00,arviz/plots/backends/bokeh/autocorrplot.py
Nitish Pasricha,2020-02-07 23:52:03+01:00,arviz/plots/backends/bokeh/forestplot.py
Nitish Pasricha,2020-02-07 23:52:03+01:00,arviz/plots/backends/bokeh/parallelplot.py
Nitish Pasricha,2020-02-07 23:52:03+01:00,arviz/plots/backends/bokeh/traceplot.py
Nitish Pasricha,2020-02-07 23:52:03+01:00,arviz/plots/forestplot.py
Nitish Pasricha,2020-02-07 23:52:03+01:00,arviz/plots/parallelplot.py
Nitish Pasricha,2020-02-07 23:52:03+01:00,arviz/plots/traceplot.py
Nitish Pasricha,2020-02-07 23:52:03+01:00,arviz/rcparams.py
Nitish Pasricha,2020-02-07 23:52:03+01:00,arviz/tests/test_rcparams.py
Nitish Pasricha,2020-02-07 23:52:03+01:00,arvizrc.template
amukh18,2020-02-07 23:52:45+01:00,CHANGELOG.md
amukh18,2020-02-07 23:52:45+01:00,arviz/plots/violinplot.py
amukh18,2020-02-10 17:41:27+02:00,.gitignore
amukh18,2020-02-10 17:41:27+02:00,doc/notebooks/InferenceDataCookbook.ipynb
Rohit Sanjay,2020-02-10 20:24:03+01:00,CONTRIBUTING.md
Piyush Gautam,2020-02-10 21:40:56+01:00,CHANGELOG.md
Piyush Gautam,2020-02-10 21:40:56+01:00,arviz/data/inference_data.py
Osvaldo Martin,2020-02-10 21:46:07+01:00,arviz/plots/hpdplot.py
Sergiu,2020-02-10 21:53:30+01:00,setup.py
Oriol Abril,2020-02-11 23:34:15+01:00,CHANGELOG.md
Oriol Abril,2020-02-11 23:34:15+01:00,arviz/data/io_pymc3.py
Oriol Abril,2020-02-11 23:34:15+01:00,arviz/plots/backends/matplotlib/ppcplot.py
Oriol Abril,2020-02-11 23:34:15+01:00,arviz/plots/ppcplot.py
Oriol Abril,2020-02-11 23:34:15+01:00,arviz/tests/helpers.py
Oriol Abril,2020-02-11 23:34:15+01:00,arviz/tests/test_data_pymc.py
Piyush Gautam,2020-02-11 23:42:31+01:00,CHANGELOG.md
Piyush Gautam,2020-02-11 23:42:31+01:00,arviz/plots/backends/bokeh/elpdplot.py
Piyush Gautam,2020-02-11 23:42:31+01:00,arviz/plots/elpdplot.py
Piyush Gautam,2020-02-11 23:42:31+01:00,arviz/rcparams.py
Piyush Gautam,2020-02-11 23:42:31+01:00,arvizrc.template
Ravin Kumar,2020-02-12 11:06:57-03:00,CONTRIBUTING.md
Ari Hartikainen,2020-02-12 17:13:28+02:00,CHANGELOG.md
Ari Hartikainen,2020-02-12 17:13:28+02:00,arviz/data/io_cmdstan.py
Ari Hartikainen,2020-02-12 17:13:28+02:00,arviz/data/io_cmdstanpy.py
Ari Hartikainen,2020-02-12 17:13:28+02:00,arviz/tests/test_data_cmdstan.py
Ari Hartikainen,2020-02-12 17:13:28+02:00,arviz/tests/test_data_cmdstanpy.py
Piyush Gautam,2020-02-13 14:03:00+02:00,CHANGELOG.md
Piyush Gautam,2020-02-13 14:03:00+02:00,arviz/plots/backends/bokeh/densityplot.py
Piyush Gautam,2020-02-13 14:03:00+02:00,arviz/plots/backends/bokeh/energyplot.py
Piyush Gautam,2020-02-13 14:03:00+02:00,arviz/plots/backends/bokeh/essplot.py
Piyush Gautam,2020-02-13 14:03:00+02:00,arviz/plots/backends/bokeh/kdeplot.py
Piyush Gautam,2020-02-13 14:03:00+02:00,arviz/plots/kdeplot.py
Ari Hartikainen,2020-02-13 16:25:09+02:00,CHANGELOG.md
Ari Hartikainen,2020-02-13 16:25:09+02:00,arviz/plots/compareplot.py
Ari Hartikainen,2020-02-13 16:25:09+02:00,arviz/plots/elpdplot.py
Ari Hartikainen,2020-02-13 16:25:09+02:00,arviz/rcparams.py
Ari Hartikainen,2020-02-13 16:25:09+02:00,arviz/stats/stats.py
Ari Hartikainen,2020-02-13 16:25:09+02:00,arviz/stats/stats_utils.py
Ari Hartikainen,2020-02-13 16:25:09+02:00,arviz/tests/test_plots_bokeh.py
Ari Hartikainen,2020-02-13 16:25:09+02:00,arviz/tests/test_plots_matplotlib.py
Ari Hartikainen,2020-02-13 16:25:09+02:00,arviz/tests/test_stats.py
Ari Hartikainen,2020-02-13 16:25:09+02:00,arvizrc.template
Piyush Gautam,2020-02-13 16:31:49+02:00,CHANGELOG.md
Piyush Gautam,2020-02-13 16:31:49+02:00,arviz/plots/backends/bokeh/forestplot.py
Piyush Gautam,2020-02-13 16:31:49+02:00,arviz/plots/backends/matplotlib/forestplot.py
Piyush Gautam,2020-02-13 16:31:49+02:00,arviz/plots/forestplot.py
Oriol Abril,2020-02-14 15:03:48+01:00,CHANGELOG.md
Oriol Abril,2020-02-14 15:03:48+01:00,arviz/__init__.py
Oriol Abril,2020-02-14 15:03:48+01:00,arviz/data/io_pystan.py
Oriol Abril,2020-02-14 15:03:48+01:00,arviz/stats/__init__.py
Oriol Abril,2020-02-14 15:03:48+01:00,arviz/stats/stats_refitting.py
Oriol Abril,2020-02-14 15:03:48+01:00,arviz/stats/stats_utils.py
Oriol Abril,2020-02-14 15:03:48+01:00,arviz/wrappers/__init__.py
Oriol Abril,2020-02-14 15:03:48+01:00,arviz/wrappers/base.py
Oriol Abril,2020-02-14 15:03:48+01:00,arviz/wrappers/wrap_pystan.py
Oriol Abril,2020-02-14 15:03:48+01:00,doc/api.rst
Oriol Abril,2020-02-14 15:03:48+01:00,doc/notebooks/pystan_refitting.ipynb
Oriol Abril,2020-02-16 02:01:57+01:00,.github/PULL_REQUEST_TEMPLATE.md
Oriol Abril,2020-02-16 02:01:57+01:00,CONTRIBUTING.md
Nitish Pasricha,2020-02-16 02:02:48+01:00,arviz/data/io_pyro.py
Berkay Antmen,2020-02-17 08:37:19-03:00,arviz/stats/stats.py
Oriol Abril,2020-02-17 19:52:49+01:00,arviz/data/io_pystan.py
Piyush Gautam,2020-02-18 09:39:25-03:00,CHANGELOG.md
Piyush Gautam,2020-02-18 09:39:25-03:00,arviz/plots/plot_utils.py
Piyush Gautam,2020-02-20 10:34:23+01:00,arviz/plots/backends/matplotlib/traceplot.py
Piyush Gautam,2020-02-20 10:34:23+01:00,arviz/tests/test_plots_matplotlib.py
Nitish Pasricha,2020-02-20 16:14:21+01:00,CHANGELOG.md
Nitish Pasricha,2020-02-20 16:14:21+01:00,arviz/data/io_pyro.py
Oriol Abril,2020-02-20 08:12:20-08:00,arviz/data/inference_data.py
Ari Hartikainen,2020-02-21 23:50:11+01:00,.azure-pipelines/azure-pipelines-base.yml
Ari Hartikainen,2020-02-21 23:50:11+01:00,.azure-pipelines/azure-pipelines-benchmarks.yml
Ari Hartikainen,2020-02-21 23:50:11+01:00,.azure-pipelines/azure-pipelines-docs.yml
Ari Hartikainen,2020-02-21 23:50:11+01:00,.azure-pipelines/azure-pipelines-external.yml
Ari Hartikainen,2020-02-21 23:50:11+01:00,.azure-pipelines/azure-pipelines-wheel.yml
Ari Hartikainen,2020-02-21 23:50:11+01:00,.pydocstyle.ini
Ari Hartikainen,2020-02-21 23:50:11+01:00,.travis.yml
Ari Hartikainen,2020-02-21 23:50:11+01:00,CHANGELOG.md
Ari Hartikainen,2020-02-21 23:50:11+01:00,README.md
Ari Hartikainen,2020-02-21 23:50:11+01:00,arviz/tests/base_tests/__init__.py
Ari Hartikainen,2020-02-21 23:50:11+01:00,arviz/tests/base_tests/test_data.py
Ari Hartikainen,2020-02-21 23:50:11+01:00,arviz/tests/base_tests/test_diagnostics.py
Ari Hartikainen,2020-02-21 23:50:11+01:00,arviz/tests/base_tests/test_plot_utils.py
Ari Hartikainen,2020-02-21 23:50:11+01:00,arviz/tests/base_tests/test_plots_bokeh.py
Ari Hartikainen,2020-02-21 23:50:11+01:00,arviz/tests/base_tests/test_plots_matplotlib.py
Ari Hartikainen,2020-02-21 23:50:11+01:00,arviz/tests/base_tests/test_rcparams.py
Ari Hartikainen,2020-02-21 23:50:11+01:00,arviz/tests/base_tests/test_stats.py
Ari Hartikainen,2020-02-21 23:50:11+01:00,arviz/tests/base_tests/test_stats_utils.py
Ari Hartikainen,2020-02-21 23:50:11+01:00,arviz/tests/base_tests/test_utils.py
Ari Hartikainen,2020-02-21 23:50:11+01:00,arviz/tests/external_tests/__init__.py
Ari Hartikainen,2020-02-21 23:50:11+01:00,arviz/tests/external_tests/test_data_cmdstan.py
Ari Hartikainen,2020-02-21 23:50:11+01:00,arviz/tests/external_tests/test_data_cmdstanpy.py
Ari Hartikainen,2020-02-21 23:50:11+01:00,arviz/tests/external_tests/test_data_emcee.py
Ari Hartikainen,2020-02-21 23:50:11+01:00,arviz/tests/external_tests/test_data_numpyro.py
Ari Hartikainen,2020-02-21 23:50:11+01:00,arviz/tests/external_tests/test_data_pymc.py
Ari Hartikainen,2020-02-21 23:50:11+01:00,arviz/tests/external_tests/test_data_pyro.py
Ari Hartikainen,2020-02-21 23:50:11+01:00,arviz/tests/external_tests/test_data_pystan.py
Ari Hartikainen,2020-02-21 23:50:11+01:00,arviz/tests/external_tests/test_data_tfp.py
Ari Hartikainen,2020-02-21 23:50:11+01:00,arviz/tests/helpers.py
Ari Hartikainen,2020-02-21 23:50:11+01:00,arviz/tests/pytest.ini
Ari Hartikainen,2020-02-21 23:50:11+01:00,asv.conf.json
Ari Hartikainen,2020-02-21 23:50:11+01:00,azure-pipelines.yml
Ari Hartikainen,2020-02-21 23:50:11+01:00,azurepipelines-coverage.yml
Ari Hartikainen,2020-02-21 23:50:11+01:00,codecov.yml
Ari Hartikainen,2020-02-21 23:50:11+01:00,pyproject.toml
Ari Hartikainen,2020-02-21 23:50:11+01:00,pytest.ini
Ari Hartikainen,2020-02-21 23:50:11+01:00,requirements-dev.txt
Ari Hartikainen,2020-02-21 23:50:11+01:00,requirements-docs.txt
Ari Hartikainen,2020-02-21 23:50:11+01:00,requirements-external.txt
Oriol Abril,2020-02-22 09:49:23+02:00,README.md
Oriol Abril,2020-02-22 09:49:23+02:00,codecov.yml
Oriol Abril,2020-02-22 09:49:23+02:00,doc/index.rst
Ari Hartikainen,2020-02-23 17:33:58+02:00,CHANGELOG.md
Ari Hartikainen,2020-02-23 17:33:58+02:00,arviz/data/base.py
Nitish Pasricha,2020-02-26 19:59:48+01:00,CHANGELOG.md
Nitish Pasricha,2020-02-26 19:59:48+01:00,arviz/data/io_pymc3.py
Nitish Pasricha,2020-02-26 19:59:48+01:00,arviz/tests/external_tests/test_data_pymc.py
Ari Hartikainen,2020-02-28 17:33:49+02:00,CHANGELOG.md
Ari Hartikainen,2020-02-28 17:33:49+02:00,arviz/plots/autocorrplot.py
Ari Hartikainen,2020-02-28 17:33:49+02:00,arviz/plots/backends/__init__.py
Ari Hartikainen,2020-02-28 17:33:49+02:00,arviz/plots/backends/bokeh/__init__.py
Ari Hartikainen,2020-02-28 17:33:49+02:00,arviz/plots/backends/bokeh/autocorrplot.py
Ari Hartikainen,2020-02-28 17:33:49+02:00,arviz/plots/backends/bokeh/compareplot.py
Ari Hartikainen,2020-02-28 17:33:49+02:00,arviz/plots/backends/bokeh/densityplot.py
Ari Hartikainen,2020-02-28 17:33:49+02:00,arviz/plots/backends/bokeh/distplot.py
Ari Hartikainen,2020-02-28 17:33:49+02:00,arviz/plots/backends/bokeh/elpdplot.py
Ari Hartikainen,2020-02-28 17:33:49+02:00,arviz/plots/backends/bokeh/energyplot.py
Ari Hartikainen,2020-02-28 17:33:49+02:00,arviz/plots/backends/bokeh/essplot.py
Ari Hartikainen,2020-02-28 17:33:49+02:00,arviz/plots/backends/bokeh/forestplot.py
Ari Hartikainen,2020-02-28 17:33:49+02:00,arviz/plots/backends/bokeh/hpdplot.py
Ari Hartikainen,2020-02-28 17:33:49+02:00,arviz/plots/backends/bokeh/jointplot.py
Ari Hartikainen,2020-02-28 17:33:49+02:00,arviz/plots/backends/bokeh/kdeplot.py
Ari Hartikainen,2020-02-28 17:33:49+02:00,arviz/plots/backends/bokeh/khatplot.py
Ari Hartikainen,2020-02-28 17:33:49+02:00,arviz/plots/backends/bokeh/loopitplot.py
Ari Hartikainen,2020-02-28 17:33:49+02:00,arviz/plots/backends/bokeh/mcseplot.py
Ari Hartikainen,2020-02-28 17:33:49+02:00,arviz/plots/backends/bokeh/pairplot.py
Ari Hartikainen,2020-02-28 17:33:49+02:00,arviz/plots/backends/bokeh/parallelplot.py
Ari Hartikainen,2020-02-28 17:33:49+02:00,arviz/plots/backends/bokeh/posteriorplot.py
Ari Hartikainen,2020-02-28 17:33:49+02:00,arviz/plots/backends/bokeh/ppcplot.py
Ari Hartikainen,2020-02-28 17:33:49+02:00,arviz/plots/backends/bokeh/rankplot.py
Ari Hartikainen,2020-02-28 17:33:49+02:00,arviz/plots/backends/bokeh/traceplot.py
Ari Hartikainen,2020-02-28 17:33:49+02:00,arviz/plots/backends/bokeh/violinplot.py
Ari Hartikainen,2020-02-28 17:33:49+02:00,arviz/plots/compareplot.py
Ari Hartikainen,2020-02-28 17:33:49+02:00,arviz/plots/densityplot.py
Ari Hartikainen,2020-02-28 17:33:49+02:00,arviz/plots/distplot.py
Ari Hartikainen,2020-02-28 17:33:49+02:00,arviz/plots/elpdplot.py
Ari Hartikainen,2020-02-28 17:33:49+02:00,arviz/plots/energyplot.py
Ari Hartikainen,2020-02-28 17:33:49+02:00,arviz/plots/essplot.py
Ari Hartikainen,2020-02-28 17:33:49+02:00,arviz/plots/forestplot.py
Ari Hartikainen,2020-02-28 17:33:49+02:00,arviz/plots/hpdplot.py
Ari Hartikainen,2020-02-28 17:33:49+02:00,arviz/plots/jointplot.py
Ari Hartikainen,2020-02-28 17:33:49+02:00,arviz/plots/kdeplot.py
Ari Hartikainen,2020-02-28 17:33:49+02:00,arviz/plots/khatplot.py
Ari Hartikainen,2020-02-28 17:33:49+02:00,arviz/plots/loopitplot.py
Ari Hartikainen,2020-02-28 17:33:49+02:00,arviz/plots/mcseplot.py
Ari Hartikainen,2020-02-28 17:33:49+02:00,arviz/plots/pairplot.py
Ari Hartikainen,2020-02-28 17:33:49+02:00,arviz/plots/parallelplot.py
Ari Hartikainen,2020-02-28 17:33:49+02:00,arviz/plots/plot_utils.py
Ari Hartikainen,2020-02-28 17:33:49+02:00,arviz/plots/posteriorplot.py
Ari Hartikainen,2020-02-28 17:33:49+02:00,arviz/plots/ppcplot.py
Ari Hartikainen,2020-02-28 17:33:49+02:00,arviz/plots/rankplot.py
Ari Hartikainen,2020-02-28 17:33:49+02:00,arviz/plots/traceplot.py
Ari Hartikainen,2020-02-28 17:33:49+02:00,arviz/plots/violinplot.py
Ari Hartikainen,2020-02-28 17:33:49+02:00,arviz/rcparams.py
Ari Hartikainen,2020-02-28 17:33:49+02:00,arviz/tests/base_tests/test_rcparams.py
Ari Hartikainen,2020-02-28 17:33:49+02:00,arvizrc.template
Ari Hartikainen,2020-02-28 17:33:49+02:00,codecov.yml
Ari Hartikainen,2020-02-29 00:22:19+02:00,arviz/plots/backends/__init__.py
Oriol Abril,2020-02-29 16:40:59+01:00,CHANGELOG.md
Oriol Abril,2020-02-29 16:40:59+01:00,arviz/plots/densityplot.py
Oriol Abril,2020-02-29 16:40:59+01:00,arviz/tests/base_tests/test_plots_bokeh.py
Oriol Abril,2020-02-29 16:40:59+01:00,arviz/tests/base_tests/test_plots_matplotlib.py
Oriol Abril,2020-03-01 19:50:36+01:00,CHANGELOG.md
Oriol Abril,2020-03-01 19:50:36+01:00,arviz/plots/backends/bokeh/traceplot.py
Oriol Abril,2020-03-01 19:50:36+01:00,arviz/plots/backends/matplotlib/traceplot.py
Oriol Abril,2020-03-01 19:50:36+01:00,arviz/plots/plot_utils.py
Oriol Abril,2020-03-01 19:50:36+01:00,arviz/plots/traceplot.py
Oriol Abril,2020-03-01 19:50:36+01:00,arviz/rcparams.py
Oriol Abril,2020-03-01 19:50:36+01:00,arviz/tests/base_tests/test_plots_bokeh.py
Oriol Abril,2020-03-01 19:50:36+01:00,arviz/tests/base_tests/test_plots_matplotlib.py
Oriol Abril,2020-03-01 19:50:36+01:00,arvizrc.template
amukh18,2020-03-01 23:22:33+02:00,CHANGELOG.md
amukh18,2020-03-01 23:22:33+02:00,arviz/plots/backends/bokeh/pairplot.py
Piyush Gautam,2020-03-02 20:22:38+01:00,CHANGELOG.md
Piyush Gautam,2020-03-02 20:22:38+01:00,arviz/plots/backends/matplotlib/distplot.py
Piyush Gautam,2020-03-02 20:22:38+01:00,arviz/plots/backends/matplotlib/essplot.py
Piyush Gautam,2020-03-02 20:22:38+01:00,arviz/plots/backends/matplotlib/kdeplot.py
Piyush Gautam,2020-03-02 20:22:38+01:00,arviz/plots/backends/matplotlib/mcseplot.py
Piyush Gautam,2020-03-02 20:22:38+01:00,arviz/plots/distplot.py
Piyush Gautam,2020-03-02 20:22:38+01:00,arviz/plots/elpdplot.py
Piyush Gautam,2020-03-02 20:22:38+01:00,arviz/plots/energyplot.py
Piyush Gautam,2020-03-02 20:22:38+01:00,arviz/plots/essplot.py
Piyush Gautam,2020-03-02 20:22:38+01:00,arviz/plots/hpdplot.py
Piyush Gautam,2020-03-02 20:22:38+01:00,arviz/plots/jointplot.py
Piyush Gautam,2020-03-02 20:22:38+01:00,arviz/plots/khatplot.py
Piyush Gautam,2020-03-02 20:22:38+01:00,arviz/plots/loopitplot.py
Piyush Gautam,2020-03-02 20:22:38+01:00,arviz/plots/mcseplot.py
Piyush Gautam,2020-03-02 20:22:38+01:00,arviz/plots/plot_utils.py
Piyush Gautam,2020-03-02 20:22:38+01:00,arviz/plots/posteriorplot.py
Piyush Gautam,2020-03-02 20:22:38+01:00,arviz/plots/traceplot.py
Piyush Gautam,2020-03-02 20:22:38+01:00,arviz/plots/violinplot.py
Piyush Gautam,2020-03-02 20:22:38+01:00,arviz/tests/base_tests/test_plot_utils.py
Oriol Abril,2020-03-02 23:04:25+01:00,CHANGELOG.md
Oriol Abril,2020-03-02 23:04:25+01:00,arviz/__init__.py
Oriol Abril,2020-03-02 23:04:25+01:00,doc/notebooks/InferenceDataCookbook.ipynb
Oriol Abril,2020-03-02 23:04:25+01:00,doc/notebooks/Introduction.ipynb
Oriol Abril,2020-03-02 23:04:25+01:00,doc/notebooks/XarrayforArviZ.ipynb
Oriol Abril,2020-03-02 23:04:25+01:00,doc/notebooks/pystan_refitting.ipynb
Oriol Abril,2020-03-04 16:29:38+01:00,codecov.yml
Oriol Abril,2020-03-05 10:08:33+01:00,arviz/data/io_pymc3.py
Agustina Arroyuelo,2020-03-05 22:52:28+01:00,CHANGELOG.md
Agustina Arroyuelo,2020-03-05 22:52:28+01:00,arviz/plots/backends/bokeh/distplot.py
Agustina Arroyuelo,2020-03-05 22:52:28+01:00,arviz/plots/backends/bokeh/pairplot.py
Agustina Arroyuelo,2020-03-05 22:52:28+01:00,arviz/plots/backends/matplotlib/pairplot.py
Agustina Arroyuelo,2020-03-05 22:52:28+01:00,arviz/plots/jointplot.py
Agustina Arroyuelo,2020-03-05 22:52:28+01:00,arviz/plots/pairplot.py
Agustina Arroyuelo,2020-03-05 22:52:28+01:00,arviz/plots/plot_utils.py
Agustina Arroyuelo,2020-03-05 22:52:28+01:00,arviz/tests/base_tests/test_plot_utils.py
Agustina Arroyuelo,2020-03-05 22:52:28+01:00,arviz/tests/base_tests/test_plots_bokeh.py
Agustina Arroyuelo,2020-03-05 22:52:28+01:00,arviz/tests/base_tests/test_plots_matplotlib.py
Oriol Abril,2020-03-06 13:50:49+01:00,arviz/stats/stats_utils.py
rpgoldman,2020-03-06 14:02:30+01:00,arviz/plots/autocorrplot.py
rpgoldman,2020-03-06 14:02:30+01:00,arviz/plots/densityplot.py
rpgoldman,2020-03-06 14:02:30+01:00,arviz/plots/essplot.py
rpgoldman,2020-03-06 14:02:30+01:00,arviz/plots/mcseplot.py
rpgoldman,2020-03-06 14:02:30+01:00,arviz/plots/pairplot.py
rpgoldman,2020-03-06 14:02:30+01:00,arviz/plots/posteriorplot.py
rpgoldman,2020-03-06 14:02:30+01:00,arviz/plots/ppcplot.py
rpgoldman,2020-03-06 14:02:30+01:00,arviz/plots/rankplot.py
rpgoldman,2020-03-06 14:02:30+01:00,arviz/plots/violinplot.py
Oriol Abril,2020-03-13 19:43:30+01:00,.azure-pipelines/azure-pipelines-base.yml
Oriol Abril,2020-03-13 19:43:30+01:00,.azure-pipelines/azure-pipelines-external.yml
Oriol Abril,2020-03-13 19:43:30+01:00,azure-pipelines.yml
Piyush Gautam,2020-03-14 01:27:19+01:00,arviz/stats/stats_utils.py
Piyush Gautam,2020-03-14 01:27:19+01:00,arviz/tests/base_tests/test_stats_utils.py
Oriol Abril,2020-03-14 01:27:54+01:00,.azure-pipelines/azure-pipelines-docs.yml
Oriol Abril,2020-03-14 01:27:54+01:00,CHANGELOG.md
Oriol Abril,2020-03-14 01:27:54+01:00,doc/sphinxext/gallery_generator.py
Oriol Abril,2020-03-14 16:00:01+01:00,.azure-pipelines/azure-pipelines-docs.yml
Oriol (Prodesk),2020-03-14 18:27:50+01:00,.azure-pipelines/azure-pipelines-docs.yml
Oriol Abril,2020-03-14 20:33:40+01:00,doc/sphinxext/gallery_generator.py
Smit Sanghavi,2020-03-15 10:32:11+02:00,CHANGELOG.md
Smit Sanghavi,2020-03-15 10:32:11+02:00,arviz/plots/backends/bokeh/distplot.py
Smit Sanghavi,2020-03-15 10:32:11+02:00,arviz/plots/backends/matplotlib/distplot.py
Smit Sanghavi,2020-03-15 10:32:11+02:00,arviz/plots/distplot.py
Smit Sanghavi,2020-03-15 10:32:11+02:00,arviz/plots/posteriorplot.py
Agustina Arroyuelo,2020-03-19 08:06:29-03:00,CHANGELOG.md
Agustina Arroyuelo,2020-03-19 08:06:29-03:00,arviz/plots/backends/bokeh/pairplot.py
Agustina Arroyuelo,2020-03-19 08:06:29-03:00,arviz/plots/backends/matplotlib/pairplot.py
Agustina Arroyuelo,2020-03-19 08:06:29-03:00,arviz/plots/pairplot.py
Agustina Arroyuelo,2020-03-19 08:06:29-03:00,examples/bokeh/bokeh_plot_joint.py
Agustina Arroyuelo,2020-03-19 08:06:29-03:00,examples/bokeh/bokeh_plot_pair_point_estimate.py
Agustina Arroyuelo,2020-03-19 08:06:29-03:00,examples/matplotlib/mpl_plot_joint.py
Agustina Arroyuelo,2020-03-19 08:06:29-03:00,examples/matplotlib/mpl_plot_pair_point_estimate.py
Alexandre ANDORRA,2020-03-19 11:41:40-03:00,CHANGELOG.md
Alexandre ANDORRA,2020-03-19 11:41:40-03:00,arviz/plots/densityplot.py
Alexandre ANDORRA,2020-03-19 11:41:40-03:00,arviz/plots/forestplot.py
Alexandre ANDORRA,2020-03-19 11:41:40-03:00,arviz/tests/base_tests/test_plots_matplotlib.py
Oriol Abril,2020-03-20 12:30:06+02:00,.azure-pipelines/azure-pipelines-base.yml
Oriol Abril,2020-03-20 12:30:06+02:00,.azure-pipelines/azure-pipelines-external.yml
Nitish Pasricha,2020-03-20 22:12:06+01:00,CHANGELOG.md
Nitish Pasricha,2020-03-20 22:12:06+01:00,arviz/data/io_pyro.py
Nitish Pasricha,2020-03-20 22:12:06+01:00,arviz/tests/external_tests/test_data_pyro.py
Oriol Abril,2020-03-24 16:41:54+01:00,.azure-pipelines/azure-pipelines-external.yml
Oriol Abril,2020-03-24 16:41:54+01:00,examples/bokeh/bokeh_plot_joint.py
Oriol Abril,2020-03-24 16:41:54+01:00,examples/bokeh/bokeh_plot_pair_point_estimate.py
Oriol Abril,2020-03-24 16:41:54+01:00,examples/matplotlib/mpl_plot_pair_point_estimate.py
Smit Sanghavi,2020-03-26 19:29:28-03:00,CHANGELOG.md
Smit Sanghavi,2020-03-26 19:29:28-03:00,arviz/data/converters.py
Smit Sanghavi,2020-03-26 19:29:28-03:00,arviz/tests/base_tests/test_data.py
Hector,2020-03-31 09:03:08+03:00,.azure-pipelines/azure-pipelines-base.yml
Hector,2020-03-31 09:03:08+03:00,.azure-pipelines/azure-pipelines-external.yml
Hector,2020-03-31 09:03:08+03:00,.gitignore
Hector,2020-03-31 09:03:08+03:00,CHANGELOG.md
Hector,2020-03-31 09:03:08+03:00,arviz/tests/base_tests/test_diagnostics.py
Hector,2020-03-31 09:03:08+03:00,arviz/tests/base_tests/test_diagnostics_numba.py
Hector,2020-03-31 09:03:08+03:00,arviz/tests/base_tests/test_helpers.py
Hector,2020-03-31 09:03:08+03:00,arviz/tests/base_tests/test_plot_utils.py
Hector,2020-03-31 09:03:08+03:00,arviz/tests/base_tests/test_plots_bokeh.py
Hector,2020-03-31 09:03:08+03:00,arviz/tests/base_tests/test_plots_matplotlib.py
Hector,2020-03-31 09:03:08+03:00,arviz/tests/base_tests/test_stats.py
Hector,2020-03-31 09:03:08+03:00,arviz/tests/base_tests/test_stats_numba.py
Hector,2020-03-31 09:03:08+03:00,arviz/tests/base_tests/test_utils.py
Hector,2020-03-31 09:03:08+03:00,arviz/tests/base_tests/test_utils_numba.py
Hector,2020-03-31 09:03:08+03:00,arviz/tests/external_tests/test_data_cmdstanpy.py
Hector,2020-03-31 09:03:08+03:00,arviz/tests/external_tests/test_data_emcee.py
Hector,2020-03-31 09:03:08+03:00,arviz/tests/external_tests/test_data_numpyro.py
Hector,2020-03-31 09:03:08+03:00,arviz/tests/external_tests/test_data_pymc.py
Hector,2020-03-31 09:03:08+03:00,arviz/tests/external_tests/test_data_pyro.py
Hector,2020-03-31 09:03:08+03:00,arviz/tests/external_tests/test_data_pystan.py
Hector,2020-03-31 09:03:08+03:00,arviz/tests/external_tests/test_data_tfp.py
Hector,2020-03-31 09:03:08+03:00,arviz/tests/helpers.py
Hector,2020-03-31 09:03:08+03:00,pytest.ini
Hector,2020-04-02 10:34:21-03:00,CHANGELOG.md
Hector,2020-04-02 10:34:21-03:00,README.md
Hector,2020-04-02 10:34:21-03:00,setup.py
Piyush Gautam,2020-04-02 14:14:43-03:00,CHANGELOG.md
Piyush Gautam,2020-04-02 14:14:43-03:00,arviz/stats/stats.py
Piyush Gautam,2020-04-02 14:14:43-03:00,arviz/tests/base_tests/test_stats.py
Oriol Abril,2020-04-04 14:24:52+03:00,.azure-pipelines/azure-pipelines-external.yml
Oriol Abril,2020-04-04 14:24:52+03:00,arviz/data/converters.py
Oriol Abril,2020-04-04 14:24:52+03:00,arviz/tests/external_tests/test_data_numpyro.py
Oriol Abril,2020-04-04 14:24:52+03:00,arviz/tests/external_tests/test_data_pymc.py
Oriol Abril,2020-04-06 09:42:02+03:00,arviz/plots/backends/matplotlib/pairplot.py
Oriol Abril,2020-04-06 09:42:02+03:00,arviz/tests/base_tests/test_plots_matplotlib.py
Ari Hartikainen,2020-04-06 09:52:12+03:00,arviz/data/inference_data.py
Ari Hartikainen,2020-04-06 09:52:12+03:00,arviz/data/inference_data.pyi
Ari Hartikainen,2020-04-06 09:52:12+03:00,arviz/data/io_pystan.py
Ari Hartikainen,2020-04-06 09:52:12+03:00,arviz/plots/backends/__init__.py
Ari Hartikainen,2020-04-06 09:52:12+03:00,arviz/rcparams.py
Ari Hartikainen,2020-04-06 09:52:12+03:00,arviz/tests/external_tests/test_data_pystan.py
Ari Hartikainen,2020-04-06 09:52:12+03:00,arviz/tests/helpers.py
Ari Hartikainen,2020-04-06 09:52:12+03:00,arviz/utils.py
Ari Hartikainen,2020-04-06 09:52:12+03:00,arvizrc.template
Ari Hartikainen,2020-04-06 09:55:04+03:00,CHANGELOG.md
Ari Hartikainen,2020-04-06 11:32:18+03:00,requirements-docs.txt
Osvaldo Martin,2020-04-06 17:07:23+03:00,CHANGELOG.md
Osvaldo Martin,2020-04-06 17:07:23+03:00,arviz/plots/backends/bokeh/traceplot.py
Osvaldo Martin,2020-04-06 17:07:23+03:00,arviz/plots/backends/matplotlib/traceplot.py
Osvaldo Martin,2020-04-06 17:07:23+03:00,arviz/plots/traceplot.py
Osvaldo Martin,2020-04-06 17:07:23+03:00,arviz/tests/base_tests/test_plots_bokeh.py
Osvaldo Martin,2020-04-06 17:07:23+03:00,arviz/tests/base_tests/test_plots_matplotlib.py
Osvaldo Martin,2020-04-06 17:07:23+03:00,examples/bokeh/bokeh_plot_trace_bars.py
Osvaldo Martin,2020-04-06 17:07:23+03:00,examples/bokeh/bokeh_plot_trace_vlines.py
Osvaldo Martin,2020-04-06 17:07:23+03:00,examples/matplotlib/mpl_plot_trace_bars.py
Osvaldo Martin,2020-04-06 17:07:23+03:00,examples/matplotlib/mpl_plot_trace_vlines.py
Smit Sanghavi,2020-04-08 09:59:08-03:00,CHANGELOG.md
Smit Sanghavi,2020-04-08 09:59:08-03:00,arviz/stats/stats.py
Ari Hartikainen,2020-04-09 09:58:33+03:00,CHANGELOG.md
Ari Hartikainen,2020-04-09 09:58:33+03:00,CONTRIBUTING.md
Ari Hartikainen,2020-04-09 09:58:33+03:00,examples/bokeh/bokeh_plot_pair_point_estimate.py
Ari Hartikainen,2020-04-09 09:58:33+03:00,examples/matplotlib/mpl_plot_pair_point_estimate.py
Ari Hartikainen,2020-04-09 09:58:33+03:00,scripts/Dockerfile
Ari Hartikainen,2020-04-09 09:58:33+03:00,scripts/container.ps1
Ari Hartikainen,2020-04-09 09:58:33+03:00,scripts/container.sh
Ari Hartikainen,2020-04-09 09:58:33+03:00,scripts/create_testenv.sh
Ari Hartikainen,2020-04-09 09:58:33+03:00,scripts/deploy_docs.sh
Ari Hartikainen,2020-04-09 09:58:33+03:00,scripts/lint.sh
Nitish Pasricha,2020-04-12 23:03:46+03:00,.azure-pipelines/azure-pipelines-benchmarks.yml
Nitish Pasricha,2020-04-12 23:03:46+03:00,.azure-pipelines/azure-pipelines-external.yml
Nitish Pasricha,2020-04-12 23:03:46+03:00,CHANGELOG.md
Nitish Pasricha,2020-04-12 23:03:46+03:00,CONTRIBUTING.md
Nitish Pasricha,2020-04-12 23:03:46+03:00,arviz/__init__.py
Nitish Pasricha,2020-04-12 23:03:46+03:00,arviz/numeric_utils.py
Nitish Pasricha,2020-04-12 23:03:46+03:00,arviz/plots/__init__.py
Nitish Pasricha,2020-04-12 23:03:46+03:00,arviz/plots/backends/bokeh/densityplot.py
Nitish Pasricha,2020-04-12 23:03:46+03:00,arviz/plots/backends/bokeh/distplot.py
Nitish Pasricha,2020-04-12 23:03:46+03:00,arviz/plots/backends/bokeh/forestplot.py
Nitish Pasricha,2020-04-12 23:03:46+03:00,arviz/plots/backends/bokeh/posteriorplot.py
Nitish Pasricha,2020-04-12 23:03:46+03:00,arviz/plots/backends/bokeh/ppcplot.py
Nitish Pasricha,2020-04-12 23:03:46+03:00,arviz/plots/backends/bokeh/violinplot.py
Nitish Pasricha,2020-04-12 23:03:46+03:00,arviz/plots/backends/matplotlib/densityplot.py
Nitish Pasricha,2020-04-12 23:03:46+03:00,arviz/plots/backends/matplotlib/distplot.py
Nitish Pasricha,2020-04-12 23:03:46+03:00,arviz/plots/backends/matplotlib/forestplot.py
Nitish Pasricha,2020-04-12 23:03:46+03:00,arviz/plots/backends/matplotlib/loopitplot.py
Nitish Pasricha,2020-04-12 23:03:46+03:00,arviz/plots/backends/matplotlib/posteriorplot.py
Nitish Pasricha,2020-04-12 23:03:46+03:00,arviz/plots/backends/matplotlib/ppcplot.py
Nitish Pasricha,2020-04-12 23:03:46+03:00,arviz/plots/backends/matplotlib/traceplot.py
Nitish Pasricha,2020-04-12 23:03:46+03:00,arviz/plots/backends/matplotlib/violinplot.py
Nitish Pasricha,2020-04-12 23:03:46+03:00,arviz/plots/distplot.py
Nitish Pasricha,2020-04-12 23:03:46+03:00,arviz/plots/elpdplot.py
Nitish Pasricha,2020-04-12 23:03:46+03:00,arviz/plots/essplot.py
Nitish Pasricha,2020-04-12 23:03:46+03:00,arviz/plots/forestplot.py
Nitish Pasricha,2020-04-12 23:03:46+03:00,arviz/plots/jointplot.py
Nitish Pasricha,2020-04-12 23:03:46+03:00,arviz/plots/kdeplot.py
Nitish Pasricha,2020-04-12 23:03:46+03:00,arviz/plots/khatplot.py
Nitish Pasricha,2020-04-12 23:03:46+03:00,arviz/plots/loopitplot.py
Nitish Pasricha,2020-04-12 23:03:46+03:00,arviz/plots/mcseplot.py
Nitish Pasricha,2020-04-12 23:03:46+03:00,arviz/plots/pairplot.py
Nitish Pasricha,2020-04-12 23:03:46+03:00,arviz/plots/parallelplot.py
Nitish Pasricha,2020-04-12 23:03:46+03:00,arviz/plots/plot_utils.py
Nitish Pasricha,2020-04-12 23:03:46+03:00,arviz/plots/posteriorplot.py
Nitish Pasricha,2020-04-12 23:03:46+03:00,arviz/plots/rankplot.py
Nitish Pasricha,2020-04-12 23:03:46+03:00,arviz/plots/traceplot.py
Nitish Pasricha,2020-04-12 23:03:46+03:00,arviz/stats/stats.py
Nitish Pasricha,2020-04-12 23:03:46+03:00,arviz/tests/base_tests/test_plot_utils.py
Nitish Pasricha,2020-04-12 23:03:46+03:00,arviz/tests/base_tests/test_plots_matplotlib.py
Nitish Pasricha,2020-04-12 23:03:46+03:00,arviz/utils.py
Nitish Pasricha,2020-04-12 23:03:46+03:00,asv_benchmarks/asv.conf.json
Nitish Pasricha,2020-04-12 23:03:46+03:00,asv_benchmarks/benchmarks/__init__.py
Nitish Pasricha,2020-04-12 23:03:46+03:00,asv_benchmarks/benchmarks/benchmarks.py
Nitish Pasricha,2020-04-12 23:03:46+03:00,benchmarks/benchmarks.py
Nitish Pasricha,2020-04-12 23:03:46+03:00,scripts/lint.sh
Osvaldo Martin,2020-04-13 09:29:34-03:00,CHANGELOG.md
Osvaldo Martin,2020-04-13 09:29:34-03:00,arviz/plots/backends/bokeh/traceplot.py
Osvaldo Martin,2020-04-13 09:29:34-03:00,arviz/plots/backends/matplotlib/traceplot.py
Osvaldo Martin,2020-04-13 09:29:34-03:00,arviz/plots/rankplot.py
Agustina Arroyuelo,2020-04-13 09:30:15-03:00,CHANGELOG.md
Agustina Arroyuelo,2020-04-13 09:30:15-03:00,arviz/plots/backends/bokeh/pairplot.py
Agustina Arroyuelo,2020-04-13 09:30:15-03:00,arviz/plots/backends/matplotlib/pairplot.py
Agustina Arroyuelo,2020-04-13 09:30:15-03:00,arviz/plots/pairplot.py
Agustina Arroyuelo,2020-04-13 09:30:15-03:00,arviz/tests/base_tests/test_plots_bokeh.py
Agustina Arroyuelo,2020-04-13 09:30:15-03:00,arviz/tests/base_tests/test_plots_matplotlib.py
rpgoldman,2020-04-13 09:36:10-03:00,arviz/stats/diagnostics.py
Nitish Pasricha,2020-04-16 02:12:28+02:00,CHANGELOG.md
Nitish Pasricha,2020-04-16 02:12:28+02:00,arviz/data/io_dict.py
Nitish Pasricha,2020-04-16 02:12:28+02:00,arviz/data/io_numpyro.py
Nitish Pasricha,2020-04-16 02:12:28+02:00,arviz/data/io_pymc3.py
Nitish Pasricha,2020-04-16 02:12:28+02:00,arviz/data/io_pyro.py
Nitish Pasricha,2020-04-16 02:12:28+02:00,arviz/tests/external_tests/test_data_numpyro.py
Alexandre ANDORRA,2020-04-16 12:36:57+02:00,CHANGELOG.md
Alexandre ANDORRA,2020-04-16 12:36:57+02:00,arviz/stats/stats.py
Alexandre ANDORRA,2020-04-16 12:36:57+02:00,arviz/stats/stats_utils.py
Alexandre ANDORRA,2020-04-16 12:36:57+02:00,arviz/tests/base_tests/test_stats.py
Osvaldo Martin,2020-04-19 07:55:24+03:00,arviz/stats/diagnostics.py
Oriol Abril,2020-04-19 10:03:16-07:00,CHANGELOG.md
Oriol Abril,2020-04-19 10:03:16-07:00,arviz/plots/backends/matplotlib/posteriorplot.py
rpgoldman,2020-04-20 17:45:18+02:00,arviz/plots/pairplot.py
Osvaldo Martin,2020-04-21 12:50:44+03:00,arviz/plots/styles/arviz-darkgrid.mplstyle
Osvaldo Martin,2020-04-21 12:50:44+03:00,arviz/plots/styles/arviz-white.mplstyle
Osvaldo Martin,2020-04-21 12:50:44+03:00,arviz/plots/styles/arviz-whitegrid.mplstyle
Osvaldo Martin,2020-04-21 14:13:34-03:00,CHANGELOG.md
Osvaldo Martin,2020-04-21 14:13:34-03:00,arviz/plots/kdeplot.py
Osvaldo Martin,2020-04-21 14:13:34-03:00,examples/matplotlib/mpl_plot_kde_2d_bis.py
Alexandre ANDORRA,2020-04-27 20:36:36+02:00,CHANGELOG.md
Alexandre ANDORRA,2020-04-27 20:36:36+02:00,arviz/data/base.py
Alexandre ANDORRA,2020-04-27 20:36:36+02:00,arviz/plots/autocorrplot.py
Alexandre ANDORRA,2020-04-27 20:36:36+02:00,arviz/plots/essplot.py
Alexandre ANDORRA,2020-04-27 20:36:36+02:00,arviz/plots/forestplot.py
Alexandre ANDORRA,2020-04-27 20:36:36+02:00,arviz/plots/jointplot.py
Alexandre ANDORRA,2020-04-27 20:36:36+02:00,arviz/plots/mcseplot.py
Alexandre ANDORRA,2020-04-27 20:36:36+02:00,arviz/plots/pairplot.py
Alexandre ANDORRA,2020-04-27 20:36:36+02:00,arviz/plots/parallelplot.py
Alexandre ANDORRA,2020-04-27 20:36:36+02:00,arviz/plots/posteriorplot.py
Alexandre ANDORRA,2020-04-27 20:36:36+02:00,arviz/plots/ppcplot.py
Alexandre ANDORRA,2020-04-27 20:36:36+02:00,arviz/plots/rankplot.py
Alexandre ANDORRA,2020-04-27 20:36:36+02:00,arviz/plots/traceplot.py
Alexandre ANDORRA,2020-04-27 20:36:36+02:00,arviz/plots/violinplot.py
Alexandre ANDORRA,2020-04-27 20:36:36+02:00,arviz/stats/stats.py
Alexandre ANDORRA,2020-04-27 20:36:36+02:00,arviz/tests/base_tests/test_utils.py
Alexandre ANDORRA,2020-04-27 20:36:36+02:00,arviz/utils.py
Ari Hartikainen,2020-04-29 12:18:30+03:00,.gitattributes
Ari Hartikainen,2020-04-29 12:18:30+03:00,requirements-dev.txt
Osvaldo Martin,2020-04-30 10:46:37-03:00,CHANGELOG.md
Osvaldo Martin,2020-04-30 10:46:37-03:00,arviz/__init__.py
Osvaldo Martin,2020-04-30 10:46:37-03:00,arviz/plots/styles/arviz-grayscale.mplstyle
Osvaldo Martin,2020-04-30 10:46:37-03:00,examples/matplotlib/mpl_styles.py
Osvaldo Martin,2020-04-30 08:57:48-07:00,CHANGELOG.md
Osvaldo Martin,2020-04-30 08:57:48-07:00,arviz/plots/backends/matplotlib/ppcplot.py
Osvaldo Martin,2020-04-30 08:57:48-07:00,arviz/plots/ppcplot.py
Agustina Arroyuelo,2020-05-05 00:58:52+02:00,CHANGELOG.md
Agustina Arroyuelo,2020-05-05 00:58:52+02:00,arviz/plots/backends/bokeh/pairplot.py
Agustina Arroyuelo,2020-05-05 00:58:52+02:00,arviz/plots/backends/matplotlib/pairplot.py
Agustina Arroyuelo,2020-05-05 00:58:52+02:00,arviz/plots/pairplot.py
Agustina Arroyuelo,2020-05-05 00:58:52+02:00,arviz/tests/base_tests/test_plots_matplotlib.py
Oriol Abril,2020-05-05 02:02:42+02:00,arviz/plots/pairplot.py
Oriol Abril,2020-05-05 02:02:42+02:00,examples/bokeh/bokeh_plot_joint.py
Oriol Abril,2020-05-05 02:02:42+02:00,examples/bokeh/bokeh_plot_pair_point_estimate.py
Oriol Abril,2020-05-05 02:02:42+02:00,examples/matplotlib/mpl_plot_joint.py
Oriol Abril,2020-05-05 02:02:42+02:00,examples/matplotlib/mpl_plot_pair_point_estimate.py
Oriol Abril,2020-05-07 00:33:32+03:00,CHANGELOG.md
Oriol Abril,2020-05-07 00:33:32+03:00,arviz/data/inference_data.py
Oriol Abril,2020-05-07 00:33:32+03:00,arviz/data/inference_data.pyi
Oriol Abril,2020-05-07 00:33:32+03:00,arviz/data/io_pymc3.py
Oriol Abril,2020-05-07 00:33:32+03:00,arviz/plots/backends/__init__.py
Oriol Abril,2020-05-07 00:33:32+03:00,arviz/tests/external_tests/test_data_pymc.py
Oriol Abril,2020-05-07 00:33:32+03:00,arviz/tests/external_tests/test_data_pystan.py
Oriol Abril,2020-05-07 00:33:32+03:00,arviz/utils.py
Oriol Abril,2020-05-07 00:33:32+03:00,scripts/container.sh
amukh18,2020-05-10 12:15:12-07:00,arviz/plots/khatplot.py
amukh18,2020-05-10 12:15:12-07:00,arviz/plots/plot_utils.py
amukh18,2020-05-10 12:15:12-07:00,arviz/tests/base_tests/test_plot_utils.py
Agustina Arroyuelo,2020-05-11 11:53:12-07:00,CHANGELOG.md
Agustina Arroyuelo,2020-05-11 11:53:12-07:00,arviz/plots/backends/bokeh/pairplot.py
Ravin Kumar,2020-05-13 09:41:09-07:00,scripts/README.md
Osvaldo Martin,2020-05-13 14:02:59-03:00,arviz/plots/elpdplot.py
Osvaldo Martin,2020-05-13 14:02:59-03:00,arviz/stats/stats.py
Ravin Kumar,2020-05-15 15:38:30-07:00,CHANGELOG.md
Ravin Kumar,2020-05-15 15:38:30-07:00,arviz/plots/backends/bokeh/densityplot.py
Ravin Kumar,2020-05-15 15:38:30-07:00,arviz/plots/backends/bokeh/forestplot.py
Ravin Kumar,2020-05-15 15:38:30-07:00,arviz/plots/backends/bokeh/posteriorplot.py
Ravin Kumar,2020-05-15 15:38:30-07:00,arviz/plots/backends/bokeh/violinplot.py
Ravin Kumar,2020-05-15 15:38:30-07:00,arviz/plots/backends/matplotlib/densityplot.py
Ravin Kumar,2020-05-15 15:38:30-07:00,arviz/plots/backends/matplotlib/forestplot.py
Ravin Kumar,2020-05-15 15:38:30-07:00,arviz/plots/backends/matplotlib/posteriorplot.py
Ravin Kumar,2020-05-15 15:38:30-07:00,arviz/plots/backends/matplotlib/violinplot.py
Ravin Kumar,2020-05-15 15:38:30-07:00,arviz/plots/densityplot.py
Ravin Kumar,2020-05-15 15:38:30-07:00,arviz/plots/essplot.py
Ravin Kumar,2020-05-15 15:38:30-07:00,arviz/plots/forestplot.py
Ravin Kumar,2020-05-15 15:38:30-07:00,arviz/plots/hpdplot.py
Ravin Kumar,2020-05-15 15:38:30-07:00,arviz/plots/loopitplot.py
Ravin Kumar,2020-05-15 15:38:30-07:00,arviz/plots/posteriorplot.py
Ravin Kumar,2020-05-15 15:38:30-07:00,arviz/plots/violinplot.py
Ravin Kumar,2020-05-15 15:38:30-07:00,arviz/rcparams.py
Ravin Kumar,2020-05-15 15:38:30-07:00,arviz/stats/__init__.py
Ravin Kumar,2020-05-15 15:38:30-07:00,arviz/stats/stats.py
Ravin Kumar,2020-05-15 15:38:30-07:00,arviz/tests/base_tests/test_plots_bokeh.py
Ravin Kumar,2020-05-15 15:38:30-07:00,arviz/tests/base_tests/test_plots_matplotlib.py
Ravin Kumar,2020-05-15 15:38:30-07:00,arviz/tests/base_tests/test_stats.py
Ravin Kumar,2020-05-15 15:38:30-07:00,arviz/utils.py
Ravin Kumar,2020-05-15 15:38:30-07:00,arvizrc.template
Oriol Abril,2020-05-16 15:21:55-07:00,CHANGELOG.md
Oriol Abril,2020-05-16 15:21:55-07:00,arviz/rcparams.py
Oriol Abril,2020-05-16 15:21:55-07:00,arviz/stats/stats.py
Oriol Abril,2020-05-16 15:21:55-07:00,arviz/stats/stats_utils.py
Oriol Abril,2020-05-16 15:21:55-07:00,arviz/tests/base_tests/test_stats.py
Oriol Abril,2020-05-16 15:21:55-07:00,arviz/tests/base_tests/test_stats_utils.py
Oriol Abril,2020-05-16 15:21:55-07:00,arviz/tests/helpers.py
Oriol Abril,2020-05-16 15:21:55-07:00,arvizrc.template
Oriol Abril,2020-05-17 19:52:23-07:00,CHANGELOG.md
Oriol Abril,2020-05-17 19:52:23-07:00,arviz/data/inference_data.py
Oriol Abril,2020-05-17 19:52:23-07:00,arviz/data/io_cmdstan.py
Oriol Abril,2020-05-17 19:52:23-07:00,arviz/data/io_cmdstanpy.py
Oriol Abril,2020-05-17 19:52:23-07:00,arviz/data/io_dict.py
Oriol Abril,2020-05-17 19:52:23-07:00,arviz/data/io_numpyro.py
Oriol Abril,2020-05-17 19:52:23-07:00,arviz/data/io_pymc3.py
Oriol Abril,2020-05-17 19:52:23-07:00,arviz/data/io_pyro.py
Oriol Abril,2020-05-17 19:52:23-07:00,arviz/data/io_pystan.py
Oriol Abril,2020-05-17 19:52:23-07:00,arviz/plots/kdeplot.py
Oriol Abril,2020-05-17 19:52:23-07:00,arviz/plots/rankplot.py
Oriol Abril,2020-05-17 19:52:23-07:00,arviz/plots/traceplot.py
Oriol Abril,2020-05-17 19:52:23-07:00,arviz/stats/stats.py
Oriol Abril,2020-05-17 19:52:23-07:00,arviz/stats/stats_refitting.py
Oriol Abril,2020-05-17 19:52:23-07:00,arviz/wrappers/wrap_pystan.py
Oriol Abril,2020-05-17 19:52:23-07:00,doc/_static/custom.css
Oriol Abril,2020-05-17 19:52:23-07:00,doc/_templates/autosummary/class.rst
Oriol Abril,2020-05-17 19:52:23-07:00,doc/_templates/class_no_members.rst
Oriol Abril,2020-05-17 19:52:23-07:00,doc/api.rst
Oriol Abril,2020-05-17 19:52:23-07:00,doc/conf.py
Oriol Abril,2020-05-17 19:52:23-07:00,doc/developer_guide.rst
Oriol Abril,2020-05-17 19:52:23-07:00,doc/index.rst
Oriol Abril,2020-05-17 19:52:23-07:00,doc/notebooks/InferenceDataCookbook.ipynb
Oriol Abril,2020-05-17 19:52:23-07:00,doc/schema/schema.md
Oriol Abril,2020-05-17 19:52:23-07:00,doc/schema/schema.rst
Oriol Abril,2020-05-17 19:52:23-07:00,doc/sphinxext/developer_guide.rst
Oriol Abril,2020-05-17 19:52:23-07:00,examples/bokeh/bokeh_plot_trace_bars.py
Oriol Abril,2020-05-17 19:52:23-07:00,examples/bokeh/bokeh_plot_trace_vlines.py
Oriol Abril,2020-05-17 19:52:23-07:00,examples/matplotlib/mpl_plot_trace_bars.py
Oriol Abril,2020-05-17 19:52:23-07:00,examples/matplotlib/mpl_plot_trace_vlines.py
Oriol Abril,2020-05-17 19:52:23-07:00,examples/matplotlib/mpl_styles.py
Oriol Abril,2020-05-17 19:52:23-07:00,requirements-docs.txt
Osvaldo Martin,2020-05-18 06:54:26-07:00,scripts/README.md
Osvaldo Martin,2020-05-18 06:57:39-07:00,arviz/plots/backends/matplotlib/forestplot.py
Osvaldo Martin,2020-05-18 06:57:39-07:00,arviz/tests/base_tests/test_plots_matplotlib.py
Osvaldo Martin,2020-05-18 07:48:13-07:00,CHANGELOG.md
Osvaldo Martin,2020-05-18 07:48:13-07:00,arviz/plots/__init__.py
Osvaldo Martin,2020-05-18 07:48:13-07:00,arviz/plots/backends/bokeh/__init__.py
Osvaldo Martin,2020-05-18 07:48:13-07:00,arviz/plots/backends/bokeh/forestplot.py
Osvaldo Martin,2020-05-18 07:48:13-07:00,arviz/plots/backends/bokeh/hdiplot.py
Osvaldo Martin,2020-05-18 07:48:13-07:00,arviz/plots/backends/bokeh/loopitplot.py
Osvaldo Martin,2020-05-18 07:48:13-07:00,arviz/plots/backends/bokeh/posteriorplot.py
Osvaldo Martin,2020-05-18 07:48:13-07:00,arviz/plots/backends/matplotlib/__init__.py
Osvaldo Martin,2020-05-18 07:48:13-07:00,arviz/plots/backends/matplotlib/densityplot.py
Osvaldo Martin,2020-05-18 07:48:13-07:00,arviz/plots/backends/matplotlib/forestplot.py
Osvaldo Martin,2020-05-18 07:48:13-07:00,arviz/plots/backends/matplotlib/hdiplot.py
Osvaldo Martin,2020-05-18 07:48:13-07:00,arviz/plots/backends/matplotlib/loopitplot.py
Osvaldo Martin,2020-05-18 07:48:13-07:00,arviz/plots/backends/matplotlib/posteriorplot.py
Osvaldo Martin,2020-05-18 07:48:13-07:00,arviz/plots/densityplot.py
Osvaldo Martin,2020-05-18 07:48:13-07:00,arviz/plots/hdiplot.py
Osvaldo Martin,2020-05-18 07:48:13-07:00,arviz/plots/loopitplot.py
Osvaldo Martin,2020-05-18 07:48:13-07:00,arviz/plots/posteriorplot.py
Osvaldo Martin,2020-05-18 07:48:13-07:00,arviz/plots/violinplot.py
Osvaldo Martin,2020-05-18 07:48:13-07:00,arviz/stats/stats.py
Osvaldo Martin,2020-05-18 07:48:13-07:00,arviz/tests/base_tests/test_plots_bokeh.py
Osvaldo Martin,2020-05-18 07:48:13-07:00,arviz/tests/base_tests/test_plots_matplotlib.py
Osvaldo Martin,2020-05-18 07:48:13-07:00,doc/api.rst
Osvaldo Martin,2020-05-18 07:48:13-07:00,examples/bokeh/bokeh_plot_hdi.py
Osvaldo Martin,2020-05-18 07:48:13-07:00,examples/matplotlib/mpl_plot_hdi.py
Ari Hartikainen,2020-05-18 19:59:36+03:00,CHANGELOG.md
Ari Hartikainen,2020-05-18 19:59:36+03:00,arviz/plots/backends/__init__.py
Oriol Abril,2020-05-18 20:45:06+02:00,arviz/stats/stats.py
Oriol Abril,2020-05-18 20:45:06+02:00,arviz/wrappers/wrap_pystan.py
Oriol Abril,2020-05-18 20:45:06+02:00,doc/api.rst
Oriol Abril,2020-05-18 20:45:06+02:00,doc/developer_guide.rst
Oriol Abril,2020-05-19 19:47:19+02:00,arviz/data/inference_data.py
Oriol Abril,2020-05-19 19:47:19+02:00,arviz/rcparams.py
Oriol Abril,2020-05-19 19:47:19+02:00,arviz/tests/base_tests/test_data.py
Oriol Abril,2020-05-19 19:47:19+02:00,arviz/tests/base_tests/test_rcparams.py
Oriol Abril,2020-05-19 19:47:19+02:00,arviz/tests/base_tests/test_utils.py
Oriol Abril,2020-05-19 19:47:19+02:00,arviz/utils.py
Oriol Abril,2020-05-19 19:47:19+02:00,arvizrc.template
Osvaldo Martin,2020-05-21 12:19:43-03:00,CHANGELOG.md
Osvaldo Martin,2020-05-21 12:19:43-03:00,arviz/plots/backends/matplotlib/densityplot.py
Osvaldo Martin,2020-05-21 12:19:43-03:00,arviz/tests/base_tests/test_plots_matplotlib.py
Alexandre ANDORRA,2020-05-23 00:27:20+02:00,.gitignore
Alexandre ANDORRA,2020-05-23 00:27:20+02:00,doc/notebooks/InferenceDataCookbook.ipynb
Alexandre ANDORRA,2020-05-23 00:27:20+02:00,doc/notebooks/Introduction.ipynb
Alexandre ANDORRA,2020-05-23 00:27:20+02:00,doc/notebooks/Numba.ipynb
Alexandre ANDORRA,2020-05-23 00:27:20+02:00,doc/notebooks/XarrayforArviZ.ipynb
Alexandre ANDORRA,2020-05-23 00:27:20+02:00,doc/notebooks/pystan_refitting.ipynb
Oriol Abril,2020-05-23 00:57:09+02:00,CHANGELOG.md
Oriol Abril,2020-05-23 00:57:09+02:00,arviz/__init__.py
Oriol Abril,2020-05-23 19:40:33+02:00,CHANGELOG.md
Oriol Abril,2020-05-23 19:40:33+02:00,arviz/data/io_pymc3.py
Oriol Abril,2020-05-23 20:47:26+02:00,doc/conf.py
Oriol Abril,2020-05-24 16:18:58+02:00,arviz/plots/backends/matplotlib/pairplot.py
Oriol Abril,2020-05-24 16:18:58+02:00,arviz/plots/traceplot.py
Oriol Abril,2020-05-24 16:18:58+02:00,arviz/tests/base_tests/test_plots_bokeh.py
Oriol Abril,2020-05-24 16:18:58+02:00,arviz/tests/base_tests/test_plots_matplotlib.py
Oriol Abril,2020-05-24 18:42:39+02:00,.azure-pipelines/azure-pipelines-external.yml
Oriol Abril,2020-05-24 18:42:39+02:00,arviz/tests/external_tests/test_data_pymc.py
Oriol Abril,2020-05-24 19:17:00+02:00,CHANGELOG.md
Oriol Abril,2020-05-24 19:17:00+02:00,arviz/__init__.py
Oriol Abril,2020-05-24 19:17:00+02:00,arviz/tests/external_tests/test_data_pymc.py
Michael Osthege,2020-05-25 16:41:22+02:00,arviz/__init__.py
Michael Osthege,2020-05-25 16:41:22+02:00,arviz/data/io_pymc3.py
Michael Osthege,2020-05-25 16:41:22+02:00,arviz/tests/external_tests/test_data_pymc.py
Michael Osthege,2020-05-28 15:38:57+02:00,CHANGELOG.md
Michael Osthege,2020-05-28 15:38:57+02:00,arviz/__init__.py
Michael Osthege,2020-05-28 15:38:57+02:00,arviz/data/io_pymc3.py
Michael Osthege,2020-05-28 15:38:57+02:00,arviz/tests/external_tests/test_data_pymc.py
Dominik Stańczak,2020-06-01 18:49:14+02:00,CHANGELOG.md
Dominik Stańczak,2020-06-01 18:49:14+02:00,arviz/plots/kdeplot.py
Osvaldo Martin,2020-06-01 18:49:32+02:00,CHANGELOG.md
Osvaldo Martin,2020-06-01 18:49:32+02:00,arviz/plots/backends/bokeh/loopitplot.py
Osvaldo Martin,2020-06-01 18:49:32+02:00,arviz/plots/backends/matplotlib/loopitplot.py
Osvaldo Martin,2020-06-01 18:49:32+02:00,arviz/plots/loopitplot.py
Osvaldo Martin,2020-06-01 18:49:32+02:00,arviz/tests/base_tests/test_plots_bokeh.py
Osvaldo Martin,2020-06-01 18:49:32+02:00,arviz/tests/base_tests/test_plots_matplotlib.py
Ravin Kumar,2020-06-02 20:10:39-07:00,GOVERNANCE.md
Neha S,2020-06-04 21:41:30+02:00,CHANGELOG.md
Neha S,2020-06-04 21:41:30+02:00,arviz/plots/hdiplot.py
Ravin Kumar,2020-06-06 19:59:53-07:00,elections/ArviZ_2020.md
Ravin Kumar,2020-06-06 19:59:53-07:00,elections/README.md
Oriol Abril,2020-06-07 06:06:53-07:00,CHANGELOG.md
Oriol Abril,2020-06-07 06:06:53-07:00,arviz/data/io_pymc3.py
Oriol Abril,2020-06-07 06:06:53-07:00,arviz/tests/external_tests/test_data_pymc.py
Ravin Kumar,2020-06-07 06:10:12-07:00,GOVERNANCE.md
Michael Nowotny,2020-06-09 19:20:28+02:00,.azure-pipelines/azure-pipelines-external.yml
Michael Nowotny,2020-06-09 19:20:28+02:00,CHANGELOG.md
Michael Nowotny,2020-06-09 19:20:28+02:00,arviz/data/__init__.py
Michael Nowotny,2020-06-09 19:20:28+02:00,arviz/data/io_pyjags.py
Michael Nowotny,2020-06-09 19:20:28+02:00,arviz/tests/external_tests/test_data_pyjags.py
Michael Nowotny,2020-06-09 19:20:28+02:00,doc/api.rst
Michael Nowotny,2020-06-09 19:20:28+02:00,doc/notebooks/InferenceDataCookbook.ipynb
Michael Nowotny,2020-06-09 19:20:28+02:00,requirements-external.txt
Piyush Gautam,2020-06-09 21:20:53+02:00,CHANGELOG.md
Piyush Gautam,2020-06-09 21:20:53+02:00,arviz/data/inference_data.py
Piyush Gautam,2020-06-09 21:20:53+02:00,arviz/tests/base_tests/test_data.py
Piyush Gautam,2020-06-09 21:20:53+02:00,arviz/utils.py
Piyush Gautam,2020-06-09 21:20:53+02:00,doc/notebooks/InferenceDataCookbook.ipynb
Piyush Gautam,2020-06-09 21:20:53+02:00,doc/notebooks/Introduction.ipynb
Piyush Gautam,2020-06-09 21:20:53+02:00,doc/notebooks/Numba.ipynb
Piyush Gautam,2020-06-09 21:20:53+02:00,doc/notebooks/XarrayforArviZ.ipynb
Piyush Gautam,2020-06-09 21:20:53+02:00,doc/notebooks/pystan_refitting.ipynb
Oriol Abril,2020-06-10 08:10:57-07:00,CHANGELOG.md
Oriol Abril,2020-06-10 08:10:57-07:00,arviz/data/io_pymc3.py
Oriol Abril,2020-06-10 08:10:57-07:00,arviz/data/io_pyro.py
Oriol Abril,2020-06-10 08:10:57-07:00,arviz/tests/base_tests/test_plots_matplotlib.py
Oriol Abril,2020-06-10 08:10:57-07:00,arviz/tests/external_tests/test_data_pymc.py
Oriol Abril,2020-06-10 08:10:57-07:00,arviz/tests/external_tests/test_data_pyro.py
Piyush Gautam,2020-06-10 20:57:17+02:00,doc/notebooks/InferenceDataCookbook.ipynb
Piyush Gautam,2020-06-10 20:57:17+02:00,doc/notebooks/Introduction.ipynb
Piyush Gautam,2020-06-10 20:57:17+02:00,doc/notebooks/XarrayforArviZ.ipynb
Piyush Gautam,2020-06-11 12:50:16-07:00,arviz/plots/__init__.py
Piyush Gautam,2020-06-11 12:50:16-07:00,arviz/plots/backends/bokeh/distcomparisonplot.py
Piyush Gautam,2020-06-11 12:50:16-07:00,arviz/plots/backends/matplotlib/distcomparisonplot.py
Piyush Gautam,2020-06-11 12:50:16-07:00,arviz/plots/backends/matplotlib/ppcplot.py
Piyush Gautam,2020-06-11 12:50:16-07:00,arviz/plots/distcomparisonplot.py
Piyush Gautam,2020-06-11 12:50:16-07:00,arviz/tests/base_tests/test_plots_bokeh.py
Piyush Gautam,2020-06-11 12:50:16-07:00,arviz/tests/base_tests/test_plots_matplotlib.py
Oriol Abril-Pla,2020-06-11 18:17:33-07:00,GOVERNANCE.md
Michael Osthege,2020-06-12 16:44:21+02:00,arviz/data/io_pymc3.py
Michael Osthege,2020-06-12 16:44:21+02:00,arviz/tests/external_tests/test_data_pymc.py
Ravin Kumar,2020-06-14 13:49:48-07:00,CHANGELOG.md
Ravin Kumar,2020-06-14 13:49:48-07:00,arviz/stats/stats.py
Ravin Kumar,2020-06-14 19:41:04-07:00,GOVERNANCE.md
Chris Fonnesbeck,2020-06-17 07:19:04-07:00,CHANGELOG.md
Chris Fonnesbeck,2020-06-17 07:19:04-07:00,arviz/plots/backends/bokeh/forestplot.py
Chris Fonnesbeck,2020-06-17 07:19:04-07:00,arviz/plots/backends/bokeh/hdiplot.py
Chris Fonnesbeck,2020-06-17 07:19:04-07:00,arviz/plots/backends/matplotlib/forestplot.py
Chris Fonnesbeck,2020-06-17 07:19:04-07:00,arviz/plots/backends/matplotlib/hdiplot.py
Chris Fonnesbeck,2020-06-17 07:19:04-07:00,arviz/plots/essplot.py
Chris Fonnesbeck,2020-06-17 07:19:04-07:00,arviz/plots/forestplot.py
Chris Fonnesbeck,2020-06-17 07:19:04-07:00,arviz/plots/hdiplot.py
Chris Fonnesbeck,2020-06-17 07:19:04-07:00,arviz/plots/loopitplot.py
Chris Fonnesbeck,2020-06-17 07:19:04-07:00,arviz/stats/stats.py
Oriol Abril-Pla,2020-06-17 16:32:52+02:00,CHANGELOG.md
Oriol Abril-Pla,2020-06-17 16:32:52+02:00,arviz/data/io_pymc3.py
Oriol Abril-Pla,2020-06-17 16:32:52+02:00,arviz/tests/external_tests/test_data_pymc.py
Du Phan,2020-06-18 10:07:21+02:00,CHANGELOG.md
Du Phan,2020-06-18 10:07:21+02:00,arviz/plots/pairplot.py
Oriol Abril-Pla,2020-06-19 18:41:12+02:00,CHANGELOG.md
Oriol Abril-Pla,2020-06-19 18:41:12+02:00,arviz/data/io_pymc3.py
Oriol Abril-Pla,2020-06-19 18:41:12+02:00,arviz/tests/external_tests/test_data_pymc.py
Oriol Abril-Pla,2020-06-21 01:31:29+02:00,CHANGELOG.md
Oriol Abril-Pla,2020-06-21 01:31:29+02:00,arviz/numeric_utils.py
Oriol Abril-Pla,2020-06-21 01:59:50+02:00,CHANGELOG.md
Oriol Abril-Pla,2020-06-21 01:59:50+02:00,arviz/data/inference_data.py
Ari Hartikainen,2020-06-22 19:46:15+03:00,.azure-pipelines/azure-pipelines-wheel.yml
Michael Nowotny,2020-06-22 19:48:54+03:00,CHANGELOG.md
Michael Nowotny,2020-06-22 19:48:54+03:00,arviz/data/io_pyjags.py
Michael Nowotny,2020-06-22 19:48:54+03:00,arviz/tests/external_tests/test_data_pyjags.py
Michael Nowotny,2020-06-22 19:48:54+03:00,doc/notebooks/InferenceDataCookbook.ipynb
Oriol Abril-Pla,2020-06-22 20:01:04+03:00,CHANGELOG.md
Oriol Abril-Pla,2020-06-22 20:01:04+03:00,arviz/plots/backends/bokeh/hdiplot.py
Oriol Abril-Pla,2020-06-22 20:01:04+03:00,arviz/plots/backends/matplotlib/hdiplot.py
Oriol Abril-Pla,2020-06-22 20:01:04+03:00,arviz/plots/hdiplot.py
Oriol Abril-Pla,2020-06-22 20:01:04+03:00,arviz/plots/plot_utils.py
Oriol Abril-Pla,2020-06-22 20:01:04+03:00,arviz/stats/stats.py
Oriol Abril-Pla,2020-06-22 20:01:04+03:00,arviz/tests/base_tests/test_plots_bokeh.py
Oriol Abril-Pla,2020-06-22 20:01:04+03:00,arviz/tests/base_tests/test_plots_matplotlib.py
Oriol Abril-Pla,2020-06-22 20:01:04+03:00,doc/conf.py
Colin,2020-06-22 20:02:26+03:00,arviz/plots/styles/arviz-darkgrid.mplstyle
Colin,2020-06-22 20:02:26+03:00,arviz/plots/styles/arviz-grayscale.mplstyle
Colin,2020-06-22 20:02:26+03:00,arviz/plots/styles/arviz-white.mplstyle
Colin,2020-06-22 20:02:26+03:00,arviz/plots/styles/arviz-whitegrid.mplstyle
Oriol Abril-Pla,2020-06-22 20:07:50+03:00,CHANGELOG.md
Oriol Abril-Pla,2020-06-22 20:07:50+03:00,arviz/plots/backends/bokeh/traceplot.py
Oriol Abril-Pla,2020-06-22 20:07:50+03:00,arviz/plots/backends/matplotlib/traceplot.py
Oriol Abril-Pla,2020-06-22 20:07:50+03:00,arviz/plots/plot_utils.py
Oriol Abril-Pla,2020-06-22 20:07:50+03:00,arviz/plots/traceplot.py
Oriol Abril-Pla,2020-06-22 20:07:50+03:00,arviz/tests/base_tests/test_plot_utils.py
Oriol Abril-Pla,2020-06-22 20:07:50+03:00,arviz/tests/base_tests/test_plots_bokeh.py
Oriol Abril-Pla,2020-06-22 20:07:50+03:00,arviz/tests/base_tests/test_plots_matplotlib.py
Ravin Kumar,2020-06-22 21:09:29-07:00,elections/ArviZ_2020.md
Alexandre ANDORRA,2020-06-23 15:18:11+02:00,CHANGELOG.md
Alexandre ANDORRA,2020-06-23 15:18:11+02:00,arviz/__init__.py
Osvaldo Martin,2020-06-24 16:54:46+02:00,CHANGELOG.md
Osvaldo Martin,2020-06-24 16:54:46+02:00,arviz/plots/backends/matplotlib/posteriorplot.py
Ravin Kumar,2020-06-26 15:12:17-07:00,README.md
Agustina Arroyuelo,2020-06-27 09:22:52-03:00,CHANGELOG.md
Agustina Arroyuelo,2020-06-27 09:22:52-03:00,arviz/data/datasets.py
Osvaldo Martin,2020-06-29 08:33:11-03:00,CHANGELOG.md
Osvaldo Martin,2020-06-29 08:33:11-03:00,arviz/plots/__init__.py
Osvaldo Martin,2020-06-29 08:33:11-03:00,arviz/plots/backends/bokeh/bpvplot.py
Osvaldo Martin,2020-06-29 08:33:11-03:00,arviz/plots/backends/matplotlib/__init__.py
Osvaldo Martin,2020-06-29 08:33:11-03:00,arviz/plots/backends/matplotlib/bpvplot.py
Osvaldo Martin,2020-06-29 08:33:11-03:00,arviz/plots/bpvplot.py
Osvaldo Martin,2020-06-29 08:33:11-03:00,arviz/plots/plot_utils.py
Osvaldo Martin,2020-06-29 08:33:11-03:00,arviz/tests/base_tests/test_plots_bokeh.py
Osvaldo Martin,2020-06-29 08:33:11-03:00,arviz/tests/base_tests/test_plots_matplotlib.py
Osvaldo Martin,2020-06-29 08:33:11-03:00,examples/bokeh/bokeh_plot_bpv.py
Osvaldo Martin,2020-06-29 08:33:11-03:00,examples/bokeh/bokeh_plot_bpv_tstat.py
Osvaldo Martin,2020-06-29 08:33:11-03:00,examples/matplotlib/mpl_plot_bpv.py
Osvaldo Martin,2020-06-29 08:33:11-03:00,examples/matplotlib/mpl_plot_bpv_tstat.py
Ravin Kumar,2020-06-30 11:06:27-07:00,examples/bokeh/bokeh_plot_bpv.py
Ravin Kumar,2020-06-30 18:47:52-07:00,examples/bokeh/bokeh_plot_bpv_tstat.py
Oriol Abril-Pla,2020-06-30 18:48:26-07:00,doc/developer_guide.rst
Ravin Kumar,2020-07-03 09:31:31-07:00,GOVERNANCE.md
Ravin Kumar,2020-07-03 09:31:48-07:00,elections/ArviZ_2020.md
Ravin Kumar,2020-07-13 20:16:57-07:00,GOVERNANCE.md
Kyle Beauchamp,2020-07-13 20:19:19-07:00,doc/index.rst
Kyle Beauchamp,2020-07-13 20:19:36-07:00,README.md
Agustina Arroyuelo,2020-07-14 14:34:07-03:00,CHANGELOG.md
Agustina Arroyuelo,2020-07-14 14:34:07-03:00,arviz/plots/backends/bokeh/distplot.py
Agustina Arroyuelo,2020-07-14 14:34:07-03:00,arviz/plots/backends/bokeh/energyplot.py
Agustina Arroyuelo,2020-07-14 14:34:07-03:00,arviz/plots/backends/matplotlib/distplot.py
Agustina Arroyuelo,2020-07-14 14:34:07-03:00,arviz/plots/backends/matplotlib/kdeplot.py
Agustina Arroyuelo,2020-07-14 14:34:07-03:00,arviz/plots/distplot.py
Agustina Arroyuelo,2020-07-14 14:34:07-03:00,arviz/plots/kdeplot.py
Agustina Arroyuelo,2020-07-14 14:34:07-03:00,arviz/plots/plot_utils.py
Agustina Arroyuelo,2020-07-14 14:34:07-03:00,arviz/tests/base_tests/test_plot_utils.py
Agustina Arroyuelo,2020-07-14 14:34:07-03:00,arviz/tests/base_tests/test_plots_bokeh.py
Agustina Arroyuelo,2020-07-14 14:34:07-03:00,arviz/tests/base_tests/test_plots_matplotlib.py
Oriol Abril-Pla,2020-07-17 11:55:34+02:00,scripts/Dockerfile
Oriol Abril-Pla,2020-07-18 14:21:06-07:00,.github/FUNDING.yml
Ravin Kumar,2020-07-18 14:46:13-07:00,scripts/container.sh
Ravin Kumar,2020-07-18 14:46:13-07:00,scripts/create_testenv.sh
Oriol Abril-Pla,2020-07-19 22:23:49+03:00,requirements.txt
Osvaldo Martin,2020-07-20 16:25:09-03:00,doc/api.rst
Ari,2020-07-20 20:49:25-07:00,arviz/plots/ppcplot.py
Ari Hartikainen,2020-07-21 22:44:51+03:00,arviz/plots/backends/matplotlib/jointplot.py
Ari Hartikainen,2020-07-21 22:44:51+03:00,arviz/plots/backends/matplotlib/pairplot.py
Ari Hartikainen,2020-07-21 22:44:51+03:00,arviz/plots/backends/matplotlib/rankplot.py
Samasth N A,2020-07-24 09:04:43-03:00,CHANGELOG.md
Samasth N A,2020-07-24 09:04:43-03:00,arviz/plots/backends/matplotlib/distplot.py
Samasth N A,2020-07-24 09:04:43-03:00,arviz/tests/base_tests/test_plots_matplotlib.py
Agustina Arroyuelo,2020-07-24 10:18:25-03:00,CHANGELOG.md
Agustina Arroyuelo,2020-07-24 10:18:25-03:00,arviz/stats/stats.py
Agustina Arroyuelo,2020-07-24 10:18:25-03:00,arviz/tests/base_tests/test_stats_numba.py
Osvaldo Martin,2020-07-24 17:16:34+02:00,doc/index.rst
Oriol Abril-Pla,2020-07-25 20:32:12+02:00,CHANGELOG.md
Oriol Abril-Pla,2020-07-25 20:32:12+02:00,arviz/data/datasets.py
Oriol Abril-Pla,2020-07-25 20:32:12+02:00,arviz/data/inference_data.py
Oriol Abril-Pla,2020-07-25 20:32:12+02:00,arviz/plots/distcomparisonplot.py
Oriol Abril-Pla,2020-07-25 20:32:12+02:00,arviz/plots/khatplot.py
Oriol Abril-Pla,2020-07-25 20:32:12+02:00,arviz/plots/loopitplot.py
Oriol Abril-Pla,2020-07-25 20:32:12+02:00,arviz/plots/ppcplot.py
Oriol Abril-Pla,2020-07-25 20:32:12+02:00,doc/api.rst
Oriol Abril-Pla,2020-07-25 20:32:12+02:00,examples/bokeh/bokeh_plot_ess_quantile.py
Oriol Abril-Pla,2020-07-25 20:32:12+02:00,examples/bokeh/bokeh_plot_loo_pit_ecdf.py
Oriol Abril-Pla,2020-07-25 20:32:12+02:00,examples/matplotlib/mpl_plot_ess_quantile.py
Oriol Abril-Pla,2020-07-25 20:32:12+02:00,examples/matplotlib/mpl_plot_loo_pit_ecdf.py
Piyush Gautam,2020-07-27 21:27:41+02:00,arviz/data/base.py
Piyush Gautam,2020-07-27 21:27:41+02:00,arviz/data/inference_data.py
Piyush Gautam,2020-07-27 21:27:41+02:00,arviz/tests/base_tests/test_data.py
Piyush Gautam,2020-07-27 21:27:41+02:00,arviz/tests/helpers.py
Ravin Kumar,2020-07-27 15:23:00-07:00,doc/index.rst
Oriol Abril-Pla,2020-07-28 17:05:25-03:00,CHANGELOG.md
Oriol Abril-Pla,2020-07-28 17:05:25-03:00,arviz/stats/stats_utils.py
Ari,2020-07-29 06:52:44-07:00,CONTRIBUTING.md
Ravin Kumar,2020-07-30 14:14:46-07:00,.azure-pipelines/azure-pipelines-external.yml
Ravin Kumar,2020-07-30 14:14:46-07:00,arviz/tests/base_tests/test_rcparams.py
Ravin Kumar,2020-07-30 14:14:46-07:00,requirements-dev.txt
Osvaldo Martin,2020-07-30 14:35:26-07:00,arviz/plots/styles/arviz-grayscale.mplstyle
Osvaldo Martin,2020-07-31 15:56:06-07:00,arviz/__init__.py
Ari Hartikainen,2020-08-03 07:47:44+03:00,CHANGELOG.md
Ari Hartikainen,2020-08-03 07:47:44+03:00,arviz/data/io_cmdstan.py
Ari Hartikainen,2020-08-03 07:47:44+03:00,arviz/data/io_pystan.py
Ari Hartikainen,2020-08-03 07:47:44+03:00,arviz/tests/external_tests/test_data_cmdstan.py
Ari Hartikainen,2020-08-03 07:47:44+03:00,arviz/tests/saved_models/cmdstan/combined_missing_adaptation.csv
Ari Hartikainen,2020-08-03 07:47:44+03:00,arviz/tests/saved_models/cmdstan/combined_missing_config.csv
Ari Hartikainen,2020-08-03 07:47:44+03:00,arviz/tests/saved_models/cmdstan/combined_missing_timing1.csv
Ari Hartikainen,2020-08-03 07:47:44+03:00,arviz/tests/saved_models/cmdstan/combined_missing_timing2.csv
Ari Hartikainen,2020-08-03 07:47:44+03:00,arviz/tests/saved_models/cmdstan/combined_output_no_warmup.csv
Ari Hartikainen,2020-08-03 07:47:44+03:00,arviz/tests/saved_models/cmdstan/combined_output_warmup.csv
Ari Hartikainen,2020-08-03 21:38:29-07:00,CHANGELOG.md
Ari Hartikainen,2020-08-03 21:38:29-07:00,arviz/plots/autocorrplot.py
Ari Hartikainen,2020-08-03 21:38:29-07:00,arviz/plots/backends/bokeh/autocorrplot.py
Ari Hartikainen,2020-08-03 21:38:29-07:00,arviz/plots/backends/bokeh/bpvplot.py
Ari Hartikainen,2020-08-03 21:38:29-07:00,arviz/plots/backends/bokeh/compareplot.py
Ari Hartikainen,2020-08-03 21:38:29-07:00,arviz/plots/backends/bokeh/densityplot.py
Ari Hartikainen,2020-08-03 21:38:29-07:00,arviz/plots/backends/bokeh/distcomparisonplot.py
Ari Hartikainen,2020-08-03 21:38:29-07:00,arviz/plots/backends/bokeh/distplot.py
Ari Hartikainen,2020-08-03 21:38:29-07:00,arviz/plots/backends/bokeh/elpdplot.py
Ari Hartikainen,2020-08-03 21:38:29-07:00,arviz/plots/backends/bokeh/energyplot.py
Ari Hartikainen,2020-08-03 21:38:29-07:00,arviz/plots/backends/bokeh/essplot.py
Ari Hartikainen,2020-08-03 21:38:29-07:00,arviz/plots/backends/bokeh/hdiplot.py
Ari Hartikainen,2020-08-03 21:38:29-07:00,arviz/plots/backends/bokeh/jointplot.py
Ari Hartikainen,2020-08-03 21:38:29-07:00,arviz/plots/backends/bokeh/kdeplot.py
Ari Hartikainen,2020-08-03 21:38:29-07:00,arviz/plots/backends/bokeh/khatplot.py
Ari Hartikainen,2020-08-03 21:38:29-07:00,arviz/plots/backends/bokeh/loopitplot.py
Ari Hartikainen,2020-08-03 21:38:29-07:00,arviz/plots/backends/bokeh/mcseplot.py
Ari Hartikainen,2020-08-03 21:38:29-07:00,arviz/plots/backends/bokeh/pairplot.py
Ari Hartikainen,2020-08-03 21:38:29-07:00,arviz/plots/backends/bokeh/parallelplot.py
Ari Hartikainen,2020-08-03 21:38:29-07:00,arviz/plots/backends/bokeh/posteriorplot.py
Ari Hartikainen,2020-08-03 21:38:29-07:00,arviz/plots/backends/bokeh/ppcplot.py
Ari Hartikainen,2020-08-03 21:38:29-07:00,arviz/plots/backends/bokeh/rankplot.py
Ari Hartikainen,2020-08-03 21:38:29-07:00,arviz/plots/backends/bokeh/traceplot.py
Ari Hartikainen,2020-08-03 21:38:29-07:00,arviz/plots/backends/bokeh/violinplot.py
Ari Hartikainen,2020-08-03 21:38:29-07:00,arviz/plots/backends/matplotlib/autocorrplot.py
Ari Hartikainen,2020-08-03 21:38:29-07:00,arviz/plots/backends/matplotlib/bpvplot.py
Ari Hartikainen,2020-08-03 21:38:29-07:00,arviz/plots/backends/matplotlib/compareplot.py
Ari Hartikainen,2020-08-03 21:38:29-07:00,arviz/plots/backends/matplotlib/densityplot.py
Ari Hartikainen,2020-08-03 21:38:29-07:00,arviz/plots/backends/matplotlib/distcomparisonplot.py
Ari Hartikainen,2020-08-03 21:38:29-07:00,arviz/plots/backends/matplotlib/distplot.py
Ari Hartikainen,2020-08-03 21:38:29-07:00,arviz/plots/backends/matplotlib/elpdplot.py
Ari Hartikainen,2020-08-03 21:38:29-07:00,arviz/plots/backends/matplotlib/energyplot.py
Ari Hartikainen,2020-08-03 21:38:29-07:00,arviz/plots/backends/matplotlib/essplot.py
Ari Hartikainen,2020-08-03 21:38:29-07:00,arviz/plots/backends/matplotlib/forestplot.py
Ari Hartikainen,2020-08-03 21:38:29-07:00,arviz/plots/backends/matplotlib/hdiplot.py
Ari Hartikainen,2020-08-03 21:38:29-07:00,arviz/plots/backends/matplotlib/jointplot.py
Ari Hartikainen,2020-08-03 21:38:29-07:00,arviz/plots/backends/matplotlib/kdeplot.py
Ari Hartikainen,2020-08-03 21:38:29-07:00,arviz/plots/backends/matplotlib/khatplot.py
Ari Hartikainen,2020-08-03 21:38:29-07:00,arviz/plots/backends/matplotlib/loopitplot.py
Ari Hartikainen,2020-08-03 21:38:29-07:00,arviz/plots/backends/matplotlib/mcseplot.py
Ari Hartikainen,2020-08-03 21:38:29-07:00,arviz/plots/backends/matplotlib/pairplot.py
Ari Hartikainen,2020-08-03 21:38:29-07:00,arviz/plots/backends/matplotlib/parallelplot.py
Ari Hartikainen,2020-08-03 21:38:29-07:00,arviz/plots/backends/matplotlib/posteriorplot.py
Ari Hartikainen,2020-08-03 21:38:29-07:00,arviz/plots/backends/matplotlib/ppcplot.py
Ari Hartikainen,2020-08-03 21:38:29-07:00,arviz/plots/backends/matplotlib/rankplot.py
Ari Hartikainen,2020-08-03 21:38:29-07:00,arviz/plots/backends/matplotlib/traceplot.py
Ari Hartikainen,2020-08-03 21:38:29-07:00,arviz/plots/backends/matplotlib/violinplot.py
Ari Hartikainen,2020-08-03 21:38:29-07:00,arviz/plots/bpvplot.py
Ari Hartikainen,2020-08-03 21:38:29-07:00,arviz/plots/compareplot.py
Ari Hartikainen,2020-08-03 21:38:29-07:00,arviz/plots/densityplot.py
Ari Hartikainen,2020-08-03 21:38:29-07:00,arviz/plots/distcomparisonplot.py
Ari Hartikainen,2020-08-03 21:38:29-07:00,arviz/plots/distplot.py
Ari Hartikainen,2020-08-03 21:38:29-07:00,arviz/plots/elpdplot.py
Ari Hartikainen,2020-08-03 21:38:29-07:00,arviz/plots/energyplot.py
Ari Hartikainen,2020-08-03 21:38:29-07:00,arviz/plots/essplot.py
Ari Hartikainen,2020-08-03 21:38:29-07:00,arviz/plots/forestplot.py
Ari Hartikainen,2020-08-03 21:38:29-07:00,arviz/plots/hdiplot.py
Ari Hartikainen,2020-08-03 21:38:29-07:00,arviz/plots/jointplot.py
Ari Hartikainen,2020-08-03 21:38:29-07:00,arviz/plots/kdeplot.py
Ari Hartikainen,2020-08-03 21:38:29-07:00,arviz/plots/khatplot.py
Ari Hartikainen,2020-08-03 21:38:29-07:00,arviz/plots/loopitplot.py
Ari Hartikainen,2020-08-03 21:38:29-07:00,arviz/plots/mcseplot.py
Ari Hartikainen,2020-08-03 21:38:29-07:00,arviz/plots/pairplot.py
Ari Hartikainen,2020-08-03 21:38:29-07:00,arviz/plots/parallelplot.py
Ari Hartikainen,2020-08-03 21:38:29-07:00,arviz/plots/plot_utils.py
Ari Hartikainen,2020-08-03 21:38:29-07:00,arviz/plots/posteriorplot.py
Ari Hartikainen,2020-08-03 21:38:29-07:00,arviz/plots/ppcplot.py
Ari Hartikainen,2020-08-03 21:38:29-07:00,arviz/plots/rankplot.py
Ari Hartikainen,2020-08-03 21:38:29-07:00,arviz/plots/traceplot.py
Ari Hartikainen,2020-08-03 21:38:29-07:00,arviz/plots/violinplot.py
Ari Hartikainen,2020-08-03 21:38:29-07:00,arviz/tests/base_tests/test_plots_bokeh.py
Ari Hartikainen,2020-08-04 13:42:33-03:00,arviz/numeric_utils.py
Ari Hartikainen,2020-08-05 16:11:44+03:00,arviz/tests/external_tests/test_data_cmdstanpy.py
Tomás Capretto,2020-08-06 01:17:35+03:00,CHANGELOG.md
Tomás Capretto,2020-08-06 01:17:35+03:00,arviz/kde_utils.py
Tomás Capretto,2020-08-06 01:17:35+03:00,arviz/numeric_utils.py
Tomás Capretto,2020-08-06 01:17:35+03:00,arviz/plots/backends/bokeh/bpvplot.py
Tomás Capretto,2020-08-06 01:17:35+03:00,arviz/plots/backends/bokeh/densityplot.py
Tomás Capretto,2020-08-06 01:17:35+03:00,arviz/plots/backends/bokeh/distplot.py
Tomás Capretto,2020-08-06 01:17:35+03:00,arviz/plots/backends/bokeh/forestplot.py
Tomás Capretto,2020-08-06 01:17:35+03:00,arviz/plots/backends/bokeh/loopitplot.py
Tomás Capretto,2020-08-06 01:17:35+03:00,arviz/plots/backends/bokeh/posteriorplot.py
Tomás Capretto,2020-08-06 01:17:35+03:00,arviz/plots/backends/bokeh/ppcplot.py
Tomás Capretto,2020-08-06 01:17:35+03:00,arviz/plots/backends/bokeh/violinplot.py
Tomás Capretto,2020-08-06 01:17:35+03:00,arviz/plots/backends/matplotlib/bpvplot.py
Tomás Capretto,2020-08-06 01:17:35+03:00,arviz/plots/backends/matplotlib/densityplot.py
Tomás Capretto,2020-08-06 01:17:35+03:00,arviz/plots/backends/matplotlib/distplot.py
Tomás Capretto,2020-08-06 01:17:35+03:00,arviz/plots/backends/matplotlib/forestplot.py
Tomás Capretto,2020-08-06 01:17:35+03:00,arviz/plots/backends/matplotlib/loopitplot.py
Tomás Capretto,2020-08-06 01:17:35+03:00,arviz/plots/backends/matplotlib/posteriorplot.py
Tomás Capretto,2020-08-06 01:17:35+03:00,arviz/plots/backends/matplotlib/ppcplot.py
Tomás Capretto,2020-08-06 01:17:35+03:00,arviz/plots/backends/matplotlib/violinplot.py
Tomás Capretto,2020-08-06 01:17:35+03:00,arviz/plots/densityplot.py
Tomás Capretto,2020-08-06 01:17:35+03:00,arviz/plots/distplot.py
Tomás Capretto,2020-08-06 01:17:35+03:00,arviz/plots/energyplot.py
Tomás Capretto,2020-08-06 01:17:35+03:00,arviz/plots/kdeplot.py
Tomás Capretto,2020-08-06 01:17:35+03:00,arviz/plots/loopitplot.py
Tomás Capretto,2020-08-06 01:17:35+03:00,arviz/plots/plot_utils.py
Tomás Capretto,2020-08-06 01:17:35+03:00,arviz/plots/posteriorplot.py
Tomás Capretto,2020-08-06 01:17:35+03:00,arviz/plots/violinplot.py
Tomás Capretto,2020-08-06 01:17:35+03:00,arviz/stats/stats.py
Tomás Capretto,2020-08-06 01:17:35+03:00,arviz/tests/base_tests/test_plots_matplotlib.py
Tomás Capretto,2020-08-06 01:17:35+03:00,arviz/tests/base_tests/test_utils.py
Piyush Gautam,2020-08-08 20:55:40+03:00,arviz/data/inference_data.py
Piyush Gautam,2020-08-08 20:55:40+03:00,arviz/tests/base_tests/test_data.py
Ari Hartikainen,2020-08-10 16:17:33+03:00,.pylintrc
Ari Hartikainen,2020-08-10 16:17:33+03:00,arviz/__init__.py
Ari Hartikainen,2020-08-10 16:17:33+03:00,arviz/data/__init__.py
Ari Hartikainen,2020-08-10 16:17:33+03:00,arviz/data/base.py
Ari Hartikainen,2020-08-10 16:17:33+03:00,arviz/data/converters.py
Ari Hartikainen,2020-08-10 16:17:33+03:00,arviz/data/datasets.py
Ari Hartikainen,2020-08-10 16:17:33+03:00,arviz/data/inference_data.py
Ari Hartikainen,2020-08-10 16:17:33+03:00,arviz/data/inference_data.pyi
Ari Hartikainen,2020-08-10 16:17:33+03:00,arviz/data/io_cmdstan.py
Ari Hartikainen,2020-08-10 16:17:33+03:00,arviz/data/io_cmdstanpy.py
Ari Hartikainen,2020-08-10 16:17:33+03:00,arviz/data/io_dict.py
Ari Hartikainen,2020-08-10 16:17:33+03:00,arviz/data/io_emcee.py
Ari Hartikainen,2020-08-10 16:17:33+03:00,arviz/data/io_netcdf.py
Ari Hartikainen,2020-08-10 16:17:33+03:00,arviz/data/io_numpyro.py
Ari Hartikainen,2020-08-10 16:17:33+03:00,arviz/data/io_pyjags.py
Ari Hartikainen,2020-08-10 16:17:33+03:00,arviz/data/io_pymc3.py
Ari Hartikainen,2020-08-10 16:17:33+03:00,arviz/data/io_pyro.py
Ari Hartikainen,2020-08-10 16:17:33+03:00,arviz/data/io_pystan.py
Ari Hartikainen,2020-08-10 16:17:33+03:00,arviz/data/io_tfp.py
Ari Hartikainen,2020-08-10 16:17:33+03:00,arviz/numeric_utils.py
Ari Hartikainen,2020-08-10 16:17:33+03:00,arviz/plots/__init__.py
Ari Hartikainen,2020-08-10 16:17:33+03:00,arviz/plots/autocorrplot.py
Ari Hartikainen,2020-08-10 16:17:33+03:00,arviz/plots/backends/__init__.py
Ari Hartikainen,2020-08-10 16:17:33+03:00,arviz/plots/backends/bokeh/__init__.py
Ari Hartikainen,2020-08-10 16:17:33+03:00,arviz/plots/backends/bokeh/autocorrplot.py
Ari Hartikainen,2020-08-10 16:17:33+03:00,arviz/plots/backends/bokeh/bpvplot.py
Ari Hartikainen,2020-08-10 16:17:33+03:00,arviz/plots/backends/bokeh/compareplot.py
Ari Hartikainen,2020-08-10 16:17:33+03:00,arviz/plots/backends/bokeh/densityplot.py
Ari Hartikainen,2020-08-10 16:17:33+03:00,arviz/plots/backends/bokeh/distplot.py
Ari Hartikainen,2020-08-10 16:17:33+03:00,arviz/plots/backends/bokeh/elpdplot.py
Ari Hartikainen,2020-08-10 16:17:33+03:00,arviz/plots/backends/bokeh/energyplot.py
Ari Hartikainen,2020-08-10 16:17:33+03:00,arviz/plots/backends/bokeh/essplot.py
Ari Hartikainen,2020-08-10 16:17:33+03:00,arviz/plots/backends/bokeh/forestplot.py
Ari Hartikainen,2020-08-10 16:17:33+03:00,arviz/plots/backends/bokeh/hdiplot.py
Ari Hartikainen,2020-08-10 16:17:33+03:00,arviz/plots/backends/bokeh/jointplot.py
Ari Hartikainen,2020-08-10 16:17:33+03:00,arviz/plots/backends/bokeh/kdeplot.py
Ari Hartikainen,2020-08-10 16:17:33+03:00,arviz/plots/backends/bokeh/khatplot.py
Ari Hartikainen,2020-08-10 16:17:33+03:00,arviz/plots/backends/bokeh/loopitplot.py
Ari Hartikainen,2020-08-10 16:17:33+03:00,arviz/plots/backends/bokeh/mcseplot.py
Ari Hartikainen,2020-08-10 16:17:33+03:00,arviz/plots/backends/bokeh/pairplot.py
Ari Hartikainen,2020-08-10 16:17:33+03:00,arviz/plots/backends/bokeh/parallelplot.py
Ari Hartikainen,2020-08-10 16:17:33+03:00,arviz/plots/backends/bokeh/posteriorplot.py
Ari Hartikainen,2020-08-10 16:17:33+03:00,arviz/plots/backends/bokeh/ppcplot.py
Ari Hartikainen,2020-08-10 16:17:33+03:00,arviz/plots/backends/bokeh/rankplot.py
Ari Hartikainen,2020-08-10 16:17:33+03:00,arviz/plots/backends/bokeh/traceplot.py
Ari Hartikainen,2020-08-10 16:17:33+03:00,arviz/plots/backends/bokeh/violinplot.py
Ari Hartikainen,2020-08-10 16:17:33+03:00,arviz/plots/backends/matplotlib/__init__.py
Ari Hartikainen,2020-08-10 16:17:33+03:00,arviz/plots/backends/matplotlib/autocorrplot.py
Ari Hartikainen,2020-08-10 16:17:33+03:00,arviz/plots/backends/matplotlib/bpvplot.py
Ari Hartikainen,2020-08-10 16:17:33+03:00,arviz/plots/backends/matplotlib/compareplot.py
Ari Hartikainen,2020-08-10 16:17:33+03:00,arviz/plots/backends/matplotlib/densityplot.py
Ari Hartikainen,2020-08-10 16:17:33+03:00,arviz/plots/backends/matplotlib/distcomparisonplot.py
Ari Hartikainen,2020-08-10 16:17:33+03:00,arviz/plots/backends/matplotlib/distplot.py
Ari Hartikainen,2020-08-10 16:17:33+03:00,arviz/plots/backends/matplotlib/elpdplot.py
Ari Hartikainen,2020-08-10 16:17:33+03:00,arviz/plots/backends/matplotlib/energyplot.py
Ari Hartikainen,2020-08-10 16:17:33+03:00,arviz/plots/backends/matplotlib/essplot.py
Ari Hartikainen,2020-08-10 16:17:33+03:00,arviz/plots/backends/matplotlib/forestplot.py
Ari Hartikainen,2020-08-10 16:17:33+03:00,arviz/plots/backends/matplotlib/hdiplot.py
Ari Hartikainen,2020-08-10 16:17:33+03:00,arviz/plots/backends/matplotlib/jointplot.py
Ari Hartikainen,2020-08-10 16:17:33+03:00,arviz/plots/backends/matplotlib/kdeplot.py
Ari Hartikainen,2020-08-10 16:17:33+03:00,arviz/plots/backends/matplotlib/khatplot.py
Ari Hartikainen,2020-08-10 16:17:33+03:00,arviz/plots/backends/matplotlib/loopitplot.py
Ari Hartikainen,2020-08-10 16:17:33+03:00,arviz/plots/backends/matplotlib/mcseplot.py
Ari Hartikainen,2020-08-10 16:17:33+03:00,arviz/plots/backends/matplotlib/pairplot.py
Ari Hartikainen,2020-08-10 16:17:33+03:00,arviz/plots/backends/matplotlib/parallelplot.py
Ari Hartikainen,2020-08-10 16:17:33+03:00,arviz/plots/backends/matplotlib/posteriorplot.py
Ari Hartikainen,2020-08-10 16:17:33+03:00,arviz/plots/backends/matplotlib/ppcplot.py
Ari Hartikainen,2020-08-10 16:17:33+03:00,arviz/plots/backends/matplotlib/rankplot.py
Ari Hartikainen,2020-08-10 16:17:33+03:00,arviz/plots/backends/matplotlib/traceplot.py
Ari Hartikainen,2020-08-10 16:17:33+03:00,arviz/plots/backends/matplotlib/violinplot.py
Ari Hartikainen,2020-08-10 16:17:33+03:00,arviz/plots/bpvplot.py
Ari Hartikainen,2020-08-10 16:17:33+03:00,arviz/plots/compareplot.py
Ari Hartikainen,2020-08-10 16:17:33+03:00,arviz/plots/densityplot.py
Ari Hartikainen,2020-08-10 16:17:33+03:00,arviz/plots/distcomparisonplot.py
Ari Hartikainen,2020-08-10 16:17:33+03:00,arviz/plots/distplot.py
Ari Hartikainen,2020-08-10 16:17:33+03:00,arviz/plots/elpdplot.py
Ari Hartikainen,2020-08-10 16:17:33+03:00,arviz/plots/energyplot.py
Ari Hartikainen,2020-08-10 16:17:33+03:00,arviz/plots/essplot.py
Ari Hartikainen,2020-08-10 16:17:33+03:00,arviz/plots/forestplot.py
Ari Hartikainen,2020-08-10 16:17:33+03:00,arviz/plots/hdiplot.py
Ari Hartikainen,2020-08-10 16:17:33+03:00,arviz/plots/jointplot.py
Ari Hartikainen,2020-08-10 16:17:33+03:00,arviz/plots/kdeplot.py
Ari Hartikainen,2020-08-10 16:17:33+03:00,arviz/plots/khatplot.py
Ari Hartikainen,2020-08-10 16:17:33+03:00,arviz/plots/loopitplot.py
Ari Hartikainen,2020-08-10 16:17:33+03:00,arviz/plots/mcseplot.py
Ari Hartikainen,2020-08-10 16:17:33+03:00,arviz/plots/pairplot.py
Ari Hartikainen,2020-08-10 16:17:33+03:00,arviz/plots/parallelplot.py
Ari Hartikainen,2020-08-10 16:17:33+03:00,arviz/plots/plot_utils.py
Ari Hartikainen,2020-08-10 16:17:33+03:00,arviz/plots/posteriorplot.py
Ari Hartikainen,2020-08-10 16:17:33+03:00,arviz/plots/ppcplot.py
Ari Hartikainen,2020-08-10 16:17:33+03:00,arviz/plots/rankplot.py
Ari Hartikainen,2020-08-10 16:17:33+03:00,arviz/plots/traceplot.py
Ari Hartikainen,2020-08-10 16:17:33+03:00,arviz/plots/violinplot.py
Ari Hartikainen,2020-08-10 16:17:33+03:00,arviz/rcparams.py
Ari Hartikainen,2020-08-10 16:17:33+03:00,arviz/stats/__init__.py
Ari Hartikainen,2020-08-10 16:17:33+03:00,arviz/stats/density_utils.py
Ari Hartikainen,2020-08-10 16:17:33+03:00,arviz/stats/diagnostics.py
Ari Hartikainen,2020-08-10 16:17:33+03:00,arviz/stats/stats.py
Ari Hartikainen,2020-08-10 16:17:33+03:00,arviz/stats/stats_refitting.py
Ari Hartikainen,2020-08-10 16:17:33+03:00,arviz/stats/stats_utils.py
Ari Hartikainen,2020-08-10 16:17:33+03:00,arviz/tests/base_tests/test_data.py
Ari Hartikainen,2020-08-10 16:17:33+03:00,arviz/tests/base_tests/test_diagnostics_numba.py
Ari Hartikainen,2020-08-10 16:17:33+03:00,arviz/tests/base_tests/test_plot_utils.py
Ari Hartikainen,2020-08-10 16:17:33+03:00,arviz/tests/base_tests/test_plots_bokeh.py
Ari Hartikainen,2020-08-10 16:17:33+03:00,arviz/tests/base_tests/test_plots_matplotlib.py
Ari Hartikainen,2020-08-10 16:17:33+03:00,arviz/tests/base_tests/test_rcparams.py
Ari Hartikainen,2020-08-10 16:17:33+03:00,arviz/tests/base_tests/test_stats_utils.py
Ari Hartikainen,2020-08-10 16:17:33+03:00,arviz/tests/base_tests/test_utils.py
Ari Hartikainen,2020-08-10 16:17:33+03:00,arviz/tests/base_tests/test_utils_numba.py
Ari Hartikainen,2020-08-10 16:17:33+03:00,arviz/tests/conftest.py
Ari Hartikainen,2020-08-10 16:17:33+03:00,arviz/tests/external_tests/test_data_cmdstan.py
Ari Hartikainen,2020-08-10 16:17:33+03:00,arviz/tests/external_tests/test_data_cmdstanpy.py
Ari Hartikainen,2020-08-10 16:17:33+03:00,arviz/tests/external_tests/test_data_emcee.py
Ari Hartikainen,2020-08-10 16:17:33+03:00,arviz/tests/external_tests/test_data_pyjags.py
Ari Hartikainen,2020-08-10 16:17:33+03:00,arviz/tests/external_tests/test_data_pymc.py
Ari Hartikainen,2020-08-10 16:17:33+03:00,arviz/tests/external_tests/test_data_tfp.py
Ari Hartikainen,2020-08-10 16:17:33+03:00,arviz/tests/helpers.py
Ari Hartikainen,2020-08-10 16:17:33+03:00,arviz/utils.py
Ari Hartikainen,2020-08-10 16:17:33+03:00,arviz/wrappers/__init__.py
Ari Hartikainen,2020-08-10 16:17:33+03:00,arviz/wrappers/base.py
Ari Hartikainen,2020-08-10 16:17:33+03:00,arviz/wrappers/wrap_pystan.py
Ari Hartikainen,2020-08-10 16:17:33+03:00,asv_benchmarks/benchmarks/__init__.py
Ari Hartikainen,2020-08-10 16:17:33+03:00,asv_benchmarks/benchmarks/benchmarks.py
Ari Hartikainen,2020-08-10 16:17:33+03:00,doc/conf.py
Ari Hartikainen,2020-08-10 16:17:33+03:00,doc/logo/generate_logo.py
Ari Hartikainen,2020-08-10 16:17:33+03:00,doc/sphinxext/gallery_generator.py
Ari Hartikainen,2020-08-10 16:17:33+03:00,examples/bokeh/bokeh_plot_dist.py
Ari Hartikainen,2020-08-10 16:17:33+03:00,examples/bokeh/bokeh_plot_hdi.py
Ari Hartikainen,2020-08-10 16:17:33+03:00,examples/bokeh/bokeh_plot_kde.py
Ari Hartikainen,2020-08-10 16:17:33+03:00,examples/bokeh/bokeh_plot_kde_2d.py
Ari Hartikainen,2020-08-10 16:17:33+03:00,examples/bokeh/bokeh_plot_kde_quantiles.py
Ari Hartikainen,2020-08-10 16:17:33+03:00,examples/bokeh/bokeh_plot_pair_point_estimate.py
Ari Hartikainen,2020-08-10 16:17:33+03:00,examples/matplotlib/mpl_plot_autocorr.py
Ari Hartikainen,2020-08-10 16:17:33+03:00,examples/matplotlib/mpl_plot_bpv.py
Ari Hartikainen,2020-08-10 16:17:33+03:00,examples/matplotlib/mpl_plot_bpv_tstat.py
Ari Hartikainen,2020-08-10 16:17:33+03:00,examples/matplotlib/mpl_plot_compare.py
Ari Hartikainen,2020-08-10 16:17:33+03:00,examples/matplotlib/mpl_plot_density.py
Ari Hartikainen,2020-08-10 16:17:33+03:00,examples/matplotlib/mpl_plot_dist.py
Ari Hartikainen,2020-08-10 16:17:33+03:00,examples/matplotlib/mpl_plot_elpd.py
Ari Hartikainen,2020-08-10 16:17:33+03:00,examples/matplotlib/mpl_plot_energy.py
Ari Hartikainen,2020-08-10 16:17:33+03:00,examples/matplotlib/mpl_plot_ess_evolution.py
Ari Hartikainen,2020-08-10 16:17:33+03:00,examples/matplotlib/mpl_plot_ess_local.py
Ari Hartikainen,2020-08-10 16:17:33+03:00,examples/matplotlib/mpl_plot_ess_quantile.py
Ari Hartikainen,2020-08-10 16:17:33+03:00,examples/matplotlib/mpl_plot_forest.py
Ari Hartikainen,2020-08-10 16:17:33+03:00,examples/matplotlib/mpl_plot_forest_ridge.py
Ari Hartikainen,2020-08-10 16:17:33+03:00,examples/matplotlib/mpl_plot_hdi.py
Ari Hartikainen,2020-08-10 16:17:33+03:00,examples/matplotlib/mpl_plot_joint.py
Ari Hartikainen,2020-08-10 16:17:33+03:00,examples/matplotlib/mpl_plot_kde.py
Ari Hartikainen,2020-08-10 16:17:33+03:00,examples/matplotlib/mpl_plot_kde_2d.py
Ari Hartikainen,2020-08-10 16:17:33+03:00,examples/matplotlib/mpl_plot_kde_2d_bis.py
Ari Hartikainen,2020-08-10 16:17:33+03:00,examples/matplotlib/mpl_plot_kde_quantiles.py
Ari Hartikainen,2020-08-10 16:17:33+03:00,examples/matplotlib/mpl_plot_khat.py
Ari Hartikainen,2020-08-10 16:17:33+03:00,examples/matplotlib/mpl_plot_loo_pit_ecdf.py
Ari Hartikainen,2020-08-10 16:17:33+03:00,examples/matplotlib/mpl_plot_loo_pit_overlay.py
Ari Hartikainen,2020-08-10 16:17:33+03:00,examples/matplotlib/mpl_plot_mcse.py
Ari Hartikainen,2020-08-10 16:17:33+03:00,examples/matplotlib/mpl_plot_mcse_errorbar.py
Ari Hartikainen,2020-08-10 16:17:33+03:00,examples/matplotlib/mpl_plot_pair.py
Ari Hartikainen,2020-08-10 16:17:33+03:00,examples/matplotlib/mpl_plot_pair_hex.py
Ari Hartikainen,2020-08-10 16:17:33+03:00,examples/matplotlib/mpl_plot_pair_kde.py
Ari Hartikainen,2020-08-10 16:17:33+03:00,examples/matplotlib/mpl_plot_pair_point_estimate.py
Ari Hartikainen,2020-08-10 16:17:33+03:00,examples/matplotlib/mpl_plot_parallel.py
Ari Hartikainen,2020-08-10 16:17:33+03:00,examples/matplotlib/mpl_plot_posterior.py
Ari Hartikainen,2020-08-10 16:17:33+03:00,examples/matplotlib/mpl_plot_ppc.py
Ari Hartikainen,2020-08-10 16:17:33+03:00,examples/matplotlib/mpl_plot_ppc_cumulative.py
Ari Hartikainen,2020-08-10 16:17:33+03:00,examples/matplotlib/mpl_plot_rank.py
Ari Hartikainen,2020-08-10 16:17:33+03:00,examples/matplotlib/mpl_plot_trace.py
Ari Hartikainen,2020-08-10 16:17:33+03:00,examples/matplotlib/mpl_plot_trace_bars.py
Ari Hartikainen,2020-08-10 16:17:33+03:00,examples/matplotlib/mpl_plot_trace_vlines.py
Ari Hartikainen,2020-08-10 16:17:33+03:00,examples/matplotlib/mpl_plot_violin.py
Ari Hartikainen,2020-08-10 16:17:33+03:00,examples/matplotlib/mpl_styles.py
Ari Hartikainen,2020-08-10 16:17:33+03:00,pyproject.toml
Ari Hartikainen,2020-08-10 16:17:33+03:00,setup.py
Ari Hartikainen,2020-08-11 02:17:38+02:00,.azure-pipelines/azure-pipelines-docs.yml
Ari Hartikainen,2020-08-11 02:17:38+02:00,arviz/stats/density_utils.py
Ari Hartikainen,2020-08-10 20:01:32-07:00,.dockerignore
Ari Hartikainen,2020-08-10 20:01:32-07:00,scripts/Dockerfile
Ari Hartikainen,2020-08-10 20:01:32-07:00,scripts/container.ps1
Ari Hartikainen,2020-08-10 20:01:32-07:00,scripts/create_testenv.sh
Brandon T. Willard,2020-08-10 22:53:38-07:00,arviz/stats/stats.py
Ravin Kumar,2020-08-11 13:58:21+03:00,arviz/utils.py
Ravin Kumar,2020-08-11 13:58:21+03:00,scripts/Dockerfile
Ravin Kumar,2020-08-11 13:58:21+03:00,scripts/create_testenv.sh
Ari Hartikainen,2020-08-12 21:16:17-07:00,.azure-pipelines/azure-pipelines-base.yml
Ari Hartikainen,2020-08-12 21:16:17-07:00,.azure-pipelines/azure-pipelines-benchmarks.yml
Ari Hartikainen,2020-08-12 21:16:17-07:00,.azure-pipelines/azure-pipelines-docs.yml
Ari Hartikainen,2020-08-12 21:16:17-07:00,.azure-pipelines/azure-pipelines-external.yml
Ari Hartikainen,2020-08-12 21:16:17-07:00,.azure-pipelines/azure-pipelines-wheel.yml
Piyush Gautam,2020-08-13 13:51:26+03:00,CHANGELOG.md
Piyush Gautam,2020-08-13 13:51:26+03:00,arviz/data/inference_data.py
Piyush Gautam,2020-08-13 13:51:26+03:00,arviz/data/io_dict.py
Piyush Gautam,2020-08-13 13:51:26+03:00,arviz/tests/base_tests/test_data.py
Piyush Gautam,2020-08-13 13:51:26+03:00,arviz/tests/helpers.py
Agustina Arroyuelo,2020-08-14 10:33:06-03:00,CHANGELOG.md
Agustina Arroyuelo,2020-08-14 10:33:06-03:00,arviz/plots/backends/bokeh/traceplot.py
Agustina Arroyuelo,2020-08-14 10:33:06-03:00,arviz/plots/backends/matplotlib/traceplot.py
Agustina Arroyuelo,2020-08-14 10:33:06-03:00,arviz/plots/traceplot.py
Agustina Arroyuelo,2020-08-14 10:33:06-03:00,arviz/tests/base_tests/test_plots_matplotlib.py
Agustina Arroyuelo,2020-08-14 10:33:06-03:00,examples/matplotlib/mpl_plot_trace_circ.py
Samasth N A,2020-08-14 10:34:40-03:00,CHANGELOG.md
Samasth N A,2020-08-14 10:34:40-03:00,arviz/plots/distplot.py
Samasth N A,2020-08-14 10:34:40-03:00,arviz/tests/base_tests/test_plots_matplotlib.py
Ari Hartikainen,2020-08-16 12:17:52+03:00,arviz/plots/backends/matplotlib/pairplot.py
Ari Hartikainen,2020-08-16 12:17:52+03:00,arviz/plots/backends/matplotlib/ppcplot.py
Ari Hartikainen,2020-08-16 12:17:52+03:00,requirements.txt
Ari Hartikainen,2020-08-16 22:28:05+03:00,CHANGELOG.md
Ari Hartikainen,2020-08-16 22:28:05+03:00,arviz/data/io_cmdstan.py
Ari Hartikainen,2020-08-16 22:28:05+03:00,arviz/tests/external_tests/test_data_cmdstan.py
Ari Hartikainen,2020-08-17 01:15:53+03:00,CHANGELOG.md
Ari Hartikainen,2020-08-17 01:15:53+03:00,arviz/__init__.py
Ari Hartikainen,2020-08-17 01:15:53+03:00,arviz/data/io_pystan.py
Ari Hartikainen,2020-08-17 01:15:53+03:00,arviz/tests/external_tests/test_data_pystan.py
Ari Hartikainen,2020-08-17 01:15:53+03:00,arviz/tests/helpers.py
Ari Hartikainen,2020-08-17 01:15:53+03:00,pyproject.toml
Osvaldo Martin,2020-08-17 16:11:07-03:00,CHANGELOG.md
Osvaldo Martin,2020-08-17 16:11:07-03:00,arviz/plots/backends/bokeh/forestplot.py
Osvaldo Martin,2020-08-17 16:11:07-03:00,arviz/plots/backends/matplotlib/forestplot.py
Osvaldo Martin,2020-08-17 16:11:07-03:00,arviz/plots/forestplot.py
Osvaldo Martin,2020-08-17 16:11:07-03:00,arviz/tests/base_tests/test_plots_bokeh.py
Osvaldo Martin,2020-08-17 16:11:07-03:00,arviz/tests/base_tests/test_plots_matplotlib.py
Osvaldo Martin,2020-08-18 00:00:13+02:00,CHANGELOG.md
Ari Hartikainen,2020-08-18 21:13:57+03:00,arviz/data/inference_data.py
Ari Hartikainen,2020-08-18 21:13:57+03:00,arviz/data/io_pystan.py
Ari Hartikainen,2020-08-18 21:13:57+03:00,arviz/plots/backends/matplotlib/traceplot.py
Ari Hartikainen,2020-08-18 21:13:57+03:00,arviz/plots/distplot.py
Ari Hartikainen,2020-08-18 21:13:57+03:00,arviz/tests/base_tests/test_plot_utils.py
Ari Hartikainen,2020-08-18 21:13:57+03:00,arviz/tests/base_tests/test_plots_matplotlib.py
Ari Hartikainen,2020-08-18 21:13:57+03:00,doc/conf.py
Ari Hartikainen,2020-08-18 21:13:57+03:00,doc/sphinxext/gallery_generator.py
Ari Hartikainen,2020-08-18 21:13:57+03:00,examples/matplotlib/mpl_plot_trace_circ.py
Piyush Gautam,2020-08-20 14:59:42+03:00,arviz/data/__init__.py
Piyush Gautam,2020-08-20 14:59:42+03:00,arviz/data/base.py
Piyush Gautam,2020-08-20 14:59:42+03:00,arviz/data/inference_data.py
Piyush Gautam,2020-08-20 14:59:42+03:00,arviz/data/io_json.py
Piyush Gautam,2020-08-20 14:59:42+03:00,arviz/tests/base_tests/test_data.py
Piyush Gautam,2020-08-20 14:59:42+03:00,requirements-optional.txt
Osvaldo Martin,2020-08-22 15:24:17-03:00,arviz/plots/backends/bokeh/bpvplot.py
Osvaldo Martin,2020-08-22 15:24:17-03:00,arviz/plots/backends/matplotlib/bpvplot.py
Ravin Kumar,2020-08-25 06:50:02+03:00,arviz/data/inference_data.py
Ravin Kumar,2020-08-25 06:50:02+03:00,arviz/data/io_pymc3.py
Ravin Kumar,2020-08-25 06:50:02+03:00,arviz/plots/backends/bokeh/__init__.py
Ravin Kumar,2020-08-25 06:50:02+03:00,arviz/plots/plot_utils.py
Ravin Kumar,2020-08-25 06:50:02+03:00,arviz/rcparams.py
Ravin Kumar,2020-08-25 06:50:02+03:00,arviz/stats/stats_utils.py
Ravin Kumar,2020-08-25 06:50:02+03:00,arviz/utils.py
Osvaldo Martin,2020-08-25 21:03:04-07:00,arviz/plots/backends/bokeh/ppcplot.py
Osvaldo Martin,2020-08-25 21:03:04-07:00,arviz/plots/backends/matplotlib/ppcplot.py
Osvaldo Martin,2020-08-25 21:03:04-07:00,arviz/plots/ppcplot.py
Osvaldo Martin,2020-08-25 21:03:04-07:00,arviz/plots/styles/arviz-bluish.mplstyle
Osvaldo Martin,2020-08-25 21:03:04-07:00,arviz/plots/styles/arviz-brownish.mplstyle
Osvaldo Martin,2020-08-25 21:03:04-07:00,arviz/plots/styles/arviz-cyanish.mplstyle
Osvaldo Martin,2020-08-25 21:03:04-07:00,arviz/plots/styles/arviz-greenish.mplstyle
Osvaldo Martin,2020-08-25 21:03:04-07:00,arviz/plots/styles/arviz-orangish.mplstyle
Osvaldo Martin,2020-08-25 21:03:04-07:00,arviz/plots/styles/arviz-plasmish.mplstyle
Osvaldo Martin,2020-08-25 21:03:04-07:00,arviz/plots/styles/arviz-purplish.mplstyle
Osvaldo Martin,2020-08-25 21:03:04-07:00,arviz/plots/styles/arviz-redish.mplstyle
Osvaldo Martin,2020-08-25 21:03:04-07:00,arviz/plots/styles/arviz-royish.mplstyle
Osvaldo Martin,2020-08-25 21:03:04-07:00,arviz/plots/styles/arviz-viridish.mplstyle
Osvaldo Martin,2020-08-25 21:03:04-07:00,examples/matplotlib/mpl_styles.py
Agustina Arroyuelo,2020-08-27 08:15:34-03:00,CHANGELOG.md
Agustina Arroyuelo,2020-08-27 08:15:34-03:00,arviz/plots/backends/matplotlib/traceplot.py
Agustina Arroyuelo,2020-08-27 08:15:34-03:00,arviz/plots/traceplot.py
Agustina Arroyuelo,2020-08-27 08:15:34-03:00,arviz/tests/base_tests/test_plots_matplotlib.py
Osvaldo Martin,2020-08-27 17:46:47-03:00,arviz/data/inference_data.py
Osvaldo Martin,2020-08-27 17:46:47-03:00,arviz/data/io_pyjags.py
Osvaldo Martin,2020-08-27 17:46:47-03:00,arviz/data/io_pymc3.py
Osvaldo Martin,2020-08-27 17:46:47-03:00,arviz/data/io_pystan.py
Osvaldo Martin,2020-08-27 17:46:47-03:00,arviz/plots/backends/bokeh/__init__.py
Osvaldo Martin,2020-08-27 17:46:47-03:00,arviz/plots/backends/bokeh/autocorrplot.py
Osvaldo Martin,2020-08-27 17:46:47-03:00,arviz/plots/backends/bokeh/bpvplot.py
Osvaldo Martin,2020-08-27 17:46:47-03:00,arviz/plots/backends/bokeh/compareplot.py
Osvaldo Martin,2020-08-27 17:46:47-03:00,arviz/plots/backends/bokeh/densityplot.py
Osvaldo Martin,2020-08-27 17:46:47-03:00,arviz/plots/backends/bokeh/distplot.py
Osvaldo Martin,2020-08-27 17:46:47-03:00,arviz/plots/backends/bokeh/elpdplot.py
Osvaldo Martin,2020-08-27 17:46:47-03:00,arviz/plots/backends/bokeh/energyplot.py
Osvaldo Martin,2020-08-27 17:46:47-03:00,arviz/plots/backends/bokeh/essplot.py
Osvaldo Martin,2020-08-27 17:46:47-03:00,arviz/plots/backends/bokeh/forestplot.py
Osvaldo Martin,2020-08-27 17:46:47-03:00,arviz/plots/backends/bokeh/hdiplot.py
Osvaldo Martin,2020-08-27 17:46:47-03:00,arviz/plots/backends/bokeh/jointplot.py
Osvaldo Martin,2020-08-27 17:46:47-03:00,arviz/plots/backends/bokeh/kdeplot.py
Osvaldo Martin,2020-08-27 17:46:47-03:00,arviz/plots/backends/bokeh/khatplot.py
Osvaldo Martin,2020-08-27 17:46:47-03:00,arviz/plots/backends/bokeh/loopitplot.py
Osvaldo Martin,2020-08-27 17:46:47-03:00,arviz/plots/backends/bokeh/mcseplot.py
Osvaldo Martin,2020-08-27 17:46:47-03:00,arviz/plots/backends/bokeh/pairplot.py
Osvaldo Martin,2020-08-27 17:46:47-03:00,arviz/plots/backends/bokeh/parallelplot.py
Osvaldo Martin,2020-08-27 17:46:47-03:00,arviz/plots/backends/bokeh/posteriorplot.py
Osvaldo Martin,2020-08-27 17:46:47-03:00,arviz/plots/backends/bokeh/ppcplot.py
Osvaldo Martin,2020-08-27 17:46:47-03:00,arviz/plots/backends/bokeh/rankplot.py
Osvaldo Martin,2020-08-27 17:46:47-03:00,arviz/plots/backends/bokeh/traceplot.py
Osvaldo Martin,2020-08-27 17:46:47-03:00,arviz/plots/backends/bokeh/violinplot.py
Osvaldo Martin,2020-08-27 17:46:47-03:00,arviz/plots/backends/matplotlib/autocorrplot.py
Osvaldo Martin,2020-08-27 17:46:47-03:00,arviz/plots/backends/matplotlib/bpvplot.py
Osvaldo Martin,2020-08-27 17:46:47-03:00,arviz/plots/backends/matplotlib/densityplot.py
Osvaldo Martin,2020-08-27 17:46:47-03:00,arviz/plots/backends/matplotlib/distcomparisonplot.py
Osvaldo Martin,2020-08-27 17:46:47-03:00,arviz/plots/backends/matplotlib/elpdplot.py
Osvaldo Martin,2020-08-27 17:46:47-03:00,arviz/plots/backends/matplotlib/essplot.py
Osvaldo Martin,2020-08-27 17:46:47-03:00,arviz/plots/backends/matplotlib/forestplot.py
Osvaldo Martin,2020-08-27 17:46:47-03:00,arviz/plots/backends/matplotlib/hdiplot.py
Osvaldo Martin,2020-08-27 17:46:47-03:00,arviz/plots/backends/matplotlib/kdeplot.py
Osvaldo Martin,2020-08-27 17:46:47-03:00,arviz/plots/backends/matplotlib/khatplot.py
Osvaldo Martin,2020-08-27 17:46:47-03:00,arviz/plots/backends/matplotlib/mcseplot.py
Osvaldo Martin,2020-08-27 17:46:47-03:00,arviz/plots/backends/matplotlib/pairplot.py
Osvaldo Martin,2020-08-27 17:46:47-03:00,arviz/plots/backends/matplotlib/posteriorplot.py
Osvaldo Martin,2020-08-27 17:46:47-03:00,arviz/plots/backends/matplotlib/rankplot.py
Osvaldo Martin,2020-08-27 17:46:47-03:00,arviz/plots/backends/matplotlib/violinplot.py
Osvaldo Martin,2020-08-27 17:46:47-03:00,arviz/plots/pairplot.py
Osvaldo Martin,2020-08-27 17:46:47-03:00,arviz/stats/stats.py
Osvaldo Martin,2020-08-27 17:46:47-03:00,arviz/tests/base_tests/test_data.py
Osvaldo Martin,2020-08-27 17:46:47-03:00,arviz/tests/base_tests/test_plot_utils.py
Osvaldo Martin,2020-08-27 17:46:47-03:00,arviz/tests/base_tests/test_plots_bokeh.py
Osvaldo Martin,2020-08-27 17:46:47-03:00,arviz/tests/base_tests/test_plots_matplotlib.py
Osvaldo Martin,2020-08-27 17:46:47-03:00,arviz/tests/base_tests/test_stats_utils.py
Osvaldo Martin,2020-08-27 17:46:47-03:00,arviz/tests/external_tests/test_data_cmdstan.py
Osvaldo Martin,2020-08-27 17:46:47-03:00,arviz/tests/external_tests/test_data_pyjags.py
Osvaldo Martin,2020-08-27 17:46:47-03:00,arviz/tests/external_tests/test_data_pymc.py
Ari Hartikainen,2020-09-02 11:54:24+03:00,CHANGELOG.md
Ari Hartikainen,2020-09-02 11:54:24+03:00,arviz/data/io_cmdstan.py
Ari Hartikainen,2020-09-02 11:54:24+03:00,arviz/rcparams.py
Ari Hartikainen,2020-09-02 11:54:24+03:00,arviz/stats/diagnostics.py
Ari Hartikainen,2020-09-02 11:54:24+03:00,arviz/stats/stats_utils.py
Ari Hartikainen,2020-09-02 11:54:24+03:00,arviz/tests/base_tests/test_diagnostics.py
Ari Hartikainen,2020-09-02 11:54:24+03:00,arviz/tests/saved_models/stan_diagnostics/reference_posterior.csv
Ari Hartikainen,2020-09-02 11:54:24+03:00,arviz/tests/saved_models/stan_diagnostics/reference_values.csv
Ari Hartikainen,2020-09-02 11:54:24+03:00,arvizrc.template
Ari Hartikainen,2020-09-02 11:54:24+03:00,doc/sphinxext/gallery_generator.py
Agustina Arroyuelo,2020-09-02 08:25:01-03:00,CHANGELOG.md
Agustina Arroyuelo,2020-09-02 08:25:01-03:00,arviz/plots/__init__.py
Agustina Arroyuelo,2020-09-02 08:25:01-03:00,arviz/plots/backends/bokeh/separationplot.py
Agustina Arroyuelo,2020-09-02 08:25:01-03:00,arviz/plots/backends/matplotlib/separationplot.py
Agustina Arroyuelo,2020-09-02 08:25:01-03:00,arviz/plots/separationplot.py
Agustina Arroyuelo,2020-09-02 08:25:01-03:00,arviz/tests/base_tests/test_plots_bokeh.py
Agustina Arroyuelo,2020-09-02 08:25:01-03:00,arviz/tests/base_tests/test_plots_matplotlib.py
Agustina Arroyuelo,2020-09-02 08:25:01-03:00,doc/api.rst
Agustina Arroyuelo,2020-09-02 08:25:01-03:00,examples/bokeh/bokeh_plot_separation.py
Agustina Arroyuelo,2020-09-02 08:25:01-03:00,examples/matplotlib/mpl_plot_separation.py
Ari Hartikainen,2020-09-04 21:53:36+03:00,arviz/tests/external_tests/test_data_cmdstanpy.py
Junpeng Lao,2020-09-05 09:55:36+03:00,arviz/data/io_pymc3.py
Junpeng Lao,2020-09-05 09:55:36+03:00,arviz/tests/external_tests/test_data_pymc.py
Raúl Peralta Lozada,2020-09-09 17:55:51-05:00,doc/notebooks/InferenceDataCookbook.ipynb
Tomás Capretto,2020-09-14 10:37:29-03:00,arviz/plots/backends/bokeh/violinplot.py
Tomás Capretto,2020-09-14 10:37:29-03:00,arviz/plots/backends/matplotlib/violinplot.py
Osvaldo Martin,2020-09-17 10:23:46-03:00,README.md
Osvaldo Martin,2020-09-17 10:23:46-03:00,doc/about.rst
Osvaldo Martin,2020-09-17 10:23:46-03:00,doc/index.rst
Charlie G,2020-09-20 07:32:17-07:00,examples/matplotlib/mpl_plot_hdi.py
Ari Hartikainen,2020-09-20 10:22:47-07:00,.azure-pipelines/azure-pipelines-docs.yml
Ari Hartikainen,2020-09-20 10:22:47-07:00,CHANGELOG.md
Ari Hartikainen,2020-09-20 10:22:47-07:00,arviz/plots/backends/bokeh/essplot.py
Ari Hartikainen,2020-09-20 10:22:47-07:00,arviz/plots/backends/bokeh/mcseplot.py
Ari Hartikainen,2020-09-20 10:22:47-07:00,arviz/plots/backends/bokeh/rankplot.py
Ari Hartikainen,2020-09-20 10:22:47-07:00,arviz/plots/backends/matplotlib/essplot.py
Ari Hartikainen,2020-09-20 10:22:47-07:00,arviz/plots/backends/matplotlib/mcseplot.py
Ari Hartikainen,2020-09-20 10:22:47-07:00,arviz/plots/backends/matplotlib/rankplot.py
Ari Hartikainen,2020-09-20 10:22:47-07:00,arviz/plots/parallelplot.py
Ari Hartikainen,2020-09-20 10:22:47-07:00,examples/bokeh/bokeh_plot_parallel_minmax.py
Ari Hartikainen,2020-09-20 10:22:47-07:00,examples/bokeh/bokeh_plot_parallel_normal.py
Ari Hartikainen,2020-09-20 10:22:47-07:00,examples/bokeh/bokeh_plot_parallel_rank.py
Ari Hartikainen,2020-09-20 10:22:47-07:00,examples/matplotlib/mpl_plot_parallel_minmax.py
Ari Hartikainen,2020-09-20 10:22:47-07:00,examples/matplotlib/mpl_plot_parallel_normal.py
Ari Hartikainen,2020-09-20 10:22:47-07:00,examples/matplotlib/mpl_plot_parallel_rank.py
Tomás Capretto,2020-09-21 08:42:19-03:00,arviz/stats/density_utils.py
Ari Hartikainen,2020-09-21 22:52:51+02:00,CHANGELOG.md
Ari Hartikainen,2020-09-21 22:52:51+02:00,arviz/utils.py
Ari Hartikainen,2020-09-21 22:52:51+02:00,requirements.txt
Osvaldo Martin,2020-09-22 00:54:29+02:00,CHANGELOG.md
Osvaldo Martin,2020-09-22 00:54:29+02:00,arviz/plots/backends/bokeh/forestplot.py
Osvaldo Martin,2020-09-22 00:54:29+02:00,arviz/plots/backends/matplotlib/forestplot.py
Osvaldo Martin,2020-09-22 00:54:29+02:00,arviz/plots/forestplot.py
Osvaldo Martin,2020-09-22 00:54:29+02:00,arviz/tests/base_tests/test_plots_bokeh.py
Osvaldo Martin,2020-09-22 00:54:29+02:00,arviz/tests/base_tests/test_plots_matplotlib.py
Oriol Abril-Pla,2020-09-22 21:39:02+03:00,CHANGELOG.md
Oriol Abril-Pla,2020-09-22 21:39:02+03:00,arviz/data/base.py
Oriol Abril-Pla,2020-09-22 21:39:02+03:00,arviz/data/inference_data.py
Oriol Abril-Pla,2020-09-22 21:39:02+03:00,arviz/data/io_dict.py
Oriol Abril-Pla,2020-09-22 21:39:02+03:00,arviz/tests/base_tests/test_data.py
Oriol Abril-Pla,2020-09-22 21:39:02+03:00,arviz/tests/helpers.py
Ari Hartikainen,2020-09-23 16:15:29+03:00,CHANGELOG.md
Ari Hartikainen,2020-09-23 16:15:29+03:00,MANIFEST.in
Ari Hartikainen,2020-09-23 16:15:29+03:00,arviz/data/__init__.py
Ari Hartikainen,2020-09-23 16:15:29+03:00,arviz/data/base.py
Ari Hartikainen,2020-09-23 16:15:29+03:00,arviz/data/inference_data.py
Ari Hartikainen,2020-09-23 16:15:29+03:00,arviz/data/io_dict.py
Ari Hartikainen,2020-09-23 16:15:29+03:00,arviz/plots/__init__.py
Ari Hartikainen,2020-09-23 16:15:29+03:00,arviz/plots/separationplot.py
Ari Hartikainen,2020-09-23 16:15:29+03:00,arviz/static/css/style.css
Ari Hartikainen,2020-09-23 16:15:29+03:00,arviz/static/html/icons-svg-inline.html
Ari Hartikainen,2020-09-23 16:15:29+03:00,arviz/tests/external_tests/test_data_pyjags.py
Ari Hartikainen,2020-09-23 16:15:29+03:00,arviz/utils.py
Ari Hartikainen,2020-09-23 16:15:29+03:00,requirements.txt
Ari Hartikainen,2020-09-23 16:15:59+03:00,.azure-pipelines/azure-pipelines-base.yml
Ari Hartikainen,2020-09-23 16:15:59+03:00,codecov.yml
Piyush Gautam,2020-09-23 18:38:35+03:00,CHANGELOG.md
Piyush Gautam,2020-09-23 18:38:35+03:00,arviz/data/inference_data.py
Piyush Gautam,2020-09-23 18:38:35+03:00,arviz/tests/base_tests/test_data.py
Osvaldo Martin,2020-09-23 18:19:31-03:00,CHANGELOG.md
Osvaldo Martin,2020-09-23 18:19:31-03:00,arviz/plots/backends/bokeh/bpvplot.py
Osvaldo Martin,2020-09-23 18:19:31-03:00,arviz/plots/backends/matplotlib/bpvplot.py
Osvaldo Martin,2020-09-23 18:19:31-03:00,arviz/plots/bpvplot.py
Osvaldo Martin,2020-09-23 18:19:31-03:00,arviz/tests/base_tests/test_plots_bokeh.py
Osvaldo Martin,2020-09-23 18:19:31-03:00,arviz/tests/base_tests/test_plots_matplotlib.py
Oriol Abril-Pla,2020-09-24 00:57:47+02:00,CHANGELOG.md
Oriol Abril-Pla,2020-09-24 00:57:47+02:00,arviz/__init__.py
Predrag Gruevski,2020-09-27 16:13:17+03:00,arviz/data/io_numpyro.py
Predrag Gruevski,2020-09-27 16:13:17+03:00,arviz/data/io_pyro.py
Predrag Gruevski,2020-09-27 16:13:17+03:00,arviz/stats/stats.py
Predrag Gruevski,2020-09-28 14:02:06+03:00,arviz/tests/base_tests/test_diagnostics_numba.py
Predrag Gruevski,2020-09-28 14:02:06+03:00,arviz/tests/base_tests/test_plot_utils.py
Predrag Gruevski,2020-09-28 14:02:06+03:00,arviz/tests/base_tests/test_stats_numba.py
Predrag Gruevski,2020-09-28 14:02:06+03:00,arviz/tests/base_tests/test_utils_numba.py
Ari Hartikainen,2020-09-28 14:02:41+03:00,CHANGELOG.md
Ari Hartikainen,2020-09-28 14:02:41+03:00,arviz/data/base.py
Ari Hartikainen,2020-09-28 14:02:41+03:00,arviz/data/inference_data.py
Ari Hartikainen,2020-09-28 14:02:41+03:00,arviz/tests/base_tests/test_data.py
Ravin Kumar,2020-10-01 16:20:02+02:00,GOVERNANCE.md
Seth Axen,2020-10-01 21:29:05+03:00,arviz/plots/backends/bokeh/densityplot.py
Seth Axen,2020-10-01 21:29:05+03:00,arviz/tests/base_tests/test_plots_bokeh.py
Seth Axen,2020-10-05 07:50:02-04:00,CHANGELOG.md
Seth Axen,2020-10-05 07:50:02-04:00,arviz/static/css/style.css
Seth Axen,2020-10-05 07:50:02-04:00,arviz/utils.py
Ari Hartikainen,2020-10-05 17:56:33+03:00,CHANGELOG.md
Ari Hartikainen,2020-10-05 17:56:33+03:00,arviz/data/io_cmdstanpy.py
Oriol Abril-Pla,2020-10-05 20:39:48+02:00,CHANGELOG.md
Oriol Abril-Pla,2020-10-05 20:39:48+02:00,arviz/stats/stats.py
Ari Hartikainen,2020-10-05 22:10:22+03:00,CHANGELOG.md
Ari Hartikainen,2020-10-05 22:10:22+03:00,arviz/stats/stats.py
Ari Hartikainen,2020-10-05 22:10:22+03:00,arviz/tests/base_tests/test_stats.py
Abhisht Singh,2020-10-05 23:16:35+03:00,CHANGELOG.md
Abhisht Singh,2020-10-05 23:16:35+03:00,arviz/plots/hdiplot.py
Abhisht Singh,2020-10-05 23:16:35+03:00,arviz/stats/stats.py
Nitish Pasricha,2020-10-06 01:02:32+03:00,arviz/__init__.py
Nitish Pasricha,2020-10-06 01:02:32+03:00,arviz/stats/diagnostics.py
Nitish Pasricha,2020-10-06 01:02:32+03:00,arviz/stats/stats.py
Nitish Pasricha,2020-10-06 01:02:32+03:00,arviz/stats/stats_utils.py
Nitish Pasricha,2020-10-06 01:02:32+03:00,arviz/utils.py
Nitish Pasricha,2020-10-06 01:02:32+03:00,doc/api.rst
Nitish Pasricha,2020-10-06 01:02:32+03:00,requirements-optional.txt
Joan,2020-10-12 08:12:11-03:00,CHANGELOG.md
Joan,2020-10-12 08:12:11-03:00,arviz/plots/distplot.py
Ari Hartikainen,2020-10-14 22:13:05+03:00,CHANGELOG.md
Ari Hartikainen,2020-10-14 22:13:05+03:00,arviz/data/io_cmdstanpy.py
Ari Hartikainen,2020-10-14 22:13:05+03:00,arviz/tests/external_tests/test_data_cmdstanpy.py
Ari Hartikainen,2020-10-14 22:13:05+03:00,arviz/tests/saved_models/cmdstanpy/cmdstanpy_eight_schools-1.csv
Ari Hartikainen,2020-10-14 22:13:05+03:00,arviz/tests/saved_models/cmdstanpy/cmdstanpy_eight_schools-2.csv
Ari Hartikainen,2020-10-14 22:13:05+03:00,arviz/tests/saved_models/cmdstanpy/cmdstanpy_eight_schools-3.csv
Ari Hartikainen,2020-10-14 22:13:05+03:00,arviz/tests/saved_models/cmdstanpy/cmdstanpy_eight_schools-4.csv
Ari Hartikainen,2020-10-14 22:13:05+03:00,arviz/tests/saved_models/cmdstanpy/cmdstanpy_eight_schools_nowarmup-1.csv
Ari Hartikainen,2020-10-14 22:13:05+03:00,arviz/tests/saved_models/cmdstanpy/cmdstanpy_eight_schools_nowarmup-2.csv
Ari Hartikainen,2020-10-14 22:13:05+03:00,arviz/tests/saved_models/cmdstanpy/cmdstanpy_eight_schools_nowarmup-3.csv
Ari Hartikainen,2020-10-14 22:13:05+03:00,arviz/tests/saved_models/cmdstanpy/cmdstanpy_eight_schools_nowarmup-4.csv
Ari Hartikainen,2020-10-14 22:13:05+03:00,arviz/tests/saved_models/cmdstanpy/cmdstanpy_eight_schools_warmup-1.csv
Ari Hartikainen,2020-10-14 22:13:05+03:00,arviz/tests/saved_models/cmdstanpy/cmdstanpy_eight_schools_warmup-2.csv
Ari Hartikainen,2020-10-14 22:13:05+03:00,arviz/tests/saved_models/cmdstanpy/cmdstanpy_eight_schools_warmup-3.csv
Ari Hartikainen,2020-10-14 22:13:05+03:00,arviz/tests/saved_models/cmdstanpy/cmdstanpy_eight_schools_warmup-4.csv
Osvaldo Martin,2020-10-15 08:29:01-03:00,arviz/stats/density_utils.py
Oriol Abril-Pla,2020-10-15 16:30:49+02:00,CHANGELOG.md
Oriol Abril-Pla,2020-10-15 16:30:49+02:00,arviz/stats/stats.py
Oriol Abril-Pla,2020-10-15 16:30:49+02:00,arviz/tests/base_tests/test_stats.py
Oriol Abril-Pla,2020-10-15 22:29:46+02:00,CHANGELOG.md
Oriol Abril-Pla,2020-10-15 22:29:46+02:00,arviz/data/io_pystan.py
Oriol Abril-Pla,2020-10-15 18:12:44-03:00,.azure-pipelines/azure-pipelines-docs.yml
Oriol Abril-Pla,2020-10-15 18:12:44-03:00,.gitignore
Oriol Abril-Pla,2020-10-15 18:12:44-03:00,CHANGELOG.md
Oriol Abril-Pla,2020-10-15 18:12:44-03:00,CONTRIBUTING.md
Oriol Abril-Pla,2020-10-15 18:12:44-03:00,arviz/__init__.py
Oriol Abril-Pla,2020-10-15 18:12:44-03:00,arviz/data/converters.py
Oriol Abril-Pla,2020-10-15 18:12:44-03:00,arviz/data/inference_data.py
Oriol Abril-Pla,2020-10-15 18:12:44-03:00,arviz/data/io_cmdstan.py
Oriol Abril-Pla,2020-10-15 18:12:44-03:00,arviz/data/io_cmdstanpy.py
Oriol Abril-Pla,2020-10-15 18:12:44-03:00,arviz/data/io_dict.py
Oriol Abril-Pla,2020-10-15 18:12:44-03:00,arviz/data/io_numpyro.py
Oriol Abril-Pla,2020-10-15 18:12:44-03:00,arviz/data/io_pyjags.py
Oriol Abril-Pla,2020-10-15 18:12:44-03:00,arviz/data/io_pymc3.py
Oriol Abril-Pla,2020-10-15 18:12:44-03:00,arviz/data/io_pyro.py
Oriol Abril-Pla,2020-10-15 18:12:44-03:00,arviz/data/io_pystan.py
Oriol Abril-Pla,2020-10-15 18:12:44-03:00,arviz/plots/backends/__init__.py
Oriol Abril-Pla,2020-10-15 18:12:44-03:00,arviz/plots/ppcplot.py
Oriol Abril-Pla,2020-10-15 18:12:44-03:00,arviz/stats/stats.py
Oriol Abril-Pla,2020-10-15 18:12:44-03:00,arviz/wrappers/wrap_pystan.py
Oriol Abril-Pla,2020-10-15 18:12:44-03:00,doc/Makefile
Oriol Abril-Pla,2020-10-15 18:12:44-03:00,doc/_templates/globaltoc.html
Oriol Abril-Pla,2020-10-15 18:12:44-03:00,doc/_templates/layout.html
Oriol Abril-Pla,2020-10-15 18:12:44-03:00,doc/_templates/navbar.html
Oriol Abril-Pla,2020-10-15 18:12:44-03:00,doc/api.rst
Oriol Abril-Pla,2020-10-15 18:12:44-03:00,doc/logo_placeholder.png
Oriol Abril-Pla,2020-10-15 18:12:44-03:00,doc/source/_static/GitHub-Mark-32px.png
Oriol Abril-Pla,2020-10-15 18:12:44-03:00,doc/source/_static/custom.css
Oriol Abril-Pla,2020-10-15 18:12:44-03:00,doc/source/_static/favicon.ico
Oriol Abril-Pla,2020-10-15 18:12:44-03:00,doc/source/_static/logo.png
Oriol Abril-Pla,2020-10-15 18:12:44-03:00,doc/source/about.rst
Oriol Abril-Pla,2020-10-15 18:12:44-03:00,doc/source/api/data.rst
Oriol Abril-Pla,2020-10-15 18:12:44-03:00,doc/source/api/diagnostics.rst
Oriol Abril-Pla,2020-10-15 18:12:44-03:00,doc/source/api/index.rst
Oriol Abril-Pla,2020-10-15 18:12:44-03:00,doc/source/api/inference_data.rst
Oriol Abril-Pla,2020-10-15 18:12:44-03:00,doc/source/api/plots.rst
Oriol Abril-Pla,2020-10-15 18:12:44-03:00,doc/source/api/rcparams.rst
Oriol Abril-Pla,2020-10-15 18:12:44-03:00,doc/source/api/stats.rst
Oriol Abril-Pla,2020-10-15 18:12:44-03:00,doc/source/api/stats_refitting.rst
Oriol Abril-Pla,2020-10-15 18:12:44-03:00,doc/source/api/stats_utils.rst
Oriol Abril-Pla,2020-10-15 18:12:44-03:00,doc/source/api/utils.rst
Oriol Abril-Pla,2020-10-15 18:12:44-03:00,doc/source/api/wrappers.rst
Oriol Abril-Pla,2020-10-15 18:12:44-03:00,doc/source/conf.py
Oriol Abril-Pla,2020-10-15 18:12:44-03:00,doc/source/contributing/contributing.md
Oriol Abril-Pla,2020-10-15 18:12:44-03:00,doc/source/contributing/developer_guide.rst
Oriol Abril-Pla,2020-10-15 18:12:44-03:00,doc/source/contributing/index.md
Oriol Abril-Pla,2020-10-15 18:12:44-03:00,doc/source/getting_started/InferenceDataCookbook.ipynb
Oriol Abril-Pla,2020-10-15 18:12:44-03:00,doc/source/getting_started/InferenceDataStructure.png
Oriol Abril-Pla,2020-10-15 18:12:44-03:00,doc/source/getting_started/Introduction.ipynb
Oriol Abril-Pla,2020-10-15 18:12:44-03:00,doc/source/getting_started/XarrayforArviZ.ipynb
Oriol Abril-Pla,2020-10-15 18:12:44-03:00,doc/source/getting_started/index.md
Oriol Abril-Pla,2020-10-15 18:12:44-03:00,doc/source/index.rst
Oriol Abril-Pla,2020-10-15 18:12:44-03:00,doc/source/schema/PyMC3_schema_example.ipynb
Oriol Abril-Pla,2020-10-15 18:12:44-03:00,doc/source/schema/PyStan_schema_example.ipynb
Oriol Abril-Pla,2020-10-15 18:12:44-03:00,doc/source/schema/linear_regression_data.csv
Oriol Abril-Pla,2020-10-15 18:12:44-03:00,doc/source/schema/schema.md
Oriol Abril-Pla,2020-10-15 18:12:44-03:00,doc/source/usage.rst
Oriol Abril-Pla,2020-10-15 18:12:44-03:00,doc/source/user_guide/Numba.ipynb
Oriol Abril-Pla,2020-10-15 18:12:44-03:00,doc/source/user_guide/computation.md
Oriol Abril-Pla,2020-10-15 18:12:44-03:00,doc/source/user_guide/data_structures.md
Oriol Abril-Pla,2020-10-15 18:12:44-03:00,doc/source/user_guide/index.rst
Oriol Abril-Pla,2020-10-15 18:12:44-03:00,doc/source/user_guide/pystan_refitting.ipynb
Oriol Abril-Pla,2020-10-15 18:12:44-03:00,doc/source/user_guide/sampling_wrappers.md
Oriol Abril-Pla,2020-10-15 18:12:44-03:00,doc/sphinxext/gallery_generator.py
Oriol Abril-Pla,2020-10-15 18:12:44-03:00,examples/bokeh/bokeh_plot_parallel_minmax.py
Oriol Abril-Pla,2020-10-15 18:12:44-03:00,examples/bokeh/bokeh_plot_parallel_normal.py
Oriol Abril-Pla,2020-10-15 18:12:44-03:00,examples/bokeh/bokeh_plot_separation.py
Oriol Abril-Pla,2020-10-15 18:12:44-03:00,examples/matplotlib/mpl_plot_parallel_minmax.py
Oriol Abril-Pla,2020-10-15 18:12:44-03:00,examples/matplotlib/mpl_plot_parallel_normal.py
Oriol Abril-Pla,2020-10-15 18:12:44-03:00,examples/matplotlib/mpl_plot_separation.py
Oriol Abril-Pla,2020-10-15 18:12:44-03:00,examples/matplotlib/mpl_plot_trace_circ.py
Oriol Abril-Pla,2020-10-15 18:12:44-03:00,requirements-docs.txt
Oriol Abril-Pla,2020-10-16 18:15:29+02:00,doc/_templates/404.html
Oriol Abril-Pla,2020-10-16 18:15:29+02:00,doc/source/_static/404.png
Oriol Abril-Pla,2020-10-16 18:15:29+02:00,doc/source/conf.py
Osvaldo Martin,2020-10-19 13:00:56-03:00,CHANGELOG.md
Osvaldo Martin,2020-10-19 13:00:56-03:00,arviz/plots/backends/bokeh/ppcplot.py
Osvaldo Martin,2020-10-19 13:00:56-03:00,arviz/plots/backends/matplotlib/ppcplot.py
Osvaldo Martin,2020-10-19 13:00:56-03:00,arviz/plots/ppcplot.py
Osvaldo Martin,2020-10-19 13:00:56-03:00,arviz/tests/base_tests/test_plots_bokeh.py
Osvaldo Martin,2020-10-19 13:00:56-03:00,arviz/tests/base_tests/test_plots_matplotlib.py
Osvaldo Martin,2020-10-19 13:09:58-03:00,CHANGELOG.md
Osvaldo Martin,2020-10-19 13:09:58-03:00,arviz/plots/backends/bokeh/violinplot.py
Osvaldo Martin,2020-10-19 13:09:58-03:00,arviz/plots/backends/matplotlib/violinplot.py
Oriol Abril-Pla,2020-10-19 21:11:52+02:00,CONTRIBUTING.md
Oriol Abril-Pla,2020-10-19 21:11:52+02:00,README.md
Oriol Abril-Pla,2020-10-19 21:11:52+02:00,doc/source/conf.py
Oriol Abril-Pla,2020-10-19 21:11:52+02:00,requirements-docs.txt
Osvaldo Martin,2020-10-23 11:34:18-03:00,CHANGELOG.md
Osvaldo Martin,2020-10-23 11:34:18-03:00,arviz/plots/backends/bokeh/rankplot.py
Osvaldo Martin,2020-10-23 11:34:18-03:00,arviz/plots/backends/matplotlib/rankplot.py
Osvaldo Martin,2020-10-23 11:34:18-03:00,arviz/plots/rankplot.py
Osvaldo Martin,2020-10-23 11:34:18-03:00,arviz/tests/base_tests/test_plots_bokeh.py
Osvaldo Martin,2020-10-23 11:34:18-03:00,arviz/tests/base_tests/test_plots_matplotlib.py
Agustina Arroyuelo,2020-10-23 11:35:35-03:00,CHANGELOG.md
Agustina Arroyuelo,2020-10-23 11:35:35-03:00,arviz/plots/backends/matplotlib/kdeplot.py
Agustina Arroyuelo,2020-10-23 11:35:35-03:00,arviz/plots/backends/matplotlib/traceplot.py
Agustina Arroyuelo,2020-10-23 11:35:35-03:00,arviz/tests/base_tests/test_plots_matplotlib.py
Oriol Abril-Pla,2020-10-26 13:09:07+01:00,CHANGELOG.md
Oriol Abril-Pla,2020-10-26 13:09:07+01:00,arviz/data/base.py
Oriol Abril-Pla,2020-10-26 13:09:07+01:00,arviz/data/io_cmdstan.py
Oriol Abril-Pla,2020-10-26 13:09:07+01:00,arviz/data/io_cmdstanpy.py
Oriol Abril-Pla,2020-10-26 13:09:07+01:00,arviz/data/io_dict.py
Oriol Abril-Pla,2020-10-26 13:09:07+01:00,arviz/data/io_numpyro.py
Oriol Abril-Pla,2020-10-26 13:09:07+01:00,arviz/data/io_pymc3.py
Oriol Abril-Pla,2020-10-26 13:09:07+01:00,arviz/data/io_pyro.py
Oriol Abril-Pla,2020-10-26 13:09:07+01:00,arviz/data/io_pystan.py
Oriol Abril-Pla,2020-10-26 13:09:07+01:00,arviz/tests/base_tests/test_data.py
Oriol Abril-Pla,2020-10-26 13:09:07+01:00,arviz/tests/external_tests/test_data_pymc.py
Ari,2020-11-01 21:14:02-08:00,CONTRIBUTING.md
Ari,2020-11-01 21:14:02-08:00,scripts/container.sh
Osvaldo Martin,2020-11-03 10:45:49-03:00,CHANGELOG.md
Osvaldo Martin,2020-11-03 10:45:49-03:00,arviz/plots/backends/bokeh/pairplot.py
Osvaldo Martin,2020-11-03 10:45:49-03:00,arviz/plots/backends/matplotlib/pairplot.py
Osvaldo Martin,2020-11-03 10:45:49-03:00,arviz/plots/pairplot.py
Osvaldo Martin,2020-11-04 08:30:55-03:00,CHANGELOG.md
Osvaldo Martin,2020-11-04 08:30:55-03:00,arviz/plots/backends/bokeh/compareplot.py
Osvaldo Martin,2020-11-04 08:30:55-03:00,arviz/plots/backends/matplotlib/compareplot.py
Osvaldo Martin,2020-11-04 08:30:55-03:00,arviz/tests/base_tests/test_plots_bokeh.py
Osvaldo Martin,2020-11-04 08:30:55-03:00,arviz/tests/base_tests/test_plots_matplotlib.py
Osvaldo Martin,2020-11-06 08:16:35-03:00,CHANGELOG.md
Osvaldo Martin,2020-11-06 08:16:35-03:00,arviz/plots/backends/bokeh/posteriorplot.py
Osvaldo Martin,2020-11-06 08:16:35-03:00,arviz/plots/backends/matplotlib/posteriorplot.py
Osvaldo Martin,2020-11-06 08:16:35-03:00,arviz/plots/plot_utils.py
Osvaldo Martin,2020-11-06 08:16:35-03:00,arviz/plots/posteriorplot.py
Osvaldo Martin,2020-11-06 08:16:35-03:00,arviz/stats/stats.py
Osvaldo Martin,2020-11-06 08:16:35-03:00,arviz/tests/base_tests/test_plots_bokeh.py
Osvaldo Martin,2020-11-06 08:16:35-03:00,arviz/tests/base_tests/test_plots_matplotlib.py
Osvaldo Martin,2020-11-06 08:16:51-03:00,arviz/stats/density_utils.py
Osvaldo Martin,2020-11-06 08:16:51-03:00,arviz/stats/diagnostics.py
Osvaldo Martin,2020-11-06 08:16:51-03:00,arviz/stats/stats.py
Osvaldo Martin,2020-11-06 08:16:51-03:00,arviz/stats/stats_refitting.py
Osvaldo Martin,2020-11-06 08:16:51-03:00,arviz/stats/stats_utils.py
Osvaldo Martin,2020-11-09 08:21:12-03:00,CHANGELOG.md
Osvaldo Martin,2020-11-09 08:21:12-03:00,arviz/stats/stats.py
Osvaldo Martin,2020-11-09 08:21:12-03:00,arviz/tests/base_tests/test_stats.py
Osvaldo Martin,2020-11-09 08:21:37-03:00,CHANGELOG.md
Osvaldo Martin,2020-11-09 08:21:37-03:00,arviz/plots/backends/bokeh/rankplot.py
Osvaldo Martin,2020-11-09 08:21:37-03:00,arviz/plots/backends/matplotlib/rankplot.py
Osvaldo Martin,2020-11-09 08:21:37-03:00,arviz/plots/plot_utils.py
Osvaldo Martin,2020-11-09 08:21:37-03:00,arviz/tests/base_tests/test_plot_utils.py
Osvaldo Martin,2020-11-18 09:43:02-03:00,CHANGELOG.md
Osvaldo Martin,2020-11-18 09:43:02-03:00,arviz/__init__.py
Osvaldo Martin,2020-11-18 09:43:02-03:00,arviz/stats/stats.py
Osvaldo Martin,2020-11-18 09:43:02-03:00,arviz/stats/stats_utils.py
Osvaldo Martin,2020-11-20 10:56:12-03:00,README.md
Osvaldo Martin,2020-11-20 10:56:12-03:00,doc/source/about.rst
Osvaldo Martin,2020-11-20 10:56:12-03:00,doc/source/index.rst
Osvaldo Martin,2020-11-20 11:00:02-03:00,arviz/plots/backends/bokeh/posteriorplot.py
Osvaldo Martin,2020-11-20 11:00:02-03:00,arviz/plots/backends/matplotlib/posteriorplot.py
Osvaldo Martin,2020-11-23 08:14:21-03:00,CHANGELOG.md
Osvaldo Martin,2020-11-23 08:14:21-03:00,arviz/stats/stats.py
Osvaldo Martin,2020-11-23 10:31:13-08:00,arvizrc.template
Osvaldo Martin,2020-11-23 10:31:13-08:00,doc/source/getting_started/Introduction.ipynb
Ravin Kumar,2020-12-01 09:11:10-03:00,arviz/data/datasets.py
Osvaldo Martin,2020-12-08 08:06:53-03:00,CHANGELOG.md
Osvaldo Martin,2020-12-08 08:06:53-03:00,arviz/plots/backends/matplotlib/distplot.py
Osvaldo Martin,2020-12-08 08:06:53-03:00,arviz/plots/backends/matplotlib/hdiplot.py
Osvaldo Martin,2020-12-08 08:06:53-03:00,arviz/plots/backends/matplotlib/kdeplot.py
Osvaldo Martin,2020-12-08 08:06:53-03:00,arviz/tests/base_tests/test_plots_matplotlib.py
Ari Hartikainen,2020-12-09 14:15:34+02:00,arviz/plots/backends/bokeh/violinplot.py
karink520,2020-12-10 10:50:50-03:00,doc/source/getting_started/Introduction.ipynb
karink520,2020-12-10 10:50:50-03:00,doc/source/usage.rst
Osvaldo Martin,2020-12-12 18:39:19-03:00,CHANGELOG.md
Osvaldo Martin,2020-12-12 18:39:19-03:00,arviz/plots/autocorrplot.py
Osvaldo Martin,2020-12-12 18:39:19-03:00,arviz/plots/bpvplot.py
Osvaldo Martin,2020-12-12 18:39:19-03:00,arviz/plots/densityplot.py
Osvaldo Martin,2020-12-12 18:39:19-03:00,arviz/plots/essplot.py
Osvaldo Martin,2020-12-12 18:39:19-03:00,arviz/plots/mcseplot.py
Osvaldo Martin,2020-12-12 18:39:19-03:00,arviz/plots/plot_utils.py
Osvaldo Martin,2020-12-12 18:39:19-03:00,arviz/plots/posteriorplot.py
Osvaldo Martin,2020-12-12 18:39:19-03:00,arviz/plots/ppcplot.py
Osvaldo Martin,2020-12-12 18:39:19-03:00,arviz/plots/rankplot.py
Osvaldo Martin,2020-12-12 18:39:19-03:00,arviz/plots/violinplot.py
Ravin Kumar,2020-12-12 15:25:41-08:00,.azure-pipelines/azure-pipelines-external.yml
Nicolas Legrand,2020-12-22 14:01:33-08:00,arviz/stats/density_utils.py
Nicolas Legrand,2020-12-22 14:01:33-08:00,arviz/tests/base_tests/test_plots_matplotlib.py
Ravin Kumar,2020-12-23 07:41:50-08:00,.azure-pipelines/azure-pipelines-base.yml
Ravin Kumar,2020-12-23 07:41:50-08:00,.azure-pipelines/azure-pipelines-external.yml
Ravin Kumar,2020-12-23 07:41:50-08:00,requirements-external.txt
Osvaldo Martin,2020-12-23 16:30:29-08:00,arviz/stats/stats.py
Justin-1993,2020-12-24 10:26:46+01:00,CHANGELOG.md
Justin-1993,2020-12-24 10:26:46+01:00,arviz/plots/traceplot.py
Osvaldo Martin,2020-12-25 11:48:45-03:00,CHANGELOG.md
Osvaldo Martin,2020-12-25 11:48:45-03:00,arviz/plots/elpdplot.py
Osvaldo Martin,2020-12-26 15:11:13-03:00,CHANGELOG.md
Osvaldo Martin,2020-12-26 15:11:13-03:00,arviz/plots/backends/bokeh/traceplot.py
Osvaldo Martin,2020-12-26 15:11:13-03:00,arviz/plots/backends/matplotlib/traceplot.py
Osvaldo Martin,2020-12-27 10:36:48-03:00,arviz/plots/backends/bokeh/loopitplot.py
Osvaldo Martin,2020-12-27 10:36:48-03:00,arviz/plots/backends/matplotlib/loopitplot.py
Ravin Kumar,2020-12-27 20:40:46-08:00,CONTRIBUTING.md
Osvaldo Martin,2020-12-28 08:45:06-03:00,CHANGELOG.md
Osvaldo Martin,2020-12-28 08:45:06-03:00,arviz/plots/backends/bokeh/khatplot.py
Osvaldo Martin,2020-12-28 08:45:06-03:00,arviz/plots/backends/matplotlib/khatplot.py
Osvaldo Martin,2020-12-28 08:45:06-03:00,arviz/plots/khatplot.py
Osvaldo Martin,2020-12-28 08:45:06-03:00,arviz/tests/base_tests/test_plots_bokeh.py
Osvaldo Martin,2020-12-28 08:45:06-03:00,arviz/tests/base_tests/test_plots_matplotlib.py
Oriol Abril-Pla,2021-01-10 00:42:15+01:00,arviz/data/inference_data.py
Oriol Abril-Pla,2021-01-10 00:42:15+01:00,doc/source/conf.py
Oriol Abril-Pla,2021-01-10 00:42:15+01:00,doc/source/contributing/developer_guide.rst
Predrag Gruevski,2021-01-10 02:05:28+01:00,arviz/data/base.py
Predrag Gruevski,2021-01-10 02:05:28+01:00,arviz/data/inference_data.py
Predrag Gruevski,2021-01-10 02:05:28+01:00,arviz/data/io_json.py
Predrag Gruevski,2021-01-10 02:05:28+01:00,arviz/data/io_pystan.py
Predrag Gruevski,2021-01-10 02:05:28+01:00,arviz/tests/helpers.py
Predrag Gruevski,2021-01-11 00:33:35+01:00,arviz/stats/stats.py
Predrag Gruevski,2021-01-11 00:33:35+01:00,arviz/tests/base_tests/test_stats.py
Predrag Gruevski,2021-01-13 17:52:12+01:00,arviz/rcparams.py
Oriol Abril-Pla,2021-01-13 17:57:20+01:00,CHANGELOG.md
Oriol Abril-Pla,2021-01-13 17:57:20+01:00,arviz/wrappers/base.py
Oriol Abril-Pla,2021-01-13 17:57:20+01:00,doc/source/user_guide/index.rst
Oriol Abril-Pla,2021-01-13 17:57:20+01:00,doc/source/user_guide/numpyro_refitting.ipynb
Oriol Abril-Pla,2021-01-13 17:57:20+01:00,doc/source/user_guide/numpyro_refitting_xr_lik.ipynb
Oriol Abril-Pla,2021-01-13 17:57:20+01:00,doc/source/user_guide/pymc3_refitting.ipynb
Oriol Abril-Pla,2021-01-13 17:57:20+01:00,doc/source/user_guide/pymc3_refitting_xr_lik.ipynb
Oriol Abril-Pla,2021-01-13 17:57:20+01:00,doc/source/user_guide/pystan_refitting.ipynb
Oriol Abril-Pla,2021-01-13 17:57:20+01:00,doc/source/user_guide/pystan_refitting_xr_lik.ipynb
Oriol Abril-Pla,2021-01-13 17:57:20+01:00,doc/source/user_guide/sampling_wrappers.md
Oriol Abril-Pla,2021-01-15 14:11:01+01:00,arviz/data/io_pymc3.py
Oriol Abril-Pla,2021-01-15 14:11:01+01:00,arviz/tests/external_tests/test_data_pymc.py
Piyush Gautam,2021-01-16 02:28:58+01:00,CHANGELOG.md
Piyush Gautam,2021-01-16 02:28:58+01:00,arviz/data/base.py
Piyush Gautam,2021-01-16 02:28:58+01:00,arviz/data/inference_data.py
Nitish Pasricha,2021-01-16 02:36:56+01:00,CHANGELOG.md
Nitish Pasricha,2021-01-16 02:36:56+01:00,doc/source/schema/schema.md
rpgoldman,2021-01-16 03:22:55+01:00,CHANGELOG.md
rpgoldman,2021-01-16 03:22:55+01:00,arviz/plots/khatplot.py
rpgoldman,2021-01-16 03:22:55+01:00,arviz/plots/separationplot.py
rpgoldman,2021-01-16 03:22:55+01:00,doc/sphinxext/gallery_generator.py
rpgoldman,2021-01-16 03:22:55+01:00,examples/bokeh/bokeh_plot_loo_pit_ecdf.py
rpgoldman,2021-01-16 03:22:55+01:00,examples/bokeh/bokeh_plot_loo_pit_overlay.py
rpgoldman,2021-01-16 03:22:55+01:00,examples/matplotlib/mpl_plot_autocorr.py
rpgoldman,2021-01-16 03:22:55+01:00,examples/matplotlib/mpl_plot_compare.py
rpgoldman,2021-01-16 03:22:55+01:00,examples/matplotlib/mpl_plot_density.py
rpgoldman,2021-01-16 03:22:55+01:00,examples/matplotlib/mpl_plot_dist.py
rpgoldman,2021-01-16 03:22:55+01:00,examples/matplotlib/mpl_plot_energy.py
rpgoldman,2021-01-16 03:22:55+01:00,examples/matplotlib/mpl_plot_ess_evolution.py
rpgoldman,2021-01-16 03:22:55+01:00,examples/matplotlib/mpl_plot_ess_local.py
rpgoldman,2021-01-16 03:22:55+01:00,examples/matplotlib/mpl_plot_ess_quantile.py
rpgoldman,2021-01-16 03:22:55+01:00,examples/matplotlib/mpl_plot_forest.py
rpgoldman,2021-01-16 03:22:55+01:00,examples/matplotlib/mpl_plot_forest_ridge.py
rpgoldman,2021-01-16 03:22:55+01:00,examples/matplotlib/mpl_plot_joint.py
rpgoldman,2021-01-16 03:22:55+01:00,examples/matplotlib/mpl_plot_kde.py
rpgoldman,2021-01-16 03:22:55+01:00,examples/matplotlib/mpl_plot_kde_2d.py
rpgoldman,2021-01-16 03:22:55+01:00,examples/matplotlib/mpl_plot_kde_quantiles.py
rpgoldman,2021-01-16 03:22:55+01:00,examples/matplotlib/mpl_plot_khat.py
rpgoldman,2021-01-16 03:22:55+01:00,examples/matplotlib/mpl_plot_loo_pit_ecdf.py
rpgoldman,2021-01-16 03:22:55+01:00,examples/matplotlib/mpl_plot_loo_pit_overlay.py
rpgoldman,2021-01-16 03:22:55+01:00,examples/matplotlib/mpl_plot_mcse.py
rpgoldman,2021-01-16 03:22:55+01:00,examples/matplotlib/mpl_plot_mcse_errorbar.py
rpgoldman,2021-01-16 03:22:55+01:00,examples/matplotlib/mpl_plot_pair.py
rpgoldman,2021-01-16 03:22:55+01:00,examples/matplotlib/mpl_plot_pair_hex.py
rpgoldman,2021-01-16 03:22:55+01:00,examples/matplotlib/mpl_plot_pair_kde.py
rpgoldman,2021-01-16 03:22:55+01:00,examples/matplotlib/mpl_plot_pair_point_estimate.py
rpgoldman,2021-01-16 03:22:55+01:00,examples/matplotlib/mpl_plot_parallel.py
rpgoldman,2021-01-16 03:22:55+01:00,examples/matplotlib/mpl_plot_parallel_minmax.py
rpgoldman,2021-01-16 03:22:55+01:00,examples/matplotlib/mpl_plot_parallel_normal.py
rpgoldman,2021-01-16 03:22:55+01:00,examples/matplotlib/mpl_plot_posterior.py
rpgoldman,2021-01-16 03:22:55+01:00,examples/matplotlib/mpl_plot_ppc.py
rpgoldman,2021-01-16 03:22:55+01:00,examples/matplotlib/mpl_plot_ppc_cumulative.py
rpgoldman,2021-01-16 03:22:55+01:00,examples/matplotlib/mpl_plot_rank.py
rpgoldman,2021-01-16 03:22:55+01:00,examples/matplotlib/mpl_plot_separation.py
rpgoldman,2021-01-16 03:22:55+01:00,examples/matplotlib/mpl_plot_trace.py
rpgoldman,2021-01-16 03:22:55+01:00,examples/matplotlib/mpl_plot_trace_bars.py
rpgoldman,2021-01-16 03:22:55+01:00,examples/matplotlib/mpl_plot_trace_vlines.py
rpgoldman,2021-01-16 03:22:55+01:00,examples/matplotlib/mpl_plot_violin.py
rpgoldman,2021-01-16 03:22:55+01:00,examples/matplotlib/mpl_styles.py
Predrag Gruevski,2021-01-16 03:23:51+01:00,arviz/data/inference_data.py
Predrag Gruevski,2021-01-16 03:23:51+01:00,arviz/data/inference_data.pyi
Predrag Gruevski,2021-01-16 03:23:51+01:00,requirements.txt
Predrag Gruevski,2021-01-16 03:24:18+01:00,arviz/plots/traceplot.py
Osvaldo Martin,2021-01-16 11:16:29-03:00,arviz/plots/backends/bokeh/bpvplot.py
Osvaldo Martin,2021-01-16 11:16:29-03:00,arviz/plots/backends/matplotlib/bpvplot.py
Osvaldo Martin,2021-01-16 11:16:29-03:00,arviz/stats/stats.py
Osvaldo Martin,2021-01-16 11:16:29-03:00,arviz/stats/stats_utils.py
rpgoldman,2021-01-16 13:08:16-03:00,CHANGELOG.md
rpgoldman,2021-01-16 13:08:16-03:00,arviz/data/inference_data.py
Oriol Abril-Pla,2021-01-17 23:54:32+01:00,CHANGELOG.md
Oriol Abril-Pla,2021-01-17 23:54:32+01:00,arviz/__init__.py
Oriol Abril-Pla,2021-01-17 23:54:32+01:00,arviz/data/inference_data.py
Oriol Abril-Pla,2021-01-17 23:54:32+01:00,examples/matplotlib/mpl_plot_violin.py
Predrag Gruevski,2021-01-19 22:49:48-05:00,arviz/data/inference_data.py
Predrag Gruevski,2021-01-19 22:55:42-05:00,arviz/plots/traceplot.py
Ravin Kumar,2021-01-19 23:00:12-05:00,arviz/plots/traceplot.py
Oriol Abril-Pla,2021-01-20 16:22:26+01:00,.azure-pipelines/azure-pipelines-docs.yml
Colin,2021-01-20 17:00:09+01:00,requirements-docs.txt
Colin,2021-01-20 17:00:29+01:00,.azure-pipelines/azure-pipelines-docs.yml
Predrag Gruevski,2021-01-20 19:31:21+01:00,arviz/data/io_pyjags.py
Oriol Abril-Pla,2021-01-21 19:06:33+01:00,requirements-docs.txt
Osvaldo Martin,2021-01-22 06:54:41-03:00,arviz/data/io_cmdstan.py
Osvaldo Martin,2021-01-22 06:54:41-03:00,arviz/data/io_cmdstanpy.py
Osvaldo Martin,2021-01-22 06:54:41-03:00,arviz/data/io_dict.py
Osvaldo Martin,2021-01-22 06:54:41-03:00,arviz/data/io_emcee.py
Osvaldo Martin,2021-01-22 06:54:41-03:00,arviz/data/io_numpyro.py
Osvaldo Martin,2021-01-22 06:54:41-03:00,arviz/data/io_pyjags.py
Osvaldo Martin,2021-01-22 06:54:41-03:00,arviz/data/io_pymc3.py
Osvaldo Martin,2021-01-22 06:54:41-03:00,arviz/data/io_pyro.py
Osvaldo Martin,2021-01-22 06:54:41-03:00,arviz/data/io_pystan.py
Osvaldo Martin,2021-01-22 06:54:41-03:00,doc/source/getting_started/CreatingInferenceData.ipynb
Osvaldo Martin,2021-01-22 06:54:41-03:00,doc/source/getting_started/WorkingWithInferenceData.ipynb
Osvaldo Martin,2021-01-22 06:54:41-03:00,doc/source/getting_started/index.md
alex-ivanoff,2021-01-22 12:01:35-03:00,arviz/plots/pairplot.py
alex-ivanoff,2021-01-22 12:01:35-03:00,arviz/plots/parallelplot.py
Oriol Abril-Pla,2021-01-23 09:21:48+01:00,doc/source/about.rst
Oriol Abril-Pla,2021-01-23 09:21:48+01:00,doc/source/usage.rst
Agustina Arroyuelo,2021-01-23 09:22:04+01:00,CHANGELOG.md
Agustina Arroyuelo,2021-01-23 09:22:04+01:00,arviz/plots/backends/matplotlib/kdeplot.py
Agustina Arroyuelo,2021-01-23 09:22:04+01:00,arviz/plots/backends/matplotlib/traceplot.py
Oriol Abril-Pla,2021-01-27 22:33:39+01:00,.azure-pipelines/azure-pipelines-docs.yml
Oriol Abril-Pla,2021-01-27 22:33:39+01:00,.github/PULL_REQUEST_TEMPLATE.md
Oriol Abril-Pla,2021-01-27 22:33:39+01:00,.github/PULL_REQUEST_TEMPLATE/bug-fix.md
Oriol Abril-Pla,2021-01-27 22:33:39+01:00,.github/PULL_REQUEST_TEMPLATE/documentation.md
Oriol Abril-Pla,2021-01-27 22:33:39+01:00,.github/PULL_REQUEST_TEMPLATE/new-feature.md
Oriol Abril-Pla,2021-01-27 22:33:39+01:00,CHANGELOG.md
Oriol Abril-Pla,2021-01-27 22:33:39+01:00,CONTRIBUTING.md
Oriol Abril-Pla,2021-01-27 22:33:39+01:00,GOVERNANCE.md
Oriol Abril-Pla,2021-01-27 22:33:39+01:00,README.md
Oriol Abril-Pla,2021-01-27 22:33:39+01:00,asv_benchmarks/asv.conf.json
Oriol Abril-Pla,2021-01-27 22:33:39+01:00,azure-pipelines.yml
Oriol Abril-Pla,2021-01-27 22:33:39+01:00,codecov.yml
Oriol Abril-Pla,2021-01-27 22:33:39+01:00,doc/source/about.rst
Oriol Abril-Pla,2021-01-27 22:33:39+01:00,doc/source/conf.py
Oriol Abril-Pla,2021-01-27 22:33:39+01:00,doc/source/contributing/developer_guide.rst
Oriol Abril-Pla,2021-01-27 22:33:39+01:00,doc/source/index.rst
Oriol Abril-Pla,2021-01-27 22:33:39+01:00,doc/source/usage.rst
Ari Hartikainen,2021-01-27 23:32:58+01:00,arviz/tests/helpers.py
Oriol Abril-Pla,2021-01-28 00:12:33+01:00,.azure-pipelines/azure-pipelines-docs.yml
Oriol Abril-Pla,2021-01-28 00:12:33+01:00,CHANGELOG.md
Oriol Abril-Pla,2021-01-28 00:12:33+01:00,doc/_templates/404.html
Oriol Abril-Pla,2021-01-28 00:12:33+01:00,doc/source/conf.py
Oriol Abril-Pla,2021-01-28 00:12:33+01:00,doc/source/index.rst
Oriol Abril-Pla,2021-01-28 00:12:33+01:00,doc/sphinxext/gallery_generator.py
Oriol Abril-Pla,2021-01-28 00:12:33+01:00,requirements-docs.txt
Chris Fonnesbeck,2021-01-29 21:36:51+01:00,CHANGELOG.md
Chris Fonnesbeck,2021-01-29 21:36:51+01:00,arviz/plots/backends/bokeh/forestplot.py
Chris Fonnesbeck,2021-01-29 21:36:51+01:00,arviz/plots/backends/matplotlib/forestplot.py
Ari Hartikainen,2021-02-06 10:24:49+02:00,arviz/tests/external_tests/test_data_pyjags.py
Oriol Abril-Pla,2021-02-06 11:55:01+01:00,CHANGELOG.md
Oriol Abril-Pla,2021-02-06 11:55:01+01:00,arviz/plots/pairplot.py
Oriol Abril-Pla,2021-02-06 17:32:41+01:00,CHANGELOG.md
Oriol Abril-Pla,2021-02-06 17:32:41+01:00,arviz/__init__.py
semohr,2021-02-06 17:36:06+01:00,CHANGELOG.md
semohr,2021-02-06 17:36:06+01:00,arviz/data/inference_data.py
semohr,2021-02-06 17:36:06+01:00,arviz/tests/base_tests/test_data.py
semohr,2021-02-06 17:36:06+01:00,arviz/tests/base_tests/test_data_zarr.py
semohr,2021-02-06 17:36:06+01:00,doc/source/api/inference_data.rst
semohr,2021-02-06 17:36:06+01:00,doc/source/conf.py
semohr,2021-02-06 17:36:06+01:00,requirements-optional.txt
Utkarsh Mahweshwari,2021-02-07 15:10:26+01:00,arviz/data/io_numpyro.py
Utkarsh Mahweshwari,2021-02-07 15:10:26+01:00,arviz/tests/external_tests/test_data_numpyro.py
Osvaldo Martin,2021-02-07 15:17:24+01:00,CHANGELOG.md
Osvaldo Martin,2021-02-07 15:17:24+01:00,arviz/plots/backends/bokeh/autocorrplot.py
Osvaldo Martin,2021-02-07 15:17:24+01:00,arviz/plots/backends/matplotlib/autocorrplot.py
Ravin Kumar,2021-02-07 19:46:42-05:00,README.md
Colin,2021-02-08 02:24:08+01:00,README.md
Colin,2021-02-08 02:24:08+01:00,doc/source/index.rst
Oriol Abril-Pla,2021-02-08 02:57:58+01:00,doc/source/conf.py
Oriol Abril-Pla,2021-02-08 02:57:58+01:00,requirements-docs.txt
Osvaldo Martin,2021-02-08 10:56:53+02:00,arviz/stats/diagnostics.py
Osvaldo Martin,2021-02-08 10:56:53+02:00,arviz/stats/stats.py
Osvaldo Martin,2021-02-08 10:56:53+02:00,arviz/tests/base_tests/test_diagnostics.py
Osvaldo Martin,2021-02-08 10:56:53+02:00,arviz/tests/base_tests/test_stats.py
Osvaldo Martin,2021-02-08 06:15:21-08:00,CHANGELOG.md
Osvaldo Martin,2021-02-08 06:15:21-08:00,arviz/stats/__init__.py
Osvaldo Martin,2021-02-08 06:15:21-08:00,arviz/stats/diagnostics.py
Osvaldo Martin,2021-02-08 06:15:21-08:00,arviz/tests/base_tests/test_diagnostics.py
Osvaldo Martin,2021-02-08 06:15:21-08:00,arviz/tests/base_tests/test_diagnostics_numba.py
Osvaldo Martin,2021-02-08 06:15:21-08:00,doc/source/api/diagnostics.rst
Osvaldo Martin,2021-02-08 06:15:21-08:00,doc/source/user_guide/Numba.ipynb
Utkarsh Mahweshwari,2021-02-09 19:01:55+01:00,CHANGELOG.md
Utkarsh Mahweshwari,2021-02-09 19:01:55+01:00,arviz/data/io_cmdstan.py
Osvaldo Martin,2021-02-10 18:05:49+01:00,CHANGELOG.md
Osvaldo Martin,2021-02-10 18:05:49+01:00,arviz/plots/plot_utils.py
Mitzi Morris,2021-02-14 05:43:51+01:00,arviz/data/io_cmdstanpy.py
Osvaldo Martin,2021-02-14 06:27:05+01:00,CHANGELOG.md
Osvaldo Martin,2021-02-14 06:27:05+01:00,arviz/plots/__init__.py
Osvaldo Martin,2021-02-14 06:27:05+01:00,arviz/plots/backends/bokeh/loopitplot.py
Osvaldo Martin,2021-02-14 06:27:05+01:00,arviz/plots/backends/matplotlib/loopitplot.py
Osvaldo Martin,2021-02-14 06:27:05+01:00,arviz/plots/densityplot.py
Osvaldo Martin,2021-02-14 06:27:05+01:00,arviz/plots/forestplot.py
Osvaldo Martin,2021-02-14 06:27:05+01:00,arviz/plots/hdiplot.py
Osvaldo Martin,2021-02-14 06:27:05+01:00,arviz/plots/loopitplot.py
Osvaldo Martin,2021-02-14 06:27:05+01:00,arviz/plots/posteriorplot.py
Osvaldo Martin,2021-02-14 06:27:05+01:00,arviz/plots/violinplot.py
Osvaldo Martin,2021-02-14 06:27:05+01:00,arviz/stats/__init__.py
Osvaldo Martin,2021-02-14 06:27:05+01:00,arviz/stats/stats.py
Osvaldo Martin,2021-02-14 06:27:05+01:00,arviz/tests/base_tests/test_plots_bokeh.py
Osvaldo Martin,2021-02-14 06:27:05+01:00,arviz/tests/base_tests/test_plots_matplotlib.py
Osvaldo Martin,2021-02-14 06:27:05+01:00,arviz/tests/base_tests/test_stats_numba.py
Osvaldo Martin,2021-02-14 06:27:05+01:00,arviz/utils.py
Osvaldo Martin,2021-02-14 06:27:05+01:00,doc/source/api/stats.rst
Brandon T. Willard,2021-02-14 06:27:54+01:00,arviz/data/io_pymc3.py
Madhu Charan,2021-02-14 06:28:47+01:00,CHANGELOG.md
Madhu Charan,2021-02-14 06:28:47+01:00,arviz/data/io_pymc3.py
Marco Gorelli,2021-02-14 19:32:59+01:00,CHANGELOG.md
Marco Gorelli,2021-02-14 19:32:59+01:00,arviz/plots/backends/matplotlib/ppcplot.py
Marco Gorelli,2021-02-14 19:32:59+01:00,arviz/tests/base_tests/test_plots_matplotlib.py
Rishabh Sanjay,2021-02-14 19:50:25+01:00,CHANGELOG.md
Rishabh Sanjay,2021-02-14 19:50:25+01:00,doc/source/getting_started/CreatingInferenceData.ipynb
Rishabh Sanjay,2021-02-15 23:23:05+01:00,CHANGELOG.md
Rishabh Sanjay,2021-02-15 23:23:05+01:00,arviz/plots/posteriorplot.py
Rishabh Sanjay,2021-02-15 23:23:05+01:00,doc/source/getting_started/CreatingInferenceData.ipynb
Utkarsh Mahweshwari,2021-02-15 23:27:37+01:00,CHANGELOG.md
Utkarsh Mahweshwari,2021-02-15 23:27:37+01:00,arviz/data/io_cmdstanpy.py
Mitzi Morris,2021-02-16 06:10:05+01:00,.pylintrc
Mitzi Morris,2021-02-16 06:10:05+01:00,arviz/data/io_cmdstanpy.py
Mitzi Morris,2021-02-16 06:10:05+01:00,arviz/tests/external_tests/test_data_cmdstanpy.py
Oriol Abril-Pla,2021-02-16 23:36:54+01:00,doc/source/conf.py
Mragank Shekhar,2021-02-18 12:44:09+01:00,CHANGELOG.md
Mragank Shekhar,2021-02-18 12:44:09+01:00,arviz/plots/backends/bokeh/posteriorplot.py
Mragank Shekhar,2021-02-18 12:44:09+01:00,arviz/plots/backends/matplotlib/posteriorplot.py
Ari Hartikainen,2021-02-18 14:38:54+02:00,CHANGELOG.md
Ari Hartikainen,2021-02-18 14:38:54+02:00,arviz/data/io_cmdstan.py
Ari Hartikainen,2021-02-18 14:38:54+02:00,arviz/tests/external_tests/test_data_cmdstan.py
Ari Hartikainen,2021-02-18 14:38:54+02:00,doc/source/conf.py
Oriol Abril-Pla,2021-02-21 20:12:04+01:00,.pylintrc
Oriol Abril-Pla,2021-02-21 20:12:04+01:00,CHANGELOG.md
Oriol Abril-Pla,2021-02-21 20:12:04+01:00,arviz/__init__.py
Oriol Abril-Pla,2021-02-21 20:12:04+01:00,arviz/tests/base_tests/test_plots_matplotlib.py
Oriol Abril-Pla,2021-02-21 23:59:37+01:00,.gitignore
Oriol Abril-Pla,2021-02-21 23:59:37+01:00,.projections.json
Oriol Abril-Pla,2021-02-21 23:59:37+01:00,CHANGELOG.md
Oriol Abril-Pla,2021-02-21 23:59:37+01:00,arviz/data/base.py
Oriol Abril-Pla,2021-02-21 23:59:37+01:00,arviz/data/io_cmdstan.py
Oriol Abril-Pla,2021-02-21 23:59:37+01:00,arviz/data/io_cmdstanpy.py
Oriol Abril-Pla,2021-02-21 23:59:37+01:00,arviz/data/io_dict.py
Oriol Abril-Pla,2021-02-21 23:59:37+01:00,arviz/data/io_emcee.py
Oriol Abril-Pla,2021-02-21 23:59:37+01:00,arviz/data/io_numpyro.py
Oriol Abril-Pla,2021-02-21 23:59:37+01:00,arviz/labels.py
Oriol Abril-Pla,2021-02-21 23:59:37+01:00,arviz/plots/autocorrplot.py
Oriol Abril-Pla,2021-02-21 23:59:37+01:00,arviz/plots/backends/bokeh/autocorrplot.py
Oriol Abril-Pla,2021-02-21 23:59:37+01:00,arviz/plots/backends/bokeh/bpvplot.py
Oriol Abril-Pla,2021-02-21 23:59:37+01:00,arviz/plots/backends/bokeh/compareplot.py
Oriol Abril-Pla,2021-02-21 23:59:37+01:00,arviz/plots/backends/bokeh/densityplot.py
Oriol Abril-Pla,2021-02-21 23:59:37+01:00,arviz/plots/backends/bokeh/distcomparisonplot.py
Oriol Abril-Pla,2021-02-21 23:59:37+01:00,arviz/plots/backends/bokeh/essplot.py
Oriol Abril-Pla,2021-02-21 23:59:37+01:00,arviz/plots/backends/bokeh/forestplot.py
Oriol Abril-Pla,2021-02-21 23:59:37+01:00,arviz/plots/backends/bokeh/jointplot.py
Oriol Abril-Pla,2021-02-21 23:59:37+01:00,arviz/plots/backends/bokeh/loopitplot.py
Oriol Abril-Pla,2021-02-21 23:59:37+01:00,arviz/plots/backends/bokeh/mcseplot.py
Oriol Abril-Pla,2021-02-21 23:59:37+01:00,arviz/plots/backends/bokeh/posteriorplot.py
Oriol Abril-Pla,2021-02-21 23:59:37+01:00,arviz/plots/backends/bokeh/ppcplot.py
Oriol Abril-Pla,2021-02-21 23:59:37+01:00,arviz/plots/backends/bokeh/rankplot.py
Oriol Abril-Pla,2021-02-21 23:59:37+01:00,arviz/plots/backends/bokeh/traceplot.py
Oriol Abril-Pla,2021-02-21 23:59:37+01:00,arviz/plots/backends/bokeh/violinplot.py
Oriol Abril-Pla,2021-02-21 23:59:37+01:00,arviz/plots/backends/matplotlib/autocorrplot.py
Oriol Abril-Pla,2021-02-21 23:59:37+01:00,arviz/plots/backends/matplotlib/bpvplot.py
Oriol Abril-Pla,2021-02-21 23:59:37+01:00,arviz/plots/backends/matplotlib/compareplot.py
Oriol Abril-Pla,2021-02-21 23:59:37+01:00,arviz/plots/backends/matplotlib/densityplot.py
Oriol Abril-Pla,2021-02-21 23:59:37+01:00,arviz/plots/backends/matplotlib/distcomparisonplot.py
Oriol Abril-Pla,2021-02-21 23:59:37+01:00,arviz/plots/backends/matplotlib/essplot.py
Oriol Abril-Pla,2021-02-21 23:59:37+01:00,arviz/plots/backends/matplotlib/forestplot.py
Oriol Abril-Pla,2021-02-21 23:59:37+01:00,arviz/plots/backends/matplotlib/jointplot.py
Oriol Abril-Pla,2021-02-21 23:59:37+01:00,arviz/plots/backends/matplotlib/loopitplot.py
Oriol Abril-Pla,2021-02-21 23:59:37+01:00,arviz/plots/backends/matplotlib/mcseplot.py
Oriol Abril-Pla,2021-02-21 23:59:37+01:00,arviz/plots/backends/matplotlib/posteriorplot.py
Oriol Abril-Pla,2021-02-21 23:59:37+01:00,arviz/plots/backends/matplotlib/ppcplot.py
Oriol Abril-Pla,2021-02-21 23:59:37+01:00,arviz/plots/backends/matplotlib/rankplot.py
Oriol Abril-Pla,2021-02-21 23:59:37+01:00,arviz/plots/backends/matplotlib/traceplot.py
Oriol Abril-Pla,2021-02-21 23:59:37+01:00,arviz/plots/backends/matplotlib/violinplot.py
Oriol Abril-Pla,2021-02-21 23:59:37+01:00,arviz/plots/bpvplot.py
Oriol Abril-Pla,2021-02-21 23:59:37+01:00,arviz/plots/compareplot.py
Oriol Abril-Pla,2021-02-21 23:59:37+01:00,arviz/plots/densityplot.py
Oriol Abril-Pla,2021-02-21 23:59:37+01:00,arviz/plots/distcomparisonplot.py
Oriol Abril-Pla,2021-02-21 23:59:37+01:00,arviz/plots/essplot.py
Oriol Abril-Pla,2021-02-21 23:59:37+01:00,arviz/plots/forestplot.py
Oriol Abril-Pla,2021-02-21 23:59:37+01:00,arviz/plots/jointplot.py
Oriol Abril-Pla,2021-02-21 23:59:37+01:00,arviz/plots/khatplot.py
Oriol Abril-Pla,2021-02-21 23:59:37+01:00,arviz/plots/loopitplot.py
Oriol Abril-Pla,2021-02-21 23:59:37+01:00,arviz/plots/mcseplot.py
Oriol Abril-Pla,2021-02-21 23:59:37+01:00,arviz/plots/pairplot.py
Oriol Abril-Pla,2021-02-21 23:59:37+01:00,arviz/plots/parallelplot.py
Oriol Abril-Pla,2021-02-21 23:59:37+01:00,arviz/plots/plot_utils.py
Oriol Abril-Pla,2021-02-21 23:59:37+01:00,arviz/plots/posteriorplot.py
Oriol Abril-Pla,2021-02-21 23:59:37+01:00,arviz/plots/ppcplot.py
Oriol Abril-Pla,2021-02-21 23:59:37+01:00,arviz/plots/rankplot.py
Oriol Abril-Pla,2021-02-21 23:59:37+01:00,arviz/plots/separationplot.py
Oriol Abril-Pla,2021-02-21 23:59:37+01:00,arviz/plots/traceplot.py
Oriol Abril-Pla,2021-02-21 23:59:37+01:00,arviz/plots/violinplot.py
Oriol Abril-Pla,2021-02-21 23:59:37+01:00,arviz/sel_utils.py
Oriol Abril-Pla,2021-02-21 23:59:37+01:00,arviz/stats/stats.py
Oriol Abril-Pla,2021-02-21 23:59:37+01:00,arviz/tests/base_tests/test_data_zarr.py
Oriol Abril-Pla,2021-02-21 23:59:37+01:00,arviz/tests/base_tests/test_diagnostics.py
Oriol Abril-Pla,2021-02-21 23:59:37+01:00,arviz/tests/base_tests/test_plot_utils.py
Oriol Abril-Pla,2021-02-21 23:59:37+01:00,arviz/tests/base_tests/test_plots_matplotlib.py
Oriol Abril-Pla,2021-02-21 23:59:37+01:00,arviz/tests/base_tests/test_stats.py
Oriol Abril-Pla,2021-02-21 23:59:37+01:00,arviz/utils.py
Oriol Abril-Pla,2021-02-21 23:59:37+01:00,doc/source/api/index.rst
Oriol Abril-Pla,2021-02-21 23:59:37+01:00,doc/source/api/plot_utils.md
Oriol Abril-Pla,2021-02-21 23:59:37+01:00,doc/source/conf.py
Oriol Abril-Pla,2021-02-21 23:59:37+01:00,doc/source/user_guide/data_structures.md
Oriol Abril-Pla,2021-02-21 23:59:37+01:00,doc/source/user_guide/label_guide.rst
Predrag Gruevski,2021-02-22 12:40:28+01:00,arviz/data/base.py
Predrag Gruevski,2021-02-22 12:40:28+01:00,arviz/data/io_pymc3.py
Rishabh Sanjay,2021-02-23 00:16:47+01:00,CHANGELOG.md
Rishabh Sanjay,2021-02-23 00:16:47+01:00,arviz/plots/backends/bokeh/posteriorplot.py
Rishabh Sanjay,2021-02-23 00:16:47+01:00,arviz/plots/backends/matplotlib/posteriorplot.py
Rishabh Sanjay,2021-02-23 00:16:47+01:00,arviz/plots/posteriorplot.py
Peter Steyer,2021-02-23 00:19:05+01:00,arviz/data/base.py
Teddy Groves,2021-02-24 23:12:56+01:00,CHANGELOG.md
Teddy Groves,2021-02-24 23:12:56+01:00,arviz/stats/stats_refitting.py
Oriol Abril-Pla,2021-02-24 23:53:03+01:00,.projections.json
Oriol Abril-Pla,2021-02-24 23:53:03+01:00,CHANGELOG.md
Oriol Abril-Pla,2021-02-24 23:53:03+01:00,arviz/data/io_cmdstanpy.py
Oriol Abril-Pla,2021-02-24 23:53:03+01:00,arviz/tests/external_tests/test_data_cmdstanpy.py
Oriol Abril-Pla,2021-02-24 23:53:03+01:00,arviz/tests/saved_models/cmdstanpy/cmdstanpy_eight_schools_nowarmup-1.csv
Oriol Abril-Pla,2021-02-24 23:53:03+01:00,arviz/tests/saved_models/cmdstanpy/cmdstanpy_eight_schools_nowarmup-2.csv
Oriol Abril-Pla,2021-02-24 23:53:03+01:00,arviz/tests/saved_models/cmdstanpy/cmdstanpy_eight_schools_nowarmup-3.csv
Oriol Abril-Pla,2021-02-24 23:53:03+01:00,arviz/tests/saved_models/cmdstanpy/cmdstanpy_eight_schools_nowarmup-4.csv
Oriol Abril-Pla,2021-02-24 23:53:03+01:00,arviz/tests/saved_models/cmdstanpy/cmdstanpy_eight_schools_warmup-1.csv
Oriol Abril-Pla,2021-02-24 23:53:03+01:00,arviz/tests/saved_models/cmdstanpy/cmdstanpy_eight_schools_warmup-2.csv
Oriol Abril-Pla,2021-02-24 23:53:03+01:00,arviz/tests/saved_models/cmdstanpy/cmdstanpy_eight_schools_warmup-3.csv
Oriol Abril-Pla,2021-02-24 23:53:03+01:00,arviz/tests/saved_models/cmdstanpy/cmdstanpy_eight_schools_warmup-4.csv
Oriol Abril-Pla,2021-02-26 21:39:29+01:00,CHANGELOG.md
Oriol Abril-Pla,2021-02-26 21:39:29+01:00,arviz/wrappers/base.py
Oriol Abril-Pla,2021-02-26 21:39:29+01:00,arviz/wrappers/wrap_pystan.py
Oriol Abril-Pla,2021-02-26 21:39:29+01:00,doc/source/user_guide/sampling_wrappers.md
Utkarsh Mahweshwari,2021-03-01 02:51:31+01:00,arviz/plots/traceplot.py
Utkarsh Mahweshwari,2021-03-01 02:51:31+01:00,doc/source/conf.py
Arun Joseph,2021-03-01 05:06:06+01:00,CHANGELOG.md
Arun Joseph,2021-03-01 05:06:06+01:00,doc/source/getting_started/Installation.rst
Arun Joseph,2021-03-01 05:06:06+01:00,doc/source/getting_started/index.md
Arun Joseph,2021-03-01 05:06:06+01:00,doc/source/index.rst
Eelke Spaak,2021-03-03 12:07:53+02:00,CHANGELOG.md
Eelke Spaak,2021-03-03 12:07:53+02:00,arviz/data/io_pymc3.py
Mragank Shekhar,2021-03-04 00:02:07+01:00,.pylintrc
Mragank Shekhar,2021-03-04 00:02:07+01:00,CHANGELOG.md
Mragank Shekhar,2021-03-04 00:02:07+01:00,arviz/data/base.py
Mragank Shekhar,2021-03-04 00:02:07+01:00,arviz/data/io_pymc3.py
Mragank Shekhar,2021-03-04 00:02:07+01:00,arviz/plots/backends/bokeh/energyplot.py
Mragank Shekhar,2021-03-04 00:02:07+01:00,arviz/plots/backends/matplotlib/energyplot.py
Mragank Shekhar,2021-03-04 00:02:07+01:00,arviz/plots/backends/matplotlib/ppcplot.py
Mragank Shekhar,2021-03-04 00:02:07+01:00,arviz/tests/base_tests/test_data.py
Mragank Shekhar,2021-03-04 00:02:07+01:00,arviz/tests/base_tests/test_rcparams.py
Rishabh Sanjay,2021-03-04 18:57:04+01:00,CHANGELOG.md
Rishabh Sanjay,2021-03-04 18:57:04+01:00,arviz/plots/backends/bokeh/forestplot.py
Ari Hartikainen,2021-03-04 18:58:51+01:00,arviz/data/io_cmdstanpy.py
Madhu Charan,2021-03-05 01:03:36+02:00,CHANGELOG.md
Madhu Charan,2021-03-05 01:03:36+02:00,arviz/data/io_pystan.py
Agustina Arroyuelo,2021-03-05 15:28:48+01:00,CHANGELOG.md
Agustina Arroyuelo,2021-03-05 15:28:48+01:00,arviz/plots/backends/matplotlib/elpdplot.py
Agustina Arroyuelo,2021-03-05 15:29:32+01:00,CHANGELOG.md
Agustina Arroyuelo,2021-03-05 15:29:32+01:00,arviz/plots/backends/matplotlib/khatplot.py
Agustina Arroyuelo,2021-03-05 15:29:32+01:00,arviz/plots/khatplot.py
Ari Hartikainen,2021-03-05 15:30:54+01:00,.azure-pipelines/azure-pipelines-external.yml
Ari Hartikainen,2021-03-05 15:30:54+01:00,CHANGELOG.md
Ari Hartikainen,2021-03-05 15:30:54+01:00,arviz/data/io_cmdstanpy.py
Ari Hartikainen,2021-03-05 17:54:08+02:00,CHANGELOG.md
Ari Hartikainen,2021-03-05 17:54:08+02:00,arviz/data/io_cmdstan.py
Ari Hartikainen,2021-03-05 17:54:08+02:00,arviz/data/io_pystan.py
Ari Hartikainen,2021-03-05 17:54:08+02:00,arviz/tests/external_tests/test_data_cmdstan.py
Ari Hartikainen,2021-03-05 17:54:08+02:00,arviz/tests/external_tests/test_data_pystan.py
Ari Hartikainen,2021-03-05 17:54:08+02:00,arviz/utils.py
Ari Hartikainen,2021-03-05 19:00:24+02:00,arviz/data/io_pystan.py
Rishabh Sanjay,2021-03-10 09:11:42+01:00,CHANGELOG.md
Rishabh Sanjay,2021-03-10 09:11:42+01:00,arviz/plots/backends/bokeh/ppcplot.py
Rishabh Sanjay,2021-03-10 09:11:42+01:00,arviz/tests/base_tests/test_plots_bokeh.py
Madhu Charan,2021-03-10 09:12:03+01:00,CHANGELOG.md
Madhu Charan,2021-03-10 09:12:03+01:00,arviz/stats/stats.py
Oriol Abril-Pla,2021-03-10 09:12:20+01:00,CHANGELOG.md
Oriol Abril-Pla,2021-03-10 09:12:20+01:00,arviz/labels.py
Ari Hartikainen,2021-03-19 15:45:50+02:00,arviz/data/inference_data.py
Kim,2021-03-19 16:53:10+02:00,CHANGELOG.md
Kim,2021-03-19 16:53:10+02:00,arviz/data/io_numpyro.py
Kim,2021-03-19 16:53:10+02:00,arviz/tests/external_tests/test_data_numpyro.py
Predrag Gruevski,2021-03-19 19:54:32+01:00,.azure-pipelines/azure-pipelines-external.yml
Predrag Gruevski,2021-03-19 19:54:32+01:00,mypy.ini
Predrag Gruevski,2021-03-19 19:54:32+01:00,requirements-dev.txt
Oriol Abril-Pla,2021-03-19 21:47:44+01:00,mypy.ini
Rishabh Sanjay,2021-03-19 21:48:07+01:00,CHANGELOG.md
Rishabh Sanjay,2021-03-19 21:48:07+01:00,arviz/plots/backends/bokeh/forestplot.py
Rishabh Sanjay,2021-03-19 21:48:07+01:00,arviz/plots/backends/matplotlib/forestplot.py
Ari Hartikainen,2021-03-19 23:35:51+01:00,arviz/rcparams.py
Ari Hartikainen,2021-03-19 23:35:51+01:00,arviz/tests/base_tests/test_diagnostics.py
Ari Hartikainen,2021-03-19 23:35:51+01:00,arvizrc.template
Ravin Kumar,2021-03-21 07:12:04-07:00,README.md
Ravin Kumar,2021-03-21 16:47:18+02:00,doc/source/index.rst
Ari Hartikainen,2021-03-23 18:06:08+01:00,.azure-pipelines/azure-pipelines-external.yml
Ari Hartikainen,2021-03-23 18:06:08+01:00,CHANGELOG.md
Ari Hartikainen,2021-03-26 01:18:40+02:00,.azure-pipelines/azure-pipelines-external.yml
Mragank Shekhar,2021-03-26 01:59:19+01:00,CHANGELOG.md
Mragank Shekhar,2021-03-26 01:59:19+01:00,arviz/data/io_pymc3.py
Mragank Shekhar,2021-03-26 01:59:19+01:00,arviz/tests/external_tests/test_data_pymc.py
Oriol Abril-Pla,2021-03-26 14:08:41+01:00,CHANGELOG.md
Oriol Abril-Pla,2021-03-26 14:08:41+01:00,doc/source/api/plot_utils.md
Oriol Abril-Pla,2021-03-26 14:08:41+01:00,doc/source/user_guide/label_guide.rst
Agustina Arroyuelo,2021-03-26 16:27:50+02:00,CHANGELOG.md
Agustina Arroyuelo,2021-03-26 16:27:50+02:00,arviz/plots/backends/matplotlib/elpdplot.py
Oriol Abril-Pla,2021-03-26 22:09:01+01:00,CHANGELOG.md
Oriol Abril-Pla,2021-03-26 22:09:01+01:00,arviz/data/io_cmdstan.py
Oriol Abril-Pla,2021-03-26 22:09:01+01:00,arviz/data/io_cmdstanpy.py
Oriol Abril-Pla,2021-03-26 22:09:01+01:00,arviz/data/io_numpyro.py
Oriol Abril-Pla,2021-03-26 22:09:01+01:00,arviz/data/io_pymc3.py
Oriol Abril-Pla,2021-03-26 22:09:01+01:00,arviz/data/io_pyro.py
Oriol Abril-Pla,2021-03-26 22:09:01+01:00,arviz/data/io_pystan.py
Oriol Abril-Pla,2021-03-26 22:09:01+01:00,arviz/plots/backends/bokeh/energyplot.py
Oriol Abril-Pla,2021-03-26 22:09:01+01:00,arviz/plots/backends/matplotlib/energyplot.py
Oriol Abril-Pla,2021-03-26 22:09:01+01:00,arviz/plots/distplot.py
Oriol Abril-Pla,2021-03-26 22:09:01+01:00,arviz/plots/energyplot.py
Oriol Abril-Pla,2021-03-26 22:09:01+01:00,arviz/plots/posteriorplot.py
Oriol Abril-Pla,2021-03-26 22:09:01+01:00,arviz/rcparams.py
Oriol Abril-Pla,2021-03-26 22:09:01+01:00,arviz/stats/stats.py
Oriol Abril-Pla,2021-03-26 22:09:01+01:00,arviz/tests/external_tests/test_data_cmdstan.py
Oriol Abril-Pla,2021-03-26 22:09:01+01:00,arviz/tests/external_tests/test_data_cmdstanpy.py
Oriol Abril-Pla,2021-03-26 22:09:01+01:00,arviz/tests/external_tests/test_data_pymc.py
Oriol Abril-Pla,2021-03-26 22:09:01+01:00,arviz/tests/external_tests/test_data_pyro.py
Oriol Abril-Pla,2021-03-26 22:09:01+01:00,arviz/tests/external_tests/test_data_pystan.py
Oriol Abril-Pla,2021-03-26 22:09:01+01:00,arvizrc.template
Oriol Abril-Pla,2021-03-26 22:09:01+01:00,mypy.ini
Rishabh Sanjay,2021-03-30 16:39:19+02:00,CHANGELOG.md
Rishabh Sanjay,2021-03-30 16:39:19+02:00,arviz/plots/hdiplot.py
rpgoldman,2021-03-30 16:39:43+02:00,.pylintrc
rpgoldman,2021-03-30 16:39:43+02:00,CHANGELOG.md
rpgoldman,2021-03-30 16:39:43+02:00,arviz/data/io_pymc3.py
rpgoldman,2021-03-30 16:39:43+02:00,arviz/rcparams.py
rpgoldman,2021-03-30 16:39:43+02:00,arviz/stats/stats.py
rpgoldman,2021-03-30 16:39:43+02:00,arviz/stats/stats_utils.py
rpgoldman,2021-03-30 16:39:43+02:00,arviz/tests/base_tests/test_stats.py
Animesh,2021-03-30 16:40:07+02:00,arviz/wrappers/base.py
rpgoldman,2021-03-30 16:41:12+02:00,CHANGELOG.md
rpgoldman,2021-03-30 16:41:12+02:00,arviz/data/inference_data.py
Ari Hartikainen,2021-03-30 19:12:19+03:00,arviz/wrappers/__init__.py
Ari Hartikainen,2021-03-30 19:12:19+03:00,arviz/wrappers/base.py
Ari Hartikainen,2021-03-30 19:12:19+03:00,arviz/wrappers/wrap_stan.py
Ari Hartikainen,2021-03-30 19:12:19+03:00,doc/source/api/wrappers.rst
Ari Hartikainen,2021-03-30 19:12:19+03:00,doc/source/user_guide/pystan2_refitting.ipynb
Ari Hartikainen,2021-03-30 19:12:19+03:00,doc/source/user_guide/pystan2_refitting_xr_lik.ipynb
Ari Hartikainen,2021-03-30 19:12:19+03:00,doc/source/user_guide/pystan_refitting.ipynb
Ari Hartikainen,2021-03-30 19:12:19+03:00,doc/source/user_guide/sampling_wrappers.md
Ari Hartikainen,2021-04-05 16:25:18+03:00,requirements-docs.txt
Mragank Shekhar,2021-04-07 15:10:28+03:00,CHANGELOG.md
Mragank Shekhar,2021-04-07 15:10:28+03:00,arviz/stats/stats.py
Mragank Shekhar,2021-04-07 15:10:28+03:00,arviz/tests/base_tests/test_plots_bokeh.py
Mragank Shekhar,2021-04-07 15:10:28+03:00,arviz/tests/base_tests/test_stats.py
Oriol Abril-Pla,2021-04-10 01:58:44+02:00,doc/_templates/navbar-version.html
Oriol Abril-Pla,2021-04-10 01:58:44+02:00,doc/source/conf.py
Mragank Shekhar,2021-04-15 04:43:08-03:00,CHANGELOG.md
Mragank Shekhar,2021-04-15 04:43:08-03:00,doc/source/user_guide/Numba.ipynb
Chris Fonnesbeck,2021-04-16 07:27:23-07:00,CHANGELOG.md
Chris Fonnesbeck,2021-04-16 07:27:23-07:00,arviz/data/io_pyro.py
Oriol Abril-Pla,2021-04-17 06:57:01+02:00,doc/source/conf.py
rohits5496,2021-04-17 12:05:33+03:00,arviz/stats/density_utils.py
Fábio Rosado,2021-04-17 21:01:57+02:00,doc/_templates/layout.html
Fábio Rosado,2021-04-17 21:01:57+02:00,doc/source/conf.py
Ari Hartikainen,2021-04-22 19:16:23+03:00,arviz/plots/backends/bokeh/kdeplot.py
Ari Hartikainen,2021-04-27 19:47:40+03:00,arviz/stats/density_utils.py
Fábio Rosado,2021-05-04 13:44:15+02:00,doc/_templates/layout.html
Fábio Rosado,2021-05-04 13:44:15+02:00,doc/source/conf.py
Fábio Rosado,2021-05-04 13:44:15+02:00,requirements-docs.txt
Agustina Arroyuelo,2021-05-05 23:04:51+02:00,CHANGELOG.md
Agustina Arroyuelo,2021-05-05 23:04:51+02:00,arviz/plots/backends/bokeh/distplot.py
Agustina Arroyuelo,2021-05-05 23:04:51+02:00,arviz/plots/backends/bokeh/posteriorplot.py
Agustina Arroyuelo,2021-05-05 23:04:51+02:00,arviz/plots/backends/matplotlib/distplot.py
Agustina Arroyuelo,2021-05-05 23:04:51+02:00,arviz/plots/backends/matplotlib/posteriorplot.py
Agustina Arroyuelo,2021-05-05 23:04:51+02:00,arviz/plots/backends/matplotlib/traceplot.py
Agustina Arroyuelo,2021-05-05 23:04:51+02:00,arviz/plots/distplot.py
Agustina Arroyuelo,2021-05-05 23:04:51+02:00,arviz/plots/kdeplot.py
Agustina Arroyuelo,2021-05-05 23:04:51+02:00,arviz/stats/density_utils.py
Ari Hartikainen,2021-05-06 14:59:18+03:00,requirements-docs.txt
William Martin,2021-05-13 18:44:28+02:00,CHANGELOG.md
William Martin,2021-05-13 18:44:28+02:00,arviz/plots/backends/bokeh/pairplot.py
William Martin,2021-05-13 18:44:28+02:00,arviz/plots/backends/matplotlib/pairplot.py
William Martin,2021-05-13 18:44:28+02:00,arviz/plots/kdeplot.py
William Martin,2021-05-13 18:44:28+02:00,arviz/stats/density_utils.py
William Martin,2021-05-13 18:44:28+02:00,arviz/tests/base_tests/test_plots_bokeh.py
William Martin,2021-05-13 18:44:28+02:00,arviz/tests/base_tests/test_plots_matplotlib.py
William Martin,2021-05-13 18:44:28+02:00,arviz/tests/base_tests/test_utils.py
William Martin,2021-05-13 18:44:28+02:00,examples/bokeh/bokeh_plot_kde_2d.py
William Martin,2021-05-13 18:44:28+02:00,examples/bokeh/bokeh_plot_kde_2d_bis.py
William Martin,2021-05-13 18:44:28+02:00,examples/bokeh/bokeh_plot_kde_2d_hdi.py
William Martin,2021-05-13 18:44:28+02:00,examples/bokeh/bokeh_plot_pair_kde_hdi.py
William Martin,2021-05-13 18:44:28+02:00,examples/matplotlib/mpl_plot_kde_2d.py
William Martin,2021-05-13 18:44:28+02:00,examples/matplotlib/mpl_plot_kde_2d_bis.py
William Martin,2021-05-13 18:44:28+02:00,examples/matplotlib/mpl_plot_kde_2d_hdi.py
William Martin,2021-05-13 18:44:28+02:00,examples/matplotlib/mpl_plot_pair_kde_hdi.py
Ari Hartikainen,2021-05-14 10:46:23+03:00,.azure-pipelines/azure-pipelines-external.yml
Josh Friedlander,2021-05-14 17:12:50+02:00,doc/source/getting_started/XarrayforArviZ.ipynb
Ari Hartikainen,2021-05-16 18:05:52+03:00,.pylintrc
Ari Hartikainen,2021-05-16 18:05:52+03:00,CHANGELOG.md
Ari Hartikainen,2021-05-16 18:05:52+03:00,arviz/data/base.py
Ari Hartikainen,2021-05-16 18:05:52+03:00,arviz/data/io_cmdstan.py
Ari Hartikainen,2021-05-16 18:05:52+03:00,arviz/data/io_cmdstanpy.py
Ari Hartikainen,2021-05-16 18:05:52+03:00,arviz/data/io_pystan.py
Ari Hartikainen,2021-05-16 18:05:52+03:00,arviz/tests/base_tests/test_data.py
Ari Hartikainen,2021-05-16 18:05:52+03:00,arviz/tests/base_tests/test_data_zarr.py
Ari Hartikainen,2021-05-16 18:05:52+03:00,arviz/tests/base_tests/test_diagnostics.py
Ari Hartikainen,2021-05-16 18:05:52+03:00,arviz/tests/base_tests/test_plot_utils.py
Ari Hartikainen,2021-05-16 18:05:52+03:00,arviz/tests/external_tests/test_data_cmdstanpy.py
Ari Hartikainen,2021-05-16 18:05:52+03:00,arviz/tests/external_tests/test_data_pystan.py
Hector,2021-05-21 12:55:16+03:00,CHANGELOG.md
Hector,2021-05-21 12:55:16+03:00,arviz/data/datasets.py
Hector,2021-05-21 12:55:16+03:00,arviz/data/inference_data.py
Hector,2021-05-21 12:55:16+03:00,arviz/data/io_emcee.py
Hector,2021-05-21 12:55:16+03:00,arviz/data/io_numpyro.py
Hector,2021-05-21 12:55:16+03:00,arviz/data/io_pystan.py
Hector,2021-05-21 12:55:16+03:00,arviz/plots/backends/bokeh/jointplot.py
Hector,2021-05-21 12:55:16+03:00,arviz/plots/backends/matplotlib/jointplot.py
Hector,2021-05-21 12:55:16+03:00,arviz/plots/forestplot.py
Hector,2021-05-21 12:55:16+03:00,arviz/plots/jointplot.py
Hector,2021-05-21 12:55:16+03:00,arviz/plots/kdeplot.py
Hector,2021-05-21 12:55:16+03:00,arviz/plots/khatplot.py
Hector,2021-05-21 12:55:16+03:00,arviz/plots/plot_utils.py
Hector,2021-05-21 12:55:16+03:00,arviz/plots/separationplot.py
Hector,2021-05-21 12:55:16+03:00,arviz/plots/traceplot.py
Hector,2021-05-21 12:55:16+03:00,arviz/rcparams.py
Hector,2021-05-21 12:55:16+03:00,arviz/stats/density_utils.py
Hector,2021-05-21 12:55:16+03:00,arviz/stats/stats.py
Hector,2021-05-21 12:55:16+03:00,arviz/tests/base_tests/test_diagnostics.py
Hector,2021-05-21 12:55:16+03:00,arviz/tests/base_tests/test_plots_bokeh.py
Hector,2021-05-21 12:55:16+03:00,arviz/tests/base_tests/test_plots_matplotlib.py
Hector,2021-05-21 12:55:16+03:00,arviz/tests/base_tests/test_stats.py
Hector,2021-05-21 12:55:16+03:00,arviz/tests/base_tests/test_stats_numba.py
Hector,2021-05-21 12:55:16+03:00,arviz/tests/helpers.py
Hector,2021-05-21 12:55:16+03:00,doc/source/contributing/developer_guide.rst
Hector,2021-05-21 12:55:16+03:00,doc/source/getting_started/XarrayforArviZ.ipynb
Hector,2021-05-21 12:55:16+03:00,doc/source/user_guide/numpyro_refitting.ipynb
Hector,2021-05-21 12:55:16+03:00,doc/source/user_guide/numpyro_refitting_xr_lik.ipynb
Hector,2021-05-21 12:55:16+03:00,doc/source/user_guide/pymc3_refitting_xr_lik.ipynb
Hector,2021-05-21 12:55:16+03:00,doc/source/user_guide/pystan2_refitting.ipynb
Hector,2021-05-21 12:55:16+03:00,doc/source/user_guide/pystan_refitting.ipynb
Agustina Arroyuelo,2021-05-25 22:49:00+03:00,CHANGELOG.md
Agustina Arroyuelo,2021-05-25 22:49:00+03:00,arviz/plots/backends/bokeh/separationplot.py
Agustina Arroyuelo,2021-05-25 22:49:00+03:00,arviz/plots/backends/matplotlib/separationplot.py
Eva-Lotte,2021-05-27 18:12:42+02:00,CHANGELOG.md
Eva-Lotte,2021-05-27 18:12:42+02:00,doc/source/user_guide/label_guide.rst
Nikhil Kumar,2021-05-30 21:59:58-07:00,doc/source/user_guide/label_guide.rst
Utkarsh Mahweshwari,2021-06-07 20:13:48+02:00,arviz/tests/base_tests/test_stats.py
Meenal Jhajharia,2021-06-07 21:03:09-07:00,doc/source/contributing/developer_guide.rst
Srijha,2021-06-07 21:04:55-07:00,arviz/plots/hdiplot.py
Srijha,2021-06-07 21:04:55-07:00,arviz/stats/stats.py
Du Phan,2021-06-08 11:26:50+03:00,CHANGELOG.md
Du Phan,2021-06-08 11:26:50+03:00,arviz/data/io_numpyro.py
Du Phan,2021-06-08 11:26:50+03:00,arviz/tests/external_tests/test_data_numpyro.py
Oriol Abril-Pla,2021-06-11 18:05:51+03:00,arviz/tests/base_tests/test_plot_utils.py
Utkarsh Mahweshwari,2021-06-11 22:15:41+03:00,CHANGELOG.md
Utkarsh Mahweshwari,2021-06-11 22:15:41+03:00,arviz/plots/backends/bokeh/kdeplot.py
Utkarsh Mahweshwari,2021-06-11 22:15:41+03:00,arviz/plots/backends/matplotlib/kdeplot.py
Utkarsh Mahweshwari,2021-06-11 22:15:41+03:00,arviz/tests/base_tests/test_plots_bokeh.py
Utkarsh Mahweshwari,2021-06-11 22:15:41+03:00,arviz/tests/base_tests/test_plots_matplotlib.py
Oriol Abril-Pla,2021-06-13 00:22:04+03:00,CHANGELOG.md
Oriol Abril-Pla,2021-06-13 00:22:04+03:00,CONTRIBUTING.md
Oriol Abril-Pla,2021-06-13 00:22:04+03:00,GOVERNANCE.md
Oriol Abril-Pla,2021-06-13 00:22:04+03:00,README.md
Oriol Abril-Pla,2021-06-13 00:22:04+03:00,doc/Makefile
Oriol Abril-Pla,2021-06-13 00:22:04+03:00,doc/source/_static/images/bambi.png
Oriol Abril-Pla,2021-06-13 00:22:04+03:00,doc/source/about.rst
Oriol Abril-Pla,2021-06-13 00:22:04+03:00,doc/source/about_us.md
Oriol Abril-Pla,2021-06-13 00:22:04+03:00,doc/source/community.md
Oriol Abril-Pla,2021-06-13 00:22:04+03:00,doc/source/conf.py
Oriol Abril-Pla,2021-06-13 00:22:04+03:00,doc/source/contributing/contributing.md
Oriol Abril-Pla,2021-06-13 00:22:04+03:00,doc/source/contributing/contributing_prs.md
Oriol Abril-Pla,2021-06-13 00:22:04+03:00,doc/source/contributing/developer_guide.md
Oriol Abril-Pla,2021-06-13 00:22:04+03:00,doc/source/contributing/developer_guide.rst
Oriol Abril-Pla,2021-06-13 00:22:04+03:00,doc/source/contributing/index.md
Oriol Abril-Pla,2021-06-13 00:22:04+03:00,doc/source/contributing/issue_reports.md
Oriol Abril-Pla,2021-06-13 00:22:04+03:00,doc/source/core_contributors.md
Oriol Abril-Pla,2021-06-13 00:22:04+03:00,doc/source/external_resources.md
Oriol Abril-Pla,2021-06-13 00:22:04+03:00,doc/source/getting_started/Installation.rst
Oriol Abril-Pla,2021-06-13 00:22:04+03:00,doc/source/getting_started/index.md
Oriol Abril-Pla,2021-06-13 00:22:04+03:00,doc/source/index.rst
Oriol Abril-Pla,2021-06-13 00:22:04+03:00,doc/source/usage.rst
Oriol Abril-Pla,2021-06-13 00:22:04+03:00,requirements-docs.txt
Vikram Nag Ashoka,2021-06-14 15:04:23+03:00,CHANGELOG.md
Vikram Nag Ashoka,2021-06-14 15:04:23+03:00,arviz/plots/backends/bokeh/elpdplot.py
Vikram Nag Ashoka,2021-06-14 15:04:23+03:00,arviz/plots/backends/bokeh/essplot.py
Vikram Nag Ashoka,2021-06-14 15:04:23+03:00,arviz/plots/backends/bokeh/kdeplot.py
Vikram Nag Ashoka,2021-06-14 15:04:23+03:00,arviz/plots/backends/bokeh/mcseplot.py
Vikram Nag Ashoka,2021-06-14 15:04:23+03:00,arviz/plots/backends/bokeh/traceplot.py
Ari Hartikainen,2021-06-14 15:29:50+03:00,CHANGELOG.md
Ari Hartikainen,2021-06-14 15:29:50+03:00,arviz/tests/base_tests/test_plot_utils.py
Oriol Abril-Pla,2021-06-14 23:05:37+02:00,.azure-pipelines/azure-pipelines-external.yml
Oriol Abril-Pla,2021-06-14 23:05:37+02:00,arviz/data/io_pymc3.py
Oriol Abril-Pla,2021-06-14 23:05:37+02:00,arviz/data/io_pymc3_3x.py
Oriol Abril-Pla,2021-06-14 23:05:37+02:00,arviz/tests/external_tests/test_data_pymc.py
Oriol Abril-Pla,2021-06-14 23:05:37+02:00,mypy.ini
Oriol Abril-Pla,2021-06-19 06:18:59-07:00,doc/_templates/layout.html
Marco Edward Gorelli,2021-06-30 19:54:53-07:00,.azure-pipelines/azure-pipelines-external.yml
Marco Edward Gorelli,2021-06-30 19:54:53-07:00,arviz/data/io_pyjags.py
Marco Edward Gorelli,2021-06-30 19:54:53-07:00,arviz/stats/stats.py
Marco Edward Gorelli,2021-06-30 19:54:53-07:00,arviz/stats/stats_utils.py
Marco Edward Gorelli,2021-06-30 19:54:53-07:00,arviz/tests/base_tests/test_data.py
Marco Edward Gorelli,2021-06-30 19:54:53-07:00,arviz/tests/base_tests/test_data_zarr.py
Marco Edward Gorelli,2021-06-30 19:54:53-07:00,arviz/tests/base_tests/test_plot_utils.py
Marco Edward Gorelli,2021-06-30 19:54:53-07:00,arviz/tests/base_tests/test_utils.py
Marco Edward Gorelli,2021-06-30 19:54:53-07:00,arviz/tests/base_tests/test_utils_numba.py
Marco Edward Gorelli,2021-06-30 19:54:53-07:00,arviz/tests/external_tests/test_data_cmdstan.py
Marco Edward Gorelli,2021-06-30 19:54:53-07:00,arviz/tests/external_tests/test_data_cmdstanpy.py
Marco Edward Gorelli,2021-06-30 19:54:53-07:00,arviz/tests/external_tests/test_data_emcee.py
Marco Edward Gorelli,2021-06-30 19:54:53-07:00,arviz/tests/external_tests/test_data_pyjags.py
Marco Edward Gorelli,2021-06-30 19:54:53-07:00,arviz/tests/external_tests/test_data_pymc.py
Marco Edward Gorelli,2021-06-30 19:54:53-07:00,arviz/tests/external_tests/test_data_pystan.py
Marco Edward Gorelli,2021-06-30 19:54:53-07:00,arviz/tests/external_tests/test_data_tfp.py
Marco Edward Gorelli,2021-06-30 19:54:53-07:00,requirements-dev.txt
Ravin Kumar,2021-07-05 07:35:33+03:00,arviz/plots/backends/bokeh/kdeplot.py
Ravin Kumar,2021-07-05 07:35:33+03:00,arviz/plots/backends/bokeh/khatplot.py
Ravin Kumar,2021-07-05 07:35:33+03:00,arviz/plots/backends/bokeh/traceplot.py
Ravin Kumar,2021-07-05 07:35:33+03:00,arviz/plots/backends/matplotlib/elpdplot.py
Ravin Kumar,2021-07-05 07:35:33+03:00,arviz/plots/backends/matplotlib/khatplot.py
Ravin Kumar,2021-07-05 07:35:33+03:00,arviz/plots/backends/matplotlib/traceplot.py
Ravin Kumar,2021-07-05 07:35:33+03:00,arviz/plots/loopitplot.py
Ravin Kumar,2021-07-05 07:35:33+03:00,arviz/tests/external_tests/test_data_pymc.py
Ravin Kumar,2021-07-05 07:35:33+03:00,arviz/wrappers/wrap_stan.py
Ravin Kumar,2021-07-05 19:31:17+03:00,.azure-pipelines/azure-pipelines-base.yml
Ari Hartikainen,2021-07-26 09:58:14+03:00,.azure-pipelines/azure-pipelines-external.yml
Ari Hartikainen,2021-07-26 09:58:14+03:00,arviz/data/inference_data.py
Ari Hartikainen,2021-07-26 09:58:14+03:00,arviz/data/io_pyro.py
Ari Hartikainen,2021-07-26 09:58:14+03:00,arviz/tests/helpers.py
Ari Hartikainen,2021-07-26 09:58:14+03:00,mypy.ini
Ari Hartikainen,2021-07-26 09:58:14+03:00,requirements-dev.txt
Rishabh Sanjay,2021-07-26 05:43:21-07:00,CHANGELOG.md
Rishabh Sanjay,2021-07-26 05:43:21-07:00,arviz/plots/backends/bokeh/loopitplot.py
Rishabh Sanjay,2021-07-26 05:43:21-07:00,arviz/plots/backends/matplotlib/loopitplot.py
Marco Edward Gorelli,2021-07-27 06:17:23+03:00,arviz/stats/stats.py
Marco Edward Gorelli,2021-07-27 06:17:23+03:00,arviz/tests/base_tests/test_stats.py
Marco Edward Gorelli,2021-07-29 04:46:02-07:00,.azure-pipelines/azure-pipelines-external.yml
Marco Edward Gorelli,2021-07-29 04:46:02-07:00,requirements-dev.txt
Osvaldo Martin,2021-07-30 10:20:49+03:00,arviz/stats/density_utils.py
Utkarsh Mahweshwari,2021-07-30 17:15:36+03:00,arviz/plots/__init__.py
Utkarsh Mahweshwari,2021-07-30 17:15:36+03:00,arviz/plots/backends/bokeh/lmplot.py
Utkarsh Mahweshwari,2021-07-30 17:15:36+03:00,arviz/plots/backends/matplotlib/lmplot.py
Utkarsh Mahweshwari,2021-07-30 17:15:36+03:00,arviz/plots/lmplot.py
Utkarsh Mahweshwari,2021-07-30 17:15:36+03:00,arviz/tests/base_tests/test_plots_bokeh.py
Utkarsh Mahweshwari,2021-07-30 17:15:36+03:00,arviz/tests/base_tests/test_plots_matplotlib.py
Utkarsh Mahweshwari,2021-07-30 17:15:36+03:00,doc/source/api/plots.rst
Utkarsh Mahweshwari,2021-07-30 17:15:36+03:00,examples/bokeh/bokeh_plot_lm.py
Utkarsh Mahweshwari,2021-07-30 17:15:36+03:00,examples/matplotlib/mpl_plot_lm.py
Rishabh Sanjay,2021-08-03 22:24:23+03:00,arviz/plots/__init__.py
Rishabh Sanjay,2021-08-03 22:24:23+03:00,arviz/plots/backends/bokeh/dotplot.py
Rishabh Sanjay,2021-08-03 22:24:23+03:00,arviz/plots/backends/matplotlib/dotplot.py
Rishabh Sanjay,2021-08-03 22:24:23+03:00,arviz/plots/dotplot.py
Rishabh Sanjay,2021-08-03 22:24:23+03:00,arviz/plots/plot_utils.py
Rishabh Sanjay,2021-08-03 22:24:23+03:00,arviz/tests/base_tests/test_plots_bokeh.py
Rishabh Sanjay,2021-08-03 22:24:23+03:00,arviz/tests/base_tests/test_plots_matplotlib.py
Rishabh Sanjay,2021-08-03 22:24:23+03:00,doc/source/api/plots.rst
Rishabh Sanjay,2021-08-03 22:24:23+03:00,examples/bokeh/bokeh_plot_dot.py
Rishabh Sanjay,2021-08-03 22:24:23+03:00,examples/matplotlib/mpl_plot_dot.py
Osvaldo Martin,2021-08-25 11:16:40+03:00,arviz/data/base.py
Osvaldo Martin,2021-08-25 11:16:40+03:00,arviz/data/inference_data.py
Osvaldo Martin,2021-08-25 11:16:40+03:00,arviz/data/io_cmdstan.py
Osvaldo Martin,2021-08-25 11:16:40+03:00,arviz/plots/backends/bokeh/densityplot.py
Osvaldo Martin,2021-08-25 11:16:40+03:00,arviz/plots/backends/matplotlib/distcomparisonplot.py
Osvaldo Martin,2021-08-25 11:16:40+03:00,arviz/rcparams.py
Osvaldo Martin,2021-08-25 11:16:40+03:00,arviz/stats/stats_utils.py
Osvaldo Martin,2021-08-25 11:16:40+03:00,arviz/tests/external_tests/test_data_cmdstanpy.py
Ero Carrera,2021-08-26 07:18:51+03:00,arviz/data/io_cmdstan.py
Ero Carrera,2021-08-26 07:18:51+03:00,arviz/tests/external_tests/test_data_cmdstan.py
Ero Carrera,2021-08-26 07:18:51+03:00,arviz/tests/saved_models/cmdstan/example_stan.json
Colin,2021-08-26 08:01:31+03:00,CITATION.cff
Rishabh Sanjay,2021-08-26 09:14:49+03:00,arviz/plots/forestplot.py
Utkarsh Mahweshwari,2021-08-27 17:54:25+03:00,arviz/plots/__init__.py
Utkarsh Mahweshwari,2021-08-27 17:54:25+03:00,arviz/plots/backends/matplotlib/tsplot.py
Utkarsh Mahweshwari,2021-08-27 17:54:25+03:00,arviz/plots/tsplot.py
Utkarsh Mahweshwari,2021-08-27 17:54:25+03:00,arviz/tests/base_tests/test_plots_matplotlib.py
Marco Edward Gorelli,2021-08-30 11:25:47+03:00,CHANGELOG.md
Marco Edward Gorelli,2021-08-30 11:25:47+03:00,arviz/data/inference_data.py
Marco Edward Gorelli,2021-08-30 11:25:47+03:00,arviz/tests/base_tests/test_data.py
Marco Edward Gorelli,2021-08-30 11:25:47+03:00,arviz/tests/base_tests/test_utils.py
Marco Edward Gorelli,2021-08-30 11:25:47+03:00,arviz/utils.py
Oriol Abril-Pla,2021-08-31 09:23:30+03:00,.azure-pipelines/azure-pipelines-docs.yml
Oriol Abril-Pla,2021-08-31 09:23:30+03:00,.readthedocs.yml
Oriol Abril-Pla,2021-08-31 09:23:30+03:00,arviz/data/io_emcee.py
Oriol Abril-Pla,2021-08-31 09:23:30+03:00,arviz/plots/dotplot.py
Oriol Abril-Pla,2021-08-31 09:23:30+03:00,arviz/plots/lmplot.py
Oriol Abril-Pla,2021-08-31 09:23:30+03:00,arviz/plots/tsplot.py
Oriol Abril-Pla,2021-08-31 09:23:30+03:00,doc/source/api/plots.rst
Oriol Abril-Pla,2021-08-31 09:23:30+03:00,doc/source/getting_started/ConversionGuideEmcee.ipynb
Oriol Abril-Pla,2021-08-31 09:23:30+03:00,doc/source/getting_started/CreatingInferenceData.ipynb
Oriol Abril-Pla,2021-08-31 09:23:30+03:00,doc/source/user_guide/label_guide.rst
Oriol Abril-Pla,2021-08-31 09:23:30+03:00,examples/bokeh/bokeh_plot_hdi.py
Oriol Abril-Pla,2021-08-31 09:23:30+03:00,examples/matplotlib/mpl_plot_hdi.py
Oriol Abril-Pla,2021-08-31 09:23:30+03:00,examples/matplotlib/mpl_plot_lm.py
Oriol Abril-Pla,2021-08-31 09:23:30+03:00,requirements-docs.txt
Rosheen Naeem,2021-09-01 11:35:19+03:00,doc/source/getting_started/Installation.rst
Rishabh Sanjay,2021-09-02 12:57:43+03:00,CONTRIBUTING.md
Osvaldo Martin,2021-09-03 08:38:09+03:00,CHANGELOG.md
Osvaldo Martin,2021-09-03 08:38:09+03:00,arviz/plots/backends/matplotlib/__init__.py
Osvaldo Martin,2021-09-03 08:38:09+03:00,arviz/plots/backends/matplotlib/khatplot.py
Osvaldo Martin,2021-09-03 08:38:09+03:00,arviz/plots/backends/matplotlib/pairplot.py
Osvaldo Martin,2021-09-03 08:38:09+03:00,arviz/rcparams.py
Osvaldo Martin,2021-09-03 08:38:09+03:00,arvizrc.template
Osvaldo Martin,2021-09-03 08:38:28+03:00,CHANGELOG.md
Osvaldo Martin,2021-09-03 08:38:28+03:00,arviz/plots/backends/bokeh/ppcplot.py
Osvaldo Martin,2021-09-03 08:38:28+03:00,arviz/plots/backends/matplotlib/ppcplot.py
Osvaldo Martin,2021-09-03 08:38:28+03:00,arviz/plots/ppcplot.py
Rosheen Naeem,2021-09-06 12:34:25-07:00,doc/source/getting_started/WorkingWithInferenceData.ipynb
Rosheen Naeem,2021-09-06 12:35:42-07:00,doc/source/getting_started/CreatingInferenceData.ipynb
Osvaldo Martin,2021-09-07 06:10:13-07:00,CHANGELOG.md
Osvaldo Martin,2021-09-07 06:10:13-07:00,arviz/plots/backends/bokeh/elpdplot.py
Osvaldo Martin,2021-09-07 06:10:13-07:00,arviz/plots/backends/matplotlib/elpdplot.py
Osvaldo Martin,2021-09-07 06:10:13-07:00,arviz/tests/base_tests/test_plots_bokeh.py
Osvaldo Martin,2021-09-07 06:10:13-07:00,arviz/tests/base_tests/test_plots_matplotlib.py
Rosheen Naeem,2021-09-08 13:56:06+03:00,doc/source/contributing/contributing_prs.md
Rosheen Naeem,2021-09-08 13:56:06+03:00,doc/source/contributing/developing_in_docker.md
Rosheen Naeem,2021-09-08 13:56:06+03:00,doc/source/contributing/index.md
Rosheen Naeem,2021-09-08 19:49:27+03:00,doc/source/getting_started/XarrayforArviZ.ipynb
Rosheen Naeem,2021-09-08 19:50:25+03:00,doc/source/getting_started/Introduction.ipynb
Rosheen Naeem,2021-09-08 19:50:25+03:00,doc/sphinxext/gallery_generator.py
Rosheen Naeem,2021-09-08 21:40:39+03:00,doc/source/getting_started/Introduction.ipynb
Rosheen Naeem,2021-09-08 21:41:10+03:00,doc/source/user_guide/label_guide.rst
Ravin Kumar,2021-09-22 00:53:39+03:00,.pylintrc
Ravin Kumar,2021-09-22 00:53:39+03:00,arviz/data/base.py
Ravin Kumar,2021-09-22 00:53:39+03:00,arviz/data/datasets.py
Ravin Kumar,2021-09-22 00:53:39+03:00,arviz/data/inference_data.py
Ravin Kumar,2021-09-22 00:53:39+03:00,arviz/data/io_cmdstan.py
Ravin Kumar,2021-09-22 00:53:39+03:00,arviz/data/io_cmdstanpy.py
Ravin Kumar,2021-09-22 00:53:39+03:00,arviz/data/io_dict.py
Ravin Kumar,2021-09-22 00:53:39+03:00,arviz/data/io_emcee.py
Ravin Kumar,2021-09-22 00:53:39+03:00,arviz/data/io_numpyro.py
Ravin Kumar,2021-09-22 00:53:39+03:00,arviz/data/io_pymc3_3x.py
Ravin Kumar,2021-09-22 00:53:39+03:00,arviz/data/io_tfp.py
Ravin Kumar,2021-09-22 00:53:39+03:00,arviz/plots/backends/__init__.py
Ravin Kumar,2021-09-22 00:53:39+03:00,arviz/plots/backends/bokeh/distplot.py
Ravin Kumar,2021-09-22 00:53:39+03:00,arviz/plots/backends/bokeh/elpdplot.py
Ravin Kumar,2021-09-22 00:53:39+03:00,arviz/plots/backends/bokeh/energyplot.py
Ravin Kumar,2021-09-22 00:53:39+03:00,arviz/plots/backends/bokeh/essplot.py
Ravin Kumar,2021-09-22 00:53:39+03:00,arviz/plots/backends/bokeh/forestplot.py
Ravin Kumar,2021-09-22 00:53:39+03:00,arviz/plots/backends/bokeh/jointplot.py
Ravin Kumar,2021-09-22 00:53:39+03:00,arviz/plots/backends/bokeh/loopitplot.py
Ravin Kumar,2021-09-22 00:53:39+03:00,arviz/plots/backends/bokeh/mcseplot.py
Ravin Kumar,2021-09-22 00:53:39+03:00,arviz/plots/backends/bokeh/pairplot.py
Ravin Kumar,2021-09-22 00:53:39+03:00,arviz/plots/backends/bokeh/posteriorplot.py
Ravin Kumar,2021-09-22 00:53:39+03:00,arviz/plots/backends/bokeh/ppcplot.py
Ravin Kumar,2021-09-22 00:53:39+03:00,arviz/plots/backends/bokeh/traceplot.py
Ravin Kumar,2021-09-22 00:53:39+03:00,arviz/plots/backends/matplotlib/elpdplot.py
Ravin Kumar,2021-09-22 00:53:39+03:00,arviz/plots/backends/matplotlib/energyplot.py
Ravin Kumar,2021-09-22 00:53:39+03:00,arviz/plots/backends/matplotlib/essplot.py
Ravin Kumar,2021-09-22 00:53:39+03:00,arviz/plots/backends/matplotlib/forestplot.py
Ravin Kumar,2021-09-22 00:53:39+03:00,arviz/plots/backends/matplotlib/jointplot.py
Ravin Kumar,2021-09-22 00:53:39+03:00,arviz/plots/backends/matplotlib/loopitplot.py
Ravin Kumar,2021-09-22 00:53:39+03:00,arviz/plots/backends/matplotlib/mcseplot.py
Ravin Kumar,2021-09-22 00:53:39+03:00,arviz/plots/backends/matplotlib/pairplot.py
Ravin Kumar,2021-09-22 00:53:39+03:00,arviz/plots/backends/matplotlib/ppcplot.py
Ravin Kumar,2021-09-22 00:53:39+03:00,arviz/plots/backends/matplotlib/traceplot.py
Ravin Kumar,2021-09-22 00:53:39+03:00,arviz/plots/bpvplot.py
Ravin Kumar,2021-09-22 00:53:39+03:00,arviz/plots/densityplot.py
Ravin Kumar,2021-09-22 00:53:39+03:00,arviz/plots/distplot.py
Ravin Kumar,2021-09-22 00:53:39+03:00,arviz/plots/elpdplot.py
Ravin Kumar,2021-09-22 00:53:39+03:00,arviz/plots/essplot.py
Ravin Kumar,2021-09-22 00:53:39+03:00,arviz/plots/jointplot.py
Ravin Kumar,2021-09-22 00:53:39+03:00,arviz/plots/lmplot.py
Ravin Kumar,2021-09-22 00:53:39+03:00,arviz/plots/parallelplot.py
Ravin Kumar,2021-09-22 00:53:39+03:00,arviz/plots/plot_utils.py
Ravin Kumar,2021-09-22 00:53:39+03:00,arviz/plots/ppcplot.py
Ravin Kumar,2021-09-22 00:53:39+03:00,arviz/plots/separationplot.py
Ravin Kumar,2021-09-22 00:53:39+03:00,arviz/rcparams.py
Ravin Kumar,2021-09-22 00:53:39+03:00,arviz/sel_utils.py
Ravin Kumar,2021-09-22 00:53:39+03:00,arviz/tests/base_tests/test_data.py
Ravin Kumar,2021-09-22 00:53:39+03:00,arviz/tests/base_tests/test_diagnostics.py
Ravin Kumar,2021-09-22 00:53:39+03:00,arviz/tests/base_tests/test_plots_bokeh.py
Ravin Kumar,2021-09-22 00:53:39+03:00,arviz/tests/base_tests/test_plots_matplotlib.py
Ravin Kumar,2021-09-22 00:53:39+03:00,arviz/tests/base_tests/test_rcparams.py
Ravin Kumar,2021-09-22 00:53:39+03:00,arviz/tests/base_tests/test_stats.py
Ravin Kumar,2021-09-22 00:53:39+03:00,arviz/tests/external_tests/test_data_numpyro.py
Ravin Kumar,2021-09-22 00:53:39+03:00,arviz/tests/external_tests/test_data_pymc.py
Ravin Kumar,2021-09-22 00:53:39+03:00,arviz/tests/external_tests/test_data_pyro.py
Ravin Kumar,2021-09-22 00:53:39+03:00,arviz/tests/external_tests/test_data_pystan.py
Ravin Kumar,2021-09-22 00:53:39+03:00,arviz/utils.py
Rosheen Naeem,2021-09-22 00:55:21+03:00,doc/source/schema/schema.md
Rosheen Naeem,2021-09-22 03:55:57+03:00,doc/source/contributing/index.md
Rosheen Naeem,2021-09-22 04:02:24+03:00,doc/source/user_guide/Numba.ipynb
Rosheen Naeem,2021-09-22 04:02:24+03:00,doc/source/user_guide/computation.md
Rosheen Naeem,2021-09-22 04:29:03+03:00,doc/source/contributing/issue_reports.md
Rosheen Naeem,2021-09-22 04:57:45+03:00,doc/source/user_guide/pystan2_refitting.ipynb
Rosheen Naeem,2021-09-22 04:59:44+03:00,doc/source/user_guide/sampling_wrappers.md
Ravin Kumar,2021-09-29 21:01:58-07:00,.azure-pipelines/azure-pipelines-external.yml
Rosheen Naeem,2021-09-30 08:25:36+03:00,doc/source/external_resources.md
Rosheen Naeem,2021-09-30 08:26:55+03:00,arviz/plots/kdeplot.py
Rosheen Naeem,2021-09-30 08:26:55+03:00,arviz/stats/density_utils.py
Rosheen Naeem,2021-09-30 08:26:55+03:00,doc/source/api/stats.rst
Rosheen Naeem,2021-10-01 14:53:26+03:00,arviz/plots/autocorrplot.py
Rosheen Naeem,2021-10-01 14:54:41+03:00,doc/source/user_guide/pystan2_refitting_xr_lik.ipynb
Ari Hartikainen,2021-10-01 20:52:41+03:00,CHANGELOG.md
Ari Hartikainen,2021-10-01 20:52:41+03:00,arviz/__init__.py
Peter Roelants,2021-10-02 14:57:40+03:00,CHANGELOG.md
Peter Roelants,2021-10-02 14:57:40+03:00,arviz/stats/density_utils.py
Ari Hartikainen,2021-10-03 13:43:26+03:00,CHANGELOG.md
Ari Hartikainen,2021-10-03 13:43:26+03:00,arviz/__init__.py
Rosheen Naeem,2021-10-04 18:49:01+03:00,doc/source/schema/PyMC3_schema_example.ipynb
Jaime,2021-10-04 18:52:06+03:00,doc/source/schema/PyStan_schema_example.ipynb
Rosheen Naeem,2021-10-04 18:52:50+03:00,doc/source/user_guide/numpyro_refitting.ipynb
Rosheen Naeem,2021-10-04 18:54:40+03:00,doc/source/user_guide/pymc3_refitting.ipynb
Rosheen Naeem,2021-10-06 15:00:06+03:00,doc/source/conf.py
Rosheen Naeem,2021-10-06 15:00:06+03:00,doc/source/contributing/contributing_prs.md
Rosheen Naeem,2021-10-06 15:00:06+03:00,requirements-docs.txt
Rosheen Naeem,2021-10-06 15:03:54+03:00,doc/source/contributing/developer_guide.md
Pallavi,2021-10-06 15:29:53+03:00,.gitignore
Pallavi,2021-10-06 15:29:53+03:00,doc/source/conf.py
Pallavi,2021-10-06 15:29:53+03:00,doc/source/contributing/index.md
Pallavi,2021-10-06 15:29:53+03:00,doc/source/contributing/issue_triaging.md
Pallavi,2021-10-06 15:29:53+03:00,doc/source/contributing/review_prs.md
Rosheen Naeem,2021-10-07 08:51:23+03:00,arviz/stats/density_utils.py
Rosheen Naeem,2021-10-07 08:51:23+03:00,doc/source/api/stats.rst
Rosheen Naeem,2021-10-07 09:04:02+03:00,doc/source/user_guide/pymc3_refitting_xr_lik.ipynb
Ashish Kumar,2021-10-08 08:48:35+03:00,arviz/plots/forestplot.py
Rosheen Naeem,2021-10-08 08:53:28+03:00,arviz/plots/hdiplot.py
Rosheen Naeem,2021-10-08 08:55:08+03:00,doc/source/community.md
Rosheen Naeem,2021-10-08 17:57:26+03:00,doc/source/user_guide/label_guide.rst
Nathan Tsai,2021-10-11 08:27:11+03:00,arviz/plots/jointplot.py
Nathan Tsai,2021-10-11 08:27:54+03:00,arviz/plots/energyplot.py
Nathan Tsai,2021-10-12 08:57:50+03:00,arviz/plots/elpdplot.py
Ari Hartikainen,2021-10-12 15:20:51+03:00,requirements-dev.txt
Julian Pedro F. Braga,2021-10-13 03:10:05+03:00,arviz/plots/compareplot.py
Divyateja Pasupuleti,2021-10-13 03:13:25+03:00,doc/source/user_guide/numpyro_refitting_xr_lik.ipynb
Divyateja Pasupuleti,2021-10-13 06:10:48+03:00,arviz/plots/posteriorplot.py
Melissa Peiffer,2021-10-14 07:59:29+03:00,arviz/stats/stats.py
Brites,2021-10-14 08:07:54+03:00,arviz/plots/mcseplot.py
Rosheen Naeem,2021-10-15 09:25:07+03:00,doc/source/conf.py
Rosheen Naeem,2021-10-15 09:25:07+03:00,doc/source/index.rst
Ashish Kumar,2021-10-15 14:02:47+03:00,arviz/plots/ppcplot.py
Ari Hartikainen,2021-10-19 22:08:44+03:00,requirements-docs.txt
Prakyath Raj,2021-10-22 08:19:18+03:00,arviz/plots/tsplot.py
Tomás Capretto,2021-10-22 08:23:11+03:00,arviz/plots/backends/bokeh/ppcplot.py
Tomás Capretto,2021-10-22 08:23:11+03:00,arviz/plots/backends/matplotlib/ppcplot.py
Luigi Stammati,2021-10-22 08:25:38+03:00,arviz/plots/parallelplot.py
Jaime,2021-10-22 08:38:50+03:00,arviz/plots/traceplot.py
Melissa Peiffer,2021-10-22 08:40:21+03:00,arviz/stats/stats.py
Ashish Kumar,2021-10-22 08:41:29+03:00,arviz/plots/violinplot.py
Rosheen Naeem,2021-10-25 08:11:21+03:00,arviz/plots/bpvplot.py
Rosheen Naeem,2021-10-28 08:55:42+03:00,arviz/plots/rankplot.py
Rosheen Naeem,2021-10-28 08:55:42+03:00,doc/source/conf.py
Rosheen Naeem,2021-10-28 08:58:12+03:00,arviz/plots/loopitplot.py
Rosheen Naeem,2021-10-28 08:59:54+03:00,arviz/plots/pairplot.py
Ari Hartikainen,2021-10-29 12:42:50+03:00,CHANGELOG.md
Ari Hartikainen,2021-10-29 12:42:50+03:00,arviz/plots/backends/bokeh/energyplot.py
Ari Hartikainen,2021-10-29 12:42:50+03:00,arviz/plots/backends/bokeh/essplot.py
Ari Hartikainen,2021-10-30 19:48:51+03:00,arviz/data/io_cmdstanpy.py
Alex Huang,2021-11-01 12:31:28-04:00,arviz/plots/khatplot.py
Rosheen Naeem,2021-11-01 12:32:15-04:00,doc/_templates/layout.html
Rosheen Naeem,2021-11-01 12:35:38-04:00,doc/GSoD survey/Survey Report.pdf
Rosheen Naeem,2021-11-01 20:44:19+02:00,arviz/stats/stats.py
Arushi Mittal,2021-11-01 20:48:42+02:00,arviz/plots/lmplot.py
Rosheen Naeem,2021-11-01 22:02:52+02:00,arviz/plots/rankplot.py
ispedals,2021-11-01 22:03:34+02:00,arviz/plots/separationplot.py
Ashish Kumar,2021-11-01 22:06:06+02:00,arviz/plots/densityplot.py
Ashish Kumar,2021-11-01 22:06:06+02:00,arviz/plots/essplot.py
Rosheen Naeem,2021-11-02 16:09:16+02:00,arviz/stats/stats.py
Rosheen Naeem,2021-11-02 16:12:47+02:00,doc/source/user_guide/index.rst
Rosheen Naeem,2021-11-02 16:12:47+02:00,doc/source/user_guide/plots_arguments_guide.md
Rosheen Naeem,2021-11-02 16:12:47+02:00,doc/source/user_guide/plotting.md
Rosheen Naeem,2021-11-02 18:18:41+02:00,arviz/plots/distplot.py
Rosheen Naeem,2021-11-08 18:16:47+02:00,doc/GSoD survey/Survey Report.pdf
Rosheen Naeem,2021-11-09 03:31:24+02:00,.azure-pipelines/azure-pipelines-external.yml
Rosheen Naeem,2021-11-09 03:31:24+02:00,arviz/data/__init__.py
Rosheen Naeem,2021-11-09 03:31:24+02:00,arviz/data/io_tfp.py
Rosheen Naeem,2021-11-09 03:31:24+02:00,arviz/plots/dotplot.py
Rosheen Naeem,2021-11-09 03:31:24+02:00,arviz/tests/external_tests/test_data_pyjags.py
Rosheen Naeem,2021-11-09 03:31:24+02:00,arviz/tests/external_tests/test_data_tfp.py
Rosheen Naeem,2021-11-09 03:31:24+02:00,arviz/tests/helpers.py
Rosheen Naeem,2021-11-09 03:31:24+02:00,mypy.ini
Rosheen Naeem,2021-11-09 03:31:24+02:00,requirements-external.txt
Rosheen Naeem,2021-11-09 03:33:12+02:00,arviz/plots/khatplot.py
Rosheen Naeem,2021-11-09 03:33:12+02:00,arviz/plots/ppcplot.py
Alex Huang,2021-11-09 14:40:22+02:00,arviz/stats/diagnostics.py
Rosheen Naeem,2021-11-09 18:25:53+02:00,doc/source/contributing/contributing_prs.md
Oriol Abril-Pla,2021-11-09 18:26:10+02:00,doc/source/about_us.md
Oriol Abril-Pla,2021-11-09 18:26:10+02:00,doc/source/api/data.rst
Oriol Abril-Pla,2021-11-09 18:26:10+02:00,doc/source/community.md
Oriol Abril-Pla,2021-11-09 18:26:10+02:00,doc/source/conf.py
Oriol Abril-Pla,2021-11-09 18:26:10+02:00,doc/source/contributing/developer_guide.md
Oriol Abril-Pla,2021-11-09 18:26:10+02:00,doc/source/contributing/index.md
Oriol Abril-Pla,2021-11-09 18:26:10+02:00,doc/source/contributing/issue_triaging.md
Oriol Abril-Pla,2021-11-09 18:26:10+02:00,doc/source/contributing/outreach.md
Oriol Abril-Pla,2021-11-09 18:26:10+02:00,doc/source/contributing/review_prs.md
Oriol Abril-Pla,2021-11-09 18:26:10+02:00,doc/source/core_contributors.md
Oriol Abril-Pla,2021-11-09 18:26:10+02:00,doc/source/external_resources.md
Oriol Abril-Pla,2021-11-09 18:26:10+02:00,doc/source/user_guide/label_guide.rst
Oriol Abril-Pla,2021-11-09 18:26:10+02:00,doc/sphinxext/gallery_generator.py
Oriol Abril-Pla,2021-11-09 18:26:10+02:00,requirements-docs.txt
Rosheen Naeem,2021-11-13 19:08:53+02:00,arviz/plots/kdeplot.py
Rosheen Naeem,2021-11-13 19:09:10+02:00,arviz/stats/stats.py
Rosheen Naeem,2021-11-13 19:09:29+02:00,arviz/stats/diagnostics.py
Hector,2021-11-13 19:09:53+02:00,CHANGELOG.md
Hector,2021-11-13 19:09:53+02:00,arviz/plots/forestplot.py
Rosheen Naeem,2021-11-13 19:10:16+02:00,arviz/plots/distcomparisonplot.py
Rosheen Naeem,2021-11-13 19:10:16+02:00,arviz/plots/dotplot.py
Jamie Morton,2021-11-14 18:31:20+02:00,.pylintrc
Jamie Morton,2021-11-14 18:31:20+02:00,CHANGELOG.md
Jamie Morton,2021-11-14 18:31:20+02:00,arviz/data/datasets.py
Jamie Morton,2021-11-14 18:31:20+02:00,arviz/data/inference_data.py
Jamie Morton,2021-11-14 18:31:20+02:00,arviz/data/io_netcdf.py
Jamie Morton,2021-11-14 18:31:20+02:00,arviz/stats/stats_utils.py
Jamie Morton,2021-11-14 18:31:20+02:00,requirements-optional.txt
Ari Hartikainen,2021-11-14 18:33:26+02:00,.azure-pipelines/azure-pipelines-base.yml
Ari Hartikainen,2021-11-14 18:33:26+02:00,.azure-pipelines/azure-pipelines-benchmarks.yml
Ari Hartikainen,2021-11-14 18:33:26+02:00,.azure-pipelines/azure-pipelines-docs.yml
Ari Hartikainen,2021-11-14 18:33:26+02:00,.azure-pipelines/azure-pipelines-external.yml
Ari Hartikainen,2021-11-14 18:33:26+02:00,.azure-pipelines/azure-pipelines-wheel.yml
Ari Hartikainen,2021-11-14 18:33:26+02:00,CHANGELOG.md
Ari Hartikainen,2021-11-14 18:33:26+02:00,README.md
Ari Hartikainen,2021-11-14 18:33:26+02:00,arviz/data/inference_data.py
Ari Hartikainen,2021-11-14 18:33:26+02:00,scripts/create_testenv.sh
Ari Hartikainen,2021-11-14 18:33:26+02:00,setup.py
Oriol Abril-Pla,2021-11-14 18:34:22+02:00,arviz/plots/__init__.py
Oriol Abril-Pla,2021-11-14 18:34:22+02:00,arviz/plots/backends/__init__.py
Oriol Abril-Pla,2021-11-14 18:34:22+02:00,arviz/plots/backends/bokeh/__init__.py
Oriol Abril-Pla,2021-11-14 18:34:22+02:00,arviz/plots/backends/bokeh/jointplot.py
Oriol Abril-Pla,2021-11-14 18:34:22+02:00,arviz/plots/backends/matplotlib/__init__.py
Oriol Abril-Pla,2021-11-14 18:34:22+02:00,arviz/plots/backends/matplotlib/jointplot.py
Oriol Abril-Pla,2021-11-14 18:34:22+02:00,arviz/plots/backends/matplotlib/kdeplot.py
Oriol Abril-Pla,2021-11-14 18:34:22+02:00,arviz/plots/hdiplot.py
Oriol Abril-Pla,2021-11-14 18:34:22+02:00,arviz/plots/jointplot.py
Oriol Abril-Pla,2021-11-14 18:34:22+02:00,arviz/plots/khatplot.py
Oriol Abril-Pla,2021-11-14 18:34:22+02:00,arviz/plots/violinplot.py
Oriol Abril-Pla,2021-11-14 18:34:22+02:00,arviz/tests/base_tests/test_plots_bokeh.py
Oriol Abril-Pla,2021-11-14 18:34:22+02:00,arviz/tests/base_tests/test_plots_matplotlib.py
Oriol Abril-Pla,2021-11-14 18:34:22+02:00,doc/source/api/plots.rst
Oriol Abril-Pla,2021-11-14 18:34:22+02:00,examples/bokeh/bokeh_plot_pair_point_estimate.py
Mragank Shekhar,2021-11-15 20:45:50+02:00,.gitignore
Mragank Shekhar,2021-11-15 20:45:50+02:00,arviz/stats/stats_utils.py
Mragank Shekhar,2021-11-15 20:45:50+02:00,doc/source/conf.py
Mragank Shekhar,2021-11-15 20:45:50+02:00,doc/source/user_guide/Dask.ipynb
Mragank Shekhar,2021-11-15 20:45:50+02:00,doc/source/user_guide/Numba.ipynb
Mragank Shekhar,2021-11-15 20:45:50+02:00,doc/source/user_guide/computation.md
Alex Nitz,2021-11-15 20:56:19+02:00,setup.py
OrchiDorchi,2021-12-03 22:03:25-05:00,CHANGELOG.md
OrchiDorchi,2021-12-03 22:03:25-05:00,arviz/stats/stats.py
Ari Hartikainen,2021-12-05 13:52:07+02:00,arviz/stats/density_utils.py
Ari Hartikainen,2021-12-05 13:52:07+02:00,arviz/stats/stats_utils.py
Colin,2021-12-08 20:51:15-05:00,arviz/tests/base_tests/test_data_zarr.py
Colin,2021-12-08 20:51:15-05:00,requirements.txt
Oriol Abril-Pla,2021-12-16 00:57:48+02:00,CHANGELOG.md
Oriol Abril-Pla,2021-12-16 00:57:48+02:00,requirements-optional.txt
zaxtax,2021-12-16 00:58:11+02:00,doc/source/user_guide/Numba.ipynb
Rosheen Naeem,2022-01-03 21:47:57+02:00,doc/source/conf.py
Rosheen Naeem,2022-01-03 21:47:57+02:00,doc/source/contributing/architecture.md
Rosheen Naeem,2022-01-03 21:47:57+02:00,doc/source/contributing/content_structure.md
Rosheen Naeem,2022-01-03 21:47:57+02:00,doc/source/contributing/contributing_prs.md
Rosheen Naeem,2022-01-03 21:47:57+02:00,doc/source/contributing/developer_guide.md
Rosheen Naeem,2022-01-03 21:47:57+02:00,doc/source/contributing/developing_in_docker.md
Rosheen Naeem,2022-01-03 21:47:57+02:00,doc/source/contributing/diataxis_for_arviz.md
Rosheen Naeem,2022-01-03 21:47:57+02:00,doc/source/contributing/doc_toolchain.md
Rosheen Naeem,2022-01-03 21:47:57+02:00,doc/source/contributing/docstrings.md
Rosheen Naeem,2022-01-03 21:47:57+02:00,doc/source/contributing/index.md
Rosheen Naeem,2022-01-03 21:47:57+02:00,doc/source/contributing/plotting_backends.md
Rosheen Naeem,2022-01-03 21:47:57+02:00,doc/source/contributing/pr_checklist.md
Rosheen Naeem,2022-01-03 21:47:57+02:00,doc/source/contributing/pr_tutorial.md
Rosheen Naeem,2022-01-03 21:47:57+02:00,doc/source/contributing/running_benchmarks.md
Rosheen Naeem,2022-01-03 21:47:57+02:00,doc/source/contributing/sphinx_doc_build.md
Rosheen Naeem,2022-01-03 21:47:57+02:00,doc/source/contributing/syntax_guide.md
Oriol Abril-Pla,2022-01-03 21:48:11+02:00,CHANGELOG.md
Oriol Abril-Pla,2022-01-03 21:48:11+02:00,arviz/plots/backends/bokeh/distplot.py
Oriol Abril-Pla,2022-01-03 21:48:11+02:00,arviz/plots/backends/bokeh/kdeplot.py
Oriol Abril-Pla,2022-01-03 21:48:11+02:00,arviz/plots/backends/bokeh/pairplot.py
Oriol Abril-Pla,2022-01-03 21:48:11+02:00,arviz/plots/backends/matplotlib/distplot.py
Oriol Abril-Pla,2022-01-03 21:48:11+02:00,arviz/plots/backends/matplotlib/kdeplot.py
Oriol Abril-Pla,2022-01-03 21:48:11+02:00,arviz/plots/backends/matplotlib/pairplot.py
Oriol Abril-Pla,2022-01-03 21:48:11+02:00,arviz/plots/plot_utils.py
smutch,2022-01-07 03:50:57+02:00,arviz/stats/stats.py
smutch,2022-01-07 03:50:57+02:00,arviz/tests/base_tests/test_stats.py
Ari Hartikainen,2022-01-14 04:11:39+02:00,arviz/data/io_pystan.py
Ari Hartikainen,2022-01-14 04:11:39+02:00,arviz/tests/external_tests/test_data_pystan.py
Josh Jacobson,2022-01-14 06:34:30+02:00,CHANGELOG.md
Josh Jacobson,2022-01-14 06:34:30+02:00,arviz/plots/backends/bokeh/lmplot.py
Josh Jacobson,2022-01-14 06:34:30+02:00,arviz/plots/backends/matplotlib/lmplot.py
Josh Jacobson,2022-01-14 06:34:30+02:00,arviz/plots/lmplot.py
Oriol Abril-Pla,2022-01-14 06:35:15+02:00,doc/_templates/donate.html
Oriol Abril-Pla,2022-01-14 06:35:15+02:00,doc/_templates/edit-this-page.html
Oriol Abril-Pla,2022-01-14 06:35:15+02:00,doc/_templates/twitter.html
Oriol Abril-Pla,2022-01-14 06:35:15+02:00,doc/source/_static/custom.css
Oriol Abril-Pla,2022-01-14 06:35:15+02:00,doc/source/conf.py
Oriol Abril-Pla,2022-01-14 06:35:15+02:00,requirements-docs.txt
Ari Hartikainen,2022-01-15 15:56:03+02:00,arviz/tests/external_tests/test_data_pyjags.py
eidanch,2022-01-16 09:25:36+02:00,arviz/data/base.py
eidanch,2022-01-16 09:25:36+02:00,arviz/tests/base_tests/test_data.py
Meenal Jhajharia,2022-01-16 12:47:08+02:00,arviz/data/inference_data.py
Piyush Gautam,2022-01-16 18:37:36+02:00,arviz/data/inference_data.py
Piyush Gautam,2022-01-16 18:37:36+02:00,arviz/data/io_dict.py
Piyush Gautam,2022-01-16 18:37:36+02:00,arvizrc.template
nrakocz,2022-01-16 19:20:33+02:00,arviz/stats/stats.py
nrakocz,2022-01-16 19:20:33+02:00,arviz/tests/base_tests/test_stats.py
Oriol Abril-Pla,2022-01-19 05:25:04+02:00,CHANGELOG.md
Oriol Abril-Pla,2022-01-19 05:25:04+02:00,arviz/data/__init__.py
Oriol Abril-Pla,2022-01-19 05:25:04+02:00,arviz/data/utils.py
Oriol Abril-Pla,2022-01-19 05:25:04+02:00,arviz/tests/base_tests/test_data.py
Oriol Abril-Pla,2022-01-19 05:25:04+02:00,doc/source/api/data.rst
Oriol Abril-Pla,2022-01-19 05:25:04+02:00,doc/source/conf.py
Oriol Abril-Pla,2022-01-19 05:25:04+02:00,doc/source/getting_started/Introduction.ipynb
Oriol Abril-Pla,2022-01-19 05:25:04+02:00,doc/source/getting_started/WorkingWithInferenceData.ipynb
Oriol Abril-Pla,2022-01-19 05:25:04+02:00,doc/source/getting_started/XarrayforArviZ.ipynb
Oriol Abril-Pla,2022-01-19 05:25:04+02:00,requirements-docs.txt
Jed Ludlow,2022-01-20 22:26:09+02:00,CHANGELOG.md
Jed Ludlow,2022-01-20 22:26:09+02:00,arviz/plots/backends/matplotlib/ppcplot.py
Ero Carrera,2022-02-01 16:20:38+02:00,arviz/plots/traceplot.py
Michael Osthege,2022-02-01 22:04:56+02:00,MANIFEST.in
Michael Osthege,2022-02-01 22:04:56+02:00,arviz/py.typed
Michael Osthege,2022-02-01 22:04:56+02:00,requirements-dev.txt
Ero Carrera,2022-02-08 14:02:37+02:00,arviz/stats/stats.py
Ero Carrera,2022-02-08 22:51:34+02:00,CHANGELOG.md
Ero Carrera,2022-02-08 22:51:34+02:00,arviz/data/io_cmdstan.py
Ero Carrera,2022-02-08 22:51:34+02:00,arviz/tests/external_tests/test_data_cmdstan.py
Ero Carrera,2022-02-11 21:31:40+02:00,arviz/plots/loopitplot.py
Ali Akbar S,2022-02-16 17:56:40+02:00,CHANGELOG.md
Ali Akbar S,2022-02-16 17:56:40+02:00,arviz/stats/stats.py
Prahas Ranjan,2022-03-01 22:54:50+02:00,arviz/plots/densityplot.py
Prahas Ranjan,2022-03-01 22:54:50+02:00,arviz/tests/base_tests/test_plots_matplotlib.py
Prahas Ranjan,2022-03-01 22:54:50+02:00,arviz/tests/base_tests/test_utils.py
William Martin,2022-03-02 00:44:38+02:00,CHANGELOG.md
William Martin,2022-03-02 00:44:38+02:00,arviz/plots/backends/matplotlib/pairplot.py
William Martin,2022-03-02 00:44:38+02:00,arviz/tests/base_tests/test_plots_matplotlib.py
Eric Chen,2022-03-02 07:21:35+02:00,arviz/plots/backends/bokeh/forestplot.py
Eric Chen,2022-03-02 07:21:35+02:00,arviz/plots/backends/matplotlib/forestplot.py
Eric Chen,2022-03-02 07:21:35+02:00,arviz/plots/densityplot.py
Eric Chen,2022-03-02 07:21:35+02:00,arviz/plots/distcomparisonplot.py
Eric Chen,2022-03-02 07:21:35+02:00,arviz/plots/forestplot.py
Eric Chen,2022-03-02 07:21:35+02:00,arviz/plots/pairplot.py
Eric Chen,2022-03-02 07:21:35+02:00,arviz/plots/parallelplot.py
Eric Chen,2022-03-02 07:21:35+02:00,arviz/plots/posteriorplot.py
Eric Chen,2022-03-02 07:21:35+02:00,arviz/plots/rankplot.py
Eric Chen,2022-03-02 07:21:35+02:00,arviz/plots/violinplot.py
Eric Chen,2022-03-02 07:21:35+02:00,arviz/tests/base_tests/test_plots_bokeh.py
Eric Chen,2022-03-02 07:21:35+02:00,arviz/tests/base_tests/test_plots_matplotlib.py
Eric Chen,2022-03-02 07:21:35+02:00,arviz/tests/helpers.py
Eric Chen,2022-03-02 07:21:35+02:00,doc/source/user_guide/plots_arguments_guide.md
Eric Chen,2022-03-02 07:21:35+02:00,examples/bokeh/bokeh_plot_posterior_combinedims.py
Eric Chen,2022-03-02 07:21:35+02:00,examples/matplotlib/mpl_plot_posterior_combinedims.py
Jonathan Lindbloom,2022-03-04 22:53:18+02:00,doc/source/conf.py
Jonathan Lindbloom,2022-03-04 22:53:18+02:00,doc/source/user_guide/plots_arguments_guide.md
Alexis Perakis,2022-03-05 00:17:27+02:00,.gitignore
Alexis Perakis,2022-03-05 00:17:27+02:00,CHANGELOG.md
Alexis Perakis,2022-03-05 00:17:27+02:00,arviz/plots/distcomparisonplot.py
Alexis Perakis,2022-03-05 00:17:27+02:00,arviz/tests/base_tests/test_plots_matplotlib.py
Meenal Jhajharia,2022-03-06 06:33:40+02:00,doc/source/getting_started/WorkingWithInferenceData.ipynb
Jan Tünnermann,2022-03-11 14:02:44+02:00,arviz/data/inference_data.py
Oriol Abril-Pla,2022-03-11 16:44:43+02:00,arviz/plots/backends/__init__.py
Oriol Abril-Pla,2022-03-11 16:44:43+02:00,arviz/plots/backends/bokeh/autocorrplot.py
Oriol Abril-Pla,2022-03-11 16:44:43+02:00,arviz/plots/backends/bokeh/elpdplot.py
Oriol Abril-Pla,2022-03-11 16:44:43+02:00,arviz/plots/backends/bokeh/pairplot.py
Oriol Abril-Pla,2022-03-11 16:44:43+02:00,arviz/plots/backends/matplotlib/autocorrplot.py
Oriol Abril-Pla,2022-03-11 16:44:43+02:00,arviz/plots/backends/matplotlib/elpdplot.py
Oriol Abril-Pla,2022-03-11 16:44:43+02:00,arviz/plots/backends/matplotlib/khatplot.py
Oriol Abril-Pla,2022-03-11 16:44:43+02:00,arviz/plots/backends/matplotlib/pairplot.py
Oriol Abril-Pla,2022-03-11 16:44:43+02:00,arviz/plots/plot_utils.py
Oriol Abril-Pla,2022-03-11 16:44:43+02:00,arviz/stats/density_utils.py
Oriol Abril-Pla,2022-03-11 16:44:43+02:00,arviz/stats/diagnostics.py
Oriol Abril-Pla,2022-03-11 16:44:43+02:00,arviz/stats/stats.py
Oriol Abril-Pla,2022-03-11 16:44:43+02:00,arviz/tests/base_tests/test_stats.py
Oriol Abril-Pla,2022-03-11 16:44:43+02:00,arviz/tests/base_tests/test_utils.py
Oriol Abril-Pla,2022-03-11 16:44:43+02:00,arviz/tests/external_tests/test_data_emcee.py
Oriol Abril-Pla,2022-03-11 16:44:43+02:00,arviz/tests/helpers.py
Oriol Abril-Pla,2022-03-11 16:44:43+02:00,asv_benchmarks/benchmarks/benchmarks.py
Oriol Abril-Pla,2022-03-11 16:44:43+02:00,requirements-dev.txt
Oriol Abril-Pla,2022-03-11 16:44:43+02:00,requirements-docs.txt
Ari Hartikainen,2022-03-15 09:36:41+02:00,CHANGELOG.md
Ari Hartikainen,2022-03-15 09:36:41+02:00,arviz/stats/__init__.py
Oriol Abril-Pla,2022-03-21 22:19:55+02:00,CHANGELOG.md
Oriol Abril-Pla,2022-03-21 22:19:55+02:00,arviz/data/base.py
Oriol Abril-Pla,2022-03-21 22:19:55+02:00,arviz/tests/base_tests/test_data.py
Utkarsh Mahweshwari,2022-03-23 12:55:21+02:00,CHANGELOG.md
Utkarsh Mahweshwari,2022-03-23 12:55:21+02:00,arviz/plots/backends/bokeh/posteriorplot.py
Utkarsh Mahweshwari,2022-03-23 12:55:21+02:00,arviz/plots/backends/matplotlib/posteriorplot.py
Utkarsh Mahweshwari,2022-03-23 12:55:21+02:00,arviz/tests/base_tests/test_plots_bokeh.py
Utkarsh Mahweshwari,2022-03-23 12:55:21+02:00,arviz/tests/base_tests/test_plots_matplotlib.py
George Alkis Alexopoulos,2022-03-23 13:39:35+02:00,CHANGELOG.md
George Alkis Alexopoulos,2022-03-23 13:39:35+02:00,arviz/plots/elpdplot.py
George Alkis Alexopoulos,2022-03-23 13:39:35+02:00,arviz/rcparams.py
George Alkis Alexopoulos,2022-03-23 13:39:35+02:00,arviz/stats/__init__.py
George Alkis Alexopoulos,2022-03-23 13:39:35+02:00,arviz/stats/stats.py
George Alkis Alexopoulos,2022-03-23 13:39:35+02:00,arviz/tests/base_tests/test_plots_matplotlib.py
George Alkis Alexopoulos,2022-03-23 13:39:35+02:00,arviz/tests/base_tests/test_stats.py
George Alkis Alexopoulos,2022-03-23 13:39:35+02:00,arviz/utils.py
George Alkis Alexopoulos,2022-03-23 13:39:35+02:00,arvizrc.template
George Alkis Alexopoulos,2022-03-23 13:39:35+02:00,mypy.ini
Rishabh Sanjay,2022-03-23 14:03:14+02:00,CHANGELOG.md
Rishabh Sanjay,2022-03-23 14:03:14+02:00,arviz/plots/__init__.py
Rishabh Sanjay,2022-03-23 14:03:14+02:00,arviz/plots/backends/bokeh/ecdfplot.py
Rishabh Sanjay,2022-03-23 14:03:14+02:00,arviz/plots/backends/matplotlib/ecdfplot.py
Rishabh Sanjay,2022-03-23 14:03:14+02:00,arviz/plots/ecdfplot.py
Rishabh Sanjay,2022-03-23 14:03:14+02:00,arviz/tests/base_tests/test_plots_bokeh.py
Rishabh Sanjay,2022-03-23 14:03:14+02:00,arviz/tests/base_tests/test_plots_matplotlib.py
Osvaldo Martin,2022-03-23 14:07:32+02:00,arviz/plots/pairplot.py
Oriol Abril-Pla,2022-03-23 14:08:23+02:00,CHANGELOG.md
Oriol Abril-Pla,2022-03-23 14:08:23+02:00,arviz/plots/backends/bokeh/essplot.py
Oriol Abril-Pla,2022-03-23 14:08:23+02:00,arviz/plots/backends/matplotlib/essplot.py
Oriol Abril-Pla,2022-03-23 14:08:23+02:00,arviz/plots/essplot.py
Oriol Abril-Pla,2022-03-23 14:08:23+02:00,arviz/tests/base_tests/test_plots_bokeh.py
Ari Hartikainen,2022-03-23 20:12:22+02:00,arviz/__init__.py
Ari Hartikainen,2022-03-23 20:17:16+02:00,CHANGELOG.md
Ari Hartikainen,2022-03-23 20:21:06+02:00,arviz/__init__.py
Oriol Abril-Pla,2022-03-23 21:01:24+02:00,arviz/__init__.py
Rob Zinkov,2022-03-29 12:04:43+03:00,arviz/tests/base_tests/test_plots_matplotlib.py
Rob Zinkov,2022-03-29 12:04:43+03:00,arviz/tests/base_tests/test_utils.py
Rob Zinkov,2022-03-29 12:04:43+03:00,arviz/tests/helpers.py
Rob Zinkov,2022-03-29 12:04:43+03:00,arviz/utils.py
Rob Zinkov,2022-03-29 12:04:43+03:00,doc/source/user_guide/plots_arguments_guide.md
Osvaldo Martin,2022-04-01 00:17:07+03:00,README.md
Osvaldo Martin,2022-04-01 00:17:07+03:00,doc/logo/ArviZ.jpg
Osvaldo Martin,2022-04-01 00:17:07+03:00,doc/logo/ArviZ.pdf
Osvaldo Martin,2022-04-01 00:17:07+03:00,doc/logo/ArviZ.png
Osvaldo Martin,2022-04-01 00:17:07+03:00,doc/logo/ArviZ.svg
Osvaldo Martin,2022-04-01 00:17:07+03:00,doc/logo/generate_logo.py
Osvaldo Martin,2022-04-01 00:17:07+03:00,doc/source/_static/favicon.ico
Osvaldo Martin,2022-04-01 00:17:07+03:00,doc/source/_static/logo.png
Osvaldo Martin,2022-04-06 12:34:17+03:00,README.md
Osvaldo Martin,2022-04-06 12:34:17+03:00,arviz/plots/kdeplot.py
Osvaldo Martin,2022-04-06 12:34:17+03:00,arviz/plots/pairplot.py
Osvaldo Martin,2022-04-06 12:34:17+03:00,doc/source/index.rst
Seth Axen,2022-04-09 10:45:44+02:00,CHANGELOG.md
Seth Axen,2022-04-09 10:45:44+02:00,arviz/stats/stats.py
Seth Axen,2022-04-09 10:45:44+02:00,arviz/tests/base_tests/test_stats.py
Seth Axen,2022-04-13 20:54:10+03:00,CONTRIBUTING.md
Seth Axen,2022-04-13 20:54:10+03:00,GOVERNANCE.md
Seth Axen,2022-04-13 20:54:10+03:00,README.md
Seth Axen,2022-04-13 20:54:10+03:00,asv_benchmarks/asv.conf.json
Seth Axen,2022-04-13 20:54:10+03:00,doc/_templates/404.html
Seth Axen,2022-04-13 20:54:10+03:00,doc/_templates/layout.html
Seth Axen,2022-04-13 20:54:10+03:00,doc/source/_static/custom.css
Seth Axen,2022-04-13 20:54:10+03:00,doc/source/_static/logo.png
Seth Axen,2022-04-13 20:54:10+03:00,doc/source/about_us.md
Seth Axen,2022-04-13 20:54:10+03:00,doc/source/conf.py
Seth Axen,2022-04-13 20:54:10+03:00,doc/source/contributing/contributing_prs.md
Seth Axen,2022-04-13 20:54:10+03:00,doc/source/contributing/index.md
Seth Axen,2022-04-13 20:54:10+03:00,doc/source/contributing/syntax_guide.md
Seth Axen,2022-04-13 20:54:10+03:00,doc/source/core_contributors.md
Seth Axen,2022-04-13 20:54:10+03:00,doc/source/getting_started/CreatingInferenceData.ipynb
Seth Axen,2022-04-13 20:54:10+03:00,doc/source/getting_started/Installation.rst
Seth Axen,2022-04-13 20:54:10+03:00,doc/source/index.rst
Seth Axen,2022-04-13 20:54:10+03:00,doc/source/schema/schema.md
Emmanuel Lusenji,2022-04-24 12:51:16+03:00,arviz/stats/stats_utils.py
Prahas Ranjan,2022-05-05 01:21:16+03:00,CHANGELOG.md
Prahas Ranjan,2022-05-05 01:21:16+03:00,arviz/stats/diagnostics.py
Prahas Ranjan,2022-05-05 01:21:16+03:00,arviz/stats/stats.py
Prahas Ranjan,2022-05-05 01:21:16+03:00,arviz/tests/base_tests/test_stats.py
Prahas Ranjan,2022-05-05 01:21:16+03:00,requirements.txt
Sandra Yojana Meneses,2022-05-06 19:46:21+03:00,doc/source/user_guide/plotting.md
Sandra Yojana Meneses,2022-05-06 19:46:21+03:00,doc/source/user_guide/plotting_with_bokeh.md
Sandra Yojana Meneses,2022-05-06 19:46:21+03:00,doc/source/user_guide/plotting_with_matplotlib.md
Jacki Buros Novik,2022-05-13 01:05:37+03:00,CHANGELOG.md
Jacki Buros Novik,2022-05-13 01:05:37+03:00,arviz/data/io_cmdstanpy.py
Yilin Xia,2022-05-13 01:12:23+03:00,doc/source/getting_started/Introduction.ipynb
Oriol Abril-Pla,2022-05-13 01:52:07+03:00,CHANGELOG.md
Oriol Abril-Pla,2022-05-13 01:52:07+03:00,arviz/labels.py
Rob Zinkov,2022-05-13 19:00:56+03:00,CHANGELOG.md
Rob Zinkov,2022-05-13 19:00:56+03:00,arviz/__init__.py
Rob Zinkov,2022-05-13 19:00:56+03:00,doc/source/contributing/how_to_release.md
Rob Zinkov,2022-05-13 19:00:56+03:00,doc/source/contributing/index.md
Rob Zinkov,2022-05-15 14:19:31+03:00,arviz/__init__.py
Ari Hartikainen,2022-05-17 20:36:40-07:00,arviz/plots/backends/matplotlib/dotplot.py
Kaiqi Dong,2022-06-17 20:05:58+03:00,.pylintrc
Kaiqi Dong,2022-06-17 20:05:58+03:00,arviz/plots/backends/matplotlib/ppcplot.py
Kaiqi Dong,2022-06-17 20:05:58+03:00,arviz/plots/plot_utils.py
Kaiqi Dong,2022-06-17 20:05:58+03:00,arviz/plots/tsplot.py
Kaiqi Dong,2022-06-17 20:05:58+03:00,arviz/stats/density_utils.py
Kaiqi Dong,2022-06-17 20:05:58+03:00,arviz/tests/base_tests/test_data.py
Kaiqi Dong,2022-06-17 20:05:58+03:00,arviz/tests/base_tests/test_rcparams.py
Kaiqi Dong,2022-06-17 20:05:58+03:00,arviz/tests/base_tests/test_stats.py
Kaiqi Dong,2022-06-17 20:05:58+03:00,arviz/tests/base_tests/test_stats_utils.py
Ari Hartikainen,2022-06-17 20:54:56+03:00,.azure-pipelines/azure-pipelines-external.yml
Kaiqi Dong,2022-06-19 10:49:15+03:00,arviz/stats/stats.py
Oriol Abril-Pla,2022-06-19 18:41:04+03:00,arviz/plots/kdeplot.py
Oriol Abril-Pla,2022-06-19 18:49:36+03:00,requirements-docs.txt
Oriol Abril-Pla,2022-06-19 19:17:50+03:00,CHANGELOG.md
Oriol Abril-Pla,2022-06-19 19:17:50+03:00,doc/source/contributing/index.md
Oriol Abril-Pla,2022-06-19 19:17:50+03:00,doc/source/contributing/translate.md
Osvaldo A Martin,2022-06-21 20:21:59+03:00,arviz/plots/backends/bokeh/compareplot.py
Osvaldo A Martin,2022-06-21 20:21:59+03:00,arviz/plots/backends/matplotlib/compareplot.py
Osvaldo A Martin,2022-06-21 20:21:59+03:00,arviz/plots/compareplot.py
Osvaldo A Martin,2022-06-21 20:21:59+03:00,arviz/stats/stats.py
Osvaldo A Martin,2022-06-21 20:21:59+03:00,arviz/stats/stats_utils.py
Osvaldo A Martin,2022-06-21 20:21:59+03:00,arviz/tests/base_tests/test_plots_bokeh.py
Osvaldo A Martin,2022-06-21 20:21:59+03:00,arviz/tests/base_tests/test_plots_matplotlib.py
Osvaldo A Martin,2022-06-21 20:21:59+03:00,arviz/tests/base_tests/test_rcparams.py
Osvaldo A Martin,2022-06-21 20:21:59+03:00,arviz/tests/base_tests/test_stats.py
Osvaldo A Martin,2022-06-21 20:21:59+03:00,arviz/tests/base_tests/test_stats_utils.py
Akhil Galla,2022-06-21 20:22:08+03:00,arviz/plots/kdeplot.py
Osvaldo A Martin,2022-06-25 09:53:03-03:00,arviz/data/__init__.py
Osvaldo A Martin,2022-06-25 09:53:03-03:00,arviz/data/utils.py
Osvaldo A Martin,2022-06-25 09:53:03-03:00,arviz/tests/base_tests/test_data.py
Osvaldo A Martin,2022-06-25 09:53:03-03:00,doc/source/api/data.rst
Osvaldo A Martin,2022-06-25 09:53:03-03:00,doc/source/getting_started/WorkingWithInferenceData.ipynb
Oriol Abril-Pla,2022-06-27 22:45:54+02:00,arviz/data/inference_data.py
Oriol Abril-Pla,2022-06-27 22:45:54+02:00,arviz/data/io_dict.py
Oriol Abril-Pla,2022-06-27 22:45:54+02:00,arviz/labels.py
Oriol Abril-Pla,2022-06-27 22:45:54+02:00,arviz/plots/backends/__init__.py
Oriol Abril-Pla,2022-06-27 22:45:54+02:00,arviz/plots/khatplot.py
Oriol Abril-Pla,2022-06-27 22:45:54+02:00,arviz/stats/density_utils.py
Oriol Abril-Pla,2022-06-27 22:45:54+02:00,arviz/wrappers/wrap_stan.py
Oriol Abril-Pla,2022-06-27 22:45:54+02:00,doc/_templates/layout.html
Oriol Abril-Pla,2022-06-27 22:45:54+02:00,doc/_templates/sections/sidebar-primary.html
Oriol Abril-Pla,2022-06-27 22:45:54+02:00,doc/_templates/sections/sidebar-secondary.html
Oriol Abril-Pla,2022-06-27 22:45:54+02:00,doc/source/conf.py
Oriol Abril-Pla,2022-06-27 22:45:54+02:00,doc/source/contributing/diataxis_for_arviz.md
Oriol Abril-Pla,2022-06-27 22:45:54+02:00,doc/source/contributing/index.md
Oriol Abril-Pla,2022-06-27 22:45:54+02:00,doc/source/contributing/issue_triaging.md
Oriol Abril-Pla,2022-06-27 22:45:54+02:00,doc/source/user_guide/plots_arguments_guide.md
Oriol Abril-Pla,2022-06-27 22:45:54+02:00,doc/source/user_guide/plotting_with_bokeh.md
Oriol Abril-Pla,2022-06-27 22:45:54+02:00,doc/source/user_guide/plotting_with_matplotlib.md
Oriol Abril-Pla,2022-06-27 22:45:54+02:00,requirements-docs.txt
Osvaldo A Martin,2022-06-28 18:12:40-03:00,arviz/plots/plot_utils.py
Oriol Abril-Pla,2022-07-08 18:44:55+03:00,.azure-pipelines/azure-pipelines-external.yml
Oriol Abril-Pla,2022-07-08 18:44:55+03:00,mypy.ini
Oriol Abril-Pla,2022-07-08 18:44:55+03:00,requirements-dev.txt
Gayathri Krishnaswamy,2022-07-08 19:35:16+03:00,doc/source/contributing/contributing_prs.md
Gayathri Krishnaswamy,2022-07-08 19:35:16+03:00,doc/source/contributing/doc_toolchain.md
Gayathri Krishnaswamy,2022-07-08 19:35:16+03:00,doc/source/contributing/index.md
Gayathri Krishnaswamy,2022-07-08 19:35:16+03:00,doc/source/contributing/issue_reports.md
Osvaldo A Martin,2022-07-08 19:35:47+03:00,.azure-pipelines/azure-pipelines-base.yml
Osvaldo A Martin,2022-07-08 19:35:47+03:00,requirements.txt
Hector Munoz,2022-07-08 19:39:09+03:00,arviz/data/base.py
Hector Munoz,2022-07-08 19:39:09+03:00,arviz/data/converters.py
Hector Munoz,2022-07-08 19:39:09+03:00,arviz/data/datasets.py
Hector Munoz,2022-07-08 19:39:09+03:00,arviz/data/inference_data.py
Hector Munoz,2022-07-08 19:39:09+03:00,arviz/data/io_cmdstan.py
Hector Munoz,2022-07-08 19:39:09+03:00,arviz/data/io_cmdstanpy.py
Hector Munoz,2022-07-08 19:39:09+03:00,arviz/data/io_emcee.py
Hector Munoz,2022-07-08 19:39:09+03:00,arviz/data/io_numpyro.py
Hector Munoz,2022-07-08 19:39:09+03:00,arviz/data/io_pyjags.py
Hector Munoz,2022-07-08 19:39:09+03:00,arviz/data/io_pymc3_3x.py
Hector Munoz,2022-07-08 19:39:09+03:00,arviz/data/io_pyro.py
Hector Munoz,2022-07-08 19:39:09+03:00,arviz/data/io_pystan.py
Hector Munoz,2022-07-08 19:39:09+03:00,arviz/labels.py
Hector Munoz,2022-07-08 19:39:09+03:00,arviz/plots/backends/__init__.py
Hector Munoz,2022-07-08 19:39:09+03:00,arviz/plots/backends/bokeh/__init__.py
Hector Munoz,2022-07-08 19:39:09+03:00,arviz/plots/backends/bokeh/bpvplot.py
Hector Munoz,2022-07-08 19:39:09+03:00,arviz/plots/backends/bokeh/compareplot.py
Hector Munoz,2022-07-08 19:39:09+03:00,arviz/plots/backends/bokeh/densityplot.py
Hector Munoz,2022-07-08 19:39:09+03:00,arviz/plots/backends/bokeh/distplot.py
Hector Munoz,2022-07-08 19:39:09+03:00,arviz/plots/backends/bokeh/elpdplot.py
Hector Munoz,2022-07-08 19:39:09+03:00,arviz/plots/backends/bokeh/forestplot.py
Hector Munoz,2022-07-08 19:39:09+03:00,arviz/plots/backends/bokeh/lmplot.py
Hector Munoz,2022-07-08 19:39:09+03:00,arviz/plots/backends/bokeh/loopitplot.py
Hector Munoz,2022-07-08 19:39:09+03:00,arviz/plots/backends/bokeh/posteriorplot.py
Hector Munoz,2022-07-08 19:39:09+03:00,arviz/plots/backends/bokeh/ppcplot.py
Hector Munoz,2022-07-08 19:39:09+03:00,arviz/plots/backends/bokeh/violinplot.py
Hector Munoz,2022-07-08 19:39:09+03:00,arviz/plots/backends/matplotlib/bpvplot.py
Hector Munoz,2022-07-08 19:39:09+03:00,arviz/plots/backends/matplotlib/densityplot.py
Hector Munoz,2022-07-08 19:39:09+03:00,arviz/plots/backends/matplotlib/distcomparisonplot.py
Hector Munoz,2022-07-08 19:39:09+03:00,arviz/plots/backends/matplotlib/elpdplot.py
Hector Munoz,2022-07-08 19:39:09+03:00,arviz/plots/backends/matplotlib/forestplot.py
Hector Munoz,2022-07-08 19:39:09+03:00,arviz/plots/backends/matplotlib/kdeplot.py
Hector Munoz,2022-07-08 19:39:09+03:00,arviz/plots/backends/matplotlib/lmplot.py
Hector Munoz,2022-07-08 19:39:09+03:00,arviz/plots/backends/matplotlib/loopitplot.py
Hector Munoz,2022-07-08 19:39:09+03:00,arviz/plots/backends/matplotlib/posteriorplot.py
Hector Munoz,2022-07-08 19:39:09+03:00,arviz/plots/backends/matplotlib/violinplot.py
Hector Munoz,2022-07-08 19:39:09+03:00,arviz/plots/bpvplot.py
Hector Munoz,2022-07-08 19:39:09+03:00,arviz/plots/compareplot.py
Hector Munoz,2022-07-08 19:39:09+03:00,arviz/plots/densityplot.py
Hector Munoz,2022-07-08 19:39:09+03:00,arviz/plots/distcomparisonplot.py
Hector Munoz,2022-07-08 19:39:09+03:00,arviz/plots/distplot.py
Hector Munoz,2022-07-08 19:39:09+03:00,arviz/plots/dotplot.py
Hector Munoz,2022-07-08 19:39:09+03:00,arviz/plots/ecdfplot.py
Hector Munoz,2022-07-08 19:39:09+03:00,arviz/plots/forestplot.py
Hector Munoz,2022-07-08 19:39:09+03:00,arviz/plots/hdiplot.py
Hector Munoz,2022-07-08 19:39:09+03:00,arviz/plots/kdeplot.py
Hector Munoz,2022-07-08 19:39:09+03:00,arviz/plots/lmplot.py
Hector Munoz,2022-07-08 19:39:09+03:00,arviz/plots/loopitplot.py
Hector Munoz,2022-07-08 19:39:09+03:00,arviz/plots/plot_utils.py
Hector Munoz,2022-07-08 19:39:09+03:00,arviz/plots/posteriorplot.py
Hector Munoz,2022-07-08 19:39:09+03:00,arviz/plots/ppcplot.py
Hector Munoz,2022-07-08 19:39:09+03:00,arviz/plots/separationplot.py
Hector Munoz,2022-07-08 19:39:09+03:00,arviz/plots/traceplot.py
Hector Munoz,2022-07-08 19:39:09+03:00,arviz/plots/tsplot.py
Hector Munoz,2022-07-08 19:39:09+03:00,arviz/plots/violinplot.py
Hector Munoz,2022-07-08 19:39:09+03:00,arviz/rcparams.py
Hector Munoz,2022-07-08 19:39:09+03:00,arviz/sel_utils.py
Hector Munoz,2022-07-08 19:39:09+03:00,arviz/stats/density_utils.py
Hector Munoz,2022-07-08 19:39:09+03:00,arviz/stats/diagnostics.py
Hector Munoz,2022-07-08 19:39:09+03:00,arviz/stats/stats.py
Hector Munoz,2022-07-08 19:39:09+03:00,arviz/stats/stats_utils.py
Hector Munoz,2022-07-08 19:39:09+03:00,arviz/tests/base_tests/test_data_zarr.py
Hector Munoz,2022-07-08 19:39:09+03:00,arviz/tests/base_tests/test_diagnostics.py
Hector Munoz,2022-07-08 19:39:09+03:00,arviz/tests/base_tests/test_stats_utils.py
Hector Munoz,2022-07-08 19:39:09+03:00,arviz/tests/base_tests/test_utils.py
Hector Munoz,2022-07-08 19:39:09+03:00,arviz/tests/external_tests/test_data_pystan.py
Hector Munoz,2022-07-08 19:39:09+03:00,arviz/tests/helpers.py
Hector Munoz,2022-07-08 19:39:09+03:00,arviz/utils.py
Hector Munoz,2022-07-08 19:39:09+03:00,arviz/wrappers/base.py
Hector Munoz,2022-07-08 19:39:09+03:00,doc/source/getting_started/WorkingWithInferenceData.ipynb
Hector Munoz,2022-07-08 19:39:09+03:00,setup.py
Benjamin T. Vincent,2022-07-11 20:41:25+02:00,CHANGELOG.md
Benjamin T. Vincent,2022-07-11 20:41:25+02:00,arviz/plots/hdiplot.py
Benjamin T. Vincent,2022-07-11 20:41:25+02:00,arviz/tests/base_tests/test_plots_matplotlib.py
Agustina Arroyuelo,2022-07-15 16:04:53+02:00,CHANGELOG.md
Agustina Arroyuelo,2022-07-15 16:04:53+02:00,arviz/plots/backends/matplotlib/pairplot.py
Agustina Arroyuelo,2022-07-15 16:04:53+02:00,arviz/plots/pairplot.py
Agustina Arroyuelo,2022-07-15 16:04:53+02:00,arviz/tests/base_tests/test_plots_matplotlib.py
UnsterblichDK,2022-07-22 19:33:37+03:00,CONTRIBUTING.md
Jan Tünnermann,2022-07-23 21:31:49-03:00,CHANGELOG.md
Jan Tünnermann,2022-07-23 21:31:49-03:00,arviz/plots/backends/bokeh/violinplot.py
Jan Tünnermann,2022-07-23 21:31:49-03:00,arviz/plots/backends/matplotlib/violinplot.py
Jan Tünnermann,2022-07-23 21:31:49-03:00,arviz/plots/violinplot.py
Jan Tünnermann,2022-07-23 21:31:49-03:00,arviz/tests/base_tests/test_plots_bokeh.py
Jan Tünnermann,2022-07-23 21:31:49-03:00,arviz/tests/base_tests/test_plots_matplotlib.py
Jan Tünnermann,2022-07-23 21:31:49-03:00,examples/bokeh/bokeh_plot_violin_single_sided.py
Jan Tünnermann,2022-07-23 21:31:49-03:00,examples/matplotlib/mpl_plot_violin_single_sided.py
Oriol Abril-Pla,2022-07-31 08:29:48+03:00,.azure-pipelines/azure-pipelines-base.yml
Oriol Abril-Pla,2022-07-31 08:29:48+03:00,.azure-pipelines/azure-pipelines-external.yml
Oriol Abril-Pla,2022-08-02 17:57:30+03:00,.github/workflows/rtd_link_description.yaml
Oriol Abril-Pla,2022-08-02 17:57:30+03:00,Makefile
Oriol Abril-Pla,2022-08-02 17:57:30+03:00,doc/Makefile
Oriol Abril-Pla,2022-08-02 17:57:30+03:00,doc/source/contributing/pr_tutorial.md
Oriol Abril-Pla,2022-08-02 17:57:30+03:00,doc/source/contributing/sphinx_doc_build.md
Oriol Abril-Pla,2022-08-02 17:57:30+03:00,examples/bokeh/bokeh_plot_violin_single_sided.py
Oriol Abril-Pla,2022-08-02 17:57:30+03:00,examples/matplotlib/mpl_plot_violin_single_sided.py
Agustina Arroyuelo,2022-08-09 00:34:44+03:00,CHANGELOG.md
Agustina Arroyuelo,2022-08-09 00:34:44+03:00,arviz/plots/pairplot.py
Manuel Kaufmann,2022-08-10 14:29:53+03:00,.github/workflows/rtd_link_description.yaml
Sarina,2022-08-16 14:15:31+03:00,README.md
Sarina,2022-08-16 14:15:31+03:00,doc/_templates/layout.html
Sarina,2022-08-16 14:15:31+03:00,doc/_templates/sections/sidebar-primary.html
Sarina,2022-08-16 14:15:31+03:00,doc/_templates/sections/sidebar-secondary.html
Sarina,2022-08-16 14:15:31+03:00,doc/source/_static/custom.css
Sarina,2022-08-16 14:15:31+03:00,doc/source/conf.py
Sarina,2022-08-16 14:15:31+03:00,doc/source/index.rst
Sarina,2022-08-16 14:15:31+03:00,doc/sphinxext/gallery_generator.py
Sarina,2022-08-16 14:15:31+03:00,examples/bokeh/bokeh_plot_autocorr.py
Sarina,2022-08-16 14:15:31+03:00,examples/bokeh/bokeh_plot_bpv.py
Sarina,2022-08-16 14:15:31+03:00,examples/bokeh/bokeh_plot_bpv_tstat.py
Sarina,2022-08-16 14:15:31+03:00,examples/bokeh/bokeh_plot_compare.py
Sarina,2022-08-16 14:15:31+03:00,examples/bokeh/bokeh_plot_density.py
Sarina,2022-08-16 14:15:31+03:00,examples/bokeh/bokeh_plot_dist.py
Sarina,2022-08-16 14:15:31+03:00,examples/bokeh/bokeh_plot_dot.py
Sarina,2022-08-16 14:15:31+03:00,examples/bokeh/bokeh_plot_elpd.py
Sarina,2022-08-16 14:15:31+03:00,examples/bokeh/bokeh_plot_energy.py
Sarina,2022-08-16 14:15:31+03:00,examples/bokeh/bokeh_plot_ess_evolution.py
Sarina,2022-08-16 14:15:31+03:00,examples/bokeh/bokeh_plot_ess_local.py
Sarina,2022-08-16 14:15:31+03:00,examples/bokeh/bokeh_plot_ess_quantile.py
Sarina,2022-08-16 14:15:31+03:00,examples/bokeh/bokeh_plot_forest.py
Sarina,2022-08-16 14:15:31+03:00,examples/bokeh/bokeh_plot_forest_ridge.py
Sarina,2022-08-16 14:15:31+03:00,examples/bokeh/bokeh_plot_hdi.py
Sarina,2022-08-16 14:15:31+03:00,examples/bokeh/bokeh_plot_joint.py
Sarina,2022-08-16 14:15:31+03:00,examples/bokeh/bokeh_plot_kde.py
Sarina,2022-08-16 14:15:31+03:00,examples/bokeh/bokeh_plot_kde_2d.py
Sarina,2022-08-16 14:15:31+03:00,examples/bokeh/bokeh_plot_kde_2d_bis.py
Sarina,2022-08-16 14:15:31+03:00,examples/bokeh/bokeh_plot_kde_2d_hdi.py
Sarina,2022-08-16 14:15:31+03:00,examples/bokeh/bokeh_plot_kde_quantiles.py
Sarina,2022-08-16 14:15:31+03:00,examples/bokeh/bokeh_plot_khat.py
Sarina,2022-08-16 14:15:31+03:00,examples/bokeh/bokeh_plot_lm.py
Sarina,2022-08-16 14:15:31+03:00,examples/bokeh/bokeh_plot_loo_pit_ecdf.py
Sarina,2022-08-16 14:15:31+03:00,examples/bokeh/bokeh_plot_loo_pit_overlay.py
Sarina,2022-08-16 14:15:31+03:00,examples/bokeh/bokeh_plot_mcse.py
Sarina,2022-08-16 14:15:31+03:00,examples/bokeh/bokeh_plot_mcse_errorbar.py
Sarina,2022-08-16 14:15:31+03:00,examples/bokeh/bokeh_plot_pair.py
Sarina,2022-08-16 14:15:31+03:00,examples/bokeh/bokeh_plot_pair_hex.py
Sarina,2022-08-16 14:15:31+03:00,examples/bokeh/bokeh_plot_pair_kde.py
Sarina,2022-08-16 14:15:31+03:00,examples/bokeh/bokeh_plot_pair_kde_hdi.py
Sarina,2022-08-16 14:15:31+03:00,examples/bokeh/bokeh_plot_pair_point_estimate.py
Sarina,2022-08-16 14:15:31+03:00,examples/bokeh/bokeh_plot_parallel.py
Sarina,2022-08-16 14:15:31+03:00,examples/bokeh/bokeh_plot_parallel_minmax.py
Sarina,2022-08-16 14:15:31+03:00,examples/bokeh/bokeh_plot_parallel_normal.py
Sarina,2022-08-16 14:15:31+03:00,examples/bokeh/bokeh_plot_parallel_rank.py
Sarina,2022-08-16 14:15:31+03:00,examples/bokeh/bokeh_plot_posterior.py
Sarina,2022-08-16 14:15:31+03:00,examples/bokeh/bokeh_plot_posterior_combinedims.py
Sarina,2022-08-16 14:15:31+03:00,examples/bokeh/bokeh_plot_ppc.py
Sarina,2022-08-16 14:15:31+03:00,examples/bokeh/bokeh_plot_ppc_cumulative.py
Sarina,2022-08-16 14:15:31+03:00,examples/bokeh/bokeh_plot_rank.py
Sarina,2022-08-16 14:15:31+03:00,examples/bokeh/bokeh_plot_separation.py
Sarina,2022-08-16 14:15:31+03:00,examples/bokeh/bokeh_plot_trace.py
Sarina,2022-08-16 14:15:31+03:00,examples/bokeh/bokeh_plot_trace_bars.py
Sarina,2022-08-16 14:15:31+03:00,examples/bokeh/bokeh_plot_trace_vlines.py
Sarina,2022-08-16 14:15:31+03:00,examples/bokeh/bokeh_plot_violin.py
Sarina,2022-08-16 14:15:31+03:00,examples/matplotlib/mpl_plot_autocorr.py
Sarina,2022-08-16 14:15:31+03:00,examples/matplotlib/mpl_plot_bpv.py
Sarina,2022-08-16 14:15:31+03:00,examples/matplotlib/mpl_plot_bpv_tstat.py
Sarina,2022-08-16 14:15:31+03:00,examples/matplotlib/mpl_plot_compare.py
Sarina,2022-08-16 14:15:31+03:00,examples/matplotlib/mpl_plot_density.py
Sarina,2022-08-16 14:15:31+03:00,examples/matplotlib/mpl_plot_dist.py
Sarina,2022-08-16 14:15:31+03:00,examples/matplotlib/mpl_plot_dot.py
Sarina,2022-08-16 14:15:31+03:00,examples/matplotlib/mpl_plot_elpd.py
Sarina,2022-08-16 14:15:31+03:00,examples/matplotlib/mpl_plot_energy.py
Sarina,2022-08-16 14:15:31+03:00,examples/matplotlib/mpl_plot_ess_evolution.py
Sarina,2022-08-16 14:15:31+03:00,examples/matplotlib/mpl_plot_ess_local.py
Sarina,2022-08-16 14:15:31+03:00,examples/matplotlib/mpl_plot_ess_quantile.py
Sarina,2022-08-16 14:15:31+03:00,examples/matplotlib/mpl_plot_forest.py
Sarina,2022-08-16 14:15:31+03:00,examples/matplotlib/mpl_plot_forest_ridge.py
Sarina,2022-08-16 14:15:31+03:00,examples/matplotlib/mpl_plot_hdi.py
Sarina,2022-08-16 14:15:31+03:00,examples/matplotlib/mpl_plot_joint.py
Sarina,2022-08-16 14:15:31+03:00,examples/matplotlib/mpl_plot_kde.py
Sarina,2022-08-16 14:15:31+03:00,examples/matplotlib/mpl_plot_kde_2d.py
Sarina,2022-08-16 14:15:31+03:00,examples/matplotlib/mpl_plot_kde_2d_bis.py
Sarina,2022-08-16 14:15:31+03:00,examples/matplotlib/mpl_plot_kde_2d_hdi.py
Sarina,2022-08-16 14:15:31+03:00,examples/matplotlib/mpl_plot_kde_quantiles.py
Sarina,2022-08-16 14:15:31+03:00,examples/matplotlib/mpl_plot_khat.py
Sarina,2022-08-16 14:15:31+03:00,examples/matplotlib/mpl_plot_lm.py
Sarina,2022-08-16 14:15:31+03:00,examples/matplotlib/mpl_plot_loo_pit_ecdf.py
Sarina,2022-08-16 14:15:31+03:00,examples/matplotlib/mpl_plot_loo_pit_overlay.py
Sarina,2022-08-16 14:15:31+03:00,examples/matplotlib/mpl_plot_mcse.py
Sarina,2022-08-16 14:15:31+03:00,examples/matplotlib/mpl_plot_mcse_errorbar.py
Sarina,2022-08-16 14:15:31+03:00,examples/matplotlib/mpl_plot_pair.py
Sarina,2022-08-16 14:15:31+03:00,examples/matplotlib/mpl_plot_pair_hex.py
Sarina,2022-08-16 14:15:31+03:00,examples/matplotlib/mpl_plot_pair_kde.py
Sarina,2022-08-16 14:15:31+03:00,examples/matplotlib/mpl_plot_pair_kde_hdi.py
Sarina,2022-08-16 14:15:31+03:00,examples/matplotlib/mpl_plot_pair_point_estimate.py
Sarina,2022-08-16 14:15:31+03:00,examples/matplotlib/mpl_plot_parallel.py
Sarina,2022-08-16 14:15:31+03:00,examples/matplotlib/mpl_plot_parallel_minmax.py
Sarina,2022-08-16 14:15:31+03:00,examples/matplotlib/mpl_plot_parallel_normal.py
Sarina,2022-08-16 14:15:31+03:00,examples/matplotlib/mpl_plot_parallel_rank.py
Sarina,2022-08-16 14:15:31+03:00,examples/matplotlib/mpl_plot_posterior.py
Sarina,2022-08-16 14:15:31+03:00,examples/matplotlib/mpl_plot_posterior_combinedims.py
Sarina,2022-08-16 14:15:31+03:00,examples/matplotlib/mpl_plot_ppc.py
Sarina,2022-08-16 14:15:31+03:00,examples/matplotlib/mpl_plot_ppc_cumulative.py
Sarina,2022-08-16 14:15:31+03:00,examples/matplotlib/mpl_plot_rank.py
Sarina,2022-08-16 14:15:31+03:00,examples/matplotlib/mpl_plot_separation.py
Sarina,2022-08-16 14:15:31+03:00,examples/matplotlib/mpl_plot_trace.py
Sarina,2022-08-16 14:15:31+03:00,examples/matplotlib/mpl_plot_trace_bars.py
Sarina,2022-08-16 14:15:31+03:00,examples/matplotlib/mpl_plot_trace_circ.py
Sarina,2022-08-16 14:15:31+03:00,examples/matplotlib/mpl_plot_trace_vlines.py
Sarina,2022-08-16 14:15:31+03:00,examples/matplotlib/mpl_plot_violin.py
Sarina,2022-08-16 14:15:31+03:00,examples/matplotlib/mpl_styles.py
Sarina,2022-08-16 14:15:31+03:00,requirements-docs.txt
Seth Axen,2022-08-17 11:44:37+03:00,.azure-pipelines/azure-pipelines-base.yml
Seth Axen,2022-08-17 11:44:37+03:00,.azure-pipelines/azure-pipelines-benchmarks.yml
Seth Axen,2022-08-17 11:44:37+03:00,.azure-pipelines/azure-pipelines-docs.yml
Seth Axen,2022-08-17 11:44:37+03:00,.azure-pipelines/azure-pipelines-external.yml
Seth Axen,2022-08-17 11:44:37+03:00,.azure-pipelines/azure-pipelines-wheel.yml
Seth Axen,2022-08-17 11:44:37+03:00,.gitmodules
Seth Axen,2022-08-17 11:44:37+03:00,.pydocstyle.ini
Seth Axen,2022-08-17 11:44:37+03:00,.readthedocs.yml
Seth Axen,2022-08-17 11:44:37+03:00,CHANGELOG.md
Seth Axen,2022-08-17 11:44:37+03:00,MANIFEST.in
Seth Axen,2022-08-17 11:44:37+03:00,arviz/data/_datasets/centered_eight.nc
Seth Axen,2022-08-17 11:44:37+03:00,arviz/data/_datasets/non_centered_eight.nc
Seth Axen,2022-08-17 11:44:37+03:00,arviz/data/datasets.py
Seth Axen,2022-08-17 11:44:37+03:00,arviz/data/example_data
Seth Axen,2022-08-17 11:44:37+03:00,arviz/tests/base_tests/test_data.py
Seth Axen,2022-08-17 11:44:37+03:00,pyproject.toml
Ari Hartikainen,2022-09-08 19:01:21+03:00,CHANGELOG.md
Ari Hartikainen,2022-09-08 19:01:21+03:00,arviz/plots/backends/bokeh/kdeplot.py
Ari Hartikainen,2022-09-08 19:01:21+03:00,arviz/rcparams.py
Ari Hartikainen,2022-09-08 19:01:21+03:00,arviz/stats/stats.py
Ari Hartikainen,2022-09-08 19:01:21+03:00,arvizrc.template
Ari Hartikainen,2022-09-08 19:01:21+03:00,requirements-docs.txt
Ari Hartikainen,2022-09-08 19:01:21+03:00,requirements-optional.txt
Seth Axen,2022-09-08 19:03:21+03:00,.azure-pipelines/azure-pipelines-base.yml
Seth Axen,2022-09-08 19:03:21+03:00,.azure-pipelines/azure-pipelines-benchmarks.yml
Seth Axen,2022-09-08 19:03:21+03:00,.azure-pipelines/azure-pipelines-docs.yml
Seth Axen,2022-09-08 19:03:21+03:00,.azure-pipelines/azure-pipelines-external.yml
Seth Axen,2022-09-08 19:03:21+03:00,.azure-pipelines/azure-pipelines-wheel.yml
Seth Axen,2022-09-08 19:03:21+03:00,.gitmodules
Seth Axen,2022-09-08 19:03:21+03:00,.readthedocs.yml
Seth Axen,2022-09-08 19:03:21+03:00,CHANGELOG.md
Seth Axen,2022-09-08 19:03:21+03:00,arviz/data/example_data
Seth Axen,2022-09-08 19:03:21+03:00,arviz/data/example_data/.gitignore
Seth Axen,2022-09-08 19:03:21+03:00,arviz/data/example_data/LICENSE
Seth Axen,2022-09-08 19:03:21+03:00,arviz/data/example_data/README.md
Seth Axen,2022-09-08 19:03:21+03:00,arviz/data/example_data/code/centered_eight/centered_eight.ipynb
Seth Axen,2022-09-08 19:03:21+03:00,arviz/data/example_data/code/non_centered_eight/non_centered_eight.ipynb
Seth Axen,2022-09-08 19:03:21+03:00,arviz/data/example_data/code/radon/radon.json
Seth Axen,2022-09-08 19:03:21+03:00,arviz/data/example_data/code/radon/radon.py
Seth Axen,2022-09-08 19:03:21+03:00,arviz/data/example_data/code/rugby/rugby.csv
Seth Axen,2022-09-08 19:03:21+03:00,arviz/data/example_data/code/rugby/rugby.ipynb
Seth Axen,2022-09-08 19:03:21+03:00,arviz/data/example_data/data/centered_eight.nc
Seth Axen,2022-09-08 19:03:21+03:00,arviz/data/example_data/data/non_centered_eight.nc
Seth Axen,2022-09-08 19:03:21+03:00,arviz/data/example_data/data_local.json
Seth Axen,2022-09-08 19:03:21+03:00,arviz/data/example_data/data_remote.json
Seth Axen,2022-09-08 19:03:21+03:00,doc/source/contributing/index.md
Seth Axen,2022-09-08 19:03:21+03:00,doc/source/contributing/updating_example_data.md
Oriol Abril-Pla,2022-09-08 19:49:10+03:00,requirements-docs.txt
Oriol Abril-Pla,2022-09-08 22:33:33+03:00,doc/source/getting_started/Installation.rst
Sarina,2022-09-11 00:08:56+02:00,Makefile
Sarina,2022-09-11 00:08:56+02:00,arviz/plots/ecdfplot.py
Sarina,2022-09-11 00:08:56+02:00,arviz/plots/parallelplot.py
Sarina,2022-09-11 00:08:56+02:00,arviz/plots/styles/arviz-doc.mplstyle
Sarina,2022-09-11 00:08:56+02:00,doc/.gitignore
Sarina,2022-09-11 00:08:56+02:00,doc/source/_static/custom.css
Sarina,2022-09-11 00:08:56+02:00,doc/source/_static/logo_dark.png
Sarina,2022-09-11 00:08:56+02:00,doc/source/api/plots.rst
Sarina,2022-09-11 00:08:56+02:00,doc/source/conf.py
Sarina,2022-09-11 00:08:56+02:00,doc/source/contributing/how_to_add_to_example_gallery.md
Sarina,2022-09-11 00:08:56+02:00,doc/source/contributing/index.md
Sarina,2022-09-11 00:08:56+02:00,doc/source/user_guide/plots_arguments_guide.md
Sarina,2022-09-11 00:08:56+02:00,doc/source/user_guide/plotting_with_bokeh.md
Sarina,2022-09-11 00:08:56+02:00,doc/source/user_guide/plotting_with_matplotlib.md
Sarina,2022-09-11 00:08:56+02:00,doc/sphinxext/gallery_generator.py
Sarina,2022-09-11 00:08:56+02:00,examples/README.md
Sarina,2022-09-11 00:08:56+02:00,examples/bokeh/bokeh_plot_density.py
Sarina,2022-09-11 00:08:56+02:00,examples/bokeh/bokeh_plot_density_single.py
Sarina,2022-09-11 00:08:56+02:00,examples/bokeh/bokeh_plot_ecdf.py
Sarina,2022-09-11 00:08:56+02:00,examples/bokeh/bokeh_plot_forest.py
Sarina,2022-09-11 00:08:56+02:00,examples/bokeh/bokeh_plot_forest_comparison.py
Sarina,2022-09-11 00:08:56+02:00,examples/bokeh/bokeh_plot_forest_mixed.py
Sarina,2022-09-11 00:08:56+02:00,examples/bokeh/bokeh_plot_kde_2d.py
Sarina,2022-09-11 00:08:56+02:00,examples/bokeh/bokeh_plot_kde_2d_bis.py
Sarina,2022-09-11 00:08:56+02:00,examples/bokeh/bokeh_plot_kde_2d_hdi.py
Sarina,2022-09-11 00:08:56+02:00,examples/bokeh/bokeh_plot_pair_kde_hdi.py
Sarina,2022-09-11 00:08:56+02:00,examples/bokeh/bokeh_plot_parallel_minmax.py
Sarina,2022-09-11 00:08:56+02:00,examples/bokeh/bokeh_plot_parallel_normal.py
Sarina,2022-09-11 00:08:56+02:00,examples/bokeh/bokeh_plot_parallel_rank.py
Sarina,2022-09-11 00:08:56+02:00,examples/bokeh/bokeh_plot_ppc_cumulative.py
Sarina,2022-09-11 00:08:56+02:00,examples/bokeh/bokeh_plot_trace_circ.py
Sarina,2022-09-11 00:08:56+02:00,examples/matplotlib/mpl_plot_autocorr.py
Sarina,2022-09-11 00:08:56+02:00,examples/matplotlib/mpl_plot_bpv.py
Sarina,2022-09-11 00:08:56+02:00,examples/matplotlib/mpl_plot_bpv_tstat.py
Sarina,2022-09-11 00:08:56+02:00,examples/matplotlib/mpl_plot_compare.py
Sarina,2022-09-11 00:08:56+02:00,examples/matplotlib/mpl_plot_density.py
Sarina,2022-09-11 00:08:56+02:00,examples/matplotlib/mpl_plot_density_single.py
Sarina,2022-09-11 00:08:56+02:00,examples/matplotlib/mpl_plot_dist.py
Sarina,2022-09-11 00:08:56+02:00,examples/matplotlib/mpl_plot_dot.py
Sarina,2022-09-11 00:08:56+02:00,examples/matplotlib/mpl_plot_ecdf.py
Sarina,2022-09-11 00:08:56+02:00,examples/matplotlib/mpl_plot_elpd.py
Sarina,2022-09-11 00:08:56+02:00,examples/matplotlib/mpl_plot_energy.py
Sarina,2022-09-11 00:08:56+02:00,examples/matplotlib/mpl_plot_ess_evolution.py
Sarina,2022-09-11 00:08:56+02:00,examples/matplotlib/mpl_plot_ess_local.py
Sarina,2022-09-11 00:08:56+02:00,examples/matplotlib/mpl_plot_ess_quantile.py
Sarina,2022-09-11 00:08:56+02:00,examples/matplotlib/mpl_plot_forest.py
Sarina,2022-09-11 00:08:56+02:00,examples/matplotlib/mpl_plot_forest_comparison.py
Sarina,2022-09-11 00:08:56+02:00,examples/matplotlib/mpl_plot_forest_mixed.py
Sarina,2022-09-11 00:08:56+02:00,examples/matplotlib/mpl_plot_forest_ridge.py
Sarina,2022-09-11 00:08:56+02:00,examples/matplotlib/mpl_plot_hdi.py
Sarina,2022-09-11 00:08:56+02:00,examples/matplotlib/mpl_plot_joint.py
Sarina,2022-09-11 00:08:56+02:00,examples/matplotlib/mpl_plot_kde.py
Sarina,2022-09-11 00:08:56+02:00,examples/matplotlib/mpl_plot_kde_2d.py
Sarina,2022-09-11 00:08:56+02:00,examples/matplotlib/mpl_plot_kde_2d_bis.py
Sarina,2022-09-11 00:08:56+02:00,examples/matplotlib/mpl_plot_kde_2d_hdi.py
Sarina,2022-09-11 00:08:56+02:00,examples/matplotlib/mpl_plot_kde_quantiles.py
Sarina,2022-09-11 00:08:56+02:00,examples/matplotlib/mpl_plot_khat.py
Sarina,2022-09-11 00:08:56+02:00,examples/matplotlib/mpl_plot_lm.py
Sarina,2022-09-11 00:08:56+02:00,examples/matplotlib/mpl_plot_loo_pit_ecdf.py
Sarina,2022-09-11 00:08:56+02:00,examples/matplotlib/mpl_plot_loo_pit_overlay.py
Sarina,2022-09-11 00:08:56+02:00,examples/matplotlib/mpl_plot_mcse.py
Sarina,2022-09-11 00:08:56+02:00,examples/matplotlib/mpl_plot_mcse_errorbar.py
Sarina,2022-09-11 00:08:56+02:00,examples/matplotlib/mpl_plot_pair.py
Sarina,2022-09-11 00:08:56+02:00,examples/matplotlib/mpl_plot_pair_hex.py
Sarina,2022-09-11 00:08:56+02:00,examples/matplotlib/mpl_plot_pair_kde.py
Sarina,2022-09-11 00:08:56+02:00,examples/matplotlib/mpl_plot_pair_kde_hdi.py
Sarina,2022-09-11 00:08:56+02:00,examples/matplotlib/mpl_plot_pair_point_estimate.py
Sarina,2022-09-11 00:08:56+02:00,examples/matplotlib/mpl_plot_parallel.py
Sarina,2022-09-11 00:08:56+02:00,examples/matplotlib/mpl_plot_parallel_minmax.py
Sarina,2022-09-11 00:08:56+02:00,examples/matplotlib/mpl_plot_parallel_normal.py
Sarina,2022-09-11 00:08:56+02:00,examples/matplotlib/mpl_plot_parallel_rank.py
Sarina,2022-09-11 00:08:56+02:00,examples/matplotlib/mpl_plot_posterior.py
Sarina,2022-09-11 00:08:56+02:00,examples/matplotlib/mpl_plot_posterior_combinedims.py
Sarina,2022-09-11 00:08:56+02:00,examples/matplotlib/mpl_plot_ppc.py
Sarina,2022-09-11 00:08:56+02:00,examples/matplotlib/mpl_plot_ppc_cumulative.py
Sarina,2022-09-11 00:08:56+02:00,examples/matplotlib/mpl_plot_rank.py
Sarina,2022-09-11 00:08:56+02:00,examples/matplotlib/mpl_plot_separation.py
Sarina,2022-09-11 00:08:56+02:00,examples/matplotlib/mpl_plot_trace.py
Sarina,2022-09-11 00:08:56+02:00,examples/matplotlib/mpl_plot_trace_bars.py
Sarina,2022-09-11 00:08:56+02:00,examples/matplotlib/mpl_plot_trace_circ.py
Sarina,2022-09-11 00:08:56+02:00,examples/matplotlib/mpl_plot_trace_vlines.py
Sarina,2022-09-11 00:08:56+02:00,examples/matplotlib/mpl_plot_violin.py
Sarina,2022-09-11 00:08:56+02:00,examples/matplotlib/mpl_plot_violin_single_sided.py
Sarina,2022-09-11 00:08:56+02:00,examples/matplotlib/mpl_styles.py
Sarina,2022-09-14 17:19:50+02:00,README.md
Colin Carroll,2022-09-24 07:26:21-04:00,arviz/data/io_numpyro.py
Colin Carroll,2022-09-24 07:26:21-04:00,arviz/tests/external_tests/test_data_numpyro.py
Colin Carroll,2022-09-24 07:26:21-04:00,arviz/tests/external_tests/test_data_pymc.py
DimitarSivrev,2022-10-01 11:04:35-03:00,doc/source/external_resources.md
DimitarSivrev,2022-10-01 11:04:35-03:00,doc/source/user_guide/plots_arguments_guide.md
Seth Axen,2022-10-02 08:37:40+02:00,CHANGELOG.md
Seth Axen,2022-10-02 08:37:40+02:00,arviz/plots/energyplot.py
Seth Axen,2022-10-02 08:37:40+02:00,arviz/stats/diagnostics.py
Seth Axen,2022-10-02 08:37:40+02:00,arviz/tests/base_tests/test_diagnostics.py
Seth Axen,2022-10-02 08:37:40+02:00,arviz/tests/base_tests/test_plots_matplotlib.py
Ari Hartikainen,2022-10-06 09:54:08+03:00,CHANGELOG.md
Ari Hartikainen,2022-10-06 09:54:08+03:00,arviz/plots/autocorrplot.py
Ari Hartikainen,2022-10-06 09:54:08+03:00,arviz/plots/rankplot.py
Ari Hartikainen,2022-10-06 09:54:08+03:00,arviz/plots/traceplot.py
Ari Hartikainen,2022-10-06 09:54:08+03:00,arviz/sel_utils.py
Ari Hartikainen,2022-10-06 09:54:08+03:00,arviz/tests/helpers.py
Agustina Arroyuelo,2022-10-06 09:56:31+03:00,CHANGELOG.md
Agustina Arroyuelo,2022-10-06 09:56:31+03:00,arviz/tests/base_tests/test_labels.py
Virgile Andreani,2022-10-06 10:30:52+03:00,arviz/__init__.py
Rob Zinkov,2022-10-06 14:51:06+03:00,CHANGELOG.md
Rob Zinkov,2022-10-06 14:51:06+03:00,arviz/data/__init__.py
Rob Zinkov,2022-10-06 14:51:06+03:00,arviz/data/converters.py
Rob Zinkov,2022-10-06 14:51:06+03:00,arviz/data/io_beanmachine.py
Rob Zinkov,2022-10-06 14:51:06+03:00,doc/source/api/data.rst
Rob Zinkov,2022-10-06 14:51:06+03:00,requirements-external.txt
Ari Hartikainen,2022-10-12 05:10:30+03:00,CHANGELOG.md
Ari Hartikainen,2022-10-12 05:10:30+03:00,arviz/data/inference_data.py
Ari Hartikainen,2022-10-12 05:10:30+03:00,arviz/tests/base_tests/test_data.py
Ari Hartikainen,2022-10-12 05:11:05+03:00,.azure-pipelines/azure-pipelines-external.yml
Ari Hartikainen,2022-10-12 05:11:05+03:00,CHANGELOG.md
Ari Hartikainen,2022-10-12 05:11:05+03:00,arviz/data/io_pystan.py
Ari Hartikainen,2022-10-12 05:11:05+03:00,arviz/tests/external_tests/test_data_pystan.py
Ari Hartikainen,2022-10-12 05:11:05+03:00,arviz/tests/helpers.py
Osvaldo A Martin,2022-10-16 10:33:43+03:00,arviz/__init__.py
Oriol Abril-Pla,2022-10-16 10:42:58+03:00,CHANGELOG.md
Oriol Abril-Pla,2022-10-16 10:42:58+03:00,arviz/data/base.py
Oriol Abril-Pla,2022-10-16 10:42:58+03:00,arviz/tests/base_tests/test_data.py
Agustina Arroyuelo,2022-10-22 11:15:03-03:00,CHANGELOG.md
Agustina Arroyuelo,2022-10-22 11:15:03-03:00,arviz/__init__.py
Agustina Arroyuelo,2022-10-22 11:15:03-03:00,arviz/data/io_beanmachine.py
Agustina Arroyuelo,2022-10-22 17:12:49+02:00,CHANGELOG.md
Agustina Arroyuelo,2022-10-22 17:12:49+02:00,arviz/__init__.py
Michael Osthege,2022-10-22 17:13:50+02:00,arviz/data/example_data/code/centered_eight/centered_eight.ipynb
Michael Osthege,2022-10-22 17:13:50+02:00,arviz/data/example_data/code/non_centered_eight/non_centered_eight.ipynb
Michael Osthege,2022-10-22 17:13:50+02:00,arviz/data/example_data/data/centered_eight.nc
Michael Osthege,2022-10-22 17:13:50+02:00,arviz/data/example_data/data/non_centered_eight.nc
Michael Osthege,2022-10-22 17:13:50+02:00,arviz/data/inference_data.py
Michael Osthege,2022-10-22 17:13:50+02:00,arviz/stats/stats.py
Michael Osthege,2022-10-22 17:13:50+02:00,arviz/tests/base_tests/test_data.py
Michael Osthege,2022-10-22 17:13:50+02:00,arviz/tests/base_tests/test_stats.py
Michael Osthege,2022-10-22 17:13:50+02:00,doc/source/conf.py
Ari Hartikainen,2022-10-22 19:03:26+03:00,CHANGELOG.md
Ari Hartikainen,2022-10-22 19:03:26+03:00,arviz/data/inference_data.py
Ari Hartikainen,2022-10-22 19:03:26+03:00,arviz/tests/base_tests/test_data.py
Ari Hartikainen,2022-10-22 19:03:26+03:00,arviz/tests/base_tests/test_data_zarr.py
Agustina Arroyuelo,2022-10-22 19:56:39+02:00,doc/source/contributing/how_to_release.md
Oriol Abril-Pla,2022-10-24 18:22:07+02:00,CHANGELOG.md
Oriol Abril-Pla,2022-10-24 18:22:07+02:00,arviz/__init__.py
Oriol Abril-Pla,2022-10-24 18:22:07+02:00,requirements.txt
Oriol Abril-Pla,2022-10-24 18:22:07+02:00,setup.py
Seth Axen,2022-11-01 19:51:08+01:00,CHANGELOG.md
Seth Axen,2022-11-01 19:51:08+01:00,arviz/plots/traceplot.py
Seth Axen,2022-11-01 19:51:08+01:00,arviz/tests/base_tests/test_plots_matplotlib.py
Or Duek,2022-11-02 12:14:29-03:00,arviz/plots/bf_plot.py
Osvaldo A Martin,2022-11-04 07:33:28-03:00,CHANGELOG.md
Osvaldo A Martin,2022-11-04 07:33:28-03:00,arviz/plots/__init__.py
Osvaldo A Martin,2022-11-04 07:33:28-03:00,arviz/plots/backends/matplotlib/bfplot.py
Osvaldo A Martin,2022-11-04 07:33:28-03:00,arviz/plots/bf_plot.py
Osvaldo A Martin,2022-11-04 07:33:28-03:00,arviz/plots/bfplot.py
Osvaldo A Martin,2022-11-04 07:33:28-03:00,arviz/tests/base_tests/test_plots_matplotlib.py
Oriol Abril-Pla,2022-11-10 01:11:33+01:00,doc/source/contributing/how_to_release.md
Osvaldo A Martin,2022-11-11 07:08:20-03:00,arviz/plots/styles/arviz-doc.mplstyle
Osvaldo A Martin,2022-11-11 07:08:20-03:00,arviz/plots/styles/arviz-docgrid.mplstyle
Osvaldo A Martin,2022-11-11 07:08:20-03:00,examples/matplotlib/mpl_styles.py
Osvaldo A Martin,2022-11-12 10:51:32-03:00,CHANGELOG.md
Osvaldo A Martin,2022-11-12 10:51:32-03:00,arviz/stats/__init__.py
Osvaldo A Martin,2022-11-12 10:51:32-03:00,arviz/stats/stats.py
Osvaldo A Martin,2022-11-12 10:51:32-03:00,arviz/tests/base_tests/test_stats.py
Osvaldo A Martin,2022-11-14 11:27:24-03:00,CHANGELOG.md
Osvaldo A Martin,2022-11-14 11:27:24-03:00,arviz/plots/backends/bokeh/ppcplot.py
Osvaldo A Martin,2022-11-14 11:27:24-03:00,arviz/plots/backends/matplotlib/ppcplot.py
Osvaldo A Martin,2022-11-14 11:27:24-03:00,arviz/plots/ppcplot.py
Osvaldo A Martin,2022-11-14 11:27:24-03:00,arviz/tests/base_tests/test_plots_bokeh.py
Osvaldo A Martin,2022-11-14 11:27:24-03:00,arviz/tests/base_tests/test_plots_matplotlib.py
tspeng,2022-11-15 09:21:50+02:00,CHANGELOG.md
tspeng,2022-11-15 09:21:50+02:00,arviz/plots/ppcplot.py
Oriol Abril-Pla,2022-11-15 15:51:54+01:00,arviz/__init__.py
Rob Zinkov,2022-11-15 21:41:15-03:00,CHANGELOG.md
Rob Zinkov,2022-11-15 21:41:15-03:00,arviz/__init__.py
Rob Zinkov,2022-11-16 13:40:18+01:00,CHANGELOG.md
Rob Zinkov,2022-11-16 13:40:18+01:00,arviz/__init__.py
Oriol Abril-Pla,2022-11-17 18:20:21-03:00,arviz/__init__.py
Oriol Abril-Pla,2022-11-17 18:20:21-03:00,doc/source/contributing/how_to_release.md
Oriol Abril-Pla,2022-11-19 00:53:50+02:00,.azure-pipelines/azure-pipelines-external.yml
Oriol Abril-Pla,2022-11-19 00:53:50+02:00,.gitignore
Oriol Abril-Pla,2022-11-19 00:53:50+02:00,.pylintrc
Oriol Abril-Pla,2022-11-19 00:53:50+02:00,CHANGELOG.md
Oriol Abril-Pla,2022-11-19 00:53:50+02:00,arviz/stats/stats_refitting.py
Oriol Abril-Pla,2022-11-19 00:53:50+02:00,arviz/wrappers/__init__.py
Oriol Abril-Pla,2022-11-19 00:53:50+02:00,arviz/wrappers/wrap_pymc.py
Oriol Abril-Pla,2022-11-19 00:53:50+02:00,arviz/wrappers/wrap_stan.py
Oriol Abril-Pla,2022-11-19 00:53:50+02:00,doc/source/api/wrappers.rst
Oriol Abril-Pla,2022-11-19 00:53:50+02:00,doc/source/user_guide/pymc3_refitting.ipynb
Oriol Abril-Pla,2022-11-19 00:53:50+02:00,doc/source/user_guide/pymc3_refitting_xr_lik.ipynb
Oriol Abril-Pla,2022-11-19 00:53:50+02:00,doc/source/user_guide/pymc_refitting.ipynb
Oriol Abril-Pla,2022-11-19 00:53:50+02:00,doc/source/user_guide/pystan2_refitting.ipynb
Oriol Abril-Pla,2022-11-19 00:53:50+02:00,doc/source/user_guide/pystan2_refitting_xr_lik.ipynb
Oriol Abril-Pla,2022-11-19 00:53:50+02:00,doc/source/user_guide/sampling_wrappers.md
Oriol Abril-Pla,2022-11-19 00:53:50+02:00,doc/source/user_guide/wrappers/cmdstanpy_refitting.ipynb
Oriol Abril-Pla,2022-11-19 00:53:50+02:00,doc/source/user_guide/wrappers/linreg_ex_model.stan
Oriol Abril-Pla,2022-11-19 00:53:50+02:00,doc/source/user_guide/wrappers/linreg_model.stan
Oriol Abril-Pla,2022-11-19 00:53:50+02:00,doc/source/user_guide/wrappers/linreg_prior.stan
Oriol Abril-Pla,2022-11-19 00:53:50+02:00,doc/source/user_guide/wrappers/sbc_cmdstanpy.ipynb
Sarina,2022-11-24 11:32:03+01:00,doc/source/_static/custom.css
Sarina,2022-11-24 11:32:03+01:00,doc/source/_static/donate_merch.svg
Sarina,2022-11-24 11:32:03+01:00,doc/source/_static/donate_numfocus.png
Sarina,2022-11-24 11:32:03+01:00,doc/source/_static/key_feature_collaboration.svg
Sarina,2022-11-24 11:32:03+01:00,doc/source/_static/key_feature_comparison.svg
Sarina,2022-11-24 11:32:03+01:00,doc/source/_static/key_feature_diagnostics.svg
Sarina,2022-11-24 11:32:03+01:00,doc/source/_static/key_feature_interoperability.svg
Sarina,2022-11-24 11:32:03+01:00,doc/source/_static/key_feature_labeled_data.svg
Sarina,2022-11-24 11:32:03+01:00,doc/source/_static/key_feature_visualizations.svg
Sarina,2022-11-24 11:32:03+01:00,doc/source/_static/sponsor_czi.png
Sarina,2022-11-24 11:32:03+01:00,doc/source/_static/sponsor_fcai.png
Sarina,2022-11-24 11:32:03+01:00,doc/source/_static/sponsor_university_helsinki.png
Sarina,2022-11-24 11:32:03+01:00,doc/source/conf.py
Sarina,2022-11-24 11:32:03+01:00,doc/source/index.md
Sarina,2022-11-24 11:32:03+01:00,doc/source/index.rst
dameeolawuyi,2022-11-29 15:15:46+01:00,arviz/plots/autocorrplot.py
dameeolawuyi,2022-11-29 15:15:46+01:00,arviz/plots/bpvplot.py
dameeolawuyi,2022-11-29 15:15:46+01:00,arviz/plots/compareplot.py
dameeolawuyi,2022-11-29 15:15:46+01:00,arviz/plots/densityplot.py
dameeolawuyi,2022-11-29 15:15:46+01:00,arviz/plots/distcomparisonplot.py
dameeolawuyi,2022-11-29 15:15:46+01:00,arviz/plots/distplot.py
dameeolawuyi,2022-11-29 15:15:46+01:00,arviz/plots/dotplot.py
dameeolawuyi,2022-11-29 15:15:46+01:00,arviz/plots/elpdplot.py
dameeolawuyi,2022-11-29 15:15:46+01:00,arviz/plots/energyplot.py
dameeolawuyi,2022-11-29 15:15:46+01:00,arviz/plots/essplot.py
dameeolawuyi,2022-11-29 15:15:46+01:00,arviz/plots/forestplot.py
dameeolawuyi,2022-11-29 15:15:46+01:00,arviz/plots/kdeplot.py
dameeolawuyi,2022-11-29 15:15:46+01:00,arviz/plots/khatplot.py
dameeolawuyi,2022-11-29 15:15:46+01:00,arviz/plots/lmplot.py
dameeolawuyi,2022-11-29 15:15:46+01:00,arviz/plots/loopitplot.py
dameeolawuyi,2022-11-29 15:15:46+01:00,arviz/plots/mcseplot.py
dameeolawuyi,2022-11-29 15:15:46+01:00,doc/source/conf.py
Ari Hartikainen,2022-11-29 23:53:01+02:00,.azure-pipelines/azure-pipelines-external.yml
Ari Hartikainen,2022-11-30 12:46:34+01:00,arviz/data/inference_data.py
Ari Hartikainen,2022-11-30 12:46:34+01:00,arviz/tests/base_tests/test_data.py
Camille Bruckmann,2022-11-30 15:07:53+01:00,.azure-pipelines/azure-pipelines-external.yml
Camille Bruckmann,2022-11-30 15:07:53+01:00,arviz/data/__init__.py
Camille Bruckmann,2022-11-30 15:07:53+01:00,arviz/data/converters.py
Camille Bruckmann,2022-11-30 15:07:53+01:00,arviz/data/io_pymc3.py
Camille Bruckmann,2022-11-30 15:07:53+01:00,arviz/data/io_pymc3_3x.py
Camille Bruckmann,2022-11-30 15:07:53+01:00,arviz/tests/external_tests/test_data_pymc.py
Camille Bruckmann,2022-11-30 15:07:53+01:00,arviz/tests/helpers.py
Camille Bruckmann,2022-11-30 15:07:53+01:00,doc/source/api/data.rst
Camille Bruckmann,2022-11-30 15:07:53+01:00,requirements-external.txt
Camille Bruckmann,2022-11-30 15:07:53+01:00,requirements-test.txt
Ari Hartikainen,2022-12-06 09:19:20-03:00,doc/source/conf.py
Ari Hartikainen,2022-12-06 09:19:20-03:00,doc/source/getting_started/ConversionGuideEmcee.ipynb
Ari Hartikainen,2022-12-06 09:19:20-03:00,doc/source/getting_started/CreatingInferenceData.ipynb
Ari Hartikainen,2022-12-06 09:19:20-03:00,doc/source/getting_started/Introduction.ipynb
Ari Hartikainen,2022-12-06 09:19:20-03:00,doc/source/getting_started/WorkingWithInferenceData.ipynb
Ari Hartikainen,2022-12-06 09:19:20-03:00,doc/source/schema/PyMC3_schema_example.ipynb
Ari Hartikainen,2022-12-06 09:19:20-03:00,doc/source/schema/PyStan_schema_example.ipynb
Ari Hartikainen,2022-12-06 09:19:20-03:00,doc/source/user_guide/Dask.ipynb
Ari Hartikainen,2022-12-06 09:19:20-03:00,doc/source/user_guide/numpyro_refitting.ipynb
Ari Hartikainen,2022-12-06 09:19:20-03:00,doc/source/user_guide/numpyro_refitting_xr_lik.ipynb
Ari Hartikainen,2022-12-06 09:19:20-03:00,doc/source/user_guide/pymc_refitting.ipynb
Ari Hartikainen,2022-12-06 09:19:20-03:00,doc/source/user_guide/pystan_refitting.ipynb
Ari Hartikainen,2022-12-06 09:19:20-03:00,doc/source/user_guide/wrappers/cmdstanpy_refitting.ipynb
Ari Hartikainen,2022-12-06 09:19:20-03:00,doc/source/user_guide/wrappers/sbc_cmdstanpy.ipynb
Ari Hartikainen,2022-12-06 09:19:20-03:00,setup.py
Rob Zinkov,2022-12-06 14:20:43+01:00,CHANGELOG.md
Rob Zinkov,2022-12-06 14:20:43+01:00,arviz/data/io_beanmachine.py
Rob Zinkov,2022-12-06 14:20:43+01:00,arviz/tests/external_tests/test_data_beanmachine.py
Rob Zinkov,2022-12-06 14:20:43+01:00,arviz/tests/helpers.py
Oriol Abril-Pla,2022-12-06 14:32:35+01:00,CHANGELOG.md
Oriol Abril-Pla,2022-12-06 14:32:35+01:00,arviz/plots/traceplot.py
Oriol Abril-Pla,2022-12-07 15:28:27+01:00,.azure-pipelines/azure-pipelines-docs.yml
Oriol Abril-Pla,2022-12-07 15:28:27+01:00,azure-pipelines.yml
Osvaldo A Martin,2022-12-07 21:41:54-03:00,CHANGELOG.md
Osvaldo A Martin,2022-12-07 21:41:54-03:00,arviz/plots/backends/bokeh/bpvplot.py
Osvaldo A Martin,2022-12-07 21:41:54-03:00,arviz/plots/backends/matplotlib/bpvplot.py
Osvaldo A Martin,2022-12-08 08:18:04-03:00,CHANGELOG.md
Osvaldo A Martin,2022-12-08 08:18:04-03:00,arviz/plots/backends/matplotlib/rankplot.py
Osvaldo A Martin,2022-12-08 08:18:04-03:00,arviz/plots/backends/matplotlib/traceplot.py
Oriol Abril-Pla,2022-12-22 03:23:23+01:00,CHANGELOG.md
Oriol Abril-Pla,2022-12-22 03:23:23+01:00,arviz/plots/lmplot.py
Oriol Abril-Pla,2022-12-22 03:23:23+01:00,arviz/stats/diagnostics.py
Oriol Abril-Pla,2022-12-22 03:23:23+01:00,arviz/tests/base_tests/test_diagnostics.py
Oriol Abril-Pla,2022-12-22 03:50:22+01:00,CHANGELOG.md
Oriol Abril-Pla,2022-12-22 03:50:22+01:00,doc/source/_static/custom.css
Oriol Abril-Pla,2022-12-22 03:50:22+01:00,doc/source/conf.py
Oriol Abril-Pla,2022-12-22 03:50:22+01:00,doc/source/contributing/index.md
Oriol Abril-Pla,2022-12-22 03:50:22+01:00,requirements-docs.txt
Oriol Abril-Pla,2022-12-27 19:06:42+01:00,doc/source/schema/schema.md
Varchas Gopalaswamy,2022-12-28 09:55:32+02:00,CHANGELOG.md
Varchas Gopalaswamy,2022-12-28 09:55:32+02:00,arviz/data/datasets.py
Varchas Gopalaswamy,2022-12-28 09:55:32+02:00,arviz/data/inference_data.py
Varchas Gopalaswamy,2022-12-28 09:55:32+02:00,arviz/data/io_netcdf.py
Varchas Gopalaswamy,2022-12-28 09:55:32+02:00,arviz/tests/base_tests/test_data.py
Varchas Gopalaswamy,2022-12-28 09:55:32+02:00,requirements-optional.txt
Varchas Gopalaswamy,2022-12-28 09:55:32+02:00,requirements-test.txt
Varchas Gopalaswamy,2022-12-28 09:55:32+02:00,requirements.txt
Asael A Matamoros,2023-01-05 23:13:12+01:00,arviz/plots/autocorrplot.py
Asael A Matamoros,2023-01-05 23:13:12+01:00,arviz/plots/bpvplot.py
Asael A Matamoros,2023-01-05 23:13:12+01:00,arviz/plots/essplot.py
Oriol Abril-Pla,2023-01-09 17:37:13+01:00,arviz/stats/diagnostics.py
Asael A Matamoros,2023-01-12 20:40:31+01:00,arviz/plots/autocorrplot.py
Asael A Matamoros,2023-01-12 20:40:31+01:00,arviz/plots/bpvplot.py
Asael A Matamoros,2023-01-12 20:40:31+01:00,arviz/plots/essplot.py
shardul khade,2023-01-22 20:25:37+01:00,elections/ArviZ_2020.md
shardul khade,2023-01-22 20:25:37+01:00,elections/README.md
Asael A Matamoros,2023-02-01 16:17:57+01:00,arviz/plots/compareplot.py
Asael A Matamoros,2023-02-01 16:17:57+01:00,arviz/plots/densityplot.py
Asael A Matamoros,2023-02-01 16:17:57+01:00,arviz/plots/distcomparisonplot.py
Ravin Kumar,2023-02-09 06:56:13+02:00,.pylintrc
Ravin Kumar,2023-02-09 06:56:13+02:00,arviz/data/inference_data.py
Ravin Kumar,2023-02-09 06:56:13+02:00,arviz/plots/elpdplot.py
Ravin Kumar,2023-02-09 06:56:13+02:00,arviz/tests/base_tests/test_rcparams.py
Ravin Kumar,2023-02-09 06:56:13+02:00,requirements.txt
Asael A Matamoros,2023-02-09 17:21:05+01:00,arviz/plots/distplot.py
Asael A Matamoros,2023-02-09 17:21:05+01:00,arviz/plots/dotplot.py
Asael A Matamoros,2023-02-09 17:21:05+01:00,arviz/plots/ecdfplot.py
Oriol Abril-Pla,2023-02-09 17:21:30+01:00,CHANGELOG.md
Oriol Abril-Pla,2023-02-09 17:21:30+01:00,arviz/labels.py
Asael A Matamoros,2023-02-09 18:01:42+01:00,arviz/plots/backends/bokeh/bfplot.py
Asael A Matamoros,2023-02-09 18:01:42+01:00,arviz/plots/backends/matplotlib/bfplot.py
Asael A Matamoros,2023-02-09 18:01:42+01:00,doc/source/api/plots.rst
Asael A Matamoros,2023-02-09 18:01:42+01:00,examples/matplotlib/mpl_plot_bf.py
ahk02,2023-02-09 18:21:28+01:00,arviz/data/io_pyro.py
ahk02,2023-02-09 18:21:28+01:00,arviz/stats/density_utils.py
ahk02,2023-02-09 18:21:28+01:00,arviz/stats/diagnostics.py
Ravin Kumar,2023-02-19 07:19:14-08:00,CHANGELOG.md
Ravin Kumar,2023-02-19 07:19:14-08:00,arviz/__init__.py
Ravin Kumar,2023-02-21 18:48:40+01:00,CHANGELOG.md
Ravin Kumar,2023-02-21 18:48:40+01:00,arviz/__init__.py
Antoine Petit,2023-02-21 19:24:32+01:00,CHANGELOG.md
Antoine Petit,2023-02-21 19:24:32+01:00,arviz/data/io_emcee.py
Asael A Matamoros,2023-02-28 17:33:43+01:00,arviz/plots/autocorrplot.py
Asael A Matamoros,2023-02-28 17:33:43+01:00,arviz/plots/bfplot.py
Asael A Matamoros,2023-02-28 17:33:43+01:00,arviz/plots/bpvplot.py
Asael A Matamoros,2023-02-28 17:33:43+01:00,arviz/plots/compareplot.py
Asael A Matamoros,2023-02-28 17:33:43+01:00,arviz/plots/densityplot.py
Asael A Matamoros,2023-02-28 17:33:43+01:00,arviz/plots/distcomparisonplot.py
Asael A Matamoros,2023-02-28 17:33:43+01:00,arviz/plots/distplot.py
Asael A Matamoros,2023-02-28 17:33:43+01:00,arviz/plots/dotplot.py
Asael A Matamoros,2023-02-28 17:33:43+01:00,arviz/plots/elpdplot.py
Asael A Matamoros,2023-02-28 17:33:43+01:00,arviz/plots/energyplot.py
Asael A Matamoros,2023-02-28 17:33:43+01:00,arviz/plots/essplot.py
Asael A Matamoros,2023-02-28 17:33:43+01:00,arviz/plots/forestplot.py
Oriol Abril-Pla,2023-03-02 08:54:28-08:00,doc/_templates/edit-this-page.html
Oriol Abril-Pla,2023-03-02 08:54:28-08:00,requirements-docs.txt
Ravin Kumar,2023-03-03 17:17:44+01:00,requirements.txt
Ravin Kumar,2023-03-06 14:37:26-08:00,CHANGELOG.md
Ravin Kumar,2023-03-06 14:37:26-08:00,arviz/__init__.py
Ravin Kumar,2023-03-07 10:24:38+01:00,CHANGELOG.md
Ravin Kumar,2023-03-07 10:24:38+01:00,arviz/__init__.py
Barış Aytekin,2023-03-22 20:55:19+01:00,README.md
Johannes Keyser,2023-03-23 10:35:03+01:00,doc/source/getting_started/XarrayforArviZ.ipynb
Johannes Keyser,2023-03-23 10:35:03+01:00,doc/source/index.md
Oriol Abril-Pla,2023-04-03 19:53:49+02:00,.azure-pipelines/azure-pipelines-external.yml
Oriol Abril-Pla,2023-04-03 19:53:49+02:00,requirements-external.txt
Asael A Matamoros,2023-04-03 20:05:01+02:00,arviz/plots/hdiplot.py
Asael A Matamoros,2023-04-03 20:05:01+02:00,arviz/plots/kdeplot.py
Asael A Matamoros,2023-04-03 20:05:01+02:00,arviz/plots/khatplot.py
Osvaldo A Martin,2023-04-06 00:06:04+02:00,arviz/plots/bfplot.py
Ari Hartikainen,2023-04-12 23:38:36+03:00,.azure-pipelines/azure-pipelines-external.yml
Ari Hartikainen,2023-04-13 00:16:23+03:00,.pylintrc
Ari Hartikainen,2023-04-22 09:22:24+03:00,.azure-pipelines/azure-pipelines-base.yml
Ari Hartikainen,2023-04-22 09:22:24+03:00,.azure-pipelines/azure-pipelines-benchmarks.yml
Ari Hartikainen,2023-04-22 09:22:24+03:00,.azure-pipelines/azure-pipelines-external.yml
Ari Hartikainen,2023-04-22 09:22:24+03:00,.azure-pipelines/azure-pipelines-wheel.yml
Ari Hartikainen,2023-04-22 09:22:24+03:00,.readthedocs.yaml
Ari Hartikainen,2023-04-22 09:22:24+03:00,.readthedocs.yml
Ari Hartikainen,2023-04-22 09:22:24+03:00,arviz/plots/backends/bokeh/lmplot.py
Ari Hartikainen,2023-04-22 09:22:24+03:00,arviz/plots/tsplot.py
Osvaldo A Martin,2023-05-04 15:38:25-03:00,CHANGELOG.md
Osvaldo A Martin,2023-05-04 15:38:25-03:00,arviz/plots/backends/matplotlib/bfplot.py
Osvaldo A Martin,2023-05-04 15:38:25-03:00,arviz/plots/bfplot.py
Ari Hartikainen,2023-05-07 09:44:21-03:00,CHANGELOG.md
Ari Hartikainen,2023-05-07 09:44:21-03:00,arviz/data/io_emcee.py
Oriol Abril-Pla,2023-05-08 20:35:54+02:00,.azure-pipelines/azure-pipelines-base.yml
Oriol Abril-Pla,2023-05-08 20:35:54+02:00,README.md
Oriol Abril-Pla,2023-05-08 20:35:54+02:00,asv_benchmarks/asv.conf.json
Oriol Abril-Pla,2023-05-08 20:35:54+02:00,setup.py
Michal Raczycki,2023-05-12 16:03:59+02:00,arviz/data/base.py
Michal Raczycki,2023-05-12 16:03:59+02:00,arviz/utils.py
Oriol Abril-Pla,2023-06-10 10:23:05+02:00,CHANGELOG.md
Oriol Abril-Pla,2023-06-10 10:23:05+02:00,arviz/plots/backends/bokeh/distplot.py
Oriol Abril-Pla,2023-06-10 10:23:05+02:00,arviz/plots/backends/matplotlib/distplot.py
Ari Hartikainen,2023-06-10 10:54:33+02:00,CHANGELOG.md
Ari Hartikainen,2023-06-10 10:54:33+02:00,arviz/tests/base_tests/test_utils_numba.py
Ari Hartikainen,2023-06-10 10:54:33+02:00,arviz/utils.py
Varchas Gopalaswamy,2023-06-10 11:42:11+02:00,CHANGELOG.md
Varchas Gopalaswamy,2023-06-10 11:42:11+02:00,arviz/data/inference_data.py
Varchas Gopalaswamy,2023-06-10 11:42:11+02:00,arviz/tests/base_tests/test_data.py
Surya Narayan,2023-06-12 23:48:44+02:00,CHANGELOG.md
Surya Narayan,2023-06-12 23:48:44+02:00,arviz/data/io_pystan.py
Surya Narayan,2023-06-12 23:48:44+02:00,arviz/stats/density_utils.py
Surya Narayan,2023-06-12 23:48:44+02:00,arviz/stats/stats.py
AbdulShaikz,2023-06-29 17:59:50+02:00,arviz/plots/ppcplot.py
Oriol Abril-Pla,2023-07-05 04:45:37+02:00,.github/FUNDING.yml
Oriol Abril-Pla,2023-07-06 17:53:51+02:00,CHANGELOG.md
Oriol Abril-Pla,2023-07-06 17:53:51+02:00,arviz/data/__init__.py
Oriol Abril-Pla,2023-07-06 17:53:51+02:00,arviz/data/datasets.py
Oriol Abril-Pla,2023-07-06 17:53:51+02:00,arviz/data/inference_data.py
Oriol Abril-Pla,2023-07-06 17:53:51+02:00,arviz/data/io_datatree.py
Oriol Abril-Pla,2023-07-06 17:53:51+02:00,arviz/tests/base_tests/test_data.py
Oriol Abril-Pla,2023-07-06 17:53:51+02:00,doc/source/api/data.rst
Oriol Abril-Pla,2023-07-06 17:53:51+02:00,requirements-optional.txt
Oriol Abril-Pla,2023-07-11 00:44:14+02:00,arviz/data/base.py
Asael A Matamoros,2023-07-11 22:54:51+02:00,arviz/plots/forestplot.py
Asael A Matamoros,2023-07-11 22:54:51+02:00,arviz/plots/posteriorplot.py
Asael A Matamoros,2023-07-11 22:54:51+02:00,doc/source/user_guide/plots_arguments_guide.md
Paul Spitzner,2023-07-11 22:55:02+02:00,CHANGELOG.md
Paul Spitzner,2023-07-11 22:55:02+02:00,arviz/data/__init__.py
Paul Spitzner,2023-07-11 22:55:02+02:00,arviz/data/io_zarr.py
Paul Spitzner,2023-07-11 22:55:02+02:00,arviz/tests/base_tests/test_data_zarr.py
Paul Spitzner,2023-07-11 22:55:02+02:00,doc/source/api/data.rst
Oriol Abril-Pla,2023-07-13 23:53:45+02:00,CHANGELOG.md
Oriol Abril-Pla,2023-07-13 23:53:45+02:00,arviz/__init__.py
Oriol Abril-Pla,2023-07-13 23:53:45+02:00,requirements.txt
Oriol Abril-Pla,2023-07-14 00:39:09+02:00,CHANGELOG.md
Oriol Abril-Pla,2023-07-14 00:39:09+02:00,arviz/__init__.py
Oriol Abril-Pla,2023-07-17 19:29:28+02:00,arviz/plots/backends/bokeh/forestplot.py
Oriol Abril-Pla,2023-07-17 19:29:28+02:00,arviz/plots/backends/bokeh/posteriorplot.py
Oriol Abril-Pla,2023-07-17 19:29:28+02:00,arviz/plots/backends/matplotlib/forestplot.py
Oriol Abril-Pla,2023-07-17 19:29:28+02:00,arviz/stats/density_utils.py
Oriol Abril-Pla,2023-07-17 19:29:28+02:00,arviz/stats/stats_utils.py
Oriol Abril-Pla,2023-07-17 19:29:28+02:00,arviz/tests/base_tests/test_utils_numba.py
Oriol Abril-Pla,2023-07-17 19:29:28+02:00,arviz/utils.py
Oriol Abril-Pla,2023-07-17 19:29:28+02:00,requirements.txt
Oriol Abril-Pla,2023-07-18 21:47:03+02:00,.gitignore
Oriol Abril-Pla,2023-07-18 21:47:03+02:00,CHANGELOG.md
Oriol Abril-Pla,2023-07-18 21:47:03+02:00,arviz/__init__.py
Oriol Abril-Pla,2023-07-18 21:47:03+02:00,doc/source/user_guide/Numba.ipynb
Oriol Abril-Pla,2023-07-19 00:29:35+02:00,CHANGELOG.md
Oriol Abril-Pla,2023-07-19 00:29:35+02:00,arviz/__init__.py
arshm06,2023-09-13 11:39:01+02:00,arviz/plots/backends/matplotlib/lmplot.py
Ari Hartikainen,2023-09-13 17:53:18+02:00,arviz/tests/external_tests/test_data_cmdstanpy.py
Ari Hartikainen,2023-09-13 17:53:18+02:00,pytest.ini
DAWells,2023-10-13 12:11:49+02:00,CHANGELOG.md
DAWells,2023-10-13 12:11:49+02:00,requirements.txt
Oriol Abril-Pla,2023-10-30 14:59:23-03:00,CHANGELOG.md
Oriol Abril-Pla,2023-10-30 14:59:23-03:00,arviz/labels.py
Oriol Abril-Pla,2023-10-30 14:59:23-03:00,arviz/plots/backends/matplotlib/ppcplot.py
Oriol Abril-Pla,2023-10-30 14:59:23-03:00,arviz/plots/ppcplot.py
Oriol Abril-Pla,2023-10-30 14:59:23-03:00,arviz/tests/base_tests/test_plots_matplotlib.py
Ari Hartikainen,2023-11-12 15:49:32+02:00,CHANGELOG.md
Ari Hartikainen,2023-11-12 15:49:32+02:00,arviz/data/io_cmdstanpy.py
Ari Hartikainen,2023-11-12 15:49:32+02:00,arviz/tests/external_tests/test_data_cmdstanpy.py
Reshama Shaikh,2023-11-12 15:52:36+02:00,doc/source/community.md
Ari Hartikainen,2023-11-14 19:23:29+02:00,CHANGELOG.md
Ari Hartikainen,2023-11-14 19:23:29+02:00,arviz/data/inference_data.py
Ari Hartikainen,2023-11-14 19:23:29+02:00,arviz/tests/base_tests/test_data.py
Ari Hartikainen,2023-11-14 19:23:29+02:00,arviz/utils.py
Oriol Abril-Pla,2023-11-14 20:35:18+01:00,arviz/plots/backends/matplotlib/ppcplot.py
Oriol Abril-Pla,2023-11-15 02:17:51+01:00,.azure-pipelines/azure-pipelines-base.yml
Oriol Abril-Pla,2023-11-15 02:17:51+01:00,.azure-pipelines/azure-pipelines-benchmarks.yml
Oriol Abril-Pla,2023-11-15 02:17:51+01:00,.azure-pipelines/azure-pipelines-external.yml
Oriol Abril-Pla,2023-11-15 02:17:51+01:00,.azure-pipelines/azure-pipelines-wheel.yml
Oriol Abril-Pla,2023-11-15 02:17:51+01:00,.readthedocs.yaml
Oriol Abril-Pla,2023-11-15 02:17:51+01:00,README.md
Oriol Abril-Pla,2023-11-15 02:17:51+01:00,arviz/data/io_beanmachine.py
Oriol Abril-Pla,2023-11-15 02:17:51+01:00,arviz/data/io_pyjags.py
Oriol Abril-Pla,2023-11-15 02:17:51+01:00,arviz/plots/backends/bokeh/densityplot.py
Oriol Abril-Pla,2023-11-15 02:17:51+01:00,arviz/plots/backends/bokeh/distplot.py
Oriol Abril-Pla,2023-11-15 02:17:51+01:00,arviz/plots/backends/bokeh/forestplot.py
Oriol Abril-Pla,2023-11-15 02:17:51+01:00,arviz/plots/backends/bokeh/kdeplot.py
Oriol Abril-Pla,2023-11-15 02:17:51+01:00,arviz/plots/backends/bokeh/pairplot.py
Oriol Abril-Pla,2023-11-15 02:17:51+01:00,arviz/plots/backends/matplotlib/bfplot.py
Oriol Abril-Pla,2023-11-15 02:17:51+01:00,arviz/plots/backends/matplotlib/dotplot.py
Oriol Abril-Pla,2023-11-15 02:17:51+01:00,arviz/plots/backends/matplotlib/kdeplot.py
Oriol Abril-Pla,2023-11-15 02:17:51+01:00,arviz/plots/backends/matplotlib/khatplot.py
Oriol Abril-Pla,2023-11-15 02:17:51+01:00,arviz/plots/backends/matplotlib/lmplot.py
Oriol Abril-Pla,2023-11-15 02:17:51+01:00,arviz/plots/backends/matplotlib/pairplot.py
Oriol Abril-Pla,2023-11-15 02:17:51+01:00,arviz/plots/backends/matplotlib/traceplot.py
Oriol Abril-Pla,2023-11-15 02:17:51+01:00,arviz/plots/kdeplot.py
Oriol Abril-Pla,2023-11-15 02:17:51+01:00,arviz/plots/plot_utils.py
Oriol Abril-Pla,2023-11-15 02:17:51+01:00,arviz/plots/separationplot.py
Oriol Abril-Pla,2023-11-15 02:17:51+01:00,arviz/stats/diagnostics.py
Oriol Abril-Pla,2023-11-15 02:17:51+01:00,arviz/tests/base_tests/test_plots_bokeh.py
Oriol Abril-Pla,2023-11-15 02:17:51+01:00,arviz/tests/external_tests/test_data_beanmachine.py
Oriol Abril-Pla,2023-11-15 02:17:51+01:00,arviz/tests/external_tests/test_data_pyjags.py
Oriol Abril-Pla,2023-11-15 02:17:51+01:00,arviz/tests/helpers.py
Oriol Abril-Pla,2023-11-15 02:17:51+01:00,arviz/utils.py
Oriol Abril-Pla,2023-11-15 02:17:51+01:00,arviz/wrappers/wrap_pymc.py
Oriol Abril-Pla,2023-11-15 02:17:51+01:00,doc/source/conf.py
Oriol Abril-Pla,2023-11-15 02:17:51+01:00,doc/source/index.md
Oriol Abril-Pla,2023-11-15 02:17:51+01:00,requirements-dev.txt
Oriol Abril-Pla,2023-11-15 02:17:51+01:00,requirements-docs.txt
Oriol Abril-Pla,2023-11-15 02:17:51+01:00,requirements-external.txt
Oriol Abril-Pla,2023-11-17 20:35:04+01:00,doc/source/conf.py
Oriol Abril-Pla,2023-11-17 20:35:04+01:00,requirements-docs.txt
Oriol Abril-Pla,2023-12-14 18:03:18+01:00,arviz/tests/helpers.py
n-kall,2023-12-14 18:04:08+01:00,CHANGELOG.md
n-kall,2023-12-14 18:04:08+01:00,arviz/stats/__init__.py
n-kall,2023-12-14 18:04:08+01:00,arviz/stats/stats.py
n-kall,2023-12-14 18:04:08+01:00,arviz/stats/stats_utils.py
n-kall,2023-12-14 18:04:08+01:00,arviz/tests/base_tests/test_stats.py
n-kall,2023-12-14 18:04:08+01:00,doc/source/api/diagnostics.rst
Aadya Chinubhai,2023-12-14 18:04:37+01:00,arviz/data/inference_data.py
Aadya Chinubhai,2023-12-14 18:04:37+01:00,arviz/tests/base_tests/test_data.py
Osvaldo A Martin,2023-12-22 21:32:43+01:00,arviz/plots/backends/matplotlib/bpvplot.py
Osvaldo A Martin,2023-12-22 21:32:43+01:00,arviz/plots/bpvplot.py
Oriol Abril-Pla,2023-12-27 16:40:48+01:00,.gitignore
Oriol Abril-Pla,2023-12-27 16:40:48+01:00,CHANGELOG.md
Oriol Abril-Pla,2023-12-27 16:40:48+01:00,arviz/__init__.py
Oriol Abril-Pla,2023-12-27 16:40:48+01:00,arviz/plots/bpvplot.py
Oriol Abril-Pla,2023-12-27 16:40:48+01:00,arviz/stats/__init__.py
Oriol Abril-Pla,2023-12-27 16:40:48+01:00,arviz/stats/stats.py
Oriol Abril-Pla,2023-12-27 16:40:48+01:00,arviz/stats/stats_utils.py
Oriol Abril-Pla,2023-12-27 16:40:48+01:00,arviz/tests/base_tests/test_plots_matplotlib.py
Oriol Abril-Pla,2023-12-27 16:40:48+01:00,arviz/utils.py
Oriol Abril-Pla,2023-12-27 16:40:48+01:00,doc/source/_static/custom.css
Oriol Abril-Pla,2023-12-27 16:40:48+01:00,doc/source/api/stats_utils.rst
Oriol Abril-Pla,2023-12-27 16:40:48+01:00,doc/source/conf.py
Oriol Abril-Pla,2023-12-27 16:40:48+01:00,doc/source/getting_started/Introduction.ipynb
Oriol Abril-Pla,2023-12-27 16:40:48+01:00,doc/source/getting_started/WorkingWithInferenceData.ipynb
Oriol Abril-Pla,2023-12-27 16:40:48+01:00,doc/source/getting_started/schools.json
Oriol Abril-Pla,2023-12-27 16:40:48+01:00,doc/source/getting_started/schools.stan
Oriol Abril-Pla,2023-12-27 17:34:55+01:00,CHANGELOG.md
Oriol Abril-Pla,2023-12-27 17:34:55+01:00,arviz/__init__.py
Osvaldo A Martin,2024-02-02 17:04:30-03:00,arviz/plots/ppcplot.py
Zenret Orse Bakle,2024-02-07 17:09:48+01:00,README.md
Osvaldo A Martin,2024-02-21 22:48:26+01:00,arviz/data/inference_data.py
Osvaldo A Martin,2024-02-21 22:48:26+01:00,doc/source/schema/schema.md
Seth Axen,2024-02-21 22:58:22+01:00,CHANGELOG.md
Seth Axen,2024-02-21 22:58:22+01:00,arviz/plots/ecdfplot.py
Seth Axen,2024-02-21 22:58:22+01:00,arviz/stats/ecdf_utils.py
Seth Axen,2024-02-21 22:58:22+01:00,arviz/tests/base_tests/test_stats_ecdf_utils.py
Oriol Abril-Pla,2024-02-22 23:22:30+01:00,.azure-pipelines/azure-pipelines-base.yml
Oriol Abril-Pla,2024-02-22 23:22:30+01:00,.azure-pipelines/azure-pipelines-benchmarks.yml
Oriol Abril-Pla,2024-02-22 23:22:30+01:00,CHANGELOG.md
Oriol Abril-Pla,2024-02-22 23:22:30+01:00,arviz/data/inference_data.py
Oriol Abril-Pla,2024-02-22 23:22:30+01:00,arviz/plots/backends/bokeh/bpvplot.py
Oriol Abril-Pla,2024-02-22 23:22:30+01:00,arviz/plots/backends/bokeh/compareplot.py
Oriol Abril-Pla,2024-02-22 23:22:30+01:00,arviz/plots/backends/bokeh/forestplot.py
Oriol Abril-Pla,2024-02-22 23:22:30+01:00,arviz/plots/backends/matplotlib/compareplot.py
Oriol Abril-Pla,2024-02-22 23:22:30+01:00,arviz/plots/backends/matplotlib/forestplot.py
Oriol Abril-Pla,2024-02-22 23:22:30+01:00,arviz/plots/backends/matplotlib/traceplot.py
Oriol Abril-Pla,2024-02-22 23:22:30+01:00,arviz/plots/bfplot.py
Oriol Abril-Pla,2024-02-22 23:22:30+01:00,arviz/plots/bpvplot.py
Oriol Abril-Pla,2024-02-22 23:22:30+01:00,arviz/plots/compareplot.py
Oriol Abril-Pla,2024-02-22 23:22:30+01:00,arviz/plots/elpdplot.py
Oriol Abril-Pla,2024-02-22 23:22:30+01:00,arviz/plots/essplot.py
Oriol Abril-Pla,2024-02-22 23:22:30+01:00,arviz/plots/pairplot.py
Oriol Abril-Pla,2024-02-22 23:22:30+01:00,arviz/plots/ppcplot.py
Oriol Abril-Pla,2024-02-22 23:22:30+01:00,arviz/stats/density_utils.py
Oriol Abril-Pla,2024-02-22 23:22:30+01:00,arviz/stats/diagnostics.py
Oriol Abril-Pla,2024-02-22 23:22:30+01:00,arviz/stats/stats.py
Oriol Abril-Pla,2024-02-22 23:22:30+01:00,arviz/stats/stats_utils.py
Oriol Abril-Pla,2024-02-22 23:22:30+01:00,arviz/tests/base_tests/test_data.py
Oriol Abril-Pla,2024-02-22 23:22:30+01:00,arviz/tests/base_tests/test_stats_utils.py
Oriol Abril-Pla,2024-02-22 23:22:30+01:00,arviz/tests/external_tests/test_data_numpyro.py
Oriol Abril-Pla,2024-02-22 23:22:30+01:00,arviz/tests/external_tests/test_data_pyro.py
Oriol Abril-Pla,2024-02-22 23:22:30+01:00,examples/matplotlib/mpl_styles.py
Oriol Abril-Pla,2024-02-22 23:22:30+01:00,requirements-docs.txt
Oriol Abril-Pla,2024-02-22 23:22:30+01:00,setup.py
Aadya Chinubhai,2024-02-23 18:12:49+01:00,doc/source/getting_started/WorkingWithInferenceData.ipynb
Oriol Abril-Pla,2024-03-12 18:05:59+01:00,.azure-pipelines/azure-pipelines-benchmarks.yml
Oriol Abril-Pla,2024-03-12 18:05:59+01:00,CHANGELOG.md
Oriol Abril-Pla,2024-03-12 18:05:59+01:00,arviz/data/inference_data.py
Oriol Abril-Pla,2024-03-12 18:05:59+01:00,arviz/data/io_pystan.py
Oriol Abril-Pla,2024-03-12 18:05:59+01:00,arviz/plots/backends/bokeh/forestplot.py
Oriol Abril-Pla,2024-03-12 18:05:59+01:00,arviz/plots/backends/matplotlib/forestplot.py
Oriol Abril-Pla,2024-03-13 17:49:25+01:00,CHANGELOG.md
Oriol Abril-Pla,2024-03-13 17:49:25+01:00,arviz/__init__.py
Oriol Abril-Pla,2024-03-13 17:49:25+01:00,setup.py
Oriol Abril-Pla,2024-03-13 18:42:30+01:00,CHANGELOG.md
Oriol Abril-Pla,2024-03-13 18:42:30+01:00,arviz/__init__.py
Oriol Abril-Pla,2024-03-13 18:42:30+01:00,setup.py
Colin Carroll,2024-03-14 01:06:59+01:00,CHANGELOG.md
Colin Carroll,2024-03-14 01:06:59+01:00,arviz/data/__init__.py
Colin Carroll,2024-03-14 01:06:59+01:00,arviz/data/base.py
Colin Carroll,2024-03-14 01:06:59+01:00,arviz/data/converters.py
Colin Carroll,2024-03-14 01:06:59+01:00,arviz/data/io_dict.py
Colin Carroll,2024-03-14 01:06:59+01:00,arviz/plots/backends/matplotlib/pairplot.py
Colin Carroll,2024-03-14 01:06:59+01:00,arviz/tests/base_tests/test_data.py
Colin Carroll,2024-03-14 01:06:59+01:00,requirements.txt
Oriol Abril-Pla,2024-03-14 17:16:41+01:00,CHANGELOG.md
Oriol Abril-Pla,2024-03-14 17:16:41+01:00,arviz/data/example_data/.gitignore
Oriol Abril-Pla,2024-03-14 17:16:41+01:00,arviz/data/example_data/code/rugby/rugby.ipynb
Oriol Abril-Pla,2024-03-14 17:16:41+01:00,arviz/data/example_data/code/rugby_field/rugby_field.ipynb
Oriol Abril-Pla,2024-03-14 17:16:41+01:00,arviz/data/example_data/data_remote.json
Oriol Abril-Pla,2024-03-14 17:16:41+01:00,arviz/data/inference_data.py
Oriol Abril-Pla,2024-03-14 17:16:41+01:00,arviz/tests/base_tests/test_plots_matplotlib.py
Oriol Abril-Pla,2024-03-25 23:26:11+01:00,arviz/stats/density_utils.py
Ratish P,2024-03-25 23:27:04+01:00,arviz/data/base.py
Ratish P,2024-03-25 23:27:04+01:00,arviz/data/inference_data.py
Oriol Abril-Pla,2024-03-27 14:59:40+01:00,CHANGELOG.md
Oriol Abril-Pla,2024-03-27 14:59:40+01:00,arviz/__init__.py
Oriol Abril-Pla,2024-03-27 14:59:40+01:00,arviz/data/__init__.py
Oriol Abril-Pla,2024-03-27 14:59:40+01:00,arviz/data/base.py
Oriol Abril-Pla,2024-03-27 14:59:40+01:00,arviz/data/converters.py
Oriol Abril-Pla,2024-03-27 14:59:40+01:00,arviz/data/datasets.py
Oriol Abril-Pla,2024-03-27 14:59:40+01:00,arviz/data/inference_data.py
Oriol Abril-Pla,2024-03-27 14:59:40+01:00,arviz/data/io_cmdstan.py
Oriol Abril-Pla,2024-03-27 14:59:40+01:00,arviz/data/io_datatree.py
Oriol Abril-Pla,2024-03-27 14:59:40+01:00,arviz/data/io_dict.py
Oriol Abril-Pla,2024-03-27 14:59:40+01:00,arviz/data/io_emcee.py
Oriol Abril-Pla,2024-03-27 14:59:40+01:00,arviz/data/io_numpyro.py
Oriol Abril-Pla,2024-03-27 14:59:40+01:00,arviz/data/io_pyjags.py
Oriol Abril-Pla,2024-03-27 14:59:40+01:00,arviz/data/io_pyro.py
Oriol Abril-Pla,2024-03-27 14:59:40+01:00,arviz/data/utils.py
Oriol Abril-Pla,2024-03-27 14:59:40+01:00,arviz/plots/__init__.py
Oriol Abril-Pla,2024-03-27 14:59:40+01:00,arviz/plots/autocorrplot.py
Oriol Abril-Pla,2024-03-27 14:59:40+01:00,arviz/plots/backends/bokeh/autocorrplot.py
Oriol Abril-Pla,2024-03-27 14:59:40+01:00,arviz/plots/backends/bokeh/bpvplot.py
Oriol Abril-Pla,2024-03-27 14:59:40+01:00,arviz/plots/backends/bokeh/compareplot.py
Oriol Abril-Pla,2024-03-27 14:59:40+01:00,arviz/plots/backends/bokeh/densityplot.py
Oriol Abril-Pla,2024-03-27 14:59:40+01:00,arviz/plots/backends/bokeh/distplot.py
Oriol Abril-Pla,2024-03-27 14:59:40+01:00,arviz/plots/backends/bokeh/dotplot.py
Oriol Abril-Pla,2024-03-27 14:59:40+01:00,arviz/plots/backends/bokeh/ecdfplot.py
Oriol Abril-Pla,2024-03-27 14:59:40+01:00,arviz/plots/backends/bokeh/elpdplot.py
Oriol Abril-Pla,2024-03-27 14:59:40+01:00,arviz/plots/backends/bokeh/energyplot.py
Oriol Abril-Pla,2024-03-27 14:59:40+01:00,arviz/plots/backends/bokeh/hdiplot.py
Oriol Abril-Pla,2024-03-27 14:59:40+01:00,arviz/plots/backends/bokeh/kdeplot.py
Oriol Abril-Pla,2024-03-27 14:59:40+01:00,arviz/plots/backends/bokeh/khatplot.py
Oriol Abril-Pla,2024-03-27 14:59:40+01:00,arviz/plots/backends/bokeh/lmplot.py
Oriol Abril-Pla,2024-03-27 14:59:40+01:00,arviz/plots/backends/bokeh/loopitplot.py
Oriol Abril-Pla,2024-03-27 14:59:40+01:00,arviz/plots/backends/bokeh/mcseplot.py
Oriol Abril-Pla,2024-03-27 14:59:40+01:00,arviz/plots/backends/bokeh/pairplot.py
Oriol Abril-Pla,2024-03-27 14:59:40+01:00,arviz/plots/backends/bokeh/parallelplot.py
Oriol Abril-Pla,2024-03-27 14:59:40+01:00,arviz/plots/backends/bokeh/posteriorplot.py
Oriol Abril-Pla,2024-03-27 14:59:40+01:00,arviz/plots/backends/bokeh/ppcplot.py
Oriol Abril-Pla,2024-03-27 14:59:40+01:00,arviz/plots/backends/bokeh/rankplot.py
Oriol Abril-Pla,2024-03-27 14:59:40+01:00,arviz/plots/backends/bokeh/separationplot.py
Oriol Abril-Pla,2024-03-27 14:59:40+01:00,arviz/plots/backends/bokeh/traceplot.py
Oriol Abril-Pla,2024-03-27 14:59:40+01:00,arviz/plots/backends/bokeh/violinplot.py
Oriol Abril-Pla,2024-03-27 14:59:40+01:00,arviz/plots/backends/matplotlib/autocorrplot.py
Oriol Abril-Pla,2024-03-27 14:59:40+01:00,arviz/plots/backends/matplotlib/bpvplot.py
Oriol Abril-Pla,2024-03-27 14:59:40+01:00,arviz/plots/backends/matplotlib/compareplot.py
Oriol Abril-Pla,2024-03-27 14:59:40+01:00,arviz/plots/backends/matplotlib/densityplot.py
Oriol Abril-Pla,2024-03-27 14:59:40+01:00,arviz/plots/backends/matplotlib/distcomparisonplot.py
Oriol Abril-Pla,2024-03-27 14:59:40+01:00,arviz/plots/backends/matplotlib/distplot.py
Oriol Abril-Pla,2024-03-27 14:59:40+01:00,arviz/plots/backends/matplotlib/dotplot.py
Oriol Abril-Pla,2024-03-27 14:59:40+01:00,arviz/plots/backends/matplotlib/ecdfplot.py
Oriol Abril-Pla,2024-03-27 14:59:40+01:00,arviz/plots/backends/matplotlib/elpdplot.py
Oriol Abril-Pla,2024-03-27 14:59:40+01:00,arviz/plots/backends/matplotlib/energyplot.py
Oriol Abril-Pla,2024-03-27 14:59:40+01:00,arviz/plots/backends/matplotlib/essplot.py
Oriol Abril-Pla,2024-03-27 14:59:40+01:00,arviz/plots/backends/matplotlib/forestplot.py
Oriol Abril-Pla,2024-03-27 14:59:40+01:00,arviz/plots/backends/matplotlib/hdiplot.py
Oriol Abril-Pla,2024-03-27 14:59:40+01:00,arviz/plots/backends/matplotlib/kdeplot.py
Oriol Abril-Pla,2024-03-27 14:59:40+01:00,arviz/plots/backends/matplotlib/khatplot.py
Oriol Abril-Pla,2024-03-27 14:59:40+01:00,arviz/plots/backends/matplotlib/lmplot.py
Oriol Abril-Pla,2024-03-27 14:59:40+01:00,arviz/plots/backends/matplotlib/loopitplot.py
Oriol Abril-Pla,2024-03-27 14:59:40+01:00,arviz/plots/backends/matplotlib/mcseplot.py
Oriol Abril-Pla,2024-03-27 14:59:40+01:00,arviz/plots/backends/matplotlib/pairplot.py
Oriol Abril-Pla,2024-03-27 14:59:40+01:00,arviz/plots/backends/matplotlib/parallelplot.py
Oriol Abril-Pla,2024-03-27 14:59:40+01:00,arviz/plots/backends/matplotlib/posteriorplot.py
Oriol Abril-Pla,2024-03-27 14:59:40+01:00,arviz/plots/backends/matplotlib/ppcplot.py
Oriol Abril-Pla,2024-03-27 14:59:40+01:00,arviz/plots/backends/matplotlib/rankplot.py
Oriol Abril-Pla,2024-03-27 14:59:40+01:00,arviz/plots/backends/matplotlib/separationplot.py
Oriol Abril-Pla,2024-03-27 14:59:40+01:00,arviz/plots/backends/matplotlib/traceplot.py
Oriol Abril-Pla,2024-03-27 14:59:40+01:00,arviz/plots/backends/matplotlib/tsplot.py
Oriol Abril-Pla,2024-03-27 14:59:40+01:00,arviz/plots/backends/matplotlib/violinplot.py
Oriol Abril-Pla,2024-03-27 14:59:40+01:00,arviz/plots/bpvplot.py
Oriol Abril-Pla,2024-03-27 14:59:40+01:00,arviz/plots/compareplot.py
Oriol Abril-Pla,2024-03-27 14:59:40+01:00,arviz/plots/densityplot.py
Oriol Abril-Pla,2024-03-27 14:59:40+01:00,arviz/plots/distcomparisonplot.py
Oriol Abril-Pla,2024-03-27 14:59:40+01:00,arviz/plots/dotplot.py
Oriol Abril-Pla,2024-03-27 14:59:40+01:00,arviz/plots/ecdfplot.py
Oriol Abril-Pla,2024-03-27 14:59:40+01:00,arviz/plots/elpdplot.py
Oriol Abril-Pla,2024-03-27 14:59:40+01:00,arviz/plots/energyplot.py
Oriol Abril-Pla,2024-03-27 14:59:40+01:00,arviz/plots/essplot.py
Oriol Abril-Pla,2024-03-27 14:59:40+01:00,arviz/plots/forestplot.py
Oriol Abril-Pla,2024-03-27 14:59:40+01:00,arviz/plots/hdiplot.py
Oriol Abril-Pla,2024-03-27 14:59:40+01:00,arviz/plots/khatplot.py
Oriol Abril-Pla,2024-03-27 14:59:40+01:00,arviz/plots/lmplot.py
Oriol Abril-Pla,2024-03-27 14:59:40+01:00,arviz/plots/loopitplot.py
Oriol Abril-Pla,2024-03-27 14:59:40+01:00,arviz/plots/mcseplot.py
Oriol Abril-Pla,2024-03-27 14:59:40+01:00,arviz/plots/pairplot.py
Oriol Abril-Pla,2024-03-27 14:59:40+01:00,arviz/plots/parallelplot.py
Oriol Abril-Pla,2024-03-27 14:59:40+01:00,arviz/plots/plot_utils.py
Oriol Abril-Pla,2024-03-27 14:59:40+01:00,arviz/plots/posteriorplot.py
Oriol Abril-Pla,2024-03-27 14:59:40+01:00,arviz/plots/ppcplot.py
Oriol Abril-Pla,2024-03-27 14:59:40+01:00,arviz/plots/rankplot.py
Oriol Abril-Pla,2024-03-27 14:59:40+01:00,arviz/plots/separationplot.py
Oriol Abril-Pla,2024-03-27 14:59:40+01:00,arviz/plots/traceplot.py
Oriol Abril-Pla,2024-03-27 14:59:40+01:00,arviz/plots/tsplot.py
Oriol Abril-Pla,2024-03-27 14:59:40+01:00,arviz/plots/violinplot.py
Oriol Abril-Pla,2024-03-27 14:59:40+01:00,arviz/rcparams.py
Oriol Abril-Pla,2024-03-27 14:59:40+01:00,arviz/sel_utils.py
Oriol Abril-Pla,2024-03-27 14:59:40+01:00,arviz/static/css/style.css
Oriol Abril-Pla,2024-03-27 14:59:40+01:00,arviz/stats/diagnostics.py
Oriol Abril-Pla,2024-03-27 14:59:40+01:00,arviz/stats/ecdf_utils.py
Oriol Abril-Pla,2024-03-27 14:59:40+01:00,arviz/stats/stats_refitting.py
Oriol Abril-Pla,2024-03-27 14:59:40+01:00,arviz/stats/stats_utils.py
Oriol Abril-Pla,2024-03-27 14:59:40+01:00,arviz/tests/base_tests/test_diagnostics.py
Oriol Abril-Pla,2024-03-27 14:59:40+01:00,arviz/tests/base_tests/test_diagnostics_numba.py
Oriol Abril-Pla,2024-03-27 14:59:40+01:00,arviz/tests/base_tests/test_labels.py
Oriol Abril-Pla,2024-03-27 14:59:40+01:00,arviz/tests/base_tests/test_plots_matplotlib.py
Oriol Abril-Pla,2024-03-27 14:59:40+01:00,arviz/tests/base_tests/test_stats.py
Oriol Abril-Pla,2024-03-27 14:59:40+01:00,arviz/tests/base_tests/test_stats_utils.py
Oriol Abril-Pla,2024-03-27 14:59:40+01:00,arviz/tests/base_tests/test_utils.py
Oriol Abril-Pla,2024-03-27 14:59:40+01:00,arviz/tests/helpers.py
Oriol Abril-Pla,2024-03-27 14:59:40+01:00,arviz/wrappers/__init__.py
Oriol Abril-Pla,2024-03-27 14:59:40+01:00,examples/bokeh/bokeh_plot_autocorr.py
Oriol Abril-Pla,2024-03-27 14:59:40+01:00,examples/bokeh/bokeh_plot_bpv.py
Oriol Abril-Pla,2024-03-27 14:59:40+01:00,examples/bokeh/bokeh_plot_bpv_tstat.py
Oriol Abril-Pla,2024-03-27 14:59:40+01:00,examples/bokeh/bokeh_plot_compare.py
Oriol Abril-Pla,2024-03-27 14:59:40+01:00,examples/bokeh/bokeh_plot_density.py
Oriol Abril-Pla,2024-03-27 14:59:40+01:00,examples/bokeh/bokeh_plot_density_single.py
Oriol Abril-Pla,2024-03-27 14:59:40+01:00,examples/bokeh/bokeh_plot_dist.py
Oriol Abril-Pla,2024-03-27 14:59:40+01:00,examples/bokeh/bokeh_plot_dot.py
Oriol Abril-Pla,2024-03-27 14:59:40+01:00,examples/bokeh/bokeh_plot_ecdf.py
Oriol Abril-Pla,2024-03-27 14:59:40+01:00,examples/bokeh/bokeh_plot_elpd.py
Oriol Abril-Pla,2024-03-27 14:59:40+01:00,examples/bokeh/bokeh_plot_energy.py
Oriol Abril-Pla,2024-03-27 14:59:40+01:00,examples/bokeh/bokeh_plot_ess_evolution.py
Oriol Abril-Pla,2024-03-27 14:59:40+01:00,examples/bokeh/bokeh_plot_ess_local.py
Oriol Abril-Pla,2024-03-27 14:59:40+01:00,examples/bokeh/bokeh_plot_ess_quantile.py
Oriol Abril-Pla,2024-03-27 14:59:40+01:00,examples/bokeh/bokeh_plot_forest.py
Oriol Abril-Pla,2024-03-27 14:59:40+01:00,examples/bokeh/bokeh_plot_forest_comparison.py
Oriol Abril-Pla,2024-03-27 14:59:40+01:00,examples/bokeh/bokeh_plot_forest_mixed.py
Oriol Abril-Pla,2024-03-27 14:59:40+01:00,examples/bokeh/bokeh_plot_forest_ridge.py
Oriol Abril-Pla,2024-03-27 14:59:40+01:00,examples/bokeh/bokeh_plot_hdi.py
Oriol Abril-Pla,2024-03-27 14:59:40+01:00,examples/bokeh/bokeh_plot_joint.py
Oriol Abril-Pla,2024-03-27 14:59:40+01:00,examples/bokeh/bokeh_plot_kde.py
Oriol Abril-Pla,2024-03-27 14:59:40+01:00,examples/bokeh/bokeh_plot_kde_2d.py
Oriol Abril-Pla,2024-03-27 14:59:40+01:00,examples/bokeh/bokeh_plot_kde_2d_hdi.py
Oriol Abril-Pla,2024-03-27 14:59:40+01:00,examples/bokeh/bokeh_plot_kde_quantiles.py
Oriol Abril-Pla,2024-03-27 14:59:40+01:00,examples/bokeh/bokeh_plot_khat.py
Oriol Abril-Pla,2024-03-27 14:59:40+01:00,examples/bokeh/bokeh_plot_lm.py
Oriol Abril-Pla,2024-03-27 14:59:40+01:00,examples/bokeh/bokeh_plot_loo_pit_ecdf.py
Oriol Abril-Pla,2024-03-27 14:59:40+01:00,examples/bokeh/bokeh_plot_loo_pit_overlay.py
Oriol Abril-Pla,2024-03-27 14:59:40+01:00,examples/bokeh/bokeh_plot_mcse.py
Oriol Abril-Pla,2024-03-27 14:59:40+01:00,examples/bokeh/bokeh_plot_mcse_errorbar.py
Oriol Abril-Pla,2024-03-27 14:59:40+01:00,examples/bokeh/bokeh_plot_pair.py
Oriol Abril-Pla,2024-03-27 14:59:40+01:00,examples/bokeh/bokeh_plot_pair_hex.py
Oriol Abril-Pla,2024-03-27 14:59:40+01:00,examples/bokeh/bokeh_plot_pair_kde.py
Oriol Abril-Pla,2024-03-27 14:59:40+01:00,examples/bokeh/bokeh_plot_pair_kde_hdi.py
Oriol Abril-Pla,2024-03-27 14:59:40+01:00,examples/bokeh/bokeh_plot_pair_point_estimate.py
Oriol Abril-Pla,2024-03-27 14:59:40+01:00,examples/bokeh/bokeh_plot_parallel.py
Oriol Abril-Pla,2024-03-27 14:59:40+01:00,examples/bokeh/bokeh_plot_posterior.py
Oriol Abril-Pla,2024-03-27 14:59:40+01:00,examples/bokeh/bokeh_plot_posterior_combinedims.py
Oriol Abril-Pla,2024-03-27 14:59:40+01:00,examples/bokeh/bokeh_plot_ppc.py
Oriol Abril-Pla,2024-03-27 14:59:40+01:00,examples/bokeh/bokeh_plot_ppc_cumulative.py
Oriol Abril-Pla,2024-03-27 14:59:40+01:00,examples/bokeh/bokeh_plot_rank.py
Oriol Abril-Pla,2024-03-27 14:59:40+01:00,examples/bokeh/bokeh_plot_separation.py
Oriol Abril-Pla,2024-03-27 14:59:40+01:00,examples/bokeh/bokeh_plot_trace.py
Oriol Abril-Pla,2024-03-27 14:59:40+01:00,examples/bokeh/bokeh_plot_trace_bars.py
Oriol Abril-Pla,2024-03-27 14:59:40+01:00,examples/bokeh/bokeh_plot_trace_circ.py
Oriol Abril-Pla,2024-03-27 14:59:40+01:00,examples/bokeh/bokeh_plot_trace_vlines.py
Oriol Abril-Pla,2024-03-27 14:59:40+01:00,examples/bokeh/bokeh_plot_violin.py
Oriol Abril-Pla,2024-03-27 14:59:40+01:00,examples/bokeh/bokeh_plot_violin_single_sided.py
Oriol Abril-Pla,2024-03-27 14:59:40+01:00,examples/matplotlib/mpl_plot_autocorr.py
Oriol Abril-Pla,2024-03-27 14:59:40+01:00,examples/matplotlib/mpl_plot_bf.py
Oriol Abril-Pla,2024-03-27 14:59:40+01:00,examples/matplotlib/mpl_plot_bpv.py
Oriol Abril-Pla,2024-03-27 14:59:40+01:00,examples/matplotlib/mpl_plot_bpv_tstat.py
Oriol Abril-Pla,2024-03-27 14:59:40+01:00,examples/matplotlib/mpl_plot_compare.py
Oriol Abril-Pla,2024-03-27 14:59:40+01:00,examples/matplotlib/mpl_plot_density.py
Oriol Abril-Pla,2024-03-27 14:59:40+01:00,examples/matplotlib/mpl_plot_density_single.py
Oriol Abril-Pla,2024-03-27 14:59:40+01:00,examples/matplotlib/mpl_plot_dist.py
Oriol Abril-Pla,2024-03-27 14:59:40+01:00,examples/matplotlib/mpl_plot_dot.py
Oriol Abril-Pla,2024-03-27 14:59:40+01:00,examples/matplotlib/mpl_plot_ecdf.py
Oriol Abril-Pla,2024-03-27 14:59:40+01:00,examples/matplotlib/mpl_plot_elpd.py
Oriol Abril-Pla,2024-03-27 14:59:40+01:00,examples/matplotlib/mpl_plot_energy.py
Oriol Abril-Pla,2024-03-27 14:59:40+01:00,examples/matplotlib/mpl_plot_ess_evolution.py
Oriol Abril-Pla,2024-03-27 14:59:40+01:00,examples/matplotlib/mpl_plot_ess_local.py
Oriol Abril-Pla,2024-03-27 14:59:40+01:00,examples/matplotlib/mpl_plot_ess_quantile.py
Oriol Abril-Pla,2024-03-27 14:59:40+01:00,examples/matplotlib/mpl_plot_forest.py
Oriol Abril-Pla,2024-03-27 14:59:40+01:00,examples/matplotlib/mpl_plot_forest_comparison.py
Oriol Abril-Pla,2024-03-27 14:59:40+01:00,examples/matplotlib/mpl_plot_forest_mixed.py
Oriol Abril-Pla,2024-03-27 14:59:40+01:00,examples/matplotlib/mpl_plot_forest_ridge.py
Oriol Abril-Pla,2024-03-27 14:59:40+01:00,examples/matplotlib/mpl_plot_hdi.py
Oriol Abril-Pla,2024-03-27 14:59:40+01:00,examples/matplotlib/mpl_plot_joint.py
Oriol Abril-Pla,2024-03-27 14:59:40+01:00,examples/matplotlib/mpl_plot_kde.py
Oriol Abril-Pla,2024-03-27 14:59:40+01:00,examples/matplotlib/mpl_plot_kde_2d.py
Oriol Abril-Pla,2024-03-27 14:59:40+01:00,examples/matplotlib/mpl_plot_kde_2d_hdi.py
Oriol Abril-Pla,2024-03-27 14:59:40+01:00,examples/matplotlib/mpl_plot_kde_quantiles.py
Oriol Abril-Pla,2024-03-27 14:59:40+01:00,examples/matplotlib/mpl_plot_khat.py
Oriol Abril-Pla,2024-03-27 14:59:40+01:00,examples/matplotlib/mpl_plot_lm.py
Oriol Abril-Pla,2024-03-27 14:59:40+01:00,examples/matplotlib/mpl_plot_loo_pit_ecdf.py
Oriol Abril-Pla,2024-03-27 14:59:40+01:00,examples/matplotlib/mpl_plot_loo_pit_overlay.py
Oriol Abril-Pla,2024-03-27 14:59:40+01:00,examples/matplotlib/mpl_plot_mcse.py
Oriol Abril-Pla,2024-03-27 14:59:40+01:00,examples/matplotlib/mpl_plot_mcse_errorbar.py
Oriol Abril-Pla,2024-03-27 14:59:40+01:00,examples/matplotlib/mpl_plot_pair.py
Oriol Abril-Pla,2024-03-27 14:59:40+01:00,examples/matplotlib/mpl_plot_pair_hex.py
Oriol Abril-Pla,2024-03-27 14:59:40+01:00,examples/matplotlib/mpl_plot_pair_kde.py
Oriol Abril-Pla,2024-03-27 14:59:40+01:00,examples/matplotlib/mpl_plot_pair_kde_hdi.py
Oriol Abril-Pla,2024-03-27 14:59:40+01:00,examples/matplotlib/mpl_plot_pair_point_estimate.py
Oriol Abril-Pla,2024-03-27 14:59:40+01:00,examples/matplotlib/mpl_plot_parallel.py
Oriol Abril-Pla,2024-03-27 14:59:40+01:00,examples/matplotlib/mpl_plot_posterior.py
Oriol Abril-Pla,2024-03-27 14:59:40+01:00,examples/matplotlib/mpl_plot_posterior_combinedims.py
Oriol Abril-Pla,2024-03-27 14:59:40+01:00,examples/matplotlib/mpl_plot_ppc.py
Oriol Abril-Pla,2024-03-27 14:59:40+01:00,examples/matplotlib/mpl_plot_ppc_cumulative.py
Oriol Abril-Pla,2024-03-27 14:59:40+01:00,examples/matplotlib/mpl_plot_rank.py
Oriol Abril-Pla,2024-03-27 14:59:40+01:00,examples/matplotlib/mpl_plot_separation.py
Oriol Abril-Pla,2024-03-27 14:59:40+01:00,examples/matplotlib/mpl_plot_trace.py
Oriol Abril-Pla,2024-03-27 14:59:40+01:00,examples/matplotlib/mpl_plot_trace_bars.py
Oriol Abril-Pla,2024-03-27 14:59:40+01:00,examples/matplotlib/mpl_plot_trace_circ.py
Oriol Abril-Pla,2024-03-27 14:59:40+01:00,examples/matplotlib/mpl_plot_trace_vlines.py
Oriol Abril-Pla,2024-03-27 14:59:40+01:00,examples/matplotlib/mpl_plot_violin.py
Oriol Abril-Pla,2024-03-27 14:59:40+01:00,examples/matplotlib/mpl_plot_violin_single_sided.py
Oriol Abril-Pla,2024-03-27 14:59:40+01:00,examples/matplotlib/mpl_styles.py
Oriol Abril-Pla,2024-03-27 14:59:40+01:00,requirements-dev.txt
Luciano Paz,2024-04-04 19:49:01+02:00,CHANGELOG.md
Luciano Paz,2024-04-04 19:49:01+02:00,arviz/data/inference_data.py
Luciano Paz,2024-04-04 19:49:01+02:00,doc/source/api/inference_data.rst
Oriol Abril-Pla,2024-04-04 22:59:47+02:00,CHANGELOG.md
Oriol Abril-Pla,2024-04-04 22:59:47+02:00,arviz/__init__.py
Oriol Abril-Pla,2024-04-04 22:59:47+02:00,doc/source/getting_started/Installation.rst
Oriol Abril-Pla,2024-04-04 22:59:47+02:00,requirements.txt
Oriol Abril-Pla,2024-04-05 17:17:23+02:00,CHANGELOG.md
Oriol Abril-Pla,2024-04-05 17:17:23+02:00,arviz/__init__.py
Ratish P,2024-04-08 16:41:27+02:00,CHANGELOG.md
Ratish P,2024-04-08 16:41:27+02:00,arviz/plots/backends/matplotlib/traceplot.py
Ratish P,2024-04-08 16:41:27+02:00,arviz/tests/base_tests/test_plots_matplotlib.py
Ratish P,2024-04-08 16:41:27+02:00,doc/source/conf.py
Ratish P,2024-04-08 16:41:27+02:00,doc/sphinxext/gallery_generator.py
Aki Vehtari,2024-05-09 18:18:06+02:00,arviz/plots/ecdfplot.py
Aki Vehtari,2024-05-09 18:18:06+02:00,arviz/plots/essplot.py
Aki Vehtari,2024-05-09 18:18:06+02:00,arviz/plots/khatplot.py
Aki Vehtari,2024-05-09 18:18:06+02:00,arviz/plots/loopitplot.py
Aki Vehtari,2024-05-09 18:18:06+02:00,arviz/plots/mcseplot.py
Aki Vehtari,2024-05-09 18:18:06+02:00,arviz/plots/rankplot.py
Aki Vehtari,2024-05-09 18:18:06+02:00,arviz/stats/diagnostics.py
Aki Vehtari,2024-05-09 18:18:06+02:00,arviz/stats/stats.py
andrewdipper,2024-05-10 11:11:35+02:00,arviz/data/io_numpyro.py
Oriol Abril-Pla,2024-06-04 18:33:27+02:00,.azure-pipelines/azure-pipelines-base.yml
Oriol Abril-Pla,2024-06-04 18:33:27+02:00,.azure-pipelines/azure-pipelines-external.yml
Oriol Abril-Pla,2024-06-04 18:33:27+02:00,CHANGELOG.md
Oriol Abril-Pla,2024-06-04 18:33:27+02:00,arviz/plots/plot_utils.py
Oriol Abril-Pla,2024-06-04 18:33:27+02:00,arviz/tests/base_tests/test_data.py
Oriol Abril-Pla,2024-06-04 18:33:27+02:00,arviz/tests/base_tests/test_data_zarr.py
Oriol Abril-Pla,2024-06-04 18:33:27+02:00,arviz/tests/base_tests/test_diagnostics_numba.py
Oriol Abril-Pla,2024-06-04 18:33:27+02:00,arviz/tests/base_tests/test_helpers.py
Oriol Abril-Pla,2024-06-04 18:33:27+02:00,arviz/tests/base_tests/test_plot_utils.py
Oriol Abril-Pla,2024-06-04 18:33:27+02:00,arviz/tests/base_tests/test_stats_numba.py
Oriol Abril-Pla,2024-06-04 18:33:27+02:00,arviz/tests/base_tests/test_utils_numba.py
Oriol Abril-Pla,2024-06-04 18:33:27+02:00,arviz/tests/external_tests/test_data_pystan.py
Oriol Abril-Pla,2024-06-04 18:33:27+02:00,arviz/tests/helpers.py
Oriol Abril-Pla,2024-06-04 18:33:27+02:00,requirements.txt
Oriol Abril-Pla,2024-06-05 10:15:15+02:00,.azure-pipelines/azure-pipelines-benchmarks.yml
Oriol Abril-Pla,2024-06-05 10:15:15+02:00,.pylintrc
Oriol Abril-Pla,2024-06-05 10:15:15+02:00,arviz/stats/stats.py
Oriol Abril-Pla,2024-06-05 10:15:15+02:00,arviz/tests/base_tests/test_stats.py
Oriol Abril-Pla,2024-06-05 10:15:15+02:00,asv_benchmarks/asv.conf.json
Oriol Abril-Pla,2024-06-05 18:43:05+02:00,doc/source/contributing/how_to_release.md
Osvaldo A Martin,2024-06-05 15:01:48-03:00,CHANGELOG.md
Osvaldo A Martin,2024-06-05 15:01:48-03:00,arviz/plots/backends/bokeh/khatplot.py
Osvaldo A Martin,2024-06-05 15:01:48-03:00,arviz/plots/backends/matplotlib/khatplot.py
Osvaldo A Martin,2024-06-05 15:01:48-03:00,arviz/plots/khatplot.py
Osvaldo A Martin,2024-06-05 15:01:48-03:00,arviz/stats/stats.py
Osvaldo A Martin,2024-06-05 15:01:48-03:00,arviz/stats/stats_utils.py
Seth Axen,2024-06-11 15:54:39+02:00,CHANGELOG.md
Seth Axen,2024-06-11 15:54:39+02:00,arviz/plots/backends/bokeh/ecdfplot.py
Seth Axen,2024-06-11 15:54:39+02:00,arviz/plots/backends/matplotlib/ecdfplot.py
Seth Axen,2024-06-11 15:54:39+02:00,arviz/plots/bpvplot.py
Seth Axen,2024-06-11 15:54:39+02:00,arviz/plots/densityplot.py
Seth Axen,2024-06-11 15:54:39+02:00,arviz/plots/dotplot.py
Seth Axen,2024-06-11 15:54:39+02:00,arviz/plots/ecdfplot.py
Seth Axen,2024-06-11 15:54:39+02:00,arviz/plots/forestplot.py
Seth Axen,2024-06-11 15:54:39+02:00,arviz/plots/hdiplot.py
Seth Axen,2024-06-11 15:54:39+02:00,arviz/plots/loopitplot.py
Seth Axen,2024-06-11 15:54:39+02:00,arviz/plots/posteriorplot.py
Seth Axen,2024-06-11 15:54:39+02:00,arviz/plots/violinplot.py
Seth Axen,2024-06-11 15:54:39+02:00,arviz/rcparams.py
Seth Axen,2024-06-11 15:54:39+02:00,arviz/stats/ecdf_utils.py
Seth Axen,2024-06-11 15:54:39+02:00,arviz/stats/stats.py
Seth Axen,2024-06-11 15:54:39+02:00,arviz/tests/base_tests/test_plots_matplotlib.py
Seth Axen,2024-06-11 15:54:39+02:00,arviz/tests/base_tests/test_rcparams.py
Seth Axen,2024-06-11 15:54:39+02:00,arviz/tests/helpers.py
Seth Axen,2024-06-11 15:54:39+02:00,arviz/utils.py
Seth Axen,2024-06-11 15:54:39+02:00,arvizrc.template
Seth Axen,2024-06-11 15:54:39+02:00,doc/source/getting_started/Introduction.ipynb
Seth Axen,2024-06-11 15:54:39+02:00,doc/source/user_guide/plots_arguments_guide.md
Seth Axen,2024-06-11 15:54:39+02:00,examples/matplotlib/mpl_plot_ecdf.py
Ari Hartikainen,2024-06-18 14:10:48+03:00,arviz/data/io_cmdstan.py
Oriol Abril-Pla,2024-06-24 19:21:16+02:00,.azure-pipelines/azure-pipelines-base.yml
Oriol Abril-Pla,2024-06-24 19:21:16+02:00,arviz/plots/backends/bokeh/pairplot.py
Oriol Abril-Pla,2024-06-24 19:21:16+02:00,requirements-docs.txt
Oriol Abril-Pla,2024-06-24 19:21:16+02:00,requirements-optional.txt
Artem Glebov,2024-06-24 19:21:45+02:00,arviz/stats/diagnostics.py
Oriol Abril-Pla,2024-07-19 18:12:28+02:00,.gitignore
Oriol Abril-Pla,2024-07-19 18:12:28+02:00,CHANGELOG.md
Oriol Abril-Pla,2024-07-19 18:12:28+02:00,arviz/plots/backends/bokeh/pairplot.py
Oriol Abril-Pla,2024-07-19 20:01:10+02:00,CHANGELOG.md
Oriol Abril-Pla,2024-07-19 20:01:10+02:00,arviz/__init__.py
Oriol Abril-Pla,2024-07-19 20:01:10+02:00,arviz/preview.py
Oriol Abril-Pla,2024-07-19 20:01:10+02:00,setup.py
Osvaldo A Martin,2024-07-19 16:00:30-03:00,CHANGELOG.md
Osvaldo A Martin,2024-07-19 16:00:30-03:00,arviz/__init__.py
Osvaldo A Martin,2024-07-19 22:07:43+02:00,CHANGELOG.md
Osvaldo A Martin,2024-07-19 22:07:43+02:00,arviz/__init__.py
Srihari Thyagarajan,2024-07-26 17:25:26+02:00,doc/source/contributing/plotting_backends.md
Osvaldo A Martin,2024-08-10 18:45:50-03:00,arviz/stats/stats.py
Osvaldo A Martin,2024-08-10 18:45:50-03:00,doc/source/conf.py
Varun Totakura,2024-08-22 21:05:13+02:00,CHANGELOG.md
Varun Totakura,2024-08-22 21:05:13+02:00,doc/source/contributing/pr_tutorial.md
Varun Totakura,2024-08-28 17:50:29+02:00,.gitignore
Varun Totakura,2024-08-28 17:50:29+02:00,CHANGELOG.md
Seth Axen,2024-08-28 22:17:07+02:00,CHANGELOG.md
Seth Axen,2024-08-28 22:17:07+02:00,arviz/plots/ecdfplot.py
Seth Axen,2024-08-28 22:17:07+02:00,arviz/stats/ecdf_utils.py
Seth Axen,2024-08-28 22:17:07+02:00,arviz/tests/base_tests/test_plots_matplotlib.py
Seth Axen,2024-08-28 22:17:07+02:00,arviz/tests/base_tests/test_stats_ecdf_utils.py
Osvaldo A Martin,2024-09-11 15:16:58+02:00,arviz/stats/stats.py
Oriol Abril-Pla,2024-09-11 15:17:19+02:00,CHANGELOG.md
Oriol Abril-Pla,2024-09-11 15:17:19+02:00,arviz/data/inference_data.py
Oriol Abril-Pla,2024-09-11 15:17:19+02:00,arviz/tests/base_tests/test_data.py
Oriol Abril-Pla,2024-09-11 18:02:11+02:00,arviz/data/base.py
Oriol Abril-Pla,2024-09-11 18:02:11+02:00,arviz/data/converters.py
Oriol Abril-Pla,2024-09-11 18:02:11+02:00,arviz/tests/base_tests/test_data.py
Oriol Abril-Pla,2024-09-11 18:02:11+02:00,requirements-docs.txt
Oriol Abril-Pla,2024-09-11 18:02:11+02:00,requirements-optional.txt
Oriol Abril-Pla,2024-09-11 18:02:11+02:00,requirements.txt
davideC00,2024-09-25 11:25:58-03:00,arviz/plots/forestplot.py
Osvaldo A Martin,2024-09-25 12:09:24-03:00,.pylintrc
Osvaldo A Martin,2024-09-25 18:32:35+02:00,arviz/plots/kdeplot.py
Osvaldo A Martin,2024-09-25 21:27:46+02:00,arviz/plots/compareplot.py
Oriol Abril-Pla,2024-09-28 22:14:16+02:00,CHANGELOG.md
Oriol Abril-Pla,2024-09-28 22:14:16+02:00,arviz/__init__.py
Oriol Abril-Pla,2024-09-28 22:14:16+02:00,doc/source/getting_started/WorkingWithInferenceData.ipynb
Johannes Buchner,2024-10-09 00:42:17+03:00,arviz/plots/backends/__init__.py
Luciano Paz,2024-11-19 16:00:21+01:00,CHANGELOG.md
Luciano Paz,2024-11-19 16:00:21+01:00,arviz/data/base.py
Luciano Paz,2024-11-19 16:00:21+01:00,arviz/tests/base_tests/test_data.py
Oriol Abril-Pla,2024-12-19 17:41:04+01:00,CHANGELOG.md
Oriol Abril-Pla,2024-12-19 17:41:04+01:00,arviz/data/inference_data.py
Oriol Abril-Pla,2024-12-19 17:41:04+01:00,arviz/tests/base_tests/test_data.py
Oriol Abril-Pla,2024-12-19 18:04:20+01:00,arviz/preview.py
Oriol Abril-Pla,2024-12-19 18:04:20+01:00,doc/source/api/index.rst
Oriol Abril-Pla,2024-12-19 18:04:20+01:00,doc/source/api/preview.md
Oriol Abril-Pla,2024-12-19 18:04:20+01:00,doc/source/getting_started/Installation.rst
Oriol Abril-Pla,2024-12-20 19:40:23+01:00,arviz/plots/backends/bokeh/densityplot.py
Oriol Abril-Pla,2024-12-20 19:40:23+01:00,arviz/plots/backends/bokeh/dotplot.py
Oriol Abril-Pla,2024-12-20 19:40:23+01:00,arviz/plots/backends/bokeh/essplot.py
Oriol Abril-Pla,2024-12-20 19:40:23+01:00,arviz/plots/backends/bokeh/forestplot.py
Oriol Abril-Pla,2024-12-20 19:40:23+01:00,arviz/plots/backends/bokeh/khatplot.py
Oriol Abril-Pla,2024-12-20 19:40:23+01:00,arviz/plots/backends/bokeh/lmplot.py
Oriol Abril-Pla,2024-12-20 19:40:23+01:00,arviz/plots/backends/bokeh/mcseplot.py
Oriol Abril-Pla,2024-12-20 19:40:23+01:00,arviz/plots/backends/bokeh/pairplot.py
Oriol Abril-Pla,2024-12-20 19:40:23+01:00,arviz/plots/backends/bokeh/ppcplot.py
Oriol Abril-Pla,2024-12-20 19:40:23+01:00,arviz/plots/backends/bokeh/rankplot.py
Oriol Abril-Pla,2024-12-20 19:40:23+01:00,arviz/plots/backends/bokeh/traceplot.py
Oriol Abril-Pla,2024-12-20 19:40:23+01:00,arviz/plots/backends/bokeh/violinplot.py
Oriol Abril-Pla,2024-12-20 19:40:23+01:00,arviz/plots/plot_utils.py
Oriol Abril-Pla,2024-12-20 19:40:23+01:00,doc/_templates/layout.html
Oriol Abril-Pla,2024-12-20 19:40:23+01:00,doc/_templates/sourcelink.html
Oriol Abril-Pla,2024-12-20 19:40:23+01:00,doc/_templates/twitter.html
Oriol Abril-Pla,2024-12-20 19:40:23+01:00,doc/source/conf.py
Oriol Abril-Pla,2024-12-20 19:40:33+01:00,CHANGELOG.md
Oriol Abril-Pla,2024-12-20 19:40:33+01:00,examples/bokeh/bokeh_plot_ecdf_comparison.py
Oriol Abril-Pla,2024-12-20 19:40:33+01:00,examples/matplotlib/mpl_plot_ecdf_comparison.py
Patchouli-Kenntnis,2024-12-23 07:28:59-03:00,arviz/plots/backends/bokeh/bpvplot.py
Patchouli-Kenntnis,2024-12-23 07:28:59-03:00,arviz/plots/backends/matplotlib/bpvplot.py
Patchouli-Kenntnis,2024-12-23 07:28:59-03:00,arviz/plots/bpvplot.py
Ari Hartikainen,2024-12-24 18:15:04+01:00,CHANGELOG.md
Ari Hartikainen,2024-12-24 18:15:04+01:00,arviz/stats/diagnostics.py
Ari Hartikainen,2024-12-24 18:15:04+01:00,arviz/tests/base_tests/test_diagnostics.py
Ari Hartikainen,2024-12-24 18:15:04+01:00,arviz/tests/saved_models/stan_diagnostics/reference_posterior.csv
Matt McCabe,2025-01-09 12:35:18-03:00,CHANGELOG.md
Matt McCabe,2025-01-09 12:35:18-03:00,arviz/plots/bfplot.py
Matt McCabe,2025-01-09 12:35:18-03:00,arviz/stats/__init__.py
Matt McCabe,2025-01-09 12:35:18-03:00,arviz/stats/stats.py
Matt McCabe,2025-01-09 12:35:18-03:00,arviz/tests/base_tests/test_plots_matplotlib.py
Matt McCabe,2025-01-09 12:35:18-03:00,arviz/tests/base_tests/test_stats.py
Christine P. Chai,2025-01-31 06:54:19+02:00,doc/source/community.md
Christine P. Chai,2025-01-31 06:54:19+02:00,doc/source/conf.py
Miles Moore,2025-02-02 22:29:58-06:00,CHANGELOG.md
Miles Moore,2025-02-02 22:29:58-06:00,arviz/plots/hdiplot.py
Miles Moore,2025-02-02 22:29:58-06:00,arviz/tests/base_tests/test_plots_matplotlib.py
Christine P. Chai,2025-02-07 09:32:55+02:00,doc/source/getting_started/Installation.rst
Christine P. Chai,2025-02-07 09:32:55+02:00,doc/source/user_guide/Numba.ipynb
Christine P. Chai,2025-02-14 07:26:50+02:00,doc/source/user_guide/Dask.ipynb
Christine P. Chai,2025-02-18 08:10:02+02:00,doc/source/community.md
Christine P. Chai,2025-02-18 08:10:02+02:00,doc/source/external_resources.md
Christine P. Chai,2025-02-21 08:50:29+02:00,doc/source/community.md
Christine P. Chai,2025-02-24 08:41:27+02:00,doc/source/contributing/issue_triaging.md
menacingly-coded,2025-02-24 09:12:12+02:00,arviz/utils.py
Christine P. Chai,2025-03-06 10:17:57+02:00,doc/source/user_guide/plotting_with_bokeh.md
Christine P. Chai,2025-03-06 10:18:26+02:00,doc/source/getting_started/Installation.rst
Osvaldo A Martin,2025-03-06 10:11:36-05:00,CHANGELOG.md
Osvaldo A Martin,2025-03-06 10:11:36-05:00,arviz/__init__.py
Osvaldo A Martin,2025-03-06 10:11:36-05:00,arviz/utils.py
Osvaldo A Martin,2025-03-07 15:56:34+02:00,CHANGELOG.md
Osvaldo A Martin,2025-03-07 15:56:34+02:00,arviz/__init__.py
