File,Top Contributor Share (%)
README.md,99.89
deployment/pdf_processor_tika_aws_lambda_java/.gitignore,100.00
deployment/pdf_processor_tika_aws_lambda_java/1-create-bucket.sh,100.00
deployment/pdf_processor_tika_aws_lambda_java/2-deploy.sh,100.00
deployment/pdf_processor_tika_aws_lambda_java/3-invoke.sh,100.00
deployment/pdf_processor_tika_aws_lambda_java/4-cleanup.sh,100.00
deployment/pdf_processor_tika_aws_lambda_java/README.md,100.00
deployment/pdf_processor_tika_aws_lambda_java/pom.xml,100.00
deployment/pdf_processor_tika_aws_lambda_java/src/main/java/example/HandlerString.java,100.00
deployment/transformer_llm_huggingface_aws_lambda/.gitignore,100.00
deployment/transformer_llm_huggingface_aws_lambda/CODE_OF_CONDUCT.md,100.00
deployment/transformer_llm_huggingface_aws_lambda/CONTRIBUTING.md,100.00
deployment/transformer_llm_huggingface_aws_lambda/LICENSE,100.00
deployment/transformer_llm_huggingface_aws_lambda/README.md,100.00
deployment/transformer_llm_huggingface_aws_lambda/app.py,100.00
deployment/transformer_llm_huggingface_aws_lambda/cdk.json,100.00
deployment/transformer_llm_huggingface_aws_lambda/inference/Dockerfile,100.00
deployment/transformer_llm_huggingface_aws_lambda/inference/vectorisation.py,100.00
deployment/transformer_llm_huggingface_aws_lambda/requirements.txt,100.00
.github/workflows/deploy-file-parser-to-aws-lambda.yml,100.00
deployment/file_processor/function.py,100.00
deployment/file_processor/0-run-tests.sh,100.00
deployment/file_processor/1-create-bucket.sh,100.00
deployment/file_processor/2-build-layer.sh,100.00
deployment/file_processor/3-deploy.sh,100.00
deployment/file_processor/4-invoke.sh,100.00
deployment/file_processor/5-cleanup.sh,100.00
deployment/file_processor/README.md,100.00
deployment/file_processor/event.json,100.00
deployment/file_processor/function/lambda_function.py,100.00
deployment/file_processor/function/lambda_function.test.py,100.00
deployment/file_processor/function/requirements.txt,100.00
deployment/file_processor/template.yml,100.00
deployment/file_processor/bucket-name.txt,100.00
deployment/file_processor/function/schema.py,100.00
deployment/file_processor/out.yml,100.00
deployment/file_processor/package/python/aws_xray_sdk-2.4.3.dist-info/INSTALLER,100.00
deployment/file_processor/package/python/aws_xray_sdk-2.4.3.dist-info/METADATA,100.00
deployment/file_processor/package/python/aws_xray_sdk-2.4.3.dist-info/RECORD,100.00
deployment/file_processor/package/python/aws_xray_sdk-2.4.3.dist-info/WHEEL,100.00
deployment/file_processor/package/python/aws_xray_sdk-2.4.3.dist-info/top_level.txt,100.00
deployment/file_processor/package/python/aws_xray_sdk/__init__.py,100.00
deployment/file_processor/package/python/aws_xray_sdk/core/__init__.py,100.00
deployment/file_processor/package/python/aws_xray_sdk/core/async_context.py,100.00
deployment/file_processor/package/python/aws_xray_sdk/core/async_recorder.py,100.00
deployment/file_processor/package/python/aws_xray_sdk/core/context.py,100.00
deployment/file_processor/package/python/aws_xray_sdk/core/daemon_config.py,100.00
deployment/file_processor/package/python/aws_xray_sdk/core/emitters/udp_emitter.py,100.00
deployment/file_processor/package/python/aws_xray_sdk/core/exceptions/exceptions.py,100.00
deployment/file_processor/package/python/aws_xray_sdk/core/lambda_launcher.py,100.00
deployment/file_processor/package/python/aws_xray_sdk/core/models/default_dynamic_naming.py,100.00
deployment/file_processor/package/python/aws_xray_sdk/core/models/dummy_entities.py,100.00
deployment/file_processor/package/python/aws_xray_sdk/core/models/entity.py,100.00
deployment/file_processor/package/python/aws_xray_sdk/core/models/facade_segment.py,100.00
deployment/file_processor/package/python/aws_xray_sdk/core/models/http.py,100.00
deployment/file_processor/package/python/aws_xray_sdk/core/models/segment.py,100.00
deployment/file_processor/package/python/aws_xray_sdk/core/models/subsegment.py,100.00
deployment/file_processor/package/python/aws_xray_sdk/core/models/throwable.py,100.00
deployment/file_processor/package/python/aws_xray_sdk/core/models/trace_header.py,100.00
deployment/file_processor/package/python/aws_xray_sdk/core/models/traceid.py,100.00
deployment/file_processor/package/python/aws_xray_sdk/core/patcher.py,100.00
deployment/file_processor/package/python/aws_xray_sdk/core/plugins/ec2_plugin.py,100.00
deployment/file_processor/package/python/aws_xray_sdk/core/plugins/ecs_plugin.py,100.00
deployment/file_processor/package/python/aws_xray_sdk/core/plugins/elasticbeanstalk_plugin.py,100.00
deployment/file_processor/package/python/aws_xray_sdk/core/plugins/utils.py,100.00
deployment/file_processor/package/python/aws_xray_sdk/core/recorder.py,100.00
deployment/file_processor/package/python/aws_xray_sdk/core/sampling/connector.py,100.00
deployment/file_processor/package/python/aws_xray_sdk/core/sampling/local/reservoir.py,100.00
deployment/file_processor/package/python/aws_xray_sdk/core/sampling/local/sampler.py,100.00
deployment/file_processor/package/python/aws_xray_sdk/core/sampling/local/sampling_rule.json,100.00
deployment/file_processor/package/python/aws_xray_sdk/core/sampling/local/sampling_rule.py,100.00
deployment/file_processor/package/python/aws_xray_sdk/core/sampling/reservoir.py,100.00
deployment/file_processor/package/python/aws_xray_sdk/core/sampling/rule_cache.py,100.00
deployment/file_processor/package/python/aws_xray_sdk/core/sampling/rule_poller.py,100.00
deployment/file_processor/package/python/aws_xray_sdk/core/sampling/sampler.py,100.00
deployment/file_processor/package/python/aws_xray_sdk/core/sampling/sampling_rule.py,100.00
deployment/file_processor/package/python/aws_xray_sdk/core/sampling/target_poller.py,100.00
deployment/file_processor/package/python/aws_xray_sdk/core/streaming/default_streaming.py,100.00
deployment/file_processor/package/python/aws_xray_sdk/core/utils/atomic_counter.py,100.00
deployment/file_processor/package/python/aws_xray_sdk/core/utils/compat.py,100.00
deployment/file_processor/package/python/aws_xray_sdk/core/utils/search_pattern.py,100.00
deployment/file_processor/package/python/aws_xray_sdk/core/utils/stacktrace.py,100.00
deployment/file_processor/package/python/aws_xray_sdk/ext/aiobotocore/__init__.py,100.00
deployment/file_processor/package/python/aws_xray_sdk/ext/aiobotocore/patch.py,100.00
deployment/file_processor/package/python/aws_xray_sdk/ext/aiohttp/client.py,100.00
deployment/file_processor/package/python/aws_xray_sdk/ext/aiohttp/middleware.py,100.00
deployment/file_processor/package/python/aws_xray_sdk/ext/boto_utils.py,100.00
deployment/file_processor/package/python/aws_xray_sdk/ext/botocore/__init__.py,100.00
deployment/file_processor/package/python/aws_xray_sdk/ext/botocore/patch.py,100.00
deployment/file_processor/package/python/aws_xray_sdk/ext/dbapi2.py,100.00
deployment/file_processor/package/python/aws_xray_sdk/ext/django/__init__.py,100.00
deployment/file_processor/package/python/aws_xray_sdk/ext/django/apps.py,100.00
deployment/file_processor/package/python/aws_xray_sdk/ext/django/conf.py,100.00
deployment/file_processor/package/python/aws_xray_sdk/ext/django/db.py,100.00
deployment/file_processor/package/python/aws_xray_sdk/ext/django/middleware.py,100.00
deployment/file_processor/package/python/aws_xray_sdk/ext/django/templates.py,100.00
deployment/file_processor/package/python/aws_xray_sdk/ext/flask/middleware.py,100.00
deployment/file_processor/package/python/aws_xray_sdk/ext/flask_sqlalchemy/query.py,100.00
deployment/file_processor/package/python/aws_xray_sdk/ext/httplib/__init__.py,100.00
deployment/file_processor/package/python/aws_xray_sdk/ext/httplib/patch.py,100.00
deployment/file_processor/package/python/aws_xray_sdk/ext/mysql/__init__.py,100.00
deployment/file_processor/package/python/aws_xray_sdk/ext/mysql/patch.py,100.00
deployment/file_processor/package/python/aws_xray_sdk/ext/pg8000/__init__.py,100.00
deployment/file_processor/package/python/aws_xray_sdk/ext/pg8000/patch.py,100.00
deployment/file_processor/package/python/aws_xray_sdk/ext/psycopg2/__init__.py,100.00
deployment/file_processor/package/python/aws_xray_sdk/ext/psycopg2/patch.py,100.00
deployment/file_processor/package/python/aws_xray_sdk/ext/pymongo/__init__.py,100.00
deployment/file_processor/package/python/aws_xray_sdk/ext/pymongo/patch.py,100.00
deployment/file_processor/package/python/aws_xray_sdk/ext/pynamodb/__init__.py,100.00
deployment/file_processor/package/python/aws_xray_sdk/ext/pynamodb/patch.py,100.00
deployment/file_processor/package/python/aws_xray_sdk/ext/requests/__init__.py,100.00
deployment/file_processor/package/python/aws_xray_sdk/ext/requests/patch.py,100.00
deployment/file_processor/package/python/aws_xray_sdk/ext/resources/aws_para_whitelist.json,100.00
deployment/file_processor/package/python/aws_xray_sdk/ext/sqlalchemy/query.py,100.00
deployment/file_processor/package/python/aws_xray_sdk/ext/sqlalchemy/util/decorators.py,100.00
deployment/file_processor/package/python/aws_xray_sdk/ext/sqlite3/__init__.py,100.00
deployment/file_processor/package/python/aws_xray_sdk/ext/sqlite3/patch.py,100.00
deployment/file_processor/package/python/aws_xray_sdk/ext/util.py,100.00
deployment/file_processor/package/python/aws_xray_sdk/sdk_config.py,100.00
deployment/file_processor/package/python/aws_xray_sdk/version.py,100.00
deployment/file_processor/package/python/bin/futurize,100.00
deployment/file_processor/package/python/bin/jp.py,100.00
deployment/file_processor/package/python/bin/pasteurize,100.00
deployment/file_processor/package/python/botocore-1.29.124.dist-info/INSTALLER,100.00
deployment/file_processor/package/python/botocore-1.29.124.dist-info/LICENSE.txt,100.00
deployment/file_processor/package/python/botocore-1.29.124.dist-info/METADATA,100.00
deployment/file_processor/package/python/botocore-1.29.124.dist-info/NOTICE,100.00
deployment/file_processor/package/python/botocore-1.29.124.dist-info/RECORD,100.00
deployment/file_processor/package/python/botocore-1.29.124.dist-info/WHEEL,100.00
deployment/file_processor/package/python/botocore-1.29.124.dist-info/top_level.txt,100.00
deployment/file_processor/package/python/botocore/__init__.py,100.00
deployment/file_processor/package/python/botocore/args.py,100.00
deployment/file_processor/package/python/botocore/auth.py,100.00
deployment/file_processor/package/python/botocore/awsrequest.py,100.00
deployment/file_processor/package/python/botocore/cacert.pem,100.00
deployment/file_processor/package/python/botocore/client.py,100.00
deployment/file_processor/package/python/botocore/compat.py,100.00
deployment/file_processor/package/python/botocore/config.py,100.00
deployment/file_processor/package/python/botocore/configloader.py,100.00
deployment/file_processor/package/python/botocore/configprovider.py,100.00
deployment/file_processor/package/python/botocore/credentials.py,100.00
deployment/file_processor/package/python/botocore/crt/__init__.py,100.00
deployment/file_processor/package/python/botocore/crt/auth.py,100.00
deployment/file_processor/package/python/botocore/data/_retry.json,100.00
deployment/file_processor/package/python/botocore/data/accessanalyzer/2019-11-01/examples-1.json,100.00
deployment/file_processor/package/python/botocore/data/accessanalyzer/2019-11-01/paginators-1.json,100.00
deployment/file_processor/package/python/botocore/data/accessanalyzer/2019-11-01/service-2.json,100.00
deployment/file_processor/package/python/botocore/data/account/2021-02-01/examples-1.json,100.00
deployment/file_processor/package/python/botocore/data/account/2021-02-01/paginators-1.json,100.00
deployment/file_processor/package/python/botocore/data/account/2021-02-01/service-2.json,100.00
deployment/file_processor/package/python/botocore/data/acm-pca/2017-08-22/examples-1.json,100.00
deployment/file_processor/package/python/botocore/data/acm-pca/2017-08-22/paginators-1.json,100.00
deployment/file_processor/package/python/botocore/data/acm-pca/2017-08-22/service-2.json,100.00
deployment/file_processor/package/python/botocore/data/acm-pca/2017-08-22/waiters-2.json,100.00
deployment/file_processor/package/python/botocore/data/acm/2015-12-08/examples-1.json,100.00
deployment/file_processor/package/python/botocore/data/acm/2015-12-08/paginators-1.json,100.00
deployment/file_processor/package/python/botocore/data/acm/2015-12-08/service-2.json,100.00
deployment/file_processor/package/python/botocore/data/acm/2015-12-08/waiters-2.json,100.00
deployment/file_processor/package/python/botocore/data/alexaforbusiness/2017-11-09/examples-1.json,100.00
deployment/file_processor/package/python/botocore/data/alexaforbusiness/2017-11-09/paginators-1.json,100.00
deployment/file_processor/package/python/botocore/data/alexaforbusiness/2017-11-09/service-2.json,100.00
deployment/file_processor/package/python/botocore/data/amp/2020-08-01/examples-1.json,100.00
deployment/file_processor/package/python/botocore/data/amp/2020-08-01/paginators-1.json,100.00
deployment/file_processor/package/python/botocore/data/amp/2020-08-01/service-2.json,100.00
deployment/file_processor/package/python/botocore/data/amp/2020-08-01/waiters-2.json,100.00
deployment/file_processor/package/python/botocore/data/amplify/2017-07-25/examples-1.json,100.00
deployment/file_processor/package/python/botocore/data/amplify/2017-07-25/paginators-1.json,100.00
deployment/file_processor/package/python/botocore/data/amplify/2017-07-25/service-2.json,100.00
deployment/file_processor/package/python/botocore/data/amplifybackend/2020-08-11/paginators-1.json,100.00
deployment/file_processor/package/python/botocore/data/amplifybackend/2020-08-11/service-2.json,100.00
deployment/file_processor/package/python/botocore/data/amplifyuibuilder/2021-08-11/examples-1.json,100.00
deployment/file_processor/package/python/botocore/data/amplifyuibuilder/2021-08-11/paginators-1.json,100.00
deployment/file_processor/package/python/botocore/data/amplifyuibuilder/2021-08-11/service-2.json,100.00
deployment/file_processor/package/python/botocore/data/amplifyuibuilder/2021-08-11/waiters-2.json,100.00
deployment/file_processor/package/python/botocore/data/apigateway/2015-07-09/examples-1.json,100.00
deployment/file_processor/package/python/botocore/data/apigateway/2015-07-09/paginators-1.json,100.00
deployment/file_processor/package/python/botocore/data/apigateway/2015-07-09/service-2.json,100.00
deployment/file_processor/package/python/botocore/data/apigatewaymanagementapi/2018-11-29/paginators-1.json,100.00
deployment/file_processor/package/python/botocore/data/apigatewaymanagementapi/2018-11-29/service-2.json,100.00
deployment/file_processor/package/python/botocore/data/apigatewayv2/2018-11-29/paginators-1.json,100.00
deployment/file_processor/package/python/botocore/data/apigatewayv2/2018-11-29/service-2.json,100.00
deployment/file_processor/package/python/botocore/data/appconfig/2019-10-09/examples-1.json,100.00
deployment/file_processor/package/python/botocore/data/appconfig/2019-10-09/paginators-1.json,100.00
deployment/file_processor/package/python/botocore/data/appconfig/2019-10-09/service-2.json,100.00
deployment/file_processor/package/python/botocore/data/appconfigdata/2021-11-11/examples-1.json,100.00
deployment/file_processor/package/python/botocore/data/appconfigdata/2021-11-11/paginators-1.json,100.00
deployment/file_processor/package/python/botocore/data/appconfigdata/2021-11-11/service-2.json,100.00
deployment/file_processor/package/python/botocore/data/appflow/2020-08-23/examples-1.json,100.00
deployment/file_processor/package/python/botocore/data/appflow/2020-08-23/paginators-1.json,100.00
deployment/file_processor/package/python/botocore/data/appflow/2020-08-23/service-2.json,100.00
deployment/file_processor/package/python/botocore/data/appintegrations/2020-07-29/examples-1.json,100.00
deployment/file_processor/package/python/botocore/data/appintegrations/2020-07-29/paginators-1.json,100.00
deployment/file_processor/package/python/botocore/data/appintegrations/2020-07-29/service-2.json,100.00
deployment/file_processor/package/python/botocore/data/application-autoscaling/2016-02-06/examples-1.json,100.00
deployment/file_processor/package/python/botocore/data/application-autoscaling/2016-02-06/paginators-1.json,100.00
deployment/file_processor/package/python/botocore/data/application-autoscaling/2016-02-06/service-2.json,100.00
deployment/file_processor/package/python/botocore/data/application-insights/2018-11-25/examples-1.json,100.00
deployment/file_processor/package/python/botocore/data/application-insights/2018-11-25/paginators-1.json,100.00
deployment/file_processor/package/python/botocore/data/application-insights/2018-11-25/service-2.json,100.00
deployment/file_processor/package/python/botocore/data/applicationcostprofiler/2020-09-10/examples-1.json,100.00
deployment/file_processor/package/python/botocore/data/applicationcostprofiler/2020-09-10/paginators-1.json,100.00
deployment/file_processor/package/python/botocore/data/applicationcostprofiler/2020-09-10/service-2.json,100.00
deployment/file_processor/package/python/botocore/data/appmesh/2018-10-01/examples-1.json,100.00
deployment/file_processor/package/python/botocore/data/appmesh/2018-10-01/paginators-1.json,100.00
deployment/file_processor/package/python/botocore/data/appmesh/2018-10-01/service-2.json,100.00
deployment/file_processor/package/python/botocore/data/appmesh/2019-01-25/examples-1.json,100.00
deployment/file_processor/package/python/botocore/data/appmesh/2019-01-25/paginators-1.json,100.00
deployment/file_processor/package/python/botocore/data/appmesh/2019-01-25/service-2.json,100.00
deployment/file_processor/package/python/botocore/data/apprunner/2020-05-15/examples-1.json,100.00
deployment/file_processor/package/python/botocore/data/apprunner/2020-05-15/paginators-1.json,100.00
deployment/file_processor/package/python/botocore/data/apprunner/2020-05-15/service-2.json,100.00
deployment/file_processor/package/python/botocore/data/appstream/2016-12-01/examples-1.json,100.00
deployment/file_processor/package/python/botocore/data/appstream/2016-12-01/paginators-1.json,100.00
deployment/file_processor/package/python/botocore/data/appstream/2016-12-01/service-2.json,100.00
deployment/file_processor/package/python/botocore/data/appstream/2016-12-01/waiters-2.json,100.00
deployment/file_processor/package/python/botocore/data/appsync/2017-07-25/examples-1.json,100.00
deployment/file_processor/package/python/botocore/data/appsync/2017-07-25/paginators-1.json,100.00
deployment/file_processor/package/python/botocore/data/appsync/2017-07-25/service-2.json,100.00
deployment/file_processor/package/python/botocore/data/arc-zonal-shift/2022-10-30/paginators-1.json,100.00
deployment/file_processor/package/python/botocore/data/arc-zonal-shift/2022-10-30/service-2.json,100.00
deployment/file_processor/package/python/botocore/data/athena/2017-05-18/examples-1.json,100.00
deployment/file_processor/package/python/botocore/data/athena/2017-05-18/paginators-1.json,100.00
deployment/file_processor/package/python/botocore/data/athena/2017-05-18/service-2.json,100.00
deployment/file_processor/package/python/botocore/data/auditmanager/2017-07-25/examples-1.json,100.00
deployment/file_processor/package/python/botocore/data/auditmanager/2017-07-25/paginators-1.json,100.00
deployment/file_processor/package/python/botocore/data/auditmanager/2017-07-25/service-2.json,100.00
deployment/file_processor/package/python/botocore/data/autoscaling-plans/2018-01-06/examples-1.json,100.00
deployment/file_processor/package/python/botocore/data/autoscaling-plans/2018-01-06/paginators-1.json,100.00
deployment/file_processor/package/python/botocore/data/autoscaling-plans/2018-01-06/service-2.json,100.00
deployment/file_processor/package/python/botocore/data/autoscaling/2011-01-01/examples-1.json,100.00
deployment/file_processor/package/python/botocore/data/autoscaling/2011-01-01/paginators-1.json,100.00
deployment/file_processor/package/python/botocore/data/autoscaling/2011-01-01/service-2.json,100.00
deployment/file_processor/package/python/botocore/data/backup-gateway/2021-01-01/examples-1.json,100.00
deployment/file_processor/package/python/botocore/data/backup-gateway/2021-01-01/paginators-1.json,100.00
deployment/file_processor/package/python/botocore/data/backup-gateway/2021-01-01/service-2.json,100.00
deployment/file_processor/package/python/botocore/data/backup/2018-11-15/examples-1.json,100.00
deployment/file_processor/package/python/botocore/data/backup/2018-11-15/paginators-1.json,100.00
deployment/file_processor/package/python/botocore/data/backup/2018-11-15/service-2.json,100.00
deployment/file_processor/package/python/botocore/data/backupstorage/2018-04-10/paginators-1.json,100.00
deployment/file_processor/package/python/botocore/data/backupstorage/2018-04-10/service-2.json,100.00
deployment/file_processor/package/python/botocore/data/batch/2016-08-10/examples-1.json,100.00
deployment/file_processor/package/python/botocore/data/batch/2016-08-10/paginators-1.json,100.00
deployment/file_processor/package/python/botocore/data/batch/2016-08-10/service-2.json,100.00
deployment/file_processor/package/python/botocore/data/billingconductor/2021-07-30/examples-1.json,100.00
deployment/file_processor/package/python/botocore/data/billingconductor/2021-07-30/paginators-1.json,100.00
deployment/file_processor/package/python/botocore/data/billingconductor/2021-07-30/service-2.json,100.00
deployment/file_processor/package/python/botocore/data/billingconductor/2021-07-30/waiters-2.json,100.00
deployment/file_processor/package/python/botocore/data/braket/2019-09-01/examples-1.json,100.00
deployment/file_processor/package/python/botocore/data/braket/2019-09-01/paginators-1.json,100.00
deployment/file_processor/package/python/botocore/data/braket/2019-09-01/service-2.json,100.00
deployment/file_processor/package/python/botocore/data/budgets/2016-10-20/examples-1.json,100.00
deployment/file_processor/package/python/botocore/data/budgets/2016-10-20/paginators-1.json,100.00
deployment/file_processor/package/python/botocore/data/budgets/2016-10-20/service-2.json,100.00
deployment/file_processor/package/python/botocore/data/ce/2017-10-25/examples-1.json,100.00
deployment/file_processor/package/python/botocore/data/ce/2017-10-25/paginators-1.json,100.00
deployment/file_processor/package/python/botocore/data/ce/2017-10-25/service-2.json,100.00
deployment/file_processor/package/python/botocore/data/chime-sdk-identity/2021-04-20/examples-1.json,100.00
deployment/file_processor/package/python/botocore/data/chime-sdk-identity/2021-04-20/paginators-1.json,100.00
deployment/file_processor/package/python/botocore/data/chime-sdk-identity/2021-04-20/service-2.json,100.00
deployment/file_processor/package/python/botocore/data/chime-sdk-media-pipelines/2021-07-15/paginators-1.json,100.00
deployment/file_processor/package/python/botocore/data/chime-sdk-media-pipelines/2021-07-15/service-2.json,100.00
deployment/file_processor/package/python/botocore/data/chime-sdk-meetings/2021-07-15/examples-1.json,100.00
deployment/file_processor/package/python/botocore/data/chime-sdk-meetings/2021-07-15/paginators-1.json,100.00
deployment/file_processor/package/python/botocore/data/chime-sdk-meetings/2021-07-15/service-2.json,100.00
deployment/file_processor/package/python/botocore/data/chime-sdk-messaging/2021-05-15/examples-1.json,100.00
deployment/file_processor/package/python/botocore/data/chime-sdk-messaging/2021-05-15/paginators-1.json,100.00
deployment/file_processor/package/python/botocore/data/chime-sdk-messaging/2021-05-15/service-2.json,100.00
deployment/file_processor/package/python/botocore/data/chime-sdk-voice/2022-08-03/paginators-1.json,100.00
deployment/file_processor/package/python/botocore/data/chime-sdk-voice/2022-08-03/service-2.json,100.00
deployment/file_processor/package/python/botocore/data/chime/2018-05-01/examples-1.json,100.00
deployment/file_processor/package/python/botocore/data/chime/2018-05-01/paginators-1.json,100.00
deployment/file_processor/package/python/botocore/data/chime/2018-05-01/service-2.json,100.00
deployment/file_processor/package/python/botocore/data/cleanrooms/2022-02-17/paginators-1.json,100.00
deployment/file_processor/package/python/botocore/data/cleanrooms/2022-02-17/service-2.json,100.00
deployment/file_processor/package/python/botocore/data/cleanrooms/2022-02-17/waiters-2.json,100.00
deployment/file_processor/package/python/botocore/data/cloud9/2017-09-23/examples-1.json,100.00
deployment/file_processor/package/python/botocore/data/cloud9/2017-09-23/paginators-1.json,100.00
deployment/file_processor/package/python/botocore/data/cloud9/2017-09-23/service-2.json,100.00
deployment/file_processor/package/python/botocore/data/cloudcontrol/2021-09-30/examples-1.json,100.00
deployment/file_processor/package/python/botocore/data/cloudcontrol/2021-09-30/paginators-1.json,100.00
deployment/file_processor/package/python/botocore/data/cloudcontrol/2021-09-30/paginators-1.sdk-extras.json,100.00
deployment/file_processor/package/python/botocore/data/cloudcontrol/2021-09-30/service-2.json,100.00
deployment/file_processor/package/python/botocore/data/cloudcontrol/2021-09-30/waiters-2.json,100.00
deployment/file_processor/package/python/botocore/data/clouddirectory/2016-05-10/examples-1.json,100.00
deployment/file_processor/package/python/botocore/data/clouddirectory/2016-05-10/paginators-1.json,100.00
deployment/file_processor/package/python/botocore/data/clouddirectory/2016-05-10/service-2.json,100.00
deployment/file_processor/package/python/botocore/data/clouddirectory/2017-01-11/examples-1.json,100.00
deployment/file_processor/package/python/botocore/data/clouddirectory/2017-01-11/paginators-1.json,100.00
deployment/file_processor/package/python/botocore/data/clouddirectory/2017-01-11/service-2.json,100.00
deployment/file_processor/package/python/botocore/data/cloudformation/2010-05-15/examples-1.json,100.00
deployment/file_processor/package/python/botocore/data/cloudformation/2010-05-15/paginators-1.json,100.00
deployment/file_processor/package/python/botocore/data/cloudformation/2010-05-15/service-2.json,100.00
deployment/file_processor/package/python/botocore/data/cloudformation/2010-05-15/waiters-2.json,100.00
deployment/file_processor/package/python/botocore/data/cloudfront/2014-05-31/paginators-1.json,100.00
deployment/file_processor/package/python/botocore/data/cloudfront/2014-05-31/service-2.json,100.00
deployment/file_processor/package/python/botocore/data/cloudfront/2014-05-31/waiters-2.json,100.00
deployment/file_processor/package/python/botocore/data/cloudfront/2014-10-21/paginators-1.json,100.00
deployment/file_processor/package/python/botocore/data/cloudfront/2014-10-21/service-2.json,100.00
deployment/file_processor/package/python/botocore/data/cloudfront/2014-10-21/waiters-2.json,100.00
deployment/file_processor/package/python/botocore/data/cloudfront/2014-11-06/paginators-1.json,100.00
deployment/file_processor/package/python/botocore/data/cloudfront/2014-11-06/service-2.json,100.00
deployment/file_processor/package/python/botocore/data/cloudfront/2014-11-06/waiters-2.json,100.00
deployment/file_processor/package/python/botocore/data/cloudfront/2015-04-17/paginators-1.json,100.00
deployment/file_processor/package/python/botocore/data/cloudfront/2015-04-17/service-2.json,100.00
deployment/file_processor/package/python/botocore/data/cloudfront/2015-04-17/waiters-2.json,100.00
deployment/file_processor/package/python/botocore/data/cloudfront/2015-07-27/paginators-1.json,100.00
deployment/file_processor/package/python/botocore/data/cloudfront/2015-07-27/service-2.json,100.00
deployment/file_processor/package/python/botocore/data/cloudfront/2015-07-27/waiters-2.json,100.00
deployment/file_processor/package/python/botocore/data/cloudfront/2015-09-17/paginators-1.json,100.00
deployment/file_processor/package/python/botocore/data/cloudfront/2015-09-17/service-2.json,100.00
deployment/file_processor/package/python/botocore/data/cloudfront/2015-09-17/waiters-2.json,100.00
deployment/file_processor/package/python/botocore/data/cloudfront/2016-01-13/paginators-1.json,100.00
deployment/file_processor/package/python/botocore/data/cloudfront/2016-01-13/service-2.json,100.00
deployment/file_processor/package/python/botocore/data/cloudfront/2016-01-13/waiters-2.json,100.00
deployment/file_processor/package/python/botocore/data/cloudfront/2016-01-28/examples-1.json,100.00
deployment/file_processor/package/python/botocore/data/cloudfront/2016-01-28/paginators-1.json,100.00
deployment/file_processor/package/python/botocore/data/cloudfront/2016-01-28/service-2.json,100.00
deployment/file_processor/package/python/botocore/data/cloudfront/2016-01-28/waiters-2.json,100.00
deployment/file_processor/package/python/botocore/data/cloudfront/2016-08-01/examples-1.json,100.00
deployment/file_processor/package/python/botocore/data/cloudfront/2016-08-01/paginators-1.json,100.00
deployment/file_processor/package/python/botocore/data/cloudfront/2016-08-01/service-2.json,100.00
deployment/file_processor/package/python/botocore/data/cloudfront/2016-08-01/waiters-2.json,100.00
deployment/file_processor/package/python/botocore/data/cloudfront/2016-08-20/paginators-1.json,100.00
deployment/file_processor/package/python/botocore/data/cloudfront/2016-08-20/service-2.json,100.00
deployment/file_processor/package/python/botocore/data/cloudfront/2016-08-20/waiters-2.json,100.00
deployment/file_processor/package/python/botocore/data/cloudfront/2016-09-07/examples-1.json,100.00
deployment/file_processor/package/python/botocore/data/cloudfront/2016-09-07/paginators-1.json,100.00
deployment/file_processor/package/python/botocore/data/cloudfront/2016-09-07/service-2.json,100.00
deployment/file_processor/package/python/botocore/data/cloudfront/2016-09-07/waiters-2.json,100.00
deployment/file_processor/package/python/botocore/data/cloudfront/2016-09-29/examples-1.json,100.00
deployment/file_processor/package/python/botocore/data/cloudfront/2016-09-29/paginators-1.json,100.00
deployment/file_processor/package/python/botocore/data/cloudfront/2016-09-29/service-2.json,100.00
deployment/file_processor/package/python/botocore/data/cloudfront/2016-09-29/waiters-2.json,100.00
deployment/file_processor/package/python/botocore/data/cloudfront/2016-11-25/examples-1.json,100.00
deployment/file_processor/package/python/botocore/data/cloudfront/2016-11-25/paginators-1.json,100.00
deployment/file_processor/package/python/botocore/data/cloudfront/2016-11-25/service-2.json,100.00
deployment/file_processor/package/python/botocore/data/cloudfront/2016-11-25/waiters-2.json,100.00
deployment/file_processor/package/python/botocore/data/cloudfront/2017-03-25/paginators-1.json,100.00
deployment/file_processor/package/python/botocore/data/cloudfront/2017-03-25/service-2.json,100.00
deployment/file_processor/package/python/botocore/data/cloudfront/2017-03-25/waiters-2.json,100.00
deployment/file_processor/package/python/botocore/data/cloudfront/2017-10-30/examples-1.json,100.00
deployment/file_processor/package/python/botocore/data/cloudfront/2017-10-30/paginators-1.json,100.00
deployment/file_processor/package/python/botocore/data/cloudfront/2017-10-30/service-2.json,100.00
deployment/file_processor/package/python/botocore/data/cloudfront/2017-10-30/waiters-2.json,100.00
deployment/file_processor/package/python/botocore/data/cloudfront/2018-06-18/examples-1.json,100.00
deployment/file_processor/package/python/botocore/data/cloudfront/2018-06-18/paginators-1.json,100.00
deployment/file_processor/package/python/botocore/data/cloudfront/2018-06-18/service-2.json,100.00
deployment/file_processor/package/python/botocore/data/cloudfront/2018-06-18/waiters-2.json,100.00
deployment/file_processor/package/python/botocore/data/cloudfront/2018-11-05/examples-1.json,100.00
deployment/file_processor/package/python/botocore/data/cloudfront/2018-11-05/paginators-1.json,100.00
deployment/file_processor/package/python/botocore/data/cloudfront/2018-11-05/service-2.json,100.00
deployment/file_processor/package/python/botocore/data/cloudfront/2018-11-05/waiters-2.json,100.00
deployment/file_processor/package/python/botocore/data/cloudfront/2019-03-26/examples-1.json,100.00
deployment/file_processor/package/python/botocore/data/cloudfront/2019-03-26/paginators-1.json,100.00
deployment/file_processor/package/python/botocore/data/cloudfront/2019-03-26/service-2.json,100.00
deployment/file_processor/package/python/botocore/data/cloudfront/2019-03-26/waiters-2.json,100.00
deployment/file_processor/package/python/botocore/data/cloudfront/2020-05-31/examples-1.json,100.00
deployment/file_processor/package/python/botocore/data/cloudfront/2020-05-31/paginators-1.json,100.00
deployment/file_processor/package/python/botocore/data/cloudfront/2020-05-31/service-2.json,100.00
deployment/file_processor/package/python/botocore/data/cloudfront/2020-05-31/waiters-2.json,100.00
deployment/file_processor/package/python/botocore/data/cloudhsm/2014-05-30/examples-1.json,100.00
deployment/file_processor/package/python/botocore/data/cloudhsm/2014-05-30/paginators-1.json,100.00
deployment/file_processor/package/python/botocore/data/cloudhsm/2014-05-30/service-2.json,100.00
deployment/file_processor/package/python/botocore/data/cloudhsmv2/2017-04-28/examples-1.json,100.00
deployment/file_processor/package/python/botocore/data/cloudhsmv2/2017-04-28/paginators-1.json,100.00
deployment/file_processor/package/python/botocore/data/cloudhsmv2/2017-04-28/service-2.json,100.00
deployment/file_processor/package/python/botocore/data/cloudsearch/2011-02-01/service-2.json,100.00
deployment/file_processor/package/python/botocore/data/cloudsearch/2013-01-01/examples-1.json,100.00
deployment/file_processor/package/python/botocore/data/cloudsearch/2013-01-01/paginators-1.json,100.00
deployment/file_processor/package/python/botocore/data/cloudsearch/2013-01-01/service-2.json,100.00
deployment/file_processor/package/python/botocore/data/cloudsearchdomain/2013-01-01/examples-1.json,100.00
deployment/file_processor/package/python/botocore/data/cloudsearchdomain/2013-01-01/service-2.json,100.00
deployment/file_processor/package/python/botocore/data/cloudtrail-data/2021-08-11/paginators-1.json,100.00
deployment/file_processor/package/python/botocore/data/cloudtrail-data/2021-08-11/service-2.json,100.00
deployment/file_processor/package/python/botocore/data/cloudtrail/2013-11-01/examples-1.json,100.00
deployment/file_processor/package/python/botocore/data/cloudtrail/2013-11-01/paginators-1.json,100.00
deployment/file_processor/package/python/botocore/data/cloudtrail/2013-11-01/service-2.json,100.00
deployment/file_processor/package/python/botocore/data/cloudwatch/2010-08-01/examples-1.json,100.00
deployment/file_processor/package/python/botocore/data/cloudwatch/2010-08-01/paginators-1.json,100.00
deployment/file_processor/package/python/botocore/data/cloudwatch/2010-08-01/service-2.json,100.00
deployment/file_processor/package/python/botocore/data/cloudwatch/2010-08-01/waiters-2.json,100.00
deployment/file_processor/package/python/botocore/data/codeartifact/2018-09-22/examples-1.json,100.00
deployment/file_processor/package/python/botocore/data/codeartifact/2018-09-22/paginators-1.json,100.00
deployment/file_processor/package/python/botocore/data/codeartifact/2018-09-22/paginators-1.sdk-extras.json,100.00
deployment/file_processor/package/python/botocore/data/codeartifact/2018-09-22/service-2.json,100.00
deployment/file_processor/package/python/botocore/data/codebuild/2016-10-06/examples-1.json,100.00
deployment/file_processor/package/python/botocore/data/codebuild/2016-10-06/paginators-1.json,100.00
deployment/file_processor/package/python/botocore/data/codebuild/2016-10-06/service-2.json,100.00
deployment/file_processor/package/python/botocore/data/codecatalyst/2022-09-28/paginators-1.json,100.00
deployment/file_processor/package/python/botocore/data/codecatalyst/2022-09-28/service-2.json,100.00
deployment/file_processor/package/python/botocore/data/codecatalyst/2022-09-28/waiters-2.json,100.00
deployment/file_processor/package/python/botocore/data/codecommit/2015-04-13/examples-1.json,100.00
deployment/file_processor/package/python/botocore/data/codecommit/2015-04-13/paginators-1.json,100.00
deployment/file_processor/package/python/botocore/data/codecommit/2015-04-13/service-2.json,100.00
deployment/file_processor/package/python/botocore/data/codedeploy/2014-10-06/examples-1.json,100.00
deployment/file_processor/package/python/botocore/data/codedeploy/2014-10-06/paginators-1.json,100.00
deployment/file_processor/package/python/botocore/data/codedeploy/2014-10-06/service-2.json,100.00
deployment/file_processor/package/python/botocore/data/codedeploy/2014-10-06/waiters-2.json,100.00
deployment/file_processor/package/python/botocore/data/codeguru-reviewer/2019-09-19/examples-1.json,100.00
deployment/file_processor/package/python/botocore/data/codeguru-reviewer/2019-09-19/paginators-1.json,100.00
deployment/file_processor/package/python/botocore/data/codeguru-reviewer/2019-09-19/service-2.json,100.00
deployment/file_processor/package/python/botocore/data/codeguru-reviewer/2019-09-19/waiters-2.json,100.00
deployment/file_processor/package/python/botocore/data/codeguruprofiler/2019-07-18/examples-1.json,100.00
deployment/file_processor/package/python/botocore/data/codeguruprofiler/2019-07-18/paginators-1.json,100.00
deployment/file_processor/package/python/botocore/data/codeguruprofiler/2019-07-18/service-2.json,100.00
deployment/file_processor/package/python/botocore/data/codepipeline/2015-07-09/examples-1.json,100.00
deployment/file_processor/package/python/botocore/data/codepipeline/2015-07-09/paginators-1.json,100.00
deployment/file_processor/package/python/botocore/data/codepipeline/2015-07-09/service-2.json,100.00
deployment/file_processor/package/python/botocore/data/codestar-connections/2019-12-01/examples-1.json,100.00
deployment/file_processor/package/python/botocore/data/codestar-connections/2019-12-01/paginators-1.json,100.00
deployment/file_processor/package/python/botocore/data/codestar-connections/2019-12-01/service-2.json,100.00
deployment/file_processor/package/python/botocore/data/codestar-notifications/2019-10-15/examples-1.json,100.00
deployment/file_processor/package/python/botocore/data/codestar-notifications/2019-10-15/paginators-1.json,100.00
deployment/file_processor/package/python/botocore/data/codestar-notifications/2019-10-15/service-2.json,100.00
deployment/file_processor/package/python/botocore/data/codestar/2017-04-19/examples-1.json,100.00
deployment/file_processor/package/python/botocore/data/codestar/2017-04-19/paginators-1.json,100.00
deployment/file_processor/package/python/botocore/data/codestar/2017-04-19/service-2.json,100.00
deployment/file_processor/package/python/botocore/data/cognito-identity/2014-06-30/examples-1.json,100.00
deployment/file_processor/package/python/botocore/data/cognito-identity/2014-06-30/paginators-1.json,100.00
deployment/file_processor/package/python/botocore/data/cognito-identity/2014-06-30/service-2.json,100.00
deployment/file_processor/package/python/botocore/data/cognito-idp/2016-04-18/examples-1.json,100.00
deployment/file_processor/package/python/botocore/data/cognito-idp/2016-04-18/paginators-1.json,100.00
deployment/file_processor/package/python/botocore/data/cognito-idp/2016-04-18/service-2.json,100.00
deployment/file_processor/package/python/botocore/data/cognito-sync/2014-06-30/examples-1.json,100.00
deployment/file_processor/package/python/botocore/data/cognito-sync/2014-06-30/paginators-1.json,100.00
deployment/file_processor/package/python/botocore/data/cognito-sync/2014-06-30/service-2.json,100.00
deployment/file_processor/package/python/botocore/data/comprehend/2017-11-27/examples-1.json,100.00
deployment/file_processor/package/python/botocore/data/comprehend/2017-11-27/paginators-1.json,100.00
deployment/file_processor/package/python/botocore/data/comprehend/2017-11-27/service-2.json,100.00
deployment/file_processor/package/python/botocore/data/comprehendmedical/2018-10-30/examples-1.json,100.00
deployment/file_processor/package/python/botocore/data/comprehendmedical/2018-10-30/paginators-1.json,100.00
deployment/file_processor/package/python/botocore/data/comprehendmedical/2018-10-30/service-2.json,100.00
deployment/file_processor/package/python/botocore/data/compute-optimizer/2019-11-01/examples-1.json,100.00
deployment/file_processor/package/python/botocore/data/compute-optimizer/2019-11-01/paginators-1.json,100.00
deployment/file_processor/package/python/botocore/data/compute-optimizer/2019-11-01/service-2.json,100.00
deployment/file_processor/package/python/botocore/data/config/2014-11-12/examples-1.json,100.00
deployment/file_processor/package/python/botocore/data/config/2014-11-12/paginators-1.json,100.00
deployment/file_processor/package/python/botocore/data/config/2014-11-12/service-2.json,100.00
deployment/file_processor/package/python/botocore/data/connect-contact-lens/2020-08-21/examples-1.json,100.00
deployment/file_processor/package/python/botocore/data/connect-contact-lens/2020-08-21/paginators-1.json,100.00
deployment/file_processor/package/python/botocore/data/connect-contact-lens/2020-08-21/service-2.json,100.00
deployment/file_processor/package/python/botocore/data/connect/2017-08-08/examples-1.json,100.00
deployment/file_processor/package/python/botocore/data/connect/2017-08-08/paginators-1.json,100.00
deployment/file_processor/package/python/botocore/data/connect/2017-08-08/service-2.json,100.00
deployment/file_processor/package/python/botocore/data/connectcampaigns/2021-01-30/paginators-1.json,100.00
deployment/file_processor/package/python/botocore/data/connectcampaigns/2021-01-30/service-2.json,100.00
deployment/file_processor/package/python/botocore/data/connectcases/2022-10-03/paginators-1.json,100.00
deployment/file_processor/package/python/botocore/data/connectcases/2022-10-03/service-2.json,100.00
deployment/file_processor/package/python/botocore/data/connectparticipant/2018-09-07/examples-1.json,100.00
deployment/file_processor/package/python/botocore/data/connectparticipant/2018-09-07/paginators-1.json,100.00
deployment/file_processor/package/python/botocore/data/connectparticipant/2018-09-07/service-2.json,100.00
deployment/file_processor/package/python/botocore/data/controltower/2018-05-10/paginators-1.json,100.00
deployment/file_processor/package/python/botocore/data/controltower/2018-05-10/service-2.json,100.00
deployment/file_processor/package/python/botocore/data/cur/2017-01-06/examples-1.json,100.00
deployment/file_processor/package/python/botocore/data/cur/2017-01-06/paginators-1.json,100.00
deployment/file_processor/package/python/botocore/data/cur/2017-01-06/service-2.json,100.00
deployment/file_processor/package/python/botocore/data/customer-profiles/2020-08-15/examples-1.json,100.00
deployment/file_processor/package/python/botocore/data/customer-profiles/2020-08-15/paginators-1.json,100.00
deployment/file_processor/package/python/botocore/data/customer-profiles/2020-08-15/service-2.json,100.00
deployment/file_processor/package/python/botocore/data/databrew/2017-07-25/examples-1.json,100.00
deployment/file_processor/package/python/botocore/data/databrew/2017-07-25/paginators-1.json,100.00
deployment/file_processor/package/python/botocore/data/databrew/2017-07-25/service-2.json,100.00
deployment/file_processor/package/python/botocore/data/dataexchange/2017-07-25/paginators-1.json,100.00
deployment/file_processor/package/python/botocore/data/dataexchange/2017-07-25/service-2.json,100.00
deployment/file_processor/package/python/botocore/data/dataexchange/2017-07-25/waiters-2.json,100.00
deployment/file_processor/package/python/botocore/data/datapipeline/2012-10-29/examples-1.json,100.00
deployment/file_processor/package/python/botocore/data/datapipeline/2012-10-29/paginators-1.json,100.00
deployment/file_processor/package/python/botocore/data/datapipeline/2012-10-29/service-2.json,100.00
deployment/file_processor/package/python/botocore/data/datasync/2018-11-09/examples-1.json,100.00
deployment/file_processor/package/python/botocore/data/datasync/2018-11-09/paginators-1.json,100.00
deployment/file_processor/package/python/botocore/data/datasync/2018-11-09/service-2.json,100.00
deployment/file_processor/package/python/botocore/data/dax/2017-04-19/examples-1.json,100.00
deployment/file_processor/package/python/botocore/data/dax/2017-04-19/paginators-1.json,100.00
deployment/file_processor/package/python/botocore/data/dax/2017-04-19/service-2.json,100.00
deployment/file_processor/package/python/botocore/data/detective/2018-10-26/examples-1.json,100.00
deployment/file_processor/package/python/botocore/data/detective/2018-10-26/paginators-1.json,100.00
deployment/file_processor/package/python/botocore/data/detective/2018-10-26/service-2.json,100.00
deployment/file_processor/package/python/botocore/data/devicefarm/2015-06-23/examples-1.json,100.00
deployment/file_processor/package/python/botocore/data/devicefarm/2015-06-23/paginators-1.json,100.00
deployment/file_processor/package/python/botocore/data/devicefarm/2015-06-23/service-2.json,100.00
deployment/file_processor/package/python/botocore/data/devops-guru/2020-12-01/examples-1.json,100.00
deployment/file_processor/package/python/botocore/data/devops-guru/2020-12-01/paginators-1.json,100.00
deployment/file_processor/package/python/botocore/data/devops-guru/2020-12-01/service-2.json,100.00
deployment/file_processor/package/python/botocore/data/directconnect/2012-10-25/examples-1.json,100.00
deployment/file_processor/package/python/botocore/data/directconnect/2012-10-25/paginators-1.json,100.00
deployment/file_processor/package/python/botocore/data/directconnect/2012-10-25/service-2.json,100.00
deployment/file_processor/package/python/botocore/data/discovery/2015-11-01/examples-1.json,100.00
deployment/file_processor/package/python/botocore/data/discovery/2015-11-01/paginators-1.json,100.00
deployment/file_processor/package/python/botocore/data/discovery/2015-11-01/service-2.json,100.00
deployment/file_processor/package/python/botocore/data/dlm/2018-01-12/examples-1.json,100.00
deployment/file_processor/package/python/botocore/data/dlm/2018-01-12/paginators-1.json,100.00
deployment/file_processor/package/python/botocore/data/dlm/2018-01-12/service-2.json,100.00
deployment/file_processor/package/python/botocore/data/dms/2016-01-01/examples-1.json,100.00
deployment/file_processor/package/python/botocore/data/dms/2016-01-01/paginators-1.json,100.00
deployment/file_processor/package/python/botocore/data/dms/2016-01-01/service-2.json,100.00
deployment/file_processor/package/python/botocore/data/dms/2016-01-01/waiters-2.json,100.00
deployment/file_processor/package/python/botocore/data/docdb-elastic/2022-11-28/paginators-1.json,100.00
deployment/file_processor/package/python/botocore/data/docdb-elastic/2022-11-28/service-2.json,100.00
deployment/file_processor/package/python/botocore/data/docdb/2014-10-31/examples-1.json,100.00
deployment/file_processor/package/python/botocore/data/docdb/2014-10-31/paginators-1.json,100.00
deployment/file_processor/package/python/botocore/data/docdb/2014-10-31/service-2.json,100.00
deployment/file_processor/package/python/botocore/data/docdb/2014-10-31/service-2.sdk-extras.json,100.00
deployment/file_processor/package/python/botocore/data/docdb/2014-10-31/waiters-2.json,100.00
deployment/file_processor/package/python/botocore/data/drs/2020-02-26/examples-1.json,100.00
deployment/file_processor/package/python/botocore/data/drs/2020-02-26/paginators-1.json,100.00
deployment/file_processor/package/python/botocore/data/drs/2020-02-26/service-2.json,100.00
deployment/file_processor/package/python/botocore/data/ds/2015-04-16/examples-1.json,100.00
deployment/file_processor/package/python/botocore/data/ds/2015-04-16/paginators-1.json,100.00
deployment/file_processor/package/python/botocore/data/ds/2015-04-16/service-2.json,100.00
deployment/file_processor/package/python/botocore/data/dynamodb/2011-12-05/examples-1.json,100.00
deployment/file_processor/package/python/botocore/data/dynamodb/2012-08-10/examples-1.json,100.00
deployment/file_processor/package/python/botocore/data/dynamodb/2012-08-10/paginators-1.json,100.00
deployment/file_processor/package/python/botocore/data/dynamodb/2012-08-10/service-2.json,100.00
deployment/file_processor/package/python/botocore/data/dynamodb/2012-08-10/waiters-2.json,100.00
deployment/file_processor/package/python/botocore/data/dynamodbstreams/2012-08-10/examples-1.json,100.00
deployment/file_processor/package/python/botocore/data/dynamodbstreams/2012-08-10/paginators-1.json,100.00
deployment/file_processor/package/python/botocore/data/dynamodbstreams/2012-08-10/service-2.json,100.00
deployment/file_processor/package/python/botocore/data/ebs/2019-11-02/examples-1.json,100.00
deployment/file_processor/package/python/botocore/data/ebs/2019-11-02/paginators-1.json,100.00
deployment/file_processor/package/python/botocore/data/ebs/2019-11-02/service-2.json,100.00
deployment/file_processor/package/python/botocore/data/ec2-instance-connect/2018-04-02/examples-1.json,100.00
deployment/file_processor/package/python/botocore/data/ec2-instance-connect/2018-04-02/paginators-1.json,100.00
deployment/file_processor/package/python/botocore/data/ec2-instance-connect/2018-04-02/service-2.json,100.00
deployment/file_processor/package/python/botocore/data/ec2/2014-09-01/paginators-1.json,100.00
deployment/file_processor/package/python/botocore/data/ec2/2014-09-01/service-2.json,100.00
deployment/file_processor/package/python/botocore/data/ec2/2014-09-01/waiters-2.json,100.00
deployment/file_processor/package/python/botocore/data/ec2/2014-10-01/paginators-1.json,100.00
deployment/file_processor/package/python/botocore/data/ec2/2014-10-01/service-2.json,100.00
deployment/file_processor/package/python/botocore/data/ec2/2014-10-01/waiters-2.json,100.00
deployment/file_processor/package/python/botocore/data/ec2/2015-03-01/paginators-1.json,100.00
deployment/file_processor/package/python/botocore/data/ec2/2015-03-01/service-2.json,100.00
deployment/file_processor/package/python/botocore/data/ec2/2015-03-01/waiters-2.json,100.00
deployment/file_processor/package/python/botocore/data/ec2/2015-04-15/paginators-1.json,100.00
deployment/file_processor/package/python/botocore/data/ec2/2015-04-15/service-2.json,100.00
deployment/file_processor/package/python/botocore/data/ec2/2015-04-15/waiters-2.json,100.00
deployment/file_processor/package/python/botocore/data/ec2/2015-10-01/examples-1.json,100.00
deployment/file_processor/package/python/botocore/data/ec2/2015-10-01/paginators-1.json,100.00
deployment/file_processor/package/python/botocore/data/ec2/2015-10-01/service-2.json,100.00
deployment/file_processor/package/python/botocore/data/ec2/2015-10-01/waiters-2.json,100.00
deployment/file_processor/package/python/botocore/data/ec2/2016-04-01/examples-1.json,100.00
deployment/file_processor/package/python/botocore/data/ec2/2016-04-01/paginators-1.json,100.00
deployment/file_processor/package/python/botocore/data/ec2/2016-04-01/service-2.json,100.00
deployment/file_processor/package/python/botocore/data/ec2/2016-04-01/waiters-2.json,100.00
deployment/file_processor/package/python/botocore/data/ec2/2016-09-15/examples-1.json,100.00
deployment/file_processor/package/python/botocore/data/ec2/2016-09-15/paginators-1.json,100.00
deployment/file_processor/package/python/botocore/data/ec2/2016-09-15/service-2.json,100.00
deployment/file_processor/package/python/botocore/data/ec2/2016-09-15/waiters-2.json,100.00
deployment/file_processor/package/python/botocore/data/ec2/2016-11-15/examples-1.json,100.00
deployment/file_processor/package/python/botocore/data/ec2/2016-11-15/paginators-1.json,100.00
deployment/file_processor/package/python/botocore/data/ec2/2016-11-15/service-2.json,100.00
deployment/file_processor/package/python/botocore/data/ec2/2016-11-15/waiters-2.json,100.00
deployment/file_processor/package/python/botocore/data/ecr-public/2020-10-30/examples-1.json,100.00
deployment/file_processor/package/python/botocore/data/ecr-public/2020-10-30/paginators-1.json,100.00
deployment/file_processor/package/python/botocore/data/ecr-public/2020-10-30/service-2.json,100.00
deployment/file_processor/package/python/botocore/data/ecr/2015-09-21/examples-1.json,100.00
deployment/file_processor/package/python/botocore/data/ecr/2015-09-21/paginators-1.json,100.00
deployment/file_processor/package/python/botocore/data/ecr/2015-09-21/service-2.json,100.00
deployment/file_processor/package/python/botocore/data/ecr/2015-09-21/waiters-2.json,100.00
deployment/file_processor/package/python/botocore/data/ecs/2014-11-13/examples-1.json,100.00
deployment/file_processor/package/python/botocore/data/ecs/2014-11-13/paginators-1.json,100.00
deployment/file_processor/package/python/botocore/data/ecs/2014-11-13/service-2.json,100.00
deployment/file_processor/package/python/botocore/data/ecs/2014-11-13/waiters-2.json,100.00
deployment/file_processor/package/python/botocore/data/efs/2015-02-01/examples-1.json,100.00
deployment/file_processor/package/python/botocore/data/efs/2015-02-01/paginators-1.json,100.00
deployment/file_processor/package/python/botocore/data/efs/2015-02-01/service-2.json,100.00
deployment/file_processor/package/python/botocore/data/eks/2017-11-01/examples-1.json,100.00
deployment/file_processor/package/python/botocore/data/eks/2017-11-01/paginators-1.json,100.00
deployment/file_processor/package/python/botocore/data/eks/2017-11-01/service-2.json,100.00
deployment/file_processor/package/python/botocore/data/eks/2017-11-01/service-2.sdk-extras.json,100.00
deployment/file_processor/package/python/botocore/data/eks/2017-11-01/waiters-2.json,100.00
deployment/file_processor/package/python/botocore/data/elastic-inference/2017-07-25/examples-1.json,100.00
deployment/file_processor/package/python/botocore/data/elastic-inference/2017-07-25/paginators-1.json,100.00
deployment/file_processor/package/python/botocore/data/elastic-inference/2017-07-25/service-2.json,100.00
deployment/file_processor/package/python/botocore/data/elasticache/2014-09-30/paginators-1.json,100.00
deployment/file_processor/package/python/botocore/data/elasticache/2014-09-30/service-2.json,100.00
deployment/file_processor/package/python/botocore/data/elasticache/2014-09-30/waiters-2.json,100.00
deployment/file_processor/package/python/botocore/data/elasticache/2015-02-02/examples-1.json,100.00
deployment/file_processor/package/python/botocore/data/elasticache/2015-02-02/paginators-1.json,100.00
deployment/file_processor/package/python/botocore/data/elasticache/2015-02-02/service-2.json,100.00
deployment/file_processor/package/python/botocore/data/elasticache/2015-02-02/waiters-2.json,100.00
deployment/file_processor/package/python/botocore/data/elasticbeanstalk/2010-12-01/examples-1.json,100.00
deployment/file_processor/package/python/botocore/data/elasticbeanstalk/2010-12-01/paginators-1.json,100.00
deployment/file_processor/package/python/botocore/data/elasticbeanstalk/2010-12-01/service-2.json,100.00
deployment/file_processor/package/python/botocore/data/elasticbeanstalk/2010-12-01/waiters-2.json,100.00
deployment/file_processor/package/python/botocore/data/elastictranscoder/2012-09-25/examples-1.json,100.00
deployment/file_processor/package/python/botocore/data/elastictranscoder/2012-09-25/paginators-1.json,100.00
deployment/file_processor/package/python/botocore/data/elastictranscoder/2012-09-25/service-2.json,100.00
deployment/file_processor/package/python/botocore/data/elastictranscoder/2012-09-25/waiters-2.json,100.00
deployment/file_processor/package/python/botocore/data/elb/2012-06-01/examples-1.json,100.00
deployment/file_processor/package/python/botocore/data/elb/2012-06-01/paginators-1.json,100.00
deployment/file_processor/package/python/botocore/data/elb/2012-06-01/service-2.json,100.00
deployment/file_processor/package/python/botocore/data/elb/2012-06-01/waiters-2.json,100.00
deployment/file_processor/package/python/botocore/data/elbv2/2015-12-01/examples-1.json,100.00
deployment/file_processor/package/python/botocore/data/elbv2/2015-12-01/paginators-1.json,100.00
deployment/file_processor/package/python/botocore/data/elbv2/2015-12-01/service-2.json,100.00
deployment/file_processor/package/python/botocore/data/elbv2/2015-12-01/waiters-2.json,100.00
deployment/file_processor/package/python/botocore/data/emr-containers/2020-10-01/examples-1.json,100.00
deployment/file_processor/package/python/botocore/data/emr-containers/2020-10-01/paginators-1.json,100.00
deployment/file_processor/package/python/botocore/data/emr-containers/2020-10-01/service-2.json,100.00
deployment/file_processor/package/python/botocore/data/emr-serverless/2021-07-13/paginators-1.json,100.00
deployment/file_processor/package/python/botocore/data/emr-serverless/2021-07-13/service-2.json,100.00
deployment/file_processor/package/python/botocore/data/emr/2009-03-31/examples-1.json,100.00
deployment/file_processor/package/python/botocore/data/emr/2009-03-31/paginators-1.json,100.00
deployment/file_processor/package/python/botocore/data/emr/2009-03-31/service-2.json,100.00
deployment/file_processor/package/python/botocore/data/emr/2009-03-31/waiters-2.json,100.00
deployment/file_processor/package/python/botocore/data/endpoints.json,100.00
deployment/file_processor/package/python/botocore/data/es/2015-01-01/examples-1.json,100.00
deployment/file_processor/package/python/botocore/data/es/2015-01-01/paginators-1.json,100.00
deployment/file_processor/package/python/botocore/data/es/2015-01-01/service-2.json,100.00
deployment/file_processor/package/python/botocore/data/events/2014-02-03/service-2.json,100.00
deployment/file_processor/package/python/botocore/data/events/2015-10-07/examples-1.json,100.00
deployment/file_processor/package/python/botocore/data/events/2015-10-07/paginators-1.json,100.00
deployment/file_processor/package/python/botocore/data/events/2015-10-07/service-2.json,100.00
deployment/file_processor/package/python/botocore/data/evidently/2021-02-01/examples-1.json,100.00
deployment/file_processor/package/python/botocore/data/evidently/2021-02-01/paginators-1.json,100.00
deployment/file_processor/package/python/botocore/data/evidently/2021-02-01/service-2.json,100.00
deployment/file_processor/package/python/botocore/data/finspace-data/2020-07-13/examples-1.json,100.00
deployment/file_processor/package/python/botocore/data/finspace-data/2020-07-13/paginators-1.json,100.00
deployment/file_processor/package/python/botocore/data/finspace-data/2020-07-13/service-2.json,100.00
deployment/file_processor/package/python/botocore/data/finspace/2021-03-12/examples-1.json,100.00
deployment/file_processor/package/python/botocore/data/finspace/2021-03-12/paginators-1.json,100.00
deployment/file_processor/package/python/botocore/data/finspace/2021-03-12/service-2.json,100.00
deployment/file_processor/package/python/botocore/data/firehose/2015-08-04/examples-1.json,100.00
deployment/file_processor/package/python/botocore/data/firehose/2015-08-04/paginators-1.json,100.00
deployment/file_processor/package/python/botocore/data/firehose/2015-08-04/service-2.json,100.00
deployment/file_processor/package/python/botocore/data/fis/2020-12-01/examples-1.json,100.00
deployment/file_processor/package/python/botocore/data/fis/2020-12-01/paginators-1.json,100.00
deployment/file_processor/package/python/botocore/data/fis/2020-12-01/service-2.json,100.00
deployment/file_processor/package/python/botocore/data/fms/2018-01-01/examples-1.json,100.00
deployment/file_processor/package/python/botocore/data/fms/2018-01-01/paginators-1.json,100.00
deployment/file_processor/package/python/botocore/data/fms/2018-01-01/service-2.json,100.00
deployment/file_processor/package/python/botocore/data/forecast/2018-06-26/examples-1.json,100.00
deployment/file_processor/package/python/botocore/data/forecast/2018-06-26/paginators-1.json,100.00
deployment/file_processor/package/python/botocore/data/forecast/2018-06-26/service-2.json,100.00
deployment/file_processor/package/python/botocore/data/forecastquery/2018-06-26/examples-1.json,100.00
deployment/file_processor/package/python/botocore/data/forecastquery/2018-06-26/paginators-1.json,100.00
deployment/file_processor/package/python/botocore/data/forecastquery/2018-06-26/service-2.json,100.00
deployment/file_processor/package/python/botocore/data/frauddetector/2019-11-15/examples-1.json,100.00
deployment/file_processor/package/python/botocore/data/frauddetector/2019-11-15/paginators-1.json,100.00
deployment/file_processor/package/python/botocore/data/frauddetector/2019-11-15/service-2.json,100.00
deployment/file_processor/package/python/botocore/data/fsx/2018-03-01/examples-1.json,100.00
deployment/file_processor/package/python/botocore/data/fsx/2018-03-01/paginators-1.json,100.00
deployment/file_processor/package/python/botocore/data/fsx/2018-03-01/service-2.json,100.00
deployment/file_processor/package/python/botocore/data/gamelift/2015-10-01/examples-1.json,100.00
deployment/file_processor/package/python/botocore/data/gamelift/2015-10-01/paginators-1.json,100.00
deployment/file_processor/package/python/botocore/data/gamelift/2015-10-01/service-2.json,100.00
deployment/file_processor/package/python/botocore/data/gamesparks/2021-08-17/examples-1.json,100.00
deployment/file_processor/package/python/botocore/data/gamesparks/2021-08-17/paginators-1.json,100.00
deployment/file_processor/package/python/botocore/data/gamesparks/2021-08-17/service-2.json,100.00
deployment/file_processor/package/python/botocore/data/glacier/2012-06-01/examples-1.json,100.00
deployment/file_processor/package/python/botocore/data/glacier/2012-06-01/paginators-1.json,100.00
deployment/file_processor/package/python/botocore/data/glacier/2012-06-01/service-2.json,100.00
deployment/file_processor/package/python/botocore/data/glacier/2012-06-01/waiters-2.json,100.00
deployment/file_processor/package/python/botocore/data/globalaccelerator/2018-08-08/examples-1.json,100.00
deployment/file_processor/package/python/botocore/data/globalaccelerator/2018-08-08/paginators-1.json,100.00
deployment/file_processor/package/python/botocore/data/globalaccelerator/2018-08-08/service-2.json,100.00
deployment/file_processor/package/python/botocore/data/glue/2017-03-31/examples-1.json,100.00
deployment/file_processor/package/python/botocore/data/glue/2017-03-31/paginators-1.json,100.00
deployment/file_processor/package/python/botocore/data/glue/2017-03-31/service-2.json,100.00
deployment/file_processor/package/python/botocore/data/grafana/2020-08-18/examples-1.json,100.00
deployment/file_processor/package/python/botocore/data/grafana/2020-08-18/paginators-1.json,100.00
deployment/file_processor/package/python/botocore/data/grafana/2020-08-18/service-2.json,100.00
deployment/file_processor/package/python/botocore/data/greengrass/2017-06-07/paginators-1.json,100.00
deployment/file_processor/package/python/botocore/data/greengrass/2017-06-07/service-2.json,100.00
deployment/file_processor/package/python/botocore/data/greengrassv2/2020-11-30/examples-1.json,100.00
deployment/file_processor/package/python/botocore/data/greengrassv2/2020-11-30/paginators-1.json,100.00
deployment/file_processor/package/python/botocore/data/greengrassv2/2020-11-30/service-2.json,100.00
deployment/file_processor/package/python/botocore/data/groundstation/2019-05-23/examples-1.json,100.00
deployment/file_processor/package/python/botocore/data/groundstation/2019-05-23/paginators-1.json,100.00
deployment/file_processor/package/python/botocore/data/groundstation/2019-05-23/service-2.json,100.00
deployment/file_processor/package/python/botocore/data/groundstation/2019-05-23/waiters-2.json,100.00
deployment/file_processor/package/python/botocore/data/guardduty/2017-11-28/examples-1.json,100.00
deployment/file_processor/package/python/botocore/data/guardduty/2017-11-28/paginators-1.json,100.00
deployment/file_processor/package/python/botocore/data/guardduty/2017-11-28/service-2.json,100.00
deployment/file_processor/package/python/botocore/data/health/2016-08-04/examples-1.json,100.00
deployment/file_processor/package/python/botocore/data/health/2016-08-04/paginators-1.json,100.00
deployment/file_processor/package/python/botocore/data/health/2016-08-04/service-2.json,100.00
deployment/file_processor/package/python/botocore/data/healthlake/2017-07-01/examples-1.json,100.00
deployment/file_processor/package/python/botocore/data/healthlake/2017-07-01/paginators-1.json,100.00
deployment/file_processor/package/python/botocore/data/healthlake/2017-07-01/service-2.json,100.00
deployment/file_processor/package/python/botocore/data/honeycode/2020-03-01/examples-1.json,100.00
deployment/file_processor/package/python/botocore/data/honeycode/2020-03-01/paginators-1.json,100.00
deployment/file_processor/package/python/botocore/data/honeycode/2020-03-01/paginators-1.sdk-extras.json,100.00
deployment/file_processor/package/python/botocore/data/honeycode/2020-03-01/service-2.json,100.00
deployment/file_processor/package/python/botocore/data/iam/2010-05-08/examples-1.json,100.00
deployment/file_processor/package/python/botocore/data/iam/2010-05-08/paginators-1.json,100.00
deployment/file_processor/package/python/botocore/data/iam/2010-05-08/service-2.json,100.00
deployment/file_processor/package/python/botocore/data/iam/2010-05-08/waiters-2.json,100.00
deployment/file_processor/package/python/botocore/data/identitystore/2020-06-15/examples-1.json,100.00
deployment/file_processor/package/python/botocore/data/identitystore/2020-06-15/paginators-1.json,100.00
deployment/file_processor/package/python/botocore/data/identitystore/2020-06-15/service-2.json,100.00
deployment/file_processor/package/python/botocore/data/imagebuilder/2019-12-02/examples-1.json,100.00
deployment/file_processor/package/python/botocore/data/imagebuilder/2019-12-02/paginators-1.json,100.00
deployment/file_processor/package/python/botocore/data/imagebuilder/2019-12-02/service-2.json,100.00
deployment/file_processor/package/python/botocore/data/importexport/2010-06-01/paginators-1.json,100.00
deployment/file_processor/package/python/botocore/data/importexport/2010-06-01/service-2.json,100.00
deployment/file_processor/package/python/botocore/data/inspector/2015-08-18/service-2.json,100.00
deployment/file_processor/package/python/botocore/data/inspector/2016-02-16/examples-1.json,100.00
deployment/file_processor/package/python/botocore/data/inspector/2016-02-16/paginators-1.json,100.00
deployment/file_processor/package/python/botocore/data/inspector/2016-02-16/service-2.json,100.00
deployment/file_processor/package/python/botocore/data/inspector2/2020-06-08/examples-1.json,100.00
deployment/file_processor/package/python/botocore/data/inspector2/2020-06-08/paginators-1.json,100.00
deployment/file_processor/package/python/botocore/data/inspector2/2020-06-08/paginators-1.sdk-extras.json,100.00
deployment/file_processor/package/python/botocore/data/inspector2/2020-06-08/service-2.json,100.00
deployment/file_processor/package/python/botocore/data/internetmonitor/2021-06-03/paginators-1.json,100.00
deployment/file_processor/package/python/botocore/data/internetmonitor/2021-06-03/service-2.json,100.00
deployment/file_processor/package/python/botocore/data/internetmonitor/2021-06-03/waiters-2.json,100.00
deployment/file_processor/package/python/botocore/data/iot-data/2015-05-28/examples-1.json,100.00
deployment/file_processor/package/python/botocore/data/iot-data/2015-05-28/paginators-1.json,100.00
deployment/file_processor/package/python/botocore/data/iot-data/2015-05-28/service-2.json,100.00
deployment/file_processor/package/python/botocore/data/iot-jobs-data/2017-09-29/examples-1.json,100.00
deployment/file_processor/package/python/botocore/data/iot-jobs-data/2017-09-29/paginators-1.json,100.00
deployment/file_processor/package/python/botocore/data/iot-jobs-data/2017-09-29/service-2.json,100.00
deployment/file_processor/package/python/botocore/data/iot-roborunner/2018-05-10/paginators-1.json,100.00
deployment/file_processor/package/python/botocore/data/iot-roborunner/2018-05-10/service-2.json,100.00
deployment/file_processor/package/python/botocore/data/iot/2015-05-28/examples-1.json,100.00
deployment/file_processor/package/python/botocore/data/iot/2015-05-28/paginators-1.json,100.00
deployment/file_processor/package/python/botocore/data/iot/2015-05-28/service-2.json,100.00
deployment/file_processor/package/python/botocore/data/iot1click-devices/2018-05-14/paginators-1.json,100.00
deployment/file_processor/package/python/botocore/data/iot1click-devices/2018-05-14/service-2.json,100.00
deployment/file_processor/package/python/botocore/data/iot1click-projects/2018-05-14/examples-1.json,100.00
deployment/file_processor/package/python/botocore/data/iot1click-projects/2018-05-14/paginators-1.json,100.00
deployment/file_processor/package/python/botocore/data/iot1click-projects/2018-05-14/service-2.json,100.00
deployment/file_processor/package/python/botocore/data/iotanalytics/2017-11-27/examples-1.json,100.00
deployment/file_processor/package/python/botocore/data/iotanalytics/2017-11-27/paginators-1.json,100.00
deployment/file_processor/package/python/botocore/data/iotanalytics/2017-11-27/service-2.json,100.00
deployment/file_processor/package/python/botocore/data/iotdeviceadvisor/2020-09-18/examples-1.json,100.00
deployment/file_processor/package/python/botocore/data/iotdeviceadvisor/2020-09-18/paginators-1.json,100.00
deployment/file_processor/package/python/botocore/data/iotdeviceadvisor/2020-09-18/service-2.json,100.00
deployment/file_processor/package/python/botocore/data/iotevents-data/2018-10-23/examples-1.json,100.00
deployment/file_processor/package/python/botocore/data/iotevents-data/2018-10-23/paginators-1.json,100.00
deployment/file_processor/package/python/botocore/data/iotevents-data/2018-10-23/service-2.json,100.00
deployment/file_processor/package/python/botocore/data/iotevents/2018-07-27/examples-1.json,100.00
deployment/file_processor/package/python/botocore/data/iotevents/2018-07-27/paginators-1.json,100.00
deployment/file_processor/package/python/botocore/data/iotevents/2018-07-27/service-2.json,100.00
deployment/file_processor/package/python/botocore/data/iotfleethub/2020-11-03/examples-1.json,100.00
deployment/file_processor/package/python/botocore/data/iotfleethub/2020-11-03/paginators-1.json,100.00
deployment/file_processor/package/python/botocore/data/iotfleethub/2020-11-03/service-2.json,100.00
deployment/file_processor/package/python/botocore/data/iotfleetwise/2021-06-17/paginators-1.json,100.00
deployment/file_processor/package/python/botocore/data/iotfleetwise/2021-06-17/service-2.json,100.00
deployment/file_processor/package/python/botocore/data/iotfleetwise/2021-06-17/waiters-2.json,100.00
deployment/file_processor/package/python/botocore/data/iotsecuretunneling/2018-10-05/examples-1.json,100.00
deployment/file_processor/package/python/botocore/data/iotsecuretunneling/2018-10-05/paginators-1.json,100.00
deployment/file_processor/package/python/botocore/data/iotsecuretunneling/2018-10-05/service-2.json,100.00
deployment/file_processor/package/python/botocore/data/iotsitewise/2019-12-02/examples-1.json,100.00
deployment/file_processor/package/python/botocore/data/iotsitewise/2019-12-02/paginators-1.json,100.00
deployment/file_processor/package/python/botocore/data/iotsitewise/2019-12-02/service-2.json,100.00
deployment/file_processor/package/python/botocore/data/iotsitewise/2019-12-02/waiters-2.json,100.00
deployment/file_processor/package/python/botocore/data/iotthingsgraph/2018-09-06/examples-1.json,100.00
deployment/file_processor/package/python/botocore/data/iotthingsgraph/2018-09-06/paginators-1.json,100.00
deployment/file_processor/package/python/botocore/data/iotthingsgraph/2018-09-06/service-2.json,100.00
deployment/file_processor/package/python/botocore/data/iottwinmaker/2021-11-29/examples-1.json,100.00
deployment/file_processor/package/python/botocore/data/iottwinmaker/2021-11-29/paginators-1.json,100.00
deployment/file_processor/package/python/botocore/data/iottwinmaker/2021-11-29/service-2.json,100.00
deployment/file_processor/package/python/botocore/data/iottwinmaker/2021-11-29/waiters-2.json,100.00
deployment/file_processor/package/python/botocore/data/iotwireless/2020-11-22/examples-1.json,100.00
deployment/file_processor/package/python/botocore/data/iotwireless/2020-11-22/paginators-1.json,100.00
deployment/file_processor/package/python/botocore/data/iotwireless/2020-11-22/service-2.json,100.00
deployment/file_processor/package/python/botocore/data/ivs-realtime/2020-07-14/paginators-1.json,100.00
deployment/file_processor/package/python/botocore/data/ivs-realtime/2020-07-14/service-2.json,100.00
deployment/file_processor/package/python/botocore/data/ivs/2020-07-14/examples-1.json,100.00
deployment/file_processor/package/python/botocore/data/ivs/2020-07-14/paginators-1.json,100.00
deployment/file_processor/package/python/botocore/data/ivs/2020-07-14/service-2.json,100.00
deployment/file_processor/package/python/botocore/data/ivschat/2020-07-14/examples-1.json,100.00
deployment/file_processor/package/python/botocore/data/ivschat/2020-07-14/paginators-1.json,100.00
deployment/file_processor/package/python/botocore/data/ivschat/2020-07-14/service-2.json,100.00
deployment/file_processor/package/python/botocore/data/kafka/2018-11-14/paginators-1.json,100.00
deployment/file_processor/package/python/botocore/data/kafka/2018-11-14/service-2.json,100.00
deployment/file_processor/package/python/botocore/data/kafkaconnect/2021-09-14/examples-1.json,100.00
deployment/file_processor/package/python/botocore/data/kafkaconnect/2021-09-14/paginators-1.json,100.00
deployment/file_processor/package/python/botocore/data/kafkaconnect/2021-09-14/service-2.json,100.00
deployment/file_processor/package/python/botocore/data/kendra-ranking/2022-10-19/paginators-1.json,100.00
deployment/file_processor/package/python/botocore/data/kendra-ranking/2022-10-19/service-2.json,100.00
deployment/file_processor/package/python/botocore/data/kendra/2019-02-03/examples-1.json,100.00
deployment/file_processor/package/python/botocore/data/kendra/2019-02-03/paginators-1.json,100.00
deployment/file_processor/package/python/botocore/data/kendra/2019-02-03/service-2.json,100.00
deployment/file_processor/package/python/botocore/data/keyspaces/2022-02-10/examples-1.json,100.00
deployment/file_processor/package/python/botocore/data/keyspaces/2022-02-10/paginators-1.json,100.00
deployment/file_processor/package/python/botocore/data/keyspaces/2022-02-10/service-2.json,100.00
deployment/file_processor/package/python/botocore/data/keyspaces/2022-02-10/waiters-2.json,100.00
deployment/file_processor/package/python/botocore/data/kinesis-video-archived-media/2017-09-30/examples-1.json,100.00
deployment/file_processor/package/python/botocore/data/kinesis-video-archived-media/2017-09-30/paginators-1.json,100.00
deployment/file_processor/package/python/botocore/data/kinesis-video-archived-media/2017-09-30/service-2.json,100.00
deployment/file_processor/package/python/botocore/data/kinesis-video-media/2017-09-30/examples-1.json,100.00
deployment/file_processor/package/python/botocore/data/kinesis-video-media/2017-09-30/paginators-1.json,100.00
deployment/file_processor/package/python/botocore/data/kinesis-video-media/2017-09-30/service-2.json,100.00
deployment/file_processor/package/python/botocore/data/kinesis-video-signaling/2019-12-04/examples-1.json,100.00
deployment/file_processor/package/python/botocore/data/kinesis-video-signaling/2019-12-04/paginators-1.json,100.00
deployment/file_processor/package/python/botocore/data/kinesis-video-signaling/2019-12-04/service-2.json,100.00
deployment/file_processor/package/python/botocore/data/kinesis-video-webrtc-storage/2018-05-10/paginators-1.json,100.00
deployment/file_processor/package/python/botocore/data/kinesis-video-webrtc-storage/2018-05-10/service-2.json,100.00
deployment/file_processor/package/python/botocore/data/kinesis/2013-12-02/examples-1.json,100.00
deployment/file_processor/package/python/botocore/data/kinesis/2013-12-02/paginators-1.json,100.00
deployment/file_processor/package/python/botocore/data/kinesis/2013-12-02/service-2.json,100.00
deployment/file_processor/package/python/botocore/data/kinesis/2013-12-02/waiters-2.json,100.00
deployment/file_processor/package/python/botocore/data/kinesisanalytics/2015-08-14/examples-1.json,100.00
deployment/file_processor/package/python/botocore/data/kinesisanalytics/2015-08-14/paginators-1.json,100.00
deployment/file_processor/package/python/botocore/data/kinesisanalytics/2015-08-14/service-2.json,100.00
deployment/file_processor/package/python/botocore/data/kinesisanalyticsv2/2018-05-23/examples-1.json,100.00
deployment/file_processor/package/python/botocore/data/kinesisanalyticsv2/2018-05-23/paginators-1.json,100.00
deployment/file_processor/package/python/botocore/data/kinesisanalyticsv2/2018-05-23/service-2.json,100.00
deployment/file_processor/package/python/botocore/data/kinesisvideo/2017-09-30/examples-1.json,100.00
deployment/file_processor/package/python/botocore/data/kinesisvideo/2017-09-30/paginators-1.json,100.00
deployment/file_processor/package/python/botocore/data/kinesisvideo/2017-09-30/service-2.json,100.00
deployment/file_processor/package/python/botocore/data/kms/2014-11-01/examples-1.json,100.00
deployment/file_processor/package/python/botocore/data/kms/2014-11-01/paginators-1.json,100.00
deployment/file_processor/package/python/botocore/data/kms/2014-11-01/service-2.json,100.00
deployment/file_processor/package/python/botocore/data/lakeformation/2017-03-31/examples-1.json,100.00
deployment/file_processor/package/python/botocore/data/lakeformation/2017-03-31/paginators-1.json,100.00
deployment/file_processor/package/python/botocore/data/lakeformation/2017-03-31/paginators-1.sdk-extras.json,100.00
deployment/file_processor/package/python/botocore/data/lakeformation/2017-03-31/service-2.json,100.00
deployment/file_processor/package/python/botocore/data/lambda/2014-11-11/service-2.json,100.00
deployment/file_processor/package/python/botocore/data/lambda/2015-03-31/examples-1.json,100.00
deployment/file_processor/package/python/botocore/data/lambda/2015-03-31/paginators-1.json,100.00
deployment/file_processor/package/python/botocore/data/lambda/2015-03-31/service-2.json,100.00
deployment/file_processor/package/python/botocore/data/lambda/2015-03-31/waiters-2.json,100.00
deployment/file_processor/package/python/botocore/data/lex-models/2017-04-19/examples-1.json,100.00
deployment/file_processor/package/python/botocore/data/lex-models/2017-04-19/paginators-1.json,100.00
deployment/file_processor/package/python/botocore/data/lex-models/2017-04-19/service-2.json,100.00
deployment/file_processor/package/python/botocore/data/lex-runtime/2016-11-28/examples-1.json,100.00
deployment/file_processor/package/python/botocore/data/lex-runtime/2016-11-28/paginators-1.json,100.00
deployment/file_processor/package/python/botocore/data/lex-runtime/2016-11-28/service-2.json,100.00
deployment/file_processor/package/python/botocore/data/lexv2-models/2020-08-07/examples-1.json,100.00
deployment/file_processor/package/python/botocore/data/lexv2-models/2020-08-07/paginators-1.json,100.00
deployment/file_processor/package/python/botocore/data/lexv2-models/2020-08-07/service-2.json,100.00
deployment/file_processor/package/python/botocore/data/lexv2-models/2020-08-07/waiters-2.json,100.00
deployment/file_processor/package/python/botocore/data/lexv2-runtime/2020-08-07/examples-1.json,100.00
deployment/file_processor/package/python/botocore/data/lexv2-runtime/2020-08-07/paginators-1.json,100.00
deployment/file_processor/package/python/botocore/data/lexv2-runtime/2020-08-07/service-2.json,100.00
deployment/file_processor/package/python/botocore/data/license-manager-linux-subscriptions/2018-05-10/paginators-1.json,100.00
deployment/file_processor/package/python/botocore/data/license-manager-linux-subscriptions/2018-05-10/service-2.json,100.00
deployment/file_processor/package/python/botocore/data/license-manager-user-subscriptions/2018-05-10/paginators-1.json,100.00
deployment/file_processor/package/python/botocore/data/license-manager-user-subscriptions/2018-05-10/service-2.json,100.00
deployment/file_processor/package/python/botocore/data/license-manager/2018-08-01/examples-1.json,100.00
deployment/file_processor/package/python/botocore/data/license-manager/2018-08-01/paginators-1.json,100.00
deployment/file_processor/package/python/botocore/data/license-manager/2018-08-01/service-2.json,100.00
deployment/file_processor/package/python/botocore/data/lightsail/2016-11-28/examples-1.json,100.00
deployment/file_processor/package/python/botocore/data/lightsail/2016-11-28/paginators-1.json,100.00
deployment/file_processor/package/python/botocore/data/lightsail/2016-11-28/service-2.json,100.00
deployment/file_processor/package/python/botocore/data/location/2020-11-19/examples-1.json,100.00
deployment/file_processor/package/python/botocore/data/location/2020-11-19/paginators-1.json,100.00
deployment/file_processor/package/python/botocore/data/location/2020-11-19/service-2.json,100.00
deployment/file_processor/package/python/botocore/data/logs/2014-03-28/examples-1.json,100.00
deployment/file_processor/package/python/botocore/data/logs/2014-03-28/paginators-1.json,100.00
deployment/file_processor/package/python/botocore/data/logs/2014-03-28/service-2.json,100.00
deployment/file_processor/package/python/botocore/data/lookoutequipment/2020-12-15/examples-1.json,100.00
deployment/file_processor/package/python/botocore/data/lookoutequipment/2020-12-15/paginators-1.json,100.00
deployment/file_processor/package/python/botocore/data/lookoutequipment/2020-12-15/service-2.json,100.00
deployment/file_processor/package/python/botocore/data/lookoutmetrics/2017-07-25/examples-1.json,100.00
deployment/file_processor/package/python/botocore/data/lookoutmetrics/2017-07-25/paginators-1.json,100.00
deployment/file_processor/package/python/botocore/data/lookoutmetrics/2017-07-25/service-2.json,100.00
deployment/file_processor/package/python/botocore/data/lookoutvision/2020-11-20/examples-1.json,100.00
deployment/file_processor/package/python/botocore/data/lookoutvision/2020-11-20/paginators-1.json,100.00
deployment/file_processor/package/python/botocore/data/lookoutvision/2020-11-20/service-2.json,100.00
deployment/file_processor/package/python/botocore/data/m2/2021-04-28/paginators-1.json,100.00
deployment/file_processor/package/python/botocore/data/m2/2021-04-28/service-2.json,100.00
deployment/file_processor/package/python/botocore/data/machinelearning/2014-12-12/examples-1.json,100.00
deployment/file_processor/package/python/botocore/data/machinelearning/2014-12-12/paginators-1.json,100.00
deployment/file_processor/package/python/botocore/data/machinelearning/2014-12-12/service-2.json,100.00
deployment/file_processor/package/python/botocore/data/machinelearning/2014-12-12/waiters-2.json,100.00
deployment/file_processor/package/python/botocore/data/macie/2017-12-19/examples-1.json,100.00
deployment/file_processor/package/python/botocore/data/macie/2017-12-19/paginators-1.json,100.00
deployment/file_processor/package/python/botocore/data/macie/2017-12-19/service-2.json,100.00
deployment/file_processor/package/python/botocore/data/macie2/2020-01-01/paginators-1.json,100.00
deployment/file_processor/package/python/botocore/data/macie2/2020-01-01/service-2.json,100.00
deployment/file_processor/package/python/botocore/data/macie2/2020-01-01/waiters-2.json,100.00
deployment/file_processor/package/python/botocore/data/managedblockchain/2018-09-24/examples-1.json,100.00
deployment/file_processor/package/python/botocore/data/managedblockchain/2018-09-24/paginators-1.json,100.00
deployment/file_processor/package/python/botocore/data/managedblockchain/2018-09-24/service-2.json,100.00
deployment/file_processor/package/python/botocore/data/marketplace-catalog/2018-09-17/examples-1.json,100.00
deployment/file_processor/package/python/botocore/data/marketplace-catalog/2018-09-17/paginators-1.json,100.00
deployment/file_processor/package/python/botocore/data/marketplace-catalog/2018-09-17/service-2.json,100.00
deployment/file_processor/package/python/botocore/data/marketplace-entitlement/2017-01-11/examples-1.json,100.00
deployment/file_processor/package/python/botocore/data/marketplace-entitlement/2017-01-11/paginators-1.json,100.00
deployment/file_processor/package/python/botocore/data/marketplace-entitlement/2017-01-11/service-2.json,100.00
deployment/file_processor/package/python/botocore/data/marketplacecommerceanalytics/2015-07-01/examples-1.json,100.00
deployment/file_processor/package/python/botocore/data/marketplacecommerceanalytics/2015-07-01/paginators-1.json,100.00
deployment/file_processor/package/python/botocore/data/marketplacecommerceanalytics/2015-07-01/service-2.json,100.00
deployment/file_processor/package/python/botocore/data/mediaconnect/2018-11-14/paginators-1.json,100.00
deployment/file_processor/package/python/botocore/data/mediaconnect/2018-11-14/service-2.json,100.00
deployment/file_processor/package/python/botocore/data/mediaconnect/2018-11-14/waiters-2.json,100.00
deployment/file_processor/package/python/botocore/data/mediaconvert/2017-08-29/paginators-1.json,100.00
deployment/file_processor/package/python/botocore/data/mediaconvert/2017-08-29/service-2.json,100.00
deployment/file_processor/package/python/botocore/data/medialive/2017-10-14/paginators-1.json,100.00
deployment/file_processor/package/python/botocore/data/medialive/2017-10-14/service-2.json,100.00
deployment/file_processor/package/python/botocore/data/medialive/2017-10-14/waiters-2.json,100.00
deployment/file_processor/package/python/botocore/data/mediapackage-vod/2018-11-07/paginators-1.json,100.00
deployment/file_processor/package/python/botocore/data/mediapackage-vod/2018-11-07/service-2.json,100.00
deployment/file_processor/package/python/botocore/data/mediapackage/2017-10-12/paginators-1.json,100.00
deployment/file_processor/package/python/botocore/data/mediapackage/2017-10-12/service-2.json,100.00
deployment/file_processor/package/python/botocore/data/mediastore-data/2017-09-01/examples-1.json,100.00
deployment/file_processor/package/python/botocore/data/mediastore-data/2017-09-01/paginators-1.json,100.00
deployment/file_processor/package/python/botocore/data/mediastore-data/2017-09-01/service-2.json,100.00
deployment/file_processor/package/python/botocore/data/mediastore/2017-09-01/examples-1.json,100.00
deployment/file_processor/package/python/botocore/data/mediastore/2017-09-01/paginators-1.json,100.00
deployment/file_processor/package/python/botocore/data/mediastore/2017-09-01/service-2.json,100.00
deployment/file_processor/package/python/botocore/data/mediatailor/2018-04-23/paginators-1.json,100.00
deployment/file_processor/package/python/botocore/data/mediatailor/2018-04-23/service-2.json,100.00
deployment/file_processor/package/python/botocore/data/memorydb/2021-01-01/examples-1.json,100.00
deployment/file_processor/package/python/botocore/data/memorydb/2021-01-01/paginators-1.json,100.00
deployment/file_processor/package/python/botocore/data/memorydb/2021-01-01/service-2.json,100.00
deployment/file_processor/package/python/botocore/data/meteringmarketplace/2016-01-14/examples-1.json,100.00
deployment/file_processor/package/python/botocore/data/meteringmarketplace/2016-01-14/paginators-1.json,100.00
deployment/file_processor/package/python/botocore/data/meteringmarketplace/2016-01-14/service-2.json,100.00
deployment/file_processor/package/python/botocore/data/mgh/2017-05-31/examples-1.json,100.00
deployment/file_processor/package/python/botocore/data/mgh/2017-05-31/paginators-1.json,100.00
deployment/file_processor/package/python/botocore/data/mgh/2017-05-31/service-2.json,100.00
deployment/file_processor/package/python/botocore/data/mgn/2020-02-26/examples-1.json,100.00
deployment/file_processor/package/python/botocore/data/mgn/2020-02-26/paginators-1.json,100.00
deployment/file_processor/package/python/botocore/data/mgn/2020-02-26/service-2.json,100.00
deployment/file_processor/package/python/botocore/data/migration-hub-refactor-spaces/2021-10-26/examples-1.json,100.00
deployment/file_processor/package/python/botocore/data/migration-hub-refactor-spaces/2021-10-26/paginators-1.json,100.00
deployment/file_processor/package/python/botocore/data/migration-hub-refactor-spaces/2021-10-26/service-2.json,100.00
deployment/file_processor/package/python/botocore/data/migrationhub-config/2019-06-30/examples-1.json,100.00
deployment/file_processor/package/python/botocore/data/migrationhub-config/2019-06-30/paginators-1.json,100.00
deployment/file_processor/package/python/botocore/data/migrationhub-config/2019-06-30/service-2.json,100.00
deployment/file_processor/package/python/botocore/data/migrationhuborchestrator/2021-08-28/paginators-1.json,100.00
deployment/file_processor/package/python/botocore/data/migrationhuborchestrator/2021-08-28/service-2.json,100.00
deployment/file_processor/package/python/botocore/data/migrationhuborchestrator/2021-08-28/waiters-2.json,100.00
deployment/file_processor/package/python/botocore/data/migrationhubstrategy/2020-02-19/examples-1.json,100.00
deployment/file_processor/package/python/botocore/data/migrationhubstrategy/2020-02-19/paginators-1.json,100.00
deployment/file_processor/package/python/botocore/data/migrationhubstrategy/2020-02-19/paginators-1.sdk-extras.json,100.00
deployment/file_processor/package/python/botocore/data/migrationhubstrategy/2020-02-19/service-2.json,100.00
deployment/file_processor/package/python/botocore/data/mobile/2017-07-01/examples-1.json,100.00
deployment/file_processor/package/python/botocore/data/mobile/2017-07-01/paginators-1.json,100.00
deployment/file_processor/package/python/botocore/data/mobile/2017-07-01/service-2.json,100.00
deployment/file_processor/package/python/botocore/data/mq/2017-11-27/paginators-1.json,100.00
deployment/file_processor/package/python/botocore/data/mq/2017-11-27/service-2.json,100.00
deployment/file_processor/package/python/botocore/data/mturk/2017-01-17/examples-1.json,100.00
deployment/file_processor/package/python/botocore/data/mturk/2017-01-17/paginators-1.json,100.00
deployment/file_processor/package/python/botocore/data/mturk/2017-01-17/service-2.json,100.00
deployment/file_processor/package/python/botocore/data/mwaa/2020-07-01/examples-1.json,100.00
deployment/file_processor/package/python/botocore/data/mwaa/2020-07-01/paginators-1.json,100.00
deployment/file_processor/package/python/botocore/data/mwaa/2020-07-01/service-2.json,100.00
deployment/file_processor/package/python/botocore/data/neptune/2014-10-31/examples-1.json,100.00
deployment/file_processor/package/python/botocore/data/neptune/2014-10-31/paginators-1.json,100.00
deployment/file_processor/package/python/botocore/data/neptune/2014-10-31/service-2.json,100.00
deployment/file_processor/package/python/botocore/data/neptune/2014-10-31/service-2.sdk-extras.json,100.00
deployment/file_processor/package/python/botocore/data/neptune/2014-10-31/waiters-2.json,100.00
deployment/file_processor/package/python/botocore/data/network-firewall/2020-11-12/examples-1.json,100.00
deployment/file_processor/package/python/botocore/data/network-firewall/2020-11-12/paginators-1.json,100.00
deployment/file_processor/package/python/botocore/data/network-firewall/2020-11-12/service-2.json,100.00
deployment/file_processor/package/python/botocore/data/networkmanager/2019-07-05/examples-1.json,100.00
deployment/file_processor/package/python/botocore/data/networkmanager/2019-07-05/paginators-1.json,100.00
deployment/file_processor/package/python/botocore/data/networkmanager/2019-07-05/service-2.json,100.00
deployment/file_processor/package/python/botocore/data/nimble/2020-08-01/examples-1.json,100.00
deployment/file_processor/package/python/botocore/data/nimble/2020-08-01/paginators-1.json,100.00
deployment/file_processor/package/python/botocore/data/nimble/2020-08-01/service-2.json,100.00
deployment/file_processor/package/python/botocore/data/nimble/2020-08-01/waiters-2.json,100.00
deployment/file_processor/package/python/botocore/data/oam/2022-06-10/paginators-1.json,100.00
deployment/file_processor/package/python/botocore/data/oam/2022-06-10/service-2.json,100.00
deployment/file_processor/package/python/botocore/data/omics/2022-11-28/paginators-1.json,100.00
deployment/file_processor/package/python/botocore/data/omics/2022-11-28/service-2.json,100.00
deployment/file_processor/package/python/botocore/data/omics/2022-11-28/waiters-2.json,100.00
deployment/file_processor/package/python/botocore/data/opensearch/2021-01-01/examples-1.json,100.00
deployment/file_processor/package/python/botocore/data/opensearch/2021-01-01/paginators-1.json,100.00
deployment/file_processor/package/python/botocore/data/opensearch/2021-01-01/service-2.json,100.00
deployment/file_processor/package/python/botocore/data/opensearchserverless/2021-11-01/paginators-1.json,100.00
deployment/file_processor/package/python/botocore/data/opensearchserverless/2021-11-01/service-2.json,100.00
deployment/file_processor/package/python/botocore/data/opsworks/2013-02-18/examples-1.json,100.00
deployment/file_processor/package/python/botocore/data/opsworks/2013-02-18/paginators-1.json,100.00
deployment/file_processor/package/python/botocore/data/opsworks/2013-02-18/service-2.json,100.00
deployment/file_processor/package/python/botocore/data/opsworks/2013-02-18/waiters-2.json,100.00
deployment/file_processor/package/python/botocore/data/opsworkscm/2016-11-01/examples-1.json,100.00
deployment/file_processor/package/python/botocore/data/opsworkscm/2016-11-01/paginators-1.json,100.00
deployment/file_processor/package/python/botocore/data/opsworkscm/2016-11-01/service-2.json,100.00
deployment/file_processor/package/python/botocore/data/opsworkscm/2016-11-01/waiters-2.json,100.00
deployment/file_processor/package/python/botocore/data/organizations/2016-11-28/examples-1.json,100.00
deployment/file_processor/package/python/botocore/data/organizations/2016-11-28/paginators-1.json,100.00
deployment/file_processor/package/python/botocore/data/organizations/2016-11-28/service-2.json,100.00
deployment/file_processor/package/python/botocore/data/osis/2022-01-01/paginators-1.json,100.00
deployment/file_processor/package/python/botocore/data/osis/2022-01-01/service-2.json,100.00
deployment/file_processor/package/python/botocore/data/outposts/2019-12-03/examples-1.json,100.00
deployment/file_processor/package/python/botocore/data/outposts/2019-12-03/paginators-1.json,100.00
deployment/file_processor/package/python/botocore/data/outposts/2019-12-03/service-2.json,100.00
deployment/file_processor/package/python/botocore/data/panorama/2019-07-24/examples-1.json,100.00
deployment/file_processor/package/python/botocore/data/panorama/2019-07-24/paginators-1.json,100.00
deployment/file_processor/package/python/botocore/data/panorama/2019-07-24/service-2.json,100.00
deployment/file_processor/package/python/botocore/data/partitions.json,100.00
deployment/file_processor/package/python/botocore/data/personalize-events/2018-03-22/examples-1.json,100.00
deployment/file_processor/package/python/botocore/data/personalize-events/2018-03-22/paginators-1.json,100.00
deployment/file_processor/package/python/botocore/data/personalize-events/2018-03-22/service-2.json,100.00
deployment/file_processor/package/python/botocore/data/personalize-runtime/2018-05-22/examples-1.json,100.00
deployment/file_processor/package/python/botocore/data/personalize-runtime/2018-05-22/paginators-1.json,100.00
deployment/file_processor/package/python/botocore/data/personalize-runtime/2018-05-22/service-2.json,100.00
deployment/file_processor/package/python/botocore/data/personalize/2018-05-22/examples-1.json,100.00
deployment/file_processor/package/python/botocore/data/personalize/2018-05-22/paginators-1.json,100.00
deployment/file_processor/package/python/botocore/data/personalize/2018-05-22/service-2.json,100.00
deployment/file_processor/package/python/botocore/data/pi/2018-02-27/examples-1.json,100.00
deployment/file_processor/package/python/botocore/data/pi/2018-02-27/paginators-1.json,100.00
deployment/file_processor/package/python/botocore/data/pi/2018-02-27/service-2.json,100.00
deployment/file_processor/package/python/botocore/data/pinpoint-email/2018-07-26/examples-1.json,100.00
deployment/file_processor/package/python/botocore/data/pinpoint-email/2018-07-26/paginators-1.json,100.00
deployment/file_processor/package/python/botocore/data/pinpoint-email/2018-07-26/service-2.json,100.00
deployment/file_processor/package/python/botocore/data/pinpoint-sms-voice-v2/2022-03-31/examples-1.json,100.00
deployment/file_processor/package/python/botocore/data/pinpoint-sms-voice-v2/2022-03-31/paginators-1.json,100.00
deployment/file_processor/package/python/botocore/data/pinpoint-sms-voice-v2/2022-03-31/paginators-1.sdk-extras.json,100.00
deployment/file_processor/package/python/botocore/data/pinpoint-sms-voice-v2/2022-03-31/service-2.json,100.00
deployment/file_processor/package/python/botocore/data/pinpoint-sms-voice-v2/2022-03-31/waiters-2.json,100.00
deployment/file_processor/package/python/botocore/data/pinpoint-sms-voice/2018-09-05/service-2.json,100.00
deployment/file_processor/package/python/botocore/data/pinpoint/2016-12-01/examples-1.json,100.00
deployment/file_processor/package/python/botocore/data/pinpoint/2016-12-01/service-2.json,100.00
deployment/file_processor/package/python/botocore/data/pipes/2015-10-07/paginators-1.json,100.00
deployment/file_processor/package/python/botocore/data/pipes/2015-10-07/service-2.json,100.00
deployment/file_processor/package/python/botocore/data/polly/2016-06-10/examples-1.json,100.00
deployment/file_processor/package/python/botocore/data/polly/2016-06-10/paginators-1.json,100.00
deployment/file_processor/package/python/botocore/data/polly/2016-06-10/service-2.json,100.00
deployment/file_processor/package/python/botocore/data/pricing/2017-10-15/examples-1.json,100.00
deployment/file_processor/package/python/botocore/data/pricing/2017-10-15/paginators-1.json,100.00
deployment/file_processor/package/python/botocore/data/pricing/2017-10-15/service-2.json,100.00
deployment/file_processor/package/python/botocore/data/privatenetworks/2021-12-03/paginators-1.json,100.00
deployment/file_processor/package/python/botocore/data/privatenetworks/2021-12-03/service-2.json,100.00
deployment/file_processor/package/python/botocore/data/proton/2020-07-20/examples-1.json,100.00
deployment/file_processor/package/python/botocore/data/proton/2020-07-20/paginators-1.json,100.00
deployment/file_processor/package/python/botocore/data/proton/2020-07-20/service-2.json,100.00
deployment/file_processor/package/python/botocore/data/proton/2020-07-20/waiters-2.json,100.00
deployment/file_processor/package/python/botocore/data/qldb-session/2019-07-11/examples-1.json,100.00
deployment/file_processor/package/python/botocore/data/qldb-session/2019-07-11/paginators-1.json,100.00
deployment/file_processor/package/python/botocore/data/qldb-session/2019-07-11/service-2.json,100.00
deployment/file_processor/package/python/botocore/data/qldb/2019-01-02/examples-1.json,100.00
deployment/file_processor/package/python/botocore/data/qldb/2019-01-02/paginators-1.json,100.00
deployment/file_processor/package/python/botocore/data/qldb/2019-01-02/service-2.json,100.00
deployment/file_processor/package/python/botocore/data/quicksight/2018-04-01/examples-1.json,100.00
deployment/file_processor/package/python/botocore/data/quicksight/2018-04-01/paginators-1.json,100.00
deployment/file_processor/package/python/botocore/data/quicksight/2018-04-01/paginators-1.sdk-extras.json,100.00
deployment/file_processor/package/python/botocore/data/quicksight/2018-04-01/service-2.json,100.00
deployment/file_processor/package/python/botocore/data/ram/2018-01-04/examples-1.json,100.00
deployment/file_processor/package/python/botocore/data/ram/2018-01-04/paginators-1.json,100.00
deployment/file_processor/package/python/botocore/data/ram/2018-01-04/service-2.json,100.00
deployment/file_processor/package/python/botocore/data/rbin/2021-06-15/examples-1.json,100.00
deployment/file_processor/package/python/botocore/data/rbin/2021-06-15/paginators-1.json,100.00
deployment/file_processor/package/python/botocore/data/rbin/2021-06-15/service-2.json,100.00
deployment/file_processor/package/python/botocore/data/rds-data/2018-08-01/examples-1.json,100.00
deployment/file_processor/package/python/botocore/data/rds-data/2018-08-01/paginators-1.json,100.00
deployment/file_processor/package/python/botocore/data/rds-data/2018-08-01/service-2.json,100.00
deployment/file_processor/package/python/botocore/data/rds/2014-09-01/paginators-1.json,100.00
deployment/file_processor/package/python/botocore/data/rds/2014-09-01/service-2.json,100.00
deployment/file_processor/package/python/botocore/data/rds/2014-09-01/waiters-2.json,100.00
deployment/file_processor/package/python/botocore/data/rds/2014-10-31/examples-1.json,100.00
deployment/file_processor/package/python/botocore/data/rds/2014-10-31/paginators-1.json,100.00
deployment/file_processor/package/python/botocore/data/rds/2014-10-31/service-2.json,100.00
deployment/file_processor/package/python/botocore/data/rds/2014-10-31/service-2.sdk-extras.json,100.00
deployment/file_processor/package/python/botocore/data/rds/2014-10-31/waiters-2.json,100.00
deployment/file_processor/package/python/botocore/data/redshift-data/2019-12-20/examples-1.json,100.00
deployment/file_processor/package/python/botocore/data/redshift-data/2019-12-20/paginators-1.json,100.00
deployment/file_processor/package/python/botocore/data/redshift-data/2019-12-20/paginators-1.sdk-extras.json,100.00
deployment/file_processor/package/python/botocore/data/redshift-data/2019-12-20/service-2.json,100.00
deployment/file_processor/package/python/botocore/data/redshift-serverless/2021-04-21/paginators-1.json,100.00
deployment/file_processor/package/python/botocore/data/redshift-serverless/2021-04-21/service-2.json,100.00
deployment/file_processor/package/python/botocore/data/redshift/2012-12-01/examples-1.json,100.00
deployment/file_processor/package/python/botocore/data/redshift/2012-12-01/paginators-1.json,100.00
deployment/file_processor/package/python/botocore/data/redshift/2012-12-01/service-2.json,100.00
deployment/file_processor/package/python/botocore/data/redshift/2012-12-01/waiters-2.json,100.00
deployment/file_processor/package/python/botocore/data/rekognition/2016-06-27/examples-1.json,100.00
deployment/file_processor/package/python/botocore/data/rekognition/2016-06-27/paginators-1.json,100.00
deployment/file_processor/package/python/botocore/data/rekognition/2016-06-27/service-2.json,100.00
deployment/file_processor/package/python/botocore/data/rekognition/2016-06-27/waiters-2.json,100.00
deployment/file_processor/package/python/botocore/data/resiliencehub/2020-04-30/examples-1.json,100.00
deployment/file_processor/package/python/botocore/data/resiliencehub/2020-04-30/paginators-1.json,100.00
deployment/file_processor/package/python/botocore/data/resiliencehub/2020-04-30/service-2.json,100.00
deployment/file_processor/package/python/botocore/data/resource-explorer-2/2022-07-28/paginators-1.json,100.00
deployment/file_processor/package/python/botocore/data/resource-explorer-2/2022-07-28/paginators-1.sdk-extras.json,100.00
deployment/file_processor/package/python/botocore/data/resource-explorer-2/2022-07-28/service-2.json,100.00
deployment/file_processor/package/python/botocore/data/resource-groups/2017-11-27/examples-1.json,100.00
deployment/file_processor/package/python/botocore/data/resource-groups/2017-11-27/paginators-1.json,100.00
deployment/file_processor/package/python/botocore/data/resource-groups/2017-11-27/service-2.json,100.00
deployment/file_processor/package/python/botocore/data/resourcegroupstaggingapi/2017-01-26/examples-1.json,100.00
deployment/file_processor/package/python/botocore/data/resourcegroupstaggingapi/2017-01-26/paginators-1.json,100.00
deployment/file_processor/package/python/botocore/data/resourcegroupstaggingapi/2017-01-26/service-2.json,100.00
deployment/file_processor/package/python/botocore/data/robomaker/2018-06-29/examples-1.json,100.00
deployment/file_processor/package/python/botocore/data/robomaker/2018-06-29/paginators-1.json,100.00
deployment/file_processor/package/python/botocore/data/robomaker/2018-06-29/service-2.json,100.00
deployment/file_processor/package/python/botocore/data/rolesanywhere/2018-05-10/paginators-1.json,100.00
deployment/file_processor/package/python/botocore/data/rolesanywhere/2018-05-10/service-2.json,100.00
deployment/file_processor/package/python/botocore/data/route53-recovery-cluster/2019-12-02/examples-1.json,100.00
deployment/file_processor/package/python/botocore/data/route53-recovery-cluster/2019-12-02/paginators-1.json,100.00
deployment/file_processor/package/python/botocore/data/route53-recovery-cluster/2019-12-02/service-2.json,100.00
deployment/file_processor/package/python/botocore/data/route53-recovery-control-config/2020-11-02/paginators-1.json,100.00
deployment/file_processor/package/python/botocore/data/route53-recovery-control-config/2020-11-02/service-2.json,100.00
deployment/file_processor/package/python/botocore/data/route53-recovery-control-config/2020-11-02/waiters-2.json,100.00
deployment/file_processor/package/python/botocore/data/route53-recovery-readiness/2019-12-02/paginators-1.json,100.00
deployment/file_processor/package/python/botocore/data/route53-recovery-readiness/2019-12-02/service-2.json,100.00
deployment/file_processor/package/python/botocore/data/route53/2013-04-01/examples-1.json,100.00
deployment/file_processor/package/python/botocore/data/route53/2013-04-01/paginators-1.json,100.00
deployment/file_processor/package/python/botocore/data/route53/2013-04-01/service-2.json,100.00
deployment/file_processor/package/python/botocore/data/route53/2013-04-01/waiters-2.json,100.00
deployment/file_processor/package/python/botocore/data/route53domains/2014-05-15/examples-1.json,100.00
deployment/file_processor/package/python/botocore/data/route53domains/2014-05-15/paginators-1.json,100.00
deployment/file_processor/package/python/botocore/data/route53domains/2014-05-15/service-2.json,100.00
deployment/file_processor/package/python/botocore/data/route53resolver/2018-04-01/examples-1.json,100.00
deployment/file_processor/package/python/botocore/data/route53resolver/2018-04-01/paginators-1.json,100.00
deployment/file_processor/package/python/botocore/data/route53resolver/2018-04-01/paginators-1.sdk-extras.json,100.00
deployment/file_processor/package/python/botocore/data/route53resolver/2018-04-01/service-2.json,100.00
deployment/file_processor/package/python/botocore/data/rum/2018-05-10/examples-1.json,100.00
deployment/file_processor/package/python/botocore/data/rum/2018-05-10/paginators-1.json,100.00
deployment/file_processor/package/python/botocore/data/rum/2018-05-10/service-2.json,100.00
deployment/file_processor/package/python/botocore/data/s3/2006-03-01/examples-1.json,100.00
deployment/file_processor/package/python/botocore/data/s3/2006-03-01/paginators-1.json,100.00
deployment/file_processor/package/python/botocore/data/s3/2006-03-01/service-2.json,100.00
deployment/file_processor/package/python/botocore/data/s3/2006-03-01/waiters-2.json,100.00
deployment/file_processor/package/python/botocore/data/s3control/2018-08-20/examples-1.json,100.00
deployment/file_processor/package/python/botocore/data/s3control/2018-08-20/paginators-1.json,100.00
deployment/file_processor/package/python/botocore/data/s3control/2018-08-20/service-2.json,100.00
deployment/file_processor/package/python/botocore/data/s3outposts/2017-07-25/examples-1.json,100.00
deployment/file_processor/package/python/botocore/data/s3outposts/2017-07-25/paginators-1.json,100.00
deployment/file_processor/package/python/botocore/data/s3outposts/2017-07-25/service-2.json,100.00
deployment/file_processor/package/python/botocore/data/sagemaker-a2i-runtime/2019-11-07/examples-1.json,100.00
deployment/file_processor/package/python/botocore/data/sagemaker-a2i-runtime/2019-11-07/paginators-1.json,100.00
deployment/file_processor/package/python/botocore/data/sagemaker-a2i-runtime/2019-11-07/service-2.json,100.00
deployment/file_processor/package/python/botocore/data/sagemaker-edge/2020-09-23/examples-1.json,100.00
deployment/file_processor/package/python/botocore/data/sagemaker-edge/2020-09-23/paginators-1.json,100.00
deployment/file_processor/package/python/botocore/data/sagemaker-edge/2020-09-23/service-2.json,100.00
deployment/file_processor/package/python/botocore/data/sagemaker-featurestore-runtime/2020-07-01/examples-1.json,100.00
deployment/file_processor/package/python/botocore/data/sagemaker-featurestore-runtime/2020-07-01/paginators-1.json,100.00
deployment/file_processor/package/python/botocore/data/sagemaker-featurestore-runtime/2020-07-01/service-2.json,100.00
deployment/file_processor/package/python/botocore/data/sagemaker-geospatial/2020-05-27/paginators-1.json,100.00
deployment/file_processor/package/python/botocore/data/sagemaker-geospatial/2020-05-27/service-2.json,100.00
deployment/file_processor/package/python/botocore/data/sagemaker-metrics/2022-09-30/paginators-1.json,100.00
deployment/file_processor/package/python/botocore/data/sagemaker-metrics/2022-09-30/service-2.json,100.00
deployment/file_processor/package/python/botocore/data/sagemaker-runtime/2017-05-13/examples-1.json,100.00
deployment/file_processor/package/python/botocore/data/sagemaker-runtime/2017-05-13/paginators-1.json,100.00
deployment/file_processor/package/python/botocore/data/sagemaker-runtime/2017-05-13/service-2.json,100.00
deployment/file_processor/package/python/botocore/data/sagemaker/2017-07-24/examples-1.json,100.00
deployment/file_processor/package/python/botocore/data/sagemaker/2017-07-24/paginators-1.json,100.00
deployment/file_processor/package/python/botocore/data/sagemaker/2017-07-24/service-2.json,100.00
deployment/file_processor/package/python/botocore/data/sagemaker/2017-07-24/waiters-2.json,100.00
deployment/file_processor/package/python/botocore/data/savingsplans/2019-06-28/examples-1.json,100.00
deployment/file_processor/package/python/botocore/data/savingsplans/2019-06-28/paginators-1.json,100.00
deployment/file_processor/package/python/botocore/data/savingsplans/2019-06-28/service-2.json,100.00
deployment/file_processor/package/python/botocore/data/scheduler/2021-06-30/paginators-1.json,100.00
deployment/file_processor/package/python/botocore/data/scheduler/2021-06-30/service-2.json,100.00
deployment/file_processor/package/python/botocore/data/schemas/2019-12-02/paginators-1.json,100.00
deployment/file_processor/package/python/botocore/data/schemas/2019-12-02/service-2.json,100.00
deployment/file_processor/package/python/botocore/data/schemas/2019-12-02/waiters-2.json,100.00
deployment/file_processor/package/python/botocore/data/sdb/2009-04-15/paginators-1.json,100.00
deployment/file_processor/package/python/botocore/data/sdb/2009-04-15/service-2.json,100.00
deployment/file_processor/package/python/botocore/data/sdk-default-configuration.json,100.00
deployment/file_processor/package/python/botocore/data/secretsmanager/2017-10-17/examples-1.json,100.00
deployment/file_processor/package/python/botocore/data/secretsmanager/2017-10-17/paginators-1.json,100.00
deployment/file_processor/package/python/botocore/data/secretsmanager/2017-10-17/service-2.json,100.00
deployment/file_processor/package/python/botocore/data/secretsmanager/2017-10-17/service-2.sdk-extras.json,100.00
deployment/file_processor/package/python/botocore/data/securityhub/2018-10-26/examples-1.json,100.00
deployment/file_processor/package/python/botocore/data/securityhub/2018-10-26/paginators-1.json,100.00
deployment/file_processor/package/python/botocore/data/securityhub/2018-10-26/service-2.json,100.00
deployment/file_processor/package/python/botocore/data/securitylake/2018-05-10/paginators-1.json,100.00
deployment/file_processor/package/python/botocore/data/securitylake/2018-05-10/service-2.json,100.00
deployment/file_processor/package/python/botocore/data/serverlessrepo/2017-09-08/paginators-1.json,100.00
deployment/file_processor/package/python/botocore/data/serverlessrepo/2017-09-08/service-2.json,100.00
deployment/file_processor/package/python/botocore/data/service-quotas/2019-06-24/examples-1.json,100.00
deployment/file_processor/package/python/botocore/data/service-quotas/2019-06-24/paginators-1.json,100.00
deployment/file_processor/package/python/botocore/data/service-quotas/2019-06-24/service-2.json,100.00
deployment/file_processor/package/python/botocore/data/servicecatalog-appregistry/2020-06-24/examples-1.json,100.00
deployment/file_processor/package/python/botocore/data/servicecatalog-appregistry/2020-06-24/paginators-1.json,100.00
deployment/file_processor/package/python/botocore/data/servicecatalog-appregistry/2020-06-24/service-2.json,100.00
deployment/file_processor/package/python/botocore/data/servicecatalog/2015-12-10/examples-1.json,100.00
deployment/file_processor/package/python/botocore/data/servicecatalog/2015-12-10/paginators-1.json,100.00
deployment/file_processor/package/python/botocore/data/servicecatalog/2015-12-10/service-2.json,100.00
deployment/file_processor/package/python/botocore/data/servicediscovery/2017-03-14/examples-1.json,100.00
deployment/file_processor/package/python/botocore/data/servicediscovery/2017-03-14/paginators-1.json,100.00
deployment/file_processor/package/python/botocore/data/servicediscovery/2017-03-14/service-2.json,100.00
deployment/file_processor/package/python/botocore/data/ses/2010-12-01/examples-1.json,100.00
deployment/file_processor/package/python/botocore/data/ses/2010-12-01/paginators-1.json,100.00
deployment/file_processor/package/python/botocore/data/ses/2010-12-01/service-2.json,100.00
deployment/file_processor/package/python/botocore/data/ses/2010-12-01/waiters-2.json,100.00
deployment/file_processor/package/python/botocore/data/sesv2/2019-09-27/examples-1.json,100.00
deployment/file_processor/package/python/botocore/data/sesv2/2019-09-27/paginators-1.json,100.00
deployment/file_processor/package/python/botocore/data/sesv2/2019-09-27/service-2.json,100.00
deployment/file_processor/package/python/botocore/data/shield/2016-06-02/examples-1.json,100.00
deployment/file_processor/package/python/botocore/data/shield/2016-06-02/paginators-1.json,100.00
deployment/file_processor/package/python/botocore/data/shield/2016-06-02/service-2.json,100.00
deployment/file_processor/package/python/botocore/data/signer/2017-08-25/examples-1.json,100.00
deployment/file_processor/package/python/botocore/data/signer/2017-08-25/paginators-1.json,100.00
deployment/file_processor/package/python/botocore/data/signer/2017-08-25/service-2.json,100.00
deployment/file_processor/package/python/botocore/data/signer/2017-08-25/waiters-2.json,100.00
deployment/file_processor/package/python/botocore/data/simspaceweaver/2022-10-28/paginators-1.json,100.00
deployment/file_processor/package/python/botocore/data/simspaceweaver/2022-10-28/service-2.json,100.00
deployment/file_processor/package/python/botocore/data/sms-voice/2018-09-05/service-2.json,100.00
deployment/file_processor/package/python/botocore/data/sms/2016-10-24/examples-1.json,100.00
deployment/file_processor/package/python/botocore/data/sms/2016-10-24/paginators-1.json,100.00
deployment/file_processor/package/python/botocore/data/sms/2016-10-24/service-2.json,100.00
deployment/file_processor/package/python/botocore/data/snow-device-management/2021-08-04/examples-1.json,100.00
deployment/file_processor/package/python/botocore/data/snow-device-management/2021-08-04/paginators-1.json,100.00
deployment/file_processor/package/python/botocore/data/snow-device-management/2021-08-04/service-2.json,100.00
deployment/file_processor/package/python/botocore/data/snowball/2016-06-30/examples-1.json,100.00
deployment/file_processor/package/python/botocore/data/snowball/2016-06-30/paginators-1.json,100.00
deployment/file_processor/package/python/botocore/data/snowball/2016-06-30/service-2.json,100.00
deployment/file_processor/package/python/botocore/data/sns/2010-03-31/examples-1.json,100.00
deployment/file_processor/package/python/botocore/data/sns/2010-03-31/paginators-1.json,100.00
deployment/file_processor/package/python/botocore/data/sns/2010-03-31/service-2.json,100.00
deployment/file_processor/package/python/botocore/data/sqs/2012-11-05/examples-1.json,100.00
deployment/file_processor/package/python/botocore/data/sqs/2012-11-05/paginators-1.json,100.00
deployment/file_processor/package/python/botocore/data/sqs/2012-11-05/service-2.json,100.00
deployment/file_processor/package/python/botocore/data/ssm-contacts/2021-05-03/examples-1.json,100.00
deployment/file_processor/package/python/botocore/data/ssm-contacts/2021-05-03/paginators-1.json,100.00
deployment/file_processor/package/python/botocore/data/ssm-contacts/2021-05-03/service-2.json,100.00
deployment/file_processor/package/python/botocore/data/ssm-incidents/2018-05-10/examples-1.json,100.00
deployment/file_processor/package/python/botocore/data/ssm-incidents/2018-05-10/paginators-1.json,100.00
deployment/file_processor/package/python/botocore/data/ssm-incidents/2018-05-10/service-2.json,100.00
deployment/file_processor/package/python/botocore/data/ssm-incidents/2018-05-10/waiters-2.json,100.00
deployment/file_processor/package/python/botocore/data/ssm-sap/2018-05-10/paginators-1.json,100.00
deployment/file_processor/package/python/botocore/data/ssm-sap/2018-05-10/service-2.json,100.00
deployment/file_processor/package/python/botocore/data/ssm/2014-11-06/examples-1.json,100.00
deployment/file_processor/package/python/botocore/data/ssm/2014-11-06/paginators-1.json,100.00
deployment/file_processor/package/python/botocore/data/ssm/2014-11-06/service-2.json,100.00
deployment/file_processor/package/python/botocore/data/ssm/2014-11-06/waiters-2.json,100.00
deployment/file_processor/package/python/botocore/data/sso-admin/2020-07-20/examples-1.json,100.00
deployment/file_processor/package/python/botocore/data/sso-admin/2020-07-20/paginators-1.json,100.00
deployment/file_processor/package/python/botocore/data/sso-admin/2020-07-20/service-2.json,100.00
deployment/file_processor/package/python/botocore/data/sso-oidc/2019-06-10/examples-1.json,100.00
deployment/file_processor/package/python/botocore/data/sso-oidc/2019-06-10/paginators-1.json,100.00
deployment/file_processor/package/python/botocore/data/sso-oidc/2019-06-10/service-2.json,100.00
deployment/file_processor/package/python/botocore/data/sso/2019-06-10/examples-1.json,100.00
deployment/file_processor/package/python/botocore/data/sso/2019-06-10/paginators-1.json,100.00
deployment/file_processor/package/python/botocore/data/sso/2019-06-10/service-2.json,100.00
deployment/file_processor/package/python/botocore/data/stepfunctions/2016-11-23/examples-1.json,100.00
deployment/file_processor/package/python/botocore/data/stepfunctions/2016-11-23/paginators-1.json,100.00
deployment/file_processor/package/python/botocore/data/stepfunctions/2016-11-23/service-2.json,100.00
deployment/file_processor/package/python/botocore/data/storagegateway/2013-06-30/examples-1.json,100.00
deployment/file_processor/package/python/botocore/data/storagegateway/2013-06-30/paginators-1.json,100.00
deployment/file_processor/package/python/botocore/data/storagegateway/2013-06-30/service-2.json,100.00
deployment/file_processor/package/python/botocore/data/sts/2011-06-15/examples-1.json,100.00
deployment/file_processor/package/python/botocore/data/sts/2011-06-15/paginators-1.json,100.00
deployment/file_processor/package/python/botocore/data/sts/2011-06-15/service-2.json,100.00
deployment/file_processor/package/python/botocore/data/support-app/2021-08-20/paginators-1.json,100.00
deployment/file_processor/package/python/botocore/data/support-app/2021-08-20/service-2.json,100.00
deployment/file_processor/package/python/botocore/data/support/2013-04-15/examples-1.json,100.00
deployment/file_processor/package/python/botocore/data/support/2013-04-15/paginators-1.json,100.00
deployment/file_processor/package/python/botocore/data/support/2013-04-15/service-2.json,100.00
deployment/file_processor/package/python/botocore/data/swf/2012-01-25/examples-1.json,100.00
deployment/file_processor/package/python/botocore/data/swf/2012-01-25/paginators-1.json,100.00
deployment/file_processor/package/python/botocore/data/swf/2012-01-25/service-2.json,100.00
deployment/file_processor/package/python/botocore/data/synthetics/2017-10-11/examples-1.json,100.00
deployment/file_processor/package/python/botocore/data/synthetics/2017-10-11/paginators-1.json,100.00
deployment/file_processor/package/python/botocore/data/synthetics/2017-10-11/service-2.json,100.00
deployment/file_processor/package/python/botocore/data/textract/2018-06-27/examples-1.json,100.00
deployment/file_processor/package/python/botocore/data/textract/2018-06-27/paginators-1.json,100.00
deployment/file_processor/package/python/botocore/data/textract/2018-06-27/service-2.json,100.00
deployment/file_processor/package/python/botocore/data/timestream-query/2018-11-01/examples-1.json,100.00
deployment/file_processor/package/python/botocore/data/timestream-query/2018-11-01/paginators-1.json,100.00
deployment/file_processor/package/python/botocore/data/timestream-query/2018-11-01/service-2.json,100.00
deployment/file_processor/package/python/botocore/data/timestream-write/2018-11-01/examples-1.json,100.00
deployment/file_processor/package/python/botocore/data/timestream-write/2018-11-01/paginators-1.json,100.00
deployment/file_processor/package/python/botocore/data/timestream-write/2018-11-01/service-2.json,100.00
deployment/file_processor/package/python/botocore/data/tnb/2008-10-21/paginators-1.json,100.00
deployment/file_processor/package/python/botocore/data/tnb/2008-10-21/service-2.json,100.00
deployment/file_processor/package/python/botocore/data/transcribe/2017-10-26/examples-1.json,100.00
deployment/file_processor/package/python/botocore/data/transcribe/2017-10-26/paginators-1.json,100.00
deployment/file_processor/package/python/botocore/data/transcribe/2017-10-26/service-2.json,100.00
deployment/file_processor/package/python/botocore/data/transfer/2018-11-05/examples-1.json,100.00
deployment/file_processor/package/python/botocore/data/transfer/2018-11-05/paginators-1.json,100.00
deployment/file_processor/package/python/botocore/data/transfer/2018-11-05/service-2.json,100.00
deployment/file_processor/package/python/botocore/data/transfer/2018-11-05/waiters-2.json,100.00
deployment/file_processor/package/python/botocore/data/translate/2017-07-01/examples-1.json,100.00
deployment/file_processor/package/python/botocore/data/translate/2017-07-01/paginators-1.json,100.00
deployment/file_processor/package/python/botocore/data/translate/2017-07-01/service-2.json,100.00
deployment/file_processor/package/python/botocore/data/voice-id/2021-09-27/examples-1.json,100.00
deployment/file_processor/package/python/botocore/data/voice-id/2021-09-27/paginators-1.json,100.00
deployment/file_processor/package/python/botocore/data/voice-id/2021-09-27/service-2.json,100.00
deployment/file_processor/package/python/botocore/data/vpc-lattice/2022-11-30/paginators-1.json,100.00
deployment/file_processor/package/python/botocore/data/vpc-lattice/2022-11-30/service-2.json,100.00
deployment/file_processor/package/python/botocore/data/waf-regional/2016-11-28/examples-1.json,100.00
deployment/file_processor/package/python/botocore/data/waf-regional/2016-11-28/paginators-1.json,100.00
deployment/file_processor/package/python/botocore/data/waf-regional/2016-11-28/service-2.json,100.00
deployment/file_processor/package/python/botocore/data/waf/2015-08-24/examples-1.json,100.00
deployment/file_processor/package/python/botocore/data/waf/2015-08-24/paginators-1.json,100.00
deployment/file_processor/package/python/botocore/data/waf/2015-08-24/service-2.json,100.00
deployment/file_processor/package/python/botocore/data/wafv2/2019-07-29/examples-1.json,100.00
deployment/file_processor/package/python/botocore/data/wafv2/2019-07-29/paginators-1.json,100.00
deployment/file_processor/package/python/botocore/data/wafv2/2019-07-29/service-2.json,100.00
deployment/file_processor/package/python/botocore/data/wellarchitected/2020-03-31/examples-1.json,100.00
deployment/file_processor/package/python/botocore/data/wellarchitected/2020-03-31/paginators-1.json,100.00
deployment/file_processor/package/python/botocore/data/wellarchitected/2020-03-31/service-2.json,100.00
deployment/file_processor/package/python/botocore/data/wisdom/2020-10-19/examples-1.json,100.00
deployment/file_processor/package/python/botocore/data/wisdom/2020-10-19/paginators-1.json,100.00
deployment/file_processor/package/python/botocore/data/wisdom/2020-10-19/service-2.json,100.00
deployment/file_processor/package/python/botocore/data/workdocs/2016-05-01/examples-1.json,100.00
deployment/file_processor/package/python/botocore/data/workdocs/2016-05-01/paginators-1.json,100.00
deployment/file_processor/package/python/botocore/data/workdocs/2016-05-01/service-2.json,100.00
deployment/file_processor/package/python/botocore/data/worklink/2018-09-25/examples-1.json,100.00
deployment/file_processor/package/python/botocore/data/worklink/2018-09-25/paginators-1.json,100.00
deployment/file_processor/package/python/botocore/data/worklink/2018-09-25/service-2.json,100.00
deployment/file_processor/package/python/botocore/data/workmail/2017-10-01/examples-1.json,100.00
deployment/file_processor/package/python/botocore/data/workmail/2017-10-01/paginators-1.json,100.00
deployment/file_processor/package/python/botocore/data/workmail/2017-10-01/service-2.json,100.00
deployment/file_processor/package/python/botocore/data/workmailmessageflow/2019-05-01/examples-1.json,100.00
deployment/file_processor/package/python/botocore/data/workmailmessageflow/2019-05-01/paginators-1.json,100.00
deployment/file_processor/package/python/botocore/data/workmailmessageflow/2019-05-01/service-2.json,100.00
deployment/file_processor/package/python/botocore/data/workspaces-web/2020-07-08/examples-1.json,100.00
deployment/file_processor/package/python/botocore/data/workspaces-web/2020-07-08/paginators-1.json,100.00
deployment/file_processor/package/python/botocore/data/workspaces-web/2020-07-08/service-2.json,100.00
deployment/file_processor/package/python/botocore/data/workspaces/2015-04-08/examples-1.json,100.00
deployment/file_processor/package/python/botocore/data/workspaces/2015-04-08/paginators-1.json,100.00
deployment/file_processor/package/python/botocore/data/workspaces/2015-04-08/service-2.json,100.00
deployment/file_processor/package/python/botocore/data/xray/2016-04-12/examples-1.json,100.00
deployment/file_processor/package/python/botocore/data/xray/2016-04-12/paginators-1.json,100.00
deployment/file_processor/package/python/botocore/data/xray/2016-04-12/service-2.json,100.00
deployment/file_processor/package/python/botocore/discovery.py,100.00
deployment/file_processor/package/python/botocore/docs/__init__.py,100.00
deployment/file_processor/package/python/botocore/docs/bcdoc/__init__.py,100.00
deployment/file_processor/package/python/botocore/docs/bcdoc/docstringparser.py,100.00
deployment/file_processor/package/python/botocore/docs/bcdoc/restdoc.py,100.00
deployment/file_processor/package/python/botocore/docs/bcdoc/style.py,100.00
deployment/file_processor/package/python/botocore/docs/client.py,100.00
deployment/file_processor/package/python/botocore/docs/docstring.py,100.00
deployment/file_processor/package/python/botocore/docs/example.py,100.00
deployment/file_processor/package/python/botocore/docs/method.py,100.00
deployment/file_processor/package/python/botocore/docs/paginator.py,100.00
deployment/file_processor/package/python/botocore/docs/params.py,100.00
deployment/file_processor/package/python/botocore/docs/service.py,100.00
deployment/file_processor/package/python/botocore/docs/shape.py,100.00
deployment/file_processor/package/python/botocore/docs/sharedexample.py,100.00
deployment/file_processor/package/python/botocore/docs/utils.py,100.00
deployment/file_processor/package/python/botocore/docs/waiter.py,100.00
deployment/file_processor/package/python/botocore/endpoint.py,100.00
deployment/file_processor/package/python/botocore/endpoint_provider.py,100.00
deployment/file_processor/package/python/botocore/errorfactory.py,100.00
deployment/file_processor/package/python/botocore/eventstream.py,100.00
deployment/file_processor/package/python/botocore/exceptions.py,100.00
deployment/file_processor/package/python/botocore/handlers.py,100.00
deployment/file_processor/package/python/botocore/history.py,100.00
deployment/file_processor/package/python/botocore/hooks.py,100.00
deployment/file_processor/package/python/botocore/httpchecksum.py,100.00
deployment/file_processor/package/python/botocore/httpsession.py,100.00
deployment/file_processor/package/python/botocore/loaders.py,100.00
deployment/file_processor/package/python/botocore/model.py,100.00
deployment/file_processor/package/python/botocore/monitoring.py,100.00
deployment/file_processor/package/python/botocore/paginate.py,100.00
deployment/file_processor/package/python/botocore/parsers.py,100.00
deployment/file_processor/package/python/botocore/regions.py,100.00
deployment/file_processor/package/python/botocore/response.py,100.00
deployment/file_processor/package/python/botocore/retries/__init__.py,100.00
deployment/file_processor/package/python/botocore/retries/adaptive.py,100.00
deployment/file_processor/package/python/botocore/retries/base.py,100.00
deployment/file_processor/package/python/botocore/retries/bucket.py,100.00
deployment/file_processor/package/python/botocore/retries/quota.py,100.00
deployment/file_processor/package/python/botocore/retries/special.py,100.00
deployment/file_processor/package/python/botocore/retries/standard.py,100.00
deployment/file_processor/package/python/botocore/retries/throttling.py,100.00
deployment/file_processor/package/python/botocore/retryhandler.py,100.00
deployment/file_processor/package/python/botocore/serialize.py,100.00
deployment/file_processor/package/python/botocore/session.py,100.00
deployment/file_processor/package/python/botocore/signers.py,100.00
deployment/file_processor/package/python/botocore/stub.py,100.00
deployment/file_processor/package/python/botocore/tokens.py,100.00
deployment/file_processor/package/python/botocore/translate.py,100.00
deployment/file_processor/package/python/botocore/utils.py,100.00
deployment/file_processor/package/python/botocore/validate.py,100.00
deployment/file_processor/package/python/botocore/vendored/requests/__init__.py,100.00
deployment/file_processor/package/python/botocore/vendored/requests/exceptions.py,100.00
deployment/file_processor/package/python/botocore/vendored/requests/packages/__init__.py,100.00
deployment/file_processor/package/python/botocore/vendored/requests/packages/urllib3/__init__.py,100.00
deployment/file_processor/package/python/botocore/vendored/requests/packages/urllib3/exceptions.py,100.00
deployment/file_processor/package/python/botocore/vendored/six.py,100.00
deployment/file_processor/package/python/botocore/waiter.py,100.00
deployment/file_processor/package/python/dateutil/__init__.py,100.00
deployment/file_processor/package/python/dateutil/_common.py,100.00
deployment/file_processor/package/python/dateutil/_version.py,100.00
deployment/file_processor/package/python/dateutil/easter.py,100.00
deployment/file_processor/package/python/dateutil/parser/__init__.py,100.00
deployment/file_processor/package/python/dateutil/parser/_parser.py,100.00
deployment/file_processor/package/python/dateutil/parser/isoparser.py,100.00
deployment/file_processor/package/python/dateutil/relativedelta.py,100.00
deployment/file_processor/package/python/dateutil/rrule.py,100.00
deployment/file_processor/package/python/dateutil/tz/__init__.py,100.00
deployment/file_processor/package/python/dateutil/tz/_common.py,100.00
deployment/file_processor/package/python/dateutil/tz/_factories.py,100.00
deployment/file_processor/package/python/dateutil/tz/tz.py,100.00
deployment/file_processor/package/python/dateutil/tz/win.py,100.00
deployment/file_processor/package/python/dateutil/tzwin.py,100.00
deployment/file_processor/package/python/dateutil/utils.py,100.00
deployment/file_processor/package/python/dateutil/zoneinfo/__init__.py,100.00
deployment/file_processor/package/python/dateutil/zoneinfo/rebuild.py,100.00
deployment/file_processor/package/python/future-0.18.3.dist-info/INSTALLER,100.00
deployment/file_processor/package/python/future-0.18.3.dist-info/LICENSE.txt,100.00
deployment/file_processor/package/python/future-0.18.3.dist-info/METADATA,100.00
deployment/file_processor/package/python/future-0.18.3.dist-info/RECORD,100.00
deployment/file_processor/package/python/future-0.18.3.dist-info/WHEEL,100.00
deployment/file_processor/package/python/future-0.18.3.dist-info/entry_points.txt,100.00
deployment/file_processor/package/python/future-0.18.3.dist-info/top_level.txt,100.00
deployment/file_processor/package/python/future/__init__.py,100.00
deployment/file_processor/package/python/future/backports/__init__.py,100.00
deployment/file_processor/package/python/future/backports/_markupbase.py,100.00
deployment/file_processor/package/python/future/backports/datetime.py,100.00
deployment/file_processor/package/python/future/backports/email/__init__.py,100.00
deployment/file_processor/package/python/future/backports/email/_encoded_words.py,100.00
deployment/file_processor/package/python/future/backports/email/_header_value_parser.py,100.00
deployment/file_processor/package/python/future/backports/email/_parseaddr.py,100.00
deployment/file_processor/package/python/future/backports/email/_policybase.py,100.00
deployment/file_processor/package/python/future/backports/email/base64mime.py,100.00
deployment/file_processor/package/python/future/backports/email/charset.py,100.00
deployment/file_processor/package/python/future/backports/email/encoders.py,100.00
deployment/file_processor/package/python/future/backports/email/errors.py,100.00
deployment/file_processor/package/python/future/backports/email/feedparser.py,100.00
deployment/file_processor/package/python/future/backports/email/generator.py,100.00
deployment/file_processor/package/python/future/backports/email/header.py,100.00
deployment/file_processor/package/python/future/backports/email/headerregistry.py,100.00
deployment/file_processor/package/python/future/backports/email/iterators.py,100.00
deployment/file_processor/package/python/future/backports/email/message.py,100.00
deployment/file_processor/package/python/future/backports/email/mime/application.py,100.00
deployment/file_processor/package/python/future/backports/email/mime/audio.py,100.00
deployment/file_processor/package/python/future/backports/email/mime/base.py,100.00
deployment/file_processor/package/python/future/backports/email/mime/image.py,100.00
deployment/file_processor/package/python/future/backports/email/mime/message.py,100.00
deployment/file_processor/package/python/future/backports/email/mime/multipart.py,100.00
deployment/file_processor/package/python/future/backports/email/mime/nonmultipart.py,100.00
deployment/file_processor/package/python/future/backports/email/mime/text.py,100.00
deployment/file_processor/package/python/future/backports/email/parser.py,100.00
deployment/file_processor/package/python/future/backports/email/policy.py,100.00
deployment/file_processor/package/python/future/backports/email/quoprimime.py,100.00
deployment/file_processor/package/python/future/backports/email/utils.py,100.00
deployment/file_processor/package/python/future/backports/html/__init__.py,100.00
deployment/file_processor/package/python/future/backports/html/entities.py,100.00
deployment/file_processor/package/python/future/backports/html/parser.py,100.00
deployment/file_processor/package/python/future/backports/http/client.py,100.00
deployment/file_processor/package/python/future/backports/http/cookiejar.py,100.00
deployment/file_processor/package/python/future/backports/http/cookies.py,100.00
deployment/file_processor/package/python/future/backports/http/server.py,100.00
deployment/file_processor/package/python/future/backports/misc.py,100.00
deployment/file_processor/package/python/future/backports/socket.py,100.00
deployment/file_processor/package/python/future/backports/socketserver.py,100.00
deployment/file_processor/package/python/future/backports/test/__init__.py,100.00
deployment/file_processor/package/python/future/backports/test/badcert.pem,100.00
deployment/file_processor/package/python/future/backports/test/badkey.pem,100.00
deployment/file_processor/package/python/future/backports/test/dh512.pem,100.00
deployment/file_processor/package/python/future/backports/test/https_svn_python_org_root.pem,100.00
deployment/file_processor/package/python/future/backports/test/keycert.passwd.pem,100.00
deployment/file_processor/package/python/future/backports/test/keycert.pem,100.00
deployment/file_processor/package/python/future/backports/test/keycert2.pem,100.00
deployment/file_processor/package/python/future/backports/test/nokia.pem,100.00
deployment/file_processor/package/python/future/backports/test/nullbytecert.pem,100.00
deployment/file_processor/package/python/future/backports/test/pystone.py,100.00
deployment/file_processor/package/python/future/backports/test/sha256.pem,100.00
deployment/file_processor/package/python/future/backports/test/ssl_cert.pem,100.00
deployment/file_processor/package/python/future/backports/test/ssl_key.passwd.pem,100.00
deployment/file_processor/package/python/future/backports/test/ssl_key.pem,100.00
deployment/file_processor/package/python/future/backports/test/ssl_servers.py,100.00
deployment/file_processor/package/python/future/backports/test/support.py,100.00
deployment/file_processor/package/python/future/backports/total_ordering.py,100.00
deployment/file_processor/package/python/future/backports/urllib/error.py,100.00
deployment/file_processor/package/python/future/backports/urllib/parse.py,100.00
deployment/file_processor/package/python/future/backports/urllib/request.py,100.00
deployment/file_processor/package/python/future/backports/urllib/response.py,100.00
deployment/file_processor/package/python/future/backports/urllib/robotparser.py,100.00
deployment/file_processor/package/python/future/backports/xmlrpc/__init__.py,100.00
deployment/file_processor/package/python/future/backports/xmlrpc/client.py,100.00
deployment/file_processor/package/python/future/backports/xmlrpc/server.py,100.00
deployment/file_processor/package/python/future/builtins/__init__.py,100.00
deployment/file_processor/package/python/future/builtins/disabled.py,100.00
deployment/file_processor/package/python/future/builtins/iterators.py,100.00
deployment/file_processor/package/python/future/builtins/misc.py,100.00
deployment/file_processor/package/python/future/builtins/new_min_max.py,100.00
deployment/file_processor/package/python/future/builtins/newnext.py,100.00
deployment/file_processor/package/python/future/builtins/newround.py,100.00
deployment/file_processor/package/python/future/builtins/newsuper.py,100.00
deployment/file_processor/package/python/future/moves/__init__.py,100.00
deployment/file_processor/package/python/future/moves/_dummy_thread.py,100.00
deployment/file_processor/package/python/future/moves/_markupbase.py,100.00
deployment/file_processor/package/python/future/moves/_thread.py,100.00
deployment/file_processor/package/python/future/moves/builtins.py,100.00
deployment/file_processor/package/python/future/moves/collections.py,100.00
deployment/file_processor/package/python/future/moves/configparser.py,100.00
deployment/file_processor/package/python/future/moves/copyreg.py,100.00
deployment/file_processor/package/python/future/moves/dbm/__init__.py,100.00
deployment/file_processor/package/python/future/moves/dbm/dumb.py,100.00
deployment/file_processor/package/python/future/moves/dbm/gnu.py,100.00
deployment/file_processor/package/python/future/moves/dbm/ndbm.py,100.00
deployment/file_processor/package/python/future/moves/html/__init__.py,100.00
deployment/file_processor/package/python/future/moves/html/entities.py,100.00
deployment/file_processor/package/python/future/moves/html/parser.py,100.00
deployment/file_processor/package/python/future/moves/http/__init__.py,100.00
deployment/file_processor/package/python/future/moves/http/client.py,100.00
deployment/file_processor/package/python/future/moves/http/cookiejar.py,100.00
deployment/file_processor/package/python/future/moves/http/cookies.py,100.00
deployment/file_processor/package/python/future/moves/http/server.py,100.00
deployment/file_processor/package/python/future/moves/itertools.py,100.00
deployment/file_processor/package/python/future/moves/pickle.py,100.00
deployment/file_processor/package/python/future/moves/queue.py,100.00
deployment/file_processor/package/python/future/moves/reprlib.py,100.00
deployment/file_processor/package/python/future/moves/socketserver.py,100.00
deployment/file_processor/package/python/future/moves/subprocess.py,100.00
deployment/file_processor/package/python/future/moves/sys.py,100.00
deployment/file_processor/package/python/future/moves/test/__init__.py,100.00
deployment/file_processor/package/python/future/moves/test/support.py,100.00
deployment/file_processor/package/python/future/moves/tkinter/__init__.py,100.00
deployment/file_processor/package/python/future/moves/tkinter/colorchooser.py,100.00
deployment/file_processor/package/python/future/moves/tkinter/commondialog.py,100.00
deployment/file_processor/package/python/future/moves/tkinter/constants.py,100.00
deployment/file_processor/package/python/future/moves/tkinter/dialog.py,100.00
deployment/file_processor/package/python/future/moves/tkinter/dnd.py,100.00
deployment/file_processor/package/python/future/moves/tkinter/filedialog.py,100.00
deployment/file_processor/package/python/future/moves/tkinter/font.py,100.00
deployment/file_processor/package/python/future/moves/tkinter/messagebox.py,100.00
deployment/file_processor/package/python/future/moves/tkinter/scrolledtext.py,100.00
deployment/file_processor/package/python/future/moves/tkinter/simpledialog.py,100.00
deployment/file_processor/package/python/future/moves/tkinter/tix.py,100.00
deployment/file_processor/package/python/future/moves/tkinter/ttk.py,100.00
deployment/file_processor/package/python/future/moves/urllib/__init__.py,100.00
deployment/file_processor/package/python/future/moves/urllib/error.py,100.00
deployment/file_processor/package/python/future/moves/urllib/parse.py,100.00
deployment/file_processor/package/python/future/moves/urllib/request.py,100.00
deployment/file_processor/package/python/future/moves/urllib/response.py,100.00
deployment/file_processor/package/python/future/moves/urllib/robotparser.py,100.00
deployment/file_processor/package/python/future/moves/winreg.py,100.00
deployment/file_processor/package/python/future/moves/xmlrpc/client.py,100.00
deployment/file_processor/package/python/future/moves/xmlrpc/server.py,100.00
deployment/file_processor/package/python/future/standard_library/__init__.py,100.00
deployment/file_processor/package/python/future/tests/base.py,100.00
deployment/file_processor/package/python/future/types/__init__.py,100.00
deployment/file_processor/package/python/future/types/newbytes.py,100.00
deployment/file_processor/package/python/future/types/newdict.py,100.00
deployment/file_processor/package/python/future/types/newint.py,100.00
deployment/file_processor/package/python/future/types/newlist.py,100.00
deployment/file_processor/package/python/future/types/newmemoryview.py,100.00
deployment/file_processor/package/python/future/types/newobject.py,100.00
deployment/file_processor/package/python/future/types/newopen.py,100.00
deployment/file_processor/package/python/future/types/newrange.py,100.00
deployment/file_processor/package/python/future/types/newstr.py,100.00
deployment/file_processor/package/python/future/utils/__init__.py,100.00
deployment/file_processor/package/python/future/utils/surrogateescape.py,100.00
deployment/file_processor/package/python/jmespath-1.0.1.dist-info/INSTALLER,100.00
deployment/file_processor/package/python/jmespath-1.0.1.dist-info/LICENSE.txt,100.00
deployment/file_processor/package/python/jmespath-1.0.1.dist-info/METADATA,100.00
deployment/file_processor/package/python/jmespath-1.0.1.dist-info/RECORD,100.00
deployment/file_processor/package/python/jmespath-1.0.1.dist-info/WHEEL,100.00
deployment/file_processor/package/python/jmespath-1.0.1.dist-info/top_level.txt,100.00
deployment/file_processor/package/python/jmespath/__init__.py,100.00
deployment/file_processor/package/python/jmespath/ast.py,100.00
deployment/file_processor/package/python/jmespath/compat.py,100.00
deployment/file_processor/package/python/jmespath/exceptions.py,100.00
deployment/file_processor/package/python/jmespath/functions.py,100.00
deployment/file_processor/package/python/jmespath/lexer.py,100.00
deployment/file_processor/package/python/jmespath/parser.py,100.00
deployment/file_processor/package/python/jmespath/visitor.py,100.00
deployment/file_processor/package/python/jsonpickle-1.3.dist-info/COPYING,100.00
deployment/file_processor/package/python/jsonpickle-1.3.dist-info/INSTALLER,100.00
deployment/file_processor/package/python/jsonpickle-1.3.dist-info/METADATA,100.00
deployment/file_processor/package/python/jsonpickle-1.3.dist-info/RECORD,100.00
deployment/file_processor/package/python/jsonpickle-1.3.dist-info/WHEEL,100.00
deployment/file_processor/package/python/jsonpickle-1.3.dist-info/top_level.txt,100.00
deployment/file_processor/package/python/jsonpickle/__init__.py,100.00
deployment/file_processor/package/python/jsonpickle/backend.py,100.00
deployment/file_processor/package/python/jsonpickle/compat.py,100.00
deployment/file_processor/package/python/jsonpickle/ext/numpy.py,100.00
deployment/file_processor/package/python/jsonpickle/ext/pandas.py,100.00
deployment/file_processor/package/python/jsonpickle/handlers.py,100.00
deployment/file_processor/package/python/jsonpickle/pickler.py,100.00
deployment/file_processor/package/python/jsonpickle/tags.py,100.00
deployment/file_processor/package/python/jsonpickle/unpickler.py,100.00
deployment/file_processor/package/python/jsonpickle/util.py,100.00
deployment/file_processor/package/python/jsonpickle/version.py,100.00
deployment/file_processor/package/python/libfuturize/__init__.py,100.00
deployment/file_processor/package/python/libfuturize/fixer_util.py,100.00
deployment/file_processor/package/python/libfuturize/fixes/__init__.py,100.00
deployment/file_processor/package/python/libfuturize/fixes/fix_UserDict.py,100.00
deployment/file_processor/package/python/libfuturize/fixes/fix_absolute_import.py,100.00
deployment/file_processor/package/python/libfuturize/fixes/fix_add__future__imports_except_unicode_literals.py,100.00
deployment/file_processor/package/python/libfuturize/fixes/fix_basestring.py,100.00
deployment/file_processor/package/python/libfuturize/fixes/fix_bytes.py,100.00
deployment/file_processor/package/python/libfuturize/fixes/fix_cmp.py,100.00
deployment/file_processor/package/python/libfuturize/fixes/fix_division.py,100.00
deployment/file_processor/package/python/libfuturize/fixes/fix_division_safe.py,100.00
deployment/file_processor/package/python/libfuturize/fixes/fix_execfile.py,100.00
deployment/file_processor/package/python/libfuturize/fixes/fix_future_builtins.py,100.00
deployment/file_processor/package/python/libfuturize/fixes/fix_future_standard_library.py,100.00
deployment/file_processor/package/python/libfuturize/fixes/fix_future_standard_library_urllib.py,100.00
deployment/file_processor/package/python/libfuturize/fixes/fix_input.py,100.00
deployment/file_processor/package/python/libfuturize/fixes/fix_metaclass.py,100.00
deployment/file_processor/package/python/libfuturize/fixes/fix_next_call.py,100.00
deployment/file_processor/package/python/libfuturize/fixes/fix_object.py,100.00
deployment/file_processor/package/python/libfuturize/fixes/fix_oldstr_wrap.py,100.00
deployment/file_processor/package/python/libfuturize/fixes/fix_order___future__imports.py,100.00
deployment/file_processor/package/python/libfuturize/fixes/fix_print.py,100.00
deployment/file_processor/package/python/libfuturize/fixes/fix_print_with_import.py,100.00
deployment/file_processor/package/python/libfuturize/fixes/fix_raise.py,100.00
deployment/file_processor/package/python/libfuturize/fixes/fix_remove_old__future__imports.py,100.00
deployment/file_processor/package/python/libfuturize/fixes/fix_unicode_keep_u.py,100.00
deployment/file_processor/package/python/libfuturize/fixes/fix_unicode_literals_import.py,100.00
deployment/file_processor/package/python/libfuturize/fixes/fix_xrange_with_import.py,100.00
deployment/file_processor/package/python/libfuturize/main.py,100.00
deployment/file_processor/package/python/libpasteurize/__init__.py,100.00
deployment/file_processor/package/python/libpasteurize/fixes/__init__.py,100.00
deployment/file_processor/package/python/libpasteurize/fixes/feature_base.py,100.00
deployment/file_processor/package/python/libpasteurize/fixes/fix_add_all__future__imports.py,100.00
deployment/file_processor/package/python/libpasteurize/fixes/fix_add_all_future_builtins.py,100.00
deployment/file_processor/package/python/libpasteurize/fixes/fix_add_future_standard_library_import.py,100.00
deployment/file_processor/package/python/libpasteurize/fixes/fix_annotations.py,100.00
deployment/file_processor/package/python/libpasteurize/fixes/fix_division.py,100.00
deployment/file_processor/package/python/libpasteurize/fixes/fix_features.py,100.00
deployment/file_processor/package/python/libpasteurize/fixes/fix_fullargspec.py,100.00
deployment/file_processor/package/python/libpasteurize/fixes/fix_future_builtins.py,100.00
deployment/file_processor/package/python/libpasteurize/fixes/fix_getcwd.py,100.00
deployment/file_processor/package/python/libpasteurize/fixes/fix_imports.py,100.00
deployment/file_processor/package/python/libpasteurize/fixes/fix_imports2.py,100.00
deployment/file_processor/package/python/libpasteurize/fixes/fix_kwargs.py,100.00
deployment/file_processor/package/python/libpasteurize/fixes/fix_memoryview.py,100.00
deployment/file_processor/package/python/libpasteurize/fixes/fix_metaclass.py,100.00
deployment/file_processor/package/python/libpasteurize/fixes/fix_newstyle.py,100.00
deployment/file_processor/package/python/libpasteurize/fixes/fix_next.py,100.00
deployment/file_processor/package/python/libpasteurize/fixes/fix_printfunction.py,100.00
deployment/file_processor/package/python/libpasteurize/fixes/fix_raise.py,100.00
deployment/file_processor/package/python/libpasteurize/fixes/fix_raise_.py,100.00
deployment/file_processor/package/python/libpasteurize/fixes/fix_throw.py,100.00
deployment/file_processor/package/python/libpasteurize/fixes/fix_unpacking.py,100.00
deployment/file_processor/package/python/libpasteurize/main.py,100.00
deployment/file_processor/package/python/past/__init__.py,100.00
deployment/file_processor/package/python/past/builtins/__init__.py,100.00
deployment/file_processor/package/python/past/builtins/misc.py,100.00
deployment/file_processor/package/python/past/builtins/noniterators.py,100.00
deployment/file_processor/package/python/past/translation/__init__.py,100.00
deployment/file_processor/package/python/past/types/__init__.py,100.00
deployment/file_processor/package/python/past/types/basestring.py,100.00
deployment/file_processor/package/python/past/types/olddict.py,100.00
deployment/file_processor/package/python/past/types/oldstr.py,100.00
deployment/file_processor/package/python/past/utils/__init__.py,100.00
deployment/file_processor/package/python/pydantic-1.10.7.dist-info/INSTALLER,100.00
deployment/file_processor/package/python/pydantic-1.10.7.dist-info/LICENSE,100.00
deployment/file_processor/package/python/pydantic-1.10.7.dist-info/METADATA,100.00
deployment/file_processor/package/python/pydantic-1.10.7.dist-info/RECORD,100.00
deployment/file_processor/package/python/pydantic-1.10.7.dist-info/WHEEL,100.00
deployment/file_processor/package/python/pydantic-1.10.7.dist-info/entry_points.txt,100.00
deployment/file_processor/package/python/pydantic-1.10.7.dist-info/top_level.txt,100.00
deployment/file_processor/package/python/pydantic/__init__.py,100.00
deployment/file_processor/package/python/pydantic/_hypothesis_plugin.py,100.00
deployment/file_processor/package/python/pydantic/annotated_types.py,100.00
deployment/file_processor/package/python/pydantic/class_validators.py,100.00
deployment/file_processor/package/python/pydantic/color.py,100.00
deployment/file_processor/package/python/pydantic/config.py,100.00
deployment/file_processor/package/python/pydantic/dataclasses.py,100.00
deployment/file_processor/package/python/pydantic/datetime_parse.py,100.00
deployment/file_processor/package/python/pydantic/decorator.py,100.00
deployment/file_processor/package/python/pydantic/env_settings.py,100.00
deployment/file_processor/package/python/pydantic/error_wrappers.py,100.00
deployment/file_processor/package/python/pydantic/errors.py,100.00
deployment/file_processor/package/python/pydantic/fields.py,100.00
deployment/file_processor/package/python/pydantic/generics.py,100.00
deployment/file_processor/package/python/pydantic/json.py,100.00
deployment/file_processor/package/python/pydantic/main.py,100.00
deployment/file_processor/package/python/pydantic/mypy.py,100.00
deployment/file_processor/package/python/pydantic/networks.py,100.00
deployment/file_processor/package/python/pydantic/parse.py,100.00
deployment/file_processor/package/python/pydantic/schema.py,100.00
deployment/file_processor/package/python/pydantic/tools.py,100.00
deployment/file_processor/package/python/pydantic/types.py,100.00
deployment/file_processor/package/python/pydantic/typing.py,100.00
deployment/file_processor/package/python/pydantic/utils.py,100.00
deployment/file_processor/package/python/pydantic/validators.py,100.00
deployment/file_processor/package/python/pydantic/version.py,100.00
deployment/file_processor/package/python/python_dateutil-2.8.2.dist-info/INSTALLER,100.00
deployment/file_processor/package/python/python_dateutil-2.8.2.dist-info/LICENSE,100.00
deployment/file_processor/package/python/python_dateutil-2.8.2.dist-info/METADATA,100.00
deployment/file_processor/package/python/python_dateutil-2.8.2.dist-info/RECORD,100.00
deployment/file_processor/package/python/python_dateutil-2.8.2.dist-info/WHEEL,100.00
deployment/file_processor/package/python/python_dateutil-2.8.2.dist-info/top_level.txt,100.00
deployment/file_processor/package/python/python_dateutil-2.8.2.dist-info/zip-safe,100.00
deployment/file_processor/package/python/six-1.16.0.dist-info/INSTALLER,100.00
deployment/file_processor/package/python/six-1.16.0.dist-info/LICENSE,100.00
deployment/file_processor/package/python/six-1.16.0.dist-info/METADATA,100.00
deployment/file_processor/package/python/six-1.16.0.dist-info/RECORD,100.00
deployment/file_processor/package/python/six-1.16.0.dist-info/WHEEL,100.00
deployment/file_processor/package/python/six-1.16.0.dist-info/top_level.txt,100.00
deployment/file_processor/package/python/six.py,100.00
deployment/file_processor/package/python/typing_extensions-4.5.0.dist-info/INSTALLER,100.00
deployment/file_processor/package/python/typing_extensions-4.5.0.dist-info/LICENSE,100.00
deployment/file_processor/package/python/typing_extensions-4.5.0.dist-info/METADATA,100.00
deployment/file_processor/package/python/typing_extensions-4.5.0.dist-info/RECORD,100.00
deployment/file_processor/package/python/typing_extensions-4.5.0.dist-info/WHEEL,100.00
deployment/file_processor/package/python/typing_extensions.py,100.00
deployment/file_processor/package/python/urllib3-1.26.15.dist-info/INSTALLER,100.00
deployment/file_processor/package/python/urllib3-1.26.15.dist-info/LICENSE.txt,100.00
deployment/file_processor/package/python/urllib3-1.26.15.dist-info/METADATA,100.00
deployment/file_processor/package/python/urllib3-1.26.15.dist-info/RECORD,100.00
deployment/file_processor/package/python/urllib3-1.26.15.dist-info/WHEEL,100.00
deployment/file_processor/package/python/urllib3-1.26.15.dist-info/top_level.txt,100.00
deployment/file_processor/package/python/urllib3/__init__.py,100.00
deployment/file_processor/package/python/urllib3/_collections.py,100.00
deployment/file_processor/package/python/urllib3/_version.py,100.00
deployment/file_processor/package/python/urllib3/connection.py,100.00
deployment/file_processor/package/python/urllib3/connectionpool.py,100.00
deployment/file_processor/package/python/urllib3/contrib/_appengine_environ.py,100.00
deployment/file_processor/package/python/urllib3/contrib/_securetransport/bindings.py,100.00
deployment/file_processor/package/python/urllib3/contrib/_securetransport/low_level.py,100.00
deployment/file_processor/package/python/urllib3/contrib/appengine.py,100.00
deployment/file_processor/package/python/urllib3/contrib/ntlmpool.py,100.00
deployment/file_processor/package/python/urllib3/contrib/pyopenssl.py,100.00
deployment/file_processor/package/python/urllib3/contrib/securetransport.py,100.00
deployment/file_processor/package/python/urllib3/contrib/socks.py,100.00
deployment/file_processor/package/python/urllib3/exceptions.py,100.00
deployment/file_processor/package/python/urllib3/fields.py,100.00
deployment/file_processor/package/python/urllib3/filepost.py,100.00
deployment/file_processor/package/python/urllib3/packages/backports/makefile.py,100.00
deployment/file_processor/package/python/urllib3/packages/six.py,100.00
deployment/file_processor/package/python/urllib3/poolmanager.py,100.00
deployment/file_processor/package/python/urllib3/request.py,100.00
deployment/file_processor/package/python/urllib3/response.py,100.00
deployment/file_processor/package/python/urllib3/util/__init__.py,100.00
deployment/file_processor/package/python/urllib3/util/connection.py,100.00
deployment/file_processor/package/python/urllib3/util/proxy.py,100.00
deployment/file_processor/package/python/urllib3/util/queue.py,100.00
deployment/file_processor/package/python/urllib3/util/request.py,100.00
deployment/file_processor/package/python/urllib3/util/response.py,100.00
deployment/file_processor/package/python/urllib3/util/retry.py,100.00
deployment/file_processor/package/python/urllib3/util/ssl_.py,100.00
deployment/file_processor/package/python/urllib3/util/ssl_match_hostname.py,100.00
deployment/file_processor/package/python/urllib3/util/ssltransport.py,100.00
deployment/file_processor/package/python/urllib3/util/timeout.py,100.00
deployment/file_processor/package/python/urllib3/util/url.py,100.00
deployment/file_processor/package/python/urllib3/util/wait.py,100.00
deployment/file_processor/package/python/wrapt-1.15.0.dist-info/INSTALLER,100.00
deployment/file_processor/package/python/wrapt-1.15.0.dist-info/LICENSE,100.00
deployment/file_processor/package/python/wrapt-1.15.0.dist-info/METADATA,100.00
deployment/file_processor/package/python/wrapt-1.15.0.dist-info/RECORD,100.00
deployment/file_processor/package/python/wrapt-1.15.0.dist-info/WHEEL,100.00
deployment/file_processor/package/python/wrapt-1.15.0.dist-info/top_level.txt,100.00
deployment/file_processor/package/python/wrapt/__init__.py,100.00
deployment/file_processor/package/python/wrapt/arguments.py,100.00
deployment/file_processor/package/python/wrapt/decorators.py,100.00
deployment/file_processor/package/python/wrapt/importer.py,100.00
deployment/file_processor/package/python/wrapt/wrappers.py,100.00
deployment/file_processor/.gitignore,100.00
deployment/file_processor/function/harmony/parser.py,100.00
deployment/file_processor/function/harmony/parsing/excel_instrument_extractor.py,100.00
deployment/file_processor/function/harmony/parsing/excel_to_pandas.py,100.00
deployment/file_processor/function/harmony/parsing/pdf_instrument_extractor.py,100.00
deployment/file_processor/function/harmony/parsing/text_instrument_extractor.py,100.00
deployment/file_processor/function/harmony/parsing/tika_wrapper.py,100.00
deployment/file_processor/function/harmony/schemas/enums/file_types.py,100.00
deployment/file_processor/function/harmony/schemas/enums/languages.py,100.00
deployment/file_processor/function/harmony/schemas/errors/base.py,100.00
deployment/file_processor/function/harmony/schemas/exceptions/base.py,100.00
deployment/file_processor/function/harmony/schemas/requests/text.py,100.00
deployment/file_processor/function/harmony/schemas/responses/text.py,100.00
deployment/text_to_instruments_lambda_python/0-run-tests.sh,100.00
deployment/text_to_instruments_lambda_python/1-create-bucket.sh,100.00
deployment/text_to_instruments_lambda_python/2-build-layer.sh,100.00
deployment/text_to_instruments_lambda_python/3-deploy.sh,100.00
deployment/text_to_instruments_lambda_python/4-invoke.sh,100.00
deployment/text_to_instruments_lambda_python/5-cleanup.sh,100.00
deployment/text_to_instruments_lambda_python/README.md,100.00
deployment/text_to_instruments_lambda_python/event.json,100.00
deployment/text_to_instruments_lambda_python/function/harmony/parser.py,100.00
deployment/text_to_instruments_lambda_python/function/harmony/parsing/excel_instrument_extractor.py,100.00
deployment/text_to_instruments_lambda_python/function/harmony/parsing/excel_to_pandas.py,100.00
deployment/text_to_instruments_lambda_python/function/harmony/parsing/pdf_instrument_extractor.py,100.00
deployment/text_to_instruments_lambda_python/function/harmony/parsing/text_instrument_extractor.py,100.00
deployment/text_to_instruments_lambda_python/function/harmony/parsing/tika_wrapper.py,100.00
deployment/text_to_instruments_lambda_python/function/harmony/schemas/enums/file_types.py,100.00
deployment/text_to_instruments_lambda_python/function/harmony/schemas/enums/languages.py,100.00
deployment/text_to_instruments_lambda_python/function/harmony/schemas/errors/base.py,100.00
deployment/text_to_instruments_lambda_python/function/harmony/schemas/exceptions/base.py,100.00
deployment/text_to_instruments_lambda_python/function/harmony/schemas/requests/text.py,100.00
deployment/text_to_instruments_lambda_python/function/harmony/schemas/responses/text.py,100.00
deployment/text_to_instruments_lambda_python/function/lambda_function.py,100.00
deployment/text_to_instruments_lambda_python/function/lambda_function.test.py,100.00
deployment/text_to_instruments_lambda_python/function/requirements.txt,100.00
deployment/text_to_instruments_lambda_python/out.yml,100.00
deployment/text_to_instruments_lambda_python/template.yml,100.00
.github/workflows/release.yml,75.00
.github/workflows/test.yml,91.30
harmony_pypi_package/LICENSE,100.00
harmony_pypi_package/MANIFEST.in,100.00
harmony_pypi_package/README.md,100.00
harmony_pypi_package/pyproject.toml,100.00
harmony_pypi_package/setup.cfg,100.00
harmony_pypi_package/setup.py,100.00
harmony_pypi_package/src/harmony/__init__.py,100.00
harmony_pypi_package/src/harmony/harmony.py,100.00
harmony_pypi_package/tests/test_module1.py,100.00
harmony_pypi_package/tox.ini,100.00
.gitignore,97.04
deployment/text_to_instruments_lambda_python/.gitignore,100.00
harmony_pypi_package/.gitignore,100.00
harmony_pypi_package/src/harmony/parsing/excel_parser.py,100.00
harmony_pypi_package/src/harmony/parsing/pdf_parser.py,100.00
harmony_pypi_package/src/harmony/parsing/text_parser.py,100.00
harmony_pypi_package/src/harmony/parsing/util/excel_to_pandas.py,100.00
harmony_pypi_package/src/harmony/parsing/util/tika_wrapper.py,100.00
harmony_pypi_package/src/harmony/schemas/enums/file_types.py,100.00
harmony_pypi_package/src/harmony/schemas/enums/languages.py,100.00
harmony_pypi_package/src/harmony/schemas/errors/base.py,100.00
harmony_pypi_package/src/harmony/schemas/exceptions/base.py,100.00
harmony_pypi_package/src/harmony/schemas/requests/text.py,100.00
harmony_pypi_package/src/harmony/schemas/responses/text.py,100.00
harmony_pypi_package/tests/test_convert_pdf.py,100.00
harmony_pypi_package/src/harmony/parsing/wrapper_all_parsers.py,100.00
harmony_pypi_package/tests/test_convert_excel_openpyxl.py,100.00
harmony_pypi_package/tests/test_convert_excel_xlsxwriter.py,100.00
harmony_pypi_package/tests/test_convert_text.py,100.00
deployment/text_to_instruments_lambda_python/function/test_lambda_function.py,100.00
deployment/scikit-learn-inference-docker-lambda/.gitignore,100.00
deployment/scikit-learn-inference-docker-lambda/Dockerfile,100.00
deployment/scikit-learn-inference-docker-lambda/README.md,100.00
deployment/scikit-learn-inference-docker-lambda/app/app.py,100.00
deployment/scikit-learn-inference-docker-lambda/build.sh,100.00
deployment/scikit-learn-inference-docker-lambda/requirements.txt,100.00
deployment/scikit-learn-inference-docker-lambda/template.yaml,100.00
deployment/file_to_instruments_lambda_python/deploy_cdk.py,100.00
deployment/scikit-learn-inference-docker-lambda/deploy.sh,100.00
deployment/pdf_processor_tika_aws_lambda_java/template-mvn.yml,100.00
deployment/scikit-learn-inference-docker-lambda/app/test_lambda_function.py,100.00
deployment/matcher-lambda/.gitignore,100.00
deployment/matcher-lambda/0-run-tests.sh,100.00
deployment/matcher-lambda/1-create-bucket.sh,100.00
deployment/matcher-lambda/2-add-deps.sh,100.00
deployment/matcher-lambda/3-deploy.sh,100.00
deployment/matcher-lambda/4-invoke.sh,100.00
deployment/matcher-lambda/5-cleanup.sh,100.00
deployment/matcher-lambda/README.md,100.00
deployment/matcher-lambda/function/lambda_function.py,100.00
deployment/matcher-lambda/function/requirements.txt,100.00
deployment/matcher-lambda/function/typing_extensions.py,100.00
deployment/matcher-lambda/out.yml,100.00
deployment/matcher-lambda/template.yml,100.00
deployment/file_processor_docker_lambda/README.md,100.00
deployment/file_processor_docker_lambda/app/app.py,100.00
deployment/file_processor_docker_lambda/template.yaml,100.00
deployment/matcher_lambda/.gitignore,100.00
deployment/matcher_lambda/0-run-tests.sh,100.00
deployment/matcher_lambda/2-add-deps.sh,100.00
deployment/matcher_lambda/3-deploy.sh,100.00
deployment/matcher_lambda/4-invoke.sh,100.00
deployment/matcher_lambda/README.md,100.00
deployment/matcher_lambda/function/lambda_function.py,100.00
deployment/matcher_lambda/function/requirements.txt,100.00
deployment/matcher_lambda/template.yml,100.00
deployment/pdf_processor_tika_lambda_java/.gitignore,100.00
deployment/pdf_processor_tika_lambda_java/2-deploy.sh,100.00
deployment/pdf_processor_tika_lambda_java/3-invoke.sh,100.00
deployment/pdf_processor_tika_lambda_java/4-cleanup.sh,100.00
deployment/pdf_processor_tika_lambda_java/README.md,100.00
deployment/pdf_processor_tika_lambda_java/pom.xml,100.00
deployment/pdf_processor_tika_lambda_java/template-mvn.yml,100.00
deployment/transformer_llm_huggingface_lambda/README.md,100.00
deployment/transformer_llm_huggingface_lambda/app.py,100.00
deployment/transformer_llm_huggingface_lambda/inference/Dockerfile,100.00
harmony_pypi_package/src/harmony/matching/__init__.py,100.00
harmony_pypi_package/src/harmony/matching/matcher.py,100.00
.github/workflows/deploy_fastapi_to_azure.yml,100.00
deployment/file_processor_docker_lambda/app/test_file_processor_lambda.py,100.00
deployment/matcher_lambda/function/test_matcher_lambda.py,100.00
deployment/pdf_processor_tika_lambda_java/src/main/java/harmony/HandlerPDF.java,100.00
harmony_fastapi/Dockerfile,100.00
harmony_fastapi/LICENSE,100.00
harmony_fastapi/README.md,100.00
harmony_fastapi/build_deploy.sh,100.00
harmony_fastapi/core/logger.py,100.00
harmony_fastapi/core/settings.py,100.00
harmony_fastapi/docs/generate_tiny_example_pdf.py,100.00
harmony_fastapi/docs/generate_tiny_example_xlsx.py,100.00
harmony_fastapi/docs/index.html,100.00
harmony_fastapi/main.py,100.00
harmony_fastapi/requirements.txt,100.00
harmony_fastapi/routers/health_check_router.py,100.00
harmony_fastapi/routers/info_router.py,100.00
harmony_fastapi/routers/text_router.py,100.00
harmony_fastapi/run_docker_container.sh,100.00
harmony_pypi_package/src/harmony/matching/default_matcher.py,100.00
harmony_fastapi/.gitignore,100.00
images/generate_diagram.py,100.00
images/generate_diagram_aws.py,100.00
LICENSE,100.00
deployment/pdf_processor_tika_lambda_java/src/test/java/harmony/TestHandlerPDF.java,100.00
deployment/pdf_processor_tika_lambda_java/tiny_pdf.json,100.00
deployment/matcher_lambda/example_to_match.json,100.00
.github/workflows/deploy-matcher-to-aws-lambda.yml,100.00
deployment/optional_transformer_llm_huggingface_lambda/README.md,100.00
deployment/optional_transformer_llm_huggingface_lambda/inference/vectorisation.py,100.00
deployment/matcher_lambda/tmp,100.00
deployment/matcher_lambda/function/mhc_all_metadatas.json,100.00
deployment/matcher_lambda/function/mhc_questions.json,100.00
.github/workflows/deploy-file-processor-to-aws-lambda.yml,100.00
.github/workflows/deploy-pdf-tika-parser-to-aws-lambda.yml,100.00
deployment/pdf_processor_tika_lambda_java/template.yml,100.00
deployment/pdf_processor_tika_lambda_java/src/test/java/harmony/TestContext.java,100.00
deployment/pdf_processor_tika_lambda_java/src/test/java/harmony/TestLogger.java,100.00
deployment/README.md,100.00
deployment/step_function_express_state_machine.json,100.00
deployment/terraform/efs.tf,100.00
deployment/terraform/lambda.tf,100.00
deployment/terraform/network.tf,100.00
deployment/terraform/root.tf,100.00
deployment/terraform/security.tf,100.00
deployment/terraform/state_machine.tf,100.00
deployment/terraform/terraform_import.sh,100.00
deployment/file_processor_docker_lambda/tmp,100.00
serverless_deployment/README.md,100.00
serverless_deployment/terraform/root.tf,100.00
harmony_pypi_package/src/harmony/parsing/text_extraction/options_extractor.py,100.00
harmony_pypi_package/src/harmony/parsing/text_extraction/options_words.py,100.00
harmony_pypi_package/src/harmony/parsing/text_extraction/sequence_finder.py,100.00
harmony_pypi_package/src/harmony/parsing/text_extraction/smart_document_parser.py,100.00
harmony_pypi_package/src/harmony/parsing/text_extraction/spacy_options_matcher.py,100.00
harmony_pypi_package/src/harmony/parsing/text_extraction/spacy_wrapper.py,100.00
harmony_pypi_package/release.sh,100.00
harmony_pypi_package/src/harmony/util/file_helper.py,100.00
MANIFEST.in,100.00
pyproject.toml,61.16
setup.py,53.52
src/harmony/__init__.py,100.00
src/harmony/matching/__init__.py,100.00
src/harmony/matching/default_matcher.py,44.29
src/harmony/matching/matcher.py,48.76
src/harmony/parsing/__init__.py,100.00
src/harmony/parsing/excel_parser.py,88.89
src/harmony/parsing/pdf_parser.py,100.00
src/harmony/parsing/text_extraction/__init__.py,100.00
src/harmony/parsing/text_extraction/options_extractor.py,100.00
src/harmony/parsing/text_extraction/options_words.py,100.00
src/harmony/parsing/text_extraction/sequence_finder.py,100.00
src/harmony/parsing/text_extraction/smart_document_parser.py,100.00
src/harmony/parsing/text_extraction/spacy_options_matcher.py,100.00
src/harmony/parsing/text_extraction/spacy_wrapper.py,100.00
src/harmony/parsing/text_parser.py,86.49
src/harmony/parsing/util/__init__.py,59.09
src/harmony/parsing/util/excel_to_pandas.py,100.00
src/harmony/parsing/util/tika_wrapper.py,100.00
src/harmony/parsing/wrapper_all_parsers.py,66.28
src/harmony/schemas/__init__.py,100.00
src/harmony/schemas/enums/__init__.py,100.00
src/harmony/schemas/enums/file_types.py,100.00
src/harmony/schemas/enums/languages.py,100.00
src/harmony/schemas/errors/__init__.py,100.00
src/harmony/schemas/errors/base.py,100.00
src/harmony/schemas/exceptions/__init__.py,100.00
src/harmony/schemas/exceptions/base.py,100.00
src/harmony/schemas/requests/__init__.py,100.00
src/harmony/schemas/requests/text.py,56.94
src/harmony/schemas/responses/__init__.py,100.00
src/harmony/schemas/responses/text.py,75.15
src/harmony/util/__init__.py,100.00
src/harmony/util/file_helper.py,100.00
tests/__init__.py,100.00
tests/test_convert_excel_openpyxl.py,96.77
tests/test_convert_excel_xlsxwriter.py,96.77
tests/test_convert_pdf.py,97.22
tests/test_convert_text.py,73.50
tox.ini,100.00
src/harmony/matching/negator.py,61.76
src/harmony/parsing/text_extraction/crf_extractor.py,100.00
src/harmony/parsing/text_extraction/dictionary_based_extractor.py,100.00
src/harmony/parsing/text_extraction/ensemble_named_entity_recogniser.py,100.00
src/harmony/parsing/text_extraction/rule_based_extractor.py,100.00
src/harmony/parsing/text_extraction/spacy_ner_extractor.py,100.00
src/harmony/parsing/text_extraction/smart_table_analyser.py,100.00
src/harmony/parsing/util/camelot_wrapper.py,100.00
src/harmony/parsing/util/tesseract_wrapper.py,100.00
src/harmony/parsing/text_extraction/dictionary_options_matcher.py,100.00
requirements.txt,94.59
src/harmony/util/model_helper.py,100.00
src/harmony/util/model_downloader.py,100.00
example_questionnaires.json,100.00
src/harmony/examples.py,99.97
src/harmony/services/__init__.py,100.00
src/harmony/services/instruments_cache.py,100.00
src/harmony/util/cache_heper.py,100.00
src/harmony/util/singleton_meta.py,100.00
src/harmony/schemas/text_vector.py,72.97
src/harmony_test.py,79.31
CITATION.cff,100.00
Harmony_example_walkthrough.ipynb,100.00
Pipfile,100.00
Pipfile.lock,100.00
src/log.txt,100.00
src/harmony/matching/matcher_utils.py,100.00
src/mhc_data/mhc_all_metadatas.json,100.00
src/mhc_data/mhc_questions.json,100.00
src/sim_with_polarity.txt,100.00
src/harmony/matching/wmd_matcher.py,100.00
tests/test_match.py,98.91
tests/test_negator.py,56.86
CONTRIBUTING.md,100.00
update.ipynb,100.00
.github/ISSUE_TEMPLATE/bug-report.md,92.86
.github/ISSUE_TEMPLATE/feature-request.md,100.00
.github/PULL_REQUEST_TEMPLATE.md,78.00
tests/test_match_mhc.py,100.00
src/harmony/schemas/catalogue_instrument.py,100.00
src/harmony/schemas/catalogue_question.py,100.00
src/harmony/util/instrument_helper.py,98.72
tests/test_create_instrument_from_list.py,100.00
tests/test_pdf_tables.py,96.00
src/harmony/parsing/util/feature_extraction.py,100.00
tests/test_batch.py,95.59
src/harmony/matching/generate_crosswalk_table.py,62.50
tests/test_crosswalk.py,61.21
tests/test_batching_in_matcher.py,96.55
src/harmony/matching/cluster.py,63.32
tests/test_cluster.py,52.88
tests/test_match_negative_polarity.py,100.00
src/harmony/matching/instrument_to_instrument_similarity.py,100.00
tests/test_instrument_to_instrument_similarity.py,100.00
src/harmony/matching/match_groups.py,100.00
src/harmony/matching/deterministic_clustering.py,64.86
tests/test_deterministic_clustering.py,100.00
