file,author1,author2,time1,time2
.bumpversion.cfg,GitHub Action,Jeremy Tuloup,2022-03-01 07:20:17+00:00,2022-03-01 08:39:53+01:00
.bumpversion.cfg,Steven Silvester,GitHub Action,2022-06-13 10:19:48-05:00,2022-06-14 02:23:33+00:00
.github/jupyterlab-probot.yml,RRosio,pre-commit-ci[bot],2022-08-04 14:49:39-07:00,2022-08-04 22:04:55+00:00
.github/workflows/auto_author_assign.yml,Diogo Teles Sant'Anna,dependabot[bot],2023-09-25 10:45:23+02:00,2023-09-25 13:25:07+02:00
.github/workflows/build.yml,Steven Silvester,Jeremy Tuloup,2022-10-16 19:54:40-05:00,2022-10-17 14:44:18+02:00
.github/workflows/check-release.yml,Steven Silvester,Jeremy Tuloup,2022-10-16 19:54:40-05:00,2022-10-17 14:44:18+02:00
.github/workflows/upgrade-jupyterlab-dependencies.yml,Jeremy Tuloup,dependabot[bot],2024-12-23 09:11:52+01:00,2024-12-23 09:37:52+01:00
.gitignore,Kyle Kelley,Jonathan Frederic,2015-08-26 14:05:14-07:00,2015-08-26 14:06:10-07:00
.gitignore,Jonathan Frederic,Matthias Bussonnier,2015-08-26 14:06:11-07:00,2015-08-27 09:00:15+02:00
.gitpod.yml,Jeremy Tuloup,pre-commit-ci[bot],2022-08-29 08:44:35+02:00,2022-08-29 06:45:21+00:00
.gitpod.yml,pre-commit-ci[bot],Jeremy Tuloup,2022-08-29 06:45:21+00:00,2022-08-29 06:57:30+00:00
.jshintrc,Jonathan Frederic,Matthias Bussonnier,2015-08-26 14:06:13-07:00,2015-08-27 09:00:15+02:00
.pre-commit-config.yaml,Steven Silvester,pre-commit-ci[bot],2022-10-16 19:28:25-05:00,2022-10-18 00:11:41+00:00
.pre-commit-config.yaml,pre-commit-ci[bot],Jeremy Tuloup,2022-11-29 10:13:18+01:00,2022-11-29 13:54:39+01:00
.pre-commit-config.yaml,pre-commit-ci[bot],Steven Silvester,2023-11-09 13:25:39-06:00,2023-11-10 01:53:11+00:00
.pre-commit-config.yaml,Nicolas Brichet,pre-commit-ci[bot],2023-12-04 15:52:03+01:00,2023-12-05 09:18:09+01:00
.pre-commit-config.yaml,Jeremy Tuloup,pre-commit-ci[bot],2024-02-05 18:39:40+01:00,2024-02-05 22:09:01+01:00
.pre-commit-config.yaml,Jeremy Tuloup,github-actions[bot],2024-12-20 22:15:34+01:00,2024-12-21 09:22:04+01:00
.pre-commit-config.yaml,github-actions[bot],Jeremy Tuloup,2024-12-21 09:22:04+01:00,2024-12-21 20:33:53+01:00
.travis.yml,Ioannis Papadopoulos,Michael Pacer,2017-03-13 21:57:29+01:00,2017-03-13 14:38:03-07:00
.travis.yml,Thomas Kluyver,Matthias Bussonnier,2018-01-17 11:03:04+00:00,2018-01-17 07:39:54-08:00
.travis.yml,Matthias Bussonnier,Min RK,2018-09-16 23:04:10+02:00,2018-09-17 10:33:22+02:00
.travis.yml,Matthias Bussonnier,Arjun Radhakrishna,2018-09-26 11:36:31-07:00,2018-09-26 16:41:25-07:00
CHANGELOG.md,Afshin Taylor Darian,Steven Silvester,2021-05-12 11:04:31-05:00,2021-05-12 13:17:35-05:00
CHANGELOG.md,GitHub Action,Jeremy Tuloup,2021-08-30 14:20:12+00:00,2021-08-30 17:02:35+02:00
CHANGELOG.md,GitHub Action,Jeremy Tuloup,2022-02-28 19:24:22+00:00,2022-03-01 16:35:13+01:00
CHANGELOG.md,Steven Silvester,GitHub Action,2022-03-09 08:39:31-06:00,2022-03-09 15:44:05+00:00
CHANGELOG.md,GitHub Action,Jeremy Tuloup,2022-10-13 07:31:08+00:00,2022-10-13 09:36:12+02:00
CHANGELOG.md,Jeremy Tuloup,jtpio,2024-05-16 15:53:27+02:00,2024-05-16 14:09:18+00:00
CHANGELOG.md,Jeremy Tuloup,jtpio,2024-10-24 18:10:02+02:00,2024-10-24 16:26:26+00:00
CHANGELOG.md,Jeremy Tuloup,jtpio,2024-12-04 09:42:37+01:00,2024-12-04 08:58:32+00:00
CHANGELOG.md,jtpio,brichet,2024-12-04 08:58:32+00:00,2024-12-04 16:09:57+00:00
CONTRIBUTING.rst,Matthias Geier,Carol Willing,2016-03-24 18:48:23+01:00,2016-03-24 15:13:48-07:00
CONTRIBUTING.rst,Peter Parente,Carol Willing,2016-07-05 11:10:52-04:00,2016-07-05 21:35:11-07:00
CONTRIBUTING.rst,Rosa Swaby,danagilliann,2018-04-10 11:38:02-04:00,2018-04-10 11:40:08-04:00
CONTRIBUTING.rst,danagilliann,Rosa Swaby,2018-04-10 11:46:04-04:00,2018-04-10 11:48:10-04:00
Dockerfile,Kyle Kelley,MinRK,2014-09-24 16:12:22-07:00,2014-09-24 16:14:14-07:00
Dockerfile,MinRK,Kyle Kelley,2014-09-24 16:14:14-07:00,2014-09-25 02:49:27+00:00
IPython/frontend/html/notebook/clustermanager.py,Brian Granger,MinRK,2012-03-08 11:31:04-08:00,2012-03-08 12:21:51-08:00
IPython/frontend/html/notebook/handlers.py,Brian E. Granger,MinRK,2011-10-18 17:55:25-07:00,2011-10-18 17:55:25-07:00
IPython/frontend/html/notebook/handlers.py,MinRK,Brian E. Granger,2011-10-18 17:55:25-07:00,2011-10-18 17:55:25-07:00
IPython/frontend/html/notebook/handlers.py,Brian E. Granger,MinRK,2011-10-18 17:55:27-07:00,2011-10-18 18:10:22-07:00
IPython/frontend/html/notebook/handlers.py,MinRK,Brian E. Granger,2011-10-18 18:10:22-07:00,2011-10-18 18:11:14-07:00
IPython/frontend/html/notebook/handlers.py,Fernando Perez,MinRK,2011-10-30 13:12:12-07:00,2011-10-30 22:57:51-07:00
IPython/frontend/html/notebook/handlers.py,Mikhail Korobov,Brian E. Granger,2013-01-17 02:51:06+06:00,2013-01-16 13:58:27-08:00
IPython/frontend/html/notebook/handlers.py,Bussonnier Matthias,Matthias BUSSONNIER,2013-01-26 11:05:34+01:00,2013-01-26 11:05:36+01:00
IPython/frontend/html/notebook/handlers.py,MinRK,Matthias BUSSONNIER,2013-01-29 15:17:07-08:00,2013-01-30 18:54:31+01:00
IPython/frontend/html/notebook/handlers.py,Brian E. Granger,Brian Granger,2013-04-23 21:47:42-07:00,2013-04-23 21:47:43-07:00
IPython/frontend/html/notebook/handlers.py,Brian Granger,MinRK,2013-04-23 21:47:43-07:00,2013-04-23 21:47:45-07:00
IPython/frontend/html/notebook/kernelmanager.py,Brian Granger,Brian E. Granger,2011-07-20 20:42:32-07:00,2011-07-20 20:42:34-07:00
IPython/frontend/html/notebook/kernelmanager.py,Brian E. Granger,Brian Granger,2013-01-16 13:58:29-08:00,2013-01-16 14:53:34-08:00
IPython/frontend/html/notebook/kernelmanager.py,Brian Granger,Brian E. Granger,2013-01-16 14:53:34-08:00,2013-01-16 19:45:27-08:00
IPython/frontend/html/notebook/kernelmanager.py,Brian E. Granger,MinRK,2013-04-23 21:47:42-07:00,2013-04-23 21:47:45-07:00
IPython/frontend/html/notebook/notebookapp.py,Satrajit Ghosh,MinRK,2011-08-29 21:36:39+03:00,2011-08-30 11:24:52-07:00
IPython/frontend/html/notebook/notebookapp.py,MinRK,Thomas Kluyver,2011-10-16 19:56:47-07:00,2011-10-17 22:33:02+01:00
IPython/frontend/html/notebook/notebookapp.py,Brian E. Granger,MinRK,2011-10-18 17:55:26-07:00,2011-10-18 22:12:09-07:00
IPython/frontend/html/notebook/notebookapp.py,MinRK,Fernando Perez,2011-10-27 23:23:34-07:00,2011-10-27 23:52:36-07:00
IPython/frontend/html/notebook/notebookapp.py,Fernando Perez,MinRK,2011-10-27 23:52:36-07:00,2011-10-28 14:45:41-07:00
IPython/frontend/html/notebook/notebookapp.py,Stefan van der Walt,Fernando Perez,2011-11-18 16:59:48-08:00,2011-11-18 20:20:57-08:00
IPython/frontend/html/notebook/notebookapp.py,Puneeth Chaganti,MinRK,2012-05-07 10:27:25+05:30,2012-05-07 13:18:29-07:00
IPython/frontend/html/notebook/notebookapp.py,Bradley M. Froehle,MinRK,2012-06-22 17:39:15-07:00,2012-06-23 12:34:16-07:00
IPython/frontend/html/notebook/notebookapp.py,W. Trevor King,Bussonnier Matthias,2013-01-25 14:45:39-05:00,2013-01-26 11:01:28+01:00
IPython/frontend/html/notebook/notebookapp.py,Bussonnier Matthias,Matthias BUSSONNIER,2013-01-26 11:01:28+01:00,2013-01-26 11:05:35+01:00
IPython/frontend/html/notebook/notebookapp.py,MinRK,Paul Ivanov,2013-03-23 13:30:45-07:00,2013-03-24 10:53:59-07:00
IPython/frontend/html/notebook/notebookapp.py,Alberto Valverde,Paul Ivanov,2013-04-08 17:08:29+02:00,2013-04-08 17:16:09-07:00
IPython/frontend/html/notebook/notebookapp.py,MinRK,Brian E. Granger,2013-04-27 09:29:17-07:00,2013-04-27 15:08:38-07:00
IPython/frontend/html/notebook/notebookapp.py,MinRK,Thomas Weißschuh,2013-05-03 17:04:32-07:00,2013-05-04 12:04:16+00:00
IPython/frontend/html/notebook/notebookmanager.py,Brian E. Granger,Stefan van der Walt,2011-08-18 18:43:33-07:00,2011-08-18 19:11:49-07:00
IPython/frontend/html/notebook/notebookmanager.py,Stefan van der Walt,Brian E. Granger,2011-08-18 19:31:16-07:00,2011-08-18 23:11:50-07:00
IPython/frontend/html/notebook/notebookmanager.py,Brian E. Granger,Fernando Perez,2011-08-24 11:29:16-07:00,2011-08-25 02:29:33-07:00
IPython/frontend/html/notebook/notebookmanager.py,Kent Inverarity,MinRK,2012-06-18 14:32:45+09:30,2012-06-18 15:37:44-07:00
IPython/frontend/html/notebook/static/codemirror2/mode/python/python.js,Brian Granger,Brian E. Granger,2011-07-20 20:42:33-07:00,2011-07-20 20:42:35-07:00
IPython/frontend/html/notebook/static/css/celltoolbar.css,Brian E. Granger,Matthias BUSSONNIER,2013-01-17 15:26:07-08:00,2013-01-17 15:26:08-08:00
IPython/frontend/html/notebook/static/css/celltoolbar.css,Matthias BUSSONNIER,Brian Granger,2013-01-17 15:26:08-08:00,2013-01-17 15:26:08-08:00
IPython/frontend/html/notebook/static/css/notebook.css,Brian Granger,Brian E. Granger,2011-07-20 20:42:33-07:00,2011-07-20 20:42:34-07:00
IPython/frontend/html/notebook/static/css/notebook.css,Brian E. Granger,Brian Granger,2011-07-20 20:42:35-07:00,2011-07-20 20:42:35-07:00
IPython/frontend/html/notebook/static/css/notebook.css,Brian Granger,Brian E. Granger,2011-07-20 20:42:35-07:00,2011-07-20 20:42:35-07:00
IPython/frontend/html/notebook/static/css/notebook.css,Brian E. Granger,Brian Granger,2011-07-22 17:07:35-07:00,2011-07-22 22:28:36-07:00
IPython/frontend/html/notebook/static/css/notebook.css,Brian E. Granger,Brian Granger,2011-08-09 10:05:20-07:00,2011-08-09 11:37:14-07:00
IPython/frontend/html/notebook/static/css/notebook.css,Brian Granger,Brian E. Granger,2011-08-09 12:38:59-07:00,2011-08-09 14:09:03-07:00
IPython/frontend/html/notebook/static/css/notebook.css,Brian E. Granger,Fernando Perez,2011-08-19 17:23:54-07:00,2011-08-19 17:46:46-07:00
IPython/frontend/html/notebook/static/css/notebook.css,Fernando Perez,Brian E. Granger,2011-08-19 17:46:46-07:00,2011-08-19 21:24:08-07:00
IPython/frontend/html/notebook/static/css/notebook.css,Brian E. Granger,Stefan van der Walt,2011-08-19 21:24:08-07:00,2011-08-20 14:56:10-07:00
IPython/frontend/html/notebook/static/css/notebook.css,Matthias BUSSONNIER,Brian Granger,2012-05-31 13:08:26-07:00,2012-05-31 13:08:30-07:00
IPython/frontend/html/notebook/static/css/notebook.css,mcelrath,MinRK,2012-06-07 22:30:58-07:00,2012-06-08 15:22:11-07:00
IPython/frontend/html/notebook/static/css/notebook.css,MinRK,Matthias BUSSONNIER,2012-07-27 19:57:47-07:00,2012-07-28 19:17:05+02:00
IPython/frontend/html/notebook/static/css/notebook.less,Matthias BUSSONNIER,Bussonnier Matthias,2013-01-26 11:01:27+01:00,2013-01-26 11:01:27+01:00
IPython/frontend/html/notebook/static/css/projectdashboard.css,Bussonnier Matthias,Matthias BUSSONNIER,2013-01-26 11:05:34+01:00,2013-01-26 11:05:35+01:00
IPython/frontend/html/notebook/static/css/renderedhtml.css,Brian Granger,Brian E. Granger,2011-08-09 11:37:14-07:00,2011-08-09 16:05:32-07:00
IPython/frontend/html/notebook/static/css/tooltip.css,Matthias BUSSONNIER,Matthias Bussonnier,2012-05-31 13:08:17-07:00,2012-05-31 13:08:17-07:00
IPython/frontend/html/notebook/static/css/tooltip.css,Matthias Bussonnier,Matthias BUSSONNIER,2012-05-31 13:08:17-07:00,2012-05-31 13:08:18-07:00
IPython/frontend/html/notebook/static/js/cell.js,Brian Granger,Brian E. Granger,2011-08-09 11:37:14-07:00,2011-08-09 14:09:03-07:00
IPython/frontend/html/notebook/static/js/celltoolbar.js,Brian E. Granger,Matthias BUSSONNIER,2013-01-17 15:26:07-08:00,2013-01-17 15:26:08-08:00
IPython/frontend/html/notebook/static/js/celltoolbar.js,Matthias BUSSONNIER,Brian Granger,2013-01-17 15:26:08-08:00,2013-01-17 15:26:08-08:00
IPython/frontend/html/notebook/static/js/codecell.js,Fernando Perez,MinRK,2011-10-17 00:37:27-07:00,2011-10-17 19:27:50-07:00
IPython/frontend/html/notebook/static/js/codecell.js,Matthias BUSSONNIER,MinRK,2011-11-30 12:04:37+01:00,2011-11-30 20:11:37-08:00
IPython/frontend/html/notebook/static/js/codecell.js,Matthias BUSSONNIER,MinRK,2011-12-04 13:52:13-08:00,2011-12-04 14:20:48-08:00
IPython/frontend/html/notebook/static/js/codecell.js,Matthias BUSSONNIER,Brian Granger,2012-01-25 14:47:15+01:00,2012-01-25 14:03:49-08:00
IPython/frontend/html/notebook/static/js/codecell.js,Matthias BUSSONNIER,Matthias Bussonnier,2012-05-31 13:08:16-07:00,2012-05-31 13:08:17-07:00
IPython/frontend/html/notebook/static/js/codecell.js,Matthias Bussonnier,Matthias BUSSONNIER,2012-05-31 13:08:17-07:00,2012-05-31 13:08:18-07:00
IPython/frontend/html/notebook/static/js/codecell.js,Matthias BUSSONNIER,Brian Granger,2012-05-31 13:08:20-07:00,2012-05-31 13:08:20-07:00
IPython/frontend/html/notebook/static/js/codecell.js,Brian Granger,Matthias BUSSONNIER,2012-05-31 13:08:20-07:00,2012-05-31 13:08:21-07:00
IPython/frontend/html/notebook/static/js/codecell.js,Matthias BUSSONNIER,Brian Granger,2012-05-31 13:08:21-07:00,2012-05-31 13:08:22-07:00
IPython/frontend/html/notebook/static/js/codecell.js,Brian Granger,Matthias BUSSONNIER,2012-05-31 13:08:25-07:00,2012-05-31 13:08:28-07:00
IPython/frontend/html/notebook/static/js/codecell.js,Matthias BUSSONNIER,Brian Granger,2012-05-31 13:08:28-07:00,2012-05-31 13:08:29-07:00
IPython/frontend/html/notebook/static/js/codecell.js,Brian Granger,Matthias BUSSONNIER,2012-05-31 13:08:30-07:00,2012-05-31 13:08:32-07:00
IPython/frontend/html/notebook/static/js/codecell.js,Matthias BUSSONNIER,Brian Granger,2012-05-31 13:08:32-07:00,2012-05-31 13:24:10-07:00
IPython/frontend/html/notebook/static/js/completer.js,Matthias BUSSONNIER,Brian Granger,2012-05-31 13:08:20-07:00,2012-05-31 13:08:20-07:00
IPython/frontend/html/notebook/static/js/completer.js,Brian Granger,Matthias BUSSONNIER,2012-05-31 13:08:20-07:00,2012-05-31 13:08:21-07:00
IPython/frontend/html/notebook/static/js/kernel.js,Brian Granger,Brian E. Granger,2011-07-26 14:22:41-07:00,2011-07-26 16:45:46-07:00
IPython/frontend/html/notebook/static/js/kernel.js,Jason Grout,MinRK,2012-07-20 22:16:08-05:00,2012-07-20 22:16:12-05:00
IPython/frontend/html/notebook/static/js/kernel.js,MinRK,Jason Grout,2012-07-20 22:16:12-05:00,2012-07-21 07:08:49-05:00
IPython/frontend/html/notebook/static/js/loginmain.js,Brian E. Granger,MinRK,2011-10-18 17:55:26-07:00,2011-10-18 18:11:14-07:00
IPython/frontend/html/notebook/static/js/notebook.js,Brian Granger,Brian E. Granger,2011-07-20 20:42:33-07:00,2011-07-20 20:42:34-07:00
IPython/frontend/html/notebook/static/js/notebook.js,Brian E. Granger,Brian Granger,2011-07-20 20:42:35-07:00,2011-07-20 20:42:35-07:00
IPython/frontend/html/notebook/static/js/notebook.js,Brian Granger,Brian E. Granger,2011-07-26 14:22:41-07:00,2011-07-26 16:45:46-07:00
IPython/frontend/html/notebook/static/js/notebook.js,Brian E. Granger,Brian Granger,2011-08-09 10:05:20-07:00,2011-08-09 11:37:14-07:00
IPython/frontend/html/notebook/static/js/notebook.js,Brian Granger,Brian E. Granger,2011-08-09 11:37:14-07:00,2011-08-09 13:09:36-07:00
IPython/frontend/html/notebook/static/js/notebook.js,Stefan van der Walt,Brian E. Granger,2011-08-16 22:40:36-07:00,2011-08-17 11:50:57-07:00
IPython/frontend/html/notebook/static/js/notebook.js,Brian E. Granger,Stefan van der Walt,2011-08-17 13:21:19-07:00,2011-08-17 17:07:58-07:00
IPython/frontend/html/notebook/static/js/notebook.js,Brian E. Granger,Stefan van der Walt,2011-08-19 22:00:25-07:00,2011-08-20 14:56:10-07:00
IPython/frontend/html/notebook/static/js/notebook.js,Felix Werner,Fernando Perez,2011-10-16 18:24:12+02:00,2011-10-16 20:02:53-07:00
IPython/frontend/html/notebook/static/js/notebook.js,Fernando Perez,MinRK,2011-10-17 00:43:47-07:00,2011-10-17 15:02:05-07:00
IPython/frontend/html/notebook/static/js/notebook.js,MinRK,Brian Granger,2011-10-17 15:02:05-07:00,2011-10-17 16:19:58-07:00
IPython/frontend/html/notebook/static/js/notebook.js,Brian Granger,MinRK,2011-10-17 16:19:58-07:00,2011-10-17 19:27:50-07:00
IPython/frontend/html/notebook/static/js/notebook.js,MinRK,Brian E. Granger,2011-10-17 19:27:50-07:00,2011-10-18 17:55:25-07:00
IPython/frontend/html/notebook/static/js/notebook.js,Matthias BUSSONNIER,Thomas Kluyver,2011-11-24 19:36:20+01:00,2011-11-24 13:34:04-08:00
IPython/frontend/html/notebook/static/js/notebook.js,Stefan van der Walt,Fernando Perez,2011-11-27 15:23:40-08:00,2011-11-27 19:49:00-08:00
IPython/frontend/html/notebook/static/js/notebook.js,Matthias BUSSONNIER,Brian Granger,2012-01-25 15:15:52+01:00,2012-01-25 12:32:06-08:00
IPython/frontend/html/notebook/static/js/notebook.js,fawce,Brian Granger,2012-01-27 14:49:39-05:00,2012-01-27 13:45:43-08:00
IPython/frontend/html/notebook/static/js/notebook.js,Matthias BUSSONNIER,Brian Granger,2012-05-31 13:08:15-07:00,2012-05-31 13:08:20-07:00
IPython/frontend/html/notebook/static/js/notebook.js,Brian Granger,Matthias BUSSONNIER,2012-05-31 13:08:20-07:00,2012-05-31 13:08:21-07:00
IPython/frontend/html/notebook/static/js/notebook.js,Matthias BUSSONNIER,Brian Granger,2012-05-31 13:08:21-07:00,2012-05-31 13:08:24-07:00
IPython/frontend/html/notebook/static/js/notebook.js,Brian Granger,Matthias BUSSONNIER,2012-05-31 13:08:24-07:00,2012-05-31 13:08:28-07:00
IPython/frontend/html/notebook/static/js/notebook.js,Matthias BUSSONNIER,Brian Granger,2012-05-31 13:08:28-07:00,2012-05-31 13:08:29-07:00
IPython/frontend/html/notebook/static/js/notebook.js,Bussonnier Matthias,Matthias BUSSONNIER,2013-02-08 00:38:12+01:00,2013-02-08 14:12:42+01:00
IPython/frontend/html/notebook/static/js/notebook.js,Matthias BUSSONNIER,MinRK,2013-02-12 18:06:02+01:00,2013-02-12 10:53:10-08:00
IPython/frontend/html/notebook/static/js/notebook.js,MinRK,David Wyde,2013-04-25 12:24:38-07:00,2013-04-25 19:26:18-05:00
IPython/frontend/html/notebook/static/js/notebook_main.js,Brian E. Granger,Brian Granger,2011-07-27 15:09:23-07:00,2011-07-27 15:21:22-07:00
IPython/frontend/html/notebook/static/js/notebook_main.js,Brian E. Granger,Stefan van der Walt,2011-08-17 13:21:19-07:00,2011-08-17 17:07:58-07:00
IPython/frontend/html/notebook/static/js/notebooklist.js,Matthias BUSSONNIER,MinRK,2012-07-20 18:39:07-05:00,2012-07-21 01:38:47-05:00
IPython/frontend/html/notebook/static/js/notificationwidget.js,Brian Granger,Takafumi Arakaki,2012-05-31 13:08:23-07:00,2012-05-31 13:08:32-07:00
IPython/frontend/html/notebook/static/js/notificationwidget.js,Takafumi Arakaki,Brian Granger,2012-05-31 13:08:33-07:00,2012-05-31 13:08:33-07:00
IPython/frontend/html/notebook/static/js/outputarea.js,Michael Droettboom,Brian Granger,2012-06-08 09:36:16-04:00,2012-06-08 11:01:05-07:00
IPython/frontend/html/notebook/static/js/outputarea.js,Brian Granger,MinRK,2012-06-08 11:02:39-07:00,2012-06-08 15:22:11-07:00
IPython/frontend/html/notebook/static/js/outputarea.js,MinRK,David Wyde,2013-04-25 14:18:21-07:00,2013-04-25 19:26:18-05:00
IPython/frontend/html/notebook/static/js/savewidget.js,Stefan van der Walt,Brian E. Granger,2011-08-16 18:56:34-07:00,2011-08-17 13:21:19-07:00
IPython/frontend/html/notebook/static/js/savewidget.js,Brian E. Granger,Stefan van der Walt,2011-08-17 13:21:19-07:00,2011-08-17 17:07:58-07:00
IPython/frontend/html/notebook/static/js/savewidget.js,MinRK,Brian E. Granger,2011-10-18 17:43:29-07:00,2011-10-18 17:55:25-07:00
IPython/frontend/html/notebook/static/js/textcell.js,Brian Granger,Brian E. Granger,2011-08-09 11:37:14-07:00,2011-08-09 13:09:36-07:00
IPython/frontend/html/notebook/static/js/textcell.js,Brian Granger,Fernando Perez,2012-01-25 14:03:49-08:00,2012-01-25 22:17:12-08:00
IPython/frontend/html/notebook/static/js/textcell.js,MinRK,Matthias BUSSONNIER,2012-07-27 13:36:44-07:00,2012-07-27 22:38:56+02:00
IPython/frontend/html/notebook/static/js/textcell.js,Matthias BUSSONNIER,MinRK,2012-07-27 22:38:56+02:00,2012-07-27 19:57:47-07:00
IPython/frontend/html/notebook/static/js/textcell.js,Brian E. Granger,Brian Granger,2013-01-17 15:26:07-08:00,2013-01-17 15:26:08-08:00
IPython/frontend/html/notebook/static/js/tooltip.js,Matthias Bussonnier,Matthias BUSSONNIER,2012-05-31 13:08:16-07:00,2012-05-31 13:08:16-07:00
IPython/frontend/html/notebook/static/js/tooltip.js,Matthias BUSSONNIER,Matthias Bussonnier,2012-05-31 13:08:17-07:00,2012-05-31 13:08:17-07:00
IPython/frontend/html/notebook/static/js/tooltip.js,Matthias Bussonnier,Matthias BUSSONNIER,2012-05-31 13:08:17-07:00,2012-05-31 13:08:18-07:00
IPython/frontend/html/notebook/static/js/tooltip.js,Matthias BUSSONNIER,Brian Granger,2012-05-31 13:08:20-07:00,2012-05-31 13:08:20-07:00
IPython/frontend/html/notebook/static/js/tooltip.js,Brian Granger,Matthias BUSSONNIER,2012-05-31 13:08:20-07:00,2012-05-31 13:08:21-07:00
IPython/frontend/html/notebook/static/js/utils.js,Matthias BUSSONNIER,Brian Granger,2012-05-31 13:08:28-07:00,2012-05-31 13:08:30-07:00
IPython/frontend/html/notebook/static/js/utils.js,Michael Droettboom,Brian Granger,2012-06-07 19:09:26-04:00,2012-06-08 11:02:15-07:00
IPython/frontend/html/notebook/static/js/utils.js,Brian Granger,Min RK,2012-06-08 11:02:15-07:00,2012-06-08 11:06:52-07:00
IPython/frontend/html/notebook/static/less/flexible-box-model.less,Bussonnier Matthias,Matthias BUSSONNIER,2013-01-26 11:01:28+01:00,2013-01-26 11:05:35+01:00
IPython/frontend/html/notebook/static/less/notebook.less,Bussonnier Matthias,Matthias BUSSONNIER,2013-01-26 11:05:34+01:00,2013-01-26 11:05:34+01:00
IPython/frontend/html/notebook/static/less/notebook.less,Matthias BUSSONNIER,Brian Granger,2013-01-31 19:50:48+01:00,2013-01-31 13:40:40-08:00
IPython/frontend/html/notebook/static/less/notebook.less,Brian E. Granger,MinRK,2013-04-30 19:44:23-07:00,2013-05-01 17:32:46-07:00
IPython/frontend/html/notebook/static/less/renderedhtml.less,Bussonnier Matthias,Matthias BUSSONNIER,2013-01-26 11:05:34+01:00,2013-01-26 11:05:35+01:00
IPython/frontend/html/notebook/static/less/style.less,Bussonnier Matthias,Matthias BUSSONNIER,2013-01-26 11:04:46+01:00,2013-01-26 11:05:35+01:00
IPython/frontend/html/notebook/static/less/tooltip.less,Matthias BUSSONNIER,Matthias Bussonnier,2012-05-31 13:08:17-07:00,2012-05-31 13:08:17-07:00
IPython/frontend/html/notebook/static/less/tooltip.less,Matthias Bussonnier,Matthias BUSSONNIER,2012-05-31 13:08:17-07:00,2012-05-31 13:08:18-07:00
IPython/frontend/html/notebook/static/less/tooltip.less,Matthias BUSSONNIER,Bussonnier Matthias,2013-01-26 11:01:27+01:00,2013-01-26 11:01:28+01:00
IPython/frontend/html/notebook/static/less/tooltip.less,Bussonnier Matthias,Matthias BUSSONNIER,2013-01-26 11:01:28+01:00,2013-01-26 11:05:35+01:00
IPython/frontend/html/notebook/static/less/variables.less,Bussonnier Matthias,Matthias BUSSONNIER,2013-01-26 11:05:34+01:00,2013-01-26 11:05:35+01:00
IPython/frontend/html/notebook/static/notebook/js/notebook.js,Matthias BUSSONNIER,MinRK,2013-05-28 20:26:04+02:00,2013-05-28 12:44:08-07:00
IPython/frontend/html/notebook/static/notebook/js/outputarea.js,Matthias BUSSONNIER,Matthias Bussonnier,2013-05-29 11:19:19+02:00,2013-05-30 09:08:01+03:00
IPython/frontend/html/notebook/static/style/style.min.css,Brian E. Granger,MinRK,2013-05-23 21:45:44-07:00,2013-05-24 11:27:18-07:00
IPython/frontend/html/notebook/templates/login.html,MinRK,Brian E. Granger,2011-10-18 17:55:25-07:00,2011-10-18 17:55:25-07:00
IPython/frontend/html/notebook/templates/login.html,Brian E. Granger,MinRK,2011-10-18 17:55:26-07:00,2011-10-18 18:11:14-07:00
IPython/frontend/html/notebook/templates/notebook.html,Brian Granger,Brian E. Granger,2011-07-20 20:42:33-07:00,2011-07-20 20:42:34-07:00
IPython/frontend/html/notebook/templates/notebook.html,Brian E. Granger,Brian Granger,2011-07-20 20:42:35-07:00,2011-07-20 20:42:35-07:00
IPython/frontend/html/notebook/templates/notebook.html,Brian Granger,Brian E. Granger,2011-07-20 20:42:35-07:00,2011-07-20 20:42:35-07:00
IPython/frontend/html/notebook/templates/notebook.html,Brian E. Granger,Brian Granger,2011-08-09 10:05:20-07:00,2011-08-09 11:37:14-07:00
IPython/frontend/html/notebook/templates/notebook.html,Brian Granger,Brian E. Granger,2011-08-09 12:38:59-07:00,2011-08-09 14:09:03-07:00
IPython/frontend/html/notebook/templates/notebook.html,Stefan van der Walt,Brian E. Granger,2011-08-16 18:56:34-07:00,2011-08-17 15:29:22-07:00
IPython/frontend/html/notebook/templates/notebook.html,Brian E. Granger,Stefan van der Walt,2011-08-17 15:29:22-07:00,2011-08-17 17:07:58-07:00
IPython/frontend/html/notebook/templates/notebook.html,Brian E. Granger,MinRK,2011-08-19 21:24:08-07:00,2011-08-20 17:01:56-07:00
IPython/frontend/html/notebook/templates/notebook.html,MinRK,Stefan van der Walt,2011-08-20 17:01:56-07:00,2011-08-21 14:14:16-07:00
IPython/frontend/html/notebook/templates/notebook.html,Stefan van der Walt,MinRK,2011-08-21 14:14:16-07:00,2011-08-21 17:55:45-07:00
IPython/frontend/html/notebook/templates/notebook.html,Matthias BUSSONNIER,Fernando Perez,2011-10-14 19:28:36+02:00,2011-10-15 01:27:36-07:00
IPython/frontend/html/notebook/templates/notebook.html,Fernando Perez,MinRK,2011-10-17 00:37:27-07:00,2011-10-17 14:58:08-07:00
IPython/frontend/html/notebook/templates/notebook.html,MinRK,Fernando Perez,2011-10-17 14:58:08-07:00,2011-10-17 15:23:57-07:00
IPython/frontend/html/notebook/templates/notebook.html,MinRK,Brian E. Granger,2011-10-18 17:43:29-07:00,2011-10-18 17:55:25-07:00
IPython/frontend/html/notebook/templates/notebook.html,Brian E. Granger,MinRK,2011-10-18 17:55:26-07:00,2011-10-18 18:11:08-07:00
IPython/frontend/html/notebook/templates/notebook.html,MinRK,Brian E. Granger,2011-10-18 18:11:08-07:00,2011-10-18 18:11:14-07:00
IPython/frontend/html/notebook/templates/notebook.html,Brian E. Granger,MinRK,2011-10-18 18:11:14-07:00,2011-10-18 20:02:12-07:00
IPython/frontend/html/notebook/templates/notebook.html,Matthias BUSSONNIER,Matthias Bussonnier,2012-05-31 13:08:13-07:00,2012-05-31 13:08:16-07:00
IPython/frontend/html/notebook/templates/notebook.html,Matthias Bussonnier,Matthias BUSSONNIER,2012-05-31 13:08:16-07:00,2012-05-31 13:08:16-07:00
IPython/frontend/html/notebook/templates/notebook.html,Matthias BUSSONNIER,Brian Granger,2012-05-31 13:08:19-07:00,2012-05-31 13:08:23-07:00
IPython/frontend/html/notebook/templates/notebook.html,Brian Granger,Matthias BUSSONNIER,2012-05-31 13:08:23-07:00,2012-05-31 13:08:29-07:00
IPython/frontend/html/notebook/templates/notebook.html,Matthias BUSSONNIER,Bussonnier Matthias,2013-01-26 11:01:27+01:00,2013-01-26 11:01:27+01:00
IPython/frontend/html/notebook/templates/notebook.html,Bussonnier Matthias,Matthias BUSSONNIER,2013-01-26 11:01:28+01:00,2013-01-26 11:05:35+01:00
IPython/frontend/html/notebook/templates/projectdashboard.html,Brian E. Granger,MinRK,2011-10-18 17:55:26-07:00,2011-10-18 23:26:53-07:00
IPython/frontend/html/notebook/templates/projectdashboard.html,Bussonnier Matthias,Matthias BUSSONNIER,2013-01-26 11:05:34+01:00,2013-01-26 11:05:35+01:00
IPython/frontend/html/notebook/tests/test_nbmanager.py,Brian Granger,MinRK,2012-08-10 17:43:25-07:00,2012-08-10 19:09:46-07:00
IPython/html/__init__.py,Fernando Perez,MinRK,2013-06-27 11:14:04-07:00,2013-06-27 11:14:10-07:00
IPython/html/auth/login.py,Phil Elson,Min RK,2014-12-07 14:10:52-08:00,2014-12-07 14:10:53-08:00
IPython/html/base/handlers.py,Zachary Sailer,Brian E. Granger,2013-10-17 14:09:10-07:00,2013-10-17 14:09:10-07:00
IPython/html/base/handlers.py,Brian E. Granger,MinRK,2013-10-17 14:09:10-07:00,2013-10-17 14:09:12-07:00
IPython/html/base/handlers.py,MinRK,Zachary Sailer,2013-10-17 14:09:12-07:00,2013-10-17 14:09:12-07:00
IPython/html/base/handlers.py,Zachary Sailer,MinRK,2013-10-17 14:09:12-07:00,2013-10-17 14:09:13-07:00
IPython/html/base/handlers.py,MinRK,Brian E. Granger,2013-10-17 14:09:18-07:00,2013-10-17 14:09:20-07:00
IPython/html/base/handlers.py,MinRK,Thomas Kluyver,2013-12-18 14:18:09-08:00,2013-12-19 13:01:00-08:00
IPython/html/base/handlers.py,Min RK,KesterTong,2014-11-02 11:09:03-08:00,2014-11-03 10:18:04-08:00
IPython/html/base/handlers.py,KesterTong,Jeff Hemmelgarn,2014-11-03 10:18:04-08:00,2014-11-03 10:18:27-08:00
IPython/html/base/handlers.py,Jeff Hemmelgarn,Thomas Kluyver,2014-11-03 10:18:27-08:00,2014-11-03 10:18:27-08:00
IPython/html/base/handlers.py,MinRK,Min RK,2014-11-10 14:02:18-08:00,2014-11-10 14:02:21-08:00
IPython/html/base/handlers.py,MinRK,Min RK,2014-11-24 20:19:55-08:00,2014-11-24 20:58:04-08:00
IPython/html/base/handlers.py,Min RK,Thomas Kluyver,2014-11-24 21:29:45-08:00,2014-11-25 18:02:24-08:00
IPython/html/base/handlers.py,Phil Elson,Min RK,2014-12-07 14:10:52-08:00,2014-12-07 14:10:53-08:00
IPython/html/fabfile.py,jon,Jonathan Frederic,2014-06-09 12:05:38-07:00,2014-06-09 12:05:39-07:00
IPython/html/nbconvert/tests/test_nbconvert_handlers.py,MinRK,Min RK,2014-11-01 16:41:11-07:00,2014-11-01 16:41:13-07:00
IPython/html/notebook/handlers.py,Zachary Sailer,Paul Ivanov,2013-10-17 14:09:07-07:00,2013-10-17 14:09:08-07:00
IPython/html/notebook/handlers.py,Paul Ivanov,Zachary Sailer,2013-10-17 14:09:08-07:00,2013-10-17 14:09:09-07:00
IPython/html/notebook/handlers.py,Zachary Sailer,MinRK,2013-10-17 14:09:09-07:00,2013-10-17 14:09:13-07:00
IPython/html/notebook/handlers.py,MinRK,Min RK,2014-11-10 14:02:18-08:00,2014-11-10 14:02:21-08:00
IPython/html/notebookapp.py,Matthias BUSSONNIER,MinRK,2013-07-29 00:31:54+02:00,2013-07-29 11:27:51-07:00
IPython/html/notebookapp.py,Zachary Sailer,Paul Ivanov,2013-10-17 14:09:07-07:00,2013-10-17 14:09:10-07:00
IPython/html/notebookapp.py,Paul Ivanov,Zachary Sailer,2013-10-17 14:09:10-07:00,2013-10-17 14:09:10-07:00
IPython/html/notebookapp.py,Zachary Sailer,MinRK,2013-10-17 14:09:10-07:00,2013-10-17 14:09:13-07:00
IPython/html/notebookapp.py,Paul Ivanov,MinRK,2013-10-23 11:03:11-07:00,2013-10-23 12:01:45-07:00
IPython/html/notebookapp.py,Paul Ivanov,Thomas Kluyver,2013-10-28 11:07:24-07:00,2013-10-29 09:14:15-07:00
IPython/html/notebookapp.py,MinRK,Thomas Kluyver,2014-01-13 16:17:50-08:00,2014-01-13 16:22:43-08:00
IPython/html/notebookapp.py,Thomas Kluyver,MinRK,2014-07-09 00:03:16-05:00,2014-07-09 16:25:36-05:00
IPython/html/notebookapp.py,MinRK,Matthias BUSSONNIER,2014-09-17 10:05:19-07:00,2014-09-18 14:35:30+02:00
IPython/html/notebookapp.py,MinRK,Min RK,2014-11-10 14:02:18-08:00,2014-11-10 14:02:21-08:00
IPython/html/notebookapp.py,Min RK,Bussonnier Matthias,2014-11-24 21:29:45-08:00,2014-11-25 13:52:10+01:00
IPython/html/notebookapp.py,Bussonnier Matthias,Thomas Kluyver,2014-11-25 13:52:10+01:00,2014-11-25 10:07:52-08:00
IPython/html/notebookapp.py,Thomas Kluyver,Phil Elson,2014-12-06 14:24:21-08:00,2014-12-07 14:10:52-08:00
IPython/html/notebookapp.py,Phil Elson,Min RK,2014-12-07 14:10:52-08:00,2014-12-07 14:46:00-08:00
IPython/html/notebookapp.py,Min RK,MinRK,2014-12-08 10:51:14-08:00,2014-12-08 15:47:56-08:00
IPython/html/notebookapp.py,Sylvain Corlay,Brian Drawert,2015-03-27 19:34:59-04:00,2015-03-28 13:22:08-07:00
IPython/html/services/config/manager.py,Bussonnier Matthias,Matthias Bussonnier,2014-12-14 13:20:04+01:00,2014-12-14 13:21:33+01:00
IPython/html/services/contents/filemanager.py,MinRK,Min RK,2014-11-01 16:41:11-07:00,2014-11-01 16:41:13-07:00
IPython/html/services/contents/filemanager.py,MinRK,Min RK,2014-11-10 14:02:18-08:00,2014-11-10 14:02:21-08:00
IPython/html/services/contents/filemanager.py,Min RK,Thomas Kluyver,2014-11-10 14:02:21-08:00,2014-11-11 12:17:36-08:00
IPython/html/services/contents/filemanager.py,Min RK,Thomas Kluyver,2014-11-19 19:56:54-08:00,2014-11-20 11:52:35-08:00
IPython/html/services/contents/handlers.py,Zachary Sailer,Paul Ivanov,2013-10-17 14:09:06-07:00,2013-10-17 14:09:10-07:00
IPython/html/services/contents/handlers.py,jhemmelg,Thomas Kluyver,2014-11-03 10:17:11-08:00,2014-11-03 10:18:27-08:00
IPython/html/services/contents/handlers.py,MinRK,Min RK,2014-11-10 14:02:18-08:00,2014-11-10 14:02:19-08:00
IPython/html/services/contents/handlers.py,Min RK,Thomas Kluyver,2014-11-10 14:52:14-08:00,2014-11-11 12:17:36-08:00
IPython/html/services/contents/handlers.py,Scott Sanderson,Min RK,2014-12-08 19:22:03-05:00,2014-12-09 14:53:08-08:00
IPython/html/services/contents/handlers.py,Min RK,Scott Sanderson,2014-12-09 14:53:08-08:00,2014-12-09 18:05:25-05:00
IPython/html/services/contents/manager.py,MinRK,Min RK,2014-11-10 14:02:18-08:00,2014-11-10 14:02:19-08:00
IPython/html/services/contents/manager.py,Min RK,Thomas Kluyver,2014-11-10 14:52:14-08:00,2014-11-11 12:17:36-08:00
IPython/html/services/contents/tests/test_contents_api.py,MinRK,Min RK,2014-11-01 16:41:11-07:00,2014-11-01 16:41:13-07:00
IPython/html/services/contents/tests/test_contents_api.py,MinRK,Min RK,2014-11-10 14:02:18-08:00,2014-11-10 14:02:19-08:00
IPython/html/services/contents/tests/test_contents_api.py,Min RK,Thomas Kluyver,2014-11-10 14:52:14-08:00,2014-11-11 12:17:36-08:00
IPython/html/services/contents/tests/test_contents_api.py,Thomas Kluyver,Min RK,2014-11-11 18:18:36-08:00,2014-11-12 16:24:35-08:00
IPython/html/services/contents/tests/test_contents_api.py,Min RK,Scott Sanderson,2014-12-17 11:38:44-08:00,2014-12-17 11:38:45-08:00
IPython/html/services/contents/tests/test_manager.py,MinRK,Min RK,2014-11-10 14:02:18-08:00,2014-11-10 14:02:19-08:00
IPython/html/services/contents/tests/test_manager.py,Min RK,Thomas Kluyver,2014-11-10 14:52:14-08:00,2014-11-11 12:17:36-08:00
IPython/html/services/contents/tests/test_manager.py,Min RK,Scott Sanderson,2014-12-17 11:38:44-08:00,2014-12-17 11:38:45-08:00
IPython/html/services/contents/tests/test_manager.py,Scott Sanderson,Min RK,2014-12-17 11:38:45-08:00,2014-12-17 11:38:45-08:00
IPython/html/services/contents/tests/test_manager.py,Min RK,Scott Sanderson,2014-12-17 11:38:45-08:00,2014-12-17 11:38:45-08:00
IPython/html/services/contents/tests/test_manager.py,Scott Sanderson,Min RK,2014-12-17 11:38:46-08:00,2014-12-17 14:27:38-08:00
IPython/html/services/contents/tests/test_manager.py,Min RK,Scott Sanderson,2015-03-26 17:15:54-07:00,2015-03-26 22:54:13-04:00
IPython/html/services/kernels/handlers.py,Zachary Sailer,Brian E. Granger,2013-10-17 14:09:12-07:00,2013-10-17 14:09:20-07:00
IPython/html/services/kernels/kernelmanager.py,Min RK,Thomas Kluyver,2014-11-18 13:29:44-08:00,2014-11-18 17:41:21-08:00
IPython/html/services/kernels/tests/test_kernels_api.py,Zachary Sailer,MinRK,2013-10-17 14:09:11-07:00,2013-10-17 14:09:11-07:00
IPython/html/services/kernels/tests/test_kernels_api.py,MinRK,Zachary Sailer,2013-10-17 14:09:11-07:00,2013-10-17 14:09:11-07:00
IPython/html/services/kernels/tests/test_kernels_api.py,Zachary Sailer,Thomas Kluyver,2013-10-17 14:09:12-07:00,2013-10-17 14:09:18-07:00
IPython/html/services/notebooks/filenbmanager.py,Zachary Sailer,Thomas Kluyver,2013-10-17 14:09:07-07:00,2013-10-17 14:09:07-07:00
IPython/html/services/notebooks/filenbmanager.py,Thomas Kluyver,Zachary Sailer,2013-10-17 14:09:07-07:00,2013-10-17 14:09:08-07:00
IPython/html/services/notebooks/filenbmanager.py,Zachary Sailer,Paul Ivanov,2013-10-17 14:09:09-07:00,2013-10-17 14:09:09-07:00
IPython/html/services/notebooks/filenbmanager.py,Paul Ivanov,Zachary Sailer,2013-10-17 14:09:09-07:00,2013-10-17 14:09:09-07:00
IPython/html/services/notebooks/filenbmanager.py,Zachary Sailer,Brian E. Granger,2013-10-17 14:09:11-07:00,2013-10-17 14:09:11-07:00
IPython/html/services/notebooks/filenbmanager.py,Brian E. Granger,Zachary Sailer,2013-10-17 14:09:11-07:00,2013-10-17 14:09:11-07:00
IPython/html/services/notebooks/filenbmanager.py,Zachary Sailer,MinRK,2013-10-17 14:09:12-07:00,2013-10-17 14:09:13-07:00
IPython/html/services/notebooks/filenbmanager.py,MinRK,Thomas Kluyver,2013-10-17 14:09:15-07:00,2013-10-17 14:09:16-07:00
IPython/html/services/notebooks/filenbmanager.py,Thomas Kluyver,MinRK,2013-10-17 14:09:19-07:00,2013-10-17 14:55:00-07:00
IPython/html/services/notebooks/filenbmanager.py,Paul Ivanov,MinRK,2014-03-03 16:02:07-08:00,2014-03-03 16:10:20-08:00
IPython/html/services/notebooks/handlers.py,Zachary Sailer,Thomas Kluyver,2013-10-17 14:09:07-07:00,2013-10-17 14:09:07-07:00
IPython/html/services/notebooks/handlers.py,Thomas Kluyver,Paul Ivanov,2013-10-17 14:09:07-07:00,2013-10-17 14:09:08-07:00
IPython/html/services/notebooks/handlers.py,Paul Ivanov,Zachary Sailer,2013-10-17 14:09:08-07:00,2013-10-17 14:09:09-07:00
IPython/html/services/notebooks/handlers.py,Zachary Sailer,MinRK,2013-10-17 14:09:10-07:00,2013-10-17 14:09:13-07:00
IPython/html/services/notebooks/handlers.py,MinRK,Thomas Kluyver,2013-10-17 14:09:19-07:00,2013-10-17 14:09:19-07:00
IPython/html/services/notebooks/handlers.py,Thomas Kluyver,Brian E. Granger,2013-10-17 14:09:19-07:00,2013-10-17 14:09:19-07:00
IPython/html/services/notebooks/handlers.py,Brian E. Granger,MinRK,2013-10-17 14:09:20-07:00,2013-10-17 14:55:00-07:00
IPython/html/services/notebooks/nbmanager.py,Zachary Sailer,Thomas Kluyver,2013-10-17 14:09:06-07:00,2013-10-17 14:09:07-07:00
IPython/html/services/notebooks/nbmanager.py,Thomas Kluyver,Paul Ivanov,2013-10-17 14:09:07-07:00,2013-10-17 14:09:08-07:00
IPython/html/services/notebooks/nbmanager.py,Paul Ivanov,Zachary Sailer,2013-10-17 14:09:08-07:00,2013-10-17 14:09:08-07:00
IPython/html/services/notebooks/nbmanager.py,Zachary Sailer,Brian E. Granger,2013-10-17 14:09:10-07:00,2013-10-17 14:09:11-07:00
IPython/html/services/notebooks/nbmanager.py,Brian E. Granger,MinRK,2013-10-17 14:09:11-07:00,2013-10-17 14:09:13-07:00
IPython/html/services/notebooks/tests/test_nbmanager.py,Paul Ivanov,Zachary Sailer,2013-10-17 14:09:08-07:00,2013-10-17 14:09:08-07:00
IPython/html/services/notebooks/tests/test_nbmanager.py,Zachary Sailer,Paul Ivanov,2013-10-17 14:09:08-07:00,2013-10-17 14:09:09-07:00
IPython/html/services/notebooks/tests/test_nbmanager.py,Paul Ivanov,Zachary Sailer,2013-10-17 14:09:09-07:00,2013-10-17 14:09:10-07:00
IPython/html/services/notebooks/tests/test_nbmanager.py,Zachary Sailer,MinRK,2013-10-17 14:09:11-07:00,2013-10-17 14:09:13-07:00
IPython/html/services/notebooks/tests/test_nbmanager.py,MinRK,Thomas Kluyver,2013-10-17 14:09:13-07:00,2013-10-17 14:09:16-07:00
IPython/html/services/notebooks/tests/test_notebooks_api.py,Zachary Sailer,Thomas Kluyver,2013-10-17 14:09:12-07:00,2013-10-17 14:09:15-07:00
IPython/html/services/notebooks/tests/test_notebooks_api.py,Thomas Kluyver,MinRK,2013-10-17 14:09:16-07:00,2013-10-17 14:09:17-07:00
IPython/html/services/notebooks/tests/test_notebooks_api.py,MinRK,Thomas Kluyver,2013-10-17 14:09:17-07:00,2013-10-17 14:09:18-07:00
IPython/html/services/notebooks/tests/test_notebooks_api.py,Thomas Kluyver,MinRK,2013-10-17 14:09:19-07:00,2013-10-17 14:55:00-07:00
IPython/html/services/sessions/handlers.py,Zachary Sailer,Thomas Kluyver,2013-10-17 14:09:12-07:00,2013-10-17 14:09:17-07:00
IPython/html/services/sessions/handlers.py,Thomas Kluyver,MinRK,2013-10-17 14:09:17-07:00,2013-10-17 14:09:18-07:00
IPython/html/services/sessions/handlers.py,MinRK,Brian E. Granger,2013-10-17 14:09:18-07:00,2013-10-17 14:09:20-07:00
IPython/html/services/sessions/sessionmanager.py,Zachary Sailer,Thomas Kluyver,2013-10-17 14:09:12-07:00,2013-10-17 14:09:17-07:00
IPython/html/services/sessions/sessionmanager.py,Thomas Kluyver,MinRK,2013-10-17 14:09:17-07:00,2013-10-17 14:09:18-07:00
IPython/html/services/sessions/tests/test_sessionmanager.py,Zachary Sailer,Thomas Kluyver,2013-10-17 14:09:12-07:00,2013-10-17 14:09:17-07:00
IPython/html/services/sessions/tests/test_sessionmanager.py,Thomas Kluyver,MinRK,2013-10-17 14:09:17-07:00,2013-10-17 14:09:18-07:00
IPython/html/services/sessions/tests/test_sessions_api.py,Zachary Sailer,Thomas Kluyver,2013-10-17 14:09:12-07:00,2013-10-17 14:09:17-07:00
IPython/html/services/sessions/tests/test_sessions_api.py,Thomas Kluyver,Brian E. Granger,2013-10-17 14:09:18-07:00,2013-10-17 14:09:20-07:00
IPython/html/services/sessions/tests/test_sessions_api.py,MinRK,Min RK,2014-11-01 16:41:11-07:00,2014-11-01 16:41:13-07:00
IPython/html/static/base/js/contentmanager.js,jhemmelg,KesterTong,2014-11-03 10:17:11-08:00,2014-11-03 10:17:11-08:00
IPython/html/static/base/js/contentmanager.js,KesterTong,Jeff Hemmelgarn,2014-11-03 10:17:11-08:00,2014-11-03 10:17:12-08:00
IPython/html/static/base/js/contentmanager.js,Jeff Hemmelgarn,KesterTong,2014-11-03 10:17:12-08:00,2014-11-03 10:17:12-08:00
IPython/html/static/base/js/contentmanager.js,KesterTong,Jeff Hemmelgarn,2014-11-03 10:17:12-08:00,2014-11-03 10:18:04-08:00
IPython/html/static/base/js/contentmanager.js,Jeff Hemmelgarn,jhemmelg,2014-11-03 10:18:04-08:00,2014-11-03 10:18:04-08:00
IPython/html/static/base/js/contents.js,Jeff Hemmelgarn,Thomas Kluyver,2014-11-03 10:18:27-08:00,2014-11-03 10:18:27-08:00
IPython/html/static/base/js/dialog.js,Jonathan Frederic,jon,2014-06-09 12:05:37-07:00,2014-06-09 12:05:38-07:00
IPython/html/static/base/js/dialog.js,jon,Jonathan Frederic,2014-06-09 12:05:38-07:00,2014-06-09 12:05:39-07:00
IPython/html/static/base/js/keyboard.js,Paul Ivanov,Jonathan Frederic,2014-03-19 16:24:53-07:00,2014-03-19 16:36:11-07:00
IPython/html/static/base/js/keyboard.js,Jonathan Frederic,Paul Ivanov,2014-03-19 16:36:11-07:00,2014-03-19 19:24:05-07:00
IPython/html/static/base/js/keyboard.js,Paul Ivanov,Jonathan Frederic,2014-03-19 22:29:31-07:00,2014-03-20 16:11:01-07:00
IPython/html/static/base/js/security.js,Brian E. Granger,MinRK,2014-03-03 16:06:41-08:00,2014-03-03 16:06:41-08:00
IPython/html/static/base/js/utils.js,Andrea Bedini,Matthias BUSSONNIER,2013-08-09 10:34:52+10:00,2013-08-09 14:56:52+02:00
IPython/html/static/base/js/utils.js,MinRK,Paul Ivanov,2013-10-22 19:41:06-07:00,2013-10-23 11:05:58-07:00
IPython/html/static/base/js/utils.js,Brian E. Granger,MinRK,2014-03-03 16:06:40-08:00,2014-03-03 16:10:21-08:00
IPython/html/static/base/js/utils.js,Mateusz Paprocki,Jessica B. Hamrick,2014-10-08 14:14:53+02:00,2014-10-08 11:30:30-07:00
IPython/html/static/base/js/utils.js,Matthias BUSSONNIER,MinRK,2014-10-10 19:18:56+02:00,2014-10-10 19:21:55+02:00
IPython/html/static/base/js/utils.js,MinRK,Matthias Bussonnier,2014-10-10 19:21:55+02:00,2014-10-10 19:21:55+02:00
IPython/html/static/base/js/utils.js,Thomas Kluyver,Jonathan Frederic,2014-11-14 12:43:44-08:00,2014-11-15 08:48:33-08:00
IPython/html/static/base/js/utils.js,Jonathan Frederic,Jason Grout,2014-11-15 08:48:33-08:00,2014-11-15 08:48:33-08:00
IPython/html/static/base/js/utils.js,Jason Grout,Jonathan Frederic,2014-11-15 08:48:34-08:00,2014-11-15 08:48:34-08:00
IPython/html/static/base/js/utils.js,Nicholas Bollweg (Nick),Min RK,2014-12-04 21:06:34-05:00,2014-12-05 12:06:24-08:00
IPython/html/static/base/js/utils.js,Min RK,Nicholas Bollweg (Nick),2014-12-05 12:06:53-08:00,2014-12-06 14:18:04-05:00
IPython/html/static/base/less/page.less,Jonathan Frederic,jon,2014-06-09 12:05:38-07:00,2014-06-09 12:05:38-07:00
IPython/html/static/base/less/page.less,jon,Jonathan Frederic,2014-06-09 12:05:38-07:00,2014-06-09 12:05:38-07:00
IPython/html/static/base/less/page.less,Jonathan Frederic,Min RK,2015-01-20 13:31:04-08:00,2015-01-20 17:11:51-08:00
IPython/html/static/custom/custom.js,Justin Tyberg,Matthias Bussonnier,2015-03-12 16:17:50-04:00,2015-03-12 17:15:22-07:00
IPython/html/static/edit/js/main.js,Bussonnier Matthias,Min RK,2015-01-25 19:59:16+01:00,2015-01-25 22:39:54-08:00
IPython/html/static/edit/less/edit.less,Bussonnier Matthias,Min RK,2015-01-25 19:59:16+01:00,2015-01-25 22:39:54-08:00
IPython/html/static/notebook/js/actions.js,Alexander Belopolsky,Min RK,2015-04-08 10:00:50-07:00,2015-04-08 10:15:20-07:00
IPython/html/static/notebook/js/cell.js,Matthias BUSSONNIER,Matthias Bussonnier,2013-08-19 14:11:48+02:00,2013-08-19 16:49:58+02:00
IPython/html/static/notebook/js/cell.js,Jonathan Frederic,jon,2014-07-10 15:47:22-05:00,2014-07-10 15:47:22-05:00
IPython/html/static/notebook/js/cell.js,Matthias BUSSONNIER,Matthias Bussonnier,2014-10-10 19:18:56+02:00,2014-10-10 19:18:56+02:00
IPython/html/static/notebook/js/cell.js,Matthias Bussonnier,MinRK,2014-10-10 19:18:56+02:00,2014-10-10 19:21:55+02:00
IPython/html/static/notebook/js/cell.js,MinRK,Matthias Bussonnier,2014-10-10 19:21:55+02:00,2014-10-10 19:21:55+02:00
IPython/html/static/notebook/js/celltoolbar.js,Matthias BUSSONNIER,MinRK,2014-09-02 17:47:59-07:00,2014-09-03 17:08:55-07:00
IPython/html/static/notebook/js/codecell.js,Zachary Sailer,MinRK,2013-10-17 14:09:12-07:00,2013-10-17 14:09:18-07:00
IPython/html/static/notebook/js/codecell.js,MinRK,Matthias BUSSONNIER,2013-10-22 19:45:36-07:00,2013-10-23 15:58:32+02:00
IPython/html/static/notebook/js/codecell.js,Brian E. Granger,MinRK,2013-11-20 13:40:03-08:00,2013-11-20 16:17:12-08:00
IPython/html/static/notebook/js/codecell.js,MinRK,Brian E. Granger,2014-01-28 18:44:48-08:00,2014-01-28 19:11:31-08:00
IPython/html/static/notebook/js/codecell.js,Jonathan Frederic,Paul Ivanov,2014-03-13 14:34:17-07:00,2014-03-13 16:29:28-07:00
IPython/html/static/notebook/js/codecell.js,Jonathan Frederic,jon,2014-07-10 15:47:22-05:00,2014-07-10 15:47:22-05:00
IPython/html/static/notebook/js/codecell.js,jon,Jonathan Frederic,2014-07-10 15:47:23-05:00,2014-07-10 15:47:23-05:00
IPython/html/static/notebook/js/codecell.js,MinRK,Matthias BUSSONNIER,2014-10-08 12:33:33-07:00,2014-10-09 12:14:56+02:00
IPython/html/static/notebook/js/codecell.js,Matthias BUSSONNIER,Matthias Bussonnier,2014-10-10 19:18:56+02:00,2014-10-10 19:18:56+02:00
IPython/html/static/notebook/js/codecell.js,Jonathan Frederic,Min RK,2015-01-20 13:16:26-08:00,2015-01-21 11:12:29-08:00
IPython/html/static/notebook/js/codecell.js,Min RK,Jonathan Frederic,2015-01-21 11:12:29-08:00,2015-01-21 11:27:19-08:00
IPython/html/static/notebook/js/codemirror-ipython.js,Matthias BUSSONNIER,Matthias Bussonnier,2014-10-10 19:18:56+02:00,2014-10-10 19:21:55+02:00
IPython/html/static/notebook/js/codemirror-ipythongfm.js,Matthias BUSSONNIER,Matthias Bussonnier,2014-10-10 19:18:56+02:00,2014-10-10 19:21:55+02:00
IPython/html/static/notebook/js/completer.js,Matthias BUSSONNIER,Matthias Bussonnier,2014-10-10 19:18:56+02:00,2014-10-10 19:18:56+02:00
IPython/html/static/notebook/js/completer.js,Matthias Bussonnier,MinRK,2014-10-10 19:21:50+02:00,2014-10-10 19:21:55+02:00
IPython/html/static/notebook/js/kernelselector.js,Thomas Kluyver,Matthias BUSSONNIER,2014-07-24 16:55:00-07:00,2014-07-24 16:55:18-07:00
IPython/html/static/notebook/js/kernelselector.js,Matthias BUSSONNIER,Thomas Kluyver,2014-07-24 16:55:18-07:00,2014-07-24 16:55:18-07:00
IPython/html/static/notebook/js/kernelselector.js,Thomas Kluyver,Matthias BUSSONNIER,2014-12-09 14:05:55-08:00,2014-12-10 10:45:26+01:00
IPython/html/static/notebook/js/kernelselector.js,Matthias BUSSONNIER,Matthias Bussonnier,2014-12-10 10:45:26+01:00,2014-12-10 10:45:27+01:00
IPython/html/static/notebook/js/kernelselector.js,Matthias Bussonnier,Bussonnier Matthias,2014-12-10 10:45:27+01:00,2014-12-11 10:11:21+01:00
IPython/html/static/notebook/js/kernelselector.js,Bussonnier Matthias,Min RK,2014-12-16 16:37:47+01:00,2014-12-16 21:13:36-08:00
IPython/html/static/notebook/js/kernelselector.js,Mathieu,Matthias Bussonnier,2015-01-13 23:06:43+01:00,2015-01-14 11:08:30+01:00
IPython/html/static/notebook/js/kernelselector.js,Matthias Bussonnier,Min RK,2015-01-14 11:08:30+01:00,2015-01-14 11:14:56-08:00
IPython/html/static/notebook/js/keyboardmanager.js,Jonathan Frederic,Brian E. Granger,2014-03-03 11:35:15-08:00,2014-03-03 13:10:17-08:00
IPython/html/static/notebook/js/keyboardmanager.js,Paul Ivanov,MinRK,2014-03-20 12:38:25-07:00,2014-03-20 14:10:44-07:00
IPython/html/static/notebook/js/keyboardmanager.js,Jonathan Frederic,jon,2014-07-10 15:47:22-05:00,2014-07-10 15:47:23-05:00
IPython/html/static/notebook/js/keyboardmanager.js,Matthias BUSSONNIER,Matthias Bussonnier,2014-10-10 19:18:56+02:00,2014-10-10 19:18:56+02:00
IPython/html/static/notebook/js/keyboardmanager.js,Alexander Belopolsky,Min RK,2015-04-08 10:00:50-07:00,2015-04-08 10:15:20-07:00
IPython/html/static/notebook/js/main.js,Jonathan Frederic,jon,2014-07-10 15:47:22-05:00,2014-07-10 15:47:22-05:00
IPython/html/static/notebook/js/main.js,jon,Jonathan Frederic,2014-07-10 15:47:23-05:00,2014-07-10 15:47:23-05:00
IPython/html/static/notebook/js/main.js,Jason Grout,MinRK,2014-07-22 20:49:52+00:00,2014-07-22 14:43:40-07:00
IPython/html/static/notebook/js/main.js,MinRK,Jason Grout,2014-07-23 11:05:06-07:00,2014-07-23 11:05:34-07:00
IPython/html/static/notebook/js/main.js,Jason Grout,MinRK,2014-07-23 11:05:34-07:00,2014-07-23 11:05:36-07:00
IPython/html/static/notebook/js/main.js,MinRK,Jason Grout,2014-07-23 11:06:01-07:00,2014-07-23 21:13:42+00:00
IPython/html/static/notebook/js/main.js,Matthias BUSSONNIER,MinRK,2014-10-10 19:18:56+02:00,2014-10-10 19:21:55+02:00
IPython/html/static/notebook/js/main.js,MinRK,Matthias Bussonnier,2014-10-10 19:21:55+02:00,2014-10-10 19:21:56+02:00
IPython/html/static/notebook/js/main.js,KesterTong,Jeff Hemmelgarn,2014-11-03 10:17:11-08:00,2014-11-03 10:17:12-08:00
IPython/html/static/notebook/js/main.js,Jeff Hemmelgarn,KesterTong,2014-11-03 10:17:12-08:00,2014-11-03 10:18:04-08:00
IPython/html/static/notebook/js/main.js,KesterTong,Jeff Hemmelgarn,2014-11-03 10:18:04-08:00,2014-11-03 10:18:27-08:00
IPython/html/static/notebook/js/main.js,Matthias BUSSONNIER,Bussonnier Matthias,2014-12-10 10:45:26+01:00,2014-12-11 10:11:21+01:00
IPython/html/static/notebook/js/main.js,Bussonnier Matthias,Min RK,2014-12-16 16:11:39+01:00,2014-12-16 21:13:36-08:00
IPython/html/static/notebook/js/main.js,Min RK,Thomas Kluyver,2014-12-16 21:13:36-08:00,2014-12-17 16:41:26-08:00
IPython/html/static/notebook/js/maintoolbar.js,jon,Jonathan Frederic,2014-06-09 12:05:38-07:00,2014-06-09 12:05:39-07:00
IPython/html/static/notebook/js/maintoolbar.js,Jonathan Frederic,jon,2014-07-10 15:47:22-05:00,2014-07-10 15:47:22-05:00
IPython/html/static/notebook/js/maintoolbar.js,jon,Jonathan Frederic,2014-07-10 15:47:23-05:00,2014-07-10 15:47:23-05:00
IPython/html/static/notebook/js/maintoolbar.js,Thomas Spura,Matthias BUSSONNIER,2014-07-27 14:52:03+02:00,2014-07-27 15:33:09+02:00
IPython/html/static/notebook/js/maintoolbar.js,Matthias Bussonnier,Bussonnier Matthias,2014-12-10 20:51:01+01:00,2014-12-10 20:51:01+01:00
IPython/html/static/notebook/js/maintoolbar.js,Bussonnier Matthias,Matthias Bussonnier,2014-12-10 20:51:01+01:00,2014-12-10 20:58:01+01:00
IPython/html/static/notebook/js/maintoolbar.js,Matthias Bussonnier,Bussonnier Matthias,2014-12-11 09:18:59+01:00,2014-12-11 09:19:50+01:00
IPython/html/static/notebook/js/mathjaxutils.js,Jonathan Frederic,jon,2014-07-10 15:47:22-05:00,2014-07-10 15:47:23-05:00
IPython/html/static/notebook/js/menubar.js,Zachary Sailer,MinRK,2013-10-17 14:09:09-07:00,2013-10-17 14:09:15-07:00
IPython/html/static/notebook/js/menubar.js,MinRK,Brian E. Granger,2013-10-17 14:09:19-07:00,2013-10-17 14:09:20-07:00
IPython/html/static/notebook/js/menubar.js,Jonathan Frederic,jon,2014-07-10 15:47:22-05:00,2014-07-10 15:47:22-05:00
IPython/html/static/notebook/js/menubar.js,jon,Jonathan Frederic,2014-07-10 15:47:23-05:00,2014-07-10 15:47:23-05:00
IPython/html/static/notebook/js/menubar.js,KesterTong,Jeff Hemmelgarn,2014-11-03 10:17:11-08:00,2014-11-03 10:18:27-08:00
IPython/html/static/notebook/js/menubar.js,Jeff Hemmelgarn,Thomas Kluyver,2014-11-03 10:18:27-08:00,2014-11-03 10:18:27-08:00
IPython/html/static/notebook/js/menubar.js,Thomas Kluyver,Kester Tong,2014-11-03 10:18:28-08:00,2014-11-03 10:19:50-08:00
IPython/html/static/notebook/js/menubar.js,Kester Tong,Thomas Kluyver,2014-11-03 10:19:50-08:00,2014-11-03 14:29:39-08:00
IPython/html/static/notebook/js/menubar.js,Thomas Kluyver,Min RK,2014-11-03 14:29:39-08:00,2014-11-03 15:05:54-08:00
IPython/html/static/notebook/js/menubar.js,Min RK,Thomas Kluyver,2014-11-03 15:05:54-08:00,2014-11-03 15:29:09-08:00
IPython/html/static/notebook/js/menubar.js,Min RK,Thomas Kluyver,2014-11-10 17:29:53-08:00,2014-11-11 10:57:32-08:00
IPython/html/static/notebook/js/menubar.js,Nathan Heijermans,Jonathan Frederic,2014-12-02 21:32:43-05:00,2014-12-03 13:42:43-08:00
IPython/html/static/notebook/js/menubar.js,Min RK,Matthias Bussonnier,2014-12-27 01:11:10-08:00,2014-12-27 21:39:07+01:00
IPython/html/static/notebook/js/menubar.js,Min RK,Matthias Bussonnier,2015-01-13 15:51:44-08:00,2015-01-14 11:07:25+01:00
IPython/html/static/notebook/js/menubar.js,Matthias Bussonnier,Min RK,2015-01-14 11:07:25+01:00,2015-01-14 11:38:06-08:00
IPython/html/static/notebook/js/notebook.js,MinRK,Matthias BUSSONNIER,2013-07-05 22:05:53-07:00,2013-07-06 19:43:23+02:00
IPython/html/static/notebook/js/notebook.js,Matthias BUSSONNIER,damianavila,2013-07-06 19:43:23+02:00,2013-07-06 18:59:54-03:00
IPython/html/static/notebook/js/notebook.js,MinRK,Paul Ivanov,2013-10-11 15:36:41+02:00,2013-10-11 08:52:02-07:00
IPython/html/static/notebook/js/notebook.js,Zachary Sailer,MinRK,2013-10-17 14:09:08-07:00,2013-10-17 14:09:13-07:00
IPython/html/static/notebook/js/notebook.js,Jonathan Frederic,Matthias BUSSONNIER,2014-01-17 15:36:49+00:00,2014-01-17 22:25:33-08:00
IPython/html/static/notebook/js/notebook.js,Jonathan Frederic,Brian E. Granger,2014-01-28 11:43:53-08:00,2014-01-28 19:11:31-08:00
IPython/html/static/notebook/js/notebook.js,Brian E. Granger,Paul Ivanov,2014-01-31 10:42:23-08:00,2014-01-31 12:03:30-08:00
IPython/html/static/notebook/js/notebook.js,Paul Ivanov,Brian E. Granger,2014-01-31 12:03:30-08:00,2014-01-31 18:13:01-08:00
IPython/html/static/notebook/js/notebook.js,Brian E. Granger,MinRK,2014-03-03 16:03:06-08:00,2014-03-03 16:10:20-08:00
IPython/html/static/notebook/js/notebook.js,MinRK,Brian E. Granger,2014-03-03 16:10:21-08:00,2014-03-04 15:09:49-08:00
IPython/html/static/notebook/js/notebook.js,Brian E. Granger,MinRK,2014-03-04 15:09:49-08:00,2014-03-04 15:58:09-08:00
IPython/html/static/notebook/js/notebook.js,Jonathan Frederic,jon,2014-07-10 15:47:22-05:00,2014-07-10 15:47:22-05:00
IPython/html/static/notebook/js/notebook.js,jon,Jonathan Frederic,2014-07-10 15:47:23-05:00,2014-07-10 15:47:23-05:00
IPython/html/static/notebook/js/notebook.js,Jonathan Frederic,Thomas Kluyver,2014-07-10 15:47:23-05:00,2014-07-10 23:54:31-05:00
IPython/html/static/notebook/js/notebook.js,Jason Grout,MinRK,2014-07-22 20:49:52+00:00,2014-07-22 15:24:20-07:00
IPython/html/static/notebook/js/notebook.js,MinRK,Jason Grout,2014-07-22 15:24:20-07:00,2014-07-23 21:13:42+00:00
IPython/html/static/notebook/js/notebook.js,Paul Ivanov,Matthias BUSSONNIER,2014-07-28 10:41:02-07:00,2014-07-28 21:43:54+02:00
IPython/html/static/notebook/js/notebook.js,Doug Blank,MinRK,2014-09-28 14:01:35-04:00,2014-09-28 14:42:03-07:00
IPython/html/static/notebook/js/notebook.js,MinRK,Jessica B. Hamrick,2014-10-08 10:17:29-07:00,2014-10-08 11:30:28-07:00
IPython/html/static/notebook/js/notebook.js,Jessica B. Hamrick,MinRK,2014-10-08 11:30:31-07:00,2014-10-08 12:33:32-07:00
IPython/html/static/notebook/js/notebook.js,Matthias Bussonnier,MinRK,2014-10-10 19:18:56+02:00,2014-10-10 19:21:55+02:00
IPython/html/static/notebook/js/notebook.js,MinRK,Thomas Kluyver,2014-10-15 16:57:18-07:00,2014-10-16 15:28:02-07:00
IPython/html/static/notebook/js/notebook.js,KesterTong,Jeff Hemmelgarn,2014-11-03 10:17:11-08:00,2014-11-03 10:17:12-08:00
IPython/html/static/notebook/js/notebook.js,Jeff Hemmelgarn,KesterTong,2014-11-03 10:17:12-08:00,2014-11-03 10:17:12-08:00
IPython/html/static/notebook/js/notebook.js,KesterTong,Jeff Hemmelgarn,2014-11-03 10:17:12-08:00,2014-11-03 10:18:27-08:00
IPython/html/static/notebook/js/notebook.js,Jeff Hemmelgarn,Thomas Kluyver,2014-11-03 10:18:27-08:00,2014-11-03 10:18:27-08:00
IPython/html/static/notebook/js/notebook.js,Thomas Kluyver,Kester Tong,2014-11-03 10:18:28-08:00,2014-11-03 10:19:50-08:00
IPython/html/static/notebook/js/notebook.js,Kester Tong,Thomas Kluyver,2014-11-03 10:19:50-08:00,2014-11-03 10:19:51-08:00
IPython/html/static/notebook/js/notebook.js,Thomas Kluyver,Min RK,2014-11-03 10:21:38-08:00,2014-11-03 11:50:11-08:00
IPython/html/static/notebook/js/notebook.js,Min RK,Thomas Kluyver,2014-11-03 11:50:11-08:00,2014-11-03 14:20:12-08:00
IPython/html/static/notebook/js/notebook.js,Thomas Kluyver,Min RK,2014-11-03 14:46:49-08:00,2014-11-03 15:05:54-08:00
IPython/html/static/notebook/js/notebook.js,Min RK,v923z,2014-11-03 15:05:54-08:00,2014-11-04 14:57:44+01:00
IPython/html/static/notebook/js/notebook.js,v923z,Jonathan Frederic,2014-11-04 15:10:55+01:00,2014-11-04 14:03:52-08:00
IPython/html/static/notebook/js/notebook.js,Min RK,Thomas Kluyver,2014-11-10 14:02:19-08:00,2014-11-11 11:00:19-08:00
IPython/html/static/notebook/js/notebook.js,Thomas Kluyver,Jonathan Frederic,2014-11-13 12:20:53-08:00,2014-11-14 11:22:28-08:00
IPython/html/static/notebook/js/notebook.js,Jonathan Frederic,MinRK,2014-11-14 11:22:28-08:00,2014-11-14 14:53:52-08:00
IPython/html/static/notebook/js/notebook.js,Min RK,Thomas Kluyver,2014-11-18 13:59:02-08:00,2014-11-18 16:56:39-08:00
IPython/html/static/notebook/js/notebook.js,Thomas Kluyver,Matthias Bussonnier,2014-11-18 16:56:39-08:00,2014-11-19 21:44:15+01:00
IPython/html/static/notebook/js/notebook.js,Matthias Bussonnier,Bussonnier Matthias,2014-11-19 21:44:15+01:00,2014-11-19 21:44:15+01:00
IPython/html/static/notebook/js/notebook.js,Bussonnier Matthias,Min RK,2014-11-19 21:47:22+01:00,2014-11-19 16:22:37-08:00
IPython/html/static/notebook/js/notebook.js,Nathan Heijermans,Jonathan Frederic,2014-12-02 21:32:43-05:00,2014-12-03 13:42:43-08:00
IPython/html/static/notebook/js/notebook.js,Thomas Kluyver,Min RK,2014-12-05 10:58:59-08:00,2014-12-05 12:06:24-08:00
IPython/html/static/notebook/js/notebook.js,Min RK,Nathan Heijermans,2014-12-05 12:06:24-08:00,2014-12-06 10:27:27-05:00
IPython/html/static/notebook/js/notebook.js,Nathan Heijermans,Nicholas Bollweg (Nick),2014-12-06 10:27:27-05:00,2014-12-06 14:18:04-05:00
IPython/html/static/notebook/js/notebook.js,Matthias BUSSONNIER,Matthias Bussonnier,2014-12-10 10:45:26+01:00,2014-12-10 10:45:27+01:00
IPython/html/static/notebook/js/notebook.js,Jonathan Frederic,Nathan Heijermans,2014-12-12 12:43:57-08:00,2014-12-12 17:09:44-05:00
IPython/html/static/notebook/js/notebook.js,Nathan Heijermans,Thomas Kluyver,2014-12-12 17:09:44-05:00,2014-12-12 16:48:47-08:00
IPython/html/static/notebook/js/notebook.js,Min RK,Matthias Bussonnier,2014-12-27 01:51:23-08:00,2014-12-27 21:39:07+01:00
IPython/html/static/notebook/js/notebook.js,Min RK,Matthias Bussonnier,2015-01-26 15:31:03-08:00,2015-01-27 12:09:06+01:00
IPython/html/static/notebook/js/notebook.js,Alexander Belopolsky,Min RK,2015-04-08 10:00:50-07:00,2015-04-08 10:15:20-07:00
IPython/html/static/notebook/js/notebook.js,Min RK,Matthias Bussonnier,2015-04-08 10:15:20-07:00,2015-04-08 14:10:36-07:00
IPython/html/static/notebook/js/notificationarea.js,Jonathan Frederic,jon,2014-07-10 15:47:22-05:00,2014-07-10 15:47:22-05:00
IPython/html/static/notebook/js/notificationarea.js,jon,Jonathan Frederic,2014-07-10 15:47:23-05:00,2014-07-10 15:47:23-05:00
IPython/html/static/notebook/js/notificationarea.js,Min RK,Thomas Kluyver,2014-11-19 19:56:52-08:00,2014-11-20 11:52:36-08:00
IPython/html/static/notebook/js/outputarea.js,Matthias BUSSONNIER,Matthias Bussonnier,2013-11-13 14:52:50+01:00,2013-11-13 19:29:47+01:00
IPython/html/static/notebook/js/outputarea.js,Paul Ivanov,MinRK,2014-01-12 13:52:13-08:00,2014-01-12 13:52:13-08:00
IPython/html/static/notebook/js/outputarea.js,MinRK,Paul Ivanov,2014-01-12 13:52:13-08:00,2014-01-12 13:54:46-08:00
IPython/html/static/notebook/js/outputarea.js,Paul Ivanov,MinRK,2014-01-12 13:54:47-08:00,2014-01-12 14:24:16-08:00
IPython/html/static/notebook/js/outputarea.js,MinRK,Matthias BUSSONNIER,2014-01-28 18:44:48-08:00,2014-01-29 08:04:35+01:00
IPython/html/static/notebook/js/outputarea.js,MinRK,Matthias BUSSONNIER,2014-01-31 16:54:30-08:00,2014-02-01 11:42:28+01:00
IPython/html/static/notebook/js/outputarea.js,Brian E. Granger,MinRK,2014-03-03 16:06:40-08:00,2014-03-03 16:10:18-08:00
IPython/html/static/notebook/js/outputarea.js,jon,Jonathan Frederic,2014-04-03 12:19:15-07:00,2014-04-03 12:19:16-07:00
IPython/html/static/notebook/js/outputarea.js,Jonathan Frederic,jon,2014-04-03 12:19:17-07:00,2014-04-03 16:38:00-07:00
IPython/html/static/notebook/js/outputarea.js,jon,Jonathan Frederic,2014-04-03 16:38:00-07:00,2014-04-04 12:00:55-07:00
IPython/html/static/notebook/js/outputarea.js,Matthias Bussonnier,Jonathan Frederic,2014-11-18 14:37:11+01:00,2014-11-18 11:29:35-08:00
IPython/html/static/notebook/js/outputarea.js,Jonathan Frederic,Thomas Kluyver,2014-11-18 11:29:35-08:00,2014-11-19 10:22:32-08:00
IPython/html/static/notebook/js/outputarea.js,Thomas Kluyver,Min RK,2014-11-19 10:22:32-08:00,2014-11-19 16:22:37-08:00
IPython/html/static/notebook/js/outputarea.js,Min RK,Jonathan Frederic,2015-01-21 11:13:05-08:00,2015-01-21 11:27:19-08:00
IPython/html/static/notebook/js/pager.js,Jonathan Frederic,jon,2014-07-10 15:47:22-05:00,2014-07-10 15:47:23-05:00
IPython/html/static/notebook/js/pager.js,jon,Jonathan Frederic,2014-07-10 15:47:23-05:00,2014-07-10 15:47:23-05:00
IPython/html/static/notebook/js/quickhelp.js,Paul Ivanov,MinRK,2014-03-19 22:29:31-07:00,2014-03-20 14:11:05-07:00
IPython/html/static/notebook/js/quickhelp.js,MinRK,Paul Ivanov,2014-03-27 13:32:42-07:00,2014-03-27 15:24:43-07:00
IPython/html/static/notebook/js/quickhelp.js,Jonathan Frederic,jon,2014-07-10 15:47:22-05:00,2014-07-10 15:47:22-05:00
IPython/html/static/notebook/js/quickhelp.js,jon,Jonathan Frederic,2014-07-10 15:47:23-05:00,2014-07-10 15:47:23-05:00
IPython/html/static/notebook/js/quickhelp.js,Matthias Bussonnier,Bussonnier Matthias,2014-12-10 20:47:34+01:00,2014-12-10 20:51:01+01:00
IPython/html/static/notebook/js/quickhelp.js,Bussonnier Matthias,Matthias Bussonnier,2014-12-10 20:51:02+01:00,2014-12-10 20:58:01+01:00
IPython/html/static/notebook/js/savewidget.js,Zachary Sailer,MinRK,2013-10-17 14:09:12-07:00,2013-10-17 14:09:18-07:00
IPython/html/static/notebook/js/savewidget.js,Jonathan Frederic,jon,2014-07-10 15:47:22-05:00,2014-07-10 15:47:23-05:00
IPython/html/static/notebook/js/savewidget.js,jon,Jonathan Frederic,2014-07-10 15:47:23-05:00,2014-07-10 15:47:23-05:00
IPython/html/static/notebook/js/textcell.js,Matthias BUSSONNIER,MinRK,2013-07-10 15:58:45+02:00,2013-07-10 13:43:07-07:00
IPython/html/static/notebook/js/textcell.js,MinRK,Brian E. Granger,2013-12-05 09:34:30-08:00,2013-12-05 12:22:10-08:00
IPython/html/static/notebook/js/textcell.js,Jonathan Frederic,Brian E. Granger,2014-02-27 15:45:06-08:00,2014-02-27 15:45:06-08:00
IPython/html/static/notebook/js/textcell.js,Brian E. Granger,Jonathan Frederic,2014-02-27 15:45:06-08:00,2014-02-28 14:18:56-08:00
IPython/html/static/notebook/js/textcell.js,Jonathan Frederic,MinRK,2014-02-28 14:30:06-08:00,2014-02-28 16:52:00-08:00
IPython/html/static/notebook/js/textcell.js,Brian E. Granger,MinRK,2014-03-03 16:06:40-08:00,2014-03-03 16:10:17-08:00
IPython/html/static/notebook/js/textcell.js,Jonathan Frederic,jon,2014-07-10 15:47:22-05:00,2014-07-10 15:47:22-05:00
IPython/html/static/notebook/js/textcell.js,jon,Jonathan Frederic,2014-07-10 15:47:23-05:00,2014-07-10 15:47:23-05:00
IPython/html/static/notebook/js/textcell.js,Paul Ivanov,Matthias BUSSONNIER,2014-07-28 10:41:02-07:00,2014-07-28 21:41:58+02:00
IPython/html/static/notebook/js/textcell.js,Matthias BUSSONNIER,Paul Ivanov,2014-07-29 15:57:06+02:00,2014-07-29 16:24:53-07:00
IPython/html/static/notebook/js/textcell.js,MinRK,Matthias BUSSONNIER,2014-09-04 11:15:45-07:00,2014-09-05 11:03:48-07:00
IPython/html/static/notebook/js/toolbar.js,Min RK,Matthias Bussonnier,2014-12-10 10:42:17-08:00,2014-12-10 20:51:01+01:00
IPython/html/static/notebook/js/toolbar.js,Matthias Bussonnier,Bussonnier Matthias,2014-12-10 20:51:01+01:00,2014-12-10 20:51:01+01:00
IPython/html/static/notebook/js/toolbar.js,Bussonnier Matthias,Matthias Bussonnier,2014-12-10 20:51:01+01:00,2014-12-10 20:58:01+01:00
IPython/html/static/notebook/js/toolbar.js,Matthias Bussonnier,Bussonnier Matthias,2014-12-10 20:58:01+01:00,2014-12-11 09:58:04+01:00
IPython/html/static/notebook/js/tooltip.js,Zachary Sailer,MinRK,2013-10-17 14:09:01-07:00,2013-10-17 14:09:20-07:00
IPython/html/static/notebook/js/tooltip.js,Jessica B. Hamrick,Matthias Bussonnier,2014-10-09 18:34:22-07:00,2014-10-10 19:21:50+02:00
IPython/html/static/notebook/js/tour.js,Jonathan Frederic,jon,2014-07-10 15:47:22-05:00,2014-07-10 15:47:23-05:00
IPython/html/static/notebook/js/tour.js,jon,Jonathan Frederic,2014-07-10 15:47:23-05:00,2014-07-10 15:47:23-05:00
IPython/html/static/notebook/js/widget.js,Jonathan Frederic,Brian E. Granger,2014-01-16 10:55:57+00:00,2014-01-16 10:55:57+00:00
IPython/html/static/notebook/js/widget.js,Brian E. Granger,Jonathan Frederic,2014-01-16 10:55:57+00:00,2014-01-16 10:55:57+00:00
IPython/html/static/notebook/js/widgetmanager.js,Jonathan Frederic,Jason Grout,2014-01-16 10:57:10+00:00,2014-01-16 10:57:10+00:00
IPython/html/static/notebook/js/widgetmanager.js,Jason Grout,Jonathan Frederic,2014-01-16 10:57:10+00:00,2014-01-16 10:57:11+00:00
IPython/html/static/notebook/js/widgetmanager.js,Jonathan Frederic,Jason Grout,2014-01-16 10:57:12+00:00,2014-01-16 10:57:13+00:00
IPython/html/static/notebook/js/widgetmanager.js,Jason Grout,Jonathan Frederic,2014-01-16 10:57:13+00:00,2014-01-16 10:57:13+00:00
IPython/html/static/notebook/js/widgetmanager.js,Jason Grout,Jonathan Frederic,2014-01-17 15:21:06+00:00,2014-01-17 16:22:57+00:00
IPython/html/static/notebook/js/widgetmanager.js,Jonathan Frederic,Jason Grout,2014-01-21 11:05:32+00:00,2014-01-21 10:13:42-08:00
IPython/html/static/notebook/js/widgetmanager.js,Jason Grout,Jonathan Frederic,2014-01-21 10:13:42-08:00,2014-01-21 16:26:03-08:00
IPython/html/static/notebook/js/widgetmanager.js,Jonathan Frederic,Brian E. Granger,2014-01-29 12:37:45-08:00,2014-01-30 10:11:12-08:00
IPython/html/static/notebook/js/widgets/base.js,Jonathan Frederic,Jason Grout,2014-01-16 10:57:10+00:00,2014-01-16 10:57:10+00:00
IPython/html/static/notebook/js/widgets/base.js,Jason Grout,Jonathan Frederic,2014-01-16 10:57:11+00:00,2014-01-16 10:57:11+00:00
IPython/html/static/notebook/js/widgets/base.js,Jonathan Frederic,Jason Grout,2014-01-16 10:57:12+00:00,2014-01-16 10:57:13+00:00
IPython/html/static/notebook/js/widgets/base.js,Jason Grout,Jonathan Frederic,2014-01-16 10:57:13+00:00,2014-01-16 10:57:13+00:00
IPython/html/static/notebook/js/widgets/container.js,Jonathan Frederic,Jason Grout,2014-01-16 10:57:09+00:00,2014-01-16 10:57:10+00:00
IPython/html/static/notebook/js/widgets/container.js,Jason Grout,Jonathan Frederic,2014-01-16 10:57:11+00:00,2014-01-16 10:57:12+00:00
IPython/html/static/notebook/js/widgets/multicontainer.js,Jonathan Frederic,Jason Grout,2014-01-16 10:57:10+00:00,2014-01-16 10:57:10+00:00
IPython/html/static/notebook/js/widgets/multicontainer.js,Jason Grout,Jonathan Frederic,2014-01-16 10:57:11+00:00,2014-01-16 10:57:11+00:00
IPython/html/static/notebook/js/widgets/string.js,Jonathan Frederic,Jason Grout,2014-01-16 10:57:10+00:00,2014-01-16 10:57:10+00:00
IPython/html/static/notebook/js/widgets/widget.js,Jonathan Frederic,Jason Grout,2014-01-16 10:57:16+00:00,2014-01-16 10:57:16+00:00
IPython/html/static/notebook/js/widgets/widget.js,Jason Grout,Jonathan Frederic,2014-01-16 10:57:16+00:00,2014-01-16 10:57:16+00:00
IPython/html/static/notebook/js/widgets/widget.js,Jonathan Frederic,Jason Grout,2014-01-16 16:48:14+00:00,2014-01-17 15:04:27+00:00
IPython/html/static/notebook/js/widgets/widget.js,Jason Grout,Jonathan Frederic,2014-01-17 15:21:30+00:00,2014-01-17 17:03:29+00:00
IPython/html/static/notebook/js/widgets/widget.js,Jonathan Frederic,Jason Grout,2014-01-21 11:00:45+00:00,2014-01-21 10:13:42-08:00
IPython/html/static/notebook/js/widgets/widget.js,Jason Grout,Jonathan Frederic,2014-01-21 10:13:42-08:00,2014-01-21 12:35:39-08:00
IPython/html/static/notebook/less/celltoolbar.less,jon,Jonathan Frederic,2014-06-09 12:05:38-07:00,2014-06-09 12:05:40-07:00
IPython/html/static/notebook/less/highlight.less,Bussonnier Matthias,Matthias BUSSONNIER,2013-08-10 01:14:46+02:00,2013-08-10 01:14:46+02:00
IPython/html/static/notebook/less/kernelselector.less,Thomas Kluyver,Matthias BUSSONNIER,2014-07-24 16:54:59-07:00,2014-07-24 16:55:18-07:00
IPython/html/static/notebook/less/menubar.less,Jonathan Frederic,jon,2014-06-09 12:05:38-07:00,2014-06-09 12:05:38-07:00
IPython/html/static/notebook/less/menubar.less,jon,Jonathan Frederic,2014-06-09 12:05:38-07:00,2014-06-09 12:05:38-07:00
IPython/html/static/notebook/less/notebook.less,Matthias Bussonnier,Bussonnier Matthias,2014-12-18 15:19:35-08:00,2014-12-18 15:19:35-08:00
IPython/html/static/notebook/less/notebook.less,Bussonnier Matthias,Jonathan Frederic,2014-12-18 15:19:35-08:00,2014-12-18 15:19:36-08:00
IPython/html/static/notebook/less/notificationarea.less,Jonathan Frederic,jon,2014-06-09 12:05:36-07:00,2014-06-09 12:05:38-07:00
IPython/html/static/notebook/less/notificationarea.less,Thomas Spura,Matthias BUSSONNIER,2014-07-27 14:52:03+02:00,2014-07-27 15:33:09+02:00
IPython/html/static/notebook/less/notificationarea.less,Bussonnier Matthias,Min RK,2015-01-25 19:59:16+01:00,2015-01-26 10:56:09-08:00
IPython/html/static/notebook/less/terminal.less,Bussonnier Matthias,Thomas Kluyver,2014-10-25 17:15:36-07:00,2014-10-25 17:15:36-07:00
IPython/html/static/notebook/less/textcell.less,Brian E. Granger,MinRK,2014-03-03 16:06:40-08:00,2014-03-03 16:10:19-08:00
IPython/html/static/notebook/less/variables.less,Matthias Bussonnier,Jonathan Frederic,2014-12-18 15:19:35-08:00,2014-12-18 15:19:36-08:00
IPython/html/static/services/contents.js,Thomas Kluyver,Kester Tong,2014-11-03 10:18:28-08:00,2014-11-03 10:19:50-08:00
IPython/html/static/services/contents.js,Kester Tong,Thomas Kluyver,2014-11-03 10:19:51-08:00,2014-11-03 10:19:51-08:00
IPython/html/static/services/contents.js,Min RK,Thomas Kluyver,2014-11-10 17:29:53-08:00,2014-11-11 10:58:31-08:00
IPython/html/static/services/kernels/js/kernel.js,Zachary Sailer,MinRK,2013-10-17 14:09:09-07:00,2013-10-17 14:09:18-07:00
IPython/html/static/services/kernels/js/kernel.js,Jonathan Frederic,Thomas Kluyver,2014-07-10 15:47:22-05:00,2014-07-10 23:54:31-05:00
IPython/html/static/services/kernels/kernel.js,Nathan Heijermans,Jonathan Frederic,2014-12-02 21:32:43-05:00,2014-12-03 13:42:43-08:00
IPython/html/static/services/sessions/js/session.js,Zachary Sailer,MinRK,2013-10-17 14:09:12-07:00,2013-10-17 14:09:18-07:00
IPython/html/static/services/sessions/js/session.js,Jonathan Frederic,jon,2014-07-10 15:47:22-05:00,2014-07-10 15:47:23-05:00
IPython/html/static/services/sessions/js/session.js,jon,Jonathan Frederic,2014-07-10 15:47:23-05:00,2014-07-10 15:47:23-05:00
IPython/html/static/services/sessions/js/session.js,Jonathan Frederic,Thomas Kluyver,2014-07-10 15:47:23-05:00,2014-07-10 23:54:31-05:00
IPython/html/static/style/ipython.min.css,Bussonnier Matthias,Matthias BUSSONNIER,2013-08-10 01:14:46+02:00,2013-08-10 01:14:46+02:00
IPython/html/static/style/ipython.min.css,Jonathan Frederic,Matthias BUSSONNIER,2014-02-03 12:43:50-08:00,2014-02-04 11:40:39+01:00
IPython/html/static/style/ipython.min.css,Matthias BUSSONNIER,Brian E. Granger,2014-02-04 11:40:39+01:00,2014-02-04 15:53:27-08:00
IPython/html/static/style/ipython.min.css,Brian E. Granger,Jonathan Frederic,2014-02-04 15:53:27-08:00,2014-02-05 12:01:08-08:00
IPython/html/static/style/ipython.min.css,Jonathan Frederic,Brian E. Granger,2014-02-05 12:01:08-08:00,2014-02-05 15:35:46-08:00
IPython/html/static/style/ipython.min.css,Brian E. Granger,Jonathan Frederic,2014-02-05 15:35:46-08:00,2014-02-06 14:04:25-08:00
IPython/html/static/style/ipython.min.css,Jonathan Frederic,MinRK,2014-02-07 15:08:57-08:00,2014-02-07 20:20:24-08:00
IPython/html/static/style/ipython.min.css,Brian E. Granger,MinRK,2014-03-03 16:06:40-08:00,2014-03-03 16:10:19-08:00
IPython/html/static/style/ipython.min.css,Nicholas Bollweg (Nick),Min RK,2014-12-06 14:18:51-05:00,2014-12-07 11:16:15-08:00
IPython/html/static/style/ipython.min.css,Jonathan Frederic,Matthias Bussonnier,2014-12-10 10:44:23-08:00,2014-12-10 20:51:01+01:00
IPython/html/static/style/ipython.min.css,Matthias Bussonnier,Jonathan Frederic,2014-12-11 09:18:59+01:00,2014-12-11 13:55:36-08:00
IPython/html/static/style/ipython.min.css,Jonathan Frederic,Bussonnier Matthias,2014-12-18 15:19:36-08:00,2014-12-19 15:20:16+01:00
IPython/html/static/style/ipython.min.css,damianavila,Peter Parente,2015-01-25 12:50:28-03:00,2015-01-26 09:08:45-05:00
IPython/html/static/style/style.less,Thomas Spura,MinRK,2014-07-27 14:52:04+02:00,2014-07-27 14:52:04+02:00
IPython/html/static/style/style.min.css,Bussonnier Matthias,Matthias BUSSONNIER,2013-08-10 01:14:46+02:00,2013-08-10 01:14:46+02:00
IPython/html/static/style/style.min.css,MinRK,Brian E. Granger,2013-11-20 14:50:06-08:00,2013-11-20 17:31:49-08:00
IPython/html/static/style/style.min.css,MinRK,Brian E. Granger,2014-01-31 10:25:20-08:00,2014-01-31 21:17:32-08:00
IPython/html/static/style/style.min.css,Brian E. Granger,Matthias BUSSONNIER,2014-01-31 21:17:32-08:00,2014-02-01 11:26:00+01:00
IPython/html/static/style/style.min.css,Jonathan Frederic,Matthias BUSSONNIER,2014-02-03 12:43:50-08:00,2014-02-04 11:40:39+01:00
IPython/html/static/style/style.min.css,Matthias BUSSONNIER,Brian E. Granger,2014-02-04 11:40:39+01:00,2014-02-04 15:53:27-08:00
IPython/html/static/style/style.min.css,Brian E. Granger,Jonathan Frederic,2014-02-04 15:53:27-08:00,2014-02-05 12:01:08-08:00
IPython/html/static/style/style.min.css,Jonathan Frederic,Brian E. Granger,2014-02-05 12:46:20-08:00,2014-02-05 15:35:46-08:00
IPython/html/static/style/style.min.css,Brian E. Granger,Jonathan Frederic,2014-02-05 22:58:33-08:00,2014-02-06 14:04:25-08:00
IPython/html/static/style/style.min.css,Jonathan Frederic,Brian E. Granger,2014-02-06 14:04:25-08:00,2014-02-06 14:54:40-08:00
IPython/html/static/style/style.min.css,MinRK,Jonathan Frederic,2014-02-07 15:08:35-08:00,2014-02-07 15:08:57-08:00
IPython/html/static/style/style.min.css,Jonathan Frederic,MinRK,2014-02-07 15:08:57-08:00,2014-02-07 20:20:24-08:00
IPython/html/static/style/style.min.css,Brian E. Granger,MinRK,2014-03-03 16:06:40-08:00,2014-03-03 16:10:19-08:00
IPython/html/static/style/style.min.css,MinRK,Paul Ivanov,2014-03-11 14:45:37-07:00,2014-03-11 18:22:03-07:00
IPython/html/static/style/style.min.css,MinRK,Jonathan Frederic,2014-03-20 14:12:09-07:00,2014-03-21 13:20:10-07:00
IPython/html/static/style/style.min.css,Jonathan Frederic,jon,2014-06-09 12:05:37-07:00,2014-06-09 12:05:38-07:00
IPython/html/static/style/style.min.css,jon,Jonathan Frederic,2014-06-09 12:05:38-07:00,2014-06-09 12:05:38-07:00
IPython/html/static/style/style.min.css,Matthias BUSSONNIER,Thomas Kluyver,2014-07-25 00:09:23+02:00,2014-07-24 16:54:08-07:00
IPython/html/static/style/style.min.css,Thomas Kluyver,Matthias BUSSONNIER,2014-07-24 16:54:59-07:00,2014-07-24 16:55:18-07:00
IPython/html/static/style/style.min.css,Thomas Spura,Matthias BUSSONNIER,2014-07-27 14:53:17+02:00,2014-07-27 15:33:09+02:00
IPython/html/static/style/style.min.css,Paul Ivanov,MinRK,2014-07-30 17:31:00-07:00,2014-07-31 11:57:36-07:00
IPython/html/static/style/style.min.css,Jessica B. Hamrick,MinRK,2014-10-15 12:11:48-07:00,2014-10-16 11:07:14-07:00
IPython/html/static/style/style.min.css,Bussonnier Matthias,Thomas Kluyver,2014-10-25 17:15:36-07:00,2014-10-25 17:15:36-07:00
IPython/html/static/style/style.min.css,Jonathan Frederic,Min RK,2014-12-04 20:33:25-08:00,2014-12-05 12:06:54-08:00
IPython/html/static/style/style.min.css,Min RK,Nicholas Bollweg (Nick),2014-12-05 13:08:55-08:00,2014-12-06 14:18:51-05:00
IPython/html/static/style/style.min.css,Nicholas Bollweg (Nick),Min RK,2014-12-06 14:18:51-05:00,2014-12-07 11:16:15-08:00
IPython/html/static/style/style.min.css,Jonathan Frederic,Thomas Kluyver,2014-12-08 17:32:43-08:00,2014-12-09 12:11:02-08:00
IPython/html/static/style/style.min.css,Thomas Kluyver,Jonathan Frederic,2014-12-09 12:11:02-08:00,2014-12-09 14:59:19-08:00
IPython/html/static/style/style.min.css,Jonathan Frederic,Matthias Bussonnier,2014-12-10 10:51:00-08:00,2014-12-10 20:51:01+01:00
IPython/html/static/style/style.min.css,Matthias Bussonnier,Jonathan Frederic,2014-12-10 20:51:01+01:00,2014-12-10 14:58:10-08:00
IPython/html/static/style/style.min.css,Jonathan Frederic,Matthias Bussonnier,2014-12-10 16:51:29-08:00,2014-12-11 09:18:59+01:00
IPython/html/static/style/style.min.css,Matthias Bussonnier,Jonathan Frederic,2014-12-11 09:18:59+01:00,2014-12-11 13:55:36-08:00
IPython/html/static/style/style.min.css,Jonathan Frederic,Thomas Kluyver,2014-12-12 07:43:00-08:00,2014-12-12 12:02:16-08:00
IPython/html/static/style/style.min.css,Jonathan Frederic,Min RK,2014-12-16 11:32:54-08:00,2014-12-16 21:13:36-08:00
IPython/html/static/style/style.min.css,Jonathan Frederic,Matthias Bussonnier,2014-12-18 15:19:35-08:00,2014-12-18 15:19:35-08:00
IPython/html/static/style/style.min.css,Matthias Bussonnier,Bussonnier Matthias,2014-12-18 15:19:35-08:00,2014-12-18 15:19:35-08:00
IPython/html/static/style/style.min.css,Bussonnier Matthias,Jonathan Frederic,2014-12-18 15:19:35-08:00,2014-12-18 15:19:35-08:00
IPython/html/static/style/style.min.css,Jonathan Frederic,Bussonnier Matthias,2014-12-18 16:28:59-08:00,2014-12-19 15:20:16+01:00
IPython/html/static/style/style.min.css,Matthias Bussonnier,Jonathan Frederic,2014-12-23 11:32:15+01:00,2014-12-23 12:15:06-08:00
IPython/html/static/style/style.min.css,Jonathan Frederic,Matthias Bussonnier,2014-12-23 12:15:06-08:00,2014-12-23 23:20:03+01:00
IPython/html/static/style/style.min.css,Min RK,Jonathan Frederic,2015-01-04 12:13:50-08:00,2015-01-05 11:12:43-08:00
IPython/html/static/style/style.min.css,Min RK,Nicholas Bollweg,2015-01-13 15:51:44-08:00,2015-01-13 18:54:32-05:00
IPython/html/static/style/style.min.css,Min RK,Jonathan Frederic,2015-01-20 12:38:01-08:00,2015-01-20 13:31:04-08:00
IPython/html/static/style/style.min.css,Jonathan Frederic,Min RK,2015-01-20 15:14:13-08:00,2015-01-20 17:11:51-08:00
IPython/html/static/style/style.min.css,Min RK,Bussonnier Matthias,2015-01-23 15:11:59-08:00,2015-01-24 11:21:32+01:00
IPython/html/static/style/style.min.css,damianavila,Bussonnier Matthias,2015-01-25 12:50:28-03:00,2015-01-25 19:59:16+01:00
IPython/html/static/style/style.min.css,Bussonnier Matthias,Jonathan Frederic,2015-01-25 19:59:16+01:00,2015-01-25 18:08:33-08:00
IPython/html/static/style/style.min.css,Jonathan Frederic,Min RK,2015-01-25 18:08:33-08:00,2015-01-25 22:38:34-08:00
IPython/html/static/style/style.min.css,Min RK,Peter Parente,2015-01-25 22:39:54-08:00,2015-01-26 09:08:45-05:00
IPython/html/static/style/style.min.css,Peter Parente,Min RK,2015-01-26 09:08:45-05:00,2015-01-26 10:12:08-08:00
IPython/html/static/style/style.min.css,Min RK,Bussonnier Matthias,2015-01-26 21:42:22-08:00,2015-01-27 11:39:54+01:00
IPython/html/static/style/style.min.css,Mathieu,Jonathan Frederic,2015-01-28 16:01:09+01:00,2015-01-28 12:19:31-08:00
IPython/html/static/style/style.min.css,Jonathan Frederic,Mathieu,2015-01-28 12:19:31-08:00,2015-01-29 01:08:05+01:00
IPython/html/static/style/style.min.css,Mathieu,Min RK,2015-01-29 01:08:05+01:00,2015-01-29 11:31:24-08:00
IPython/html/static/style/style.min.css,Min RK,Mathieu,2015-01-29 11:31:24-08:00,2015-01-30 00:47:12+01:00
IPython/html/static/style/style.min.css,Jonathan Frederic,Min RK,2015-02-03 16:13:09-08:00,2015-02-04 10:33:36-08:00
IPython/html/static/style/style.min.css,Min RK,Mathieu,2015-02-04 10:33:36-08:00,2015-02-05 14:22:30+01:00
IPython/html/static/style/style.min.css,Min RK,Mathieu,2015-02-10 17:32:47-08:00,2015-02-11 03:09:19+01:00
IPython/html/static/terminal/js/main.js,Thomas Kluyver,Bussonnier Matthias,2014-10-25 17:14:40-07:00,2014-10-25 17:15:36-07:00
IPython/html/static/terminal/js/main.js,Bussonnier Matthias,Thomas Kluyver,2014-10-25 17:15:36-07:00,2014-10-25 17:15:36-07:00
IPython/html/static/terminal/js/main.js,Thomas Kluyver,Jonathan Frederic,2014-12-17 17:00:47-08:00,2014-12-18 15:19:35-08:00
IPython/html/static/terminal/js/terminado.js,Thomas Kluyver,Bussonnier Matthias,2014-10-25 17:14:40-07:00,2014-10-25 17:15:36-07:00
IPython/html/static/tree/js/kernellist.js,Jonathan Frederic,jon,2014-07-10 15:47:22-05:00,2014-07-10 15:47:22-05:00
IPython/html/static/tree/js/main.js,Jonathan Frederic,jon,2014-07-10 15:47:22-05:00,2014-07-10 15:47:22-05:00
IPython/html/static/tree/js/main.js,MinRK,Jason Grout,2014-07-23 11:05:06-07:00,2014-07-23 11:05:34-07:00
IPython/html/static/tree/js/main.js,Jason Grout,MinRK,2014-07-23 11:05:34-07:00,2014-07-23 11:05:36-07:00
IPython/html/static/tree/js/main.js,KesterTong,Jeff Hemmelgarn,2014-11-03 10:17:11-08:00,2014-11-03 10:17:12-08:00
IPython/html/static/tree/js/main.js,Jeff Hemmelgarn,KesterTong,2014-11-03 10:17:12-08:00,2014-11-03 10:18:04-08:00
IPython/html/static/tree/js/main.js,KesterTong,Jeff Hemmelgarn,2014-11-03 10:18:04-08:00,2014-11-03 10:18:27-08:00
IPython/html/static/tree/js/main.js,Jeff Hemmelgarn,Thomas Kluyver,2014-11-03 10:18:27-08:00,2014-11-03 10:18:27-08:00
IPython/html/static/tree/js/main.js,Thomas Kluyver,Kester Tong,2014-11-03 10:18:28-08:00,2014-11-03 10:19:50-08:00
IPython/html/static/tree/js/main.js,Kester Tong,Thomas Kluyver,2014-11-03 10:19:50-08:00,2014-11-03 14:29:39-08:00
IPython/html/static/tree/js/main.js,Min RK,Thomas Kluyver,2014-11-10 17:29:53-08:00,2014-11-11 10:57:32-08:00
IPython/html/static/tree/js/newnotebook.js,Min RK,Jonathan Frederic,2014-12-28 23:26:05-08:00,2014-12-29 12:16:18-08:00
IPython/html/static/tree/js/notebooklist.js,Zachary Sailer,MinRK,2013-10-17 14:09:12-07:00,2013-10-17 14:09:13-07:00
IPython/html/static/tree/js/notebooklist.js,MinRK,Brian E. Granger,2013-10-17 14:09:14-07:00,2013-10-17 14:09:20-07:00
IPython/html/static/tree/js/notebooklist.js,Brian E. Granger,MinRK,2013-10-17 14:09:20-07:00,2013-10-17 14:31:20-07:00
IPython/html/static/tree/js/notebooklist.js,Brian E. Granger,MinRK,2014-02-04 15:53:27-08:00,2014-02-05 12:25:55-08:00
IPython/html/static/tree/js/notebooklist.js,Jonathan Frederic,jon,2014-07-10 15:47:22-05:00,2014-07-10 15:47:22-05:00
IPython/html/static/tree/js/notebooklist.js,KesterTong,Jeff Hemmelgarn,2014-11-03 10:17:11-08:00,2014-11-03 10:17:12-08:00
IPython/html/static/tree/js/notebooklist.js,Jeff Hemmelgarn,KesterTong,2014-11-03 10:17:12-08:00,2014-11-03 10:17:12-08:00
IPython/html/static/tree/js/notebooklist.js,KesterTong,Jeff Hemmelgarn,2014-11-03 10:17:12-08:00,2014-11-03 10:18:04-08:00
IPython/html/static/tree/js/notebooklist.js,Jeff Hemmelgarn,Thomas Kluyver,2014-11-03 10:18:27-08:00,2014-11-03 10:18:28-08:00
IPython/html/static/tree/js/notebooklist.js,Thomas Kluyver,Kester Tong,2014-11-03 10:18:28-08:00,2014-11-03 10:19:50-08:00
IPython/html/static/tree/js/notebooklist.js,Kester Tong,Thomas Kluyver,2014-11-03 10:19:50-08:00,2014-11-03 14:40:09-08:00
IPython/html/static/tree/js/notebooklist.js,Min RK,Thomas Kluyver,2014-11-10 14:02:19-08:00,2014-11-11 10:58:31-08:00
IPython/html/static/tree/js/notebooklist.js,David Neto,Min RK,2014-11-17 10:09:53-08:00,2014-11-17 10:09:53-08:00
IPython/html/static/tree/js/notebooklist.js,Matthias Bussonnier,Jonathan Frederic,2014-12-23 11:32:15+01:00,2014-12-23 12:15:06-08:00
IPython/html/static/tree/js/notebooklist.js,Jonathan Frederic,Min RK,2015-01-25 18:15:43-08:00,2015-01-26 11:22:22-08:00
IPython/html/static/tree/js/notebooklist.js,Matthias Bussonnier,Jonathan Frederic,2015-01-27 21:21:44+01:00,2015-01-27 12:30:07-08:00
IPython/html/static/tree/js/notebooklist.js,Jonathan Frederic,Mathieu,2015-01-27 12:30:07-08:00,2015-01-28 16:01:09+01:00
IPython/html/static/tree/js/notebooklist.js,Mathieu,Min RK,2015-01-28 16:01:09+01:00,2015-01-28 12:01:30-08:00
IPython/html/static/tree/js/notebooklist.js,Min RK,Jonathan Frederic,2015-01-28 12:01:30-08:00,2015-01-28 12:19:19-08:00
IPython/html/static/tree/js/notebooklist.js,Jonathan Frederic,Min RK,2015-02-03 08:21:46-08:00,2015-02-03 12:39:19-08:00
IPython/html/static/tree/js/notebooklist.js,Min RK,Jonathan Frederic,2015-02-03 12:41:21-08:00,2015-02-04 12:13:08-08:00
IPython/html/static/tree/js/notebooklist.js,Jonathan Frederic,Mathieu,2015-02-04 12:13:08-08:00,2015-02-05 14:22:29+01:00
IPython/html/static/tree/js/notebooklist.js,Matthias Bussonnier,Jonathan Frederic,2015-03-19 15:27:30-07:00,2015-03-20 12:14:29-07:00
IPython/html/static/tree/js/sessionlist.js,Jonathan Frederic,jon,2014-07-10 15:47:22-05:00,2014-07-10 15:47:22-05:00
IPython/html/static/tree/less/tree.less,Thomas Spura,Matthias BUSSONNIER,2014-07-27 14:52:03+02:00,2014-07-27 15:33:09+02:00
IPython/html/static/tree/less/tree.less,Matthias Bussonnier,Jonathan Frederic,2014-12-23 11:32:15+01:00,2014-12-23 12:15:06-08:00
IPython/html/static/tree/less/tree.less,Mathieu,Jonathan Frederic,2015-01-28 16:01:09+01:00,2015-01-28 12:19:19-08:00
IPython/html/static/tree/less/tree.less,Jonathan Frederic,Mathieu,2015-01-28 12:19:19-08:00,2015-01-29 01:06:56+01:00
IPython/html/static/widgets/js/manager.js,Brian E. Granger,Jonathan Frederic,2014-05-08 12:06:20-05:00,2014-05-08 13:46:48-05:00
IPython/html/static/widgets/js/manager.js,Jonathan Frederic,Sylvain Corlay,2014-07-10 15:47:23-05:00,2014-07-11 12:55:56-04:00
IPython/html/static/widgets/js/manager.js,Jason Grout,Jonathan Frederic,2014-11-15 08:48:33-08:00,2014-11-15 08:48:33-08:00
IPython/html/static/widgets/js/manager.js,Jonathan Frederic,Jason Grout,2014-11-15 08:48:33-08:00,2014-11-15 08:48:33-08:00
IPython/html/static/widgets/js/manager.js,Jason Grout,Jonathan Frederic,2014-11-15 08:48:33-08:00,2014-11-15 08:48:34-08:00
IPython/html/static/widgets/js/manager.js,Jason Grout,Jonathan Frederic,2014-12-03 19:30:05+00:00,2014-12-03 13:42:43-08:00
IPython/html/static/widgets/js/widget.js,Jonathan Frederic,Sylvain Corlay,2014-07-10 15:47:23-05:00,2014-07-11 12:55:56-04:00
IPython/html/static/widgets/js/widget.js,Sylvain Corlay,sylvain.corlay,2014-07-23 20:26:44+00:00,2014-07-24 00:12:33-04:00
IPython/html/static/widgets/js/widget.js,sylvain.corlay,Sylvain Corlay,2014-07-24 10:06:32-04:00,2014-07-25 00:31:51+00:00
IPython/html/static/widgets/js/widget.js,Jason Grout,Sylvain Corlay,2014-07-28 19:11:20+00:00,2014-07-28 22:22:11+00:00
IPython/html/static/widgets/js/widget.js,sylvain.corlay,Sylvain Corlay,2014-09-13 20:13:08-04:00,2014-09-14 11:46:12-04:00
IPython/html/static/widgets/js/widget.js,Sylvain Corlay,Jonathan Frederic,2014-09-16 14:31:26+00:00,2014-09-16 10:17:59-07:00
IPython/html/static/widgets/js/widget.js,Jonathan Frederic,Sylvain Corlay,2014-09-23 15:18:00-07:00,2014-09-23 21:11:39-04:00
IPython/html/static/widgets/js/widget.js,Jonathan Frederic,Jason Grout,2014-11-15 08:48:33-08:00,2014-11-15 08:48:33-08:00
IPython/html/static/widgets/js/widget.js,Jason Grout,Jonathan Frederic,2014-11-15 08:48:34-08:00,2014-11-15 08:48:34-08:00
IPython/html/static/widgets/js/widget.js,Jason Grout,Jonathan Frederic,2014-11-20 16:09:37+00:00,2014-11-20 13:52:46-08:00
IPython/html/static/widgets/js/widget.js,Jason Grout,Jonathan Frederic,2014-12-03 19:30:05+00:00,2014-12-03 13:42:43-08:00
IPython/html/static/widgets/js/widget.js,Jonathan Frederic,Jason Grout,2014-12-03 13:46:34-08:00,2014-12-04 00:27:59+00:00
IPython/html/static/widgets/js/widget.js,Jason Grout,Nicholas Bollweg (Nick),2014-12-04 00:27:59+00:00,2014-12-04 11:01:00-05:00
IPython/html/static/widgets/js/widget.js,Jonathan Frederic,Jason Grout,2014-12-08 17:18:10-08:00,2014-12-09 19:36:39+00:00
IPython/html/static/widgets/js/widget.js,Sylvain Corlay,unknown,2015-04-06 12:16:42-04:00,2015-04-06 22:25:15-04:00
IPython/html/static/widgets/js/widget.js,unknown,Sylvain Corlay,2015-04-06 22:25:15-04:00,2015-04-07 20:49:35+00:00
IPython/html/static/widgets/js/widget_bool.js,Jonathan Frederic,Nicholas Bollweg (Nick),2014-12-03 13:42:43-08:00,2014-12-04 11:01:00-05:00
IPython/html/static/widgets/js/widget_box.js,Jonathan Frederic,Jason Grout,2014-11-15 08:48:33-08:00,2014-11-15 08:48:33-08:00
IPython/html/static/widgets/js/widget_box.js,Jason Grout,Jonathan Frederic,2014-11-15 08:48:33-08:00,2014-11-15 08:48:34-08:00
IPython/html/static/widgets/js/widget_box.js,Jonathan Frederic,Nicholas Bollweg (Nick),2014-12-03 13:42:43-08:00,2014-12-04 11:01:00-05:00
IPython/html/static/widgets/js/widget_container.js,MinRK,Sylvain Corlay,2014-07-22 15:53:16-07:00,2014-07-23 20:26:44+00:00
IPython/html/static/widgets/js/widget_container.js,Sylvain Corlay,sylvain.corlay,2014-07-23 20:26:44+00:00,2014-07-24 00:12:33-04:00
IPython/html/static/widgets/js/widget_container.js,Jonathan Frederic,Sylvain Corlay,2014-08-08 14:56:10-07:00,2014-08-08 14:57:51-07:00
IPython/html/static/widgets/js/widget_container.js,Sylvain Corlay,Jonathan Frederic,2014-08-08 14:57:51-07:00,2014-08-08 15:00:22-07:00
IPython/html/static/widgets/js/widget_int.js,Jonathan Frederic,Gordon Ball,2014-09-23 16:15:13-07:00,2014-09-24 15:56:01+02:00
IPython/html/static/widgets/js/widget_int.js,Gordon Ball,Jonathan Frederic,2014-09-24 15:56:01+02:00,2014-09-24 15:48:19-07:00
IPython/html/static/widgets/js/widget_int.js,Jonathan Frederic,Nicholas Bollweg (Nick),2014-12-03 13:42:43-08:00,2014-12-04 11:01:00-05:00
IPython/html/static/widgets/js/widget_link.js,Jason Grout,Sylvain Corlay,2014-09-26 18:32:59+00:00,2014-09-26 18:33:47+00:00
IPython/html/static/widgets/js/widget_link.js,Sylvain Corlay,Jason Grout,2014-09-26 18:33:47+00:00,2014-09-26 18:33:48+00:00
IPython/html/static/widgets/js/widget_selection.js,Jonathan Frederic,Nicholas Bollweg (Nick),2014-12-03 13:42:43-08:00,2014-12-04 11:01:00-05:00
IPython/html/static/widgets/js/widget_string.js,Jonathan Frederic,Nicholas Bollweg (Nick),2014-12-03 13:42:43-08:00,2014-12-04 11:01:00-05:00
IPython/html/tasks.py,Kyle Kelley,Bussonnier Matthias,2014-11-30 20:25:25-06:00,2014-12-01 21:31:34+01:00
IPython/html/templates/notebook.html,Zachary Sailer,MinRK,2013-10-17 14:07:50-07:00,2013-10-17 14:09:13-07:00
IPython/html/templates/notebook.html,Paul Ivanov,MinRK,2013-10-21 23:42:03-07:00,2013-10-22 19:40:32-07:00
IPython/html/templates/notebook.html,Matthias BUSSONNIER,damianavila,2014-02-01 11:26:00+01:00,2014-02-01 11:47:47-03:00
IPython/html/templates/notebook.html,damianavila,Matthias Bussonnier,2014-02-01 11:47:47-03:00,2014-02-02 09:10:12+01:00
IPython/html/templates/notebook.html,Susan Tan,Matthias BUSSONNIER,2014-02-03 17:35:55-08:00,2014-02-04 11:40:39+01:00
IPython/html/templates/notebook.html,Jonathan Frederic,Brian E. Granger,2014-02-05 12:45:52-08:00,2014-02-05 22:58:33-08:00
IPython/html/templates/notebook.html,Brian E. Granger,MinRK,2014-03-03 16:06:40-08:00,2014-03-03 16:06:41-08:00
IPython/html/templates/notebook.html,MinRK,Aaron Meurer,2014-03-25 17:03:37-07:00,2014-03-26 18:07:17-05:00
IPython/html/templates/notebook.html,Jonathan Frederic,jon,2014-06-09 12:05:38-07:00,2014-06-09 12:05:38-07:00
IPython/html/templates/notebook.html,jon,Jonathan Frederic,2014-06-09 12:05:38-07:00,2014-06-09 12:05:39-07:00
IPython/html/templates/notebook.html,Thomas Kluyver,Matthias BUSSONNIER,2014-07-24 16:31:55-07:00,2014-07-24 16:55:18-07:00
IPython/html/templates/notebook.html,Matthias BUSSONNIER,Thomas Kluyver,2014-07-24 16:55:18-07:00,2014-07-24 18:14:11-07:00
IPython/html/templates/notebook.html,Matthias BUSSONNIER,MinRK,2014-10-10 19:18:56+02:00,2014-10-10 19:21:55+02:00
IPython/html/templates/notebook.html,MinRK,Matthias Bussonnier,2014-10-15 12:23:32-07:00,2014-10-16 17:04:19+02:00
IPython/html/templates/notebook.html,Nathan Heijermans,Jonathan Frederic,2014-12-02 21:32:43-05:00,2014-12-03 14:29:20-08:00
IPython/html/templates/notebook.html,Min RK,Nathan Heijermans,2014-12-05 12:06:25-08:00,2014-12-06 10:27:27-05:00
IPython/html/templates/notebook.html,Thomas Kluyver,Matthias BUSSONNIER,2014-12-09 10:54:38-08:00,2014-12-10 10:45:26+01:00
IPython/html/templates/notebook.html,Bussonnier Matthias,Nathan Heijermans,2014-12-12 16:27:48+01:00,2014-12-12 17:09:44-05:00
IPython/html/templates/notebook.html,Jason Grout,Mathieu,2015-01-08 23:41:50+00:00,2015-01-09 15:46:06+01:00
IPython/html/templates/page.html,MinRK,Jason Grout,2014-07-23 11:05:36-07:00,2014-07-23 21:13:42+00:00
IPython/html/templates/page.html,KesterTong,Jeff Hemmelgarn,2014-11-03 10:18:04-08:00,2014-11-03 10:18:27-08:00
IPython/html/templates/page.html,Jeff Hemmelgarn,Thomas Kluyver,2014-11-03 10:18:27-08:00,2014-11-03 10:19:51-08:00
IPython/html/templates/page.html,Thomas Kluyver,Kyle Kelley,2014-11-13 11:42:37-08:00,2014-11-13 17:50:57-06:00
IPython/html/templates/page.html,Kyle Kelley,Jason Grout,2014-11-13 17:50:57-06:00,2014-11-14 15:28:40+00:00
IPython/html/templates/page.html,Jason Grout,Thomas Kluyver,2014-11-14 15:28:40+00:00,2014-11-14 12:43:44-08:00
IPython/html/templates/page.html,Thomas Kluyver,MinRK,2014-11-14 12:43:44-08:00,2014-11-14 14:53:52-08:00
IPython/html/templates/page.html,MinRK,Jonathan Frederic,2014-11-14 14:53:52-08:00,2014-11-15 08:48:34-08:00
IPython/html/templates/page.html,Min RK,Bussonnier Matthias,2014-11-24 20:58:04-08:00,2014-11-25 15:58:08+01:00
IPython/html/templates/page.html,Jonathan Frederic,Jason Grout,2014-12-03 14:29:20-08:00,2014-12-04 00:35:28+00:00
IPython/html/templates/terminal.html,Thomas Kluyver,Bussonnier Matthias,2014-10-25 17:14:40-07:00,2014-10-25 17:15:36-07:00
IPython/html/templates/terminal.html,Bussonnier Matthias,Thomas Kluyver,2014-10-25 17:15:36-07:00,2014-10-25 17:15:36-07:00
IPython/html/templates/tree.html,Zachary Sailer,MinRK,2013-10-17 14:07:50-07:00,2013-10-17 14:09:12-07:00
IPython/html/templates/tree.html,Matthias Bussonnier,Jonathan Frederic,2014-12-23 11:32:15+01:00,2014-12-23 12:15:06-08:00
IPython/html/templates/tree.html,Jonathan Frederic,Matthias Bussonnier,2014-12-23 12:15:06-08:00,2014-12-23 23:20:03+01:00
IPython/html/templates/tree.html,Bussonnier Matthias,Jonathan Frederic,2015-01-25 14:02:38+01:00,2015-01-25 18:08:33-08:00
IPython/html/terminal/handlers.py,Scott Sanderson,Thomas Kluyver,2014-10-30 02:43:22-04:00,2014-10-30 18:38:31-07:00
IPython/html/tests/casperjs/test_cases/execute_code_cell.js,Paul Ivanov,Thomas Kluyver,2013-10-23 11:04:56-07:00,2013-10-23 11:04:56-07:00
IPython/html/tests/casperjs/test_cases/execute_code_cell.js,Thomas Kluyver,Paul Ivanov,2013-10-23 11:04:56-07:00,2013-10-23 11:05:58-07:00
IPython/html/tests/casperjs/test_cases/inject_js.js,Matthias BUSSONNIER,Paul Ivanov,2014-01-22 08:34:47+01:00,2014-01-22 14:45:20-08:00
IPython/html/tests/casperjs/test_cases/merge_cells.js,Paul Ivanov,Thomas Kluyver,2013-10-23 11:04:56-07:00,2013-10-23 11:04:56-07:00
IPython/html/tests/casperjs/test_cases/misc_tests.js,Paul Ivanov,MinRK,2013-11-07 16:34:14-08:00,2013-11-07 16:34:14-08:00
IPython/html/tests/casperjs/test_cases/nb_roundtrip.js,Paul Ivanov,MinRK,2014-01-12 13:54:47-08:00,2014-01-12 21:20:39-08:00
IPython/html/tests/casperjs/test_cases/nb_roundtrip.js,MinRK,Paul Ivanov,2014-01-12 21:20:39-08:00,2014-01-13 18:53:54-08:00
IPython/html/tests/casperjs/util.js,Brian E. Granger,Jonathan Frederic,2014-01-31 10:42:23-08:00,2014-01-31 11:48:51-08:00
IPython/html/tests/casperjs/util.js,Matthias BUSSONNIER,Brian E. Granger,2014-02-04 11:40:39+01:00,2014-02-04 15:53:28-08:00
IPython/html/tests/launchnotebook.py,Brian E. Granger,Zachary Sailer,2013-10-17 14:09:09-07:00,2013-10-17 14:09:10-07:00
IPython/html/tests/launchnotebook.py,Zachary Sailer,MinRK,2013-10-17 14:09:10-07:00,2013-10-17 14:09:11-07:00
IPython/html/tests/launchnotebook.py,MinRK,Thomas Kluyver,2013-10-17 14:09:11-07:00,2013-10-17 14:09:18-07:00
IPython/html/tests/launchnotebook.py,Thomas Kluyver,Paul Ivanov,2014-01-08 14:31:48-08:00,2014-01-08 15:49:11-08:00
IPython/html/tests/notebook/execute_code.js,Matthias Bussonnier,Bussonnier Matthias,2014-12-10 20:51:01+01:00,2014-12-10 20:51:01+01:00
IPython/html/tests/notebook/execute_code.js,Bussonnier Matthias,Matthias Bussonnier,2014-12-10 20:51:01+01:00,2014-12-10 20:58:01+01:00
IPython/html/tests/notebook/execute_code.js,Matthias Bussonnier,Bussonnier Matthias,2014-12-10 20:58:01+01:00,2014-12-11 09:58:04+01:00
IPython/html/tests/notebook/execute_code.js,Juergen Hasch,Min RK,2015-01-18 13:23:18-08:00,2015-01-18 13:23:20-08:00
IPython/html/tests/notebook/markdown.js,Matthias Bussonnier,Bussonnier Matthias,2014-12-10 20:58:01+01:00,2014-12-11 09:58:04+01:00
IPython/html/tests/notebook/save.js,Jonathan Frederic,Thomas Kluyver,2014-07-10 15:47:23-05:00,2014-07-10 23:54:31-05:00
IPython/html/tests/test_files.py,MinRK,Min RK,2014-11-01 16:41:11-07:00,2014-11-01 16:41:13-07:00
IPython/html/tests/util.js,Jonathan Frederic,Thomas Kluyver,2014-07-10 15:47:23-05:00,2014-07-10 23:54:32-05:00
IPython/html/tests/util.js,Jonathan Frederic,Matthias Bussonnier,2014-12-23 12:15:06-08:00,2014-12-23 22:29:51+01:00
IPython/html/tree/handlers.py,Zachary Sailer,Paul Ivanov,2013-10-17 14:09:07-07:00,2013-10-17 14:09:08-07:00
IPython/html/tree/handlers.py,Paul Ivanov,Zachary Sailer,2013-10-17 14:09:08-07:00,2013-10-17 14:09:09-07:00
IPython/html/tree/handlers.py,Zachary Sailer,MinRK,2013-10-17 14:09:09-07:00,2013-10-17 14:09:12-07:00
IPython/html/tree/handlers.py,MinRK,Min RK,2014-11-10 14:02:18-08:00,2014-11-10 14:02:21-08:00
IPython/html/tree/handlers.py,Min RK,Thomas Kluyver,2014-11-10 14:02:21-08:00,2014-11-11 12:32:24-08:00
IPython/html/widgets/__init__.py,Brian E. Granger,MinRK,2014-02-06 17:06:06-08:00,2014-02-06 17:06:07-08:00
IPython/html/widgets/__init__.py,Jonathan Frederic,Sylvain Corlay,2014-08-08 14:56:11-07:00,2014-08-08 14:57:51-07:00
IPython/html/widgets/__init__.py,Sylvain Corlay,Jonathan Frederic,2014-08-08 14:57:51-07:00,2014-08-08 14:57:51-07:00
IPython/html/widgets/__init__.py,Jason Grout,Sylvain Corlay,2014-09-26 18:32:59+00:00,2014-09-26 18:33:47+00:00
IPython/html/widgets/interact.py,Brian E. Granger,Thomas Kluyver,2014-02-06 17:06:04-08:00,2014-02-06 17:06:05-08:00
IPython/html/widgets/interaction.py,Brian E. Granger,MinRK,2014-02-06 17:06:06-08:00,2014-02-06 17:06:06-08:00
IPython/html/widgets/interaction.py,Thomas Kluyver,Jonathan Frederic,2015-02-25 14:34:06-08:00,2015-02-25 14:48:02-08:00
IPython/html/widgets/tests/test_interaction.py,Brian E. Granger,MinRK,2014-02-06 17:06:05-08:00,2014-02-06 17:06:08-08:00
IPython/html/widgets/tests/test_interaction.py,Gordon Ball,MinRK,2014-09-22 21:23:51+02:00,2014-09-22 13:21:19-07:00
IPython/html/widgets/widget.py,Jonathan Frederic,Jason Grout,2014-01-16 10:57:10+00:00,2014-01-16 10:57:10+00:00
IPython/html/widgets/widget.py,Jason Grout,Jonathan Frederic,2014-01-16 10:57:11+00:00,2014-01-16 10:57:12+00:00
IPython/html/widgets/widget.py,Jonathan Frederic,Jason Grout,2014-01-16 10:57:13+00:00,2014-01-16 10:57:13+00:00
IPython/html/widgets/widget.py,Jason Grout,Jonathan Frederic,2014-01-16 10:57:13+00:00,2014-01-16 10:57:14+00:00
IPython/html/widgets/widget.py,Jonathan Frederic,Paul Ivanov,2014-01-16 10:57:17+00:00,2014-01-16 10:57:17+00:00
IPython/html/widgets/widget.py,Paul Ivanov,Jonathan Frederic,2014-01-16 10:57:17+00:00,2014-01-16 10:57:18+00:00
IPython/html/widgets/widget.py,Jonathan Frederic,Thomas Kluyver,2014-01-29 12:37:30-08:00,2014-01-29 14:55:12-08:00
IPython/html/widgets/widget.py,Sylvain Corlay,MinRK,2014-07-30 23:16:24-04:00,2014-07-31 12:23:03-07:00
IPython/html/widgets/widget.py,Jason Grout,Sylvain Corlay,2014-08-11 18:36:59+00:00,2014-08-11 18:36:59+00:00
IPython/html/widgets/widget.py,Sylvain Corlay,Jason Grout,2014-08-11 18:36:59+00:00,2014-08-12 17:29:41+00:00
IPython/html/widgets/widget.py,Jonathan Frederic,Jason Grout,2014-08-28 11:15:24-07:00,2014-08-28 19:52:20+00:00
IPython/html/widgets/widget.py,Jonathan Frederic,Sylvain Corlay,2014-09-24 15:48:19-07:00,2014-09-24 23:10:41-04:00
IPython/html/widgets/widget.py,Sylvain Corlay,Jonathan Frederic,2014-09-24 23:10:41-04:00,2014-09-25 14:51:38-07:00
IPython/html/widgets/widget.py,Jonathan Frederic,Jason Grout,2015-03-23 12:58:20-07:00,2015-03-24 15:15:30+00:00
IPython/html/widgets/widget.py,Jason Grout,Sylvain Corlay,2015-03-27 21:03:12+00:00,2015-03-27 19:34:59-04:00
IPython/html/widgets/widget_bool.py,Jonathan Frederic,Jason Grout,2014-01-16 10:56:03+00:00,2014-01-16 10:57:13+00:00
IPython/html/widgets/widget_bool.py,Jason Grout,Jonathan Frederic,2014-01-16 10:57:13+00:00,2014-01-16 10:57:14+00:00
IPython/html/widgets/widget_button.py,Jonathan Frederic,Jason Grout,2014-01-16 10:57:03+00:00,2014-01-16 10:57:10+00:00
IPython/html/widgets/widget_button.py,Jason Grout,Jonathan Frederic,2014-01-16 10:57:13+00:00,2014-01-16 10:57:14+00:00
IPython/html/widgets/widget_container.py,Jonathan Frederic,Jason Grout,2014-01-16 10:57:04+00:00,2014-01-16 10:57:10+00:00
IPython/html/widgets/widget_container.py,Jason Grout,Jonathan Frederic,2014-01-16 10:57:13+00:00,2014-01-16 10:57:14+00:00
IPython/html/widgets/widget_container.py,Jonathan Frederic,MinRK,2014-02-25 13:50:58-08:00,2014-02-25 14:37:12-08:00
IPython/html/widgets/widget_container.py,Jonathan Frederic,Sylvain Corlay,2014-08-08 14:56:11-07:00,2014-08-08 14:57:51-07:00
IPython/html/widgets/widget_container.py,Sylvain Corlay,Jonathan Frederic,2014-08-08 14:57:51-07:00,2014-08-08 14:57:51-07:00
IPython/html/widgets/widget_float.py,Jonathan Frederic,Jason Grout,2014-01-16 10:56:03+00:00,2014-01-16 10:57:13+00:00
IPython/html/widgets/widget_float.py,Jason Grout,Jonathan Frederic,2014-01-16 10:57:13+00:00,2014-01-16 10:57:14+00:00
IPython/html/widgets/widget_float.py,Jonathan Frederic,Sylvain Corlay,2015-01-27 20:24:25+00:00,2015-01-27 20:48:47+00:00
IPython/html/widgets/widget_image.py,Jonathan Frederic,Jason Grout,2014-01-16 10:57:07+00:00,2014-01-16 10:57:13+00:00
IPython/html/widgets/widget_image.py,Jason Grout,Jonathan Frederic,2014-01-16 10:57:13+00:00,2014-01-16 10:57:14+00:00
IPython/html/widgets/widget_int.py,Jonathan Frederic,Jason Grout,2014-01-16 10:56:03+00:00,2014-01-16 10:57:13+00:00
IPython/html/widgets/widget_int.py,Jason Grout,Jonathan Frederic,2014-01-16 10:57:13+00:00,2014-01-16 10:57:14+00:00
IPython/html/widgets/widget_int.py,Jason Goad,Thomas Kluyver,2014-12-17 12:45:58-08:00,2014-12-17 12:47:04-08:00
IPython/html/widgets/widget_int.py,Jonathan Frederic,Sylvain Corlay,2015-01-27 20:24:25+00:00,2015-01-27 20:48:47+00:00
IPython/html/widgets/widget_link.py,Jason Grout,Sylvain Corlay,2014-09-26 18:32:59+00:00,2014-09-26 18:33:47+00:00
IPython/html/widgets/widget_multicontainer.py,Jonathan Frederic,Jason Grout,2014-01-16 10:56:03+00:00,2014-01-16 10:57:10+00:00
IPython/html/widgets/widget_multicontainer.py,Jason Grout,Jonathan Frederic,2014-01-16 10:57:13+00:00,2014-01-16 10:57:14+00:00
IPython/html/widgets/widget_selection.py,Jonathan Frederic,Jason Grout,2014-01-16 10:56:03+00:00,2014-01-16 10:57:13+00:00
IPython/html/widgets/widget_selection.py,Jason Grout,Jonathan Frederic,2014-01-16 10:57:13+00:00,2014-01-16 10:57:14+00:00
IPython/html/widgets/widget_selection.py,Jonathan Frederic,Thomas Kluyver,2014-11-24 15:40:18-08:00,2014-11-24 15:41:37-08:00
IPython/html/widgets/widget_string.py,Jonathan Frederic,Jason Grout,2014-01-16 10:57:04+00:00,2014-01-16 10:57:13+00:00
IPython/html/widgets/widget_string.py,Jason Grout,Jonathan Frederic,2014-01-16 10:57:13+00:00,2014-01-16 10:57:14+00:00
IPython/html/widgets/widget_string.py,Jason Goad,Thomas Kluyver,2014-12-17 12:45:58-08:00,2014-12-17 12:47:56-08:00
IPython/nbconvert/exporters/python.py,MinRK,Brian E. Granger,2013-06-30 18:03:29-07:00,2013-06-30 18:04:56-07:00
IPython/nbconvert/exporters/python.py,Matthias BUSSONNIER,Jonathan Frederic,2013-09-12 08:33:57-07:00,2013-09-12 08:33:57-07:00
IPython/testing/iptest.py,Fernando Perez,Brian Granger,2009-04-23 15:29:27-07:00,2009-04-24 10:12:50-07:00
IPython/testing/iptest.py,Brian Granger,Administrator,2009-04-25 09:04:56-07:00,2009-04-25 10:05:09-07:00
IPython/testing/iptest.py,Administrator,Brian Granger,2009-04-25 12:27:03-07:00,2009-04-25 12:50:43-07:00
IPython/testing/iptest.py,Brian Granger,Administrator,2009-04-25 12:50:43-07:00,2009-04-25 13:19:34-07:00
IPython/testing/iptest.py,Administrator,Brian Granger,2009-04-25 13:19:34-07:00,2009-04-25 13:50:45-07:00
IPython/testing/iptest.py,Brian Granger,Administrator,2009-04-25 13:50:45-07:00,2009-04-25 15:04:17-07:00
IPython/testing/iptest.py,Administrator,Brian Granger,2009-04-25 15:04:17-07:00,2009-04-25 16:09:59-07:00
IPython/testing/iptest.py,Robert Kern,Thomas Kluyver,2011-03-24 19:33:06+00:00,2011-03-24 23:42:04+00:00
IPython/testing/iptest.py,Fernando Perez,Thomas Kluyver,2012-01-25 19:43:14-08:00,2012-01-27 01:16:46+00:00
IPython/testing/iptest.py,Brian Granger,MinRK,2012-05-30 22:01:34-07:00,2012-05-31 10:06:13-07:00
IPython/testing/iptest.py,MinRK,Thomas Kluyver,2012-05-31 12:17:51-07:00,2012-05-31 21:23:29+01:00
IPython/testing/iptest.py,Thomas Kluyver,Fernando Perez,2012-05-31 21:23:29+01:00,2012-05-31 13:25:03-07:00
IPython/testing/iptest.py,Stefan van der Walt,MinRK,2012-06-09 20:18:31-07:00,2012-06-10 18:05:54-07:00
IPython/testing/iptest.py,Jörgen Stenarson,MinRK,2012-06-27 22:04:54+02:00,2012-06-28 11:23:13-07:00
IPython/testing/iptest.py,Brian Granger,MinRK,2012-08-10 17:43:25-07:00,2012-08-10 22:15:14-07:00
IPython/testing/iptest.py,Fernando Perez,MinRK,2012-09-27 10:18:14-05:00,2012-09-27 15:58:00-07:00
IPython/testing/iptest.py,Fernando Perez,MinRK,2013-06-27 11:14:08-07:00,2013-06-27 11:14:10-07:00
IPython/testing/iptest.py,Victor Zverovich,Thomas Kluyver,2013-06-29 07:36:28-07:00,2013-06-29 22:29:51+01:00
IPython/testing/iptest.py,Thomas Kluyver,Min RK,2013-09-19 15:21:13-07:00,2013-09-19 15:25:00-07:00
IPython/testing/iptest.py,Thomas Kluyver,MinRK,2013-10-21 17:48:13-07:00,2013-10-22 16:29:59-07:00
IPython/testing/iptest.py,MinRK,Paul Ivanov,2013-10-22 16:29:59-07:00,2013-10-23 11:03:11-07:00
IPython/testing/iptest.py,Paul Ivanov,Thomas Kluyver,2013-10-23 11:03:11-07:00,2013-10-23 11:05:58-07:00
IPython/testing/iptestcontroller.py,Thomas Kluyver,Paul Ivanov,2013-10-22 15:17:38-07:00,2013-10-23 11:03:11-07:00
IPython/testing/iptestcontroller.py,Paul Ivanov,Thomas Kluyver,2013-10-23 11:03:12-07:00,2013-10-23 11:05:58-07:00
IPython/testing/iptestcontroller.py,Thomas Kluyver,Paul Ivanov,2013-10-23 11:05:58-07:00,2013-10-23 11:05:58-07:00
IPython/testing/iptestcontroller.py,Thomas Kluyver,Brian E. Granger,2014-02-03 17:56:22-08:00,2014-02-04 15:53:28-08:00
IPython/testing/iptestcontroller.py,Jonathan Frederic,Paul Ivanov,2014-02-07 10:09:47-08:00,2014-02-07 14:43:37-08:00
IPython/testing/iptestcontroller.py,Paul Ivanov,Jonathan Frederic,2014-02-07 16:24:18-08:00,2014-02-07 21:17:05-08:00
IPython/testing/iptestcontroller.py,Jonathan Frederic,MinRK,2014-02-08 11:19:27-08:00,2014-02-08 23:09:23-08:00
IPython/testing/iptestcontroller.py,Thomas Kluyver,MinRK,2014-02-27 17:39:48-08:00,2014-02-28 12:50:53-08:00
IPython/testing/iptestcontroller.py,Thomas Kluyver,MinRK,2014-03-20 13:36:24-07:00,2014-03-20 15:13:01-07:00
IPython/testing/iptestcontroller.py,Thomas Kluyver,MinRK,2014-03-24 12:21:35-07:00,2014-03-24 12:49:55-07:00
IPython/testing/iptestcontroller.py,Paul Ivanov,Thomas Kluyver,2014-05-08 12:44:13-07:00,2014-05-08 14:41:21-07:00
IPython/testing/iptestcontroller.py,jon,Jonathan Frederic,2014-06-06 11:12:46-07:00,2014-06-06 11:43:29-07:00
IPython/testing/iptestcontroller.py,Jonathan Frederic,Thomas Kluyver,2014-06-06 11:43:29-07:00,2014-06-06 13:20:22-07:00
README.md,Min RK,Preston Holmes,2015-04-21 15:37:08-07:00,2015-04-21 15:37:11-07:00
README.md,Preston Holmes,Carl Karsten,2015-04-21 15:37:11-07:00,2015-04-21 15:37:15-07:00
README.md,jdfreder,Matthias Bussonnier,2015-08-26 14:06:11-07:00,2015-08-27 09:00:15+02:00
README.md,Jeremy Tuloup,Dan Lester,2021-05-26 21:35:22+02:00,2021-05-27 11:58:29+01:00
README.md,Lumír 'Frenzy' Balhar,Jeremy Tuloup,2023-07-20 18:18:56+02:00,2023-07-20 18:33:20+02:00
app/package.json,Jeremy Tuloup,Michael Barry,2021-05-28 12:34:07+02:00,2021-05-28 14:43:34-04:00
app/package.json,Michael Barry,Mike,2021-05-28 14:43:34-04:00,2021-05-28 14:48:08-04:00
app/package.json,Jeremy Tuloup,GitHub Action,2021-09-10 11:07:27+02:00,2021-09-10 10:29:06+00:00
app/package.json,Jeremy Tuloup,GitHub Action,2021-10-14 13:27:22+02:00,2021-10-14 12:38:27+00:00
app/package.json,Loic Huder,Jeremy Tuloup,2021-12-24 15:20:13+01:00,2021-12-24 15:20:15+01:00
app/package.json,Jeremy Tuloup,GitHub Action,2022-01-02 19:00:00+01:00,2022-01-03 14:06:33+00:00
app/package.json,Jeremy Tuloup,GitHub Action,2022-01-07 16:34:58+01:00,2022-01-07 17:49:06+00:00
app/package.json,Jeremy Tuloup,GitHub Action,2022-02-28 17:08:03+01:00,2022-03-01 07:20:17+00:00
app/package.json,GitHub Action,Jeremy Tuloup,2022-03-01 07:20:17+00:00,2022-03-01 08:39:36+01:00
app/package.json,Afshin T. Darian,Jeremy Tuloup,2022-09-29 11:13:34+01:00,2022-09-29 15:32:39+02:00
app/package.json,GitHub Action,Nicolas Brichet,2022-10-03 15:31:51+00:00,2022-10-04 09:22:17+02:00
app/package.json,Nicolas Brichet,foo,2022-10-04 09:45:44+02:00,2022-10-04 14:07:38+02:00
app/package.json,Jeremy Tuloup,GitHub Action,2022-10-12 14:57:52+00:00,2022-10-13 08:04:35+00:00
app/package.json,Nicolas Brichet,Jeremy Tuloup,2022-10-17 13:58:59+02:00,2022-10-17 16:26:26+02:00
app/package.json,Jeremy Tuloup,jtpio,2023-01-09 15:50:12+01:00,2023-01-09 15:22:56+00:00
app/package.json,Jeremy Tuloup,jtpio,2023-02-07 14:52:18+01:00,2023-02-08 13:19:26+00:00
app/package.json,Jeremy Tuloup,jtpio,2023-02-15 08:34:26+01:00,2023-02-15 07:53:01+00:00
app/package.json,Jeremy Tuloup,jtpio,2023-03-07 14:42:48+01:00,2023-03-08 08:24:32+00:00
app/package.json,Jeremy Tuloup,jtpio,2023-03-15 09:50:55+01:00,2023-03-15 09:05:27+00:00
app/package.json,Jeremy Tuloup,jtpio,2023-03-20 13:49:22+01:00,2023-03-20 13:10:34+00:00
app/package.json,Yanqing Dai,Jeremy Tuloup,2023-03-24 14:18:36+01:00,2023-03-24 16:51:44+01:00
app/package.json,Jeremy Tuloup,jtpio,2023-03-24 16:51:44+01:00,2023-03-24 16:56:24+00:00
app/package.json,Jeremy Tuloup,jtpio,2023-04-04 19:05:07+02:00,2023-04-04 17:21:41+00:00
app/package.json,Jeremy Tuloup,jtpio,2023-04-28 08:54:39+02:00,2023-04-28 12:49:02+00:00
app/package.json,Jeremy Tuloup,jtpio,2023-05-09 18:24:24+02:00,2023-05-09 16:58:54+00:00
app/package.json,jtpio,Jeremy Tuloup,2023-05-25 07:01:46+00:00,2023-05-25 17:10:16+02:00
app/package.json,Jeremy Tuloup,jtpio,2023-07-31 15:07:15+02:00,2023-07-31 13:30:59+00:00
app/package.json,Jeremy Tuloup,jtpio,2023-08-04 08:29:07+02:00,2023-08-04 06:52:14+00:00
app/package.json,Jeremy Tuloup,jtpio,2023-10-12 09:46:32+02:00,2023-10-12 08:05:10+00:00
app/package.json,Jeremy Tuloup,jtpio,2023-10-27 14:28:33+02:00,2023-10-27 15:10:51+00:00
app/package.json,Nicolas Brichet,jtpio,2023-12-04 15:52:03+01:00,2023-12-04 15:06:30+00:00
app/package.json,Jeremy Tuloup,jtpio,2023-12-27 10:33:45+01:00,2023-12-27 09:47:47+00:00
app/package.json,Jeremy Tuloup,jtpio,2024-01-25 15:58:11+01:00,2024-01-26 12:24:20+00:00
app/package.json,Jeremy Tuloup,jtpio,2024-02-09 19:12:38+01:00,2024-02-09 18:25:38+00:00
app/package.json,Jeremy Tuloup,jtpio,2024-02-13 12:39:59+01:00,2024-02-13 15:24:16+00:00
app/package.json,Jeremy Tuloup,jtpio,2024-02-26 13:16:10+01:00,2024-02-26 14:28:49+00:00
app/package.json,Jeremy Tuloup,jtpio,2024-03-14 19:32:15+01:00,2024-03-14 18:46:38+00:00
app/package.json,Jeremy Tuloup,jtpio,2024-03-29 17:10:40+01:00,2024-03-29 16:24:55+00:00
app/package.json,Jeremy Tuloup,jtpio,2024-05-01 17:09:15+02:00,2024-05-01 15:26:16+00:00
app/package.json,jtpio,Jeremy Tuloup,2024-05-01 15:26:16+00:00,2024-05-02 16:22:29+02:00
app/package.json,Jeremy Tuloup,jtpio,2024-07-01 11:14:48+02:00,2024-07-01 09:27:25+00:00
app/package.json,Jeremy Tuloup,jtpio,2024-10-14 21:57:09+02:00,2024-10-15 06:06:57+00:00
app/package.json,Jeremy Tuloup,jtpio,2024-10-24 18:10:02+02:00,2024-10-24 16:26:26+00:00
app/package.json,Greg Mooney,jtpio,2024-11-06 18:59:22+01:00,2024-11-06 18:14:56+00:00
app/package.json,Jeremy Tuloup,jtpio,2024-11-18 10:34:59+01:00,2024-11-18 09:47:41+00:00
app/package.json,Jeremy Tuloup,jtpio,2024-12-04 09:21:29+01:00,2024-12-04 08:58:32+00:00
app/package.json,jtpio,Nicolas Brichet,2024-12-04 08:58:32+00:00,2024-12-04 16:45:08+01:00
app/package.json,Nicolas Brichet,brichet,2024-12-04 16:45:08+01:00,2024-12-04 16:09:57+00:00
app/package.json,github-actions[bot],jtpio,2024-12-21 09:22:04+01:00,2024-12-21 08:39:01+00:00
app/package.json,jtpio,Jeremy Tuloup,2024-12-21 08:39:01+00:00,2024-12-21 20:33:53+01:00
app/package.json,Jeremy Tuloup,jtpio,2024-12-21 20:33:53+01:00,2024-12-21 20:08:54+00:00
app/package.json,Jeremy Tuloup,jtpio,2025-01-07 11:44:59+01:00,2025-01-07 10:55:25+00:00
app/package.json,Jeremy Tuloup,jtpio,2025-02-03 10:03:15+01:00,2025-02-03 11:35:54+00:00
app/package.json,Jeremy Tuloup,jtpio,2025-02-20 10:40:15+01:00,2025-02-20 09:52:04+00:00
app/package.json,Jeremy Tuloup,jtpio,2025-03-14 09:47:11+01:00,2025-03-14 08:58:41+00:00
appveyor.yml,Matthias Bussonnier,Min RK,2018-09-16 23:04:10+02:00,2018-09-17 10:34:48+02:00
bower.json,Min RK,Matthias Bussonnier,2015-08-10 16:56:18-07:00,2015-08-10 17:35:45-07:00
bower.json,jdfreder,Jonathan Frederic,2015-08-26 14:05:15-07:00,2015-08-26 14:06:10-07:00
bower.json,Jonathan Frederic,Matthias Bussonnier,2015-08-26 14:06:12-07:00,2015-08-27 09:00:15+02:00
bower.json,Grant Nestor,Min RK,2016-12-21 12:52:06-08:00,2016-12-22 18:44:46+01:00
bower.json,Joshua Zeltser,ednut15,2019-06-18 22:29:05+01:00,2019-06-19 15:31:19+01:00
bower.json,Luciano Resende,bermani,2019-11-04 11:59:33-08:00,2019-11-04 12:13:53-08:00
buildutils/package.json,Jeremy Tuloup,GitHub Action,2021-10-14 13:27:22+02:00,2021-10-14 12:38:27+00:00
buildutils/package.json,Jeremy Tuloup,GitHub Action,2022-01-02 19:00:00+01:00,2022-01-03 14:06:33+00:00
buildutils/package.json,Jeremy Tuloup,GitHub Action,2022-01-07 16:34:58+01:00,2022-01-07 17:49:06+00:00
buildutils/package.json,Jeremy Tuloup,GitHub Action,2022-02-28 17:08:03+01:00,2022-03-01 07:20:17+00:00
buildutils/package.json,GitHub Action,Jeremy Tuloup,2022-03-01 07:20:17+00:00,2022-03-01 08:39:36+01:00
buildutils/package.json,Afshin T. Darian,Jeremy Tuloup,2022-09-29 11:13:34+01:00,2022-09-30 09:18:48+02:00
buildutils/package.json,Jeremy Tuloup,jtpio,2023-01-09 15:50:12+01:00,2023-01-09 15:22:56+00:00
buildutils/package.json,Jeremy Tuloup,jtpio,2023-02-07 14:52:18+01:00,2023-02-08 13:19:26+00:00
buildutils/package.json,Jeremy Tuloup,jtpio,2023-02-15 08:34:26+01:00,2023-02-15 07:53:01+00:00
buildutils/package.json,Jeremy Tuloup,jtpio,2023-03-07 14:42:48+01:00,2023-03-08 08:24:32+00:00
buildutils/package.json,Jeremy Tuloup,jtpio,2023-03-15 09:50:55+01:00,2023-03-15 09:05:27+00:00
buildutils/package.json,Jeremy Tuloup,jtpio,2023-03-20 13:49:22+01:00,2023-03-20 13:10:34+00:00
buildutils/package.json,Jeremy Tuloup,jtpio,2023-04-28 08:54:39+02:00,2023-04-28 12:49:02+00:00
buildutils/package.json,Jeremy Tuloup,jtpio,2023-05-09 18:24:24+02:00,2023-05-09 16:58:54+00:00
buildutils/package.json,Jeremy Tuloup,jtpio,2023-08-04 08:29:07+02:00,2023-08-04 06:52:14+00:00
buildutils/package.json,Jeremy Tuloup,jtpio,2023-10-12 09:46:32+02:00,2023-10-12 08:05:10+00:00
buildutils/package.json,Jeremy Tuloup,jtpio,2023-10-27 14:28:33+02:00,2023-10-27 15:10:51+00:00
buildutils/package.json,Nicolas Brichet,jtpio,2023-12-04 15:52:03+01:00,2023-12-04 15:06:30+00:00
buildutils/package.json,Jeremy Tuloup,jtpio,2024-01-25 15:58:11+01:00,2024-01-26 12:24:20+00:00
buildutils/package.json,Jeremy Tuloup,jtpio,2024-02-09 19:12:38+01:00,2024-02-09 18:25:38+00:00
buildutils/package.json,Jeremy Tuloup,jtpio,2024-02-13 12:39:59+01:00,2024-02-13 15:24:16+00:00
buildutils/package.json,Jeremy Tuloup,jtpio,2024-02-26 13:16:10+01:00,2024-02-26 14:28:49+00:00
buildutils/package.json,Jeremy Tuloup,jtpio,2024-03-14 19:32:15+01:00,2024-03-14 18:46:38+00:00
buildutils/package.json,Jeremy Tuloup,jtpio,2024-03-29 17:10:40+01:00,2024-03-29 16:24:55+00:00
buildutils/package.json,Jeremy Tuloup,jtpio,2024-05-01 17:09:15+02:00,2024-05-01 15:26:16+00:00
buildutils/package.json,Jeremy Tuloup,jtpio,2024-07-01 11:14:48+02:00,2024-07-01 09:27:25+00:00
buildutils/package.json,Jeremy Tuloup,jtpio,2024-10-14 21:57:09+02:00,2024-10-15 06:06:57+00:00
buildutils/package.json,Jeremy Tuloup,jtpio,2024-10-24 10:10:26+02:00,2024-10-24 16:26:26+00:00
buildutils/package.json,Jeremy Tuloup,jtpio,2024-11-18 10:34:59+01:00,2024-11-18 09:47:41+00:00
buildutils/package.json,Jeremy Tuloup,jtpio,2024-12-04 09:21:29+01:00,2024-12-04 08:58:32+00:00
buildutils/package.json,jtpio,brichet,2024-12-04 08:58:32+00:00,2024-12-04 16:09:57+00:00
buildutils/package.json,github-actions[bot],jtpio,2024-12-21 09:22:04+01:00,2024-12-21 08:39:01+00:00
buildutils/package.json,jtpio,Jeremy Tuloup,2024-12-21 08:39:01+00:00,2024-12-21 20:33:53+01:00
buildutils/package.json,Jeremy Tuloup,jtpio,2024-12-21 20:33:53+01:00,2024-12-21 20:08:54+00:00
buildutils/package.json,Jeremy Tuloup,jtpio,2025-01-07 11:44:59+01:00,2025-01-07 10:55:25+00:00
buildutils/package.json,Jeremy Tuloup,jtpio,2025-02-03 10:03:15+01:00,2025-02-03 11:35:54+00:00
buildutils/package.json,Jeremy Tuloup,jtpio,2025-02-20 10:40:15+01:00,2025-02-20 09:52:04+00:00
buildutils/package.json,Jeremy Tuloup,jtpio,2025-03-14 09:47:11+01:00,2025-03-14 08:58:41+00:00
buildutils/src/upgrade-lab-dependencies.ts,Vishnutheep B,Jeremy Tuloup,2024-12-20 15:20:46+01:00,2024-12-20 22:15:34+01:00
docs/requirements.txt,Matthias Geier,Carol Willing,2016-03-24 18:48:23+01:00,2016-03-24 15:07:51-07:00
docs/source/changelog.rst,Carol Willing,Peter Parente,2015-12-14 20:15:48-08:00,2015-12-15 07:51:15-05:00
docs/source/changelog.rst,Peter Parente,Min RK,2015-12-15 07:51:15-05:00,2015-12-15 14:34:14+01:00
docs/source/changelog.rst,Min RK,Carol Willing,2016-04-11 20:51:05+02:00,2016-04-12 13:03:08+02:00
docs/source/changelog.rst,Grant Nestor,Min RK,2016-12-21 11:43:43-08:00,2016-12-21 22:31:00+01:00
docs/source/comms.rst,Thomas Kluyver,Carol Willing,2016-11-03 16:00:46-07:00,2016-11-03 18:09:52-07:00
docs/source/conf.py,stuntgoat,Matthias Bussonnier,2015-04-21 15:37:14-07:00,2015-04-21 18:30:05-07:00
docs/source/conf.py,Carol Willing,Min RK,2015-12-22 04:34:50-08:00,2015-12-22 14:05:25+01:00
docs/source/development_js.rst,Carol Willing,Matthias Bussonnier,2015-12-13 14:20:07-08:00,2015-12-14 10:46:34+01:00
docs/source/development_js.rst,Matthias Bussonnier,Carol Willing,2016-01-08 18:48:27+01:00,2016-01-08 14:15:17-08:00
docs/source/examples/Notebook/JavaScript Notebook Extensions.ipynb,michaelpacer,Carol Willing,2016-09-05 14:37:02-07:00,2016-09-06 11:15:19-07:00
docs/source/examples/Notebook/JavaScript Notebook Extensions.rst,jslmann,Matthias Bussonnier,2015-09-02 15:02:58+02:00,2015-09-02 15:03:24+02:00
docs/source/examples/Notebook/rstversions/index.rst,Matthias Bussonnier,Carol Willing,2016-03-22 14:51:46-07:00,2016-03-22 18:28:43-07:00
docs/source/extending/frontend_extensions.rst,Thomas Kluyver,Matthias Bussonnier,2015-11-30 18:26:25+00:00,2015-12-01 10:27:36+01:00
docs/source/extending/frontend_extensions.rst,Matthias Bussonnier,Josh Barnes,2015-12-01 10:27:36+01:00,2015-12-01 12:23:48+00:00
docs/source/extending/frontend_extensions.rst,Carol Willing,Min RK,2016-03-23 19:20:54-07:00,2016-03-24 15:23:32+01:00
docs/source/extending/frontend_extensions.rst,Matthias Bussonnier,Carol Willing,2016-05-06 12:06:04-07:00,2016-05-06 14:14:55-07:00
docs/source/index.rst,stuntgoat,Matthias Bussonnier,2015-04-21 15:37:14-07:00,2015-04-21 18:30:05-07:00
docs/source/interactive/notebook.rst,David P. Sanders,Paul Ivanov,2013-08-08 17:41:51-07:00,2013-08-08 17:41:51-07:00
docs/source/interactive/public_server.rst,MinRK,Kyle Kelley,2014-02-11 21:26:10-08:00,2014-02-12 14:18:04-07:00
docs/source/notebook.rst,Matthias Bussonnier,Jonathan Frederic,2015-12-10 13:56:43+01:00,2015-12-10 09:33:53-08:00
docs/source/notebook/nbformat.rst,MinRK,Min RK,2014-11-01 16:41:12-07:00,2014-11-01 16:41:13-07:00
docs/source/security.rst,Grant Nestor,Thomas Kluyver,2016-10-23 16:38:33-07:00,2016-10-24 10:59:11+01:00
docs/source/troubleshooting.rst,Kevin Bates,Zachary Sailer,2020-08-27 17:11:19-07:00,2020-08-28 08:09:47-07:00
examples/Interactive Widgets/Custom Widget - Hello World.ipynb,Min RK,Jason Grout,2015-04-21 15:37:07-07:00,2015-04-21 15:37:10-07:00
examples/Interactive Widgets/Date Picker Widget.ipynb,Min RK,Jason Grout,2015-04-21 15:37:07-07:00,2015-04-21 15:37:10-07:00
examples/Interactive Widgets/Export As (nbconvert).ipynb,Min RK,Nicholas Bollweg,2015-01-30 13:57:37-08:00,2015-01-31 00:02:20-05:00
examples/Interactive Widgets/Export As (nbconvert).ipynb,Min RK,Jason Grout,2015-04-21 15:37:07-07:00,2015-04-21 15:37:10-07:00
examples/Interactive Widgets/File Upload Widget.ipynb,Min RK,Jason Grout,2015-04-21 15:37:07-07:00,2015-04-21 15:37:10-07:00
examples/Interactive Widgets/Widget Basics.ipynb,Min RK,Jason Grout,2015-04-21 15:37:07-07:00,2015-04-21 15:37:10-07:00
examples/Interactive Widgets/Widget Events.ipynb,Min RK,Jason Grout,2015-04-21 15:37:07-07:00,2015-04-21 15:37:10-07:00
examples/Interactive Widgets/Widget List.ipynb,Min RK,Nicholas Bollweg,2015-01-30 13:57:37-08:00,2015-01-31 00:02:20-05:00
examples/Interactive Widgets/Widget Styling.ipynb,Min RK,Nicholas Bollweg,2015-01-30 13:57:37-08:00,2015-01-31 00:02:20-05:00
examples/Notebook/Notebook Basics.ipynb,Brian E. Granger,Jonathan Frederic,2014-07-30 23:42:41-07:00,2014-07-30 23:42:43-07:00
examples/Notebook/What is the IPython Notebook?.ipynb,Brian E. Granger,Jonathan Frederic,2014-07-30 23:42:39-07:00,2014-07-30 23:42:43-07:00
examples/notebooks/Part 1 - Running Code.ipynb,Brian Granger,Thomas Kluyver,2013-01-19 14:22:22-08:00,2013-01-19 14:22:25-08:00
examples/widgets/Interact.ipynb,Brian E. Granger,Thomas Kluyver,2014-02-06 17:06:04-08:00,2014-02-06 17:06:05-08:00
examples/widgets/Interact.ipynb,Thomas Kluyver,Brian E. Granger,2014-02-06 17:06:05-08:00,2014-02-06 17:06:05-08:00
examples/widgets/Interact.ipynb,Brian E. Granger,MinRK,2014-02-06 17:06:06-08:00,2014-02-06 17:06:06-08:00
examples/widgets/Interact.ipynb,MinRK,Thomas Kluyver,2014-02-07 15:19:15-08:00,2014-02-07 16:09:00-08:00
examples/widgets/Lorenz.ipynb,Brian E. Granger,MinRK,2014-02-06 17:06:04-08:00,2014-02-07 15:19:15-08:00
examples/widgets/Part 1 - Basics.ipynb,Jonathan Frederic,Jason Grout,2014-01-16 10:57:07+00:00,2014-01-16 10:57:10+00:00
examples/widgets/Part 2 - Events.ipynb,Jonathan Frederic,Jason Grout,2014-01-16 10:57:04+00:00,2014-01-16 10:57:10+00:00
examples/widgets/Part 4 - Styles.ipynb,Jonathan Frederic,Jason Grout,2014-01-16 10:57:07+00:00,2014-01-16 10:57:11+00:00
examples/widgets/Part 6 - Custom Widget.ipynb,Jonathan Frederic,Jason Grout,2014-01-16 10:57:04+00:00,2014-01-16 10:57:11+00:00
examples/widgets/Part 6 - Custom Widget.ipynb,epifanio,Brian E. Granger,2014-03-07 14:15:11-08:00,2014-03-07 14:15:11-08:00
git-hooks/README.md,Yung Siang Liau,Blake Griffith,2014-04-01 00:15:01+08:00,2014-04-01 10:49:43-05:00
jupyter_notebook/auth/login.py,Min RK,Matthias Bussonnier,2015-04-21 15:37:07-07:00,2015-04-21 15:37:12-07:00
jupyter_notebook/nbconvert/handlers.py,Min RK,Matthias Bussonnier,2015-05-08 10:36:45-07:00,2015-05-08 14:33:07-07:00
jupyter_notebook/notebookapp.py,Min RK,Jonathan Frederic,2015-04-21 15:37:13-07:00,2015-04-21 15:37:16-07:00
jupyter_notebook/notebookapp.py,Min RK,Matthias Bussonnier,2015-05-08 13:25:37-07:00,2015-05-08 14:33:07-07:00
jupyter_notebook/notebookapp.py,Matthias Bussonnier,Thomas Kluyver,2015-05-10 16:57:19-07:00,2015-05-11 11:08:46-07:00
jupyter_notebook/services/contents/fileio.py,Min RK,Matthias Bussonnier,2015-04-21 15:37:07-07:00,2015-04-21 15:37:10-07:00
jupyter_notebook/services/contents/filemanager.py,Min RK,Matthias Bussonnier,2015-04-21 15:37:07-07:00,2015-04-21 15:37:10-07:00
jupyter_notebook/services/contents/filemanager.py,Min RK,Matthias Bussonnier,2015-05-08 10:36:45-07:00,2015-05-08 14:33:07-07:00
jupyter_notebook/static/base/js/keyboard.js,Min RK,Weston Hunter,2015-04-21 15:37:07-07:00,2015-04-21 15:37:08-07:00
jupyter_notebook/static/notebook/js/codecell.js,Min RK,Jonathan Frederic,2015-04-21 15:37:07-07:00,2015-04-21 15:37:15-07:00
jupyter_notebook/static/services/kernels/kernel.js,Min RK,Jonathan Frederic,2015-04-21 15:37:07-07:00,2015-04-21 15:37:15-07:00
jupyter_notebook/static/services/sessions/session.js,Min RK,Jonathan Frederic,2015-04-21 15:37:07-07:00,2015-04-21 15:37:16-07:00
jupyter_notebook/static/tree/js/notebooklist.js,Min RK,Scott Sanderson,2015-04-21 15:37:07-07:00,2015-04-21 15:37:13-07:00
jupyter_notebook/templates/page.html,Min RK,Jonathan Frederic,2015-04-21 15:37:13-07:00,2015-04-21 15:37:16-07:00
jupyter_notebook/widgets/widget_string.py,Min RK,Jason Grout,2015-04-21 15:37:07-07:00,2015-04-21 15:37:11-07:00
notebook/_version.py,Matthias Bussonnier,Pierre Gerold,2015-12-14 15:31:03+01:00,2015-12-14 15:55:50+01:00
notebook/_version.py,Pierre Gerold,Matthias Bussonnier,2015-12-14 16:54:23+01:00,2015-12-15 13:51:08+01:00
notebook/_version.py,Min RK,Gustavo Efeiche,2018-09-19 16:37:13+02:00,2018-09-20 00:15:58-03:00
notebook/_version.py,Afshin Taylor Darian,GitHub Action,2021-05-12 11:04:31-05:00,2021-05-12 18:24:11+00:00
notebook/_version.py,Steven Silvester,GitHub Action,2021-08-05 12:57:33-05:00,2021-08-06 11:46:36+00:00
notebook/_version.py,jtpio,brichet,2024-12-04 08:58:32+00:00,2024-12-04 16:09:57+00:00
notebook/_version.py,Jeremy Tuloup,jtpio,2025-01-07 10:33:13+01:00,2025-01-07 10:55:25+00:00
notebook/amd.js,Jonathan Frederic,jdfreder,2015-08-26 14:06:11-07:00,2015-08-26 14:06:11-07:00
notebook/amd.js,jdfreder,Matthias Bussonnier,2015-08-26 14:06:11-07:00,2015-08-27 09:00:15+02:00
notebook/app.py,Nicholas Bollweg,pre-commit-ci[bot],2022-04-18 18:51:34-05:00,2022-04-19 00:05:23+00:00
notebook/app.py,Andrii Ieroshenko,Rosio,2023-06-09 07:15:07+02:00,2023-06-09 08:39:44+02:00
notebook/auth/login.py,Srinivas Reddy Thatiparthy,Min RK,2016-12-21 21:53:36+05:30,2016-12-21 22:29:35+01:00
notebook/base/handlers.py,Jonathan Frederic,Matthias Bussonnier,2015-08-26 14:06:10-07:00,2015-08-27 09:00:15+02:00
notebook/base/handlers.py,Min RK,Jason Grout,2016-12-01 21:57:46+01:00,2016-12-01 16:00:25-05:00
notebook/base/handlers.py,Jason Grout,Min RK,2016-12-01 16:00:25-05:00,2016-12-02 10:07:25+01:00
notebook/base/handlers.py,Anastasis Germanidis,Min RK,2017-07-19 10:10:19-04:00,2017-07-20 10:43:42+02:00
notebook/base/handlers.py,Kevin Bates,Min RK,2017-10-19 08:03:52-07:00,2017-10-19 17:44:11+02:00
notebook/base/handlers.py,Kevin Bates,Thomas Kluyver,2017-10-31 10:40:50-07:00,2017-10-31 11:40:16-07:00
notebook/build.js,jdfreder,Jonathan Frederic,2015-08-26 14:05:15-07:00,2015-08-26 14:06:10-07:00
notebook/build.js,Jonathan Frederic,Matthias Bussonnier,2015-08-26 14:06:13-07:00,2015-08-27 09:00:15+02:00
notebook/gateway/handlers.py,Solaris,Kevin Bates,2019-06-24 19:28:36-07:00,2019-06-24 19:35:05-07:00
notebook/gateway/managers.py,sd,Dvoiak Stepan,2021-01-05 13:40:02+02:00,2021-01-05 18:23:32+02:00
notebook/nbextensions.py,Brian E. Granger,Jonathan Frederic,2016-02-26 09:32:02-08:00,2016-02-26 09:32:02-08:00
notebook/nbextensions.py,Jonathan Frederic,Matthias Bussonnier,2016-02-29 08:53:57-08:00,2016-02-29 09:48:19-08:00
notebook/nbextensions.py,Matthias Bussonnier,Jonathan Frederic,2016-02-29 12:51:50-08:00,2016-03-01 09:49:50-08:00
notebook/nbextensions.py,Nicholas Bollweg,Jonathan Frederic,2016-03-07 11:03:53-05:00,2016-03-07 10:12:45-08:00
notebook/nbextensions.py,Nicholas Bollweg,Min RK,2016-03-17 00:02:23-04:00,2016-03-17 09:44:10+01:00
notebook/nbextensions.py,Matthias Bussonnier,Philipp A,2016-07-29 12:33:33-07:00,2016-07-30 14:04:58+02:00
notebook/notebookapp.py,Thomas Kluyver,Jonathan Frederic,2015-07-21 13:34:09-07:00,2015-07-21 16:34:21-07:00
notebook/notebookapp.py,Min RK,Jonathan Frederic,2016-02-22 15:17:56+01:00,2016-02-22 07:30:55-08:00
notebook/notebookapp.py,Brian E. Granger,Jonathan Frederic,2016-02-26 09:32:02-08:00,2016-02-26 09:32:02-08:00
notebook/notebookapp.py,Matthias Bussonnier,Thomas Kluyver,2016-08-02 14:29:33-07:00,2016-08-03 12:12:11+01:00
notebook/notebookapp.py,Srinivas Reddy Thatiparthy,Min RK,2016-12-21 21:53:36+05:30,2016-12-21 22:29:30+01:00
notebook/notebookapp.py,Grant Nestor,Matthias Bussonnier,2017-01-25 13:46:59-08:00,2017-01-26 11:59:26-08:00
notebook/notebookapp.py,Thomas Kluyver,Min RK,2017-01-31 11:18:32+00:00,2017-02-01 11:17:43+01:00
notebook/notebookapp.py,Min RK,Matthias Bussonnier,2017-02-02 00:16:34+01:00,2017-02-01 17:04:49-08:00
notebook/notebookapp.py,wordofglass,Grant Nestor,2017-03-07 22:28:52+01:00,2017-03-07 20:22:44-08:00
notebook/notebookapp.py,Grant Nestor,wordofglass,2017-03-07 20:22:44-08:00,2017-03-08 20:46:04+01:00
notebook/notebookapp.py,wordofglass,Grant Nestor,2017-03-08 20:46:04+01:00,2017-03-08 14:40:11-08:00
notebook/notebookapp.py,Brookie Guzder-Williams,Min RK,2017-04-07 17:30:30-07:00,2017-04-08 10:17:18+02:00
notebook/notebookapp.py,Min RK,Brookie Guzder-Williams,2017-04-08 10:17:18+02:00,2017-04-08 12:31:17-07:00
notebook/notebookapp.py,Thomas Kluyver,Steve (Gadget) Barnes,2017-05-19 12:15:33+01:00,2017-05-19 17:25:22+01:00
notebook/notebookapp.py,Thomas Kluyver,Matthias Bussonnier,2017-11-02 13:13:11+00:00,2017-11-02 13:58:13-07:00
notebook/notebookapp.py,Thomas Kluyver,Grant Nestor,2018-03-28 15:43:43+02:00,2018-03-29 12:14:12+02:00
notebook/notebookapp.py,Grant Nestor,Thomas Kluyver,2018-03-29 12:14:12+02:00,2018-03-29 12:14:12+02:00
notebook/notebookapp.py,Felix Mönckemeyer,David Lukes,2020-07-06 19:21:32+02:00,2020-07-07 08:29:47+02:00
notebook/notebookapp.py,Matt Riedemann,Sai Rahul Poruri,2020-10-09 16:02:30-05:00,2020-10-10 15:30:06+01:00
notebook/notebookapp.py,Steven Silvester,Kevin Bates,2021-01-28 15:04:19-06:00,2021-01-28 14:53:48-08:00
notebook/serverextensions.py,damianavila,Jonathan Frederic,2016-02-26 09:32:02-08:00,2016-02-26 09:32:02-08:00
notebook/serverextensions.py,Nicholas Bollweg,Jonathan Frederic,2016-03-07 12:44:00-05:00,2016-03-07 10:13:02-08:00
notebook/serverextensions.py,Nicholas Bollweg,Min RK,2016-03-17 00:02:23-04:00,2016-03-17 09:44:10+01:00
notebook/services/api/api.yaml,Jason Grout,Min RK,2016-01-21 13:32:23+01:00,2016-01-21 13:33:35+01:00
notebook/services/api/api.yaml,Ashley Teoh,Celina Kilcrease,2018-04-13 21:41:58-04:00,2018-04-14 18:49:01-04:00
notebook/services/api/api.yaml,Celina Kilcrease,Ashley Teoh,2018-04-17 22:23:08-04:00,2018-04-18 12:35:16-04:00
notebook/services/api/api.yaml,Ashley Teoh,Thomas Kluyver,2018-04-18 12:35:16-04:00,2018-04-19 09:13:01+02:00
notebook/services/api/handlers.py,Steven Silvester,Min RK,2015-09-24 16:21:52-05:00,2015-09-24 23:26:43+02:00
notebook/services/config/manager.py,Brian E. Granger,Jonathan Frederic,2016-02-26 09:32:02-08:00,2016-02-26 15:41:14-08:00
notebook/services/config/manager.py,Min RK,Sylvain Corlay,2016-06-10 15:21:19+02:00,2016-06-10 17:27:00-04:00
notebook/services/contents/filemanager.py,Ashley Teoh,Celina Kilcrease,2018-04-13 21:41:58-04:00,2018-04-14 20:04:45-04:00
notebook/services/kernels/handlers.py,Sylvain Corlay,Min RK,2020-12-17 15:28:50+01:00,2020-12-18 11:21:48+01:00
notebook/services/kernels/handlers.py,Kyle Cutler,Jeremy Tuloup,2022-02-28 16:04:36-06:00,2022-03-01 16:11:45+01:00
notebook/services/kernels/kernelmanager.py,Michael Heilman,Min RK,2017-10-09 13:05:15-05:00,2017-10-10 11:06:48+02:00
notebook/static-src/auth/js/loginmain.js,Jonathan Frederic,Matthias Bussonnier,2015-08-26 14:06:13-07:00,2015-08-27 09:00:15+02:00
notebook/static-src/auth/js/main.js,Jonathan Frederic,Matthias Bussonnier,2015-08-26 14:06:11-07:00,2015-08-27 09:00:15+02:00
notebook/static-src/base/js/globals.js,Jonathan Frederic,Matthias Bussonnier,2015-08-26 14:06:14-07:00,2015-08-27 09:00:15+02:00
notebook/static-src/base/js/namespace.js,Jonathan Frederic,Matthias Bussonnier,2015-08-26 14:06:12-07:00,2015-08-27 09:00:15+02:00
notebook/static/acc_overwrite.less,韩韬,Norah Abanumay,2019-06-18 21:50:49+01:00,2019-06-19 15:54:27+01:00
notebook/static/acc_overwrite.less,Norah Abanumay,韩韬,2019-06-19 15:54:27+01:00,2019-06-19 15:58:55+01:00
notebook/static/auth/js/loginmain.js,jdfreder,Matthias Bussonnier,2015-08-26 14:05:14-07:00,2015-08-27 09:00:15+02:00
notebook/static/auth/js/loginmain.js,Rosa Swaby,danagilliann,2018-04-17 11:37:48-04:00,2018-04-17 11:41:25-04:00
notebook/static/auth/js/loginwidget.js,jdfreder,Matthias Bussonnier,2015-08-26 14:05:14-07:00,2015-08-27 09:00:15+02:00
notebook/static/auth/js/logoutmain.js,jdfreder,Matthias Bussonnier,2015-08-26 14:05:14-07:00,2015-08-27 09:00:15+02:00
notebook/static/auth/js/main.js,jdfreder,Matthias Bussonnier,2015-08-26 14:05:15-07:00,2015-08-27 09:00:15+02:00
notebook/static/base/js/dialog.js,jdfreder,Matthias Bussonnier,2015-08-26 14:05:14-07:00,2015-08-27 09:00:15+02:00
notebook/static/base/js/dialog.js,Grant Nestor,Paul Ivanov,2017-01-25 16:24:17-08:00,2017-01-26 12:31:56-08:00
notebook/static/base/js/events.js,jdfreder,Matthias Bussonnier,2015-08-26 14:05:14-07:00,2015-08-27 09:00:15+02:00
notebook/static/base/js/keyboard.js,jdfreder,Matthias Bussonnier,2015-08-26 14:05:14-07:00,2015-08-27 09:00:15+02:00
notebook/static/base/js/namespace.js,jdfreder,Matthias Bussonnier,2015-08-26 14:05:14-07:00,2015-08-27 09:00:15+02:00
notebook/static/base/js/namespace.js,Grant Nestor,Matthias Bussonnier,2017-03-16 15:59:06-07:00,2017-03-16 17:02:37-07:00
notebook/static/base/js/namespace.js,Min RK,Gustavo Efeiche,2018-09-19 16:31:30+02:00,2018-09-20 00:16:42-03:00
notebook/static/base/js/namespace.js,Afshin Taylor Darian,GitHub Action,2021-05-12 11:04:31-05:00,2021-05-12 18:24:11+00:00
notebook/static/base/js/namespace.js,Afshin Taylor Darian,Steven Silvester,2021-08-05 12:50:10-05:00,2021-08-05 12:54:02-05:00
notebook/static/base/js/namespace.js,Steven Silvester,GitHub Action,2021-08-05 12:57:33-05:00,2021-08-06 11:46:36+00:00
notebook/static/base/js/notificationarea.js,jdfreder,Matthias Bussonnier,2015-08-26 14:05:14-07:00,2015-08-27 09:00:15+02:00
notebook/static/base/js/notificationwidget.js,jdfreder,Matthias Bussonnier,2015-08-26 14:05:14-07:00,2015-08-27 09:00:15+02:00
notebook/static/base/js/page.js,jdfreder,Matthias Bussonnier,2015-08-26 14:05:14-07:00,2015-08-27 09:00:15+02:00
notebook/static/base/js/security.js,jdfreder,Matthias Bussonnier,2015-08-26 14:05:14-07:00,2015-08-27 09:00:15+02:00
notebook/static/base/js/utils.js,jdfreder,Jonathan Frederic,2015-08-26 14:05:14-07:00,2015-08-26 14:06:10-07:00
notebook/static/base/js/utils.js,Jonathan Frederic,Matthias Bussonnier,2015-08-26 14:06:10-07:00,2015-08-27 09:00:15+02:00
notebook/static/base/js/utils.js,Peter Parente,Jonathan Frederic,2016-03-29 16:12:59-07:00,2016-03-30 16:03:33-07:00
notebook/static/base/js/utils.js,Celina Kilcrease,Ashley Teoh,2018-04-17 11:37:56-04:00,2018-04-17 11:41:09-04:00
notebook/static/base/js/utils.js,Ashley Teoh,Celina Kilcrease,2018-04-17 11:41:09-04:00,2018-04-17 22:22:35-04:00
notebook/static/base/js/utils.js,Celina Kilcrease,Ashley Teoh,2018-04-17 22:23:08-04:00,2018-04-18 00:03:52-04:00
notebook/static/base/js/utils.js,Ashley Teoh,Celina Kilcrease,2018-04-18 12:33:03-04:00,2018-04-18 14:56:15-04:00
notebook/static/bidi/bidi.js,Grant Nestor,Josh Barnes,2017-11-30 12:18:59-08:00,2017-11-30 21:39:42-08:00
notebook/static/edit/js/editor.js,jdfreder,Matthias Bussonnier,2015-08-26 14:05:14-07:00,2015-08-27 09:00:15+02:00
notebook/static/edit/js/main.js,jdfreder,Jonathan Frederic,2015-08-26 14:05:14-07:00,2015-08-26 14:06:10-07:00
notebook/static/edit/js/main.js,Jonathan Frederic,Matthias Bussonnier,2015-08-26 14:06:10-07:00,2015-08-27 09:00:15+02:00
notebook/static/edit/js/menubar.js,jdfreder,Matthias Bussonnier,2015-08-26 14:05:14-07:00,2015-08-27 09:00:15+02:00
notebook/static/edit/js/notificationarea.js,jdfreder,Matthias Bussonnier,2015-08-26 14:05:14-07:00,2015-08-27 09:00:15+02:00
notebook/static/edit/js/savewidget.js,jdfreder,Matthias Bussonnier,2015-08-26 14:05:14-07:00,2015-08-27 09:00:15+02:00
notebook/static/edit/js/savewidget.js,samarsultan,Samar Sultan,2017-04-02 12:50:06+02:00,2017-04-02 14:49:48+02:00
notebook/static/notebook/js/about.js,jdfreder,Matthias Bussonnier,2015-08-26 14:05:14-07:00,2015-08-27 09:00:15+02:00
notebook/static/notebook/js/actions.js,Thomas Kluyver,Matthias Bussonnier,2015-08-09 18:19:48-07:00,2015-08-10 17:35:45-07:00
notebook/static/notebook/js/actions.js,Matthias Bussonnier,Simon Vurens,2015-08-10 17:35:45-07:00,2015-08-10 17:35:45-07:00
notebook/static/notebook/js/actions.js,Simon Vurens,Matthias Bussonnier,2015-08-10 17:35:45-07:00,2015-08-10 19:08:09-07:00
notebook/static/notebook/js/actions.js,jdfreder,Matthias Bussonnier,2015-08-26 14:05:14-07:00,2015-08-27 09:00:15+02:00
notebook/static/notebook/js/actions.js,Jessica B. Hamrick,Matthias Bussonnier,2015-10-29 14:24:59-07:00,2015-10-29 16:25:01-07:00
notebook/static/notebook/js/actions.js,Matthias Bussonnier,Pierre Gerold,2015-12-08 21:24:35+01:00,2015-12-08 22:21:16-05:00
notebook/static/notebook/js/actions.js,Pierre Gerold,Peter Parente,2015-12-08 22:21:16-05:00,2015-12-08 22:31:33-05:00
notebook/static/notebook/js/actions.js,Safia Abdalla,Matthias Bussonnier,2015-12-09 22:35:01-06:00,2015-12-10 18:48:23+01:00
notebook/static/notebook/js/cell.js,jdfreder,Matthias Bussonnier,2015-08-26 14:05:14-07:00,2015-08-27 09:00:15+02:00
notebook/static/notebook/js/cell.js,Matthias Bussonnier,Jessica B. Hamrick,2015-10-29 08:17:04-07:00,2015-10-29 08:55:05-07:00
notebook/static/notebook/js/cell.js,Min RK,Grant Nestor,2016-09-12 15:05:12+02:00,2016-09-12 12:30:20-07:00
notebook/static/notebook/js/celltoolbar.js,jdfreder,Matthias Bussonnier,2015-08-26 14:05:14-07:00,2015-08-27 09:00:15+02:00
notebook/static/notebook/js/celltoolbarpresets/default.js,jdfreder,Matthias Bussonnier,2015-08-26 14:05:14-07:00,2015-08-27 09:00:15+02:00
notebook/static/notebook/js/celltoolbarpresets/example.js,jdfreder,Matthias Bussonnier,2015-08-26 14:05:14-07:00,2015-08-27 09:00:15+02:00
notebook/static/notebook/js/celltoolbarpresets/rawcell.js,jdfreder,Matthias Bussonnier,2015-08-26 14:05:14-07:00,2015-08-27 09:00:15+02:00
notebook/static/notebook/js/celltoolbarpresets/slideshow.js,jdfreder,Matthias Bussonnier,2015-08-26 14:05:14-07:00,2015-08-27 09:00:15+02:00
notebook/static/notebook/js/codecell.js,jdfreder,Matthias Bussonnier,2015-08-26 14:05:14-07:00,2015-08-27 09:00:15+02:00
notebook/static/notebook/js/codecell.js,marcelo-ramires,Matthias Bussonnier,2015-12-02 00:18:33-02:00,2015-12-02 14:15:09+01:00
notebook/static/notebook/js/commandpalette.js,Simon Vurens,Matthias Bussonnier,2015-08-10 17:35:45-07:00,2015-08-10 17:35:45-07:00
notebook/static/notebook/js/commandpalette.js,Matthias Bussonnier,Simon Vurens,2015-08-10 17:35:45-07:00,2015-08-10 17:35:45-07:00
notebook/static/notebook/js/commandpalette.js,Simon Vurens,Matthias Bussonnier,2015-08-10 17:35:45-07:00,2015-08-10 17:35:45-07:00
notebook/static/notebook/js/completer.js,jdfreder,Matthias Bussonnier,2015-08-26 14:05:14-07:00,2015-08-27 09:00:15+02:00
notebook/static/notebook/js/contexthint.js,jdfreder,Matthias Bussonnier,2015-08-26 14:05:14-07:00,2015-08-27 09:00:15+02:00
notebook/static/notebook/js/kernelselector.js,jdfreder,Matthias Bussonnier,2015-08-26 14:05:14-07:00,2015-08-27 09:00:15+02:00
notebook/static/notebook/js/keyboardmanager.js,Thomas Kluyver,Matthias Bussonnier,2015-08-09 18:09:53-07:00,2015-08-10 17:35:45-07:00
notebook/static/notebook/js/keyboardmanager.js,Matthias Bussonnier,Simon Vurens,2015-08-10 17:35:45-07:00,2015-08-10 17:35:45-07:00
notebook/static/notebook/js/keyboardmanager.js,Simon Vurens,Matthias Bussonnier,2015-08-10 17:35:45-07:00,2015-08-10 17:35:45-07:00
notebook/static/notebook/js/keyboardmanager.js,jdfreder,Matthias Bussonnier,2015-08-26 14:05:14-07:00,2015-08-27 09:00:15+02:00
notebook/static/notebook/js/main.js,jdfreder,Jonathan Frederic,2015-08-26 14:05:14-07:00,2015-08-26 14:06:10-07:00
notebook/static/notebook/js/main.js,Jonathan Frederic,Matthias Bussonnier,2015-08-26 14:06:10-07:00,2015-08-27 09:00:15+02:00
notebook/static/notebook/js/main.js,Jonathan Frederic,Thomas Kluyver,2016-03-30 16:03:33-07:00,2016-03-30 16:12:50-07:00
notebook/static/notebook/js/main.js,Pierre Gerold,Matthias Bussonnier,2016-04-21 11:46:32+02:00,2016-04-21 18:00:17+02:00
notebook/static/notebook/js/main.js,samarsultan,Thomas Kluyver,2017-08-01 16:41:47+02:00,2017-08-02 11:53:21+01:00
notebook/static/notebook/js/maintoolbar.js,jdfreder,Matthias Bussonnier,2015-08-26 14:05:15-07:00,2015-08-27 09:00:15+02:00
notebook/static/notebook/js/maintoolbar.js,Pierre Gerold,Peter Parente,2015-12-08 22:21:16-05:00,2015-12-08 22:31:33-05:00
notebook/static/notebook/js/maintoolbar.js,Grant Nestor,Thomas Kluyver,2017-03-22 15:24:21-07:00,2017-03-23 14:53:52+00:00
notebook/static/notebook/js/mathjaxutils.js,jdfreder,Matthias Bussonnier,2015-08-26 14:05:14-07:00,2015-08-27 09:00:15+02:00
notebook/static/notebook/js/mathjaxutils.js,Min RK,Jonathan Frederic,2016-02-22 11:24:09+01:00,2016-02-22 07:30:55-08:00
notebook/static/notebook/js/mathjaxutils.js,Lorenzo Gasparini,Michael Pacer,2017-03-01 18:53:34+01:00,2017-03-01 11:33:39-08:00
notebook/static/notebook/js/menubar.js,jdfreder,Matthias Bussonnier,2015-08-26 14:05:14-07:00,2015-08-27 09:00:15+02:00
notebook/static/notebook/js/menubar.js,Safia Abdalla,Matthias Bussonnier,2015-09-17 10:08:23-07:00,2015-09-17 10:35:26-07:00
notebook/static/notebook/js/menubar.js,Jonathan Frederic,Min RK,2016-02-22 07:30:55-08:00,2016-02-23 09:10:32+01:00
notebook/static/notebook/js/notebook.js,Min RK,Matthias Bussonnier,2015-05-14 10:49:28-07:00,2015-05-15 09:33:28-07:00
notebook/static/notebook/js/notebook.js,Min RK,Philipp A.,2015-07-21 14:17:19-07:00,2015-07-22 09:23:27+02:00
notebook/static/notebook/js/notebook.js,Thomas Kluyver,Simon Vurens,2015-08-10 13:47:08-07:00,2015-08-10 17:35:45-07:00
notebook/static/notebook/js/notebook.js,Simon Vurens,Matthias Bussonnier,2015-08-10 17:35:45-07:00,2015-08-10 17:35:46-07:00
notebook/static/notebook/js/notebook.js,Matthias Bussonnier,Thomas Kluyver,2015-08-10 17:35:46-07:00,2015-08-11 14:53:04-07:00
notebook/static/notebook/js/notebook.js,Thomas Kluyver,Matthias Bussonnier,2015-08-11 15:56:07-07:00,2015-08-11 16:45:38-07:00
notebook/static/notebook/js/notebook.js,Safia Abdalla,jdfreder,2015-08-26 08:57:05-07:00,2015-08-26 14:05:14-07:00
notebook/static/notebook/js/notebook.js,jdfreder,Matthias Bussonnier,2015-08-26 14:05:14-07:00,2015-08-27 09:00:15+02:00
notebook/static/notebook/js/notebook.js,Brian E. Granger,Jessica B. Hamrick,2015-10-28 15:58:01-04:00,2015-10-28 14:59:50-07:00
notebook/static/notebook/js/notebook.js,Jessica B. Hamrick,Matthias Bussonnier,2015-10-28 14:59:50-07:00,2015-10-29 08:17:04-07:00
notebook/static/notebook/js/notebook.js,Matthias Bussonnier,Jessica B. Hamrick,2015-10-29 08:17:04-07:00,2015-10-29 08:17:05-07:00
notebook/static/notebook/js/notebook.js,Matthias Bussonnier,Safia Abdalla,2015-11-26 23:16:57+01:00,2015-11-27 12:38:42-06:00
notebook/static/notebook/js/notebook.js,Matthias Bussonnier,Pierre Gerold,2015-12-08 17:15:56+01:00,2015-12-08 22:21:16-05:00
notebook/static/notebook/js/notebook.js,Pierre Gerold,Peter Parente,2015-12-08 22:21:16-05:00,2015-12-08 22:23:32-05:00
notebook/static/notebook/js/notebook.js,Peter Parente,Jonathan Frederic,2015-12-08 22:31:52-05:00,2015-12-09 10:32:19-08:00
notebook/static/notebook/js/notebook.js,Jonathan Frederic,Safia Abdalla,2015-12-09 11:17:34-08:00,2015-12-09 22:35:01-06:00
notebook/static/notebook/js/notebook.js,Safia Abdalla,Matthias Bussonnier,2015-12-09 22:35:01-06:00,2015-12-10 13:36:52+01:00
notebook/static/notebook/js/notebook.js,Matthias Bussonnier,Jonathan Frederic,2015-12-10 13:36:52+01:00,2015-12-10 09:08:00-08:00
notebook/static/notebook/js/notebook.js,Jonathan Frederic,Pierre Gerold,2015-12-10 09:08:00-08:00,2015-12-10 18:35:57+01:00
notebook/static/notebook/js/notebook.js,Pierre Gerold,Jonathan Frederic,2015-12-10 18:35:57+01:00,2015-12-10 09:51:29-08:00
notebook/static/notebook/js/notebook.js,Jonathan Frederic,Matthias Bussonnier,2015-12-10 10:02:47-08:00,2015-12-10 19:25:32+01:00
notebook/static/notebook/js/notebook.js,Matthias Bussonnier,Safia Abdalla,2015-12-12 01:12:29+01:00,2015-12-12 15:32:53-06:00
notebook/static/notebook/js/notebook.js,Matthias Bussonnier,Min RK,2015-12-14 15:02:05+01:00,2015-12-15 14:32:54+01:00
notebook/static/notebook/js/notebook.js,Vivian Fang,Bernd Schwarzenbacher,2016-04-06 17:14:46-07:00,2016-04-07 22:57:40+02:00
notebook/static/notebook/js/notebook.js,Grant Nestor,Matthias Bussonnier,2016-08-12 13:08:06-07:00,2016-08-12 14:43:41-07:00
notebook/static/notebook/js/notebook.js,Rosa Swaby,Celina Kilcrease,2018-04-05 12:06:46-04:00,2018-04-05 15:11:38-04:00
notebook/static/notebook/js/notebook.js,Babatunde Adeola,Min ho Kim,2019-07-12 18:40:45+01:00,2019-07-12 18:54:08+01:00
notebook/static/notebook/js/notebook.js,Toon Baeyens,Mohammad Mostafa Farzan,2020-07-23 08:29:11+02:00,2020-07-23 14:55:47-05:00
notebook/static/notebook/js/notebook.js,Mohammad Mostafa Farzan,Christophe Cadilhac,2020-07-23 14:55:47-05:00,2020-07-23 14:56:39-05:00
notebook/static/notebook/js/notificationarea.js,jdfreder,Matthias Bussonnier,2015-08-26 14:05:14-07:00,2015-08-27 09:00:15+02:00
notebook/static/notebook/js/outputarea.js,jdfreder,Jonathan Frederic,2015-08-26 14:05:14-07:00,2015-08-26 14:06:10-07:00
notebook/static/notebook/js/outputarea.js,Jonathan Frederic,Matthias Bussonnier,2015-08-26 14:06:10-07:00,2015-08-27 09:00:15+02:00
notebook/static/notebook/js/outputarea.js,Grant Nestor,Jason Grout,2016-12-06 13:06:46-08:00,2016-12-07 12:50:18-08:00
notebook/static/notebook/js/outputarea.js,Min RK,Andrew Shaffer,2017-01-06 16:55:22+01:00,2017-01-07 00:30:58-08:00
notebook/static/notebook/js/outputarea.js,Grant Nestor,Min RK,2017-03-14 10:03:59-07:00,2017-03-15 10:21:03+01:00
notebook/static/notebook/js/outputarea.js,Min RK,Grant Nestor,2017-03-15 10:53:32+01:00,2017-03-15 19:41:43-07:00
notebook/static/notebook/js/outputarea.js,samarsultan,Grant Nestor,2017-08-01 16:33:53+02:00,2017-08-01 12:06:34-07:00
notebook/static/notebook/js/outputarea.js,Doug Hanley,Douglas Hanley,2017-09-15 11:01:59-04:00,2017-09-15 11:27:55-04:00
notebook/static/notebook/js/outputarea.js,Erwin,Berend-Jan Lange,2020-04-08 11:43:24+02:00,2020-04-08 11:47:57+02:00
notebook/static/notebook/js/outputarea.js,Berend-Jan Lange,Erwin,2020-04-08 11:47:57+02:00,2020-04-08 11:53:54+02:00
notebook/static/notebook/js/outputarea.js,Erwin,Berend-Jan Lange,2020-04-08 11:53:54+02:00,2020-04-08 12:12:17+02:00
notebook/static/notebook/js/pager.js,jdfreder,Jonathan Frederic,2015-08-26 14:05:14-07:00,2015-08-26 14:06:10-07:00
notebook/static/notebook/js/pager.js,Jonathan Frederic,Matthias Bussonnier,2015-08-26 14:06:10-07:00,2015-08-27 09:00:15+02:00
notebook/static/notebook/js/pager.js,Brian E. Granger,Jonathan Frederic,2015-10-21 12:37:29-04:00,2015-10-22 09:04:16-07:00
notebook/static/notebook/js/quickhelp.js,jdfreder,Matthias Bussonnier,2015-08-26 14:05:14-07:00,2015-08-27 09:00:15+02:00
notebook/static/notebook/js/quickhelp.js,Matthias Bussonnier,Carol Willing,2015-10-26 11:20:38-07:00,2015-10-26 12:05:26-07:00
notebook/static/notebook/js/savewidget.js,jdfreder,Matthias Bussonnier,2015-08-26 14:05:14-07:00,2015-08-27 09:00:15+02:00
notebook/static/notebook/js/scrollmanager.js,jdfreder,Matthias Bussonnier,2015-08-26 14:05:14-07:00,2015-08-27 09:00:15+02:00
notebook/static/notebook/js/textcell.js,jdfreder,Matthias Bussonnier,2015-08-26 14:05:14-07:00,2015-08-27 09:00:15+02:00
notebook/static/notebook/js/textcell.js,Toon Baeyens,Mohammad Mostafa Farzan,2020-07-23 08:29:11+02:00,2020-07-23 14:55:47-05:00
notebook/static/notebook/js/textcell.js,Mohammad Mostafa Farzan,Steinar Sturlaugsson,2020-07-23 14:55:47-05:00,2020-07-23 14:56:27-05:00
notebook/static/notebook/js/toolbar.js,jdfreder,Matthias Bussonnier,2015-08-26 14:05:14-07:00,2015-08-27 09:00:15+02:00
notebook/static/notebook/js/tooltip.js,jdfreder,Matthias Bussonnier,2015-08-26 14:05:14-07:00,2015-08-27 09:00:15+02:00
notebook/static/notebook/js/tour.js,jdfreder,Matthias Bussonnier,2015-08-26 14:05:14-07:00,2015-08-27 09:00:15+02:00
notebook/static/notebook/less/cell.less,Matthias Bussonnier,Jessica B. Hamrick,2015-10-29 08:17:04-07:00,2015-10-29 08:17:05-07:00
notebook/static/notebook/less/highlight.less,nsonnad,Nikhil S,2015-06-29 19:48:01-04:00,2015-06-29 21:37:38-04:00
notebook/static/notebook/less/renderedhtml.less,Roy Hyunjin Han,Grant Nestor,2017-07-26 15:41:32-04:00,2017-07-27 08:14:18-07:00
notebook/static/notebook/less/renderedhtml.less,Grant Nestor,Roy Hyunjin Han,2017-07-27 08:14:18-07:00,2017-07-27 12:22:34-04:00
notebook/static/notebook/less/tagbar.less,Brian E. Granger,Matthias Bussonnier,2017-02-25 18:55:42-08:00,2017-02-25 20:18:18-08:00
notebook/static/services/config.js,jdfreder,Matthias Bussonnier,2015-08-26 14:05:14-07:00,2015-08-27 09:00:15+02:00
notebook/static/services/contents.js,jdfreder,Jonathan Frederic,2015-08-26 14:05:14-07:00,2015-08-26 14:06:10-07:00
notebook/static/services/contents.js,Jonathan Frederic,Matthias Bussonnier,2015-08-26 14:06:10-07:00,2015-08-27 09:00:15+02:00
notebook/static/services/kernels/comm.js,jdfreder,Matthias Bussonnier,2015-08-26 14:05:14-07:00,2015-08-27 09:00:15+02:00
notebook/static/services/kernels/kernel.js,jdfreder,Matthias Bussonnier,2015-08-26 14:05:14-07:00,2015-08-27 09:00:15+02:00
notebook/static/services/kernels/kernel.js,Daniel Krenn,Paul Ivanov,2017-01-24 12:59:22+01:00,2017-01-24 16:50:22-08:00
notebook/static/services/kernels/serialize.js,jdfreder,Matthias Bussonnier,2015-08-26 14:05:14-07:00,2015-08-27 09:00:15+02:00
notebook/static/services/sessions/session.js,jdfreder,Matthias Bussonnier,2015-08-26 14:05:14-07:00,2015-08-27 09:00:15+02:00
notebook/static/terminal/js/main.js,jdfreder,Jonathan Frederic,2015-08-26 14:05:14-07:00,2015-08-26 14:06:10-07:00
notebook/static/terminal/js/main.js,Jonathan Frederic,Matthias Bussonnier,2015-08-26 14:06:10-07:00,2015-08-27 09:00:15+02:00
notebook/static/terminal/js/terminado.js,jdfreder,Jonathan Frederic,2015-08-26 14:05:14-07:00,2015-08-26 14:06:10-07:00
notebook/static/terminal/js/terminado.js,Jonathan Frederic,Matthias Bussonnier,2015-08-26 14:06:10-07:00,2015-08-27 09:00:15+02:00
notebook/static/tree/js/directoryreadme.js,Toon Baeyens,tobaeyen,2020-07-23 08:29:11+02:00,2020-07-23 08:29:11+02:00
notebook/static/tree/js/directoryreadme.js,tobaeyen,Toon Baeyens,2020-07-23 08:29:11+02:00,2020-07-23 08:29:11+02:00
notebook/static/tree/js/kernellist.js,jdfreder,Matthias Bussonnier,2015-08-26 14:05:14-07:00,2015-08-27 09:00:15+02:00
notebook/static/tree/js/kernellist.js,Kyle Kelley,Jason Grout,2019-10-02 14:15:46-07:00,2019-10-02 16:56:11-07:00
notebook/static/tree/js/main.js,jdfreder,Jonathan Frederic,2015-08-26 14:05:14-07:00,2015-08-26 14:06:10-07:00
notebook/static/tree/js/main.js,Jonathan Frederic,Matthias Bussonnier,2015-08-26 14:06:10-07:00,2015-08-27 09:00:15+02:00
notebook/static/tree/js/main.js,Pierre Gerold,Matthias Bussonnier,2016-04-21 11:46:32+02:00,2016-04-21 18:00:17+02:00
notebook/static/tree/js/main.js,Grant Nestor,Thomas Kluyver,2018-03-29 12:14:12+02:00,2018-03-29 12:14:12+02:00
notebook/static/tree/js/newnotebook.js,jdfreder,Matthias Bussonnier,2015-08-26 14:05:14-07:00,2015-08-27 09:00:15+02:00
notebook/static/tree/js/newnotebook.js,tao,Joshua Zeltser,2019-06-25 12:36:03+01:00,2019-06-25 14:15:30+01:00
notebook/static/tree/js/notebooklist.js,jdfreder,Matthias Bussonnier,2015-08-26 14:05:14-07:00,2015-08-27 09:00:15+02:00
notebook/static/tree/js/notebooklist.js,Steven Silvester,michaelpacer,2015-10-09 16:02:48-05:00,2015-10-09 15:21:58-07:00
notebook/static/tree/js/notebooklist.js,Nathan Daly,nvdv,2016-02-03 23:17:46-06:00,2016-02-04 14:00:48+03:00
notebook/static/tree/js/notebooklist.js,VladMironov,Nathan Daly,2016-02-13 06:31:38+03:00,2016-02-12 21:44:34-08:00
notebook/static/tree/js/notebooklist.js,Safia Abdalla,Min RK,2016-02-25 01:59:29-06:00,2016-02-25 11:37:57+01:00
notebook/static/tree/js/notebooklist.js,Doug Blank,Grant Nestor,2017-01-25 13:46:59-08:00,2017-01-25 13:46:59-08:00
notebook/static/tree/js/notebooklist.js,Thomas Kluyver,Matthias Bussonnier,2017-02-27 16:41:19+00:00,2017-02-27 09:54:23-08:00
notebook/static/tree/js/notebooklist.js,samarsultan,Samar Sultan,2017-04-02 12:50:06+02:00,2017-04-02 14:47:41+02:00
notebook/static/tree/js/notebooklist.js,bxy007,Thomas Kluyver,2018-03-08 07:38:47+08:00,2018-03-08 14:35:24+00:00
notebook/static/tree/js/notebooklist.js,Ashley Teoh,Celina Kilcrease,2018-04-17 11:14:12-04:00,2018-04-17 22:22:35-04:00
notebook/static/tree/js/notebooklist.js,Celina Kilcrease,Ashley Teoh,2018-04-17 22:22:35-04:00,2018-04-17 22:23:08-04:00
notebook/static/tree/js/notebooklist.js,Ashley Teoh,Celina Kilcrease,2018-04-17 22:23:08-04:00,2018-04-18 10:44:53-04:00
notebook/static/tree/js/notebooklist.js,Celina Kilcrease,Ashley Teoh,2018-04-18 10:44:53-04:00,2018-04-18 12:47:06-04:00
notebook/static/tree/js/notebooklist.js,Tim Head,Min RK,2018-11-17 19:39:39+01:00,2018-11-18 11:54:16+01:00
notebook/static/tree/js/notebooklist.js,Joshua Zeltser,韩韬,2019-06-19 10:46:06+01:00,2019-06-19 10:55:19+01:00
notebook/static/tree/js/notebooklist.js,Joshua Zeltser,韩韬,2019-06-25 12:07:03+01:00,2019-06-25 16:51:53+02:00
notebook/static/tree/js/notebooklist.js,韩韬,Joshua Zeltser,2019-06-25 16:51:53+02:00,2019-06-25 16:52:43+02:00
notebook/static/tree/js/notebooklist.js,ednut15,Joshua Zeltser,2019-06-27 16:10:38+01:00,2019-06-28 12:37:02+01:00
notebook/static/tree/js/notebooklist.js,Reece Hart,Steven Silvester,2020-06-08 05:11:30-05:00,2020-06-08 05:12:07-05:00
notebook/static/tree/js/sessionlist.js,jdfreder,Matthias Bussonnier,2015-08-26 14:05:14-07:00,2015-08-27 09:00:15+02:00
notebook/static/tree/js/terminallist.js,jdfreder,Matthias Bussonnier,2015-08-26 14:05:14-07:00,2015-08-27 09:00:15+02:00
notebook/static/tree/less/tree.less,Celina Kilcrease,Ashley Teoh,2018-04-18 10:44:53-04:00,2018-04-18 12:31:23-04:00
notebook/templates/edit.html,jdfreder,Matthias Bussonnier,2015-08-26 14:05:14-07:00,2015-08-27 09:00:15+02:00
notebook/templates/login.html,Matthias Bussonnier,Min RK,2017-03-07 11:27:21-08:00,2017-03-08 09:34:20-08:00
notebook/templates/login.html,Celina Kilcrease,Ashley Teoh,2018-04-05 11:57:06-04:00,2018-04-05 14:14:16-04:00
notebook/templates/notebook.html,Christopher Wilcox,Min RK,2015-08-13 14:23:26-07:00,2015-08-13 21:50:31-07:00
notebook/templates/notebook.html,Min RK,Matthias Bussonnier,2015-08-13 21:50:31-07:00,2015-08-14 12:07:23-07:00
notebook/templates/notebook.html,jdfreder,Matthias Bussonnier,2015-08-26 14:05:14-07:00,2015-08-27 09:00:15+02:00
notebook/templates/notebook.html,Matthias Bussonnier,Safia Abdalla,2015-12-10 14:01:46+01:00,2015-12-10 21:32:27-06:00
notebook/templates/notebook.html,fabihaahmed,ednut15,2019-06-19 11:35:21+01:00,2019-06-19 15:31:19+01:00
notebook/templates/notebook.html,ednut15,韩韬,2019-06-19 15:31:19+01:00,2019-06-19 15:39:06+01:00
notebook/templates/page.html,jdfreder,Jonathan Frederic,2015-08-26 14:05:15-07:00,2015-08-26 14:06:11-07:00
notebook/templates/page.html,Jonathan Frederic,Matthias Bussonnier,2015-08-26 14:06:12-07:00,2015-08-27 09:00:15+02:00
notebook/templates/page.html,Min RK,Matthias Bussonnier,2017-02-03 11:13:55+01:00,2017-02-03 14:29:04-08:00
notebook/templates/page.html,Grant Nestor,Joshua Zeltser,2019-06-26 23:09:30-07:00,2019-06-27 11:30:44+01:00
notebook/templates/terminal.html,jdfreder,Matthias Bussonnier,2015-08-26 14:05:14-07:00,2015-08-27 09:00:15+02:00
notebook/templates/tree.html,jdfreder,Matthias Bussonnier,2015-08-26 14:05:14-07:00,2015-08-27 09:00:15+02:00
notebook/templates/tree.html,Grant Nestor,Thomas Kluyver,2018-03-29 12:14:12+02:00,2018-03-29 12:14:12+02:00
notebook/templates/tree.html,Joshua Zeltser,fabihaahmed,2019-06-19 11:26:51+01:00,2019-06-19 11:35:21+01:00
notebook/templates/tree.html,fabihaahmed,Joshua Zeltser,2019-06-19 11:35:21+01:00,2019-06-19 11:58:31+01:00
notebook/templates/tree.html,Joshua Zeltser,韩韬,2019-06-19 11:58:31+01:00,2019-06-19 15:39:06+01:00
notebook/templates/tree.html,韩韬,ednut15,2019-06-19 15:39:06+01:00,2019-06-19 16:07:14+01:00
notebook/templates/tree.html,Joshua Zeltser,norah,2019-06-25 11:57:51+01:00,2019-06-25 13:22:45+01:00
notebook/templates/tree.html,norah,Joshua Zeltser,2019-06-25 13:22:45+01:00,2019-06-25 14:15:30+01:00
notebook/tests/base/utils.js,Jonathan Frederic,Matthias Bussonnier,2015-08-26 14:06:13-07:00,2015-08-27 09:00:15+02:00
notebook/tests/notebook/execute_selected_cells.js,Matthias Bussonnier,Jonathan Frederic,2015-12-10 13:09:21+01:00,2015-12-10 10:03:49-08:00
notebook/tests/notebook/multiselect_toggle.js,Pierre Gerold,Matthias Bussonnier,2015-12-11 16:11:04+01:00,2015-12-11 16:36:40+01:00
notebook/tests/selenium/quick_selenium.py,M Pacer,Thomas Kluyver,2018-03-27 09:21:15-07:00,2018-03-28 11:07:30+02:00
notebook/tests/selenium/test_deletecell.py,sheshtawy,hkshesht,2018-04-04 10:39:11-04:00,2018-04-04 11:03:02-04:00
notebook/tests/selenium/test_deletecell.py,hkshesht,sheshtawy,2018-04-04 11:03:02-04:00,2018-04-04 11:03:02-04:00
notebook/tests/selenium/test_execute_code.py,TPartida,Thomas Kluyver,2019-11-08 17:31:18+00:00,2019-11-08 17:37:22+00:00
notebook/tests/selenium/test_kernel_menu.py,Tres DuBiel,Thomas Kluyver,2019-11-08 11:37:10+00:00,2019-11-08 12:26:31+00:00
notebook/tests/selenium/test_markdown.py,M Pacer,Thomas Kluyver,2018-03-27 09:21:15-07:00,2018-03-28 12:31:38+02:00
notebook/tests/selenium/utils.py,lmcdon14,Thomas Kluyver,2019-11-08 12:32:19+00:00,2019-11-08 12:53:37+00:00
notebook/tests/test_notebookapp.py,Matthias Bussonnier,Pierre Gerold,2015-12-14 15:31:03+01:00,2015-12-14 15:55:50+01:00
notebook/tests/test_notebookapp.py,Pierre Gerold,Matthias Bussonnier,2015-12-14 15:55:50+01:00,2015-12-14 16:54:23+01:00
notebook/tests/test_notebookapp.py,Matthias Bussonnier,Pierre Gerold,2015-12-14 16:54:23+01:00,2015-12-14 16:54:23+01:00
notebook/tests/util.js,Jonathan Frederic,Matthias Bussonnier,2015-08-26 14:06:14-07:00,2015-08-27 09:00:15+02:00
notebook/utils.py,Matt Riedemann,Sai Rahul Poruri,2020-10-09 15:26:01-05:00,2020-10-10 15:54:34+01:00
package.json,Min RK,Matthias Bussonnier,2015-04-21 15:37:09-07:00,2015-04-21 15:37:14-07:00
package.json,jdfreder,Kyle Kelley,2015-08-26 14:05:14-07:00,2015-08-26 14:05:15-07:00
package.json,Kyle Kelley,jdfreder,2015-08-26 14:05:15-07:00,2015-08-26 14:05:15-07:00
package.json,jdfreder,Jonathan Frederic,2015-08-26 14:05:15-07:00,2015-08-26 14:06:10-07:00
package.json,Jonathan Frederic,jdfreder,2015-08-26 14:06:10-07:00,2015-08-26 14:06:10-07:00
package.json,jdfreder,Jonathan Frederic,2015-08-26 14:06:10-07:00,2015-08-26 14:06:10-07:00
package.json,Jonathan Frederic,jdfreder,2015-08-26 14:06:11-07:00,2015-08-26 14:06:11-07:00
package.json,jdfreder,Jonathan Frederic,2015-08-26 14:06:11-07:00,2015-08-26 14:06:11-07:00
package.json,Jonathan Frederic,Matthias Bussonnier,2015-08-26 14:06:14-07:00,2015-08-27 09:00:15+02:00
package.json,fabihaahmed,Joshua Zeltser,2019-06-19 11:35:21+01:00,2019-06-19 11:42:18+01:00
package.json,Steven Silvester,Jeremy Tuloup,2022-10-16 19:54:40-05:00,2022-10-17 16:26:26+02:00
package.json,Jeremy Tuloup,github-actions[bot],2024-12-20 22:15:34+01:00,2024-12-21 09:22:04+01:00
package.json,github-actions[bot],Jeremy Tuloup,2024-12-21 09:22:04+01:00,2024-12-21 20:33:53+01:00
packages/_metapackage/package.json,GitHub Action,Jeremy Tuloup,2022-03-01 07:20:17+00:00,2022-03-01 08:39:36+01:00
packages/_metapackage/package.json,Jeremy Tuloup,jtpio,2023-03-07 14:42:48+01:00,2023-03-08 08:24:32+00:00
packages/_metapackage/package.json,Jeremy Tuloup,jtpio,2023-03-20 13:49:22+01:00,2023-03-20 13:10:34+00:00
packages/_metapackage/package.json,jtpio,brichet,2024-12-04 08:58:32+00:00,2024-12-04 16:09:57+00:00
packages/_metapackage/package.json,Jeremy Tuloup,jtpio,2025-01-07 10:42:11+01:00,2025-01-07 10:55:25+00:00
packages/_metapackage/package.json,Jeremy Tuloup,jtpio,2025-02-20 10:40:15+01:00,2025-02-20 09:52:04+00:00
packages/application-extension/package.json,Frédéric Collonval,Jeremy Tuloup,2021-09-01 15:18:27+02:00,2021-09-02 11:08:43+02:00
packages/application-extension/package.json,Jeremy Tuloup,GitHub Action,2021-10-14 13:27:22+02:00,2021-10-14 12:38:27+00:00
packages/application-extension/package.json,Jeremy Tuloup,GitHub Action,2022-01-02 19:00:00+01:00,2022-01-03 14:06:33+00:00
packages/application-extension/package.json,Jeremy Tuloup,GitHub Action,2022-01-07 16:34:58+01:00,2022-01-07 17:49:06+00:00
packages/application-extension/package.json,Jeremy Tuloup,GitHub Action,2022-02-28 17:08:03+01:00,2022-03-01 07:20:17+00:00
packages/application-extension/package.json,GitHub Action,Jeremy Tuloup,2022-03-01 07:20:17+00:00,2022-03-01 08:39:36+01:00
packages/application-extension/package.json,Afshin T. Darian,Jeremy Tuloup,2022-09-29 11:13:34+01:00,2022-09-30 09:18:48+02:00
packages/application-extension/package.json,Jeremy Tuloup,jtpio,2023-01-09 15:50:12+01:00,2023-01-09 15:22:56+00:00
packages/application-extension/package.json,Jeremy Tuloup,jtpio,2023-02-07 14:52:18+01:00,2023-02-08 13:19:26+00:00
packages/application-extension/package.json,Jeremy Tuloup,jtpio,2023-02-15 08:34:26+01:00,2023-02-15 07:53:01+00:00
packages/application-extension/package.json,Jeremy Tuloup,jtpio,2023-03-07 14:42:48+01:00,2023-03-08 08:24:32+00:00
packages/application-extension/package.json,Jeremy Tuloup,jtpio,2023-03-15 09:50:55+01:00,2023-03-15 09:05:27+00:00
packages/application-extension/package.json,Jeremy Tuloup,jtpio,2023-03-20 13:49:22+01:00,2023-03-20 13:10:34+00:00
packages/application-extension/package.json,Jeremy Tuloup,jtpio,2023-04-28 08:54:39+02:00,2023-04-28 12:49:02+00:00
packages/application-extension/package.json,Jeremy Tuloup,jtpio,2023-05-09 18:24:24+02:00,2023-05-09 16:58:54+00:00
packages/application-extension/package.json,jtpio,Jeremy Tuloup,2023-05-25 07:01:46+00:00,2023-05-25 17:10:16+02:00
packages/application-extension/package.json,Jeremy Tuloup,jtpio,2023-08-04 08:29:07+02:00,2023-08-04 06:52:14+00:00
packages/application-extension/package.json,Jeremy Tuloup,jtpio,2023-10-12 09:46:32+02:00,2023-10-12 08:05:10+00:00
packages/application-extension/package.json,Jeremy Tuloup,jtpio,2023-10-27 14:28:33+02:00,2023-10-27 15:10:51+00:00
packages/application-extension/package.json,Nicolas Brichet,jtpio,2023-12-04 15:52:03+01:00,2023-12-04 15:06:30+00:00
packages/application-extension/package.json,Jeremy Tuloup,jtpio,2024-01-25 15:58:11+01:00,2024-01-26 12:24:20+00:00
packages/application-extension/package.json,Jeremy Tuloup,jtpio,2024-02-09 19:12:38+01:00,2024-02-09 18:25:38+00:00
packages/application-extension/package.json,Jeremy Tuloup,jtpio,2024-02-13 12:39:59+01:00,2024-02-13 15:24:16+00:00
packages/application-extension/package.json,Jeremy Tuloup,jtpio,2024-02-26 13:16:10+01:00,2024-02-26 14:28:49+00:00
packages/application-extension/package.json,Jeremy Tuloup,jtpio,2024-03-14 19:32:15+01:00,2024-03-14 18:46:38+00:00
packages/application-extension/package.json,Jeremy Tuloup,jtpio,2024-03-29 17:10:40+01:00,2024-03-29 16:24:55+00:00
packages/application-extension/package.json,Jeremy Tuloup,jtpio,2024-05-01 17:09:15+02:00,2024-05-01 15:26:16+00:00
packages/application-extension/package.json,Jeremy Tuloup,jtpio,2024-07-01 11:14:48+02:00,2024-07-01 09:27:25+00:00
packages/application-extension/package.json,Jeremy Tuloup,jtpio,2024-10-14 21:57:09+02:00,2024-10-15 06:06:57+00:00
packages/application-extension/package.json,Jeremy Tuloup,jtpio,2024-10-24 10:10:26+02:00,2024-10-24 16:26:26+00:00
packages/application-extension/package.json,Jeremy Tuloup,jtpio,2024-11-18 10:34:59+01:00,2024-11-18 09:47:41+00:00
packages/application-extension/package.json,Jeremy Tuloup,jtpio,2024-12-04 09:21:29+01:00,2024-12-04 08:58:32+00:00
packages/application-extension/package.json,jtpio,brichet,2024-12-04 08:58:32+00:00,2024-12-04 16:09:57+00:00
packages/application-extension/package.json,github-actions[bot],jtpio,2024-12-21 09:22:04+01:00,2024-12-21 08:39:01+00:00
packages/application-extension/package.json,jtpio,Jeremy Tuloup,2024-12-21 08:39:01+00:00,2024-12-21 20:33:53+01:00
packages/application-extension/package.json,Jeremy Tuloup,jtpio,2024-12-21 20:33:53+01:00,2024-12-21 20:08:54+00:00
packages/application-extension/package.json,Jeremy Tuloup,jtpio,2025-01-07 11:44:59+01:00,2025-01-07 10:55:25+00:00
packages/application-extension/package.json,Jeremy Tuloup,jtpio,2025-02-03 10:03:15+01:00,2025-02-03 11:35:54+00:00
packages/application-extension/package.json,Jeremy Tuloup,jtpio,2025-02-20 10:40:15+01:00,2025-02-20 09:52:04+00:00
packages/application-extension/package.json,Jeremy Tuloup,jtpio,2025-03-14 09:47:11+01:00,2025-03-14 08:58:41+00:00
packages/application-extension/src/index.ts,Jaymin Shah,Jason Weill,2022-10-03 13:29:11+05:30,2022-10-04 09:13:19+02:00
packages/application-extension/src/index.ts,Jason Weill,Nicolas Brichet,2022-10-04 09:13:19+02:00,2022-10-04 09:24:58+02:00
packages/application-extension/src/index.ts,Nicolas Brichet,Jeremy Tuloup,2022-10-04 09:51:20+02:00,2022-10-04 22:54:59+02:00
packages/application/package.json,Jeremy Tuloup,GitHub Action,2021-10-14 13:27:22+02:00,2021-10-14 12:38:27+00:00
packages/application/package.json,Jeremy Tuloup,GitHub Action,2022-01-02 19:00:00+01:00,2022-01-03 14:06:33+00:00
packages/application/package.json,Jeremy Tuloup,GitHub Action,2022-01-07 16:34:58+01:00,2022-01-07 17:49:06+00:00
packages/application/package.json,Jeremy Tuloup,GitHub Action,2022-02-28 17:08:03+01:00,2022-03-01 07:20:17+00:00
packages/application/package.json,GitHub Action,Jeremy Tuloup,2022-03-01 07:20:17+00:00,2022-03-01 08:39:36+01:00
packages/application/package.json,Jeremy Tuloup,GitHub Action,2022-05-20 10:51:17+02:00,2022-05-20 16:38:29+00:00
packages/application/package.json,Afshin T. Darian,Jeremy Tuloup,2022-09-29 11:13:34+01:00,2022-09-30 09:18:48+02:00
packages/application/package.json,Jeremy Tuloup,jtpio,2023-01-09 15:50:12+01:00,2023-01-09 15:22:56+00:00
packages/application/package.json,Jeremy Tuloup,jtpio,2023-02-07 14:52:18+01:00,2023-02-08 13:19:26+00:00
packages/application/package.json,Jeremy Tuloup,jtpio,2023-02-15 08:34:26+01:00,2023-02-15 07:53:01+00:00
packages/application/package.json,Jeremy Tuloup,jtpio,2023-03-07 14:42:48+01:00,2023-03-08 08:24:32+00:00
packages/application/package.json,Jeremy Tuloup,jtpio,2023-03-15 09:50:55+01:00,2023-03-15 09:05:27+00:00
packages/application/package.json,Jeremy Tuloup,jtpio,2023-03-20 13:49:22+01:00,2023-03-20 13:10:34+00:00
packages/application/package.json,Jeremy Tuloup,jtpio,2023-04-28 08:54:39+02:00,2023-04-28 12:49:02+00:00
packages/application/package.json,Jeremy Tuloup,jtpio,2023-05-09 18:24:24+02:00,2023-05-09 16:58:54+00:00
packages/application/package.json,Jeremy Tuloup,jtpio,2023-08-04 08:29:07+02:00,2023-08-04 06:52:14+00:00
packages/application/package.json,Jeremy Tuloup,jtpio,2023-10-12 09:46:32+02:00,2023-10-12 08:05:10+00:00
packages/application/package.json,Jeremy Tuloup,jtpio,2023-10-27 14:28:33+02:00,2023-10-27 15:10:51+00:00
packages/application/package.json,Nicolas Brichet,jtpio,2023-12-04 15:52:03+01:00,2023-12-04 15:06:30+00:00
packages/application/package.json,Jeremy Tuloup,jtpio,2024-01-25 15:58:11+01:00,2024-01-26 12:24:20+00:00
packages/application/package.json,Jeremy Tuloup,jtpio,2024-02-09 19:12:38+01:00,2024-02-09 18:25:38+00:00
packages/application/package.json,Jeremy Tuloup,jtpio,2024-02-13 12:39:59+01:00,2024-02-13 15:24:16+00:00
packages/application/package.json,Jeremy Tuloup,jtpio,2024-02-26 13:16:10+01:00,2024-02-26 14:28:49+00:00
packages/application/package.json,Jeremy Tuloup,jtpio,2024-03-14 19:32:15+01:00,2024-03-14 18:46:38+00:00
packages/application/package.json,Jeremy Tuloup,jtpio,2024-03-29 17:10:40+01:00,2024-03-29 16:24:55+00:00
packages/application/package.json,Jeremy Tuloup,jtpio,2024-05-01 17:09:15+02:00,2024-05-01 15:26:16+00:00
packages/application/package.json,Jeremy Tuloup,jtpio,2024-07-01 11:14:48+02:00,2024-07-01 09:27:25+00:00
packages/application/package.json,Jeremy Tuloup,jtpio,2024-10-14 21:57:09+02:00,2024-10-15 06:06:57+00:00
packages/application/package.json,Jeremy Tuloup,jtpio,2024-10-24 10:10:26+02:00,2024-10-24 16:26:26+00:00
packages/application/package.json,Jeremy Tuloup,jtpio,2024-11-18 10:34:59+01:00,2024-11-18 09:47:41+00:00
packages/application/package.json,Jeremy Tuloup,jtpio,2024-12-04 09:21:29+01:00,2024-12-04 08:58:32+00:00
packages/application/package.json,jtpio,brichet,2024-12-04 08:58:32+00:00,2024-12-04 16:09:57+00:00
packages/application/package.json,github-actions[bot],jtpio,2024-12-21 09:22:04+01:00,2024-12-21 08:39:01+00:00
packages/application/package.json,jtpio,Jeremy Tuloup,2024-12-21 08:39:01+00:00,2024-12-21 20:33:53+01:00
packages/application/package.json,Jeremy Tuloup,jtpio,2024-12-21 20:33:53+01:00,2024-12-21 20:08:54+00:00
packages/application/package.json,Jeremy Tuloup,jtpio,2025-01-07 11:44:59+01:00,2025-01-07 10:55:25+00:00
packages/application/package.json,Jeremy Tuloup,jtpio,2025-02-03 10:03:15+01:00,2025-02-03 11:35:54+00:00
packages/application/package.json,Jeremy Tuloup,jtpio,2025-02-20 10:40:15+01:00,2025-02-20 09:52:04+00:00
packages/application/package.json,Jeremy Tuloup,jtpio,2025-03-14 09:47:11+01:00,2025-03-14 08:58:41+00:00
packages/application/src/app.ts,Nicolas Brichet,Jeremy Tuloup,2022-10-04 09:48:31+02:00,2022-10-04 23:31:47+02:00
packages/application/src/shell.ts,Jason Weill,Nicolas Brichet,2022-10-04 09:13:19+02:00,2022-10-04 09:22:17+02:00
packages/application/src/shell.ts,Nicolas Brichet,Jeremy Tuloup,2022-10-04 09:48:31+02:00,2022-10-04 09:49:36+02:00
packages/application/src/shell.ts,Jeremy Tuloup,Nicolas Brichet,2022-10-04 09:49:41+02:00,2022-10-04 09:51:16+02:00
packages/application/src/shell.ts,Nicolas Brichet,foo,2022-10-04 09:51:20+02:00,2022-10-04 14:07:38+02:00
packages/application/src/shell.ts,foo,Jeremy Tuloup,2022-10-04 14:07:38+02:00,2022-10-04 22:54:59+02:00
packages/application/style/base.css,Jason Weill,Nicolas Brichet,2022-10-04 09:13:19+02:00,2022-10-04 09:34:07+02:00
packages/application/style/sidepanel.css,Jason Weill,pre-commit-ci[bot],2022-10-04 09:13:19+02:00,2022-10-04 09:25:32+02:00
packages/application/style/sidepanel.css,pre-commit-ci[bot],Nicolas Brichet,2022-10-04 09:25:32+02:00,2022-10-04 09:51:20+02:00
packages/application/style/sidepanel.css,Nicolas Brichet,foo,2022-10-04 09:51:20+02:00,2022-10-04 14:40:31+02:00
packages/application/style/sidepanel.css,foo,Jeremy Tuloup,2022-10-04 14:40:31+02:00,2022-10-04 22:54:59+02:00
packages/application/test/shell.spec.ts,Jason Weill,Jeremy Tuloup,2022-10-04 09:13:19+02:00,2022-10-04 09:49:41+02:00
packages/application/test/shell.spec.ts,Jeremy Tuloup,Nicolas Brichet,2022-10-04 09:49:41+02:00,2022-10-04 09:51:20+02:00
packages/application/test/shell.spec.ts,Nicolas Brichet,foo,2022-10-04 09:51:20+02:00,2022-10-04 14:07:38+02:00
packages/console-extension/package.json,Jeremy Tuloup,GitHub Action,2021-10-14 13:27:22+02:00,2021-10-14 12:38:27+00:00
packages/console-extension/package.json,Jeremy Tuloup,GitHub Action,2022-01-02 19:00:00+01:00,2022-01-03 14:06:33+00:00
packages/console-extension/package.json,Jeremy Tuloup,GitHub Action,2022-01-07 16:34:58+01:00,2022-01-07 17:49:06+00:00
packages/console-extension/package.json,Jeremy Tuloup,GitHub Action,2022-02-28 17:08:03+01:00,2022-03-01 07:20:17+00:00
packages/console-extension/package.json,GitHub Action,Jeremy Tuloup,2022-03-01 07:20:17+00:00,2022-03-01 08:39:36+01:00
packages/console-extension/package.json,Afshin T. Darian,Jeremy Tuloup,2022-09-29 11:13:34+01:00,2022-09-30 09:18:48+02:00
packages/console-extension/package.json,Jeremy Tuloup,jtpio,2023-01-09 15:50:12+01:00,2023-01-09 15:22:56+00:00
packages/console-extension/package.json,Jeremy Tuloup,jtpio,2023-02-07 14:52:18+01:00,2023-02-08 13:19:26+00:00
packages/console-extension/package.json,Jeremy Tuloup,jtpio,2023-02-15 08:34:26+01:00,2023-02-15 07:53:01+00:00
packages/console-extension/package.json,Jeremy Tuloup,jtpio,2023-03-07 14:42:48+01:00,2023-03-08 08:24:32+00:00
packages/console-extension/package.json,Jeremy Tuloup,jtpio,2023-03-15 09:50:55+01:00,2023-03-15 09:05:27+00:00
packages/console-extension/package.json,Jeremy Tuloup,jtpio,2023-03-20 13:49:22+01:00,2023-03-20 13:10:34+00:00
packages/console-extension/package.json,Jeremy Tuloup,jtpio,2023-04-28 08:54:39+02:00,2023-04-28 12:49:02+00:00
packages/console-extension/package.json,Jeremy Tuloup,jtpio,2023-05-09 18:24:24+02:00,2023-05-09 16:58:54+00:00
packages/console-extension/package.json,Jeremy Tuloup,jtpio,2023-08-04 08:29:07+02:00,2023-08-04 06:52:14+00:00
packages/console-extension/package.json,Jeremy Tuloup,jtpio,2023-09-20 08:48:20+02:00,2023-09-20 07:13:48+00:00
packages/console-extension/package.json,Jeremy Tuloup,jtpio,2023-10-12 09:46:32+02:00,2023-10-12 08:05:10+00:00
packages/console-extension/package.json,Jeremy Tuloup,jtpio,2023-10-27 14:28:33+02:00,2023-10-27 15:10:51+00:00
packages/console-extension/package.json,Nicolas Brichet,jtpio,2023-12-04 15:52:03+01:00,2023-12-04 15:06:30+00:00
packages/console-extension/package.json,Jeremy Tuloup,jtpio,2024-01-25 15:58:11+01:00,2024-01-26 12:24:20+00:00
packages/console-extension/package.json,Jeremy Tuloup,jtpio,2024-02-09 19:12:38+01:00,2024-02-09 18:25:38+00:00
packages/console-extension/package.json,Jeremy Tuloup,jtpio,2024-02-13 12:39:59+01:00,2024-02-13 15:24:16+00:00
packages/console-extension/package.json,Jeremy Tuloup,jtpio,2024-02-26 13:16:10+01:00,2024-02-26 14:28:49+00:00
packages/console-extension/package.json,Jeremy Tuloup,jtpio,2024-03-14 19:32:15+01:00,2024-03-14 18:46:38+00:00
packages/console-extension/package.json,Jeremy Tuloup,jtpio,2024-03-29 17:10:40+01:00,2024-03-29 16:24:55+00:00
packages/console-extension/package.json,Jeremy Tuloup,jtpio,2024-05-01 17:09:15+02:00,2024-05-01 15:26:16+00:00
packages/console-extension/package.json,Jeremy Tuloup,jtpio,2024-07-01 11:14:48+02:00,2024-07-01 09:27:25+00:00
packages/console-extension/package.json,Jeremy Tuloup,jtpio,2024-10-14 21:57:09+02:00,2024-10-15 06:06:57+00:00
packages/console-extension/package.json,Jeremy Tuloup,jtpio,2024-10-24 10:10:26+02:00,2024-10-24 16:26:26+00:00
packages/console-extension/package.json,Jeremy Tuloup,jtpio,2024-11-18 10:34:59+01:00,2024-11-18 09:47:41+00:00
packages/console-extension/package.json,Jeremy Tuloup,jtpio,2024-12-04 09:21:29+01:00,2024-12-04 08:58:32+00:00
packages/console-extension/package.json,jtpio,brichet,2024-12-04 08:58:32+00:00,2024-12-04 16:09:57+00:00
packages/console-extension/package.json,github-actions[bot],jtpio,2024-12-21 09:22:04+01:00,2024-12-21 08:39:01+00:00
packages/console-extension/package.json,jtpio,Jeremy Tuloup,2024-12-21 08:39:01+00:00,2024-12-21 20:33:53+01:00
packages/console-extension/package.json,Jeremy Tuloup,jtpio,2024-12-21 20:33:53+01:00,2024-12-21 20:08:54+00:00
packages/console-extension/package.json,Jeremy Tuloup,jtpio,2025-01-07 11:44:59+01:00,2025-01-07 10:55:25+00:00
packages/console-extension/package.json,Jeremy Tuloup,jtpio,2025-02-03 10:03:15+01:00,2025-02-03 11:35:54+00:00
packages/console-extension/package.json,Jeremy Tuloup,jtpio,2025-02-20 10:40:15+01:00,2025-02-20 09:52:04+00:00
packages/console-extension/package.json,Jeremy Tuloup,jtpio,2025-03-14 09:47:11+01:00,2025-03-14 08:58:41+00:00
packages/docmanager-extension/package.json,Jeremy Tuloup,GitHub Action,2021-10-14 13:27:22+02:00,2021-10-14 12:38:27+00:00
packages/docmanager-extension/package.json,Jeremy Tuloup,GitHub Action,2022-01-02 19:00:00+01:00,2022-01-03 14:06:33+00:00
packages/docmanager-extension/package.json,Jeremy Tuloup,GitHub Action,2022-01-07 16:34:58+01:00,2022-01-07 17:49:06+00:00
packages/docmanager-extension/package.json,Jeremy Tuloup,GitHub Action,2022-02-28 17:08:03+01:00,2022-03-01 07:20:17+00:00
packages/docmanager-extension/package.json,GitHub Action,Jeremy Tuloup,2022-03-01 07:20:17+00:00,2022-03-01 08:39:36+01:00
packages/docmanager-extension/package.json,Afshin T. Darian,Jeremy Tuloup,2022-09-29 11:13:34+01:00,2022-09-30 09:18:48+02:00
packages/docmanager-extension/package.json,Jeremy Tuloup,jtpio,2023-01-09 15:50:12+01:00,2023-01-09 15:22:56+00:00
packages/docmanager-extension/package.json,Jeremy Tuloup,jtpio,2023-02-07 14:52:18+01:00,2023-02-08 13:19:26+00:00
packages/docmanager-extension/package.json,Jeremy Tuloup,jtpio,2023-02-15 08:34:26+01:00,2023-02-15 07:53:01+00:00
packages/docmanager-extension/package.json,Jeremy Tuloup,jtpio,2023-03-07 14:42:48+01:00,2023-03-08 08:24:32+00:00
packages/docmanager-extension/package.json,Jeremy Tuloup,jtpio,2023-03-15 09:50:55+01:00,2023-03-15 09:05:27+00:00
packages/docmanager-extension/package.json,Jeremy Tuloup,jtpio,2023-03-20 13:49:22+01:00,2023-03-20 13:10:34+00:00
packages/docmanager-extension/package.json,Jeremy Tuloup,jtpio,2023-04-28 08:54:39+02:00,2023-04-28 12:49:02+00:00
packages/docmanager-extension/package.json,Jeremy Tuloup,jtpio,2023-05-09 18:24:24+02:00,2023-05-09 16:58:54+00:00
packages/docmanager-extension/package.json,Jeremy Tuloup,jtpio,2023-07-31 15:07:15+02:00,2023-07-31 13:30:59+00:00
packages/docmanager-extension/package.json,Jeremy Tuloup,jtpio,2023-08-04 08:29:07+02:00,2023-08-04 06:52:14+00:00
packages/docmanager-extension/package.json,Jeremy Tuloup,jtpio,2023-10-12 09:46:32+02:00,2023-10-12 08:05:10+00:00
packages/docmanager-extension/package.json,Jeremy Tuloup,jtpio,2023-10-27 14:28:33+02:00,2023-10-27 15:10:51+00:00
packages/docmanager-extension/package.json,Nicolas Brichet,jtpio,2023-12-04 15:52:03+01:00,2023-12-04 15:06:30+00:00
packages/docmanager-extension/package.json,Jeremy Tuloup,jtpio,2024-01-25 15:58:11+01:00,2024-01-26 12:24:20+00:00
packages/docmanager-extension/package.json,Jeremy Tuloup,jtpio,2024-02-09 19:12:38+01:00,2024-02-09 18:25:38+00:00
packages/docmanager-extension/package.json,Jeremy Tuloup,jtpio,2024-02-13 12:39:59+01:00,2024-02-13 15:24:16+00:00
packages/docmanager-extension/package.json,Jeremy Tuloup,jtpio,2024-02-26 13:16:10+01:00,2024-02-26 14:28:49+00:00
packages/docmanager-extension/package.json,Jeremy Tuloup,jtpio,2024-03-14 19:32:15+01:00,2024-03-14 18:46:38+00:00
packages/docmanager-extension/package.json,Jeremy Tuloup,jtpio,2024-03-29 17:10:40+01:00,2024-03-29 16:24:55+00:00
packages/docmanager-extension/package.json,Jeremy Tuloup,jtpio,2024-05-01 17:09:15+02:00,2024-05-01 15:26:16+00:00
packages/docmanager-extension/package.json,Jeremy Tuloup,jtpio,2024-07-01 11:14:48+02:00,2024-07-01 09:27:25+00:00
packages/docmanager-extension/package.json,Jeremy Tuloup,jtpio,2024-10-14 21:57:09+02:00,2024-10-15 06:06:57+00:00
packages/docmanager-extension/package.json,Jeremy Tuloup,jtpio,2024-10-24 10:10:26+02:00,2024-10-24 16:26:26+00:00
packages/docmanager-extension/package.json,Jeremy Tuloup,jtpio,2024-11-18 10:34:59+01:00,2024-11-18 09:47:41+00:00
packages/docmanager-extension/package.json,Jeremy Tuloup,jtpio,2024-12-04 09:21:29+01:00,2024-12-04 08:58:32+00:00
packages/docmanager-extension/package.json,jtpio,brichet,2024-12-04 08:58:32+00:00,2024-12-04 16:09:57+00:00
packages/docmanager-extension/package.json,github-actions[bot],jtpio,2024-12-21 09:22:04+01:00,2024-12-21 08:39:01+00:00
packages/docmanager-extension/package.json,jtpio,Jeremy Tuloup,2024-12-21 08:39:01+00:00,2024-12-21 20:33:53+01:00
packages/docmanager-extension/package.json,Jeremy Tuloup,jtpio,2024-12-21 20:33:53+01:00,2024-12-21 20:08:54+00:00
packages/docmanager-extension/package.json,Jeremy Tuloup,jtpio,2025-01-07 11:44:59+01:00,2025-01-07 10:55:25+00:00
packages/docmanager-extension/package.json,Jeremy Tuloup,jtpio,2025-02-03 10:03:15+01:00,2025-02-03 11:35:54+00:00
packages/docmanager-extension/package.json,Jeremy Tuloup,jtpio,2025-02-20 10:40:15+01:00,2025-02-20 09:52:04+00:00
packages/docmanager-extension/package.json,Jeremy Tuloup,jtpio,2025-03-14 09:47:11+01:00,2025-03-14 08:58:41+00:00
packages/documentsearch-extension/package.json,Loic Huder,Jeremy Tuloup,2021-12-24 15:20:13+01:00,2021-12-24 15:20:15+01:00
packages/documentsearch-extension/package.json,Jeremy Tuloup,GitHub Action,2021-12-28 13:08:06+01:00,2021-12-28 13:40:52+00:00
packages/documentsearch-extension/package.json,Jeremy Tuloup,GitHub Action,2022-01-02 19:00:00+01:00,2022-01-03 14:06:33+00:00
packages/documentsearch-extension/package.json,Jeremy Tuloup,GitHub Action,2022-01-07 16:34:58+01:00,2022-01-07 17:49:06+00:00
packages/documentsearch-extension/package.json,Jeremy Tuloup,GitHub Action,2022-02-28 17:08:03+01:00,2022-03-01 07:20:17+00:00
packages/documentsearch-extension/package.json,GitHub Action,Jeremy Tuloup,2022-03-01 07:20:17+00:00,2022-03-01 08:39:36+01:00
packages/documentsearch-extension/package.json,Afshin T. Darian,Jeremy Tuloup,2022-09-29 11:13:34+01:00,2022-09-30 09:18:48+02:00
packages/documentsearch-extension/package.json,Jeremy Tuloup,jtpio,2023-01-09 15:50:12+01:00,2023-01-09 15:22:56+00:00
packages/documentsearch-extension/package.json,Jeremy Tuloup,jtpio,2023-02-07 14:52:18+01:00,2023-02-08 13:19:26+00:00
packages/documentsearch-extension/package.json,Jeremy Tuloup,jtpio,2023-02-15 08:34:26+01:00,2023-02-15 07:53:01+00:00
packages/documentsearch-extension/package.json,Jeremy Tuloup,jtpio,2023-03-07 14:42:48+01:00,2023-03-08 08:24:32+00:00
packages/documentsearch-extension/package.json,Jeremy Tuloup,jtpio,2023-03-15 09:50:55+01:00,2023-03-15 09:05:27+00:00
packages/documentsearch-extension/package.json,Jeremy Tuloup,jtpio,2023-03-20 13:49:22+01:00,2023-03-20 13:10:34+00:00
packages/documentsearch-extension/package.json,Jeremy Tuloup,jtpio,2023-04-28 08:54:39+02:00,2023-04-28 12:49:02+00:00
packages/documentsearch-extension/package.json,Jeremy Tuloup,jtpio,2023-05-09 18:24:24+02:00,2023-05-09 16:58:54+00:00
packages/documentsearch-extension/package.json,Jeremy Tuloup,jtpio,2023-08-04 08:29:07+02:00,2023-08-04 06:52:14+00:00
packages/documentsearch-extension/package.json,Jeremy Tuloup,jtpio,2023-10-12 09:46:32+02:00,2023-10-12 08:05:10+00:00
packages/documentsearch-extension/package.json,Jeremy Tuloup,jtpio,2023-10-27 14:28:33+02:00,2023-10-27 15:10:51+00:00
packages/documentsearch-extension/package.json,Nicolas Brichet,jtpio,2023-12-04 15:52:03+01:00,2023-12-04 15:06:30+00:00
packages/documentsearch-extension/package.json,Jeremy Tuloup,jtpio,2024-01-25 15:58:11+01:00,2024-01-26 12:24:20+00:00
packages/documentsearch-extension/package.json,Jeremy Tuloup,jtpio,2024-02-09 19:12:38+01:00,2024-02-09 18:25:38+00:00
packages/documentsearch-extension/package.json,Jeremy Tuloup,jtpio,2024-02-13 12:39:59+01:00,2024-02-13 15:24:16+00:00
packages/documentsearch-extension/package.json,Jeremy Tuloup,jtpio,2024-02-26 13:16:10+01:00,2024-02-26 14:28:49+00:00
packages/documentsearch-extension/package.json,Jeremy Tuloup,jtpio,2024-03-14 19:32:15+01:00,2024-03-14 18:46:38+00:00
packages/documentsearch-extension/package.json,Jeremy Tuloup,jtpio,2024-03-29 17:10:40+01:00,2024-03-29 16:24:55+00:00
packages/documentsearch-extension/package.json,Jeremy Tuloup,jtpio,2024-05-01 17:09:15+02:00,2024-05-01 15:26:16+00:00
packages/documentsearch-extension/package.json,Jeremy Tuloup,jtpio,2024-07-01 11:14:48+02:00,2024-07-01 09:27:25+00:00
packages/documentsearch-extension/package.json,Jeremy Tuloup,jtpio,2024-10-14 21:57:09+02:00,2024-10-15 06:06:57+00:00
packages/documentsearch-extension/package.json,Jeremy Tuloup,jtpio,2024-10-24 10:10:26+02:00,2024-10-24 16:26:26+00:00
packages/documentsearch-extension/package.json,Jeremy Tuloup,jtpio,2024-11-18 10:34:59+01:00,2024-11-18 09:47:41+00:00
packages/documentsearch-extension/package.json,Jeremy Tuloup,jtpio,2024-12-04 09:21:29+01:00,2024-12-04 08:58:32+00:00
packages/documentsearch-extension/package.json,jtpio,brichet,2024-12-04 08:58:32+00:00,2024-12-04 16:09:57+00:00
packages/documentsearch-extension/package.json,github-actions[bot],jtpio,2024-12-21 09:22:04+01:00,2024-12-21 08:39:01+00:00
packages/documentsearch-extension/package.json,jtpio,Jeremy Tuloup,2024-12-21 08:39:01+00:00,2024-12-21 20:33:53+01:00
packages/documentsearch-extension/package.json,Jeremy Tuloup,jtpio,2024-12-21 20:33:53+01:00,2024-12-21 20:08:54+00:00
packages/documentsearch-extension/package.json,Jeremy Tuloup,jtpio,2025-01-07 11:44:59+01:00,2025-01-07 10:55:25+00:00
packages/documentsearch-extension/package.json,Jeremy Tuloup,jtpio,2025-02-03 10:03:15+01:00,2025-02-03 11:35:54+00:00
packages/documentsearch-extension/package.json,Jeremy Tuloup,jtpio,2025-02-20 10:40:15+01:00,2025-02-20 09:52:04+00:00
packages/documentsearch-extension/package.json,Jeremy Tuloup,jtpio,2025-03-14 09:47:11+01:00,2025-03-14 08:58:41+00:00
packages/documentsearch-extension/src/index.ts,Loic Huder,Jeremy Tuloup,2021-12-24 15:20:15+01:00,2021-12-24 15:20:15+01:00
packages/help-extension/package.json,Jeremy Tuloup,GitHub Action,2021-10-14 13:27:22+02:00,2021-10-14 12:38:27+00:00
packages/help-extension/package.json,Jeremy Tuloup,GitHub Action,2022-01-02 19:00:00+01:00,2022-01-03 14:06:33+00:00
packages/help-extension/package.json,Jeremy Tuloup,GitHub Action,2022-01-07 16:34:58+01:00,2022-01-07 17:49:06+00:00
packages/help-extension/package.json,Jeremy Tuloup,GitHub Action,2022-02-28 17:08:03+01:00,2022-03-01 07:20:17+00:00
packages/help-extension/package.json,GitHub Action,Jeremy Tuloup,2022-03-01 07:20:17+00:00,2022-03-01 08:39:36+01:00
packages/help-extension/package.json,Afshin T. Darian,Jeremy Tuloup,2022-09-29 11:13:34+01:00,2022-09-30 09:18:48+02:00
packages/help-extension/package.json,Jeremy Tuloup,jtpio,2023-01-09 15:50:12+01:00,2023-01-09 15:22:56+00:00
packages/help-extension/package.json,Jeremy Tuloup,jtpio,2023-02-07 14:52:18+01:00,2023-02-08 13:19:26+00:00
packages/help-extension/package.json,Jeremy Tuloup,jtpio,2023-02-15 08:34:26+01:00,2023-02-15 07:53:01+00:00
packages/help-extension/package.json,Jeremy Tuloup,jtpio,2023-03-07 14:42:48+01:00,2023-03-08 08:24:32+00:00
packages/help-extension/package.json,Jeremy Tuloup,jtpio,2023-03-15 09:50:55+01:00,2023-03-15 09:05:27+00:00
packages/help-extension/package.json,Jeremy Tuloup,jtpio,2023-03-20 13:49:22+01:00,2023-03-20 13:10:34+00:00
packages/help-extension/package.json,Jeremy Tuloup,jtpio,2023-04-28 08:54:39+02:00,2023-04-28 12:49:02+00:00
packages/help-extension/package.json,Jeremy Tuloup,jtpio,2023-05-09 18:24:24+02:00,2023-05-09 16:58:54+00:00
packages/help-extension/package.json,Jeremy Tuloup,jtpio,2023-08-04 08:29:07+02:00,2023-08-04 06:52:14+00:00
packages/help-extension/package.json,Jeremy Tuloup,jtpio,2023-10-12 09:46:32+02:00,2023-10-12 08:05:10+00:00
packages/help-extension/package.json,Jeremy Tuloup,jtpio,2023-10-27 14:28:33+02:00,2023-10-27 15:10:51+00:00
packages/help-extension/package.json,Nicolas Brichet,jtpio,2023-12-04 15:52:03+01:00,2023-12-04 15:06:30+00:00
packages/help-extension/package.json,Jeremy Tuloup,jtpio,2024-01-25 15:58:11+01:00,2024-01-26 12:24:20+00:00
packages/help-extension/package.json,Jeremy Tuloup,jtpio,2024-02-09 19:12:38+01:00,2024-02-09 18:25:38+00:00
packages/help-extension/package.json,Jeremy Tuloup,jtpio,2024-02-13 12:39:59+01:00,2024-02-13 15:24:16+00:00
packages/help-extension/package.json,Jeremy Tuloup,jtpio,2024-02-26 13:16:10+01:00,2024-02-26 14:28:49+00:00
packages/help-extension/package.json,Jeremy Tuloup,jtpio,2024-03-14 19:32:15+01:00,2024-03-14 18:46:38+00:00
packages/help-extension/package.json,Jeremy Tuloup,jtpio,2024-03-29 17:10:40+01:00,2024-03-29 16:24:55+00:00
packages/help-extension/package.json,Jeremy Tuloup,jtpio,2024-05-01 17:09:15+02:00,2024-05-01 15:26:16+00:00
packages/help-extension/package.json,Jeremy Tuloup,jtpio,2024-07-01 11:14:48+02:00,2024-07-01 09:27:25+00:00
packages/help-extension/package.json,Jeremy Tuloup,jtpio,2024-10-14 21:57:09+02:00,2024-10-15 06:06:57+00:00
packages/help-extension/package.json,Jeremy Tuloup,jtpio,2024-10-24 10:10:26+02:00,2024-10-24 16:26:26+00:00
packages/help-extension/package.json,Jeremy Tuloup,jtpio,2024-11-18 10:34:59+01:00,2024-11-18 09:47:41+00:00
packages/help-extension/package.json,Jeremy Tuloup,jtpio,2024-12-04 09:21:29+01:00,2024-12-04 08:58:32+00:00
packages/help-extension/package.json,jtpio,brichet,2024-12-04 08:58:32+00:00,2024-12-04 16:09:57+00:00
packages/help-extension/package.json,github-actions[bot],jtpio,2024-12-21 09:22:04+01:00,2024-12-21 08:39:01+00:00
packages/help-extension/package.json,jtpio,Jeremy Tuloup,2024-12-21 08:39:01+00:00,2024-12-21 20:33:53+01:00
packages/help-extension/package.json,Jeremy Tuloup,jtpio,2024-12-21 20:33:53+01:00,2024-12-21 20:08:54+00:00
packages/help-extension/package.json,Jeremy Tuloup,jtpio,2025-01-07 11:44:59+01:00,2025-01-07 10:55:25+00:00
packages/help-extension/package.json,Jeremy Tuloup,jtpio,2025-02-03 10:03:15+01:00,2025-02-03 11:35:54+00:00
packages/help-extension/package.json,Jeremy Tuloup,jtpio,2025-02-20 10:40:15+01:00,2025-02-20 09:52:04+00:00
packages/help-extension/package.json,Jeremy Tuloup,jtpio,2025-03-14 09:47:11+01:00,2025-03-14 08:58:41+00:00
packages/help-extension/src/index.tsx,Kostya Farber,Jeremy Tuloup,2022-10-20 09:59:14+01:00,2022-10-20 13:34:45+02:00
packages/help-extension/src/index.tsx,Jeremy Tuloup,Kostya Farber,2022-10-20 13:34:45+02:00,2022-10-20 12:48:27+01:00
packages/lab-extension/package.json,Jeremy Tuloup,GitHub Action,2021-09-10 09:40:37+02:00,2021-09-10 10:29:06+00:00
packages/lab-extension/package.json,Jeremy Tuloup,GitHub Action,2021-10-14 13:27:22+02:00,2021-10-14 12:38:27+00:00
packages/lab-extension/package.json,Jeremy Tuloup,GitHub Action,2022-01-02 19:00:00+01:00,2022-01-03 14:06:33+00:00
packages/lab-extension/package.json,Jeremy Tuloup,GitHub Action,2022-01-07 16:34:58+01:00,2022-01-07 17:49:06+00:00
packages/lab-extension/package.json,Jeremy Tuloup,GitHub Action,2022-02-28 17:08:03+01:00,2022-03-01 07:20:17+00:00
packages/lab-extension/package.json,GitHub Action,Jeremy Tuloup,2022-03-01 07:20:17+00:00,2022-03-01 08:39:36+01:00
packages/lab-extension/package.json,Afshin T. Darian,Jeremy Tuloup,2022-09-29 11:13:34+01:00,2022-09-30 09:18:48+02:00
packages/lab-extension/package.json,Jeremy Tuloup,jtpio,2023-01-09 15:50:12+01:00,2023-01-09 15:22:56+00:00
packages/lab-extension/package.json,Jeremy Tuloup,jtpio,2023-02-07 14:52:18+01:00,2023-02-08 13:19:26+00:00
packages/lab-extension/package.json,Jeremy Tuloup,jtpio,2023-02-15 08:34:26+01:00,2023-02-15 07:53:01+00:00
packages/lab-extension/package.json,Jeremy Tuloup,jtpio,2023-03-07 14:42:48+01:00,2023-03-08 08:24:32+00:00
packages/lab-extension/package.json,Jeremy Tuloup,jtpio,2023-03-15 09:50:55+01:00,2023-03-15 09:05:27+00:00
packages/lab-extension/package.json,Jeremy Tuloup,jtpio,2023-03-20 13:49:22+01:00,2023-03-20 13:10:34+00:00
packages/lab-extension/package.json,Jeremy Tuloup,jtpio,2023-04-28 08:54:39+02:00,2023-04-28 12:49:02+00:00
packages/lab-extension/package.json,Jeremy Tuloup,jtpio,2023-05-09 18:24:24+02:00,2023-05-09 16:58:54+00:00
packages/lab-extension/package.json,Jeremy Tuloup,jtpio,2023-07-31 15:07:15+02:00,2023-07-31 13:30:59+00:00
packages/lab-extension/package.json,Jeremy Tuloup,jtpio,2023-08-04 08:29:07+02:00,2023-08-04 06:52:14+00:00
packages/lab-extension/package.json,Jeremy Tuloup,jtpio,2023-10-12 09:46:32+02:00,2023-10-12 08:05:10+00:00
packages/lab-extension/package.json,Jeremy Tuloup,jtpio,2023-10-27 14:28:33+02:00,2023-10-27 15:10:51+00:00
packages/lab-extension/package.json,Nicolas Brichet,jtpio,2023-12-04 15:52:03+01:00,2023-12-04 15:06:30+00:00
packages/lab-extension/package.json,Jeremy Tuloup,jtpio,2024-01-25 15:58:11+01:00,2024-01-26 12:24:20+00:00
packages/lab-extension/package.json,Jeremy Tuloup,jtpio,2024-02-09 19:12:38+01:00,2024-02-09 18:25:38+00:00
packages/lab-extension/package.json,Jeremy Tuloup,jtpio,2024-02-13 12:39:59+01:00,2024-02-13 15:24:16+00:00
packages/lab-extension/package.json,Jeremy Tuloup,jtpio,2024-02-26 13:16:10+01:00,2024-02-26 14:28:49+00:00
packages/lab-extension/package.json,Jeremy Tuloup,jtpio,2024-03-14 19:32:15+01:00,2024-03-14 18:46:38+00:00
packages/lab-extension/package.json,Jeremy Tuloup,jtpio,2024-03-29 17:10:40+01:00,2024-03-29 16:24:55+00:00
packages/lab-extension/package.json,Jeremy Tuloup,jtpio,2024-05-01 17:09:15+02:00,2024-05-01 15:26:16+00:00
packages/lab-extension/package.json,Jeremy Tuloup,jtpio,2024-07-01 11:14:48+02:00,2024-07-01 09:27:25+00:00
packages/lab-extension/package.json,Jeremy Tuloup,jtpio,2024-10-14 21:57:09+02:00,2024-10-15 06:06:57+00:00
packages/lab-extension/package.json,Jeremy Tuloup,jtpio,2024-10-24 10:10:26+02:00,2024-10-24 16:26:26+00:00
packages/lab-extension/package.json,Jeremy Tuloup,jtpio,2024-11-18 10:34:59+01:00,2024-11-18 09:47:41+00:00
packages/lab-extension/package.json,Jeremy Tuloup,jtpio,2024-12-04 09:21:29+01:00,2024-12-04 08:58:32+00:00
packages/lab-extension/package.json,jtpio,brichet,2024-12-04 08:58:32+00:00,2024-12-04 16:09:57+00:00
packages/lab-extension/package.json,github-actions[bot],jtpio,2024-12-21 09:22:04+01:00,2024-12-21 08:39:01+00:00
packages/lab-extension/package.json,jtpio,Jeremy Tuloup,2024-12-21 08:39:01+00:00,2024-12-21 20:33:53+01:00
packages/lab-extension/package.json,Jeremy Tuloup,jtpio,2024-12-21 20:33:53+01:00,2024-12-21 20:08:54+00:00
packages/lab-extension/package.json,Jeremy Tuloup,jtpio,2025-01-07 11:44:59+01:00,2025-01-07 10:55:25+00:00
packages/lab-extension/package.json,Jeremy Tuloup,jtpio,2025-02-03 10:03:15+01:00,2025-02-03 11:35:54+00:00
packages/lab-extension/package.json,Jeremy Tuloup,jtpio,2025-02-20 10:40:15+01:00,2025-02-20 09:52:04+00:00
packages/lab-extension/package.json,Jeremy Tuloup,jtpio,2025-03-14 09:47:11+01:00,2025-03-14 08:58:41+00:00
packages/lab-extension/src/index.ts,Jeremy Tuloup,Dan Lester,2021-05-26 14:01:09+02:00,2021-05-27 11:41:28+01:00
packages/lab-extension/src/index.ts,YuviPanda,Jeremy Tuloup,2021-09-03 10:13:18+02:00,2021-09-03 12:14:42+02:00
packages/lab-extension/src/interfaceswitcher.tsx,YuviPanda,Jeremy Tuloup,2021-09-03 10:13:19+02:00,2021-09-03 12:14:42+02:00
packages/notebook-extension/package.json,Jeremy Tuloup,GitHub Action,2021-10-14 13:27:22+02:00,2021-10-14 12:38:27+00:00
packages/notebook-extension/package.json,Jeremy Tuloup,GitHub Action,2022-01-02 19:00:01+01:00,2022-01-03 14:06:33+00:00
packages/notebook-extension/package.json,Jeremy Tuloup,GitHub Action,2022-01-07 16:34:58+01:00,2022-01-07 17:49:06+00:00
packages/notebook-extension/package.json,Jeremy Tuloup,GitHub Action,2022-02-28 17:08:03+01:00,2022-03-01 07:20:17+00:00
packages/notebook-extension/package.json,GitHub Action,Jeremy Tuloup,2022-03-01 07:20:17+00:00,2022-03-01 08:39:36+01:00
packages/notebook-extension/package.json,Afshin T. Darian,Jeremy Tuloup,2022-09-29 11:13:34+01:00,2022-09-30 09:18:48+02:00
packages/notebook-extension/package.json,Jeremy Tuloup,jtpio,2023-01-09 15:50:12+01:00,2023-01-09 15:22:56+00:00
packages/notebook-extension/package.json,Jeremy Tuloup,jtpio,2023-02-07 14:52:18+01:00,2023-02-08 13:19:26+00:00
packages/notebook-extension/package.json,Jeremy Tuloup,jtpio,2023-02-15 08:34:26+01:00,2023-02-15 07:53:01+00:00
packages/notebook-extension/package.json,Jeremy Tuloup,jtpio,2023-03-07 14:42:48+01:00,2023-03-08 08:24:32+00:00
packages/notebook-extension/package.json,Jeremy Tuloup,jtpio,2023-03-15 09:50:55+01:00,2023-03-15 09:05:27+00:00
packages/notebook-extension/package.json,Jeremy Tuloup,jtpio,2023-03-20 13:49:22+01:00,2023-03-20 13:10:34+00:00
packages/notebook-extension/package.json,Jeremy Tuloup,jtpio,2023-04-28 08:54:39+02:00,2023-04-28 12:49:02+00:00
packages/notebook-extension/package.json,Jeremy Tuloup,jtpio,2023-05-09 18:24:24+02:00,2023-05-09 16:58:54+00:00
packages/notebook-extension/package.json,Jeremy Tuloup,jtpio,2023-08-04 08:29:07+02:00,2023-08-04 06:52:14+00:00
packages/notebook-extension/package.json,Jeremy Tuloup,jtpio,2023-09-20 08:48:20+02:00,2023-09-20 07:13:48+00:00
packages/notebook-extension/package.json,Jeremy Tuloup,jtpio,2023-10-12 09:46:32+02:00,2023-10-12 08:05:10+00:00
packages/notebook-extension/package.json,Jeremy Tuloup,jtpio,2023-10-27 14:28:33+02:00,2023-10-27 15:10:51+00:00
packages/notebook-extension/package.json,Nicolas Brichet,jtpio,2023-12-04 15:52:03+01:00,2023-12-04 15:06:30+00:00
packages/notebook-extension/package.json,Jeremy Tuloup,jtpio,2024-01-25 15:58:11+01:00,2024-01-26 12:24:20+00:00
packages/notebook-extension/package.json,Jeremy Tuloup,jtpio,2024-02-09 19:12:38+01:00,2024-02-09 18:25:38+00:00
packages/notebook-extension/package.json,Jeremy Tuloup,jtpio,2024-02-13 12:39:59+01:00,2024-02-13 15:24:16+00:00
packages/notebook-extension/package.json,Jeremy Tuloup,jtpio,2024-02-26 13:16:10+01:00,2024-02-26 14:28:49+00:00
packages/notebook-extension/package.json,Jeremy Tuloup,jtpio,2024-03-14 19:32:15+01:00,2024-03-14 18:46:38+00:00
packages/notebook-extension/package.json,Jeremy Tuloup,jtpio,2024-03-29 17:10:40+01:00,2024-03-29 16:24:55+00:00
packages/notebook-extension/package.json,Jeremy Tuloup,jtpio,2024-05-01 17:09:15+02:00,2024-05-01 15:26:16+00:00
packages/notebook-extension/package.json,Jeremy Tuloup,jtpio,2024-07-01 11:14:48+02:00,2024-07-01 09:27:25+00:00
packages/notebook-extension/package.json,Jeremy Tuloup,jtpio,2024-10-14 21:57:09+02:00,2024-10-15 06:06:57+00:00
packages/notebook-extension/package.json,Jeremy Tuloup,jtpio,2024-10-24 10:10:26+02:00,2024-10-24 16:26:26+00:00
packages/notebook-extension/package.json,Jeremy Tuloup,jtpio,2024-11-18 10:34:59+01:00,2024-11-18 09:47:41+00:00
packages/notebook-extension/package.json,Jeremy Tuloup,jtpio,2024-12-04 09:21:29+01:00,2024-12-04 08:58:32+00:00
packages/notebook-extension/package.json,jtpio,brichet,2024-12-04 08:58:32+00:00,2024-12-04 16:09:57+00:00
packages/notebook-extension/package.json,github-actions[bot],jtpio,2024-12-21 09:22:04+01:00,2024-12-21 08:39:01+00:00
packages/notebook-extension/package.json,jtpio,Jeremy Tuloup,2024-12-21 08:39:01+00:00,2024-12-21 20:33:53+01:00
packages/notebook-extension/package.json,Jeremy Tuloup,jtpio,2024-12-21 20:33:53+01:00,2024-12-21 20:08:54+00:00
packages/notebook-extension/package.json,Jeremy Tuloup,jtpio,2025-01-07 11:44:59+01:00,2025-01-07 10:55:25+00:00
packages/notebook-extension/package.json,Jeremy Tuloup,jtpio,2025-02-03 10:03:15+01:00,2025-02-03 11:35:54+00:00
packages/notebook-extension/package.json,Jeremy Tuloup,jtpio,2025-02-20 10:40:15+01:00,2025-02-20 09:52:04+00:00
packages/notebook-extension/package.json,Jeremy Tuloup,jtpio,2025-03-14 09:47:11+01:00,2025-03-14 08:58:41+00:00
packages/notebook-extension/src/index.ts,Nicolas Brichet,Jeremy Tuloup,2022-10-04 09:51:20+02:00,2022-10-04 22:54:59+02:00
packages/notebook-extension/style/base.css,Mieju,Jeremy Tuloup,2022-10-11 20:40:52+02:00,2022-10-12 06:47:12+00:00
packages/notebook-extension/style/base.css,Jeremy Tuloup,Mieju,2022-10-12 06:47:12+00:00,2022-10-13 01:50:49+02:00
packages/terminal-extension/package.json,Jeremy Tuloup,GitHub Action,2021-10-14 13:27:22+02:00,2021-10-14 12:38:27+00:00
packages/terminal-extension/package.json,Jeremy Tuloup,GitHub Action,2022-01-02 19:00:00+01:00,2022-01-03 14:06:33+00:00
packages/terminal-extension/package.json,Jeremy Tuloup,GitHub Action,2022-01-07 16:34:58+01:00,2022-01-07 17:49:06+00:00
packages/terminal-extension/package.json,Jeremy Tuloup,GitHub Action,2022-02-28 17:08:03+01:00,2022-03-01 07:20:17+00:00
packages/terminal-extension/package.json,GitHub Action,Jeremy Tuloup,2022-03-01 07:20:17+00:00,2022-03-01 08:39:36+01:00
packages/terminal-extension/package.json,Afshin T. Darian,Jeremy Tuloup,2022-09-29 11:13:34+01:00,2022-09-30 09:18:48+02:00
packages/terminal-extension/package.json,Jeremy Tuloup,jtpio,2023-01-09 15:50:12+01:00,2023-01-09 15:22:56+00:00
packages/terminal-extension/package.json,Jeremy Tuloup,jtpio,2023-02-07 14:52:18+01:00,2023-02-08 13:19:26+00:00
packages/terminal-extension/package.json,Jeremy Tuloup,jtpio,2023-02-15 08:34:26+01:00,2023-02-15 07:53:01+00:00
packages/terminal-extension/package.json,Jeremy Tuloup,jtpio,2023-03-07 14:42:48+01:00,2023-03-08 08:24:32+00:00
packages/terminal-extension/package.json,Jeremy Tuloup,jtpio,2023-03-15 09:50:55+01:00,2023-03-15 09:05:27+00:00
packages/terminal-extension/package.json,Jeremy Tuloup,jtpio,2023-03-20 13:49:22+01:00,2023-03-20 13:10:34+00:00
packages/terminal-extension/package.json,Jeremy Tuloup,jtpio,2023-04-28 08:54:39+02:00,2023-04-28 12:49:02+00:00
packages/terminal-extension/package.json,Jeremy Tuloup,jtpio,2023-05-09 18:24:24+02:00,2023-05-09 16:58:54+00:00
packages/terminal-extension/package.json,Jeremy Tuloup,jtpio,2023-08-04 08:29:07+02:00,2023-08-04 06:52:14+00:00
packages/terminal-extension/package.json,Jeremy Tuloup,jtpio,2023-09-20 08:48:20+02:00,2023-09-20 07:13:48+00:00
packages/terminal-extension/package.json,Jeremy Tuloup,jtpio,2023-10-12 09:46:32+02:00,2023-10-12 08:05:10+00:00
packages/terminal-extension/package.json,Jeremy Tuloup,jtpio,2023-10-27 14:28:33+02:00,2023-10-27 15:10:51+00:00
packages/terminal-extension/package.json,Nicolas Brichet,jtpio,2023-12-04 15:52:03+01:00,2023-12-04 15:06:30+00:00
packages/terminal-extension/package.json,Jeremy Tuloup,jtpio,2024-01-25 15:58:11+01:00,2024-01-26 12:24:20+00:00
packages/terminal-extension/package.json,Jeremy Tuloup,jtpio,2024-02-09 19:12:38+01:00,2024-02-09 18:25:38+00:00
packages/terminal-extension/package.json,Jeremy Tuloup,jtpio,2024-02-13 12:39:59+01:00,2024-02-13 15:24:16+00:00
packages/terminal-extension/package.json,Jeremy Tuloup,jtpio,2024-02-26 13:16:10+01:00,2024-02-26 14:28:49+00:00
packages/terminal-extension/package.json,Jeremy Tuloup,jtpio,2024-03-14 19:32:15+01:00,2024-03-14 18:46:38+00:00
packages/terminal-extension/package.json,Jeremy Tuloup,jtpio,2024-03-29 17:10:40+01:00,2024-03-29 16:24:55+00:00
packages/terminal-extension/package.json,Jeremy Tuloup,jtpio,2024-05-01 17:09:15+02:00,2024-05-01 15:26:16+00:00
packages/terminal-extension/package.json,Jeremy Tuloup,jtpio,2024-07-01 11:14:48+02:00,2024-07-01 09:27:25+00:00
packages/terminal-extension/package.json,Jeremy Tuloup,jtpio,2024-10-14 21:57:09+02:00,2024-10-15 06:06:57+00:00
packages/terminal-extension/package.json,Jeremy Tuloup,jtpio,2024-10-24 10:10:26+02:00,2024-10-24 16:26:26+00:00
packages/terminal-extension/package.json,Jeremy Tuloup,jtpio,2024-11-18 10:34:59+01:00,2024-11-18 09:47:41+00:00
packages/terminal-extension/package.json,Jeremy Tuloup,jtpio,2024-12-04 09:21:29+01:00,2024-12-04 08:58:32+00:00
packages/terminal-extension/package.json,jtpio,brichet,2024-12-04 08:58:32+00:00,2024-12-04 16:09:57+00:00
packages/terminal-extension/package.json,github-actions[bot],jtpio,2024-12-21 09:22:04+01:00,2024-12-21 08:39:01+00:00
packages/terminal-extension/package.json,jtpio,Jeremy Tuloup,2024-12-21 08:39:01+00:00,2024-12-21 20:33:53+01:00
packages/terminal-extension/package.json,Jeremy Tuloup,jtpio,2024-12-21 20:33:53+01:00,2024-12-21 20:08:54+00:00
packages/terminal-extension/package.json,Jeremy Tuloup,jtpio,2025-01-07 11:44:59+01:00,2025-01-07 10:55:25+00:00
packages/terminal-extension/package.json,Jeremy Tuloup,jtpio,2025-02-03 10:03:15+01:00,2025-02-03 11:35:54+00:00
packages/terminal-extension/package.json,Jeremy Tuloup,jtpio,2025-02-20 10:40:15+01:00,2025-02-20 09:52:04+00:00
packages/terminal-extension/package.json,Jeremy Tuloup,jtpio,2025-03-14 09:47:11+01:00,2025-03-14 08:58:41+00:00
packages/tree-extension/package.json,Jeremy Tuloup,GitHub Action,2021-10-14 13:27:22+02:00,2021-10-14 12:38:27+00:00
packages/tree-extension/package.json,Jeremy Tuloup,GitHub Action,2022-01-02 19:00:00+01:00,2022-01-03 14:06:33+00:00
packages/tree-extension/package.json,Jeremy Tuloup,GitHub Action,2022-01-07 16:34:58+01:00,2022-01-07 17:49:06+00:00
packages/tree-extension/package.json,Jeremy Tuloup,GitHub Action,2022-02-28 17:08:03+01:00,2022-03-01 07:20:17+00:00
packages/tree-extension/package.json,GitHub Action,Jeremy Tuloup,2022-03-01 07:20:17+00:00,2022-03-01 08:39:36+01:00
packages/tree-extension/package.json,Afshin T. Darian,Jeremy Tuloup,2022-09-29 11:13:34+01:00,2022-09-30 09:18:48+02:00
packages/tree-extension/package.json,Jeremy Tuloup,jtpio,2023-01-09 15:50:12+01:00,2023-01-09 15:22:56+00:00
packages/tree-extension/package.json,Jeremy Tuloup,jtpio,2023-02-07 14:52:18+01:00,2023-02-08 13:19:26+00:00
packages/tree-extension/package.json,Jeremy Tuloup,jtpio,2023-02-15 08:34:26+01:00,2023-02-15 07:53:01+00:00
packages/tree-extension/package.json,Jeremy Tuloup,jtpio,2023-03-07 14:42:48+01:00,2023-03-08 08:24:32+00:00
packages/tree-extension/package.json,Jeremy Tuloup,jtpio,2023-03-15 09:50:55+01:00,2023-03-15 09:05:27+00:00
packages/tree-extension/package.json,Jeremy Tuloup,jtpio,2023-03-20 13:49:22+01:00,2023-03-20 13:10:34+00:00
packages/tree-extension/package.json,Jeremy Tuloup,jtpio,2023-04-28 08:54:39+02:00,2023-04-28 12:49:02+00:00
packages/tree-extension/package.json,Jeremy Tuloup,jtpio,2023-05-09 18:24:24+02:00,2023-05-09 16:58:54+00:00
packages/tree-extension/package.json,Jeremy Tuloup,jtpio,2023-08-04 08:29:07+02:00,2023-08-04 06:52:14+00:00
packages/tree-extension/package.json,Jeremy Tuloup,jtpio,2023-10-12 09:46:32+02:00,2023-10-12 08:05:10+00:00
packages/tree-extension/package.json,Jeremy Tuloup,jtpio,2023-10-27 14:28:33+02:00,2023-10-27 15:10:51+00:00
packages/tree-extension/package.json,Nicolas Brichet,jtpio,2023-12-04 15:52:03+01:00,2023-12-04 15:06:30+00:00
packages/tree-extension/package.json,Jeremy Tuloup,jtpio,2024-01-25 15:58:11+01:00,2024-01-26 12:24:20+00:00
packages/tree-extension/package.json,Jeremy Tuloup,jtpio,2024-02-09 19:12:38+01:00,2024-02-09 18:25:38+00:00
packages/tree-extension/package.json,Jeremy Tuloup,jtpio,2024-02-13 12:39:59+01:00,2024-02-13 15:24:16+00:00
packages/tree-extension/package.json,Jeremy Tuloup,jtpio,2024-02-26 13:16:10+01:00,2024-02-26 14:28:49+00:00
packages/tree-extension/package.json,Jeremy Tuloup,jtpio,2024-03-14 19:32:15+01:00,2024-03-14 18:46:38+00:00
packages/tree-extension/package.json,Jeremy Tuloup,jtpio,2024-03-29 17:10:40+01:00,2024-03-29 16:24:55+00:00
packages/tree-extension/package.json,Jeremy Tuloup,jtpio,2024-05-01 17:09:15+02:00,2024-05-01 15:26:16+00:00
packages/tree-extension/package.json,Jeremy Tuloup,jtpio,2024-07-01 11:14:48+02:00,2024-07-01 09:27:25+00:00
packages/tree-extension/package.json,Jeremy Tuloup,jtpio,2024-10-14 21:57:09+02:00,2024-10-15 06:06:57+00:00
packages/tree-extension/package.json,Jeremy Tuloup,jtpio,2024-10-24 10:10:26+02:00,2024-10-24 16:26:26+00:00
packages/tree-extension/package.json,Jeremy Tuloup,jtpio,2024-11-18 10:34:59+01:00,2024-11-18 09:47:41+00:00
packages/tree-extension/package.json,Jeremy Tuloup,jtpio,2024-12-04 09:21:29+01:00,2024-12-04 08:58:32+00:00
packages/tree-extension/package.json,jtpio,brichet,2024-12-04 08:58:32+00:00,2024-12-04 16:09:57+00:00
packages/tree-extension/package.json,github-actions[bot],jtpio,2024-12-21 09:22:04+01:00,2024-12-21 08:39:01+00:00
packages/tree-extension/package.json,jtpio,Jeremy Tuloup,2024-12-21 08:39:01+00:00,2024-12-21 20:33:53+01:00
packages/tree-extension/package.json,Jeremy Tuloup,jtpio,2024-12-21 20:33:53+01:00,2024-12-21 20:08:54+00:00
packages/tree-extension/package.json,Jeremy Tuloup,jtpio,2025-01-07 11:44:59+01:00,2025-01-07 10:55:25+00:00
packages/tree-extension/package.json,Jeremy Tuloup,jtpio,2025-02-03 10:03:15+01:00,2025-02-03 11:35:54+00:00
packages/tree-extension/package.json,Jeremy Tuloup,jtpio,2025-02-20 10:40:15+01:00,2025-02-20 09:52:04+00:00
packages/tree-extension/package.json,Jeremy Tuloup,jtpio,2025-03-14 09:47:11+01:00,2025-03-14 08:58:41+00:00
packages/tree-extension/src/index.ts,Nicolas Brichet,Jeremy Tuloup,2023-01-12 13:40:28+01:00,2023-01-13 08:20:57+01:00
packages/tree/package.json,Afshin T. Darian,Jeremy Tuloup,2022-09-29 11:13:34+01:00,2022-09-30 09:18:48+02:00
packages/tree/package.json,Jeremy Tuloup,jtpio,2023-01-09 15:50:12+01:00,2023-01-09 15:22:56+00:00
packages/tree/package.json,Jeremy Tuloup,jtpio,2023-02-07 14:52:18+01:00,2023-02-08 13:19:26+00:00
packages/tree/package.json,Jeremy Tuloup,jtpio,2023-02-15 08:34:26+01:00,2023-02-15 07:53:01+00:00
packages/tree/package.json,Jeremy Tuloup,jtpio,2023-03-07 14:42:48+01:00,2023-03-08 08:24:32+00:00
packages/tree/package.json,Jeremy Tuloup,jtpio,2023-03-15 09:50:55+01:00,2023-03-15 09:05:27+00:00
packages/tree/package.json,Jeremy Tuloup,jtpio,2023-03-20 13:49:22+01:00,2023-03-20 13:10:34+00:00
packages/tree/package.json,Jeremy Tuloup,jtpio,2023-04-28 08:54:39+02:00,2023-04-28 12:49:02+00:00
packages/tree/package.json,Jeremy Tuloup,jtpio,2023-05-09 18:24:24+02:00,2023-05-09 16:58:54+00:00
packages/tree/package.json,Jeremy Tuloup,jtpio,2023-08-04 08:29:07+02:00,2023-08-04 06:52:14+00:00
packages/tree/package.json,Jeremy Tuloup,jtpio,2023-10-12 09:46:32+02:00,2023-10-12 08:05:10+00:00
packages/tree/package.json,Jeremy Tuloup,jtpio,2023-10-27 14:28:33+02:00,2023-10-27 15:10:51+00:00
packages/tree/package.json,Nicolas Brichet,jtpio,2023-12-04 15:52:03+01:00,2023-12-04 15:06:30+00:00
packages/tree/package.json,Jeremy Tuloup,jtpio,2024-01-25 15:58:11+01:00,2024-01-26 12:24:20+00:00
packages/tree/package.json,Jeremy Tuloup,jtpio,2024-02-09 19:12:38+01:00,2024-02-09 18:25:38+00:00
packages/tree/package.json,Jeremy Tuloup,jtpio,2024-02-13 12:39:59+01:00,2024-02-13 15:24:16+00:00
packages/tree/package.json,Jeremy Tuloup,jtpio,2024-02-26 13:16:10+01:00,2024-02-26 14:28:49+00:00
packages/tree/package.json,Jeremy Tuloup,jtpio,2024-03-14 19:32:15+01:00,2024-03-14 18:46:38+00:00
packages/tree/package.json,Jeremy Tuloup,jtpio,2024-03-29 17:10:40+01:00,2024-03-29 16:24:55+00:00
packages/tree/package.json,Jeremy Tuloup,jtpio,2024-05-01 17:09:15+02:00,2024-05-01 15:26:16+00:00
packages/tree/package.json,Jeremy Tuloup,jtpio,2024-07-01 11:14:48+02:00,2024-07-01 09:27:25+00:00
packages/tree/package.json,Jeremy Tuloup,jtpio,2024-10-14 21:57:09+02:00,2024-10-15 06:06:57+00:00
packages/tree/package.json,Jeremy Tuloup,jtpio,2024-10-24 10:10:26+02:00,2024-10-24 16:26:26+00:00
packages/tree/package.json,Jeremy Tuloup,jtpio,2024-11-18 10:34:59+01:00,2024-11-18 09:47:41+00:00
packages/tree/package.json,Jeremy Tuloup,jtpio,2024-12-04 09:21:29+01:00,2024-12-04 08:58:32+00:00
packages/tree/package.json,jtpio,brichet,2024-12-04 08:58:32+00:00,2024-12-04 16:09:57+00:00
packages/tree/package.json,github-actions[bot],jtpio,2024-12-21 09:22:04+01:00,2024-12-21 08:39:01+00:00
packages/tree/package.json,jtpio,Jeremy Tuloup,2024-12-21 08:39:01+00:00,2024-12-21 20:33:53+01:00
packages/tree/package.json,Jeremy Tuloup,jtpio,2024-12-21 20:33:53+01:00,2024-12-21 20:08:54+00:00
packages/tree/package.json,Jeremy Tuloup,jtpio,2025-01-07 11:44:59+01:00,2025-01-07 10:55:25+00:00
packages/tree/package.json,Jeremy Tuloup,jtpio,2025-02-03 10:03:15+01:00,2025-02-03 11:35:54+00:00
packages/tree/package.json,Jeremy Tuloup,jtpio,2025-02-20 10:40:15+01:00,2025-02-20 09:52:04+00:00
packages/tree/package.json,Jeremy Tuloup,jtpio,2025-03-14 09:47:11+01:00,2025-03-14 08:58:41+00:00
packages/ui-components/package.json,Jeremy Tuloup,GitHub Action,2021-10-14 13:27:22+02:00,2021-10-14 12:38:27+00:00
packages/ui-components/package.json,Jeremy Tuloup,GitHub Action,2022-01-02 19:00:00+01:00,2022-01-03 14:06:33+00:00
packages/ui-components/package.json,Jeremy Tuloup,GitHub Action,2022-01-07 16:34:58+01:00,2022-01-07 17:49:06+00:00
packages/ui-components/package.json,Jeremy Tuloup,GitHub Action,2022-02-28 17:08:03+01:00,2022-03-01 07:20:17+00:00
packages/ui-components/package.json,GitHub Action,Jeremy Tuloup,2022-03-01 07:20:17+00:00,2022-03-01 08:39:36+01:00
packages/ui-components/package.json,Afshin T. Darian,Jeremy Tuloup,2022-09-29 11:13:34+01:00,2022-09-30 09:18:48+02:00
packages/ui-components/package.json,Jeremy Tuloup,jtpio,2023-01-09 15:50:12+01:00,2023-01-09 15:22:56+00:00
packages/ui-components/package.json,Jeremy Tuloup,jtpio,2023-02-07 14:52:18+01:00,2023-02-08 13:19:26+00:00
packages/ui-components/package.json,Jeremy Tuloup,jtpio,2023-02-15 08:34:26+01:00,2023-02-15 07:53:01+00:00
packages/ui-components/package.json,Jeremy Tuloup,jtpio,2023-03-07 14:42:48+01:00,2023-03-08 08:24:32+00:00
packages/ui-components/package.json,Jeremy Tuloup,jtpio,2023-03-15 09:50:55+01:00,2023-03-15 09:05:27+00:00
packages/ui-components/package.json,Jeremy Tuloup,jtpio,2023-03-20 13:49:22+01:00,2023-03-20 13:10:34+00:00
packages/ui-components/package.json,Jeremy Tuloup,jtpio,2023-04-28 08:54:39+02:00,2023-04-28 12:49:02+00:00
packages/ui-components/package.json,Jeremy Tuloup,jtpio,2023-05-09 18:24:24+02:00,2023-05-09 16:58:54+00:00
packages/ui-components/package.json,Jeremy Tuloup,jtpio,2023-08-04 08:29:07+02:00,2023-08-04 06:52:14+00:00
packages/ui-components/package.json,Jeremy Tuloup,jtpio,2023-10-12 09:46:32+02:00,2023-10-12 08:05:10+00:00
packages/ui-components/package.json,Jeremy Tuloup,jtpio,2023-10-27 14:28:33+02:00,2023-10-27 15:10:51+00:00
packages/ui-components/package.json,Nicolas Brichet,jtpio,2023-12-04 15:52:03+01:00,2023-12-04 15:06:30+00:00
packages/ui-components/package.json,Jeremy Tuloup,jtpio,2024-01-25 15:58:11+01:00,2024-01-26 12:24:20+00:00
packages/ui-components/package.json,Jeremy Tuloup,jtpio,2024-02-09 19:12:38+01:00,2024-02-09 18:25:38+00:00
packages/ui-components/package.json,Jeremy Tuloup,jtpio,2024-02-13 12:39:59+01:00,2024-02-13 15:24:16+00:00
packages/ui-components/package.json,Jeremy Tuloup,jtpio,2024-02-26 13:16:10+01:00,2024-02-26 14:28:49+00:00
packages/ui-components/package.json,Jeremy Tuloup,jtpio,2024-03-14 19:32:15+01:00,2024-03-14 18:46:38+00:00
packages/ui-components/package.json,Jeremy Tuloup,jtpio,2024-03-29 17:10:40+01:00,2024-03-29 16:24:55+00:00
packages/ui-components/package.json,Jeremy Tuloup,jtpio,2024-05-01 17:09:15+02:00,2024-05-01 15:26:16+00:00
packages/ui-components/package.json,Jeremy Tuloup,jtpio,2024-07-01 11:14:48+02:00,2024-07-01 09:27:25+00:00
packages/ui-components/package.json,Jeremy Tuloup,jtpio,2024-10-14 21:57:09+02:00,2024-10-15 06:06:57+00:00
packages/ui-components/package.json,Jeremy Tuloup,jtpio,2024-10-24 10:10:26+02:00,2024-10-24 16:26:26+00:00
packages/ui-components/package.json,Jeremy Tuloup,jtpio,2024-11-18 10:34:59+01:00,2024-11-18 09:47:41+00:00
packages/ui-components/package.json,Jeremy Tuloup,jtpio,2024-12-04 09:21:29+01:00,2024-12-04 08:58:32+00:00
packages/ui-components/package.json,jtpio,brichet,2024-12-04 08:58:32+00:00,2024-12-04 16:09:57+00:00
packages/ui-components/package.json,github-actions[bot],jtpio,2024-12-21 09:22:04+01:00,2024-12-21 08:39:01+00:00
packages/ui-components/package.json,jtpio,Jeremy Tuloup,2024-12-21 08:39:01+00:00,2024-12-21 20:33:53+01:00
packages/ui-components/package.json,Jeremy Tuloup,jtpio,2024-12-21 20:33:53+01:00,2024-12-21 20:08:54+00:00
packages/ui-components/package.json,Jeremy Tuloup,jtpio,2025-01-07 11:44:59+01:00,2025-01-07 10:55:25+00:00
packages/ui-components/package.json,Jeremy Tuloup,jtpio,2025-02-03 10:03:15+01:00,2025-02-03 11:35:54+00:00
packages/ui-components/package.json,Jeremy Tuloup,jtpio,2025-02-20 10:40:15+01:00,2025-02-20 09:52:04+00:00
packages/ui-components/package.json,Jeremy Tuloup,jtpio,2025-03-14 09:47:11+01:00,2025-03-14 08:58:41+00:00
pyproject.toml,Afshin Taylor Darian,GitHub Action,2021-05-12 11:04:31-05:00,2021-05-12 18:24:11+00:00
pyproject.toml,Steven Silvester,Afshin Taylor Darian,2021-08-05 12:57:33-05:00,2021-08-06 06:15:07-05:00
pyproject.toml,Afshin Taylor Darian,GitHub Action,2021-08-06 06:15:07-05:00,2021-08-06 11:46:36+00:00
pyproject.toml,Steven Silvester,GitHub Action,2021-08-10 08:43:56-05:00,2021-08-11 10:54:28+00:00
pyproject.toml,Afshin T. Darian,Afshin Taylor Darian,2022-09-28 17:33:08+01:00,2022-09-28 21:49:47+01:00
pyproject.toml,Nicolas Brichet,pre-commit-ci[bot],2023-12-04 15:52:03+01:00,2023-12-05 09:18:09+01:00
pyproject.toml,github-actions[bot],Jeremy Tuloup,2024-12-21 09:22:04+01:00,2024-12-21 20:33:53+01:00
requirements.txt,Min RK,Preston Holmes,2015-04-21 15:37:08-07:00,2015-04-21 15:37:11-07:00
requirements.txt,Min RK,Matthias Bussonnier,2015-05-08 13:25:37-07:00,2015-05-08 14:33:07-07:00
setup.py,Brian Granger,Fernando Perez,2008-08-23 22:29:14-07:00,2008-08-23 23:10:55-07:00
setup.py,Evan Patterson,epatters,2011-05-09 15:48:49-05:00,2011-05-10 10:56:44-05:00
setup.py,Min RK,stuntgoat,2015-04-21 15:37:09-07:00,2015-04-21 15:37:14-07:00
setup.py,Min RK,Matthias Bussonnier,2015-05-08 13:25:37-07:00,2015-05-08 14:33:07-07:00
setup.py,jdfreder,Matthias Bussonnier,2015-08-26 14:05:14-07:00,2015-08-27 09:00:15+02:00
setup.py,Min RK,Matthias Bussonnier,2015-12-14 11:47:50+01:00,2015-12-14 16:58:42+01:00
setupbase.py,Nick Tarleton,Brian Granger,2011-03-30 08:13:15-07:00,2011-03-30 23:20:28-07:00
setupbase.py,Evan Patterson,epatters,2011-05-09 15:48:49-05:00,2011-05-10 10:56:44-05:00
setupbase.py,MinRK,Thomas Kluyver,2011-06-20 16:40:21-07:00,2011-06-20 16:40:22-07:00
setupbase.py,Brian Granger,MinRK,2011-07-20 20:42:32-07:00,2011-07-20 20:42:33-07:00
setupbase.py,MinRK,Brian E. Granger,2011-07-20 20:42:33-07:00,2011-07-20 20:42:34-07:00
setupbase.py,Brian E. Granger,Fernando Perez,2011-07-29 10:15:22-07:00,2011-07-29 21:27:29-05:00
setupbase.py,Brian E. Granger,MinRK,2011-08-01 09:56:42-07:00,2011-08-01 14:28:57-07:00
setupbase.py,MinRK,Fernando Perez,2012-04-13 21:47:40-07:00,2012-04-14 02:10:58-07:00
setupbase.py,Fernando Perez,Thomas Kluyver,2012-04-14 02:10:58-07:00,2012-04-14 18:32:49+01:00
setupbase.py,MinRK,Thomas Kluyver,2013-12-15 16:42:39-08:00,2013-12-15 17:07:46-08:00
setupbase.py,Thomas Kluyver,MinRK,2013-12-16 11:42:04-08:00,2013-12-16 15:02:39-08:00
setupbase.py,MinRK,Thomas Kluyver,2013-12-16 15:02:39-08:00,2013-12-16 15:12:39-08:00
setupbase.py,Jonathan Frederic,MinRK,2014-02-07 10:10:14-08:00,2014-02-07 14:12:53-08:00
setupbase.py,MinRK,Jonathan Frederic,2014-02-07 14:12:53-08:00,2014-02-07 21:15:22-08:00
setupbase.py,Thomas Kluyver,MinRK,2014-03-03 12:30:47-08:00,2014-03-03 16:10:21-08:00
setupbase.py,MinRK,Thomas Kluyver,2014-03-03 16:10:21-08:00,2014-03-04 09:49:40-08:00
setupbase.py,Julia Evans,MinRK,2014-06-26 13:21:28-07:00,2014-06-26 16:33:13-07:00
setupbase.py,Min RK,Jonathan Frederic,2014-11-14 14:54:50-08:00,2014-11-15 08:48:35-08:00
setupbase.py,Thomas Kluyver,Min RK,2015-03-25 09:53:53-07:00,2015-03-25 10:23:19-07:00
setupbase.py,Min RK,Thomas Kluyver,2015-03-25 10:23:19-07:00,2015-03-25 17:30:14-07:00
setupbase.py,Thomas Kluyver,Min RK,2015-03-25 17:30:14-07:00,2015-03-26 11:21:43-07:00
setupbase.py,Min RK,Thomas Kluyver,2015-04-21 15:37:09-07:00,2015-04-21 15:37:09-07:00
setupbase.py,Thomas Kluyver,Min RK,2015-04-21 15:37:10-07:00,2015-04-21 15:37:12-07:00
setupbase.py,Min RK,Matthias Bussonnier,2015-04-21 15:37:12-07:00,2015-04-21 15:37:14-07:00
setupbase.py,jdfreder,Kyle Kelley,2015-08-26 14:05:14-07:00,2015-08-26 14:05:14-07:00
setupbase.py,Kyle Kelley,Jonathan Frederic,2015-08-26 14:05:14-07:00,2015-08-26 14:06:10-07:00
setupbase.py,Jonathan Frederic,Steven Silvester,2015-08-26 14:06:14-07:00,2015-08-26 14:11:27-07:00
setupbase.py,Steven Silvester,Matthias Bussonnier,2015-08-26 14:11:27-07:00,2015-08-27 09:00:15+02:00
setupbase.py,Min RK,Pierre Gerold,2015-12-14 11:47:50+01:00,2015-12-14 16:54:23+01:00
setupbase.py,Pierre Gerold,Matthias Bussonnier,2015-12-14 16:54:23+01:00,2015-12-14 16:58:42+01:00
setupbase.py,Min RK,Jonathan Frederic,2016-02-22 11:24:09+01:00,2016-02-22 07:30:56-08:00
setupbase.py,Matthias Bussonnier,Min RK,2018-09-16 18:28:33+02:00,2018-09-17 10:33:22+02:00
tests/conftest.py,Jeremy Tuloup,Kian Eliasi,2022-11-16 08:07:44+00:00,2022-11-16 13:40:00+01:00
ui-tests/package.json,Afshin T. Darian,Jeremy Tuloup,2022-09-29 11:13:34+01:00,2022-09-29 15:33:53+02:00
ui-tests/test/menus.spec.ts-snapshots/opened-menu-edit-chromium-linux.png,Loic Huder,Jeremy Tuloup,2021-12-24 15:20:14+01:00,2021-12-24 15:46:29+01:00
ui-tests/test/menus.spec.ts-snapshots/opened-menu-edit-firefox-linux.png,Loic Huder,Jeremy Tuloup,2021-12-24 15:20:14+01:00,2021-12-24 15:46:29+01:00
ui-tests/test/notebook.spec.ts,Jeremy Tuloup,Nicolas Brichet,2022-10-03 14:20:08+02:00,2022-10-04 09:30:22+02:00
ui-tests/test/notebook.spec.ts,Nicolas Brichet,foo,2022-10-04 09:51:20+02:00,2022-10-04 14:07:38+02:00
ui-tests/test/notebook.spec.ts-snapshots/notebooktools-right-panel-chromium-linux.png,Nicolas Brichet,foo,2022-10-04 09:51:20+02:00,2022-10-04 14:07:38+02:00
ui-tests/test/notebook.spec.ts-snapshots/notebooktools-right-panel-firefox-linux.png,Nicolas Brichet,foo,2022-10-04 09:51:20+02:00,2022-10-04 14:07:38+02:00
ui-tests/test/notebook.spec.ts-snapshots/toc-left-panel-chromium-linux.png,Nicolas Brichet,foo,2022-10-04 09:51:20+02:00,2022-10-04 14:07:38+02:00
ui-tests/test/notebook.spec.ts-snapshots/toc-left-panel-firefox-linux.png,Nicolas Brichet,foo,2022-10-04 09:51:20+02:00,2022-10-04 14:07:38+02:00
ui-tests/test/settings.spec.ts-snapshots/top-hidden-darwin.png,Jason Weill,Nicolas Brichet,2022-10-04 09:13:19+02:00,2022-10-04 09:48:31+02:00
ui-tests/yarn.lock,Afshin T. Darian,Jeremy Tuloup,2022-09-29 11:13:34+01:00,2022-09-29 15:33:53+02:00
ui-tests/yarn.lock,dependabot[bot],Jeremy Tuloup,2023-01-09 08:40:48+01:00,2023-01-09 15:50:12+01:00
ui-tests/yarn.lock,dependabot[bot],Jeremy Tuloup,2024-12-20 21:04:38+01:00,2024-12-21 20:33:53+01:00
yarn.lock,Steven Silvester,dependabot[bot],2022-04-01 08:48:40-05:00,2022-04-01 14:15:54+00:00
yarn.lock,Afshin T. Darian,Jeremy Tuloup,2022-09-29 11:13:34+01:00,2022-09-29 15:32:39+02:00
yarn.lock,Nicolas Brichet,Jeremy Tuloup,2022-10-17 11:11:00+02:00,2022-10-17 16:26:26+02:00
yarn.lock,dependabot[bot],Jeremy Tuloup,2023-01-09 09:27:46+01:00,2023-01-09 15:50:12+01:00
yarn.lock,Jeremy Tuloup,jtpio,2023-03-20 13:49:22+01:00,2023-03-20 13:10:34+00:00
yarn.lock,Jeremy Tuloup,jtpio,2023-03-24 16:51:44+01:00,2023-03-24 16:56:24+00:00
yarn.lock,Jeremy Tuloup,jtpio,2023-04-28 08:54:39+02:00,2023-04-28 12:49:02+00:00
yarn.lock,Jeremy Tuloup,jtpio,2023-05-09 18:24:24+02:00,2023-05-09 16:58:54+00:00
yarn.lock,jtpio,Jeremy Tuloup,2023-05-25 07:01:46+00:00,2023-05-25 17:10:16+02:00
yarn.lock,Jeremy Tuloup,jtpio,2023-07-31 15:07:15+02:00,2023-07-31 13:30:59+00:00
yarn.lock,Jeremy Tuloup,jtpio,2023-08-04 08:29:07+02:00,2023-08-04 06:52:14+00:00
yarn.lock,Jeremy Tuloup,jtpio,2023-09-20 08:48:20+02:00,2023-09-20 07:13:48+00:00
yarn.lock,Jeremy Tuloup,jtpio,2023-10-12 09:46:32+02:00,2023-10-12 08:05:10+00:00
yarn.lock,jtpio,dependabot[bot],2023-10-12 08:05:10+00:00,2023-10-12 08:23:26+00:00
yarn.lock,Jeremy Tuloup,jtpio,2023-10-17 13:48:43+02:00,2023-10-17 12:40:59+00:00
yarn.lock,Jeremy Tuloup,jtpio,2023-10-27 14:28:33+02:00,2023-10-27 15:10:51+00:00
yarn.lock,Jeremy Tuloup,dependabot[bot],2023-12-01 11:40:22+01:00,2023-12-01 14:26:36+01:00
yarn.lock,Nicolas Brichet,jtpio,2023-12-04 15:52:03+01:00,2023-12-04 15:06:30+00:00
yarn.lock,Jeremy Tuloup,jtpio,2023-12-27 10:33:45+01:00,2023-12-27 09:47:47+00:00
yarn.lock,Jeremy Tuloup,jtpio,2024-01-25 15:58:11+01:00,2024-01-26 12:24:20+00:00
yarn.lock,Jeremy Tuloup,jtpio,2024-02-09 19:12:38+01:00,2024-02-09 18:25:38+00:00
yarn.lock,Jeremy Tuloup,jtpio,2024-02-13 12:39:59+01:00,2024-02-13 15:24:16+00:00
yarn.lock,Jeremy Tuloup,jtpio,2024-02-26 13:16:10+01:00,2024-02-26 14:28:49+00:00
yarn.lock,Jeremy Tuloup,jtpio,2024-03-14 19:32:15+01:00,2024-03-14 18:46:38+00:00
yarn.lock,Jeremy Tuloup,jtpio,2024-03-29 17:10:40+01:00,2024-03-29 16:24:55+00:00
yarn.lock,Jeremy Tuloup,jtpio,2024-05-01 17:09:15+02:00,2024-05-01 15:26:16+00:00
yarn.lock,Jeremy Tuloup,jtpio,2024-07-01 11:14:48+02:00,2024-07-01 09:27:25+00:00
yarn.lock,Jeremy Tuloup,jtpio,2024-10-14 21:57:09+02:00,2024-10-15 06:06:57+00:00
yarn.lock,Jeremy Tuloup,jtpio,2024-10-24 10:10:26+02:00,2024-10-24 16:26:26+00:00
yarn.lock,Greg Mooney,jtpio,2024-11-06 18:59:22+01:00,2024-11-06 18:14:56+00:00
yarn.lock,Jeremy Tuloup,jtpio,2024-11-18 10:34:59+01:00,2024-11-18 09:47:41+00:00
yarn.lock,Jeremy Tuloup,jtpio,2024-12-04 09:21:29+01:00,2024-12-04 08:58:32+00:00
yarn.lock,jtpio,brichet,2024-12-04 08:58:32+00:00,2024-12-04 16:09:57+00:00
yarn.lock,github-actions[bot],jtpio,2024-12-21 09:22:04+01:00,2024-12-21 08:39:01+00:00
yarn.lock,jtpio,Jeremy Tuloup,2024-12-21 08:39:01+00:00,2024-12-21 20:33:53+01:00
yarn.lock,Jeremy Tuloup,jtpio,2024-12-21 20:33:53+01:00,2024-12-21 20:08:54+00:00
yarn.lock,Jeremy Tuloup,jtpio,2025-01-07 11:44:59+01:00,2025-01-07 10:55:25+00:00
yarn.lock,Jeremy Tuloup,jtpio,2025-02-03 10:03:15+01:00,2025-02-03 11:35:54+00:00
yarn.lock,Jeremy Tuloup,jtpio,2025-02-20 10:40:15+01:00,2025-02-20 09:52:04+00:00
yarn.lock,Jeremy Tuloup,jtpio,2025-03-14 09:47:11+01:00,2025-03-14 08:58:41+00:00
