author,timestamp,file
Fredrik Fornwall,2015-10-25 15:27:32+01:00,.gitignore
Fredrik Fornwall,2015-10-25 15:27:32+01:00,.idea/gradle.xml
Fredrik Fornwall,2015-10-25 15:27:32+01:00,.idea/runConfigurations.xml
Fredrik Fornwall,2015-10-25 15:27:32+01:00,README.md
Fredrik Fornwall,2015-10-25 15:27:32+01:00,app/build.gradle
Fredrik Fornwall,2015-10-25 15:27:32+01:00,app/proguard-rules.pro
Fredrik Fornwall,2015-10-25 15:27:32+01:00,app/src/androidTest/java/com/termux/ApplicationTest.java
Fredrik Fornwall,2015-10-25 15:27:32+01:00,app/src/main/AndroidManifest.xml
Fredrik Fornwall,2015-10-25 15:27:32+01:00,app/src/main/assets/help.html
Fredrik Fornwall,2015-10-25 15:27:32+01:00,app/src/main/java/com/termux/app/DialogUtils.java
Fredrik Fornwall,2015-10-25 15:27:32+01:00,app/src/main/java/com/termux/app/FullScreenHelper.java
Fredrik Fornwall,2015-10-25 15:27:32+01:00,app/src/main/java/com/termux/app/TermuxActivity.java
Fredrik Fornwall,2015-10-25 15:27:32+01:00,app/src/main/java/com/termux/app/TermuxHelpActivity.java
Fredrik Fornwall,2015-10-25 15:27:32+01:00,app/src/main/java/com/termux/app/TermuxInstaller.java
Fredrik Fornwall,2015-10-25 15:27:32+01:00,app/src/main/java/com/termux/app/TermuxPreferences.java
Fredrik Fornwall,2015-10-25 15:27:32+01:00,app/src/main/java/com/termux/app/TermuxService.java
Fredrik Fornwall,2015-10-25 15:27:32+01:00,app/src/main/java/com/termux/drawer/DrawerLayout.java
Fredrik Fornwall,2015-10-25 15:27:32+01:00,app/src/main/java/com/termux/drawer/DrawerLayoutCompatApi21.java
Fredrik Fornwall,2015-10-25 15:27:32+01:00,app/src/main/java/com/termux/drawer/ViewDragHelper.java
Fredrik Fornwall,2015-10-25 15:27:32+01:00,app/src/main/java/com/termux/drawer/package-info.java
Fredrik Fornwall,2015-10-25 15:27:32+01:00,app/src/main/java/com/termux/terminal/ByteQueue.java
Fredrik Fornwall,2015-10-25 15:27:32+01:00,app/src/main/java/com/termux/terminal/EmulatorDebug.java
Fredrik Fornwall,2015-10-25 15:27:32+01:00,app/src/main/java/com/termux/terminal/JNI.java
Fredrik Fornwall,2015-10-25 15:27:32+01:00,app/src/main/java/com/termux/terminal/KeyHandler.java
Fredrik Fornwall,2015-10-25 15:27:32+01:00,app/src/main/java/com/termux/terminal/TerminalBuffer.java
Fredrik Fornwall,2015-10-25 15:27:32+01:00,app/src/main/java/com/termux/terminal/TerminalColorScheme.java
Fredrik Fornwall,2015-10-25 15:27:32+01:00,app/src/main/java/com/termux/terminal/TerminalColors.java
Fredrik Fornwall,2015-10-25 15:27:32+01:00,app/src/main/java/com/termux/terminal/TerminalEmulator.java
Fredrik Fornwall,2015-10-25 15:27:32+01:00,app/src/main/java/com/termux/terminal/TerminalOutput.java
Fredrik Fornwall,2015-10-25 15:27:32+01:00,app/src/main/java/com/termux/terminal/TerminalRow.java
Fredrik Fornwall,2015-10-25 15:27:32+01:00,app/src/main/java/com/termux/terminal/TerminalSession.java
Fredrik Fornwall,2015-10-25 15:27:32+01:00,app/src/main/java/com/termux/terminal/TextStyle.java
Fredrik Fornwall,2015-10-25 15:27:32+01:00,app/src/main/java/com/termux/terminal/WcWidth.java
Fredrik Fornwall,2015-10-25 15:27:32+01:00,app/src/main/java/com/termux/view/GestureAndScaleRecognizer.java
Fredrik Fornwall,2015-10-25 15:27:32+01:00,app/src/main/java/com/termux/view/TerminalKeyListener.java
Fredrik Fornwall,2015-10-25 15:27:32+01:00,app/src/main/java/com/termux/view/TerminalRenderer.java
Fredrik Fornwall,2015-10-25 15:27:32+01:00,app/src/main/java/com/termux/view/TerminalView.java
Fredrik Fornwall,2015-10-25 15:27:32+01:00,app/src/main/jni/Android.mk
Fredrik Fornwall,2015-10-25 15:27:32+01:00,app/src/main/jni/Application.mk
Fredrik Fornwall,2015-10-25 15:27:32+01:00,app/src/main/jni/termux.c
Fredrik Fornwall,2015-10-25 15:27:32+01:00,app/src/main/jniLibs/armeabi-v7a/libtermux.so
Fredrik Fornwall,2015-10-25 15:27:32+01:00,app/src/main/jniLibs/x86/libtermux.so
Fredrik Fornwall,2015-10-25 15:27:32+01:00,app/src/main/res/drawable-hdpi/ic_launcher.png
Fredrik Fornwall,2015-10-25 15:27:32+01:00,app/src/main/res/drawable-hdpi/ic_service_notification.png
Fredrik Fornwall,2015-10-25 15:27:32+01:00,app/src/main/res/drawable-mdpi/ic_launcher.png
Fredrik Fornwall,2015-10-25 15:27:32+01:00,app/src/main/res/drawable-mdpi/ic_service_notification.png
Fredrik Fornwall,2015-10-25 15:27:32+01:00,app/src/main/res/drawable-xhdpi/ic_launcher.png
Fredrik Fornwall,2015-10-25 15:27:32+01:00,app/src/main/res/drawable-xhdpi/ic_service_notification.png
Fredrik Fornwall,2015-10-25 15:27:32+01:00,app/src/main/res/drawable-xxhdpi/ic_launcher.png
Fredrik Fornwall,2015-10-25 15:27:32+01:00,app/src/main/res/drawable-xxhdpi/ic_service_notification.png
Fredrik Fornwall,2015-10-25 15:27:32+01:00,app/src/main/res/drawable-xxxhdpi/ic_launcher.png
Fredrik Fornwall,2015-10-25 15:27:32+01:00,app/src/main/res/drawable-xxxhdpi/ic_service_notification.png
Fredrik Fornwall,2015-10-25 15:27:32+01:00,app/src/main/res/drawable/banner.png
Fredrik Fornwall,2015-10-25 15:27:32+01:00,app/src/main/res/drawable/current_session.xml
Fredrik Fornwall,2015-10-25 15:27:32+01:00,app/src/main/res/drawable/selected_session_background.xml
Fredrik Fornwall,2015-10-25 15:27:32+01:00,app/src/main/res/drawable/session_ripple.xml
Fredrik Fornwall,2015-10-25 15:27:32+01:00,app/src/main/res/drawable/terminal_scroll_shape.xml
Fredrik Fornwall,2015-10-25 15:27:32+01:00,app/src/main/res/layout/drawer_layout.xml
Fredrik Fornwall,2015-10-25 15:27:32+01:00,app/src/main/res/layout/line_in_drawer.xml
Fredrik Fornwall,2015-10-25 15:27:32+01:00,app/src/main/res/values/strings.xml
Fredrik Fornwall,2015-10-25 15:27:32+01:00,app/src/main/res/values/styles.xml
Fredrik Fornwall,2015-10-25 15:27:32+01:00,app/src/test/java/com/termux/terminal/ByteQueueTest.java
Fredrik Fornwall,2015-10-25 15:27:32+01:00,app/src/test/java/com/termux/terminal/ControlSequenceIntroducerTest.java
Fredrik Fornwall,2015-10-25 15:27:32+01:00,app/src/test/java/com/termux/terminal/CursorAndScreenTest.java
Fredrik Fornwall,2015-10-25 15:27:32+01:00,app/src/test/java/com/termux/terminal/DecSetTest.java
Fredrik Fornwall,2015-10-25 15:27:32+01:00,app/src/test/java/com/termux/terminal/DeviceControlStringTest.java
Fredrik Fornwall,2015-10-25 15:27:32+01:00,app/src/test/java/com/termux/terminal/HistoryTest.java
Fredrik Fornwall,2015-10-25 15:27:32+01:00,app/src/test/java/com/termux/terminal/KeyHandlerTest.java
Fredrik Fornwall,2015-10-25 15:27:32+01:00,app/src/test/java/com/termux/terminal/OperatingSystemControlTest.java
Fredrik Fornwall,2015-10-25 15:27:32+01:00,app/src/test/java/com/termux/terminal/RectangularAreasTest.java
Fredrik Fornwall,2015-10-25 15:27:32+01:00,app/src/test/java/com/termux/terminal/ResizeTest.java
Fredrik Fornwall,2015-10-25 15:27:32+01:00,app/src/test/java/com/termux/terminal/ScreenBufferTest.java
Fredrik Fornwall,2015-10-25 15:27:32+01:00,app/src/test/java/com/termux/terminal/ScrollRegionTest.java
Fredrik Fornwall,2015-10-25 15:27:32+01:00,app/src/test/java/com/termux/terminal/TerminalRowTest.java
Fredrik Fornwall,2015-10-25 15:27:32+01:00,app/src/test/java/com/termux/terminal/TerminalTest.java
Fredrik Fornwall,2015-10-25 15:27:32+01:00,app/src/test/java/com/termux/terminal/TerminalTestCase.java
Fredrik Fornwall,2015-10-25 15:27:32+01:00,app/src/test/java/com/termux/terminal/TextStyleTest.java
Fredrik Fornwall,2015-10-25 15:27:32+01:00,app/src/test/java/com/termux/terminal/UnicodeInputTest.java
Fredrik Fornwall,2015-10-25 15:27:32+01:00,app/src/test/java/com/termux/terminal/WcWidthTest.java
Fredrik Fornwall,2015-10-25 15:27:32+01:00,build-jnilibs.sh
Fredrik Fornwall,2015-10-25 15:27:32+01:00,build.gradle
Fredrik Fornwall,2015-10-25 15:27:32+01:00,gradle.properties
Fredrik Fornwall,2015-10-25 15:27:32+01:00,gradle/wrapper/gradle-wrapper.jar
Fredrik Fornwall,2015-10-25 15:27:32+01:00,gradle/wrapper/gradle-wrapper.properties
Fredrik Fornwall,2015-10-25 15:27:32+01:00,gradlew
Fredrik Fornwall,2015-10-25 15:27:32+01:00,gradlew.bat
Fredrik Fornwall,2015-10-25 15:27:32+01:00,settings.gradle
Fredrik Fornwall,2015-10-25 15:52:29+01:00,app/src/main/res/values/strings.xml
Fredrik Fornwall,2015-10-25 16:39:34+01:00,app/src/main/java/com/termux/app/TermuxInstaller.java
Fredrik Fornwall,2015-10-25 16:39:34+01:00,app/src/main/java/com/termux/terminal/TerminalEmulator.java
Fredrik Fornwall,2015-10-25 16:39:34+01:00,app/src/test/java/com/termux/terminal/KeyHandlerTest.java
Fredrik Fornwall,2015-10-25 16:39:34+01:00,app/src/test/java/com/termux/terminal/TerminalRowTest.java
Fredrik Fornwall,2015-10-25 16:40:20+01:00,.gitignore
Fredrik Fornwall,2015-10-25 16:41:34+01:00,.travis.yml
Fredrik Fornwall,2015-10-25 17:08:07+01:00,app/build.gradle
Fredrik Fornwall,2015-10-25 17:08:07+01:00,travis.keystore
Fredrik Fornwall,2015-10-25 17:26:00+01:00,.travis.yml
Fredrik Fornwall,2015-10-25 19:14:47+01:00,README.md
Fredrik Fornwall,2015-10-25 20:13:33+01:00,app/build.gradle
Fredrik Fornwall,2015-10-25 20:13:33+01:00,app/src/main/AndroidManifest.xml
Fredrik Fornwall,2015-10-25 21:58:09+01:00,app/src/main/AndroidManifest.xml
Fredrik Fornwall,2015-10-25 22:35:42+01:00,build-jnilibs.sh
Fredrik Fornwall,2015-11-05 23:56:51+01:00,app/build.gradle
Fredrik Fornwall,2015-11-05 23:56:51+01:00,app/src/main/AndroidManifest.xml
Fredrik Fornwall,2015-11-05 23:56:51+01:00,app/src/main/java/com/termux/filepicker/TermuxFilePickerActivity.java
Fredrik Fornwall,2015-11-05 23:56:51+01:00,app/src/main/java/com/termux/filepicker/TermuxFilePickerProvider.java
Fredrik Fornwall,2015-11-05 23:56:51+01:00,app/src/main/res/layout/file_picker.xml
Fredrik Fornwall,2015-11-06 00:05:32+01:00,gradle/wrapper/gradle-wrapper.jar
Fredrik Fornwall,2015-11-06 00:05:32+01:00,gradle/wrapper/gradle-wrapper.properties
Fredrik Fornwall,2015-11-06 00:05:32+01:00,gradlew
Nicola Spanti (RyDroid),2015-11-07 19:39:13+01:00,.editorconfig
Nicola Spanti (RyDroid),2015-11-07 19:39:13+01:00,README.md
Fredrik Fornwall,2015-11-07 23:09:52+01:00,README.md
Fredrik Fornwall,2015-11-12 22:16:09+01:00,build.gradle
Fredrik Fornwall,2015-11-13 00:10:21+01:00,app/src/main/java/com/termux/app/TermuxActivity.java
Fredrik Fornwall,2015-11-13 00:10:21+01:00,app/src/main/java/com/termux/app/TermuxInstaller.java
Fredrik Fornwall,2015-11-13 00:14:35+01:00,app/src/main/java/com/termux/view/TerminalRenderer.java
Fredrik Fornwall,2015-11-13 00:22:18+01:00,app/build.gradle
Fredrik Fornwall,2015-11-17 21:53:40+01:00,gradle/wrapper/gradle-wrapper.jar
Fredrik Fornwall,2015-11-17 21:53:40+01:00,gradle/wrapper/gradle-wrapper.properties
Fredrik Fornwall,2015-11-20 00:38:58+01:00,app/src/main/java/com/termux/terminal/TerminalSession.java
Fredrik Fornwall,2015-11-20 00:40:52+01:00,app/build.gradle
Fredrik Fornwall,2015-11-20 23:29:44+01:00,app/build.gradle
Fredrik Fornwall,2015-11-24 17:31:32+01:00,.gitignore
Fredrik Fornwall,2015-11-24 17:31:48+01:00,app/src/main/java/com/termux/view/TerminalRenderer.java
Fredrik Fornwall,2015-11-29 00:08:07+01:00,gradle/wrapper/gradle-wrapper.properties
Fredrik Fornwall,2015-11-29 00:09:25+01:00,app/src/main/res/layout/file_picker.xml
Fredrik Fornwall,2015-11-29 00:09:25+01:00,app/src/main/res/values/strings.xml
Fredrik Fornwall,2015-11-29 00:17:50+01:00,app/src/test/java/com/termux/terminal/OperatingSystemControlTest.java
Fredrik Fornwall,2015-11-29 00:17:50+01:00,app/src/test/java/com/termux/terminal/TerminalTestCase.java
Fredrik Fornwall,2015-11-29 00:20:45+01:00,app/src/main/java/com/termux/drawer/DrawerLayout.java
Fredrik Fornwall,2015-11-29 00:20:45+01:00,app/src/main/java/com/termux/drawer/ViewDragHelper.java
Fredrik Fornwall,2015-11-29 00:20:45+01:00,app/src/test/java/com/termux/terminal/TerminalTestCase.java
Fredrik Fornwall,2015-11-29 00:23:18+01:00,.idea/inspectionProfiles/Project_Default.xml
Fredrik Fornwall,2015-11-29 00:23:18+01:00,.idea/inspectionProfiles/profiles_settings.xml
Fredrik Fornwall,2015-11-29 00:25:51+01:00,app/build.gradle
Fredrik Fornwall,2015-11-29 00:25:51+01:00,app/src/main/java/com/termux/filepicker/TermuxFilePickerProvider.java
Fredrik Fornwall,2015-11-29 00:42:47+01:00,app/src/main/res/layout/file_picker.xml
Fredrik Fornwall,2015-11-29 00:42:47+01:00,app/src/main/res/values/strings.xml
Fredrik Fornwall,2015-11-29 00:55:05+01:00,app/src/main/AndroidManifest.xml
Fredrik Fornwall,2015-11-29 00:55:05+01:00,app/src/main/res/xml/backupscheme.xml
Fredrik Fornwall,2015-11-29 01:08:18+01:00,app/src/main/java/com/termux/app/TermuxActivity.java
Fredrik Fornwall,2015-11-29 01:08:18+01:00,app/src/test/java/com/termux/app/TermuxActivityTest.java
Fredrik Fornwall,2015-11-29 01:12:27+01:00,app/src/main/java/com/termux/filepicker/TermuxFilePickerActivity.java
Fredrik Fornwall,2015-11-29 01:12:27+01:00,app/src/test/java/com/termux/terminal/TerminalRowTest.java
Fredrik Fornwall,2015-11-29 01:27:13+01:00,gradle/wrapper/gradle-wrapper.properties
Fredrik Fornwall,2015-11-29 01:45:11+01:00,.travis.yml
Fredrik Fornwall,2015-11-29 01:45:11+01:00,gradle/wrapper/gradle-wrapper.properties
Fredrik Fornwall,2015-11-29 01:55:41+01:00,app/src/test/java/com/termux/app/TermuxActivityTest.java
Fredrik Fornwall,2015-11-29 01:55:41+01:00,app/src/test/java/com/termux/terminal/TerminalTestCase.java
Fredrik Fornwall,2015-11-29 02:00:55+01:00,.travis.yml
Fredrik Fornwall,2015-11-29 02:20:37+01:00,app/src/test/java/com/termux/terminal/TextStyleTest.java
Fredrik Fornwall,2015-11-29 08:55:13+01:00,app/src/main/java/com/termux/app/TermuxActivity.java
Fredrik Fornwall,2015-11-29 08:56:56+01:00,.idea/inspectionProfiles/Project_Default.xml
Fredrik Fornwall,2015-11-29 08:56:56+01:00,app/src/main/java/com/termux/drawer/DrawerLayout.java
Fredrik Fornwall,2015-11-29 08:56:56+01:00,app/src/main/java/com/termux/filepicker/TermuxFilePickerActivity.java
Fredrik Fornwall,2015-11-29 08:56:56+01:00,app/src/test/java/com/termux/terminal/OperatingSystemControlTest.java
Fredrik Fornwall,2015-11-29 09:36:06+01:00,app/src/test/java/com/termux/terminal/DecSetTest.java
Fredrik Fornwall,2015-11-29 10:03:38+01:00,app/src/main/java/com/termux/drawer/DrawerLayout.java
Fredrik Fornwall,2015-11-29 10:04:50+01:00,app/src/main/java/com/termux/terminal/TerminalEmulator.java
Fredrik Fornwall,2015-11-29 10:04:50+01:00,app/src/test/java/com/termux/terminal/UnicodeInputTest.java
Fredrik Fornwall,2015-11-29 10:56:31+01:00,app/src/main/java/com/termux/view/GestureAndScaleRecognizer.java
Fredrik Fornwall,2015-11-30 00:39:24+01:00,.idea/codeStyleSettings.xml
Fredrik Fornwall,2015-11-30 00:39:24+01:00,app/src/test/java/com/termux/app/TermuxActivityTest.java
Fredrik Fornwall,2015-11-30 00:39:24+01:00,app/src/test/java/com/termux/terminal/ByteQueueTest.java
Fredrik Fornwall,2015-11-30 00:39:24+01:00,app/src/test/java/com/termux/terminal/DecSetTest.java
Fredrik Fornwall,2015-11-30 00:39:24+01:00,app/src/test/java/com/termux/terminal/KeyHandlerTest.java
Fredrik Fornwall,2015-11-30 00:39:24+01:00,app/src/test/java/com/termux/terminal/OperatingSystemControlTest.java
Fredrik Fornwall,2015-11-30 00:39:24+01:00,app/src/test/java/com/termux/terminal/ScrollRegionTest.java
Fredrik Fornwall,2015-11-30 00:39:24+01:00,app/src/test/java/com/termux/terminal/TerminalRowTest.java
Fredrik Fornwall,2015-11-30 00:39:24+01:00,app/src/test/java/com/termux/terminal/TerminalTestCase.java
Fredrik Fornwall,2015-11-30 00:39:24+01:00,app/src/test/java/com/termux/terminal/TextStyleTest.java
Fredrik Fornwall,2015-11-30 00:39:24+01:00,app/src/test/java/com/termux/terminal/UnicodeInputTest.java
Fredrik Fornwall,2015-12-05 20:16:20+01:00,.idea/codeStyleSettings.xml
Fredrik Fornwall,2015-12-12 00:07:55+01:00,app/src/main/java/com/termux/terminal/TerminalEmulator.java
Fredrik Fornwall,2015-12-12 00:07:55+01:00,app/src/test/java/com/termux/terminal/ScrollRegionTest.java
Fredrik Fornwall,2015-12-12 00:10:43+01:00,app/build.gradle
Fredrik Fornwall,2015-12-12 03:02:06+01:00,app/src/main/java/com/termux/app/TermuxActivity.java
Fredrik Fornwall,2015-12-12 03:02:06+01:00,app/src/main/java/com/termux/app/TermuxInstaller.java
Fredrik Fornwall,2015-12-20 14:25:07+01:00,app/src/main/AndroidManifest.xml
Fredrik Fornwall,2015-12-20 14:26:08+01:00,app/build.gradle
Fredrik Fornwall,2015-12-20 14:37:00+01:00,app/src/main/java/com/termux/view/TerminalView.java
Fredrik Fornwall,2015-12-23 01:08:23+01:00,app/src/test/java/com/termux/terminal/OperatingSystemControlTest.java
Fredrik Fornwall,2015-12-23 01:12:47+01:00,app/src/main/java/com/termux/drawer/DrawerLayout.java
Fredrik Fornwall,2015-12-23 01:12:47+01:00,app/src/main/java/com/termux/drawer/ViewDragHelper.java
Fredrik Fornwall,2015-12-23 01:12:47+01:00,app/src/main/java/com/termux/terminal/TerminalEmulator.java
Fredrik Fornwall,2015-12-23 01:39:49+01:00,app/src/main/java/com/termux/app/TermuxPreferences.java
Fredrik Fornwall,2015-12-23 01:43:41+01:00,app/src/main/java/com/termux/app/TermuxActivity.java
Fredrik Fornwall,2015-12-23 01:43:41+01:00,app/src/main/java/com/termux/app/TermuxInstaller.java
Fredrik Fornwall,2015-12-23 01:43:41+01:00,app/src/main/java/com/termux/view/TerminalKeyListener.java
Fredrik Fornwall,2015-12-23 01:43:41+01:00,app/src/main/java/com/termux/view/TerminalView.java
Fredrik Fornwall,2015-12-23 01:43:41+01:00,app/src/main/res/raw/bell.ogg
Fredrik Fornwall,2015-12-23 01:44:51+01:00,gradle/wrapper/gradle-wrapper.jar
Fredrik Fornwall,2015-12-23 01:44:51+01:00,gradle/wrapper/gradle-wrapper.properties
Fredrik Fornwall,2015-12-24 09:29:14+01:00,app/src/main/java/com/termux/app/TermuxInstaller.java
Fredrik Fornwall,2015-12-25 21:10:48+01:00,app/src/main/java/com/termux/view/TerminalView.java
Fredrik Fornwall,2015-12-27 08:17:29+01:00,app/src/main/java/com/termux/app/TermuxInstaller.java
Fredrik Fornwall,2015-12-27 13:46:20+01:00,app/src/main/java/com/termux/app/TermuxActivity.java
Fredrik Fornwall,2015-12-27 15:35:03+01:00,app/src/main/java/com/termux/app/TermuxActivity.java
Fredrik Fornwall,2015-12-28 00:40:51+01:00,app/src/main/AndroidManifest.xml
Fredrik Fornwall,2015-12-28 00:40:51+01:00,app/src/main/assets/help.html
Fredrik Fornwall,2015-12-28 00:40:51+01:00,app/src/main/java/com/termux/app/TermuxHelpActivity.java
Fredrik Fornwall,2015-12-28 00:40:51+01:00,app/src/main/res/values/strings.xml
Fredrik Fornwall,2015-12-28 00:41:21+01:00,.gitignore
Fredrik Fornwall,2015-12-28 01:17:40+01:00,.idea/gradle.xml
Fredrik Fornwall,2015-12-28 01:37:00+01:00,app/src/main/java/com/termux/app/TermuxActivity.java
Fredrik Fornwall,2015-12-28 01:37:00+01:00,app/src/main/java/com/termux/app/TermuxInstaller.java
Fredrik Fornwall,2015-12-28 02:30:28+01:00,gradlew.bat
Fredrik Fornwall,2015-12-28 02:30:28+01:00,travis.keystore
Fredrik Fornwall,2015-12-28 20:47:34+01:00,app/src/main/java/com/termux/app/TermuxActivity.java
Fredrik Fornwall,2015-12-28 20:47:34+01:00,app/src/main/java/com/termux/view/TerminalView.java
Fredrik Fornwall,2015-12-28 20:48:13+01:00,app/build.gradle
Fredrik Fornwall,2015-12-28 20:49:46+01:00,app/src/main/java/com/termux/view/TerminalView.java
Fredrik Fornwall,2015-12-30 00:46:08+01:00,app/src/main/java/com/termux/view/TerminalView.java
Fredrik Fornwall,2015-12-30 00:49:35+01:00,app/build.gradle
Fredrik Fornwall,2016-01-05 00:48:16+01:00,app/src/main/java/com/termux/app/TermuxHelpActivity.java
Fredrik Fornwall,2016-01-05 01:00:25+01:00,app/src/main/java/com/termux/drawer/DrawerLayout.java
Fredrik Fornwall,2016-01-05 03:14:18+01:00,app/src/test/java/com/termux/terminal/KeyHandlerTest.java
Fredrik Fornwall,2016-01-13 01:29:57+01:00,README.md
Fredrik Fornwall,2016-01-13 03:01:29+01:00,app/src/main/java/com/termux/app/TermuxActivity.java
Fredrik Fornwall,2016-01-13 03:01:29+01:00,app/src/main/java/com/termux/app/TermuxPreferences.java
Fredrik Fornwall,2016-01-13 03:01:29+01:00,app/src/main/java/com/termux/terminal/TerminalBuffer.java
Fredrik Fornwall,2016-01-13 03:01:29+01:00,app/src/main/java/com/termux/terminal/TerminalRow.java
Fredrik Fornwall,2016-01-13 03:01:29+01:00,app/src/main/java/com/termux/view/TerminalKeyListener.java
Fredrik Fornwall,2016-01-13 03:01:29+01:00,app/src/main/java/com/termux/view/TerminalView.java
Fredrik Fornwall,2016-01-13 03:01:29+01:00,app/src/main/res/drawable-xxhdpi/text_select_handle_left_mtrl_alpha.png
Fredrik Fornwall,2016-01-13 03:01:29+01:00,app/src/main/res/drawable-xxhdpi/text_select_handle_right_mtrl_alpha.png
Fredrik Fornwall,2016-01-13 03:01:29+01:00,app/src/main/res/drawable/text_select_handle_left_material.xml
Fredrik Fornwall,2016-01-13 03:01:29+01:00,app/src/main/res/drawable/text_select_handle_right_material.xml
Fredrik Fornwall,2016-01-13 03:01:29+01:00,app/src/main/res/values/strings.xml
Fredrik Fornwall,2016-01-13 03:02:09+01:00,app/build.gradle
Fredrik Fornwall,2016-01-13 03:18:22+01:00,app/src/main/java/com/termux/app/DialogUtils.java
Fredrik Fornwall,2016-01-13 03:18:22+01:00,app/src/main/java/com/termux/app/TermuxActivity.java
Fredrik Fornwall,2016-01-13 03:18:22+01:00,app/src/main/res/values/strings.xml
Fredrik Fornwall,2016-01-13 03:42:46+01:00,app/src/main/java/com/termux/view/TerminalView.java
Fredrik Fornwall,2016-01-13 03:44:03+01:00,app/src/main/java/com/termux/app/DialogUtils.java
Fredrik Fornwall,2016-01-13 04:20:36+01:00,app/src/main/java/com/termux/view/TerminalView.java
Fredrik Fornwall,2016-01-13 10:52:23+01:00,app/src/main/java/com/termux/view/TerminalView.java
Fredrik Fornwall,2016-01-13 12:27:15+01:00,app/src/main/res/values/styles.xml
Fredrik Fornwall,2016-01-13 12:28:31+01:00,app/src/main/java/com/termux/view/TerminalView.java
Fredrik Fornwall,2016-01-13 13:17:36+01:00,app/src/main/java/com/termux/view/TerminalView.java
Fredrik Fornwall,2016-01-13 13:17:53+01:00,app/src/main/java/com/termux/app/DialogUtils.java
Fredrik Fornwall,2016-01-18 15:15:34+01:00,app/src/test/java/com/termux/terminal/ControlSequenceIntroducerTest.java
Fredrik Fornwall,2016-01-19 12:01:35+01:00,app/src/main/AndroidManifest.xml
Fredrik Fornwall,2016-01-19 12:05:38+01:00,app/src/main/java/com/termux/terminal/TerminalEmulator.java
Fredrik Fornwall,2016-01-19 12:05:38+01:00,app/src/test/java/com/termux/terminal/DecSetTest.java
Fredrik Fornwall,2016-01-19 17:21:27+01:00,app/src/main/java/com/termux/view/TerminalView.java
Fredrik Fornwall,2016-01-19 17:22:57+01:00,app/src/main/java/com/termux/app/TermuxPreferences.java
Fredrik Fornwall,2016-01-19 17:24:18+01:00,app/src/main/java/com/termux/terminal/TerminalEmulator.java
Fredrik Fornwall,2016-01-19 17:24:18+01:00,app/src/test/java/com/termux/terminal/CursorAndScreenTest.java
Fredrik Fornwall,2016-01-19 23:08:28+01:00,app/src/test/java/com/termux/terminal/WcWidthTest.java
Fredrik Fornwall,2016-01-19 23:11:20+01:00,app/src/main/java/com/termux/terminal/TerminalEmulator.java
Fredrik Fornwall,2016-01-19 23:11:20+01:00,app/src/test/java/com/termux/terminal/UnicodeInputTest.java
Fredrik Fornwall,2016-01-21 11:53:37+01:00,app/build.gradle
Fredrik Fornwall,2016-01-28 16:45:45+01:00,app/src/test/java/com/termux/terminal/TerminalTest.java
Fredrik Fornwall,2016-02-09 11:24:05+01:00,README.md
Fredrik Fornwall,2016-02-09 11:24:05+01:00,app/src/main/java/com/termux/terminal/JNI.java
Fredrik Fornwall,2016-02-09 11:24:05+01:00,app/src/main/java/com/termux/terminal/TerminalSession.java
Fredrik Fornwall,2016-02-09 11:24:05+01:00,app/src/main/jni/termux.c
Fredrik Fornwall,2016-02-09 11:24:05+01:00,app/src/main/jniLibs/armeabi-v7a/libtermux.so
Fredrik Fornwall,2016-02-09 11:24:05+01:00,app/src/main/jniLibs/x86/libtermux.so
Fredrik Fornwall,2016-02-09 11:25:58+01:00,app/build.gradle
Fredrik Fornwall,2016-02-09 11:33:57+01:00,.gitignore
Fredrik Fornwall,2016-02-13 00:27:58+01:00,app/src/main/java/com/termux/view/TerminalView.java
Fredrik Fornwall,2016-02-13 22:01:18+01:00,app/src/main/res/values/strings.xml
Fredrik Fornwall,2016-02-14 00:42:34+01:00,app/src/main/java/com/termux/app/TermuxInstaller.java
Fredrik Fornwall,2016-02-14 00:44:33+01:00,app/src/main/java/com/termux/app/TermuxActivity.java
Fredrik Fornwall,2016-02-14 00:45:53+01:00,app/build.gradle
Fredrik Fornwall,2016-02-14 00:49:27+01:00,app/src/main/java/com/termux/filepicker/TermuxFilePickerProvider.java
Fredrik Fornwall,2016-02-25 16:33:00+01:00,app/build.gradle
Fredrik Fornwall,2016-02-25 16:33:00+01:00,app/src/main/java/com/termux/terminal/TerminalEmulator.java
Fredrik Fornwall,2016-02-25 16:33:00+01:00,app/src/test/java/com/termux/terminal/CursorAndScreenTest.java
Fredrik Fornwall,2016-02-25 16:33:00+01:00,app/src/test/java/com/termux/terminal/TerminalTest.java
Fredrik Fornwall,2016-03-01 16:33:22+01:00,app/src/main/java/com/termux/app/TermuxActivity.java
Fredrik Fornwall,2016-03-07 23:45:02+01:00,app/src/main/java/com/termux/terminal/TerminalBuffer.java
Fredrik Fornwall,2016-03-07 23:45:02+01:00,app/src/main/java/com/termux/terminal/TerminalEmulator.java
Fredrik Fornwall,2016-03-07 23:45:02+01:00,app/src/test/java/com/termux/terminal/CursorAndScreenTest.java
Fredrik Fornwall,2016-03-11 01:20:54+01:00,app/src/main/java/com/termux/terminal/TerminalEmulator.java
Fredrik Fornwall,2016-03-15 00:08:31+01:00,app/src/main/java/com/termux/app/TermuxService.java
Fredrik Fornwall,2016-03-15 00:09:10+01:00,.editorconfig
Fredrik Fornwall,2016-03-15 00:26:36+01:00,gradle/wrapper/gradle-wrapper.jar
Fredrik Fornwall,2016-03-15 00:26:36+01:00,gradle/wrapper/gradle-wrapper.properties
Fredrik Fornwall,2016-03-16 23:10:44+01:00,app/src/main/java/com/termux/app/TermuxService.java
Fredrik Fornwall,2016-03-17 12:29:30+01:00,app/src/main/java/com/termux/view/TerminalView.java
Fredrik Fornwall,2016-03-17 12:31:45+01:00,app/src/main/java/com/termux/terminal/TerminalSession.java
Fredrik Fornwall,2016-03-19 00:17:38+01:00,app/src/main/AndroidManifest.xml
Fredrik Fornwall,2016-03-19 00:17:38+01:00,app/src/main/java/com/termux/app/DialogUtils.java
Fredrik Fornwall,2016-03-19 00:17:38+01:00,app/src/main/java/com/termux/app/TermuxActivity.java
Fredrik Fornwall,2016-03-19 00:17:38+01:00,app/src/main/java/com/termux/filepicker/TermuxFileReceiverActivity.java
Fredrik Fornwall,2016-03-19 00:17:38+01:00,app/src/main/res/values/strings.xml
Fredrik Fornwall,2016-03-20 22:17:21+01:00,app/src/main/java/com/termux/app/TermuxService.java
Fredrik Fornwall,2016-03-20 22:24:05+01:00,app/src/main/java/com/termux/app/TermuxInstaller.java
Fredrik Fornwall,2016-03-20 23:57:34+01:00,app/src/main/java/com/termux/app/TermuxService.java
Fredrik Fornwall,2016-03-21 00:01:59+01:00,app/build.gradle
Fredrik Fornwall,2016-03-21 15:19:08+01:00,app/src/main/java/com/termux/app/TermuxActivity.java
Fredrik Fornwall,2016-03-21 15:24:02+01:00,app/src/main/java/com/termux/app/DialogUtils.java
Fredrik Fornwall,2016-03-21 15:24:02+01:00,app/src/main/java/com/termux/filepicker/TermuxFileReceiverActivity.java
Fredrik Fornwall,2016-03-23 18:31:03+01:00,app/src/main/java/com/termux/filepicker/TermuxFileReceiverActivity.java
Fredrik Fornwall,2016-03-25 00:22:49+01:00,app/build.gradle
Fredrik Fornwall,2016-03-25 00:22:49+01:00,app/src/main/AndroidManifest.xml
Fredrik Fornwall,2016-04-11 13:48:24+02:00,build.gradle
Fredrik Fornwall,2016-04-11 13:50:14+02:00,.idea/codeStyleSettings.xml
Fredrik Fornwall,2016-04-11 13:50:14+02:00,.idea/gradle.xml
Fredrik Fornwall,2016-04-11 13:50:14+02:00,.idea/inspectionProfiles/Project_Default.xml
Fredrik Fornwall,2016-04-11 13:50:14+02:00,.idea/inspectionProfiles/profiles_settings.xml
Fredrik Fornwall,2016-04-11 14:05:31+02:00,app/src/main/java/com/termux/app/TermuxActivity.java
Fredrik Fornwall,2016-04-11 14:06:23+02:00,app/build.gradle
Fredrik Fornwall,2016-04-11 14:12:21+02:00,app/src/main/java/com/termux/filepicker/TermuxFilePickerActivity.java
Fredrik Fornwall,2016-04-11 14:13:02+02:00,app/src/main/AndroidManifest.xml
Fredrik Fornwall,2016-04-16 21:18:21+02:00,app/src/main/java/com/termux/app/TermuxInstaller.java
Fredrik Fornwall,2016-04-16 21:22:04+02:00,app/src/main/jni/Application.mk
Fredrik Fornwall,2016-04-16 23:01:19+02:00,app/src/main/AndroidManifest.xml
Fredrik Fornwall,2016-04-16 23:02:20+02:00,app/src/main/java/com/termux/filepicker/TermuxFileReceiverActivity.java
Fredrik Fornwall,2016-04-22 02:00:36+02:00,app/src/main/java/com/termux/app/TermuxActivity.java
Fredrik Fornwall,2016-04-22 02:13:50+02:00,app/src/main/AndroidManifest.xml
Fredrik Fornwall,2016-04-22 02:13:50+02:00,app/src/main/java/com/termux/filepicker/TermuxDocumentsProvider.java
Fredrik Fornwall,2016-04-22 02:17:41+02:00,app/src/main/java/com/termux/filepicker/TermuxFileReceiverActivity.java
Fredrik Fornwall,2016-04-22 02:20:10+02:00,app/src/main/java/com/termux/view/TerminalView.java
Fredrik Fornwall,2016-04-22 02:51:13+02:00,app/src/main/java/com/termux/filepicker/TermuxDocumentsProvider.java
Fredrik Fornwall,2016-04-22 03:26:23+02:00,app/src/main/AndroidManifest.xml
Fredrik Fornwall,2016-04-22 03:26:23+02:00,app/src/main/java/com/termux/filepicker/TermuxDocumentsProvider.java
Fredrik Fornwall,2016-04-22 03:26:23+02:00,app/src/main/java/com/termux/filepicker/TermuxFilePickerActivity.java
Fredrik Fornwall,2016-04-22 03:26:23+02:00,app/src/main/java/com/termux/filepicker/TermuxFilePickerProvider.java
Fredrik Fornwall,2016-04-22 03:26:23+02:00,app/src/main/res/layout/file_picker.xml
Fredrik Fornwall,2016-04-22 03:26:23+02:00,app/src/main/res/values/strings.xml
Fredrik Fornwall,2016-04-22 03:28:50+02:00,app/build.gradle
Fredrik Fornwall,2016-04-22 03:30:09+02:00,app/src/main/java/com/termux/app/TermuxActivity.java
Fredrik Fornwall,2016-04-22 03:48:28+02:00,app/build.gradle
Fredrik Fornwall,2016-04-23 12:21:36+02:00,app/src/main/jni/termux.c
Fredrik Fornwall,2016-04-28 11:07:43+02:00,build.gradle
Fredrik Fornwall,2016-04-28 11:07:43+02:00,gradle.properties
Fredrik Fornwall,2016-04-28 11:07:43+02:00,gradle/wrapper/gradle-wrapper.jar
Fredrik Fornwall,2016-04-28 11:07:43+02:00,gradle/wrapper/gradle-wrapper.properties
Fredrik Fornwall,2016-04-28 11:07:43+02:00,gradlew
Fredrik Fornwall,2016-05-04 22:27:43+02:00,app/src/main/java/com/termux/terminal/TerminalColorScheme.java
Fredrik Fornwall,2016-05-04 22:44:38+02:00,app/src/main/java/com/termux/view/TerminalView.java
Fredrik Fornwall,2016-05-09 15:39:11+02:00,app/src/main/java/com/termux/view/TerminalView.java
Fredrik Fornwall,2016-05-13 00:18:51+02:00,app/build.gradle
Fredrik Fornwall,2016-05-20 10:09:39+02:00,.travis.yml
Fredrik Fornwall,2016-05-20 10:10:14+02:00,.idea/gradle.xml
Fredrik Fornwall,2016-05-20 10:30:25+02:00,app/build.gradle
Fredrik Fornwall,2016-05-20 10:30:25+02:00,app/src/main/jni/Android.mk
Fredrik Fornwall,2016-05-20 10:30:25+02:00,app/src/main/jni/Application.mk
Fredrik Fornwall,2016-05-20 10:30:25+02:00,build-jnilibs.sh
Fredrik Fornwall,2016-05-20 10:30:25+02:00,gradle.properties
Fredrik Fornwall,2016-05-20 10:36:20+02:00,app/src/main/java/com/termux/app/TermuxPreferences.java
Fredrik Fornwall,2016-05-20 10:41:07+02:00,app/src/main/java/com/termux/view/TerminalView.java
Fredrik Fornwall,2016-05-20 10:41:38+02:00,app/src/main/java/com/termux/app/ExtraKeysView.java
Fredrik Fornwall,2016-05-20 10:44:23+02:00,app/src/main/java/com/termux/app/BackgroundJob.java
Fredrik Fornwall,2016-05-20 10:44:23+02:00,app/src/main/java/com/termux/app/TermuxActivity.java
Fredrik Fornwall,2016-05-20 10:44:23+02:00,app/src/main/java/com/termux/drawer/DrawerLayout.java
Fredrik Fornwall,2016-05-20 10:44:23+02:00,app/src/main/java/com/termux/drawer/DrawerLayoutCompatApi21.java
Fredrik Fornwall,2016-05-20 10:44:23+02:00,app/src/main/java/com/termux/drawer/ViewDragHelper.java
Fredrik Fornwall,2016-05-20 10:44:23+02:00,app/src/main/java/com/termux/drawer/package-info.java
Fredrik Fornwall,2016-05-20 10:44:23+02:00,app/src/main/res/layout/drawer_layout.xml
Fredrik Fornwall,2016-05-20 10:44:23+02:00,app/src/main/res/layout/extra_keys_main.xml
Fredrik Fornwall,2016-05-20 10:44:23+02:00,app/src/main/res/layout/extra_keys_right.xml
Fredrik Fornwall,2016-05-20 10:46:48+02:00,app/src/main/java/com/termux/app/TermuxActivity.java
Fredrik Fornwall,2016-05-20 10:46:48+02:00,app/src/main/java/com/termux/view/TerminalView.java
Fredrik Fornwall,2016-06-06 00:56:42+02:00,app/src/main/java/com/termux/app/ExtraKeysView.java
Fredrik Fornwall,2016-06-06 01:16:20+02:00,app/src/main/res/layout/drawer_layout.xml
Fredrik Fornwall,2016-06-06 01:16:20+02:00,app/src/main/res/layout/extra_keys_main.xml
Fredrik Fornwall,2016-06-06 01:16:20+02:00,app/src/main/res/layout/extra_keys_right.xml
Fredrik Fornwall,2016-06-08 01:37:08+02:00,app/src/main/java/com/termux/terminal/JNI.java
Fredrik Fornwall,2016-06-08 01:37:08+02:00,app/src/main/java/com/termux/terminal/TerminalSession.java
Fredrik Fornwall,2016-06-08 01:37:08+02:00,app/src/main/jni/termux.c
Fredrik Fornwall,2016-06-08 02:13:14+02:00,app/src/main/res/layout/extra_keys_right.xml
Fredrik Fornwall,2016-06-08 16:09:23+02:00,build.gradle
Fredrik Fornwall,2016-06-08 16:09:42+02:00,app/src/test/java/com/termux/terminal/TerminalTestCase.java
Fredrik Fornwall,2016-06-22 00:23:18+02:00,.idea/inspectionProfiles/Project_Default.xml
Fredrik Fornwall,2016-06-22 00:23:18+02:00,.idea/inspectionProfiles/profiles_settings.xml
Fredrik Fornwall,2016-06-22 00:23:38+02:00,app/src/test/java/com/termux/terminal/WcWidthTest.java
Fredrik Fornwall,2016-06-22 00:23:57+02:00,app/src/main/res/values/strings.xml
Fredrik Fornwall,2016-06-22 00:24:18+02:00,app/build.gradle
Fredrik Fornwall,2016-06-22 00:24:42+02:00,app/src/main/java/com/termux/app/ExtraKeysView.java
Fredrik Fornwall,2016-06-22 01:31:21+02:00,app/src/main/java/com/termux/app/TermuxInstaller.java
Fredrik Fornwall,2016-06-26 22:37:12+02:00,app/src/main/res/layout/drawer_layout.xml
Fredrik Fornwall,2016-06-26 22:38:36+02:00,app/build.gradle
Fredrik Fornwall,2016-06-26 22:38:52+02:00,.idea/inspectionProfiles/Project_Default.xml
Fredrik Fornwall,2016-06-26 22:39:46+02:00,app/src/main/java/com/termux/app/ExtraKeysView.java
Fredrik Fornwall,2016-06-28 00:56:30+02:00,app/src/main/java/com/termux/app/FullScreenHelper.java
Fredrik Fornwall,2016-06-28 00:56:30+02:00,app/src/main/java/com/termux/app/TermuxActivity.java
Fredrik Fornwall,2016-06-28 00:56:30+02:00,app/src/main/java/com/termux/app/TermuxKeyListener.java
Fredrik Fornwall,2016-06-28 00:56:30+02:00,app/src/main/java/com/termux/app/TermuxPreferences.java
Fredrik Fornwall,2016-06-28 00:56:30+02:00,app/src/main/java/com/termux/app/TermuxService.java
Fredrik Fornwall,2016-06-28 00:56:30+02:00,app/src/main/java/com/termux/terminal/TerminalEmulator.java
Fredrik Fornwall,2016-06-28 00:56:30+02:00,app/src/main/java/com/termux/terminal/TerminalOutput.java
Fredrik Fornwall,2016-06-28 00:56:30+02:00,app/src/main/java/com/termux/terminal/TerminalSession.java
Fredrik Fornwall,2016-06-28 00:56:30+02:00,app/src/main/java/com/termux/view/TerminalKeyListener.java
Fredrik Fornwall,2016-06-28 00:56:30+02:00,app/src/main/java/com/termux/view/TerminalRenderer.java
Fredrik Fornwall,2016-06-28 00:56:30+02:00,app/src/main/java/com/termux/view/TerminalView.java
Fredrik Fornwall,2016-06-28 00:56:30+02:00,app/src/main/res/layout/extra_keys_right.xml
Fredrik Fornwall,2016-06-28 01:03:03+02:00,.idea/codeStyleSettings.xml
Fredrik Fornwall,2016-06-28 01:03:03+02:00,app/src/main/java/com/termux/app/BackgroundJob.java
Fredrik Fornwall,2016-06-28 01:03:03+02:00,app/src/main/java/com/termux/app/DialogUtils.java
Fredrik Fornwall,2016-06-28 01:03:03+02:00,app/src/main/java/com/termux/app/ExtraKeysView.java
Fredrik Fornwall,2016-06-28 01:03:03+02:00,app/src/main/java/com/termux/app/TermuxActivity.java
Fredrik Fornwall,2016-06-28 01:03:03+02:00,app/src/main/java/com/termux/app/TermuxHelpActivity.java
Fredrik Fornwall,2016-06-28 01:03:03+02:00,app/src/main/java/com/termux/app/TermuxInstaller.java
Fredrik Fornwall,2016-06-28 01:03:03+02:00,app/src/main/java/com/termux/app/TermuxKeyListener.java
Fredrik Fornwall,2016-06-28 01:03:03+02:00,app/src/main/java/com/termux/app/TermuxPreferences.java
Fredrik Fornwall,2016-06-28 01:03:03+02:00,app/src/main/java/com/termux/app/TermuxService.java
Fredrik Fornwall,2016-06-28 01:03:03+02:00,app/src/main/java/com/termux/filepicker/TermuxDocumentsProvider.java
Fredrik Fornwall,2016-06-28 01:03:03+02:00,app/src/main/java/com/termux/terminal/ByteQueue.java
Fredrik Fornwall,2016-06-28 01:03:03+02:00,app/src/main/java/com/termux/terminal/EmulatorDebug.java
Fredrik Fornwall,2016-06-28 01:03:03+02:00,app/src/main/java/com/termux/terminal/JNI.java
Fredrik Fornwall,2016-06-28 01:03:03+02:00,app/src/main/java/com/termux/terminal/KeyHandler.java
Fredrik Fornwall,2016-06-28 01:03:03+02:00,app/src/main/java/com/termux/terminal/TerminalBuffer.java
Fredrik Fornwall,2016-06-28 01:03:03+02:00,app/src/main/java/com/termux/terminal/TerminalColorScheme.java
Fredrik Fornwall,2016-06-28 01:03:03+02:00,app/src/main/java/com/termux/terminal/TerminalColors.java
Fredrik Fornwall,2016-06-28 01:03:03+02:00,app/src/main/java/com/termux/terminal/TerminalEmulator.java
Fredrik Fornwall,2016-06-28 01:03:03+02:00,app/src/main/java/com/termux/terminal/TerminalOutput.java
Fredrik Fornwall,2016-06-28 01:03:03+02:00,app/src/main/java/com/termux/terminal/TerminalRow.java
Fredrik Fornwall,2016-06-28 01:03:03+02:00,app/src/main/java/com/termux/terminal/TerminalSession.java
Fredrik Fornwall,2016-06-28 01:03:03+02:00,app/src/main/java/com/termux/terminal/TextStyle.java
Fredrik Fornwall,2016-06-28 01:03:03+02:00,app/src/main/java/com/termux/terminal/WcWidth.java
Fredrik Fornwall,2016-06-28 01:03:03+02:00,app/src/main/java/com/termux/view/GestureAndScaleRecognizer.java
Fredrik Fornwall,2016-06-28 01:03:03+02:00,app/src/main/java/com/termux/view/TerminalKeyListener.java
Fredrik Fornwall,2016-06-28 01:03:03+02:00,app/src/main/java/com/termux/view/TerminalRenderer.java
Fredrik Fornwall,2016-06-28 01:03:03+02:00,app/src/main/java/com/termux/view/TerminalView.java
Fredrik Fornwall,2016-07-04 22:24:38+02:00,.travis.yml
Fredrik Fornwall,2016-07-04 22:55:24+02:00,.travis.yml
Fredrik Fornwall,2016-07-04 23:08:22+02:00,.travis.yml
Fredrik Fornwall,2016-07-22 00:23:23+02:00,app/src/main/java/com/termux/terminal/KeyHandler.java
Fredrik Fornwall,2016-07-22 00:47:47+02:00,app/src/main/java/com/termux/view/TerminalView.java
Fredrik Fornwall,2016-07-23 16:52:24+02:00,app/build.gradle
Fredrik Fornwall,2016-07-23 16:52:49+02:00,.idea/codeStyleSettings.xml
Fredrik Fornwall,2016-07-23 17:08:54+02:00,gradle/wrapper/gradle-wrapper.jar
Fredrik Fornwall,2016-07-23 17:08:54+02:00,gradle/wrapper/gradle-wrapper.properties
Fredrik Fornwall,2016-07-23 17:09:15+02:00,.travis.yml
Fredrik Fornwall,2016-07-23 17:09:15+02:00,app/build.gradle
Fredrik Fornwall,2016-07-27 00:26:50+02:00,app/src/main/java/com/termux/view/TerminalView.java
Fredrik Fornwall,2016-07-27 00:27:21+02:00,app/src/main/java/com/termux/terminal/KeyHandler.java
Fredrik Fornwall,2016-07-31 22:13:24+02:00,app/src/main/java/com/termux/app/FullScreenHelper.java
Fredrik Fornwall,2016-07-31 22:13:50+02:00,app/build.gradle
Fredrik Fornwall,2016-07-31 22:28:17+02:00,.idea/inspectionProfiles/Project_Default.xml
Fredrik Fornwall,2016-07-31 22:28:17+02:00,app/src/main/java/com/termux/app/DialogUtils.java
Fredrik Fornwall,2016-07-31 22:28:17+02:00,app/src/main/java/com/termux/app/ExtraKeysView.java
Fredrik Fornwall,2016-07-31 22:28:17+02:00,app/src/main/java/com/termux/app/TermuxActivity.java
Fredrik Fornwall,2016-07-31 22:28:17+02:00,app/src/main/java/com/termux/app/TermuxHelpActivity.java
Fredrik Fornwall,2016-07-31 22:28:17+02:00,app/src/main/java/com/termux/app/TermuxInstaller.java
Fredrik Fornwall,2016-07-31 22:28:17+02:00,app/src/main/java/com/termux/filepicker/TermuxFileReceiverActivity.java
Fredrik Fornwall,2016-07-31 22:55:54+02:00,app/src/main/java/com/termux/view/TerminalView.java
Fredrik Fornwall,2016-08-01 00:30:11+02:00,app/src/main/java/com/termux/view/TerminalView.java
Fredrik Fornwall,2016-08-01 01:47:51+02:00,app/build.gradle
Fredrik Fornwall,2016-08-01 06:37:49+02:00,app/build.gradle
Fredrik Fornwall,2016-08-01 06:37:49+02:00,app/src/main/java/com/termux/app/TermuxKeyListener.java
Fredrik Fornwall,2016-08-02 17:34:13+02:00,app/src/main/java/com/termux/app/DialogUtils.java
Fredrik Fornwall,2016-08-04 18:11:50+02:00,app/src/main/java/com/termux/app/TermuxKeyListener.java
Fredrik Fornwall,2016-08-04 18:11:50+02:00,app/src/main/java/com/termux/app/TermuxPreferences.java
Fredrik Fornwall,2016-08-04 23:27:42+02:00,app/src/main/java/com/termux/app/TermuxActivity.java
Fredrik Fornwall,2016-08-04 23:27:42+02:00,app/src/main/java/com/termux/app/TermuxKeyListener.java
Fredrik Fornwall,2016-08-04 23:56:17+02:00,app/src/main/java/com/termux/view/TerminalView.java
Fredrik Fornwall,2016-08-04 23:58:09+02:00,app/src/main/java/com/termux/terminal/WcWidth.java
Fredrik Fornwall,2016-08-04 23:58:09+02:00,app/src/test/java/com/termux/terminal/WcWidthTest.java
Fredrik Fornwall,2016-08-05 00:00:53+02:00,app/build.gradle
Michał Bednarski,2016-08-08 10:16:47+02:00,app/src/main/java/com/termux/app/ExtraKeysView.java
Fredrik Fornwall,2016-08-08 23:19:49+02:00,app/build.gradle
Fredrik Fornwall,2016-08-08 23:22:47+02:00,app/src/main/java/com/termux/app/TermuxInstaller.java
Fredrik Fornwall,2016-08-12 04:18:09+02:00,app/src/main/java/com/termux/terminal/KeyHandler.java
Fredrik Fornwall,2016-08-12 06:13:26+02:00,app/src/test/java/com/termux/terminal/KeyHandlerTest.java
Fredrik Fornwall,2016-08-16 10:31:10+02:00,build.gradle
Fredrik Fornwall,2016-08-22 16:53:42+02:00,app/build.gradle
Fredrik Fornwall,2016-08-22 16:54:55+02:00,app/src/main/java/com/termux/app/TermuxInstaller.java
Fredrik Fornwall,2016-08-22 16:54:55+02:00,app/src/main/java/com/termux/app/TermuxKeyListener.java
Fredrik Fornwall,2016-08-27 00:32:38+02:00,app/src/main/java/com/termux/terminal/TerminalBuffer.java
Fredrik Fornwall,2016-08-27 00:32:38+02:00,app/src/main/java/com/termux/terminal/TerminalEmulator.java
Fredrik Fornwall,2016-08-27 00:32:38+02:00,app/src/main/java/com/termux/terminal/TerminalRow.java
Fredrik Fornwall,2016-08-27 00:32:38+02:00,app/src/main/java/com/termux/terminal/TerminalSession.java
Fredrik Fornwall,2016-08-27 00:32:38+02:00,app/src/main/java/com/termux/terminal/TextStyle.java
Fredrik Fornwall,2016-08-27 00:32:38+02:00,app/src/main/java/com/termux/view/TerminalRenderer.java
Fredrik Fornwall,2016-08-27 00:32:38+02:00,app/src/test/java/com/termux/terminal/CursorAndScreenTest.java
Fredrik Fornwall,2016-08-27 00:32:38+02:00,app/src/test/java/com/termux/terminal/ResizeTest.java
Fredrik Fornwall,2016-08-27 00:32:38+02:00,app/src/test/java/com/termux/terminal/ScreenBufferTest.java
Fredrik Fornwall,2016-08-27 00:32:38+02:00,app/src/test/java/com/termux/terminal/TerminalTest.java
Fredrik Fornwall,2016-08-27 00:32:38+02:00,app/src/test/java/com/termux/terminal/TerminalTestCase.java
Fredrik Fornwall,2016-08-27 00:32:38+02:00,app/src/test/java/com/termux/terminal/TextStyleTest.java
Fredrik Fornwall,2016-08-30 13:47:30+02:00,app/src/main/java/com/termux/terminal/TerminalEmulator.java
Fredrik Fornwall,2016-09-04 18:56:28+02:00,app/src/main/java/com/termux/view/TerminalView.java
Fredrik Fornwall,2016-09-04 19:00:29+02:00,app/build.gradle
Fredrik Fornwall,2016-09-05 23:11:25+02:00,app/build.gradle
Fredrik Fornwall,2016-09-05 23:11:25+02:00,app/src/main/java/com/termux/terminal/KeyHandler.java
Fredrik Fornwall,2016-09-05 23:11:25+02:00,app/src/test/java/com/termux/terminal/KeyHandlerTest.java
Fredrik Fornwall,2016-09-16 23:12:56+02:00,app/src/main/java/com/termux/app/TermuxKeyListener.java
Fredrik Fornwall,2016-09-16 23:15:27+02:00,app/src/main/java/com/termux/app/TermuxKeyListener.java
Fredrik Fornwall,2016-09-16 23:17:47+02:00,app/src/main/java/com/termux/terminal/TextStyle.java
Fredrik Fornwall,2016-09-16 23:18:34+02:00,build.gradle
Fredrik Fornwall,2016-09-16 23:18:51+02:00,app/build.gradle
Fredrik Fornwall,2016-09-19 23:26:49+02:00,.idea/gradle.xml
Fredrik Fornwall,2016-09-19 23:26:49+02:00,build.gradle
Fredrik Fornwall,2016-09-21 22:30:20+02:00,.gitignore
Fredrik Fornwall,2016-09-21 22:30:20+02:00,app/CMakeLists.txt
Fredrik Fornwall,2016-09-21 22:30:20+02:00,app/build.gradle
Fredrik Fornwall,2016-09-21 22:30:20+02:00,gradle.properties
Fredrik Fornwall,2016-09-21 22:34:44+02:00,gradle/wrapper/gradle-wrapper.jar
Fredrik Fornwall,2016-09-21 22:34:44+02:00,gradle/wrapper/gradle-wrapper.properties
Fredrik Fornwall,2016-09-21 22:34:44+02:00,gradlew
Fredrik Fornwall,2016-09-23 08:57:40+02:00,.travis.yml
Fredrik Fornwall,2016-09-24 20:22:10+02:00,app/CMakeLists.txt
Fredrik Fornwall,2016-09-24 20:22:10+02:00,app/build.gradle
Fredrik Fornwall,2016-09-24 20:22:10+02:00,app/src/main/jni/Android.mk
Fredrik Fornwall,2016-09-25 01:15:49+02:00,app/build.gradle
Fredrik Fornwall,2016-09-27 00:29:08+02:00,app/src/main/java/com/termux/app/TermuxActivity.java
Fredrik Fornwall,2016-09-27 00:29:47+02:00,app/build.gradle
Fredrik Fornwall,2016-09-27 00:30:05+02:00,app/src/main/res/layout/extra_keys_right.xml
Fredrik Fornwall,2016-09-29 00:34:12+02:00,.travis.yml
Fredrik Fornwall,2016-09-29 01:13:45+02:00,README.md
Fredrik Fornwall,2016-10-10 22:23:39+02:00,.travis.yml
Fredrik Fornwall,2016-10-10 22:23:39+02:00,app/build.gradle
Fredrik Fornwall,2016-10-10 22:23:39+02:00,build.gradle
Fredrik Fornwall,2016-10-16 00:12:42+02:00,app/src/main/java/com/termux/app/TermuxActivity.java
Fredrik Fornwall,2016-10-16 00:13:04+02:00,app/src/main/java/com/termux/terminal/TerminalEmulator.java
Fredrik Fornwall,2016-10-16 00:13:35+02:00,app/src/main/java/com/termux/app/TermuxPreferences.java
Fredrik Fornwall,2016-10-20 01:00:28+02:00,.travis.yml
Fredrik Fornwall,2016-10-20 01:00:28+02:00,app/build.gradle
Fredrik Fornwall,2016-10-20 01:00:28+02:00,build.gradle
Fredrik Fornwall,2016-10-26 02:26:44+02:00,app/src/main/java/com/termux/app/BackgroundJob.java
Fredrik Fornwall,2016-10-26 02:26:44+02:00,app/src/main/java/com/termux/app/TermuxService.java
Frieder Bluemle,2016-11-18 18:01:00+08:00,gradle/wrapper/gradle-wrapper.properties
Frieder Bluemle,2016-11-18 18:01:00+08:00,gradlew.bat
Fredrik Fornwall,2016-11-19 15:41:24+01:00,app/src/main/java/com/termux/app/TermuxActivity.java
Fredrik Fornwall,2016-11-19 15:41:24+01:00,app/src/main/res/anim/on_bell.xml
Fredrik Fornwall,2016-11-19 22:18:26+01:00,app/src/main/res/drawable-hdpi/ic_launcher.png
Fredrik Fornwall,2016-11-19 22:18:26+01:00,app/src/main/res/drawable-mdpi/ic_launcher.png
Fredrik Fornwall,2016-11-19 22:18:26+01:00,app/src/main/res/drawable-xhdpi/ic_launcher.png
Fredrik Fornwall,2016-11-19 22:18:26+01:00,app/src/main/res/drawable-xxhdpi/ic_launcher.png
Fredrik Fornwall,2016-11-19 22:18:26+01:00,app/src/main/res/drawable-xxxhdpi/ic_launcher.png
Fredrik Fornwall,2016-11-19 22:18:26+01:00,app/src/main/res/drawable/ic_launcher.xml
Fredrik Fornwall,2016-11-19 22:33:45+01:00,app/src/main/res/drawable-hdpi/ic_service_notification.png
Fredrik Fornwall,2016-11-19 22:33:45+01:00,app/src/main/res/drawable-mdpi/ic_service_notification.png
Fredrik Fornwall,2016-11-19 22:33:45+01:00,app/src/main/res/drawable-xhdpi/ic_service_notification.png
Fredrik Fornwall,2016-11-19 22:33:45+01:00,app/src/main/res/drawable-xxhdpi/ic_service_notification.png
Fredrik Fornwall,2016-11-19 22:33:45+01:00,app/src/main/res/drawable-xxxhdpi/ic_service_notification.png
Fredrik Fornwall,2016-11-19 22:33:45+01:00,app/src/main/res/drawable/ic_service_notification.xml
Fredrik Fornwall,2016-11-20 16:43:27+01:00,app/src/main/java/com/termux/app/BackgroundJob.java
Fredrik Fornwall,2016-11-23 01:37:58+01:00,app/src/main/res/drawable/ic_launcher.xml
Fredrik Fornwall,2016-11-23 01:38:17+01:00,app/src/main/AndroidManifest.xml
Fredrik Fornwall,2016-11-23 01:38:17+01:00,app/src/main/res/drawable/ic_launcher_round.xml
Fredrik Fornwall,2016-11-23 01:55:29+01:00,app/src/main/java/com/termux/app/TermuxService.java
Fredrik Fornwall,2016-11-24 19:36:38+01:00,.travis.yml
Fredrik Fornwall,2016-11-24 20:05:28+01:00,README.md
Fredrik Fornwall,2016-11-24 20:15:31+01:00,.travis.yml
Fredrik Fornwall,2016-11-24 23:26:27+01:00,app/build.gradle
Fredrik Fornwall,2016-11-24 23:58:43+01:00,.travis.yml
Fredrik Fornwall,2016-11-25 02:14:54+01:00,app/src/main/res/drawable/ic_launcher.xml
Fredrik Fornwall,2016-11-25 02:14:54+01:00,app/src/main/res/drawable/ic_launcher_round.xml
Fredrik Fornwall,2016-11-25 03:17:50+01:00,.travis.yml
Fredrik Fornwall,2016-11-25 03:43:16+01:00,.travis.yml
Fredrik Fornwall,2016-11-25 03:55:07+01:00,.travis.yml
Fredrik Fornwall,2016-11-28 00:26:37+01:00,app/src/main/java/com/termux/view/TerminalView.java
Fredrik Fornwall,2016-12-04 01:04:19+01:00,app/src/main/java/com/termux/app/TermuxInstaller.java
Fredrik Fornwall,2016-12-04 01:06:50+01:00,app/src/main/java/com/termux/terminal/TerminalColorScheme.java
Fredrik Fornwall,2016-12-04 01:06:50+01:00,app/src/main/java/com/termux/view/TerminalRenderer.java
Fredrik Fornwall,2016-12-04 04:37:13+01:00,app/src/main/java/com/termux/app/BackgroundJob.java
Fredrik Fornwall,2016-12-04 04:37:13+01:00,app/src/main/java/com/termux/app/TermuxService.java
Fredrik Fornwall,2016-12-04 04:37:13+01:00,app/src/main/res/values/strings.xml
Fredrik Fornwall,2016-12-04 04:38:35+01:00,app/build.gradle
Fredrik Fornwall,2016-12-04 17:26:26+01:00,gradle/wrapper/gradle-wrapper.jar
Fredrik Fornwall,2016-12-04 17:26:26+01:00,gradle/wrapper/gradle-wrapper.properties
Fredrik Fornwall,2016-12-04 17:26:26+01:00,gradlew
Fredrik Fornwall,2016-12-04 17:32:40+01:00,app/src/main/java/com/termux/view/TerminalView.java
Fredrik Fornwall,2016-12-07 20:26:09-05:00,build.gradle
Fredrik Fornwall,2016-12-10 22:51:11-05:00,app/src/main/res/drawable-anydpi/ic_launcher.xml
Fredrik Fornwall,2016-12-10 22:51:11-05:00,app/src/main/res/drawable-anydpi/ic_launcher_round.xml
Fredrik Fornwall,2016-12-24 00:25:24+01:00,app/src/main/java/com/termux/app/TermuxService.java
Fredrik Fornwall,2016-12-24 01:05:33+01:00,app/src/main/AndroidManifest.xml
Fredrik Fornwall,2016-12-24 01:05:33+01:00,app/src/main/java/com/termux/filepicker/TermuxDocumentsProvider.java
Fredrik Fornwall,2016-12-24 01:05:33+01:00,app/src/main/res/drawable-anydpi/ic_launcher.xml
Fredrik Fornwall,2016-12-24 01:05:33+01:00,app/src/main/res/drawable-anydpi/ic_launcher_round.xml
Fredrik Fornwall,2016-12-24 01:05:33+01:00,app/src/main/res/mipmap-hdpi/ic_launcher.png
Fredrik Fornwall,2016-12-24 01:05:33+01:00,app/src/main/res/mipmap-hdpi/ic_launcher_round.png
Fredrik Fornwall,2016-12-24 01:05:33+01:00,app/src/main/res/mipmap-mdpi/ic_launcher.png
Fredrik Fornwall,2016-12-24 01:05:33+01:00,app/src/main/res/mipmap-mdpi/ic_launcher_round.png
Fredrik Fornwall,2016-12-24 01:05:33+01:00,app/src/main/res/mipmap-xhdpi/ic_launcher.png
Fredrik Fornwall,2016-12-24 01:05:33+01:00,app/src/main/res/mipmap-xhdpi/ic_launcher_round.png
Fredrik Fornwall,2016-12-24 01:05:33+01:00,app/src/main/res/mipmap-xxhdpi/ic_launcher.png
Fredrik Fornwall,2016-12-24 01:05:33+01:00,app/src/main/res/mipmap-xxhdpi/ic_launcher_round.png
Fredrik Fornwall,2016-12-24 01:05:33+01:00,app/src/main/res/mipmap-xxxhdpi/ic_launcher.png
Fredrik Fornwall,2016-12-24 01:05:33+01:00,app/src/main/res/mipmap-xxxhdpi/ic_launcher_round.png
Fredrik Fornwall,2016-12-24 01:05:33+01:00,art/generate-pngs.sh
Fredrik Fornwall,2016-12-24 01:05:33+01:00,art/ic_launcher.svg
Fredrik Fornwall,2016-12-24 01:05:33+01:00,art/ic_launcher_round.svg
Fredrik Fornwall,2016-12-26 00:57:09+01:00,app/src/main/java/com/termux/app/TermuxService.java
Fredrik Fornwall,2016-12-26 04:07:03+01:00,app/src/main/AndroidManifest.xml
Fredrik Fornwall,2016-12-26 04:07:03+01:00,app/src/main/java/com/termux/app/TermuxActivity.java
Fredrik Fornwall,2016-12-26 04:07:03+01:00,app/src/main/res/drawable/ic_new_session.xml
Fredrik Fornwall,2016-12-26 04:07:03+01:00,app/src/main/res/xml/shortcuts.xml
Fredrik Fornwall,2016-12-26 04:07:44+01:00,app/build.gradle
Fredrik Fornwall,2016-12-26 04:45:00+01:00,art/copy-to-other-apps.sh
Fredrik Fornwall,2016-12-26 04:48:28+01:00,app/build.gradle
Fredrik Fornwall,2016-12-26 05:18:45+01:00,.travis.yml
Fredrik Fornwall,2016-12-27 10:42:41+01:00,app/src/main/java/com/termux/app/TermuxActivity.java
Fredrik Fornwall,2016-12-27 10:43:05+01:00,app/build.gradle
Fredrik Fornwall,2016-12-28 01:07:12+01:00,app/build.gradle
Fredrik Fornwall,2016-12-28 01:19:57+01:00,app/src/main/java/com/termux/app/BackgroundJob.java
Fredrik Fornwall,2016-12-28 02:45:14+01:00,app/src/main/res/xml/shortcuts.xml
Fredrik Fornwall,2016-12-29 22:29:37+01:00,art/copy-to-other-apps.sh
Fredrik Fornwall,2016-12-29 22:29:37+01:00,art/feature-graphic.svg
Fredrik Fornwall,2016-12-29 22:29:37+01:00,art/generate-feature-graphic.sh
Fredrik Fornwall,2016-12-29 22:29:37+01:00,art/generate-launcher-images.sh
Fredrik Fornwall,2016-12-29 22:29:37+01:00,art/generate-tv-banner.sh
Fredrik Fornwall,2016-12-29 22:29:37+01:00,art/tv-banner.svg
Fredrik Fornwall,2016-12-30 00:45:11+01:00,app/src/main/java/com/termux/view/TerminalView.java
Fredrik Fornwall,2016-12-30 01:42:47+01:00,app/src/main/java/com/termux/view/TerminalView.java
Fredrik Fornwall,2016-12-30 01:53:07+01:00,app/src/main/java/com/termux/app/TermuxActivity.java
Fredrik Fornwall,2016-12-30 01:54:31+01:00,app/src/main/res/anim/on_bell.xml
Fredrik Fornwall,2016-12-30 02:34:43+01:00,app/src/main/res/drawable/banner.png
Fredrik Fornwall,2016-12-30 02:34:43+01:00,art/tv-banner.svg
Fredrik Fornwall,2016-12-30 02:38:41+01:00,app/src/main/java/com/termux/terminal/TerminalSession.java
Fredrik Fornwall,2016-12-30 02:39:01+01:00,app/src/test/java/com/termux/terminal/WcWidthTest.java
Fredrik Fornwall,2016-12-30 02:39:26+01:00,app/src/main/res/values/styles.xml
Fredrik Fornwall,2016-12-30 02:42:41+01:00,app/src/main/java/com/termux/app/TermuxService.java
Fredrik Fornwall,2016-12-30 02:43:40+01:00,app/build.gradle
Fredrik Fornwall,2016-12-30 03:23:53+01:00,art/feature-graphic.svg
Fredrik Fornwall,2017-02-04 11:31:04+01:00,app/src/main/java/com/termux/app/TermuxActivity.java
Fredrik Fornwall,2017-02-04 11:31:04+01:00,app/src/main/java/com/termux/app/TermuxPreferences.java
Fredrik Fornwall,2017-02-04 11:31:04+01:00,app/src/main/res/values/strings.xml
Fredrik Fornwall,2017-02-05 18:24:59+01:00,.travis.yml
Fredrik Fornwall,2017-02-05 21:44:47+01:00,.travis.yml
Fredrik Fornwall,2017-02-05 22:25:37+01:00,.travis.yml
Fredrik Fornwall,2017-02-27 22:31:11+01:00,app/src/main/AndroidManifest.xml
Fredrik Fornwall,2017-02-27 22:31:11+01:00,app/src/main/java/com/termux/app/TermuxOpenReceiver.java
Fredrik Fornwall,2017-02-28 00:41:20+01:00,app/src/main/java/com/termux/app/TermuxService.java
Fredrik Fornwall,2017-02-28 00:42:07+01:00,app/src/main/java/com/termux/app/TermuxOpenReceiver.java
Fredrik Fornwall,2017-02-28 00:42:36+01:00,app/src/main/java/com/termux/app/TermuxActivity.java
Fredrik Fornwall,2017-02-28 00:46:21+01:00,app/src/main/res/drawable/ic_service_notification.xml
Fredrik Fornwall,2017-02-28 00:46:21+01:00,app/src/main/res/mipmap-hdpi/ic_launcher.png
Fredrik Fornwall,2017-02-28 00:46:21+01:00,app/src/main/res/mipmap-mdpi/ic_launcher.png
Fredrik Fornwall,2017-02-28 00:46:21+01:00,app/src/main/res/mipmap-xhdpi/ic_launcher.png
Fredrik Fornwall,2017-02-28 00:46:21+01:00,app/src/main/res/mipmap-xxhdpi/ic_launcher.png
Fredrik Fornwall,2017-02-28 00:46:21+01:00,app/src/main/res/mipmap-xxxhdpi/ic_launcher.png
Fredrik Fornwall,2017-02-28 00:46:21+01:00,art/ic_launcher.svg
Fredrik Fornwall,2017-02-28 00:47:16+01:00,app/build.gradle
Fredrik Fornwall,2017-03-02 00:29:17+01:00,app/src/main/java/com/termux/app/TermuxOpenReceiver.java
Fredrik Fornwall,2017-03-02 00:32:09+01:00,app/build.gradle
Fredrik Fornwall,2017-03-06 01:41:12+01:00,app/build.gradle
Fredrik Fornwall,2017-03-06 01:41:12+01:00,build.gradle
Fredrik Fornwall,2017-03-06 01:41:12+01:00,gradle/wrapper/gradle-wrapper.jar
Fredrik Fornwall,2017-03-06 01:41:12+01:00,gradle/wrapper/gradle-wrapper.properties
Fredrik Fornwall,2017-03-06 01:42:33+01:00,app/src/main/java/com/termux/app/TermuxActivity.java
Fredrik Fornwall,2017-03-06 01:42:33+01:00,app/src/main/java/com/termux/app/TermuxService.java
Fredrik Fornwall,2017-03-06 01:42:33+01:00,app/src/main/java/com/termux/terminal/TerminalEmulator.java
Fredrik Fornwall,2017-03-06 01:44:16+01:00,app/src/main/java/com/termux/app/BackgroundJob.java
Fredrik Fornwall,2017-03-06 01:47:08+01:00,app/src/main/java/com/termux/app/TermuxOpenReceiver.java
Fredrik Fornwall,2017-03-06 01:47:08+01:00,art/feature-graphic.svg
Fredrik Fornwall,2017-03-06 01:47:08+01:00,art/tv-banner.svg
Fredrik Fornwall,2017-03-06 01:53:09+01:00,app/src/main/java/com/termux/app/TermuxService.java
Fredrik Fornwall,2017-03-12 20:55:58+01:00,app/src/main/AndroidManifest.xml
Fredrik Fornwall,2017-03-28 23:52:52+02:00,app/src/main/java/com/termux/app/TermuxOpenReceiver.java
Fredrik Fornwall,2017-04-01 19:06:02+02:00,.idea/gradle.xml
Fredrik Fornwall,2017-04-01 19:06:02+02:00,app/build.gradle
Fredrik Fornwall,2017-04-01 19:06:02+02:00,app/src/androidTest/java/com/termux/ApplicationTest.java
Fredrik Fornwall,2017-04-01 19:06:02+02:00,app/src/main/java/com/termux/app/TermuxKeyListener.java
Fredrik Fornwall,2017-04-01 19:06:02+02:00,app/src/main/res/values/strings.xml
Fredrik Fornwall,2017-04-01 19:06:02+02:00,float/build.gradle
Fredrik Fornwall,2017-04-01 19:06:02+02:00,float/proguard-rules.pro
Fredrik Fornwall,2017-04-01 19:06:02+02:00,float/src/main/AndroidManifest.xml
Fredrik Fornwall,2017-04-01 19:06:02+02:00,float/src/main/java/com/termux/window/TermuxFloatActivity.java
Fredrik Fornwall,2017-04-01 19:06:02+02:00,float/src/main/java/com/termux/window/TermuxFloatPermissionActivity.java
Fredrik Fornwall,2017-04-01 19:06:02+02:00,float/src/main/java/com/termux/window/TermuxFloatPrefs.java
Fredrik Fornwall,2017-04-01 19:06:02+02:00,float/src/main/java/com/termux/window/TermuxFloatService.java
Fredrik Fornwall,2017-04-01 19:06:02+02:00,float/src/main/java/com/termux/window/TermuxFloatView.java
Fredrik Fornwall,2017-04-01 19:06:02+02:00,float/src/main/res/drawable/floating_window_background.xml
Fredrik Fornwall,2017-04-01 19:06:02+02:00,float/src/main/res/drawable/floating_window_background_resize.xml
Fredrik Fornwall,2017-04-01 19:06:02+02:00,float/src/main/res/layout/activity_main.xml
Fredrik Fornwall,2017-04-01 19:06:02+02:00,float/src/main/res/layout/activity_permission.xml
Fredrik Fornwall,2017-04-01 19:06:02+02:00,float/src/main/res/mipmap-hdpi/ic_launcher.png
Fredrik Fornwall,2017-04-01 19:06:02+02:00,float/src/main/res/mipmap-hdpi/ic_launcher_round.png
Fredrik Fornwall,2017-04-01 19:06:02+02:00,float/src/main/res/mipmap-hdpi/ic_service_notification.png
Fredrik Fornwall,2017-04-01 19:06:02+02:00,float/src/main/res/mipmap-mdpi/ic_launcher.png
Fredrik Fornwall,2017-04-01 19:06:02+02:00,float/src/main/res/mipmap-mdpi/ic_launcher_round.png
Fredrik Fornwall,2017-04-01 19:06:02+02:00,float/src/main/res/mipmap-xhdpi/ic_launcher.png
Fredrik Fornwall,2017-04-01 19:06:02+02:00,float/src/main/res/mipmap-xhdpi/ic_launcher_round.png
Fredrik Fornwall,2017-04-01 19:06:02+02:00,float/src/main/res/mipmap-xhdpi/ic_service_notification.png
Fredrik Fornwall,2017-04-01 19:06:02+02:00,float/src/main/res/mipmap-xxhdpi/ic_launcher.png
Fredrik Fornwall,2017-04-01 19:06:02+02:00,float/src/main/res/mipmap-xxhdpi/ic_launcher_round.png
Fredrik Fornwall,2017-04-01 19:06:02+02:00,float/src/main/res/mipmap-xxhdpi/ic_service_notification.png
Fredrik Fornwall,2017-04-01 19:06:02+02:00,float/src/main/res/mipmap-xxxhdpi/ic_launcher.png
Fredrik Fornwall,2017-04-01 19:06:02+02:00,float/src/main/res/mipmap-xxxhdpi/ic_launcher_round.png
Fredrik Fornwall,2017-04-01 19:06:02+02:00,float/src/main/res/mipmap-xxxhdpi/ic_service_notification.png
Fredrik Fornwall,2017-04-01 19:06:02+02:00,float/src/main/res/values/strings.xml
Fredrik Fornwall,2017-04-01 19:06:02+02:00,float/src/main/res/values/styles.xml
Fredrik Fornwall,2017-04-01 19:06:02+02:00,settings.gradle
Fredrik Fornwall,2017-04-01 19:06:02+02:00,terminal/build.gradle
Fredrik Fornwall,2017-04-01 19:06:02+02:00,terminal/proguard-rules.pro
Fredrik Fornwall,2017-04-01 19:06:02+02:00,terminal/src/main/AndroidManifest.xml
Fredrik Fornwall,2017-04-01 19:06:02+02:00,terminal/src/main/java/com/termux/terminal/ByteQueue.java
Fredrik Fornwall,2017-04-01 19:06:02+02:00,terminal/src/main/java/com/termux/terminal/EmulatorDebug.java
Fredrik Fornwall,2017-04-01 19:06:02+02:00,terminal/src/main/java/com/termux/terminal/JNI.java
Fredrik Fornwall,2017-04-01 19:06:02+02:00,terminal/src/main/java/com/termux/terminal/KeyHandler.java
Fredrik Fornwall,2017-04-01 19:06:02+02:00,terminal/src/main/java/com/termux/terminal/TerminalBuffer.java
Fredrik Fornwall,2017-04-01 19:06:02+02:00,terminal/src/main/java/com/termux/terminal/TerminalColorScheme.java
Fredrik Fornwall,2017-04-01 19:06:02+02:00,terminal/src/main/java/com/termux/terminal/TerminalColors.java
Fredrik Fornwall,2017-04-01 19:06:02+02:00,terminal/src/main/java/com/termux/terminal/TerminalEmulator.java
Fredrik Fornwall,2017-04-01 19:06:02+02:00,terminal/src/main/java/com/termux/terminal/TerminalOutput.java
Fredrik Fornwall,2017-04-01 19:06:02+02:00,terminal/src/main/java/com/termux/terminal/TerminalRow.java
Fredrik Fornwall,2017-04-01 19:06:02+02:00,terminal/src/main/java/com/termux/terminal/TerminalSession.java
Fredrik Fornwall,2017-04-01 19:06:02+02:00,terminal/src/main/java/com/termux/terminal/TextStyle.java
Fredrik Fornwall,2017-04-01 19:06:02+02:00,terminal/src/main/java/com/termux/terminal/WcWidth.java
Fredrik Fornwall,2017-04-01 19:06:02+02:00,terminal/src/main/jni/Android.mk
Fredrik Fornwall,2017-04-01 19:06:02+02:00,terminal/src/main/jni/termux.c
Fredrik Fornwall,2017-04-01 19:06:02+02:00,terminal/src/test/java/com/termux/terminal/ByteQueueTest.java
Fredrik Fornwall,2017-04-01 19:06:02+02:00,terminal/src/test/java/com/termux/terminal/ControlSequenceIntroducerTest.java
Fredrik Fornwall,2017-04-01 19:06:02+02:00,terminal/src/test/java/com/termux/terminal/CursorAndScreenTest.java
Fredrik Fornwall,2017-04-01 19:06:02+02:00,terminal/src/test/java/com/termux/terminal/DecSetTest.java
Fredrik Fornwall,2017-04-01 19:06:02+02:00,terminal/src/test/java/com/termux/terminal/DeviceControlStringTest.java
Fredrik Fornwall,2017-04-01 19:06:02+02:00,terminal/src/test/java/com/termux/terminal/HistoryTest.java
Fredrik Fornwall,2017-04-01 19:06:02+02:00,terminal/src/test/java/com/termux/terminal/KeyHandlerTest.java
Fredrik Fornwall,2017-04-01 19:06:02+02:00,terminal/src/test/java/com/termux/terminal/OperatingSystemControlTest.java
Fredrik Fornwall,2017-04-01 19:06:02+02:00,terminal/src/test/java/com/termux/terminal/RectangularAreasTest.java
Fredrik Fornwall,2017-04-01 19:06:02+02:00,terminal/src/test/java/com/termux/terminal/ResizeTest.java
Fredrik Fornwall,2017-04-01 19:06:02+02:00,terminal/src/test/java/com/termux/terminal/ScreenBufferTest.java
Fredrik Fornwall,2017-04-01 19:06:02+02:00,terminal/src/test/java/com/termux/terminal/ScrollRegionTest.java
Fredrik Fornwall,2017-04-01 19:06:02+02:00,terminal/src/test/java/com/termux/terminal/TerminalRowTest.java
Fredrik Fornwall,2017-04-01 19:06:02+02:00,terminal/src/test/java/com/termux/terminal/TerminalTest.java
Fredrik Fornwall,2017-04-01 19:06:02+02:00,terminal/src/test/java/com/termux/terminal/TerminalTestCase.java
Fredrik Fornwall,2017-04-01 19:06:02+02:00,terminal/src/test/java/com/termux/terminal/TextStyleTest.java
Fredrik Fornwall,2017-04-01 19:06:02+02:00,terminal/src/test/java/com/termux/terminal/UnicodeInputTest.java
Fredrik Fornwall,2017-04-01 19:06:02+02:00,terminal/src/test/java/com/termux/terminal/WcWidthTest.java
Fredrik Fornwall,2017-04-01 19:06:02+02:00,view/build.gradle
Fredrik Fornwall,2017-04-01 19:06:02+02:00,view/proguard-rules.pro
Fredrik Fornwall,2017-04-01 19:06:02+02:00,view/src/main/AndroidManifest.xml
Fredrik Fornwall,2017-04-01 19:06:02+02:00,view/src/main/java/com/termux/view/GestureAndScaleRecognizer.java
Fredrik Fornwall,2017-04-01 19:06:02+02:00,view/src/main/java/com/termux/view/TerminalKeyListener.java
Fredrik Fornwall,2017-04-01 19:06:02+02:00,view/src/main/java/com/termux/view/TerminalRenderer.java
Fredrik Fornwall,2017-04-01 19:06:02+02:00,view/src/main/java/com/termux/view/TerminalView.java
Fredrik Fornwall,2017-04-01 19:06:02+02:00,view/src/main/res/drawable-xxhdpi/text_select_handle_left_mtrl_alpha.png
Fredrik Fornwall,2017-04-01 19:06:02+02:00,view/src/main/res/drawable-xxhdpi/text_select_handle_right_mtrl_alpha.png
Fredrik Fornwall,2017-04-01 19:06:02+02:00,view/src/main/res/drawable/text_select_handle_left_material.xml
Fredrik Fornwall,2017-04-01 19:06:02+02:00,view/src/main/res/drawable/text_select_handle_right_material.xml
Fredrik Fornwall,2017-04-01 19:06:02+02:00,view/src/main/res/values/strings.xml
Fredrik Fornwall,2017-04-02 06:58:59+02:00,terminal/build.gradle
Fredrik Fornwall,2017-04-02 06:58:59+02:00,view/build.gradle
Fredrik Fornwall,2017-04-02 07:12:03+02:00,terminal/build.gradle
Fredrik Fornwall,2017-04-02 07:12:03+02:00,view/build.gradle
Fredrik Fornwall,2017-04-02 07:33:06+02:00,float/src/main/res/mipmap-hdpi/ic_launcher.png
Fredrik Fornwall,2017-04-02 07:33:06+02:00,float/src/main/res/mipmap-mdpi/ic_launcher.png
Fredrik Fornwall,2017-04-02 07:33:06+02:00,float/src/main/res/mipmap-xhdpi/ic_launcher.png
Fredrik Fornwall,2017-04-02 07:33:06+02:00,float/src/main/res/mipmap-xxhdpi/ic_launcher.png
Fredrik Fornwall,2017-04-02 07:33:06+02:00,float/src/main/res/mipmap-xxxhdpi/ic_launcher.png
Fredrik Fornwall,2017-04-02 14:07:19+02:00,view/src/main/java/com/termux/view/TerminalView.java
Fredrik Fornwall,2017-04-02 14:09:43+02:00,float/src/main/java/com/termux/window/TermuxFloatKeyListener.java
Fredrik Fornwall,2017-04-02 14:09:43+02:00,float/src/main/java/com/termux/window/TermuxFloatView.java
Fredrik Fornwall,2017-04-02 14:10:26+02:00,float/src/main/java/com/termux/window/TermuxFloatActivity.java
Fredrik Fornwall,2017-04-02 14:10:26+02:00,float/src/main/java/com/termux/window/TermuxFloatKeyListener.java
Fredrik Fornwall,2017-04-02 14:10:26+02:00,float/src/main/java/com/termux/window/TermuxFloatPermissionActivity.java
Fredrik Fornwall,2017-04-02 14:10:26+02:00,float/src/main/java/com/termux/window/TermuxFloatPrefs.java
Fredrik Fornwall,2017-04-02 14:10:26+02:00,float/src/main/java/com/termux/window/TermuxFloatService.java
Fredrik Fornwall,2017-04-02 14:10:26+02:00,float/src/main/java/com/termux/window/TermuxFloatView.java
Fredrik Fornwall,2017-04-02 14:21:36+02:00,.idea/gradle.xml
Fredrik Fornwall,2017-04-02 14:21:36+02:00,LICENSE.md
Fredrik Fornwall,2017-04-02 14:21:36+02:00,README.md
Fredrik Fornwall,2017-04-02 14:21:36+02:00,app/build.gradle
Fredrik Fornwall,2017-04-02 14:21:36+02:00,float/build.gradle
Fredrik Fornwall,2017-04-02 14:21:36+02:00,settings.gradle
Fredrik Fornwall,2017-04-02 14:21:36+02:00,terminal-emulator/build.gradle
Fredrik Fornwall,2017-04-02 14:21:36+02:00,terminal-emulator/proguard-rules.pro
Fredrik Fornwall,2017-04-02 14:21:36+02:00,terminal-emulator/src/main/AndroidManifest.xml
Fredrik Fornwall,2017-04-02 14:21:36+02:00,terminal-emulator/src/main/java/com/termux/terminal/ByteQueue.java
Fredrik Fornwall,2017-04-02 14:21:36+02:00,terminal-emulator/src/main/java/com/termux/terminal/EmulatorDebug.java
Fredrik Fornwall,2017-04-02 14:21:36+02:00,terminal-emulator/src/main/java/com/termux/terminal/JNI.java
Fredrik Fornwall,2017-04-02 14:21:36+02:00,terminal-emulator/src/main/java/com/termux/terminal/KeyHandler.java
Fredrik Fornwall,2017-04-02 14:21:36+02:00,terminal-emulator/src/main/java/com/termux/terminal/TerminalBuffer.java
Fredrik Fornwall,2017-04-02 14:21:36+02:00,terminal-emulator/src/main/java/com/termux/terminal/TerminalColorScheme.java
Fredrik Fornwall,2017-04-02 14:21:36+02:00,terminal-emulator/src/main/java/com/termux/terminal/TerminalColors.java
Fredrik Fornwall,2017-04-02 14:21:36+02:00,terminal-emulator/src/main/java/com/termux/terminal/TerminalEmulator.java
Fredrik Fornwall,2017-04-02 14:21:36+02:00,terminal-emulator/src/main/java/com/termux/terminal/TerminalOutput.java
Fredrik Fornwall,2017-04-02 14:21:36+02:00,terminal-emulator/src/main/java/com/termux/terminal/TerminalRow.java
Fredrik Fornwall,2017-04-02 14:21:36+02:00,terminal-emulator/src/main/java/com/termux/terminal/TerminalSession.java
Fredrik Fornwall,2017-04-02 14:21:36+02:00,terminal-emulator/src/main/java/com/termux/terminal/TextStyle.java
Fredrik Fornwall,2017-04-02 14:21:36+02:00,terminal-emulator/src/main/java/com/termux/terminal/WcWidth.java
Fredrik Fornwall,2017-04-02 14:21:36+02:00,terminal-emulator/src/main/jni/Android.mk
Fredrik Fornwall,2017-04-02 14:21:36+02:00,terminal-emulator/src/main/jni/termux.c
Fredrik Fornwall,2017-04-02 14:21:36+02:00,terminal-emulator/src/test/java/com/termux/terminal/ByteQueueTest.java
Fredrik Fornwall,2017-04-02 14:21:36+02:00,terminal-emulator/src/test/java/com/termux/terminal/ControlSequenceIntroducerTest.java
Fredrik Fornwall,2017-04-02 14:21:36+02:00,terminal-emulator/src/test/java/com/termux/terminal/CursorAndScreenTest.java
Fredrik Fornwall,2017-04-02 14:21:36+02:00,terminal-emulator/src/test/java/com/termux/terminal/DecSetTest.java
Fredrik Fornwall,2017-04-02 14:21:36+02:00,terminal-emulator/src/test/java/com/termux/terminal/DeviceControlStringTest.java
Fredrik Fornwall,2017-04-02 14:21:36+02:00,terminal-emulator/src/test/java/com/termux/terminal/HistoryTest.java
Fredrik Fornwall,2017-04-02 14:21:36+02:00,terminal-emulator/src/test/java/com/termux/terminal/KeyHandlerTest.java
Fredrik Fornwall,2017-04-02 14:21:36+02:00,terminal-emulator/src/test/java/com/termux/terminal/OperatingSystemControlTest.java
Fredrik Fornwall,2017-04-02 14:21:36+02:00,terminal-emulator/src/test/java/com/termux/terminal/RectangularAreasTest.java
Fredrik Fornwall,2017-04-02 14:21:36+02:00,terminal-emulator/src/test/java/com/termux/terminal/ResizeTest.java
Fredrik Fornwall,2017-04-02 14:21:36+02:00,terminal-emulator/src/test/java/com/termux/terminal/ScreenBufferTest.java
Fredrik Fornwall,2017-04-02 14:21:36+02:00,terminal-emulator/src/test/java/com/termux/terminal/ScrollRegionTest.java
Fredrik Fornwall,2017-04-02 14:21:36+02:00,terminal-emulator/src/test/java/com/termux/terminal/TerminalRowTest.java
Fredrik Fornwall,2017-04-02 14:21:36+02:00,terminal-emulator/src/test/java/com/termux/terminal/TerminalTest.java
Fredrik Fornwall,2017-04-02 14:21:36+02:00,terminal-emulator/src/test/java/com/termux/terminal/TerminalTestCase.java
Fredrik Fornwall,2017-04-02 14:21:36+02:00,terminal-emulator/src/test/java/com/termux/terminal/TextStyleTest.java
Fredrik Fornwall,2017-04-02 14:21:36+02:00,terminal-emulator/src/test/java/com/termux/terminal/UnicodeInputTest.java
Fredrik Fornwall,2017-04-02 14:21:36+02:00,terminal-emulator/src/test/java/com/termux/terminal/WcWidthTest.java
Fredrik Fornwall,2017-04-02 14:21:36+02:00,terminal-view/build.gradle
Fredrik Fornwall,2017-04-02 14:21:36+02:00,terminal-view/proguard-rules.pro
Fredrik Fornwall,2017-04-02 14:21:36+02:00,terminal-view/src/main/AndroidManifest.xml
Fredrik Fornwall,2017-04-02 14:21:36+02:00,terminal-view/src/main/java/com/termux/view/GestureAndScaleRecognizer.java
Fredrik Fornwall,2017-04-02 14:21:36+02:00,terminal-view/src/main/java/com/termux/view/TerminalKeyListener.java
Fredrik Fornwall,2017-04-02 14:21:36+02:00,terminal-view/src/main/java/com/termux/view/TerminalRenderer.java
Fredrik Fornwall,2017-04-02 14:21:36+02:00,terminal-view/src/main/java/com/termux/view/TerminalView.java
Fredrik Fornwall,2017-04-02 14:21:36+02:00,terminal-view/src/main/res/drawable-xxhdpi/text_select_handle_left_mtrl_alpha.png
Fredrik Fornwall,2017-04-02 14:21:36+02:00,terminal-view/src/main/res/drawable-xxhdpi/text_select_handle_right_mtrl_alpha.png
Fredrik Fornwall,2017-04-02 14:21:36+02:00,terminal-view/src/main/res/drawable/text_select_handle_left_material.xml
Fredrik Fornwall,2017-04-02 14:21:36+02:00,terminal-view/src/main/res/drawable/text_select_handle_right_material.xml
Fredrik Fornwall,2017-04-02 14:21:36+02:00,terminal-view/src/main/res/values/strings.xml
Fredrik Fornwall,2017-04-02 14:25:34+02:00,app/src/main/java/com/termux/app/TermuxActivity.java
Fredrik Fornwall,2017-04-02 14:25:34+02:00,app/src/main/java/com/termux/app/TermuxViewClient.java
Fredrik Fornwall,2017-04-02 14:25:34+02:00,float/src/main/java/com/termux/window/TermuxFloatView.java
Fredrik Fornwall,2017-04-02 14:25:34+02:00,float/src/main/java/com/termux/window/TermuxFloatViewClient.java
Fredrik Fornwall,2017-04-02 14:25:34+02:00,terminal-view/src/main/java/com/termux/view/TerminalView.java
Fredrik Fornwall,2017-04-02 14:25:34+02:00,terminal-view/src/main/java/com/termux/view/TerminalViewClient.java
Fredrik Fornwall,2017-04-02 14:46:00+02:00,float/src/main/java/com/termux/window/TermuxFloatService.java
Fredrik Fornwall,2017-04-02 14:46:47+02:00,float/src/main/java/com/termux/window/TermuxFloatView.java
Fredrik Fornwall,2017-04-02 14:46:47+02:00,float/src/main/java/com/termux/window/TermuxFloatViewClient.java
Fredrik Fornwall,2017-04-02 15:11:56+02:00,terminal-emulator/src/main/java/com/termux/terminal/TerminalBuffer.java
Fredrik Fornwall,2017-04-02 15:11:56+02:00,terminal-emulator/src/main/java/com/termux/terminal/TerminalRow.java
Fredrik Fornwall,2017-04-02 15:11:56+02:00,terminal-emulator/src/main/java/com/termux/terminal/TerminalSession.java
Fredrik Fornwall,2017-04-02 15:11:56+02:00,terminal-emulator/src/main/java/com/termux/terminal/TextStyle.java
Fredrik Fornwall,2017-04-04 20:56:19+02:00,terminal-view/src/main/java/com/termux/view/GestureAndScaleRecognizer.java
Fredrik Fornwall,2017-04-04 23:31:00+02:00,scripts/bintray-publish.gradle
Fredrik Fornwall,2017-04-04 23:31:00+02:00,terminal-emulator/build.gradle
Fredrik Fornwall,2017-04-04 23:31:00+02:00,terminal-view/build.gradle
Fredrik Fornwall,2017-04-04 23:39:05+02:00,float/build.gradle
Fredrik Fornwall,2017-04-04 23:39:05+02:00,float/proguard-rules.pro
Fredrik Fornwall,2017-04-04 23:39:05+02:00,float/src/main/AndroidManifest.xml
Fredrik Fornwall,2017-04-04 23:39:05+02:00,float/src/main/java/com/termux/window/TermuxFloatActivity.java
Fredrik Fornwall,2017-04-04 23:39:05+02:00,float/src/main/java/com/termux/window/TermuxFloatPermissionActivity.java
Fredrik Fornwall,2017-04-04 23:39:05+02:00,float/src/main/java/com/termux/window/TermuxFloatPrefs.java
Fredrik Fornwall,2017-04-04 23:39:05+02:00,float/src/main/java/com/termux/window/TermuxFloatService.java
Fredrik Fornwall,2017-04-04 23:39:05+02:00,float/src/main/java/com/termux/window/TermuxFloatView.java
Fredrik Fornwall,2017-04-04 23:39:05+02:00,float/src/main/java/com/termux/window/TermuxFloatViewClient.java
Fredrik Fornwall,2017-04-04 23:39:05+02:00,float/src/main/res/drawable/floating_window_background.xml
Fredrik Fornwall,2017-04-04 23:39:05+02:00,float/src/main/res/drawable/floating_window_background_resize.xml
Fredrik Fornwall,2017-04-04 23:39:05+02:00,float/src/main/res/layout/activity_main.xml
Fredrik Fornwall,2017-04-04 23:39:05+02:00,float/src/main/res/layout/activity_permission.xml
Fredrik Fornwall,2017-04-04 23:39:05+02:00,float/src/main/res/mipmap-hdpi/ic_launcher.png
Fredrik Fornwall,2017-04-04 23:39:05+02:00,float/src/main/res/mipmap-hdpi/ic_launcher_round.png
Fredrik Fornwall,2017-04-04 23:39:05+02:00,float/src/main/res/mipmap-hdpi/ic_service_notification.png
Fredrik Fornwall,2017-04-04 23:39:05+02:00,float/src/main/res/mipmap-mdpi/ic_launcher.png
Fredrik Fornwall,2017-04-04 23:39:05+02:00,float/src/main/res/mipmap-mdpi/ic_launcher_round.png
Fredrik Fornwall,2017-04-04 23:39:05+02:00,float/src/main/res/mipmap-xhdpi/ic_launcher.png
Fredrik Fornwall,2017-04-04 23:39:05+02:00,float/src/main/res/mipmap-xhdpi/ic_launcher_round.png
Fredrik Fornwall,2017-04-04 23:39:05+02:00,float/src/main/res/mipmap-xhdpi/ic_service_notification.png
Fredrik Fornwall,2017-04-04 23:39:05+02:00,float/src/main/res/mipmap-xxhdpi/ic_launcher.png
Fredrik Fornwall,2017-04-04 23:39:05+02:00,float/src/main/res/mipmap-xxhdpi/ic_launcher_round.png
Fredrik Fornwall,2017-04-04 23:39:05+02:00,float/src/main/res/mipmap-xxhdpi/ic_service_notification.png
Fredrik Fornwall,2017-04-04 23:39:05+02:00,float/src/main/res/mipmap-xxxhdpi/ic_launcher.png
Fredrik Fornwall,2017-04-04 23:39:05+02:00,float/src/main/res/mipmap-xxxhdpi/ic_launcher_round.png
Fredrik Fornwall,2017-04-04 23:39:05+02:00,float/src/main/res/mipmap-xxxhdpi/ic_service_notification.png
Fredrik Fornwall,2017-04-04 23:39:05+02:00,float/src/main/res/values/strings.xml
Fredrik Fornwall,2017-04-04 23:39:05+02:00,float/src/main/res/values/styles.xml
Fredrik Fornwall,2017-04-04 23:39:05+02:00,settings.gradle
Fredrik Fornwall,2017-04-05 09:09:48+02:00,.idea/gradle.xml
Fredrik Fornwall,2017-04-05 09:10:54+02:00,build.gradle
Fredrik Fornwall,2017-04-16 12:18:13+02:00,app/src/main/java/com/termux/app/ExtraKeysView.java
Will Lin,2017-04-18 20:13:47+08:00,app/src/main/AndroidManifest.xml
Fredrik Fornwall,2017-05-15 23:40:55+02:00,app/src/main/java/com/termux/app/BackgroundJob.java
Fredrik Fornwall,2017-05-15 23:42:13+02:00,app/src/main/java/com/termux/app/TermuxActivity.java
Fredrik Fornwall,2017-05-15 23:42:30+02:00,app/build.gradle
Fredrik Fornwall,2017-05-15 23:42:30+02:00,build.gradle
Fredrik Fornwall,2017-05-15 23:42:55+02:00,app/build.gradle
Fredrik Fornwall,2017-05-16 00:21:15+02:00,.travis.yml
Fredrik Fornwall,2017-05-16 11:11:57+02:00,terminal-emulator/build.gradle
Fredrik Fornwall,2017-05-16 11:11:57+02:00,terminal-view/build.gradle
Fredrik Fornwall,2017-05-18 13:25:41+02:00,app/build.gradle
Fredrik Fornwall,2017-05-18 13:25:41+02:00,app/src/main/AndroidManifest.xml
Jeff Smith,2017-06-03 00:14:20-05:00,terminal-emulator/src/test/java/com/termux/terminal/ControlSequenceIntroducerTest.java
Jeff Smith,2017-06-03 00:15:09-05:00,terminal-emulator/src/main/java/com/termux/terminal/TerminalEmulator.java
Jeff Smith,2017-06-03 17:45:36-05:00,terminal-emulator/src/test/java/com/termux/terminal/CursorAndScreenTest.java
Jeff Smith,2017-06-03 17:45:36-05:00,terminal-emulator/src/main/java/com/termux/terminal/TerminalEmulator.java
Fredrik Fornwall,2017-06-05 22:45:15+02:00,terminal-emulator/src/main/AndroidManifest.xml
Fredrik Fornwall,2017-06-05 22:45:15+02:00,terminal-view/src/main/AndroidManifest.xml
Fredrik Fornwall,2017-06-05 22:45:44+02:00,terminal-emulator/build.gradle
Fredrik Fornwall,2017-06-05 22:49:11+02:00,app/build.gradle
Fredrik Fornwall,2017-06-11 22:47:59+02:00,build.gradle
Fredrik Fornwall,2017-06-11 22:47:59+02:00,gradle/wrapper/gradle-wrapper.jar
Fredrik Fornwall,2017-06-11 22:47:59+02:00,gradle/wrapper/gradle-wrapper.properties
Steven Audette,2017-06-12 01:47:27-06:00,app/src/main/AndroidManifest.xml
Fredrik Fornwall,2017-06-13 16:44:33+02:00,app/build.gradle
Will Lin,2017-06-17 15:39:23+08:00,app/src/main/AndroidManifest.xml
Fredrik Fornwall,2017-06-26 01:28:18+02:00,terminal-emulator/src/main/java/com/termux/terminal/TerminalEmulator.java
Fredrik Fornwall,2017-06-26 01:29:05+02:00,terminal-view/src/main/java/com/termux/view/TerminalView.java
Fredrik Fornwall,2017-06-26 01:30:08+02:00,app/build.gradle
Fredrik Fornwall,2017-07-09 21:07:18+02:00,.travis.yml
Fredrik Fornwall,2017-07-09 21:07:18+02:00,app/build.gradle
Fredrik Fornwall,2017-07-09 21:07:18+02:00,gradle/wrapper/gradle-wrapper.jar
Fredrik Fornwall,2017-07-09 21:07:18+02:00,gradle/wrapper/gradle-wrapper.properties
Fredrik Fornwall,2017-07-09 21:07:18+02:00,gradlew
Fredrik Fornwall,2017-07-09 21:07:18+02:00,terminal-emulator/build.gradle
Fredrik Fornwall,2017-07-09 21:07:18+02:00,terminal-view/build.gradle
Fredrik Fornwall,2017-07-29 03:05:48+02:00,gradle/wrapper/gradle-wrapper.jar
Fredrik Fornwall,2017-07-29 03:05:48+02:00,gradle/wrapper/gradle-wrapper.properties
Fredrik Fornwall,2017-08-13 16:14:31+02:00,terminal-emulator/src/main/java/com/termux/terminal/TerminalEmulator.java
Fredrik Fornwall,2017-08-13 16:14:31+02:00,terminal-emulator/src/test/java/com/termux/terminal/ControlSequenceIntroducerTest.java
Fredrik Fornwall,2017-08-23 23:29:59+02:00,terminal-emulator/src/test/java/com/termux/terminal/ControlSequenceIntroducerTest.java
Fredrik Fornwall,2017-08-24 20:49:43+02:00,gradle/wrapper/gradle-wrapper.jar
Fredrik Fornwall,2017-08-24 20:49:43+02:00,gradle/wrapper/gradle-wrapper.properties
Auxilus,2017-09-05 10:43:30+05:30,README.md
S D Rausty,2017-09-11 13:23:22-04:00,README.md
Edward Betts,2017-09-13 16:16:08+01:00,app/src/main/java/com/termux/app/TermuxInstaller.java
Fredrik Fornwall,2017-09-17 11:47:12+02:00,.travis.yml
Fredrik Fornwall,2017-09-17 11:47:12+02:00,app/build.gradle
Fredrik Fornwall,2017-09-17 11:47:12+02:00,build.gradle
Fredrik Fornwall,2017-09-17 11:47:12+02:00,terminal-emulator/build.gradle
Fredrik Fornwall,2017-09-17 11:47:12+02:00,terminal-view/build.gradle
Auxilus,2017-09-26 18:14:19+02:00,app/src/main/java/com/termux/app/TermuxHelpActivity.java
Fredrik Fornwall,2017-10-28 11:05:43+02:00,app/build.gradle
Fredrik Fornwall,2017-10-28 11:05:43+02:00,gradle/wrapper/gradle-wrapper.jar
Fredrik Fornwall,2017-10-28 11:05:43+02:00,gradle/wrapper/gradle-wrapper.properties
Fredrik Fornwall,2017-10-28 11:05:43+02:00,terminal-emulator/build.gradle
Fredrik Fornwall,2017-10-28 11:05:43+02:00,terminal-view/build.gradle
Fredrik Fornwall,2017-10-28 11:05:43+02:00,.travis.yml
Fredrik Fornwall,2017-10-28 11:05:43+02:00,terminal-emulator/src/main/java/com/termux/terminal/TerminalEmulator.java
Fredrik Fornwall,2017-10-28 11:05:43+02:00,terminal-emulator/src/test/java/com/termux/terminal/ScrollRegionTest.java
Fredrik Fornwall,2017-10-28 11:05:43+02:00,.travis.yml
Fredrik Fornwall,2017-10-28 11:05:43+02:00,app/build.gradle
Fredrik Fornwall,2017-10-28 11:05:43+02:00,build.gradle
Fredrik Fornwall,2017-10-28 11:05:43+02:00,terminal-emulator/build.gradle
Fredrik Fornwall,2017-10-28 11:05:43+02:00,terminal-view/build.gradle
Fredrik Fornwall,2017-10-28 11:05:43+02:00,terminal-emulator/src/test/java/com/termux/terminal/TerminalRowTest.java
Fredrik Fornwall,2017-10-28 11:05:43+02:00,terminal-emulator/src/test/java/com/termux/terminal/TerminalTestCase.java
Fredrik Fornwall,2017-10-28 16:19:58+02:00,app/src/main/java/com/termux/app/TermuxOpenReceiver.java
Fredrik Fornwall,2017-10-31 19:07:00+01:00,gradle/wrapper/gradle-wrapper.jar
Fredrik Fornwall,2017-10-31 19:07:00+01:00,gradle/wrapper/gradle-wrapper.properties
Fredrik Fornwall,2017-11-01 21:15:41+01:00,app/src/main/java/com/termux/app/TermuxService.java
Fredrik Fornwall,2017-11-02 01:56:42+01:00,app/build.gradle
Fredrik Fornwall,2017-11-04 23:38:49+01:00,app/build.gradle
Fredrik Fornwall,2017-11-04 23:38:49+01:00,app/src/main/java/com/termux/app/TermuxService.java
Fredrik Fornwall,2017-11-07 04:13:26+01:00,app/build.gradle
Fredrik Fornwall,2017-11-07 04:13:26+01:00,terminal-emulator/build.gradle
Fredrik Fornwall,2017-11-07 04:13:26+01:00,terminal-view/build.gradle
Fredrik Fornwall,2017-11-07 04:25:48+01:00,scripts/bintray-publish.gradle
Fredrik Fornwall,2017-11-07 04:25:48+01:00,terminal-emulator/build.gradle
Fredrik Fornwall,2017-11-07 04:25:48+01:00,terminal-view/build.gradle
Fredrik Fornwall,2017-11-12 22:30:09+01:00,.travis.yml
Fredrik Fornwall,2017-11-12 23:06:28+01:00,app/src/main/java/com/termux/app/TermuxActivity.java
Lauri Tirkkonen,2017-11-12 23:44:14+01:00,app/src/main/java/com/termux/app/TermuxService.java
Fredrik Fornwall,2017-11-19 15:27:00+01:00,app/build.gradle
Fredrik Fornwall,2017-11-19 15:27:00+01:00,gradle/wrapper/gradle-wrapper.jar
Fredrik Fornwall,2017-11-19 15:27:00+01:00,gradle/wrapper/gradle-wrapper.properties
Fredrik Fornwall,2017-11-19 15:27:00+01:00,terminal-emulator/build.gradle
Fredrik Fornwall,2017-11-19 15:27:00+01:00,terminal-view/build.gradle
Fredrik Fornwall,2017-11-19 15:27:17+01:00,app/build.gradle
Fredrik Fornwall,2017-11-19 20:53:56+01:00,app/proguard-rules.pro
Fredrik Fornwall,2017-11-19 20:54:16+01:00,app/build.gradle
Fredrik Fornwall,2017-11-22 01:27:14+01:00,app/src/main/java/com/termux/app/TermuxActivity.java
Fredrik Fornwall,2017-11-24 23:11:55+01:00,build.gradle
Fredrik Fornwall,2017-11-25 22:58:23+01:00,app/src/main/java/com/termux/app/ExtraKeysView.java
Fredrik Fornwall,2017-11-25 22:58:46+01:00,app/build.gradle
Fredrik Fornwall,2017-11-25 22:59:03+01:00,app/src/main/AndroidManifest.xml
Fredrik Fornwall,2017-11-26 00:50:13+01:00,terminal-view/src/main/java/com/termux/view/TerminalView.java
Fredrik Fornwall,2017-11-26 00:56:13+01:00,app/src/main/java/com/termux/app/TermuxService.java
Fredrik Fornwall,2017-12-07 01:12:39+01:00,app/build.gradle
Fredrik Fornwall,2017-12-07 01:12:39+01:00,terminal-emulator/build.gradle
Fredrik Fornwall,2017-12-07 01:12:39+01:00,terminal-view/build.gradle
Fredrik Fornwall,2017-12-07 01:36:29+01:00,terminal-view/src/main/java/com/termux/view/GestureAndScaleRecognizer.java
Fredrik Fornwall,2017-12-07 01:39:43+01:00,app/src/main/AndroidManifest.xml
Fredrik Fornwall,2017-12-07 01:45:30+01:00,.travis.yml
Fredrik Fornwall,2017-12-07 01:46:16+01:00,app/src/main/java/com/termux/app/FullScreenHelper.java
Fredrik Fornwall,2017-12-07 01:46:16+01:00,app/src/main/java/com/termux/app/TermuxActivity.java
Fredrik Fornwall,2017-12-07 01:46:16+01:00,app/src/main/java/com/termux/app/TermuxPreferences.java
Fredrik Fornwall,2017-12-07 01:46:16+01:00,app/src/main/java/com/termux/app/TermuxViewClient.java
Fredrik Fornwall,2017-12-07 01:46:16+01:00,app/src/main/res/layout/drawer_layout.xml
Fredrik Fornwall,2017-12-07 01:46:16+01:00,app/src/main/res/values/strings.xml
Fredrik Fornwall,2017-12-07 01:46:16+01:00,app/src/main/res/values/styles.xml
Fredrik Fornwall,2017-12-07 01:48:51+01:00,app/build.gradle
Fredrik Fornwall,2017-12-07 10:25:02+01:00,app/build.gradle
Fredrik Fornwall,2017-12-08 23:30:45+01:00,app/src/main/AndroidManifest.xml
Fredrik Fornwall,2017-12-08 23:32:44+01:00,app/build.gradle
Fredrik Fornwall,2017-12-09 00:58:31+01:00,terminal-emulator/src/main/java/com/termux/terminal/TerminalEmulator.java
Fredrik Fornwall,2017-12-09 00:58:31+01:00,terminal-emulator/src/test/java/com/termux/terminal/TerminalTest.java
Fredrik Fornwall,2017-12-09 00:59:19+01:00,app/build.gradle
Fredrik Fornwall,2018-01-01 23:16:43+01:00,.travis.yml
Marcel Dopita,2018-01-01 23:17:22+01:00,app/src/main/res/drawable/ic_service_notification.xml
Fredrik Fornwall,2018-01-26 01:00:37+01:00,app/build.gradle
Fredrik Fornwall,2018-02-06 23:30:28+01:00,app/build.gradle
Fredrik Fornwall,2018-02-06 23:30:28+01:00,terminal-view/build.gradle
RangerMauve,2018-03-10 22:55:10+01:00,terminal-view/src/main/java/com/termux/view/TerminalRenderer.java
Fredrik Fornwall,2018-04-02 00:40:16+02:00,.travis.yml
Fredrik Fornwall,2018-04-02 00:40:16+02:00,app/build.gradle
Fredrik Fornwall,2018-04-02 00:40:16+02:00,build.gradle
Fredrik Fornwall,2018-04-02 00:40:16+02:00,gradle/wrapper/gradle-wrapper.jar
Fredrik Fornwall,2018-04-02 00:40:16+02:00,gradle/wrapper/gradle-wrapper.properties
Fredrik Fornwall,2018-04-02 00:40:16+02:00,terminal-emulator/build.gradle
Fredrik Fornwall,2018-04-02 00:40:16+02:00,terminal-view/build.gradle
Fredrik Fornwall,2018-04-02 00:58:02+02:00,app/build.gradle
Fredrik Fornwall,2018-04-02 00:58:02+02:00,terminal-emulator/build.gradle
Fredrik Fornwall,2018-04-02 00:58:02+02:00,terminal-view/build.gradle
Fredrik Fornwall,2018-04-02 01:38:47+02:00,.gitignore
Fredrik Fornwall,2018-06-11 12:23:52+02:00,build.gradle
Jonas L,2018-06-11 12:26:35+02:00,build.gradle
l-jonas,2018-06-11 12:26:35+02:00,build.gradle
easyaspi314 (Devin),2018-06-13 22:45:37+02:00,terminal-emulator/src/main/java/com/termux/terminal/TerminalEmulator.java
easyaspi314 (Devin),2018-06-13 22:45:37+02:00,terminal-emulator/src/main/java/com/termux/terminal/TerminalEmulator.java
Fredrik Fornwall,2018-06-14 23:58:41+02:00,build.gradle
Fredrik Fornwall,2018-06-14 23:58:41+02:00,gradle/wrapper/gradle-wrapper.jar
Fredrik Fornwall,2018-06-14 23:58:41+02:00,gradle/wrapper/gradle-wrapper.properties
Fredrik Fornwall,2018-06-15 00:19:47+02:00,app/src/main/java/com/termux/filepicker/TermuxDocumentsProvider.java
Fredrik Fornwall,2018-06-15 00:21:27+02:00,app/build.gradle
Fredrik Fornwall,2018-06-15 00:22:52+02:00,app/build.gradle
Fredrik Fornwall,2018-06-15 00:22:52+02:00,terminal-view/build.gradle
David Kramer,2018-06-18 13:06:34-06:00,app/src/main/java/com/termux/app/TermuxActivity.java
Michał Bednarski,2018-06-22 00:21:31+02:00,terminal-emulator/src/main/java/com/termux/terminal/TerminalRow.java
david,2018-06-22 00:29:51+02:00,app/src/main/java/com/termux/app/ExtraKeysView.java
david,2018-06-22 00:29:51+02:00,app/src/main/res/layout/drawer_layout.xml
david,2018-06-22 00:29:51+02:00,terminal-view/src/main/java/com/termux/view/TerminalView.java
david,2018-06-22 00:29:51+02:00,app/src/main/java/com/termux/app/ExtraKeysView.java
xqdoo00o,2018-06-22 00:29:51+02:00,app/src/main/java/com/termux/app/ExtraKeysView.java
david,2018-06-22 00:29:51+02:00,app/src/main/java/com/termux/app/ExtraKeysView.java
xqdoo00o,2018-06-22 00:29:51+02:00,app/src/main/java/com/termux/app/ExtraKeysView.java
David xu,2018-06-22 00:29:51+02:00,app/src/main/java/com/termux/app/ExtraKeysView.java
David xu,2018-06-22 00:29:51+02:00,app/src/main/java/com/termux/app/ExtraKeysView.java
David xu,2018-06-22 00:29:51+02:00,terminal-view/src/main/java/com/termux/view/TerminalView.java
David xu,2018-06-22 00:29:51+02:00,app/src/main/java/com/termux/app/ExtraKeysView.java
Quasic,2018-06-22 00:33:35+02:00,app/src/main/java/com/termux/app/TermuxInstaller.java
Quasic,2018-06-22 00:33:35+02:00,app/src/main/java/com/termux/app/TermuxInstaller.java
Quasic,2018-06-22 00:33:35+02:00,app/src/main/java/com/termux/app/TermuxInstaller.java
Quasic,2018-06-22 00:33:35+02:00,app/src/main/java/com/termux/app/TermuxInstaller.java
Quasic,2018-06-22 00:33:35+02:00,app/src/main/java/com/termux/app/TermuxInstaller.java
Tom Yan,2018-06-22 01:11:51+02:00,app/src/main/java/com/termux/app/BackgroundJob.java
Fredrik Fornwall,2018-06-24 01:56:43+02:00,app/build.gradle
Leonid Plyushch,2018-06-25 14:08:28+02:00,app/src/main/java/com/termux/app/TermuxInstaller.java
Fredrik Fornwall,2018-06-25 14:08:50+02:00,app/build.gradle
Matthew Klein,2018-06-28 11:57:12+02:00,.gitattributes
David xu,2018-06-29 12:30:02+02:00,app/src/main/java/com/termux/app/ExtraKeysView.java
Peter Vágner,2018-06-29 12:31:15+02:00,terminal-view/src/main/java/com/termux/view/TerminalView.java
Peter Vágner,2018-06-29 12:31:15+02:00,terminal-view/src/main/java/com/termux/view/TerminalView.java
Peter Vágner,2018-06-29 12:31:15+02:00,terminal-view/src/main/java/com/termux/view/TerminalView.java
Leonid Plyushch,2018-07-01 18:00:54+02:00,app/src/main/java/com/termux/app/TermuxInstaller.java
Fredrik Fornwall,2018-07-02 00:05:04+02:00,app/build.gradle
Ico Doornekamp,2018-08-02 00:36:44+02:00,terminal-view/src/main/java/com/termux/view/TerminalView.java
Fredrik Fornwall,2018-08-02 00:38:21+02:00,app/build.gradle
Lokesh Krishna,2018-08-02 00:41:18+02:00,app/src/main/res/mipmap-anydpi-v26/ic_launcher.xml
Lokesh Krishna,2018-08-02 00:41:18+02:00,app/src/main/res/mipmap/ic_background.png
Lokesh Krishna,2018-08-02 00:41:18+02:00,app/src/main/res/mipmap/ic_foreground.png
Lokesh Krishna,2018-08-06 21:53:30+02:00,app/src/main/res/mipmap/ic_background.png
Lokesh Krishna,2018-08-06 21:53:30+02:00,app/src/main/res/mipmap/ic_foreground.png
Leonid Plyushch,2018-08-11 23:09:16+02:00,app/src/main/java/com/termux/app/TermuxActivity.java
Fredrik Fornwall,2018-08-14 01:07:51+02:00,app/build.gradle
Fredrik Fornwall,2018-08-14 01:07:51+02:00,build.gradle
Fredrik Fornwall,2018-08-26 01:07:33+02:00,app/src/main/AndroidManifest.xml
neverwin,2018-08-28 02:34:36+02:00,app/src/main/java/com/termux/app/ExtraKeysView.java
neverwin,2018-08-28 02:34:36+02:00,app/src/main/java/com/termux/app/TermuxActivity.java
neverwin,2018-08-28 02:34:36+02:00,app/src/main/java/com/termux/app/TermuxPreferences.java
Henrik Grimler,2018-08-28 02:34:36+02:00,app/src/main/java/com/termux/app/ExtraKeysView.java
Henrik Grimler,2018-08-28 02:34:36+02:00,app/src/main/java/com/termux/app/TermuxPreferences.java
Henrik Grimler,2018-08-28 02:34:36+02:00,app/src/main/java/com/termux/app/ExtraKeysView.java
Henrik Grimler,2018-08-28 02:34:36+02:00,app/src/main/java/com/termux/app/ExtraKeysView.java
Henrik Grimler,2018-08-28 02:34:36+02:00,app/src/main/java/com/termux/app/ExtraKeysView.java
Henrik Grimler,2018-08-28 02:34:36+02:00,app/src/main/java/com/termux/app/ExtraKeysView.java
Robert Vanden Eynde,2018-08-28 02:34:36+02:00,app/src/main/java/com/termux/app/ExtraKeysView.java
Robert Vanden Eynde,2018-08-28 02:34:36+02:00,app/src/main/java/com/termux/app/ExtraKeysView.java
Robert Vanden Eynde,2018-08-28 02:34:36+02:00,app/src/main/java/com/termux/app/ExtraKeysView.java
Robert Vanden Eynde,2018-08-28 02:34:36+02:00,app/src/main/java/com/termux/app/ExtraKeysView.java
Robert Vanden Eynde,2018-08-28 02:34:36+02:00,app/src/main/java/com/termux/app/TermuxActivity.java
Robert Vanden Eynde,2018-08-28 02:34:36+02:00,app/src/main/java/com/termux/app/TermuxPreferences.java
Henrik Grimler,2018-08-28 02:34:36+02:00,app/src/main/java/com/termux/app/ExtraKeysView.java
Henrik Grimler,2018-08-28 02:34:36+02:00,app/src/main/java/com/termux/app/ExtraKeysView.java
Henrik Grimler,2018-08-28 02:34:36+02:00,app/src/main/java/com/termux/app/ExtraKeysView.java
Robert Vanden Eynde,2018-08-28 02:34:36+02:00,app/src/main/java/com/termux/app/ExtraKeysView.java
Henrik Grimler,2018-08-28 02:34:36+02:00,app/src/main/java/com/termux/app/ExtraKeysView.java
Robert Vanden Eynde,2018-08-28 02:34:36+02:00,app/src/main/java/com/termux/app/TermuxPreferences.java
Henrik Grimler,2018-08-28 02:34:36+02:00,app/src/main/java/com/termux/app/TermuxPreferences.java
Robert Vanden Eynde,2018-08-28 02:34:36+02:00,app/src/main/java/com/termux/app/ExtraKeysView.java
Robert Vanden Eynde,2018-08-28 02:34:36+02:00,app/src/main/java/com/termux/app/TermuxPreferences.java
Leonid Plyushch,2018-08-28 02:37:03+02:00,app/src/main/java/com/termux/app/TermuxActivity.java
Leonid Plyushch,2018-08-28 02:37:03+02:00,app/src/main/java/com/termux/app/TermuxService.java
Leonid Plyushch,2018-08-28 02:39:41+02:00,app/src/main/res/layout/drawer_layout.xml
Leonid Plyushch,2018-08-28 02:39:41+02:00,app/src/main/res/layout/drawer_layout.xml
Fredrik Fornwall,2018-08-28 02:50:52+02:00,app/build.gradle
Fredrik Fornwall,2018-08-28 02:50:52+02:00,terminal-emulator/build.gradle
Fredrik Fornwall,2018-08-28 02:50:52+02:00,terminal-view/build.gradle
Fredrik Fornwall,2018-08-28 02:51:11+02:00,app/src/main/java/com/termux/app/TermuxActivity.java
Matthew Klein,2018-08-29 13:54:09+02:00,.travis.yml
Matthew Klein,2018-08-29 13:54:09+02:00,.travis.yml
Matthew Klein,2018-08-30 13:51:24+02:00,.editorconfig
Fredrik Fornwall,2018-09-23 16:57:58+02:00,README.md
Fredrik Fornwall,2018-09-29 00:17:25+02:00,.idea/codeStyleSettings.xml
Fredrik Fornwall,2018-09-29 00:17:25+02:00,.idea/gradle.xml
Fredrik Fornwall,2018-09-29 00:17:25+02:00,.idea/inspectionProfiles/Project_Default.xml
Fredrik Fornwall,2018-09-29 00:17:25+02:00,.idea/inspectionProfiles/profiles_settings.xml
Fredrik Fornwall,2018-09-29 00:17:25+02:00,.idea/runConfigurations.xml
Fredrik Fornwall,2018-09-29 00:22:22+02:00,.gitignore
Fredrik Fornwall,2018-09-29 00:22:44+02:00,build.gradle
Fredrik Fornwall,2018-09-29 00:25:24+02:00,gradle/wrapper/gradle-wrapper.jar
Fredrik Fornwall,2018-09-29 00:25:24+02:00,gradle/wrapper/gradle-wrapper.properties
Fredrik Fornwall,2018-09-29 00:27:25+02:00,.travis.yml
Fredrik Fornwall,2018-09-29 00:32:43+02:00,.travis.yml
Fredrik Fornwall,2018-09-29 00:49:05+02:00,app/build.gradle
Fredrik Fornwall,2018-09-29 00:49:05+02:00,app/src/main/java/com/termux/app/DialogUtils.java
Fredrik Fornwall,2018-09-29 00:49:05+02:00,app/src/main/java/com/termux/app/ExtraKeysView.java
Fredrik Fornwall,2018-09-29 00:49:05+02:00,app/src/main/java/com/termux/app/TermuxActivity.java
Fredrik Fornwall,2018-09-29 00:49:05+02:00,app/src/main/java/com/termux/app/TermuxInstaller.java
Fredrik Fornwall,2018-09-29 00:49:05+02:00,app/src/main/java/com/termux/app/TermuxService.java
Fredrik Fornwall,2018-09-29 00:49:05+02:00,app/src/main/java/com/termux/filepicker/TermuxFileReceiverActivity.java
Fredrik Fornwall,2018-09-29 00:49:05+02:00,terminal-emulator/build.gradle
Fredrik Fornwall,2018-09-29 00:49:05+02:00,terminal-emulator/src/test/java/com/termux/terminal/ByteQueueTest.java
Fredrik Fornwall,2018-09-29 00:49:05+02:00,terminal-emulator/src/test/java/com/termux/terminal/CursorAndScreenTest.java
Fredrik Fornwall,2018-09-29 00:49:05+02:00,terminal-emulator/src/test/java/com/termux/terminal/TextStyleTest.java
Fredrik Fornwall,2018-09-29 00:49:05+02:00,terminal-emulator/src/test/java/com/termux/terminal/WcWidthTest.java
Fredrik Fornwall,2018-09-29 00:49:05+02:00,terminal-view/build.gradle
Fredrik Fornwall,2018-10-02 21:54:03+02:00,app/src/main/AndroidManifest.xml
Fredrik Fornwall,2018-10-02 21:54:03+02:00,app/src/main/res/mipmap-hdpi/ic_launcher_round.png
Fredrik Fornwall,2018-10-02 21:54:03+02:00,app/src/main/res/mipmap-mdpi/ic_launcher_round.png
Fredrik Fornwall,2018-10-02 21:54:03+02:00,app/src/main/res/mipmap-xhdpi/ic_launcher_round.png
Fredrik Fornwall,2018-10-02 21:54:03+02:00,app/src/main/res/mipmap-xxhdpi/ic_launcher_round.png
Fredrik Fornwall,2018-10-02 21:54:03+02:00,app/src/main/res/mipmap-xxxhdpi/ic_launcher_round.png
Fredrik Fornwall,2018-10-02 21:54:03+02:00,art/ic_launcher_round.svg
Fredrik Fornwall,2018-10-07 20:08:41+02:00,app/src/main/java/com/termux/app/ExtraKeysView.java
Markus Gräb,2018-10-25 23:31:38+02:00,app/src/main/java/com/termux/app/TermuxPreferences.java
Fredrik Fornwall,2018-11-08 22:28:37+01:00,terminal-emulator/src/main/jni/termux.c
Fredrik Fornwall,2018-11-08 22:31:06+01:00,terminal-emulator/src/main/jni/termux.c
Fredrik Fornwall,2018-11-10 23:16:27+01:00,build.gradle
Fredrik Fornwall,2018-11-10 23:16:54+01:00,app/src/main/java/com/termux/app/BackgroundJob.java
Fredrik Fornwall,2018-11-10 23:16:54+01:00,app/src/main/java/com/termux/app/TermuxActivity.java
Fredrik Fornwall,2018-11-14 00:21:59+01:00,app/src/main/res/drawable/ic_background.xml
Fredrik Fornwall,2018-11-14 00:21:59+01:00,app/src/main/res/drawable/ic_foreground.xml
Fredrik Fornwall,2018-11-14 00:21:59+01:00,app/src/main/res/mipmap-anydpi-v26/ic_launcher.xml
Fredrik Fornwall,2018-11-14 00:21:59+01:00,app/src/main/res/mipmap/ic_background.png
Fredrik Fornwall,2018-11-14 00:21:59+01:00,app/src/main/res/mipmap/ic_foreground.png
Fredrik Fornwall,2018-11-17 22:50:27+01:00,app/src/main/java/com/termux/app/TermuxInstaller.java
Fredrik Fornwall,2018-11-17 23:19:22+01:00,app/src/main/AndroidManifest.xml
Fredrik Fornwall,2018-11-17 23:19:22+01:00,app/src/main/java/com/termux/filepicker/TermuxDocumentsProvider.java
Fredrik Fornwall,2018-11-17 23:19:22+01:00,app/src/main/res/drawable-anydpi-v26/ic_launcher.xml
Fredrik Fornwall,2018-11-17 23:19:22+01:00,app/src/main/res/drawable/ic_launcher.xml
Fredrik Fornwall,2018-11-17 23:19:22+01:00,app/src/main/res/mipmap-hdpi/ic_launcher.png
Fredrik Fornwall,2018-11-17 23:19:22+01:00,app/src/main/res/mipmap-mdpi/ic_launcher.png
Fredrik Fornwall,2018-11-17 23:19:22+01:00,app/src/main/res/mipmap-xhdpi/ic_launcher.png
Fredrik Fornwall,2018-11-17 23:19:22+01:00,app/src/main/res/mipmap-xxhdpi/ic_launcher.png
Fredrik Fornwall,2018-11-17 23:19:22+01:00,app/src/main/res/mipmap-xxxhdpi/ic_launcher.png
Fredrik Fornwall,2018-11-17 23:26:26+01:00,.gitignore
Fredrik Fornwall,2018-11-17 23:34:14+01:00,app/src/main/res/drawable-anydpi-v26/ic_launcher.xml
Fredrik Fornwall,2018-11-17 23:34:14+01:00,app/src/main/res/drawable/ic_background.xml
Fredrik Fornwall,2018-11-23 02:12:57+01:00,app/src/main/res/drawable/ic_foreground.xml
Fredrik Fornwall,2018-11-23 02:12:57+01:00,app/src/main/res/drawable/ic_launcher.xml
Fredrik Fornwall,2018-11-23 02:22:38+01:00,art/generate-big-icon.sh
Fredrik Fornwall,2019-01-10 23:58:18+01:00,art/copy-to-other-apps.sh
Trygve Aaberge,2019-01-11 00:32:22+01:00,app/src/main/res/layout/drawer_layout.xml
Fredrik Fornwall,2019-01-11 00:36:47+01:00,art/generate-big-icon.sh
Fredrik Fornwall,2019-01-11 21:19:06+01:00,app/build.gradle
Fredrik Fornwall,2019-01-11 21:19:06+01:00,app/src/main/java/com/termux/app/ExtraKeysView.java
Fredrik Fornwall,2019-01-11 21:19:06+01:00,app/src/main/java/com/termux/app/TermuxActivity.java
Fredrik Fornwall,2019-01-11 21:19:06+01:00,app/src/main/java/com/termux/app/TermuxOpenReceiver.java
Fredrik Fornwall,2019-01-11 21:19:06+01:00,app/src/main/java/com/termux/app/TermuxPreferences.java
Fredrik Fornwall,2019-01-11 21:19:06+01:00,app/src/main/java/com/termux/app/TermuxViewClient.java
Fredrik Fornwall,2019-01-11 21:19:06+01:00,app/src/main/res/layout/drawer_layout.xml
Fredrik Fornwall,2019-01-11 21:19:06+01:00,terminal-view/build.gradle
Fredrik Fornwall,2019-01-11 21:19:06+01:00,terminal-view/src/main/java/com/termux/view/TerminalView.java
Henrik Grimler,2019-01-20 23:46:20+01:00,.github/ISSUE_TEMPLATE/bug_report.md
Henrik Grimler,2019-01-20 23:46:20+01:00,.github/ISSUE_TEMPLATE/feature_request.md
Fredrik Fornwall,2019-01-20 23:48:23+01:00,app/src/main/java/com/termux/app/TermuxOpenReceiver.java
Fredrik Fornwall,2019-01-20 23:49:03+01:00,build.gradle
Fredrik Fornwall,2019-01-20 23:50:49+01:00,app/src/main/java/com/termux/app/TermuxPreferences.java
Fredrik Fornwall,2019-01-20 23:58:04+01:00,terminal-emulator/src/test/java/com/termux/terminal/TerminalTestCase.java
Fredrik Fornwall,2019-01-21 00:12:07+01:00,app/src/main/java/com/termux/app/TermuxActivity.java
Leonid Plyushch,2019-01-21 00:24:49+01:00,app/src/main/java/com/termux/app/TermuxActivity.java
Leonid Plyushch,2019-01-21 00:24:49+01:00,app/src/main/java/com/termux/app/TermuxPreferences.java
Leonid Plyushch,2019-01-21 00:24:49+01:00,app/src/main/res/values/strings.xml
Fredrik Fornwall,2019-01-21 00:33:03+01:00,app/src/main/java/com/termux/app/TermuxActivity.java
Fredrik Fornwall,2019-01-21 00:33:03+01:00,app/src/main/java/com/termux/app/TermuxPreferences.java
Fredrik Fornwall,2019-01-21 00:34:02+01:00,app/src/main/java/com/termux/app/TermuxActivity.java
Fredrik Fornwall,2019-01-21 00:37:39+01:00,app/build.gradle
Fredrik Fornwall,2019-01-21 00:52:24+01:00,app/src/main/java/com/termux/app/TermuxViewClient.java
Fredrik Fornwall,2019-02-03 22:38:55+01:00,gradle/wrapper/gradle-wrapper.jar
Fredrik Fornwall,2019-02-03 22:38:55+01:00,gradle/wrapper/gradle-wrapper.properties
Fredrik Fornwall,2019-02-03 22:38:55+01:00,gradlew
Fredrik Fornwall,2019-02-03 22:38:55+01:00,gradlew.bat
Leonid Plyushch,2019-02-05 23:26:08+01:00,app/src/main/java/com/termux/app/ExtraKeysView.java
iamahuman,2019-02-05 23:27:25+01:00,terminal-emulator/src/main/java/com/termux/terminal/TerminalBuffer.java
iamahuman,2019-02-05 23:27:25+01:00,terminal-emulator/src/main/java/com/termux/terminal/TerminalEmulator.java
iamahuman,2019-02-05 23:27:25+01:00,terminal-emulator/src/test/java/com/termux/terminal/ControlSequenceIntroducerTest.java
iamahuman,2019-02-05 23:27:25+01:00,terminal-view/src/main/java/com/termux/view/TerminalView.java
Fredrik Fornwall,2019-02-09 23:14:44+01:00,app/src/main/java/com/termux/app/TermuxActivity.java
Tom Yan,2019-02-13 22:50:29+01:00,app/src/main/java/com/termux/app/TermuxOpenReceiver.java
Yuvraj Saxena,2019-02-19 20:22:26+02:00,app/src/main/java/com/termux/app/TermuxPreferences.java
Leonid Plyushch,2019-02-24 22:01:22+02:00,app/src/main/res/layout/extra_keys_right.xml
Leonid Plyushch,2019-02-24 22:01:31+02:00,app/src/main/java/com/termux/app/TermuxActivity.java
Fredrik Fornwall,2019-04-03 23:02:31+02:00,build.gradle
Fredrik Fornwall,2019-04-03 23:02:31+02:00,app/src/main/java/com/termux/app/TermuxInstaller.java
Fredrik Fornwall,2019-04-03 23:20:08+02:00,app/src/main/java/com/termux/app/BackgroundJob.java
Leonid Plyushch,2019-04-07 20:51:25+02:00,app/src/main/AndroidManifest.xml
Leonid Plyushch,2019-04-07 20:51:25+02:00,app/src/main/java/com/termux/app/TermuxActivity.java
Leonid Plyushch,2019-04-07 20:51:25+02:00,app/src/main/java/com/termux/app/TermuxFailsafeActivity.java
Leonid Plyushch,2019-04-07 20:51:25+02:00,app/src/main/res/values/strings.xml
Leonid Plyushch,2019-04-07 20:53:38+02:00,app/src/main/java/com/termux/app/TermuxService.java
Fredrik Fornwall,2019-04-08 19:06:57+02:00,app/src/main/java/com/termux/app/TermuxInstaller.java
Fredrik Fornwall,2019-04-14 20:55:52+02:00,app/build.gradle
Leonid Plyushch,2019-04-17 03:13:32+03:00,app/src/main/java/com/termux/app/ExtraKeysView.java
Leonid Plyushch,2019-04-18 20:22:40+03:00,app/src/main/res/values/strings.xml
Fredrik Fornwall,2019-04-21 20:19:34+02:00,app/src/main/AndroidManifest.xml
Fredrik Fornwall,2019-04-22 00:54:27+02:00,app/build.gradle
Michal Bednarski,2019-05-12 00:10:27+02:00,app/src/main/java/com/termux/app/BackgroundJob.java
Jonas L,2019-05-12 00:13:54+02:00,app/src/main/java/com/termux/app/BellUtil.java
Jonas L,2019-05-12 00:13:54+02:00,app/src/main/java/com/termux/app/TermuxActivity.java
Fredrik Fornwall,2019-05-12 00:17:16+02:00,build.gradle
Fredrik Fornwall,2019-05-12 00:18:02+02:00,app/build.gradle
Nishith Khanna,2019-05-20 13:27:58+02:00,app/src/main/java/com/termux/app/TermuxService.java
Fredrik Fornwall,2019-05-20 13:32:03+02:00,app/src/main/AndroidManifest.xml
Fredrik Fornwall,2019-05-20 13:32:03+02:00,app/src/main/java/com/termux/app/TermuxActivity.java
Fredrik Fornwall,2019-05-20 13:32:03+02:00,app/src/main/java/com/termux/app/TermuxFailsafeActivity.java
Fredrik Fornwall,2019-05-20 13:32:03+02:00,app/src/main/res/values/strings.xml
Fredrik Fornwall,2019-05-20 13:32:03+02:00,app/src/main/res/xml/shortcuts.xml
Fredrik Fornwall,2019-05-20 13:32:35+02:00,app/build.gradle
Leonid Plyushch,2019-05-21 21:52:14+02:00,app/src/main/AndroidManifest.xml
Leonid Plyushch,2019-05-21 21:52:14+02:00,app/src/main/java/com/termux/app/TermuxActivity.java
Leonid Plyushch,2019-05-21 21:52:14+02:00,app/src/main/java/com/termux/app/TermuxActivity.java
Leonid Plyushch,2019-05-21 21:52:14+02:00,app/src/main/java/com/termux/app/TermuxService.java
Leonid Plyushch,2019-05-21 21:52:14+02:00,app/src/main/java/com/termux/app/TermuxService.java
Fredrik Fornwall,2019-05-21 21:52:39+02:00,app/build.gradle
Leonid Plyushch,2019-05-26 20:05:03+02:00,app/src/main/java/com/termux/app/BackgroundJob.java
Fredrik Fornwall,2019-05-27 00:03:42+02:00,app/build.gradle
Fredrik Fornwall,2019-05-27 00:07:41+02:00,app/build.gradle
Fredrik Fornwall,2019-05-27 14:07:50+02:00,build.gradle
Leonid Plyushch,2019-06-09 14:31:09+03:00,app/src/main/java/com/termux/app/TermuxService.java
Fredrik Fornwall,2019-06-09 20:00:17+02:00,app/src/main/java/com/termux/app/TermuxActivity.java
Fredrik Fornwall,2019-06-09 20:00:17+02:00,app/src/main/java/com/termux/app/TermuxService.java
Michal Bednarski,2019-07-04 23:26:55+02:00,app/src/main/java/com/termux/app/BackgroundJob.java
Sacha Chua,2019-07-04 23:27:13+02:00,app/src/main/java/com/termux/app/ExtraKeysView.java
Fredrik Fornwall,2019-07-14 20:26:16+02:00,app/src/main/java/com/termux/app/TermuxActivity.java
Fredrik Fornwall,2019-08-04 16:44:58+02:00,build.gradle
Fredrik Fornwall,2019-08-04 17:03:41+02:00,app/build.gradle
Fredrik Fornwall,2019-08-04 19:42:36+02:00,app/src/main/java/com/termux/app/TermuxActivity.java
Fredrik Fornwall,2019-08-04 19:42:36+02:00,terminal-emulator/src/main/java/com/termux/terminal/TerminalBuffer.java
Daniil Gentili,2019-08-18 20:23:00+02:00,app/src/main/AndroidManifest.xml
Daniil Gentili,2019-08-18 20:23:00+02:00,app/src/main/java/com/termux/app/TermuxService.java
hungphd,2019-08-18 20:30:34+02:00,app/src/main/java/com/termux/app/BellUtil.java
hungphd,2019-08-18 20:30:34+02:00,app/src/main/java/com/termux/app/TermuxActivity.java
Fredrik Fornwall,2019-08-18 22:11:21+02:00,app/build.gradle
Leonid Plyushch,2019-09-08 20:08:16+02:00,app/src/main/java/com/termux/app/ExtraKeysView.java
Leonid Plyushch,2019-09-08 20:10:15+02:00,app/src/main/AndroidManifest.xml
Leonid Plyushch,2019-09-08 20:10:15+02:00,app/src/main/java/com/termux/app/TermuxService.java
Leonid Plyushch,2019-09-08 20:10:26+02:00,app/src/main/java/com/termux/app/TermuxActivity.java
Fredrik Fornwall,2019-09-08 21:43:07+02:00,build.gradle
Fredrik Fornwall,2019-09-08 21:43:07+02:00,gradle/wrapper/gradle-wrapper.properties
Fredrik Fornwall,2019-09-08 21:43:52+02:00,app/build.gradle
Fredrik Fornwall,2019-10-02 21:37:23+02:00,build.gradle
Leonid Plyushch,2019-10-04 01:59:49+03:00,.travis.yml
Leonid Plyushch,2019-10-04 01:59:49+03:00,.cirrus.yml
Leonid Plyushch,2019-10-04 02:08:44+03:00,.cirrus.yml
Leonid Plyushch,2019-10-04 02:16:22+03:00,README.md
Leonid Plyushch,2019-10-04 23:50:46+03:00,README.md
mao,2019-10-05 18:05:42+08:00,terminal-view/src/main/java/com/termux/view/TerminalView.java
mao,2019-10-05 18:30:54+08:00,terminal-view/src/main/java/com/termux/view/TerminalView.java
mao,2019-10-05 18:54:15+08:00,terminal-view/src/main/java/com/termux/view/TerminalView.java
Leonid Plyushch,2019-10-06 23:24:15+03:00,.cirrus.yml
Leonid Plyushch,2019-10-06 23:24:15+03:00,app/build.gradle
Leonid Plyushch,2019-10-06 23:24:15+03:00,app/dev_keystore.jks
Leonid Plyushch,2019-10-07 00:20:33+03:00,README.md
Leonid Plyushch,2019-10-07 00:21:57+03:00,README.md
Leonid Plyushch,2019-10-07 15:01:22+03:00,.cirrus.yml
Leonid Plyushch,2019-10-07 15:32:21+03:00,README.md
mao,2019-10-11 07:37:57+08:00,terminal-view/src/main/java/com/termux/view/TerminalView.java
Leonid Plyushch,2019-10-13 20:05:55+02:00,app/src/main/AndroidManifest.xml
Fredrik Fornwall,2019-10-13 20:48:24+02:00,.gitignore
Leon Omelan,2019-10-20 20:05:48+02:00,app/src/main/java/com/termux/app/TermuxActivity.java
Leon Omelan,2019-10-20 20:05:48+02:00,app/src/main/res/drawable/current_session.xml
Leon Omelan,2019-10-20 20:05:48+02:00,app/src/main/res/drawable/session_ripple.xml
Leon Omelan,2019-10-20 20:05:48+02:00,app/src/main/res/layout/drawer_layout.xml
Leon Omelan,2019-10-20 20:05:48+02:00,app/src/main/res/values/styles.xml
Leon Omelan,2019-10-20 20:05:48+02:00,app/src/main/java/com/termux/app/TermuxActivity.java
Leon Omelan,2019-10-20 20:05:48+02:00,app/src/main/java/com/termux/app/TermuxPreferences.java
Leon Omelan,2019-10-20 20:05:48+02:00,app/src/main/res/drawable/current_session.xml
Leon Omelan,2019-10-20 20:05:48+02:00,app/src/main/res/drawable/current_session_black.xml
Leon Omelan,2019-10-20 20:05:48+02:00,app/src/main/res/drawable/selected_session_background_black.xml
Leon Omelan,2019-10-20 20:05:48+02:00,app/src/main/res/drawable/session_ripple.xml
Leon Omelan,2019-10-20 20:05:48+02:00,app/src/main/res/drawable/session_ripple_black.xml
Leon Omelan,2019-10-20 20:05:48+02:00,app/src/main/res/layout/drawer_layout.xml
Leon Omelan,2019-10-20 20:05:48+02:00,app/src/main/res/values/styles.xml
Fredrik Fornwall,2019-10-20 20:15:50+02:00,.gitignore
Fredrik Fornwall,2019-10-20 20:15:50+02:00,app/build.gradle
Fredrik Fornwall,2019-10-20 20:15:50+02:00,app/src/main/cpp/Android.mk
Fredrik Fornwall,2019-10-20 20:15:50+02:00,app/src/main/cpp/termux-bootstrap-zip.S
Fredrik Fornwall,2019-10-20 20:15:50+02:00,app/src/main/cpp/termux-bootstrap.c
Fredrik Fornwall,2019-10-20 20:15:50+02:00,app/src/main/java/com/termux/app/TermuxInstaller.java
Fredrik Fornwall,2019-10-20 20:16:48+02:00,app/build.gradle
Fredrik Fornwall,2019-10-20 20:48:10+02:00,app/src/main/java/com/termux/app/BackgroundJob.java
Leonid Plyushch,2019-10-20 22:06:18+03:00,app/build.gradle
Leonid Plyushch,2019-10-27 20:33:12+01:00,app/src/main/AndroidManifest.xml
Leonid Plyushch,2019-10-27 20:33:12+01:00,app/src/main/res/xml/backupscheme.xml
Fredrik Fornwall,2019-10-28 01:54:50+01:00,app/build.gradle
Fredrik Fornwall,2019-11-03 19:18:31+01:00,app/build.gradle
Fredrik Fornwall,2019-11-03 22:35:52+01:00,app/build.gradle
Fredrik Fornwall,2019-11-03 22:39:21+01:00,app/src/main/AndroidManifest.xml
Fredrik Fornwall,2019-11-03 22:39:21+01:00,app/src/main/java/com/termux/app/ExtraKeysView.java
Fredrik Fornwall,2019-11-03 22:39:21+01:00,app/src/main/java/com/termux/app/TermuxActivity.java
Fredrik Fornwall,2019-11-03 22:39:21+01:00,app/src/main/java/com/termux/app/TermuxService.java
Fredrik Fornwall,2019-11-03 22:39:21+01:00,terminal-view/src/main/java/com/termux/view/TerminalView.java
Fredrik Fornwall,2019-11-10 19:26:01+01:00,build.gradle
Fredrik Fornwall,2019-11-10 19:26:10+01:00,app/build.gradle
Fredrik Fornwall,2019-11-10 22:05:06+01:00,terminal-emulator/src/main/java/com/termux/terminal/TerminalEmulator.java
Fredrik Fornwall,2019-11-10 22:05:06+01:00,terminal-emulator/src/test/java/com/termux/terminal/ScrollRegionTest.java
Fredrik Fornwall,2019-11-24 19:07:34+01:00,terminal-emulator/src/test/java/com/termux/terminal/CursorAndScreenTest.java
Leonid Plyushch,2019-11-24 19:08:32+01:00,app/src/main/java/com/termux/app/ExtraKeysView.java
Leonid Plyushch,2019-11-24 19:08:32+01:00,app/src/main/java/com/termux/app/ExtraKeysView.java
Fredrik Fornwall,2019-11-24 19:10:10+01:00,app/build.gradle
Leonid Plyushch,2019-12-02 17:19:17+02:00,gradle/wrapper/gradle-wrapper.jar
Leonid Plyushch,2019-12-02 17:19:17+02:00,gradle/wrapper/gradle-wrapper.properties
Leonid Plyushch,2019-12-02 17:19:17+02:00,gradlew
Leonid Plyushch,2019-12-02 17:19:17+02:00,gradlew.bat
mao,2019-12-18 14:00:32+02:00,terminal-view/src/main/java/com/termux/view/TerminalView.java
mao,2019-12-18 14:00:57+02:00,terminal-view/src/main/java/com/termux/view/TerminalView.java
mao,2019-12-18 14:00:57+02:00,terminal-view/src/main/java/com/termux/view/TerminalView.java
mao,2019-12-18 14:00:58+02:00,terminal-view/src/main/java/com/termux/view/TerminalView.java
Leonid Plyushch,2019-12-18 14:06:06+02:00,terminal-view/src/main/java/com/termux/view/TerminalView.java
mao,2019-12-18 23:50:23+08:00,terminal-view/src/main/java/com/termux/view/TerminalView.java
mao,2019-12-19 00:34:14+08:00,terminal-view/src/main/java/com/termux/view/TerminalView.java
Leonid Plyushch,2019-12-24 00:32:40+01:00,terminal-emulator/src/main/java/com/termux/terminal/TerminalEmulator.java
Fredrik Fornwall,2019-12-29 18:49:10+01:00,build.gradle
Leonid Plyushch,2019-12-29 18:49:41+01:00,terminal-emulator/src/main/java/com/termux/terminal/TerminalEmulator.java
Fredrik Fornwall,2019-12-29 18:49:41+01:00,build.gradle
Fredrik Fornwall,2019-12-29 18:53:00+01:00,app/build.gradle
Fredrik Fornwall,2020-01-01 22:57:52+01:00,gradle/wrapper/gradle-wrapper.jar
Fredrik Fornwall,2020-01-01 22:57:52+01:00,gradle/wrapper/gradle-wrapper.properties
Fredrik Fornwall,2020-01-01 22:57:52+01:00,gradlew
Leonid Plyushch,2020-01-05 00:38:49+01:00,app/src/main/java/com/termux/app/BackgroundJob.java
Fredrik Fornwall,2020-01-05 01:02:47+01:00,app/build.gradle
Fredrik Fornwall,2020-01-05 01:02:47+01:00,app/src/main/java/com/termux/filepicker/TermuxFileReceiverActivity.java
Fredrik Fornwall,2020-01-05 01:02:47+01:00,app/src/test/java/com/termux/app/TermuxActivityTest.java
Fredrik Fornwall,2020-01-05 01:02:47+01:00,app/src/test/java/com/termux/filepicker/TermuxFileReceiverActivityTest.java
Fredrik Fornwall,2020-01-05 01:02:47+01:00,terminal-emulator/build.gradle
Fredrik Fornwall,2020-01-05 01:02:47+01:00,terminal-view/build.gradle
Archenoth,2020-01-05 01:07:11+01:00,app/src/main/java/com/termux/app/BackgroundJob.java
Archenoth,2020-01-05 01:07:11+01:00,app/src/main/java/com/termux/app/BackgroundJob.java
Archenoth,2020-01-05 01:07:11+01:00,app/src/main/java/com/termux/app/TermuxService.java
Fredrik Fornwall,2020-01-05 02:00:25+01:00,app/src/main/java/com/termux/app/TermuxActivity.java
Fredrik Fornwall,2020-01-05 02:00:25+01:00,terminal-emulator/src/main/java/com/termux/terminal/TerminalSession.java
Fredrik Fornwall,2020-01-05 02:02:05+01:00,app/build.gradle
Fredrik Fornwall,2020-01-05 19:14:35+01:00,app/build.gradle
Fredrik Fornwall,2020-01-05 19:14:52+01:00,terminal-emulator/src/main/java/com/termux/terminal/TerminalSession.java
Edontin,2020-01-06 10:21:32+01:00,app/src/main/java/com/termux/app/TermuxPreferences.java
Edontin,2020-01-06 10:21:32+01:00,app/src/main/java/com/termux/app/TermuxViewClient.java
Jean Schurger,2020-02-02 03:36:13+01:00,app/src/main/AndroidManifest.xml
Fredrik Fornwall,2020-02-02 03:36:52+01:00,app/build.gradle
Leonid Plyushch,2020-02-07 13:47:22+02:00,.cirrus.yml
Leonid Plyushch,2020-02-07 13:47:22+02:00,.github/workflows/debug_build.yml
Leonid Plyushch,2020-02-07 13:50:12+02:00,.github/workflows/run_tests.yml
Leonid Plyushch,2020-02-07 13:55:45+02:00,.github/workflows/debug_build.yml
Leonid Plyushch,2020-02-07 13:55:45+02:00,.github/workflows/run_tests.yml
Leonid Plyushch,2020-02-07 13:57:08+02:00,README.md
Leonid Plyushch,2020-02-07 14:02:34+02:00,.github/workflows/run_tests.yml
Leonid Plyushch,2020-02-07 15:05:16+02:00,.github/ISSUE_TEMPLATE/bug_report.md
Leonid Plyushch,2020-02-07 15:05:16+02:00,.github/ISSUE_TEMPLATE/feature_request.md
Leonid Plyushch,2020-02-07 15:48:32+02:00,README.md
Leonid Plyushch,2020-02-08 20:33:34+02:00,app/build.gradle
Leonid Plyushch,2020-02-09 12:34:11+02:00,app/build.gradle
x0b,2020-02-09 22:57:27+01:00,app/src/main/java/com/termux/filepicker/TermuxDocumentsProvider.java
x0b,2020-02-09 22:57:27+01:00,app/src/main/java/com/termux/filepicker/TermuxDocumentsProvider.java
x0b,2020-02-09 22:57:27+01:00,app/src/main/java/com/termux/filepicker/TermuxDocumentsProvider.java
Fredrik Fornwall,2020-02-09 22:59:33+01:00,app/build.gradle
Fredrik Fornwall,2020-02-21 14:02:53+01:00,app/build.gradle
Fredrik Fornwall,2020-03-16 13:58:34+01:00,build.gradle
Fredrik Fornwall,2020-03-20 10:44:24+01:00,gradle.properties
Fredrik Fornwall,2020-03-20 14:42:43+01:00,gradle/wrapper/gradle-wrapper.jar
Fredrik Fornwall,2020-03-20 14:42:43+01:00,gradle/wrapper/gradle-wrapper.properties
Fredrik Fornwall,2020-03-20 14:42:43+01:00,gradlew.bat
Leonid Plyushch,2020-03-21 10:35:17+02:00,app/build.gradle
Leonid Plyushch,2020-03-21 11:31:52+02:00,app/build.gradle
Leonid Plyushch,2020-03-21 11:31:52+02:00,terminal-emulator/build.gradle
Daniel Lublin,2020-03-24 23:13:14+01:00,app/src/main/java/com/termux/app/TermuxActivity.java
Daniel Lublin,2020-03-24 23:13:14+01:00,app/src/test/java/com/termux/app/TermuxActivityTest.java
Fredrik Fornwall,2020-03-24 23:25:49+01:00,app/build.gradle
Leonid Plyushch,2020-04-30 14:34:35+03:00,app/src/main/res/values/strings.xml
Frieder Bluemle,2020-05-24 01:06:15+02:00,build.gradle
Hannes Achleitner,2020-05-24 01:08:01+02:00,.github/workflows/gradle-wrapper-validation.yml
Hannes Achleitner,2020-05-24 01:08:01+02:00,.github/workflows/gradle-wrapper-validation.yml
Fredrik Fornwall,2020-05-24 01:22:33+02:00,app/build.gradle
Fredrik Fornwall,2020-05-24 01:22:33+02:00,terminal-emulator/build.gradle
Fredrik Fornwall,2020-05-24 01:27:01+02:00,app/build.gradle
Fredrik Fornwall,2020-05-24 01:27:01+02:00,terminal-emulator/build.gradle
Leonid Pliushch,2020-05-24 02:44:06+03:00,app/build.gradle
hannesa2,2020-05-24 02:05:24+02:00,.github/workflows/debug_build.yml
hannesa2,2020-05-24 02:05:24+02:00,.github/workflows/run_tests.yml
Leonid Pliushch,2020-06-06 21:20:05+03:00,app/src/main/java/com/termux/app/TermuxPreferences.java
Leonid Pliushch,2020-06-06 22:42:29+03:00,app/build.gradle
Leonid Pliushch,2020-06-07 03:56:51+03:00,app/build.gradle
Leonid Pliushch,2020-06-07 22:36:14+03:00,app/build.gradle
Trygve Aaberge,2020-06-09 11:59:07+03:00,app/src/main/java/com/termux/app/TermuxPreferences.java
Trygve Aaberge,2020-06-09 11:59:59+03:00,terminal-view/src/main/java/com/termux/view/TerminalView.java
Leonid Pliushch,2020-06-09 12:02:41+03:00,app/build.gradle
Leonid Pliushch,2020-06-09 12:08:13+03:00,terminal-emulator/build.gradle
Trygve Aaberge,2020-06-09 12:11:49+03:00,app/src/main/res/drawable/ic_service_notification.xml
Trygve Aaberge,2020-06-09 12:17:07+03:00,app/src/main/java/com/termux/app/ExtraKeysInfos.java
Trygve Aaberge,2020-06-09 12:17:07+03:00,app/src/main/java/com/termux/app/ExtraKeysView.java
Trygve Aaberge,2020-06-09 12:17:07+03:00,app/src/main/java/com/termux/app/TermuxActivity.java
Trygve Aaberge,2020-06-09 12:17:07+03:00,app/src/main/java/com/termux/app/TermuxPreferences.java
Trygve Aaberge,2020-06-09 12:17:07+03:00,terminal-view/src/main/java/com/termux/view/TerminalView.java
Josh Home,2020-06-09 12:31:59+03:00,app/src/main/AndroidManifest.xml
Trygve Aaberge,2020-06-09 13:41:36+03:00,app/src/main/java/com/termux/app/TermuxActivity.java
Trygve Aaberge,2020-06-09 13:41:36+03:00,terminal-emulator/src/main/java/com/termux/terminal/TerminalBuffer.java
Trygve Aaberge,2020-06-09 13:41:36+03:00,terminal-emulator/src/test/java/com/termux/terminal/ScreenBufferTest.java
Leonid Pliushch,2020-06-09 15:36:08+03:00,app/src/main/AndroidManifest.xml
Leonid Pliushch,2020-06-09 15:36:08+03:00,app/src/main/java/com/termux/app/RunCommand.java
Leonid Pliushch,2020-06-09 15:36:08+03:00,app/src/main/res/values/strings.xml
Leonid Pliushch,2020-06-09 15:48:56+03:00,app/src/main/AndroidManifest.xml
Leonid Pliushch,2020-06-09 15:48:56+03:00,app/src/main/java/com/termux/app/RunCommandService.java
Leonid Pliushch,2020-06-09 16:07:42+03:00,app/src/main/java/com/termux/app/RunCommandService.java
Leonid Pliushch,2020-06-09 21:47:11+03:00,terminal-view/src/main/res/drawable-xxhdpi/text_select_handle_left_mtrl_alpha.png
Leonid Pliushch,2020-06-09 21:47:11+03:00,terminal-view/src/main/res/drawable-xxhdpi/text_select_handle_right_mtrl_alpha.png
Leonid Pliushch,2020-06-09 21:47:11+03:00,terminal-view/src/main/res/drawable/text_select_handle_left_material.xml
Leonid Pliushch,2020-06-09 21:47:11+03:00,terminal-view/src/main/res/drawable/text_select_handle_right_material.xml
Leonid Pliushch,2020-06-09 22:54:57+03:00,app/src/main/java/com/termux/app/ExtraKeysView.java
Leonid Pliushch,2020-06-09 23:08:23+03:00,app/build.gradle
Leonid Pliushch,2020-06-17 14:08:58+03:00,app/build.gradle
Leonid Pliushch,2020-06-17 14:08:58+03:00,terminal-emulator/build.gradle
Leonid Pliushch,2020-06-19 22:18:21+03:00,app/src/main/java/com/termux/app/BackgroundJob.java
Leonid Pliushch,2020-06-19 22:18:28+03:00,app/src/main/java/com/termux/app/BackgroundJob.java
Leonid Pliushch,2020-06-19 22:25:51+03:00,app/src/main/java/com/termux/app/BackgroundJob.java
Felix C. Stegerman,2020-06-22 02:07:20+03:00,app/src/main/java/com/termux/app/BackgroundJob.java
Danny Lin,2020-07-04 15:31:45+03:00,terminal-view/src/main/java/com/termux/view/TerminalRenderer.java
Danny Lin,2020-07-12 17:54:47+03:00,terminal-view/src/main/java/com/termux/view/TerminalRenderer.java
Egor Zhdanov,2020-07-14 12:36:56+03:00,app/src/main/res/drawable/ic_service_notification.xml
Agnostic Apollo,2020-07-30 21:39:41+03:00,app/src/main/java/com/termux/app/RunCommandService.java
Agnostic Apollo,2020-07-30 21:39:41+03:00,app/src/main/java/com/termux/app/TermuxService.java
Leonid Pliushch,2020-07-30 23:47:26+03:00,app/build.gradle
Leonid Pliushch,2020-07-30 23:56:27+03:00,app/build.gradle
cn,2020-08-04 15:36:14+03:00,app/build.gradle
cn,2020-08-04 15:36:14+03:00,gradle.properties
cn,2020-08-04 15:36:14+03:00,terminal-emulator/build.gradle
cn,2020-08-04 15:36:14+03:00,terminal-view/build.gradle
hannesa2,2020-08-04 15:36:41+03:00,build.gradle
hannesa2,2020-08-04 15:37:18+03:00,gradle/wrapper/gradle-wrapper.jar
hannesa2,2020-08-04 15:37:18+03:00,gradle/wrapper/gradle-wrapper.properties
hannesa2,2020-08-04 15:37:18+03:00,gradlew
hannesa2,2020-08-04 15:37:18+03:00,gradlew.bat
lucy phipps,2020-08-07 07:38:06+01:00,terminal-emulator/src/main/java/com/termux/terminal/WcWidth.java
Leonid Pliushch,2020-08-07 15:39:11+03:00,app/build.gradle
Leonid Pliushch,2020-08-07 15:39:44+03:00,app/build.gradle
Leonid Pliushch,2020-08-08 02:22:47+03:00,terminal-emulator/src/main/java/com/termux/terminal/TerminalSession.java
Fredrik Fornwall,2020-08-09 00:07:35+02:00,app/build.gradle
Leonid Pliushch,2020-08-14 14:50:34+03:00,app/src/main/res/values/strings.xml
Leonid Pliushch,2020-08-14 15:03:51+03:00,app/src/main/java/com/termux/app/TermuxService.java
Leonid Pliushch,2020-08-14 15:08:32+03:00,app/src/main/java/com/termux/app/ExtraKeysInfos.java
Leonid Pliushch,2020-08-16 22:56:55+03:00,.github/workflows/debug_build.yml
Leonid Pliushch,2020-08-16 22:56:55+03:00,.github/workflows/gradle-wrapper-validation.yml
Leonid Pliushch,2020-08-16 22:56:55+03:00,.github/workflows/run_tests.yml
blackcat-917,2020-08-22 00:17:45+03:00,README.md
Leonid Pliushch,2020-08-26 20:04:22+03:00,terminal-view/src/main/java/com/termux/view/TerminalView.java
Leonid Pliushch,2020-08-26 20:27:47+03:00,app/build.gradle
Leonid Pliushch,2020-08-26 20:40:29+03:00,gradle/wrapper/gradle-wrapper.jar
Leonid Pliushch,2020-08-26 20:40:29+03:00,gradle/wrapper/gradle-wrapper.properties
Leonid Pliushch,2020-08-26 20:40:29+03:00,gradlew
Leonid Pliushch,2020-08-26 20:40:29+03:00,gradlew.bat
Leonid Pliushch,2020-08-26 20:51:05+03:00,app/build.gradle
Leonid Pliushch,2020-09-01 03:38:53+03:00,gradle/wrapper/gradle-wrapper.properties
Leonid Pliushch,2020-09-12 19:06:54+00:00,gradle/wrapper/gradle-wrapper.properties
Henrik Grimler,2020-09-12 21:27:24+02:00,terminal-emulator/src/main/java/com/termux/terminal/TerminalEmulator.java
agnostic-apollo,2020-09-18 22:20:23+05:00,app/src/main/java/com/termux/app/RunCommandService.java
agnostic-apollo,2020-09-18 22:21:31+05:00,app/src/main/java/com/termux/app/RunCommandService.java
agnostic-apollo,2020-09-18 22:21:58+05:00,app/src/main/AndroidManifest.xml
agnostic-apollo,2020-09-18 22:22:35+05:00,app/src/main/java/com/termux/app/RunCommandService.java
agnostic-apollo,2020-09-18 22:25:05+05:00,app/src/main/java/com/termux/app/RunCommandService.java
Leonid Pliushch,2020-09-28 00:46:38+03:00,app/build.gradle
Leonid Pliushch,2020-09-28 00:52:44+03:00,app/build.gradle
Leonid Pliushch,2020-09-28 00:59:52+03:00,app/build.gradle
Leonid Pliushch,2020-09-28 03:28:49+03:00,app/build.gradle
Leonid Pliushch,2020-09-28 03:30:21+03:00,app/build.gradle
Leonid Pliushch,2020-10-01 01:08:39+03:00,.gitattributes
Fabian Henneke,2020-10-02 10:21:34+02:00,app/src/main/java/com/termux/app/TermuxActivity.java
Fabian Henneke,2020-10-02 10:21:34+02:00,app/src/main/res/layout/drawer_layout.xml
Fabian Henneke,2020-10-02 10:21:34+02:00,app/src/main/res/values/strings.xml
Fabian Henneke,2020-10-02 10:21:34+02:00,terminal-view/src/main/java/com/termux/view/TerminalView.java
Fredrik Fornwall,2020-10-02 10:30:18+02:00,app/build.gradle
Leonid Pliushch,2020-10-12 20:39:28+03:00,app/build.gradle
Leonid Pliushch,2020-11-17 20:03:10+02:00,app/src/main/AndroidManifest.xml
Leonid Pliushch,2020-11-17 20:07:33+02:00,app/src/main/AndroidManifest.xml
Leonid Pliushch,2020-11-17 20:35:55+02:00,app/build.gradle
Leonid Pliushch,2020-11-17 20:40:40+02:00,app/build.gradle
Leonid Pliushch,2020-11-18 03:04:38+02:00,.github/FUNDING.yml
Lucy Phipps,2020-11-24 23:16:17+02:00,app/src/main/java/com/termux/app/BackgroundJob.java
Leonid Pliushch,2020-12-11 17:35:28+02:00,README.md
Leonid Pliushch,2020-12-11 17:36:14+02:00,README.md
Leonid Pliushch,2020-12-11 20:07:40+02:00,app/build.gradle
Leonid Pliushch,2020-12-17 20:27:46+02:00,README.md
Leonid Pliushch,2020-12-29 13:40:25+02:00,app/build.gradle
Kevin LeBlanc,2020-12-29 13:42:36+02:00,app/src/main/java/com/termux/filepicker/TermuxDocumentsProvider.java
Leonid Pliushch,2020-12-29 13:45:35+02:00,app/build.gradle
Henrik Grimler,2021-01-01 18:12:53+01:00,terminal-emulator/build.gradle
Henrik Grimler,2021-01-01 18:12:53+01:00,terminal-view/build.gradle
Henrik Grimler,2021-01-01 18:12:53+01:00,app/build.gradle
Henrik Grimler,2021-01-01 18:12:53+01:00,build.gradle
Henrik Grimler,2021-01-01 18:12:53+01:00,gradle/wrapper/gradle-wrapper.properties
Henrik Grimler,2021-01-01 18:12:53+01:00,terminal-emulator/build.gradle
Henrik Grimler,2021-01-01 18:12:53+01:00,terminal-view/build.gradle
Henrik Grimler,2021-01-01 18:12:53+01:00,gradle.properties
Henrik Grimler,2021-01-01 18:13:36+01:00,app/build.gradle
Henrik Grimler,2021-01-01 18:13:36+01:00,terminal-view/src/main/java/com/termux/view/TerminalView.java
Henrik Grimler,2021-01-01 18:13:37+01:00,app/src/main/res/layout/extra_keys_right.xml
Henrik Grimler,2021-01-01 19:20:11+01:00,terminal-view/src/main/java/com/termux/view/TerminalView.java
Henrik Grimler,2021-01-01 19:20:16+01:00,terminal-view/src/main/java/com/termux/view/TerminalView.java
Lucy Phipps,2021-01-01 23:48:34+02:00,app/src/main/java/com/termux/app/TermuxActivity.java
Henrik Grimler,2021-01-02 09:12:14+01:00,terminal-emulator/build.gradle
Henrik Grimler,2021-01-02 09:12:14+01:00,terminal-emulator/src/test/java/com/termux/terminal/ByteQueueTest.java
Henrik Grimler,2021-01-02 09:12:14+01:00,terminal-emulator/src/test/java/com/termux/terminal/ControlSequenceIntroducerTest.java
Henrik Grimler,2021-01-02 09:12:14+01:00,terminal-emulator/src/test/java/com/termux/terminal/CursorAndScreenTest.java
Henrik Grimler,2021-01-02 09:12:14+01:00,terminal-emulator/src/test/java/com/termux/terminal/KeyHandlerTest.java
Henrik Grimler,2021-01-02 09:12:14+01:00,terminal-emulator/src/test/java/com/termux/terminal/ResizeTest.java
Henrik Grimler,2021-01-02 09:12:14+01:00,terminal-emulator/src/test/java/com/termux/terminal/ScrollRegionTest.java
Henrik Grimler,2021-01-02 09:12:14+01:00,terminal-emulator/src/test/java/com/termux/terminal/TerminalTest.java
Henrik Grimler,2021-01-02 09:12:14+01:00,terminal-emulator/src/test/java/com/termux/terminal/TerminalTestCase.java
Henrik Grimler,2021-01-02 09:12:14+01:00,terminal-emulator/src/test/java/com/termux/terminal/TextStyleTest.java
Henrik Grimler,2021-01-02 09:12:14+01:00,terminal-emulator/src/test/java/com/termux/terminal/WcWidthTest.java
Leonid Pliushch,2021-01-06 14:23:15+02:00,app/build.gradle
Leonid Pliushch,2021-01-06 14:28:28+02:00,app/src/main/AndroidManifest.xml
Leonid Pliushch,2021-01-06 14:31:56+02:00,app/build.gradle
rakslice,2021-01-16 19:48:55-08:00,terminal-emulator/src/main/java/com/termux/terminal/KeyHandler.java
rakslice,2021-01-16 19:48:55-08:00,terminal-emulator/src/test/java/com/termux/terminal/KeyHandlerTest.java
rakslice,2021-01-16 19:48:55-08:00,terminal-view/src/main/java/com/termux/view/TerminalView.java
rakslice,2021-01-16 19:53:22-08:00,terminal-emulator/src/main/java/com/termux/terminal/KeyHandler.java
rakslice,2021-01-16 19:54:11-08:00,terminal-view/src/main/java/com/termux/view/TerminalView.java
Leonid Pliushch,2021-01-17 19:40:29+02:00,terminal-view/src/main/java/com/termux/view/TerminalView.java
Leonid Pliushch,2021-01-17 19:45:19+02:00,app/build.gradle
Leonid Pliushch,2021-01-17 20:03:05+02:00,README.md
David Kramer,2021-02-02 01:31:50+02:00,app/src/main/java/com/termux/app/FullScreenWorkAround.java
David Kramer,2021-02-02 01:31:50+02:00,app/src/main/java/com/termux/app/TermuxActivity.java
David Kramer,2021-02-02 01:31:50+02:00,app/src/main/java/com/termux/app/TermuxPreferences.java
David Kramer,2021-02-02 01:31:50+02:00,app/src/main/java/com/termux/app/FullScreenWorkAround.java
David Kramer,2021-02-02 01:31:50+02:00,app/src/main/java/com/termux/app/TermuxActivity.java
David Kramer,2021-02-02 01:31:50+02:00,app/src/main/java/com/termux/app/TermuxPreferences.java
Leonid Pliushch,2021-02-03 02:56:53+02:00,README.md
Leonid Pliushch,2021-02-03 15:49:03+02:00,app/src/main/AndroidManifest.xml
Leonid Pliushch,2021-02-03 15:49:03+02:00,app/src/main/res/drawable/ic_launcher.xml
Leonid Pliushch,2021-02-03 15:49:03+02:00,app/src/main/res/mipmap-anydpi-v26/ic_launcher.xml
Leonid Pliushch,2021-02-03 15:49:03+02:00,app/src/main/res/mipmap-anydpi-v26/ic_launcher_round.xml
Leonid Pliushch,2021-02-03 15:49:03+02:00,app/src/main/res/mipmap-hdpi/ic_launcher.png
Leonid Pliushch,2021-02-03 15:49:03+02:00,app/src/main/res/mipmap-hdpi/ic_launcher_round.png
Leonid Pliushch,2021-02-03 15:49:03+02:00,app/src/main/res/mipmap-mdpi/ic_launcher.png
Leonid Pliushch,2021-02-03 15:49:03+02:00,app/src/main/res/mipmap-mdpi/ic_launcher_round.png
Leonid Pliushch,2021-02-03 15:49:03+02:00,app/src/main/res/mipmap-xhdpi/ic_launcher.png
Leonid Pliushch,2021-02-03 15:49:03+02:00,app/src/main/res/mipmap-xhdpi/ic_launcher_round.png
Leonid Pliushch,2021-02-03 15:49:03+02:00,app/src/main/res/mipmap-xxhdpi/ic_launcher.png
Leonid Pliushch,2021-02-03 15:49:03+02:00,app/src/main/res/mipmap-xxhdpi/ic_launcher_round.png
Leonid Pliushch,2021-02-03 15:49:03+02:00,app/src/main/res/mipmap-xxxhdpi/ic_launcher.png
Leonid Pliushch,2021-02-03 15:49:03+02:00,app/src/main/res/mipmap-xxxhdpi/ic_launcher_round.png
Leonid Pliushch,2021-02-03 15:49:03+02:00,art/ic_launcher2.png
Leonid Pliushch,2021-02-03 15:49:03+02:00,art/ic_launcher2_round.png
Leonid Pliushch,2021-02-03 15:56:38+02:00,app/src/main/java/com/termux/filepicker/TermuxDocumentsProvider.java
Leonid Pliushch,2021-02-03 16:43:17+02:00,fastlane/metadata/android/en-US/full_description.txt
Leonid Pliushch,2021-02-03 16:43:17+02:00,fastlane/metadata/android/en-US/images/icon.png
Leonid Pliushch,2021-02-03 16:43:17+02:00,fastlane/metadata/android/en-US/images/phoneScreenshots/1.jpg
Leonid Pliushch,2021-02-03 16:43:17+02:00,fastlane/metadata/android/en-US/images/phoneScreenshots/2.jpg
Leonid Pliushch,2021-02-03 16:43:17+02:00,fastlane/metadata/android/en-US/images/phoneScreenshots/3.jpg
Leonid Pliushch,2021-02-03 16:43:17+02:00,fastlane/metadata/android/en-US/images/phoneScreenshots/4.jpg
Leonid Pliushch,2021-02-03 16:43:17+02:00,fastlane/metadata/android/en-US/short_description.txt
Leonid Pliushch,2021-02-03 16:59:34+02:00,terminal-emulator/build.gradle
Leonid Pliushch,2021-02-03 17:02:29+02:00,terminal-view/build.gradle
Emil Velikov,2021-02-03 17:29:13+02:00,app/build.gradle
Leonid Pliushch,2021-02-03 17:53:08+02:00,.github/workflows/debug_build.yml
Leonid Pliushch,2021-02-03 18:15:03+02:00,.github/workflows/debug_build.yml
Leonid Pliushch,2021-02-03 18:59:22+02:00,.github/workflows/debug_build.yml
Leonid Pliushch,2021-02-03 19:05:19+02:00,.github/workflows/debug_build.yml
Leonid Pliushch,2021-02-03 20:22:38+02:00,app/src/main/java/com/termux/app/TermuxActivity.java
Leonid Pliushch,2021-02-03 20:22:38+02:00,app/src/main/java/com/termux/app/TermuxPreferences.java
Leonid Pliushch,2021-02-03 20:27:13+02:00,app/src/main/java/com/termux/app/TermuxPreferences.java
Leonid Pliushch,2021-02-03 22:39:13+02:00,app/src/main/java/com/termux/app/BackgroundJob.java
Leonid Pliushch,2021-02-03 23:15:26+02:00,app/build.gradle
Vincent Deville,2021-02-03 23:26:08+02:00,app/src/main/java/com/termux/app/ExtraKeysView.java
Vincent Deville,2021-02-03 23:26:08+02:00,app/src/main/java/com/termux/app/ExtraKeysView.java
Vincent Deville,2021-02-03 23:26:08+02:00,app/src/main/java/com/termux/app/ExtraKeysView.java
Leonid Pliushch,2021-02-03 23:47:30+02:00,app/build.gradle
Leonid Pliushch,2021-02-11 17:51:46+02:00,app/build.gradle
Leonid Pliushch,2021-02-11 22:58:56+02:00,scripts/bintray-publish.gradle
Leonid Pliushch,2021-02-11 22:58:56+02:00,terminal-emulator/build.gradle
Leonid Pliushch,2021-02-11 22:58:56+02:00,terminal-view/build.gradle
Leonid Pliushch,2021-02-11 23:08:15+02:00,.github/workflows/publish_libraries.yml
Leonid Pliushch,2021-02-11 23:10:44+02:00,terminal-emulator/build.gradle
Leonid Pliushch,2021-02-11 23:10:44+02:00,terminal-view/build.gradle
Leonid Pliushch,2021-02-19 01:45:39+02:00,app/build.gradle
Leonid Pliushch,2021-02-19 01:54:26+02:00,app/build.gradle
Leonid Pliushch,2021-02-19 01:54:46+02:00,app/build.gradle
agnostic-apollo,2021-02-26 17:09:04+05:00,app/src/main/java/com/termux/app/TermuxActivity.java
agnostic-apollo,2021-02-27 13:07:07+05:00,app/src/main/java/com/termux/app/RunCommandService.java
agnostic-apollo,2021-02-27 13:10:57+05:00,app/src/main/java/com/termux/app/RunCommandService.java
agnostic-apollo,2021-02-27 13:14:13+05:00,app/src/main/java/com/termux/app/RunCommandService.java
agnostic-apollo,2021-02-27 13:22:09+05:00,app/src/main/java/com/termux/app/BackgroundJob.java
agnostic-apollo,2021-02-27 13:22:09+05:00,app/src/main/java/com/termux/app/TermuxService.java
agnostic-apollo,2021-02-27 13:23:37+05:00,app/src/main/java/com/termux/app/RunCommandService.java
agnostic-apollo,2021-02-27 13:30:11+05:00,app/build.gradle
agnostic-apollo,2021-03-01 12:40:04+05:00,app/src/main/AndroidManifest.xml
agnostic-apollo,2021-03-02 16:48:15+05:00,app/src/main/AndroidManifest.xml
agnostic-apollo,2021-03-06 18:25:10+05:00,terminal-view/src/main/java/com/termux/view/TerminalRenderer.java
agnostic-apollo,2021-03-06 18:25:10+05:00,terminal-view/src/main/java/com/termux/view/TerminalView.java
agnostic-apollo,2021-03-06 18:25:10+05:00,terminal-view/src/main/java/com/termux/view/textselection/CursorController.java
agnostic-apollo,2021-03-06 18:25:10+05:00,terminal-view/src/main/java/com/termux/view/textselection/TextSelectionCursorController.java
agnostic-apollo,2021-03-06 18:25:10+05:00,terminal-view/src/main/java/com/termux/view/textselection/TextSelectionHandleView.java
agnostic-apollo,2021-03-06 18:27:57+05:00,app/src/main/java/com/termux/app/TermuxViewClient.java
agnostic-apollo,2021-03-08 15:09:22+05:00,app/build.gradle
agnostic-apollo,2021-03-08 15:09:22+05:00,app/src/main/AndroidManifest.xml
agnostic-apollo,2021-03-08 15:09:22+05:00,app/src/main/java/com/termux/app/BackgroundJob.java
agnostic-apollo,2021-03-08 15:09:22+05:00,app/src/main/java/com/termux/app/RunCommandService.java
agnostic-apollo,2021-03-08 15:09:22+05:00,app/src/main/java/com/termux/app/TermuxActivity.java
agnostic-apollo,2021-03-08 15:09:22+05:00,app/src/main/java/com/termux/app/TermuxConstants.java
agnostic-apollo,2021-03-08 15:09:22+05:00,app/src/main/java/com/termux/app/TermuxInstaller.java
agnostic-apollo,2021-03-08 15:09:22+05:00,app/src/main/java/com/termux/app/TermuxOpenReceiver.java
agnostic-apollo,2021-03-08 15:09:22+05:00,app/src/main/java/com/termux/app/TermuxPreferences.java
agnostic-apollo,2021-03-08 15:09:22+05:00,app/src/main/java/com/termux/app/TermuxService.java
agnostic-apollo,2021-03-08 15:09:22+05:00,app/src/main/java/com/termux/filepicker/TermuxDocumentsProvider.java
agnostic-apollo,2021-03-08 15:09:22+05:00,app/src/main/java/com/termux/filepicker/TermuxFileReceiverActivity.java
agnostic-apollo,2021-03-08 15:09:22+05:00,app/src/main/res/values/strings.xml
agnostic-apollo,2021-03-08 15:09:22+05:00,app/src/main/res/xml/shortcuts.xml
agnostic-apollo,2021-03-10 02:32:33+05:00,app/src/main/java/com/termux/app/TermuxActivity.java
agnostic-apollo,2021-03-10 02:32:33+05:00,app/src/main/java/com/termux/app/TermuxViewClient.java
agnostic-apollo,2021-03-10 02:32:33+05:00,app/src/main/java/com/termux/app/input/BellHandler.java
agnostic-apollo,2021-03-10 02:32:33+05:00,app/src/main/java/com/termux/app/input/FullScreenWorkAround.java
agnostic-apollo,2021-03-10 02:32:33+05:00,app/src/main/java/com/termux/app/input/KeyboardShortcut.java
agnostic-apollo,2021-03-10 02:32:33+05:00,app/src/main/java/com/termux/app/input/extrakeys/ExtraKeyButton.java
agnostic-apollo,2021-03-10 02:32:33+05:00,app/src/main/java/com/termux/app/input/extrakeys/ExtraKeysInfo.java
agnostic-apollo,2021-03-10 02:32:33+05:00,app/src/main/java/com/termux/app/input/extrakeys/ExtraKeysView.java
agnostic-apollo,2021-03-10 02:32:33+05:00,app/src/main/res/layout/extra_keys_main.xml
agnostic-apollo,2021-03-10 02:33:45+05:00,app/src/main/java/com/termux/app/TermuxActivity.java
agnostic-apollo,2021-03-10 02:33:45+05:00,terminal-emulator/src/main/java/com/termux/terminal/TerminalOutput.java
agnostic-apollo,2021-03-11 18:22:11+05:00,app/build.gradle
agnostic-apollo,2021-03-11 18:22:11+05:00,app/src/main/java/com/termux/app/TermuxActivity.java
agnostic-apollo,2021-03-11 18:22:11+05:00,app/src/main/java/com/termux/app/TermuxPreferences.java
agnostic-apollo,2021-03-11 18:22:11+05:00,app/src/main/java/com/termux/app/TermuxViewClient.java
agnostic-apollo,2021-03-11 18:22:11+05:00,app/src/main/java/com/termux/app/settings/properties/SharedProperties.java
agnostic-apollo,2021-03-11 18:22:11+05:00,app/src/main/java/com/termux/app/settings/properties/SharedPropertiesParser.java
agnostic-apollo,2021-03-11 18:22:11+05:00,app/src/main/java/com/termux/app/settings/properties/TermuxPropertyConstants.java
agnostic-apollo,2021-03-11 18:22:11+05:00,app/src/main/java/com/termux/app/settings/properties/TermuxSharedProperties.java
agnostic-apollo,2021-03-11 20:11:59+05:00,app/src/main/java/com/termux/app/BackgroundJob.java
agnostic-apollo,2021-03-11 20:11:59+05:00,app/src/main/java/com/termux/app/RunCommandService.java
agnostic-apollo,2021-03-11 20:11:59+05:00,app/src/main/java/com/termux/app/TermuxActivity.java
agnostic-apollo,2021-03-11 20:11:59+05:00,app/src/main/java/com/termux/app/TermuxConstants.java
agnostic-apollo,2021-03-11 20:11:59+05:00,app/src/main/java/com/termux/app/TermuxInstaller.java
agnostic-apollo,2021-03-11 20:11:59+05:00,app/src/main/java/com/termux/app/TermuxOpenReceiver.java
agnostic-apollo,2021-03-11 20:11:59+05:00,app/src/main/java/com/termux/app/TermuxService.java
agnostic-apollo,2021-03-11 20:11:59+05:00,app/src/main/java/com/termux/app/settings/properties/TermuxPropertyConstants.java
agnostic-apollo,2021-03-11 20:11:59+05:00,app/src/main/java/com/termux/filepicker/TermuxDocumentsProvider.java
agnostic-apollo,2021-03-11 20:11:59+05:00,app/src/main/java/com/termux/filepicker/TermuxFileReceiverActivity.java
agnostic-apollo,2021-03-11 20:30:16+05:00,app/src/main/java/com/termux/app/RunCommandService.java
agnostic-apollo,2021-03-11 20:30:52+05:00,terminal-view/src/main/java/com/termux/view/TerminalView.java
agnostic-apollo,2021-03-11 21:06:42+05:00,app/src/main/java/com/termux/app/TermuxViewClient.java
agnostic-apollo,2021-03-11 21:06:42+05:00,app/src/main/java/com/termux/app/settings/properties/TermuxPropertyConstants.java
agnostic-apollo,2021-03-11 21:06:42+05:00,app/src/main/java/com/termux/app/settings/properties/TermuxSharedProperties.java
agnostic-apollo,2021-03-11 21:06:42+05:00,terminal-view/src/main/java/com/termux/view/TerminalView.java
agnostic-apollo,2021-03-11 21:06:42+05:00,terminal-view/src/main/java/com/termux/view/TerminalViewClient.java
agnostic-apollo,2021-03-12 00:07:35+05:00,app/src/main/java/com/termux/app/TermuxActivity.java
agnostic-apollo,2021-03-12 00:07:35+05:00,app/src/main/java/com/termux/app/settings/properties/TermuxSharedProperties.java
agnostic-apollo,2021-03-12 00:07:35+05:00,app/src/main/java/com/termux/app/terminal/BellHandler.java
agnostic-apollo,2021-03-12 00:07:35+05:00,app/src/main/java/com/termux/app/terminal/FullScreenWorkAround.java
agnostic-apollo,2021-03-12 00:07:35+05:00,app/src/main/java/com/termux/app/terminal/KeyboardShortcut.java
agnostic-apollo,2021-03-12 00:07:35+05:00,app/src/main/java/com/termux/app/terminal/TermuxViewClient.java
agnostic-apollo,2021-03-12 00:07:35+05:00,app/src/main/java/com/termux/app/terminal/extrakeys/ExtraKeyButton.java
agnostic-apollo,2021-03-12 00:07:35+05:00,app/src/main/java/com/termux/app/terminal/extrakeys/ExtraKeysInfo.java
agnostic-apollo,2021-03-12 00:07:35+05:00,app/src/main/java/com/termux/app/terminal/extrakeys/ExtraKeysView.java
agnostic-apollo,2021-03-12 00:07:35+05:00,app/src/main/res/layout/extra_keys_main.xml
agnostic-apollo,2021-03-12 05:53:10+05:00,app/src/main/java/com/termux/app/TermuxConstants.java
agnostic-apollo,2021-03-12 05:54:12+05:00,app/src/main/java/com/termux/app/settings/properties/TermuxPropertyConstants.java
agnostic-apollo,2021-03-12 06:01:31+05:00,app/src/main/java/com/termux/app/TermuxActivity.java
agnostic-apollo,2021-03-12 06:01:31+05:00,app/src/main/java/com/termux/app/TermuxPreferences.java
agnostic-apollo,2021-03-12 06:01:31+05:00,app/src/main/java/com/termux/app/TermuxService.java
agnostic-apollo,2021-03-12 06:01:31+05:00,app/src/main/java/com/termux/app/settings/preferences/TermuxPreferenceConstants.java
agnostic-apollo,2021-03-12 06:01:31+05:00,app/src/main/java/com/termux/app/settings/preferences/TermuxSharedPreferences.java
agnostic-apollo,2021-03-13 16:49:29+05:00,app/build.gradle
agnostic-apollo,2021-03-13 16:49:29+05:00,app/src/main/AndroidManifest.xml
agnostic-apollo,2021-03-13 16:49:29+05:00,app/src/main/java/com/termux/app/BackgroundJob.java
agnostic-apollo,2021-03-13 16:49:29+05:00,app/src/main/java/com/termux/app/RunCommandService.java
agnostic-apollo,2021-03-13 16:49:29+05:00,app/src/main/java/com/termux/app/TermuxActivity.java
agnostic-apollo,2021-03-13 16:49:29+05:00,app/src/main/java/com/termux/app/TermuxApplication.java
agnostic-apollo,2021-03-13 16:49:29+05:00,app/src/main/java/com/termux/app/TermuxInstaller.java
agnostic-apollo,2021-03-13 16:49:29+05:00,app/src/main/java/com/termux/app/TermuxOpenReceiver.java
agnostic-apollo,2021-03-13 16:49:29+05:00,app/src/main/java/com/termux/app/TermuxService.java
agnostic-apollo,2021-03-13 16:49:29+05:00,app/src/main/java/com/termux/app/TermuxSettingsActivity.java
agnostic-apollo,2021-03-13 16:49:29+05:00,app/src/main/java/com/termux/app/settings/DebuggingPreferencesFragment.java
agnostic-apollo,2021-03-13 16:49:29+05:00,app/src/main/java/com/termux/app/settings/preferences/TermuxPreferenceConstants.java
agnostic-apollo,2021-03-13 16:49:29+05:00,app/src/main/java/com/termux/app/settings/preferences/TermuxSharedPreferences.java
agnostic-apollo,2021-03-13 16:49:29+05:00,app/src/main/java/com/termux/app/settings/properties/SharedProperties.java
agnostic-apollo,2021-03-13 16:49:29+05:00,app/src/main/java/com/termux/app/settings/properties/TermuxPropertyConstants.java
agnostic-apollo,2021-03-13 16:49:29+05:00,app/src/main/java/com/termux/app/settings/properties/TermuxSharedProperties.java
agnostic-apollo,2021-03-13 16:49:29+05:00,app/src/main/java/com/termux/app/terminal/TermuxViewClient.java
agnostic-apollo,2021-03-13 16:49:29+05:00,app/src/main/java/com/termux/app/utils/Logger.java
agnostic-apollo,2021-03-13 16:49:29+05:00,app/src/main/java/com/termux/app/utils/TermuxUtils.java
agnostic-apollo,2021-03-13 16:49:29+05:00,app/src/main/java/com/termux/filepicker/TermuxFileReceiverActivity.java
agnostic-apollo,2021-03-13 16:49:29+05:00,app/src/main/res/layout/settings_activity.xml
agnostic-apollo,2021-03-13 16:49:29+05:00,app/src/main/res/values/strings.xml
agnostic-apollo,2021-03-13 16:49:29+05:00,app/src/main/res/xml/debugging_preferences.xml
agnostic-apollo,2021-03-13 16:49:29+05:00,app/src/main/res/xml/root_preferences.xml
agnostic-apollo,2021-03-13 16:49:29+05:00,terminal-view/src/main/java/com/termux/view/TerminalView.java
agnostic-apollo,2021-03-13 16:49:29+05:00,terminal-view/src/main/java/com/termux/view/TerminalViewClient.java
agnostic-apollo,2021-03-16 03:41:17+05:00,app/src/main/res/values/strings.xml
agnostic-apollo,2021-03-16 03:44:27+05:00,app/src/main/java/com/termux/app/DialogUtils.java
agnostic-apollo,2021-03-16 03:44:27+05:00,app/src/main/java/com/termux/app/terminal/BellHandler.java
agnostic-apollo,2021-03-16 03:44:27+05:00,app/src/main/java/com/termux/app/terminal/FullScreenWorkAround.java
agnostic-apollo,2021-03-16 03:44:27+05:00,app/src/main/java/com/termux/app/terminal/KeyboardShortcut.java
agnostic-apollo,2021-03-16 03:44:27+05:00,app/src/main/java/com/termux/app/terminal/extrakeys/ExtraKeyButton.java
agnostic-apollo,2021-03-16 03:44:27+05:00,app/src/main/java/com/termux/app/terminal/extrakeys/ExtraKeysInfo.java
agnostic-apollo,2021-03-16 03:44:27+05:00,app/src/main/java/com/termux/app/terminal/extrakeys/ExtraKeysView.java
agnostic-apollo,2021-03-16 03:44:27+05:00,app/src/main/res/layout/drawer_layout.xml
agnostic-apollo,2021-03-16 03:44:27+05:00,app/src/main/res/layout/extra_keys_main.xml
agnostic-apollo,2021-03-16 03:44:27+05:00,app/src/main/res/layout/extra_keys_right.xml
agnostic-apollo,2021-03-16 03:44:27+05:00,app/src/main/res/layout/line_in_drawer.xml
agnostic-apollo,2021-03-16 03:44:27+05:00,terminal-emulator/src/main/java/com/termux/terminal/EmulatorDebug.java
agnostic-apollo,2021-03-16 03:44:45+05:00,app/src/main/java/com/termux/app/utils/Logger.java
agnostic-apollo,2021-03-16 03:46:34+05:00,terminal-view/src/main/java/com/termux/view/TerminalView.java
agnostic-apollo,2021-03-16 03:46:34+05:00,terminal-view/src/main/java/com/termux/view/TerminalViewClient.java
agnostic-apollo,2021-03-16 03:59:54+05:00,app/src/main/java/com/termux/app/TermuxConstants.java
agnostic-apollo,2021-03-16 04:05:15+05:00,app/src/main/java/com/termux/app/settings/properties/TermuxSharedProperties.java
agnostic-apollo,2021-03-16 04:05:15+05:00,app/src/main/java/com/termux/app/terminal/io/BellHandler.java
agnostic-apollo,2021-03-16 04:05:15+05:00,app/src/main/java/com/termux/app/terminal/io/FullScreenWorkAround.java
agnostic-apollo,2021-03-16 04:05:15+05:00,app/src/main/java/com/termux/app/terminal/io/KeyboardShortcut.java
agnostic-apollo,2021-03-16 04:05:15+05:00,app/src/main/java/com/termux/app/terminal/io/extrakeys/ExtraKeyButton.java
agnostic-apollo,2021-03-16 04:05:15+05:00,app/src/main/java/com/termux/app/terminal/io/extrakeys/ExtraKeysInfo.java
agnostic-apollo,2021-03-16 04:05:15+05:00,app/src/main/java/com/termux/app/terminal/io/extrakeys/ExtraKeysView.java
agnostic-apollo,2021-03-16 04:07:01+05:00,app/src/main/java/com/termux/app/utils/DialogUtils.java
agnostic-apollo,2021-03-16 04:07:01+05:00,app/src/main/java/com/termux/filepicker/TermuxFileReceiverActivity.java
agnostic-apollo,2021-03-16 05:01:09+05:00,app/src/main/java/com/termux/app/TermuxActivity.java
agnostic-apollo,2021-03-16 05:01:09+05:00,app/src/main/java/com/termux/app/TermuxService.java
agnostic-apollo,2021-03-16 05:01:09+05:00,app/src/main/java/com/termux/app/settings/preferences/TermuxPreferenceConstants.java
agnostic-apollo,2021-03-16 05:01:09+05:00,app/src/main/java/com/termux/app/settings/preferences/TermuxSharedPreferences.java
agnostic-apollo,2021-03-16 05:01:09+05:00,app/src/main/java/com/termux/app/terminal/TermuxSessionClient.java
agnostic-apollo,2021-03-16 05:01:09+05:00,app/src/main/java/com/termux/app/terminal/TermuxSessionClientBase.java
agnostic-apollo,2021-03-16 05:01:09+05:00,app/src/main/java/com/termux/app/terminal/TermuxSessionsListViewController.java
agnostic-apollo,2021-03-16 05:01:09+05:00,app/src/main/java/com/termux/app/terminal/TermuxViewClient.java
agnostic-apollo,2021-03-16 05:01:09+05:00,app/src/main/java/com/termux/app/terminal/io/TerminalToolbarViewPager.java
agnostic-apollo,2021-03-16 05:01:09+05:00,app/src/main/java/com/termux/app/utils/TermuxUtils.java
agnostic-apollo,2021-03-16 05:01:09+05:00,app/src/main/java/com/termux/app/utils/TextDataUtils.java
agnostic-apollo,2021-03-16 05:01:09+05:00,app/src/main/res/layout/terminal_sessions_list_item.xml
agnostic-apollo,2021-03-16 05:01:09+05:00,app/src/main/res/layout/terminal_toolbar_extra_keys_view.xml
agnostic-apollo,2021-03-16 05:01:09+05:00,app/src/main/res/layout/terminal_toolbar_text_input_view.xml
agnostic-apollo,2021-03-16 05:01:09+05:00,app/src/main/res/layout/termux_activity.xml
agnostic-apollo,2021-03-16 05:01:09+05:00,app/src/test/java/com/termux/app/TermuxActivityTest.java
agnostic-apollo,2021-03-16 05:01:09+05:00,terminal-emulator/src/main/java/com/termux/terminal/TerminalEmulator.java
agnostic-apollo,2021-03-16 05:01:09+05:00,terminal-emulator/src/main/java/com/termux/terminal/TerminalSession.java
agnostic-apollo,2021-03-16 05:01:09+05:00,terminal-emulator/src/main/java/com/termux/terminal/TerminalSessionClient.java
agnostic-apollo,2021-03-16 07:04:55+05:00,app/src/main/java/com/termux/app/TermuxActivity.java
agnostic-apollo,2021-03-16 07:04:55+05:00,app/src/main/java/com/termux/app/settings/preferences/TermuxSharedPreferences.java
agnostic-apollo,2021-03-16 07:04:55+05:00,app/src/main/java/com/termux/app/settings/properties/TermuxPropertyConstants.java
agnostic-apollo,2021-03-16 07:04:55+05:00,app/src/main/java/com/termux/app/settings/properties/TermuxSharedProperties.java
agnostic-apollo,2021-03-16 07:04:55+05:00,app/src/main/java/com/termux/app/utils/TextDataUtils.java
agnostic-apollo,2021-03-16 19:06:17+05:00,app/src/main/java/com/termux/app/settings/preferences/TermuxPreferenceConstants.java
agnostic-apollo,2021-03-16 19:06:17+05:00,app/src/main/java/com/termux/app/settings/preferences/TermuxSharedPreferences.java
agnostic-apollo,2021-03-16 19:07:54+05:00,app/src/main/java/com/termux/app/TermuxConstants.java
agnostic-apollo,2021-03-16 20:51:41+05:00,app/src/main/java/com/termux/app/TermuxActivity.java
agnostic-apollo,2021-03-16 20:51:41+05:00,app/src/main/java/com/termux/app/TermuxApplication.java
agnostic-apollo,2021-03-16 20:51:41+05:00,app/src/main/java/com/termux/app/TermuxService.java
agnostic-apollo,2021-03-16 20:51:41+05:00,app/src/main/java/com/termux/app/settings/DebuggingPreferencesFragment.java
agnostic-apollo,2021-03-16 20:51:41+05:00,app/src/main/java/com/termux/app/settings/preferences/SharedPreferenceUtils.java
agnostic-apollo,2021-03-16 20:51:41+05:00,app/src/main/java/com/termux/app/settings/preferences/TermuxAppSharedPreferences.java
agnostic-apollo,2021-03-16 20:51:41+05:00,app/src/main/java/com/termux/app/terminal/TermuxViewClient.java
agnostic-apollo,2021-03-16 21:29:25+05:00,app/src/main/java/com/termux/app/TermuxConstants.java
agnostic-apollo,2021-03-16 21:29:25+05:00,app/src/main/java/com/termux/app/TermuxOpenReceiver.java
agnostic-apollo,2021-03-16 22:52:20+05:00,app/src/main/java/com/termux/app/RunCommandService.java
agnostic-apollo,2021-03-16 22:52:20+05:00,app/src/main/java/com/termux/app/settings/properties/SharedProperties.java
agnostic-apollo,2021-03-16 22:52:20+05:00,app/src/main/java/com/termux/app/settings/properties/TermuxPropertyConstants.java
agnostic-apollo,2021-03-16 22:52:20+05:00,app/src/main/java/com/termux/app/settings/properties/TermuxSharedProperties.java
agnostic-apollo,2021-03-17 01:13:44+05:00,app/src/main/java/com/termux/app/TermuxConstants.java
agnostic-apollo,2021-03-17 03:16:37+05:00,app/src/main/java/com/termux/app/settings/preferences/SharedPreferenceUtils.java
agnostic-apollo,2021-03-17 03:16:37+05:00,app/src/main/java/com/termux/app/settings/preferences/TermuxAppSharedPreferences.java
agnostic-apollo,2021-03-19 21:18:13+05:00,app/src/main/java/com/termux/app/TermuxConstants.java
agnostic-apollo,2021-03-19 21:18:21+05:00,app/src/main/java/com/termux/app/TermuxConstants.java
agnostic-apollo,2021-03-19 21:18:24+05:00,app/build.gradle
agnostic-apollo,2021-03-19 21:18:25+05:00,app/src/main/java/com/termux/app/TermuxService.java
agnostic-apollo,2021-03-19 21:18:25+05:00,app/src/main/java/com/termux/app/terminal/TermuxSessionClient.java
agnostic-apollo,2021-03-19 21:18:27+05:00,app/src/main/java/com/termux/app/TermuxService.java
agnostic-apollo,2021-03-19 21:18:27+05:00,app/src/main/java/com/termux/app/terminal/TermuxSessionClient.java
agnostic-apollo,2021-03-19 21:18:31+05:00,app/src/main/java/com/termux/app/TermuxConstants.java
agnostic-apollo,2021-03-19 21:18:33+05:00,app/src/main/java/com/termux/app/RunCommandService.java
agnostic-apollo,2021-03-19 21:18:33+05:00,app/src/main/java/com/termux/app/TermuxService.java
agnostic-apollo,2021-03-19 21:18:33+05:00,app/src/main/java/com/termux/app/utils/TextDataUtils.java
agnostic-apollo,2021-03-19 21:18:35+05:00,app/src/main/java/com/termux/app/RunCommandService.java
agnostic-apollo,2021-03-19 21:18:35+05:00,app/src/main/java/com/termux/app/utils/FileUtils.java
agnostic-apollo,2021-03-19 21:18:35+05:00,app/src/main/java/com/termux/app/utils/PluginUtils.java
agnostic-apollo,2021-03-19 21:18:35+05:00,app/src/main/res/values/strings.xml
agnostic-apollo,2021-03-19 21:18:37+05:00,app/src/main/java/com/termux/app/TermuxService.java
agnostic-apollo,2021-03-19 21:18:39+05:00,app/src/main/java/com/termux/app/TermuxService.java
agnostic-apollo,2021-03-19 22:49:06+05:00,app/src/main/java/com/termux/app/settings/DebuggingPreferencesFragment.java
agnostic-apollo,2021-03-19 22:49:06+05:00,app/src/main/java/com/termux/app/settings/preferences/TermuxAppSharedPreferences.java
agnostic-apollo,2021-03-19 22:49:06+05:00,app/src/main/java/com/termux/app/settings/preferences/TermuxPreferenceConstants.java
agnostic-apollo,2021-03-19 22:49:06+05:00,app/src/main/res/values/strings.xml
agnostic-apollo,2021-03-19 22:49:06+05:00,app/src/main/res/xml/debugging_preferences.xml
agnostic-apollo,2021-03-24 02:27:28+05:00,app/src/main/java/com/termux/app/settings/properties/SharedProperties.java
agnostic-apollo,2021-03-24 02:30:20+05:00,app/build.gradle
agnostic-apollo,2021-03-24 02:30:20+05:00,app/src/main/java/com/termux/app/utils/MarkdownUtils.java
agnostic-apollo,2021-03-24 02:31:22+05:00,app/src/main/java/com/termux/app/utils/ShareUtils.java
agnostic-apollo,2021-03-24 02:34:53+05:00,app/src/main/java/com/termux/app/utils/Logger.java
agnostic-apollo,2021-03-24 02:38:37+05:00,app/src/main/java/com/termux/app/utils/TermuxUtils.java
agnostic-apollo,2021-03-24 03:22:12+05:00,app/src/main/AndroidManifest.xml
agnostic-apollo,2021-03-24 03:22:12+05:00,app/src/main/java/com/termux/app/activities/ReportActivity.java
agnostic-apollo,2021-03-24 03:22:12+05:00,app/src/main/java/com/termux/models/ReportInfo.java
agnostic-apollo,2021-03-24 03:22:12+05:00,app/src/main/java/com/termux/models/UserAction.java
agnostic-apollo,2021-03-24 03:22:12+05:00,app/src/main/res/drawable/ic_copy.xml
agnostic-apollo,2021-03-24 03:22:12+05:00,app/src/main/res/drawable/ic_share.xml
agnostic-apollo,2021-03-24 03:22:12+05:00,app/src/main/res/layout/activity_report.xml
agnostic-apollo,2021-03-24 03:22:12+05:00,app/src/main/res/layout/activity_report_adapter_node_code_block.xml
agnostic-apollo,2021-03-24 03:22:12+05:00,app/src/main/res/layout/activity_report_adapter_node_default.xml
agnostic-apollo,2021-03-24 03:22:12+05:00,app/src/main/res/layout/toolbar_layout.xml
agnostic-apollo,2021-03-24 03:22:12+05:00,app/src/main/res/menu/menu_report.xml
agnostic-apollo,2021-03-24 03:22:12+05:00,app/src/main/res/values/colors.xml
agnostic-apollo,2021-03-24 03:22:12+05:00,app/src/main/res/values/dimens.xml
agnostic-apollo,2021-03-24 03:22:12+05:00,app/src/main/res/values/strings.xml
agnostic-apollo,2021-03-24 03:22:12+05:00,app/src/main/res/values/styles.xml
agnostic-apollo,2021-03-24 03:25:25+05:00,app/src/main/java/com/termux/app/settings/preferences/TermuxAppSharedPreferences.java
agnostic-apollo,2021-03-24 03:25:25+05:00,app/src/main/java/com/termux/app/settings/preferences/TermuxPreferenceConstants.java
agnostic-apollo,2021-03-24 03:25:25+05:00,app/src/main/java/com/termux/app/utils/NotificationUtils.java
agnostic-apollo,2021-03-24 03:48:24+05:00,app/src/main/java/com/termux/models/ExecutionCommand.java
agnostic-apollo,2021-03-24 03:51:57+05:00,app/src/main/java/com/termux/app/TermuxConstants.java
agnostic-apollo,2021-03-24 03:56:25+05:00,app/src/main/java/com/termux/app/RunCommandService.java
agnostic-apollo,2021-03-24 03:56:25+05:00,app/src/main/java/com/termux/app/utils/PluginUtils.java
agnostic-apollo,2021-03-24 03:56:25+05:00,app/src/main/java/com/termux/app/utils/TextDataUtils.java
agnostic-apollo,2021-03-24 03:56:25+05:00,app/src/main/res/drawable/ic_error_notification.xml
agnostic-apollo,2021-03-24 03:56:25+05:00,app/src/main/res/values/strings.xml
agnostic-apollo,2021-03-24 03:59:18+05:00,app/src/main/java/com/termux/app/BackgroundJob.java
agnostic-apollo,2021-03-24 03:59:18+05:00,app/src/main/java/com/termux/app/TermuxActivity.java
agnostic-apollo,2021-03-24 03:59:18+05:00,app/src/main/java/com/termux/app/TermuxService.java
agnostic-apollo,2021-03-24 03:59:18+05:00,app/src/main/java/com/termux/app/terminal/TermuxSessionClient.java
agnostic-apollo,2021-03-24 04:55:10+05:00,app/src/main/java/com/termux/app/TermuxInstaller.java
agnostic-apollo,2021-03-24 04:55:10+05:00,app/src/main/java/com/termux/app/TermuxService.java
agnostic-apollo,2021-03-24 04:55:10+05:00,app/src/main/res/values/strings.xml
agnostic-apollo,2021-03-24 04:57:35+05:00,app/src/main/java/com/termux/app/settings/properties/SharedProperties.java
agnostic-apollo,2021-03-24 05:13:00+05:00,app/src/main/AndroidManifest.xml
agnostic-apollo,2021-03-24 05:13:00+05:00,app/src/main/java/com/termux/app/TermuxActivity.java
agnostic-apollo,2021-03-24 05:13:00+05:00,app/src/main/java/com/termux/app/activities/HelpActivity.java
agnostic-apollo,2021-03-24 05:13:00+05:00,app/src/main/java/com/termux/app/activities/SettingsActivity.java
agnostic-apollo,2021-03-24 05:13:00+05:00,app/src/main/java/com/termux/app/fragments/settings/DebuggingPreferencesFragment.java
agnostic-apollo,2021-03-24 05:13:00+05:00,app/src/main/res/xml/root_preferences.xml
agnostic-apollo,2021-03-24 05:28:38+05:00,app/src/main/java/com/termux/app/TermuxActivity.java
agnostic-apollo,2021-03-24 05:28:38+05:00,app/src/main/java/com/termux/app/activities/SettingsActivity.java
agnostic-apollo,2021-03-24 05:28:38+05:00,app/src/main/java/com/termux/app/terminal/TermuxSessionsListViewController.java
agnostic-apollo,2021-03-24 05:28:38+05:00,app/src/main/java/com/termux/app/terminal/io/TerminalToolbarViewPager.java
agnostic-apollo,2021-03-24 05:28:38+05:00,app/src/main/res/drawable/session_background_black_selected.xml
agnostic-apollo,2021-03-24 05:28:38+05:00,app/src/main/res/drawable/session_background_selected.xml
agnostic-apollo,2021-03-24 05:28:38+05:00,app/src/main/res/layout/activity_report.xml
agnostic-apollo,2021-03-24 05:28:38+05:00,app/src/main/res/layout/activity_settings.xml
agnostic-apollo,2021-03-24 05:28:38+05:00,app/src/main/res/layout/activity_termux.xml
agnostic-apollo,2021-03-24 05:28:38+05:00,app/src/main/res/layout/item_terminal_sessions_list.xml
agnostic-apollo,2021-03-24 05:28:38+05:00,app/src/main/res/layout/partial_toolbar.xml
agnostic-apollo,2021-03-24 05:28:38+05:00,app/src/main/res/layout/view_terminal_toolbar_extra_keys.xml
agnostic-apollo,2021-03-24 05:28:38+05:00,app/src/main/res/layout/view_terminal_toolbar_text_input.xml
agnostic-apollo,2021-03-24 06:15:45+05:00,app/src/main/AndroidManifest.xml
agnostic-apollo,2021-03-24 06:15:45+05:00,app/src/main/java/com/termux/app/RunCommandService.java
agnostic-apollo,2021-03-24 06:15:45+05:00,app/src/main/java/com/termux/app/TermuxActivity.java
agnostic-apollo,2021-03-24 06:15:45+05:00,app/src/main/java/com/termux/app/activities/ReportActivity.java
agnostic-apollo,2021-03-24 06:15:45+05:00,app/src/main/java/com/termux/app/terminal/TermuxSessionClient.java
agnostic-apollo,2021-03-24 06:15:45+05:00,app/src/main/java/com/termux/app/terminal/TermuxViewClient.java
agnostic-apollo,2021-03-24 06:15:45+05:00,app/src/main/java/com/termux/app/utils/FileUtils.java
agnostic-apollo,2021-03-24 06:15:45+05:00,app/src/main/java/com/termux/app/utils/PluginUtils.java
agnostic-apollo,2021-03-24 06:15:45+05:00,app/src/main/java/com/termux/app/utils/ShareUtils.java
agnostic-apollo,2021-03-24 06:15:45+05:00,app/src/main/java/com/termux/filepicker/TermuxDocumentsProvider.java
agnostic-apollo,2021-03-24 06:15:45+05:00,app/src/main/java/com/termux/filepicker/TermuxFileReceiverActivity.java
agnostic-apollo,2021-03-24 06:15:45+05:00,app/src/main/res/layout/activity_termux.xml
agnostic-apollo,2021-03-24 06:15:45+05:00,app/src/main/res/menu/menu_report.xml
agnostic-apollo,2021-03-24 06:15:45+05:00,app/src/main/res/values/strings.xml
agnostic-apollo,2021-03-24 06:15:45+05:00,app/src/main/res/xml/shortcuts.xml
agnostic-apollo,2021-03-24 06:30:26+05:00,app/src/main/res/layout/activity_report.xml
agnostic-apollo,2021-03-24 06:30:26+05:00,app/src/main/res/layout/activity_report_adapter_node_default.xml
agnostic-apollo,2021-03-24 06:33:09+05:00,app/src/main/java/com/termux/app/activities/ReportActivity.java
agnostic-apollo,2021-03-24 06:47:12+05:00,app/src/main/res/layout/activity_termux.xml
agnostic-apollo,2021-03-24 06:47:12+05:00,app/src/main/res/values/strings.xml
agnostic-apollo,2021-03-24 06:47:12+05:00,app/src/main/res/xml/shortcuts.xml
agnostic-apollo,2021-03-24 06:48:47+05:00,app/src/main/res/drawable/ic_settings.xml
agnostic-apollo,2021-03-24 06:48:47+05:00,app/src/main/res/xml/shortcuts.xml
agnostic-apollo,2021-03-24 06:52:17+05:00,app/src/main/java/com/termux/app/settings/preferences/TermuxPreferenceConstants.java
agnostic-apollo,2021-03-25 01:13:51+05:00,app/src/main/java/com/termux/app/BackgroundJob.java
agnostic-apollo,2021-03-25 01:13:51+05:00,app/src/main/java/com/termux/app/utils/ShellUtils.java
agnostic-apollo,2021-03-25 01:18:13+05:00,app/src/main/java/com/termux/app/TermuxActivity.java
agnostic-apollo,2021-03-25 01:18:13+05:00,app/src/main/java/com/termux/app/TermuxService.java
agnostic-apollo,2021-03-25 01:18:13+05:00,app/src/main/java/com/termux/app/terminal/TermuxSession.java
agnostic-apollo,2021-03-25 01:18:13+05:00,app/src/main/java/com/termux/app/terminal/TermuxSessionClient.java
agnostic-apollo,2021-03-25 01:18:13+05:00,app/src/main/java/com/termux/app/terminal/TermuxSessionsListViewController.java
agnostic-apollo,2021-03-25 01:18:13+05:00,app/src/main/java/com/termux/app/terminal/TermuxViewClient.java
agnostic-apollo,2021-03-25 09:02:35+05:00,app/src/main/java/com/termux/app/BackgroundJob.java
agnostic-apollo,2021-03-25 09:02:59+05:00,app/src/main/java/com/termux/app/TermuxConstants.java
agnostic-apollo,2021-03-25 09:08:45+05:00,app/src/main/java/com/termux/app/terminal/TermuxViewClient.java
agnostic-apollo,2021-03-25 09:08:45+05:00,app/src/main/java/com/termux/app/utils/TextDataUtils.java
agnostic-apollo,2021-03-25 09:20:09+05:00,app/src/main/java/com/termux/app/RunCommandService.java
agnostic-apollo,2021-03-25 09:20:09+05:00,app/src/main/java/com/termux/models/ExecutionCommand.java
agnostic-apollo,2021-03-25 09:47:59+05:00,app/src/main/java/com/termux/app/TermuxService.java
agnostic-apollo,2021-03-25 09:47:59+05:00,app/src/main/java/com/termux/app/terminal/StreamGobbler.java
agnostic-apollo,2021-03-25 09:47:59+05:00,app/src/main/java/com/termux/app/terminal/TermuxTask.java
agnostic-apollo,2021-03-25 09:47:59+05:00,app/src/main/java/com/termux/app/utils/PluginUtils.java
agnostic-apollo,2021-03-25 10:10:19+05:00,app/src/main/java/com/termux/app/RunCommandService.java
agnostic-apollo,2021-03-25 10:10:19+05:00,app/src/main/res/values/strings.xml
agnostic-apollo,2021-03-25 10:11:43+05:00,app/src/main/java/com/termux/models/ExecutionCommand.java
agnostic-apollo,2021-03-25 11:00:00+05:00,app/src/main/java/com/termux/app/RunCommandService.java
agnostic-apollo,2021-03-25 11:00:00+05:00,app/src/main/java/com/termux/app/TermuxActivity.java
agnostic-apollo,2021-03-25 11:00:00+05:00,app/src/main/java/com/termux/app/TermuxService.java
agnostic-apollo,2021-03-25 11:00:00+05:00,app/src/main/java/com/termux/app/activities/ReportActivity.java
agnostic-apollo,2021-03-25 11:52:26+05:00,gradle.properties
agnostic-apollo,2021-03-25 12:04:09+05:00,app/src/main/java/com/termux/app/TermuxService.java
agnostic-apollo,2021-03-25 12:04:09+05:00,app/src/main/java/com/termux/app/utils/PermissionUtils.java
agnostic-apollo,2021-03-25 12:04:09+05:00,app/src/main/res/values/strings.xml
agnostic-apollo,2021-03-25 12:30:59+05:00,app/src/main/java/com/termux/app/TermuxActivity.java
agnostic-apollo,2021-03-25 12:30:59+05:00,app/src/main/java/com/termux/app/settings/properties/TermuxPropertyConstants.java
agnostic-apollo,2021-03-25 12:30:59+05:00,app/src/main/java/com/termux/app/settings/properties/TermuxSharedProperties.java
agnostic-apollo,2021-03-25 21:17:54+05:00,app/src/main/java/com/termux/app/TermuxConstants.java
agnostic-apollo,2021-03-25 23:01:45+05:00,app/src/main/java/com/termux/app/terminal/TermuxSessionClient.java
agnostic-apollo,2021-03-25 23:05:55+05:00,app/src/main/java/com/termux/app/RunCommandService.java
agnostic-apollo,2021-03-25 23:05:55+05:00,app/src/main/java/com/termux/app/TermuxService.java
agnostic-apollo,2021-03-25 23:05:55+05:00,app/src/main/java/com/termux/app/terminal/TermuxSession.java
agnostic-apollo,2021-03-25 23:05:55+05:00,app/src/main/java/com/termux/app/terminal/TermuxTask.java
agnostic-apollo,2021-03-25 23:05:55+05:00,app/src/main/java/com/termux/models/ExecutionCommand.java
agnostic-apollo,2021-03-25 23:05:55+05:00,app/src/main/res/values/strings.xml
agnostic-apollo,2021-03-25 23:30:36+05:00,app/src/main/java/com/termux/app/TermuxConstants.java
agnostic-apollo,2021-03-26 01:25:15+05:00,app/src/main/java/com/termux/app/RunCommandService.java
agnostic-apollo,2021-03-26 01:25:15+05:00,app/src/main/java/com/termux/app/TermuxActivity.java
agnostic-apollo,2021-03-26 01:25:15+05:00,app/src/main/res/values/strings.xml
agnostic-apollo,2021-03-26 01:26:53+05:00,app/src/main/java/com/termux/app/activities/ReportActivity.java
agnostic-apollo,2021-03-26 01:26:53+05:00,app/src/main/res/layout/activity_report_adapter_node_code_block.xml
agnostic-apollo,2021-03-26 01:26:53+05:00,app/src/main/res/layout/activity_report_adapter_node_default.xml
agnostic-apollo,2021-03-26 02:11:09+05:00,terminal-emulator/src/test/java/com/termux/terminal/TerminalTestCase.java
agnostic-apollo,2021-03-26 16:33:46+05:00,app/src/main/java/com/termux/app/RunCommandService.java
agnostic-apollo,2021-03-26 16:33:46+05:00,app/src/main/java/com/termux/app/terminal/TermuxSession.java
agnostic-apollo,2021-03-26 16:33:46+05:00,app/src/main/java/com/termux/app/utils/PluginUtils.java
agnostic-apollo,2021-03-27 07:55:21+05:00,app/src/main/java/com/termux/app/TermuxActivity.java
agnostic-apollo,2021-03-27 07:55:21+05:00,app/src/main/java/com/termux/app/fragments/settings/DebuggingPreferencesFragment.java
agnostic-apollo,2021-03-27 07:55:21+05:00,app/src/main/java/com/termux/app/fragments/settings/TerminalIOPreferencesFragment.java
agnostic-apollo,2021-03-27 07:55:21+05:00,app/src/main/java/com/termux/app/settings/preferences/TermuxAppSharedPreferences.java
agnostic-apollo,2021-03-27 07:55:21+05:00,app/src/main/java/com/termux/app/settings/preferences/TermuxPreferenceConstants.java
agnostic-apollo,2021-03-27 07:55:21+05:00,app/src/main/res/values/strings.xml
agnostic-apollo,2021-03-27 07:55:21+05:00,app/src/main/res/xml/root_preferences.xml
agnostic-apollo,2021-03-27 07:55:21+05:00,app/src/main/res/xml/terminal_io_preferences.xml
agnostic-apollo,2021-03-27 19:08:26+05:00,app/src/main/java/com/termux/app/RunCommandService.java
agnostic-apollo,2021-03-27 19:08:26+05:00,app/src/main/java/com/termux/app/TermuxService.java
agnostic-apollo,2021-03-27 19:08:26+05:00,app/src/main/java/com/termux/app/activities/ReportActivity.java
agnostic-apollo,2021-03-27 19:08:26+05:00,app/src/main/java/com/termux/app/models/ExecutionCommand.java
agnostic-apollo,2021-03-27 19:08:26+05:00,app/src/main/java/com/termux/app/models/ReportInfo.java
agnostic-apollo,2021-03-27 19:08:26+05:00,app/src/main/java/com/termux/app/models/UserAction.java
agnostic-apollo,2021-03-27 19:08:26+05:00,app/src/main/java/com/termux/app/terminal/TermuxSession.java
agnostic-apollo,2021-03-27 19:08:26+05:00,app/src/main/java/com/termux/app/terminal/TermuxTask.java
agnostic-apollo,2021-03-27 19:08:26+05:00,app/src/main/java/com/termux/app/utils/PluginUtils.java
agnostic-apollo,2021-03-28 09:06:17+05:00,app/src/main/java/com/termux/app/activities/ReportActivity.java
agnostic-apollo,2021-03-28 09:06:17+05:00,app/src/main/java/com/termux/app/models/ExecutionCommand.java
agnostic-apollo,2021-03-28 09:06:17+05:00,app/src/main/java/com/termux/app/models/ReportInfo.java
agnostic-apollo,2021-03-28 09:06:17+05:00,app/src/main/java/com/termux/app/settings/preferences/TermuxAppSharedPreferences.java
agnostic-apollo,2021-03-28 09:06:17+05:00,app/src/main/java/com/termux/app/utils/Logger.java
agnostic-apollo,2021-03-28 09:06:17+05:00,app/src/main/java/com/termux/app/utils/PackageUtils.java
agnostic-apollo,2021-03-28 09:06:17+05:00,app/src/main/java/com/termux/app/utils/PluginUtils.java
agnostic-apollo,2021-03-28 09:06:17+05:00,app/src/main/java/com/termux/app/utils/TermuxUtils.java
agnostic-apollo,2021-03-28 09:08:45+05:00,app/src/main/java/com/termux/app/RunCommandService.java
agnostic-apollo,2021-03-28 09:08:45+05:00,app/src/main/java/com/termux/app/TermuxService.java
agnostic-apollo,2021-03-28 09:08:45+05:00,app/src/main/java/com/termux/app/models/ExecutionCommand.java
agnostic-apollo,2021-03-28 09:08:45+05:00,app/src/main/java/com/termux/app/settings/preferences/TermuxAppSharedPreferences.java
agnostic-apollo,2021-03-28 09:08:45+05:00,app/src/main/java/com/termux/app/settings/properties/TermuxSharedProperties.java
agnostic-apollo,2021-03-28 09:08:45+05:00,app/src/main/java/com/termux/app/terminal/TermuxViewClient.java
agnostic-apollo,2021-03-28 09:08:45+05:00,app/src/main/java/com/termux/app/utils/DataUtils.java
agnostic-apollo,2021-03-28 09:08:45+05:00,app/src/main/java/com/termux/app/utils/PluginUtils.java
agnostic-apollo,2021-03-28 09:08:45+05:00,app/src/test/java/com/termux/app/TermuxActivityTest.java
agnostic-apollo,2021-03-29 07:20:39+05:00,app/src/main/java/com/termux/app/terminal/TermuxSession.java
agnostic-apollo,2021-03-29 07:20:39+05:00,app/src/main/java/com/termux/app/terminal/TermuxTask.java
agnostic-apollo,2021-03-29 07:20:39+05:00,app/src/main/java/com/termux/app/utils/ShellUtils.java
agnostic-apollo,2021-04-05 23:18:43+05:00,app/src/main/java/com/termux/app/shell/StreamGobbler.java
agnostic-apollo,2021-04-05 23:18:43+05:00,app/src/main/java/com/termux/app/terminal/TermuxTask.java
agnostic-apollo,2021-04-05 23:21:13+05:00,app/src/main/java/com/termux/app/models/ExecutionCommand.java
agnostic-apollo,2021-04-05 23:21:13+05:00,app/src/main/java/com/termux/app/utils/DataUtils.java
agnostic-apollo,2021-04-05 23:21:13+05:00,app/src/main/java/com/termux/app/utils/Logger.java
agnostic-apollo,2021-04-05 23:22:04+05:00,build.gradle
agnostic-apollo,2021-04-05 23:26:47+05:00,app/src/main/java/com/termux/app/TermuxService.java
agnostic-apollo,2021-04-05 23:26:47+05:00,app/src/main/java/com/termux/app/shell/ShellUtils.java
agnostic-apollo,2021-04-05 23:26:47+05:00,app/src/main/java/com/termux/app/terminal/TermuxSession.java
agnostic-apollo,2021-04-05 23:26:47+05:00,app/src/main/java/com/termux/app/terminal/TermuxTask.java
agnostic-apollo,2021-04-06 06:00:05+05:00,app/build.gradle
agnostic-apollo,2021-04-06 06:00:05+05:00,app/src/main/java/com/termux/app/RunCommandService.java
agnostic-apollo,2021-04-06 06:00:05+05:00,app/src/main/java/com/termux/app/file/FileUtils.java
agnostic-apollo,2021-04-06 06:00:05+05:00,app/src/main/java/com/termux/app/file/filesystem/FileAttributes.java
agnostic-apollo,2021-04-06 06:00:05+05:00,app/src/main/java/com/termux/app/file/filesystem/FileKey.java
agnostic-apollo,2021-04-06 06:00:05+05:00,app/src/main/java/com/termux/app/file/filesystem/FilePermission.java
agnostic-apollo,2021-04-06 06:00:05+05:00,app/src/main/java/com/termux/app/file/filesystem/FilePermissions.java
agnostic-apollo,2021-04-06 06:00:05+05:00,app/src/main/java/com/termux/app/file/filesystem/FileTime.java
agnostic-apollo,2021-04-06 06:00:05+05:00,app/src/main/java/com/termux/app/file/filesystem/FileType.java
agnostic-apollo,2021-04-06 06:00:05+05:00,app/src/main/java/com/termux/app/file/filesystem/FileTypes.java
agnostic-apollo,2021-04-06 06:00:05+05:00,app/src/main/java/com/termux/app/file/filesystem/NativeDispatcher.java
agnostic-apollo,2021-04-06 06:00:05+05:00,app/src/main/java/com/termux/app/file/filesystem/UnixConstants.java
agnostic-apollo,2021-04-06 06:00:05+05:00,app/src/main/java/com/termux/app/file/tests/FileUtilsTests.java
agnostic-apollo,2021-04-06 06:00:05+05:00,app/src/main/java/com/termux/app/utils/FileUtils.java
agnostic-apollo,2021-04-06 06:00:05+05:00,app/src/main/res/values/strings.xml
agnostic-apollo,2021-04-06 06:00:21+05:00,app/src/main/java/com/termux/app/TermuxActivity.java
agnostic-apollo,2021-04-06 06:00:21+05:00,app/src/main/java/com/termux/app/TermuxInstaller.java
agnostic-apollo,2021-04-06 06:00:41+05:00,app/src/main/java/com/termux/app/TermuxService.java
agnostic-apollo,2021-04-06 06:00:41+05:00,app/src/main/java/com/termux/app/shell/ShellUtils.java
agnostic-apollo,2021-04-06 12:19:37+05:00,app/src/main/java/com/termux/app/TermuxConstants.java
agnostic-apollo,2021-04-06 12:21:22+05:00,app/src/main/java/com/termux/app/RunCommandService.java
agnostic-apollo,2021-04-06 12:21:22+05:00,app/src/main/res/values/strings.xml
agnostic-apollo,2021-04-06 12:23:00+05:00,app/src/main/java/com/termux/app/utils/Logger.java
agnostic-apollo,2021-04-06 12:48:56+05:00,app/src/main/java/com/termux/app/fragments/settings/DebuggingPreferencesFragment.java
agnostic-apollo,2021-04-06 12:48:56+05:00,app/src/main/java/com/termux/app/settings/preferences/TermuxAppSharedPreferences.java
agnostic-apollo,2021-04-06 12:48:56+05:00,app/src/main/java/com/termux/app/settings/preferences/TermuxPreferenceConstants.java
agnostic-apollo,2021-04-06 12:48:56+05:00,app/src/main/res/values/strings.xml
agnostic-apollo,2021-04-06 12:48:56+05:00,app/src/main/res/xml/debugging_preferences.xml
agnostic-apollo,2021-04-06 13:27:43+05:00,app/src/main/AndroidManifest.xml
agnostic-apollo,2021-04-06 13:27:43+05:00,app/src/main/res/xml/shortcuts.xml
agnostic-apollo,2021-04-06 16:13:28+05:00,app/src/main/java/com/termux/app/TermuxConstants.java
agnostic-apollo,2021-04-06 16:15:00+05:00,app/src/main/java/com/termux/app/TermuxActivity.java
agnostic-apollo,2021-04-06 16:15:00+05:00,app/src/main/java/com/termux/app/TermuxApplication.java
agnostic-apollo,2021-04-06 16:15:00+05:00,app/src/main/java/com/termux/app/activities/ReportActivity.java
agnostic-apollo,2021-04-06 16:15:00+05:00,app/src/main/java/com/termux/app/crash/CrashHandler.java
agnostic-apollo,2021-04-06 16:15:00+05:00,app/src/main/java/com/termux/app/crash/CrashUtils.java
agnostic-apollo,2021-04-06 16:15:00+05:00,app/src/main/java/com/termux/app/models/ExecutionCommand.java
agnostic-apollo,2021-04-06 16:15:00+05:00,app/src/main/java/com/termux/app/models/ReportInfo.java
agnostic-apollo,2021-04-06 16:15:00+05:00,app/src/main/java/com/termux/app/models/UserAction.java
agnostic-apollo,2021-04-06 16:15:00+05:00,app/src/main/java/com/termux/app/utils/MarkdownUtils.java
agnostic-apollo,2021-04-06 16:15:00+05:00,app/src/main/java/com/termux/app/utils/PluginUtils.java
agnostic-apollo,2021-04-06 16:15:00+05:00,app/src/main/java/com/termux/app/utils/TermuxUtils.java
agnostic-apollo,2021-04-06 16:15:00+05:00,app/src/main/res/values/strings.xml
agnostic-apollo,2021-04-06 16:15:50+05:00,app/proguard-rules.pro
agnostic-apollo,2021-04-06 17:09:54+05:00,app/src/main/java/com/termux/app/TermuxActivity.java
agnostic-apollo,2021-04-06 17:09:54+05:00,app/src/main/java/com/termux/app/models/UserAction.java
agnostic-apollo,2021-04-06 17:09:54+05:00,app/src/main/java/com/termux/app/terminal/TermuxViewClient.java
agnostic-apollo,2021-04-06 17:09:54+05:00,app/src/main/java/com/termux/app/utils/TermuxUtils.java
agnostic-apollo,2021-04-06 17:09:54+05:00,app/src/main/res/values/strings.xml
agnostic-apollo,2021-04-06 17:13:28+05:00,app/src/main/java/com/termux/app/utils/ShareUtils.java
agnostic-apollo,2021-04-06 17:17:12+05:00,app/src/main/java/com/termux/app/activities/ReportActivity.java
agnostic-apollo,2021-04-06 17:17:12+05:00,app/src/main/java/com/termux/app/crash/CrashHandler.java
agnostic-apollo,2021-04-06 17:17:12+05:00,app/src/main/java/com/termux/app/crash/CrashUtils.java
agnostic-apollo,2021-04-06 17:17:12+05:00,app/src/main/java/com/termux/app/file/FileUtils.java
agnostic-apollo,2021-04-06 17:17:12+05:00,app/src/main/java/com/termux/app/file/filesystem/FileTypes.java
agnostic-apollo,2021-04-06 17:17:12+05:00,app/src/main/java/com/termux/app/file/filesystem/NativeDispatcher.java
agnostic-apollo,2021-04-06 17:17:12+05:00,app/src/main/java/com/termux/app/models/ExecutionCommand.java
agnostic-apollo,2021-04-06 17:17:12+05:00,app/src/main/java/com/termux/app/models/ReportInfo.java
agnostic-apollo,2021-04-06 17:17:12+05:00,app/src/main/java/com/termux/app/settings/properties/SharedProperties.java
agnostic-apollo,2021-04-06 17:17:12+05:00,app/src/main/java/com/termux/app/settings/properties/TermuxSharedProperties.java
agnostic-apollo,2021-04-06 17:17:12+05:00,app/src/main/java/com/termux/app/terminal/TermuxSessionClient.java
agnostic-apollo,2021-04-06 17:17:12+05:00,app/src/main/java/com/termux/app/terminal/TermuxSessionsListViewController.java
agnostic-apollo,2021-04-06 17:17:12+05:00,app/src/main/java/com/termux/app/terminal/io/TerminalToolbarViewPager.java
agnostic-apollo,2021-04-06 17:17:12+05:00,app/src/main/java/com/termux/app/utils/DataUtils.java
agnostic-apollo,2021-04-06 17:17:12+05:00,terminal-view/src/main/java/com/termux/view/textselection/TextSelectionHandleView.java
agnostic-apollo,2021-04-06 17:23:12+05:00,app/src/main/java/com/termux/app/settings/preferences/TermuxTaskerAppSharedPreferences.java
agnostic-apollo,2021-04-07 11:31:30+05:00,app/build.gradle
agnostic-apollo,2021-04-07 11:31:30+05:00,app/src/main/java/com/termux/app/RunCommandService.java
agnostic-apollo,2021-04-07 11:31:30+05:00,app/src/main/java/com/termux/app/TermuxActivity.java
agnostic-apollo,2021-04-07 11:31:30+05:00,app/src/main/java/com/termux/app/TermuxApplication.java
agnostic-apollo,2021-04-07 11:31:30+05:00,app/src/main/java/com/termux/app/TermuxInstaller.java
agnostic-apollo,2021-04-07 11:31:30+05:00,app/src/main/java/com/termux/app/TermuxOpenReceiver.java
agnostic-apollo,2021-04-07 11:31:30+05:00,app/src/main/java/com/termux/app/TermuxService.java
agnostic-apollo,2021-04-07 11:31:30+05:00,app/src/main/java/com/termux/app/activities/ReportActivity.java
agnostic-apollo,2021-04-07 11:31:30+05:00,app/src/main/java/com/termux/app/crash/CrashHandler.java
agnostic-apollo,2021-04-07 11:31:30+05:00,app/src/main/java/com/termux/app/fragments/settings/DebuggingPreferencesFragment.java
agnostic-apollo,2021-04-07 11:31:30+05:00,app/src/main/java/com/termux/app/fragments/settings/TerminalIOPreferencesFragment.java
agnostic-apollo,2021-04-07 11:31:30+05:00,app/src/main/java/com/termux/app/models/ExecutionCommand.java
agnostic-apollo,2021-04-07 11:31:30+05:00,app/src/main/java/com/termux/app/models/ReportInfo.java
agnostic-apollo,2021-04-07 11:31:30+05:00,app/src/main/java/com/termux/app/settings/properties/TermuxAppSharedProperties.java
agnostic-apollo,2021-04-07 11:31:30+05:00,app/src/main/java/com/termux/app/terminal/TermuxSession.java
agnostic-apollo,2021-04-07 11:31:30+05:00,app/src/main/java/com/termux/app/terminal/TermuxSessionClient.java
agnostic-apollo,2021-04-07 11:31:30+05:00,app/src/main/java/com/termux/app/terminal/TermuxSessionClientBase.java
agnostic-apollo,2021-04-07 11:31:30+05:00,app/src/main/java/com/termux/app/terminal/TermuxTask.java
agnostic-apollo,2021-04-07 11:31:30+05:00,app/src/main/java/com/termux/app/terminal/TermuxViewClient.java
agnostic-apollo,2021-04-07 11:31:30+05:00,app/src/main/java/com/termux/app/terminal/io/BellHandler.java
agnostic-apollo,2021-04-07 11:31:30+05:00,app/src/main/java/com/termux/app/terminal/io/extrakeys/ExtraKeyButton.java
agnostic-apollo,2021-04-07 11:31:30+05:00,app/src/main/java/com/termux/app/terminal/io/extrakeys/ExtraKeysInfo.java
agnostic-apollo,2021-04-07 11:31:30+05:00,app/src/main/java/com/termux/app/utils/CrashUtils.java
agnostic-apollo,2021-04-07 11:31:30+05:00,app/src/main/java/com/termux/app/utils/PluginUtils.java
agnostic-apollo,2021-04-07 11:31:30+05:00,app/src/main/java/com/termux/filepicker/TermuxDocumentsProvider.java
agnostic-apollo,2021-04-07 11:31:30+05:00,app/src/main/java/com/termux/filepicker/TermuxFileReceiverActivity.java
agnostic-apollo,2021-04-07 11:31:30+05:00,app/src/main/res/values/colors.xml
agnostic-apollo,2021-04-07 11:31:30+05:00,app/src/main/res/values/strings.xml
agnostic-apollo,2021-04-07 11:31:30+05:00,app/src/test/java/com/termux/app/TermuxActivityTest.java
agnostic-apollo,2021-04-07 11:31:30+05:00,gradle.properties
agnostic-apollo,2021-04-07 11:31:30+05:00,settings.gradle
agnostic-apollo,2021-04-07 11:31:30+05:00,terminal-emulator/build.gradle
agnostic-apollo,2021-04-07 11:31:30+05:00,terminal-view/src/main/java/com/termux/view/TerminalView.java
agnostic-apollo,2021-04-07 11:31:30+05:00,terminal-view/src/main/java/com/termux/view/TerminalViewClient.java
agnostic-apollo,2021-04-07 11:31:30+05:00,termux-shared/.gitignore
agnostic-apollo,2021-04-07 11:31:30+05:00,termux-shared/build.gradle
agnostic-apollo,2021-04-07 11:31:30+05:00,termux-shared/proguard-rules.pro
agnostic-apollo,2021-04-07 11:31:30+05:00,termux-shared/src/androidTest/java/com/termux/shared/ExampleInstrumentedTest.java
agnostic-apollo,2021-04-07 11:31:30+05:00,termux-shared/src/main/AndroidManifest.xml
agnostic-apollo,2021-04-07 11:31:30+05:00,termux-shared/src/main/java/com/termux/shared/crash/CrashHandler.java
agnostic-apollo,2021-04-07 11:31:30+05:00,termux-shared/src/main/java/com/termux/shared/data/DataUtils.java
agnostic-apollo,2021-04-07 11:31:30+05:00,termux-shared/src/main/java/com/termux/shared/file/FileUtils.java
agnostic-apollo,2021-04-07 11:31:30+05:00,termux-shared/src/main/java/com/termux/shared/file/filesystem/FileAttributes.java
agnostic-apollo,2021-04-07 11:31:30+05:00,termux-shared/src/main/java/com/termux/shared/file/filesystem/FileKey.java
agnostic-apollo,2021-04-07 11:31:30+05:00,termux-shared/src/main/java/com/termux/shared/file/filesystem/FilePermission.java
agnostic-apollo,2021-04-07 11:31:30+05:00,termux-shared/src/main/java/com/termux/shared/file/filesystem/FilePermissions.java
agnostic-apollo,2021-04-07 11:31:30+05:00,termux-shared/src/main/java/com/termux/shared/file/filesystem/FileTime.java
agnostic-apollo,2021-04-07 11:31:30+05:00,termux-shared/src/main/java/com/termux/shared/file/filesystem/FileType.java
agnostic-apollo,2021-04-07 11:31:30+05:00,termux-shared/src/main/java/com/termux/shared/file/filesystem/FileTypes.java
agnostic-apollo,2021-04-07 11:31:30+05:00,termux-shared/src/main/java/com/termux/shared/file/filesystem/NativeDispatcher.java
agnostic-apollo,2021-04-07 11:31:30+05:00,termux-shared/src/main/java/com/termux/shared/file/filesystem/UnixConstants.java
agnostic-apollo,2021-04-07 11:31:30+05:00,termux-shared/src/main/java/com/termux/shared/file/tests/FileUtilsTests.java
agnostic-apollo,2021-04-07 11:31:30+05:00,termux-shared/src/main/java/com/termux/shared/interact/DialogUtils.java
agnostic-apollo,2021-04-07 11:31:30+05:00,termux-shared/src/main/java/com/termux/shared/interact/ShareUtils.java
agnostic-apollo,2021-04-07 11:31:30+05:00,termux-shared/src/main/java/com/termux/shared/logger/Logger.java
agnostic-apollo,2021-04-07 11:31:30+05:00,termux-shared/src/main/java/com/termux/shared/markdown/MarkdownUtils.java
agnostic-apollo,2021-04-07 11:31:30+05:00,termux-shared/src/main/java/com/termux/shared/notification/NotificationUtils.java
agnostic-apollo,2021-04-07 11:31:30+05:00,termux-shared/src/main/java/com/termux/shared/packages/PackageUtils.java
agnostic-apollo,2021-04-07 11:31:30+05:00,termux-shared/src/main/java/com/termux/shared/packages/PermissionUtils.java
agnostic-apollo,2021-04-07 11:31:30+05:00,termux-shared/src/main/java/com/termux/shared/settings/preferences/SharedPreferenceUtils.java
agnostic-apollo,2021-04-07 11:31:30+05:00,termux-shared/src/main/java/com/termux/shared/settings/preferences/TermuxAppSharedPreferences.java
agnostic-apollo,2021-04-07 11:31:30+05:00,termux-shared/src/main/java/com/termux/shared/settings/preferences/TermuxPreferenceConstants.java
agnostic-apollo,2021-04-07 11:31:30+05:00,termux-shared/src/main/java/com/termux/shared/settings/preferences/TermuxTaskerAppSharedPreferences.java
agnostic-apollo,2021-04-07 11:31:30+05:00,termux-shared/src/main/java/com/termux/shared/settings/properties/SharedProperties.java
agnostic-apollo,2021-04-07 11:31:30+05:00,termux-shared/src/main/java/com/termux/shared/settings/properties/SharedPropertiesParser.java
agnostic-apollo,2021-04-07 11:31:30+05:00,termux-shared/src/main/java/com/termux/shared/settings/properties/TermuxPropertyConstants.java
agnostic-apollo,2021-04-07 11:31:30+05:00,termux-shared/src/main/java/com/termux/shared/settings/properties/TermuxSharedProperties.java
agnostic-apollo,2021-04-07 11:31:30+05:00,termux-shared/src/main/java/com/termux/shared/shell/ShellUtils.java
agnostic-apollo,2021-04-07 11:31:30+05:00,termux-shared/src/main/java/com/termux/shared/shell/StreamGobbler.java
agnostic-apollo,2021-04-07 11:31:30+05:00,termux-shared/src/main/java/com/termux/shared/termux/TermuxConstants.java
agnostic-apollo,2021-04-07 11:31:30+05:00,termux-shared/src/main/java/com/termux/shared/termux/TermuxUtils.java
agnostic-apollo,2021-04-07 11:31:30+05:00,termux-shared/src/main/res/values/colors.xml
agnostic-apollo,2021-04-07 11:31:30+05:00,termux-shared/src/main/res/values/strings.xml
agnostic-apollo,2021-04-07 11:32:22+05:00,.github/workflows/publish_libraries.yml
agnostic-apollo,2021-04-08 03:26:43+05:00,app/src/main/java/com/termux/app/RunCommandService.java
agnostic-apollo,2021-04-10 02:32:21+05:00,termux-shared/src/main/java/com/termux/shared/shell/StreamGobbler.java
agnostic-apollo,2021-04-11 02:28:00+05:00,termux-shared/src/main/java/com/termux/shared/termux/TermuxConstants.java
agnostic-apollo,2021-04-11 02:29:00+05:00,termux-shared/src/main/java/com/termux/shared/termux/TermuxUtils.java
agnostic-apollo,2021-04-11 02:29:00+05:00,termux-shared/src/main/res/values/strings.xml
agnostic-apollo,2021-04-12 14:26:53+05:00,app/src/main/java/com/termux/app/RunCommandService.java
agnostic-apollo,2021-04-12 14:26:53+05:00,app/src/main/java/com/termux/app/TermuxService.java
agnostic-apollo,2021-04-12 14:26:53+05:00,app/src/main/java/com/termux/app/terminal/TermuxSession.java
agnostic-apollo,2021-04-12 14:26:53+05:00,app/src/main/java/com/termux/app/terminal/TermuxSessionClient.java
agnostic-apollo,2021-04-12 14:26:53+05:00,app/src/main/java/com/termux/app/terminal/TermuxSessionsListViewController.java
agnostic-apollo,2021-04-12 14:26:53+05:00,app/src/main/java/com/termux/app/terminal/TermuxTask.java
agnostic-apollo,2021-04-12 14:26:53+05:00,app/src/main/java/com/termux/app/terminal/TermuxViewClient.java
agnostic-apollo,2021-04-12 14:26:53+05:00,app/src/main/java/com/termux/app/utils/PluginUtils.java
agnostic-apollo,2021-04-12 14:26:53+05:00,app/src/main/res/values/strings.xml
agnostic-apollo,2021-04-12 14:26:53+05:00,termux-shared/build.gradle
agnostic-apollo,2021-04-12 14:26:53+05:00,termux-shared/src/main/java/com/termux/shared/models/ExecutionCommand.java
agnostic-apollo,2021-04-12 14:26:53+05:00,termux-shared/src/main/java/com/termux/shared/shell/ShellUtils.java
agnostic-apollo,2021-04-12 14:26:53+05:00,termux-shared/src/main/java/com/termux/shared/shell/StreamGobbler.java
agnostic-apollo,2021-04-12 14:26:53+05:00,termux-shared/src/main/java/com/termux/shared/shell/TermuxSession.java
agnostic-apollo,2021-04-12 14:26:53+05:00,termux-shared/src/main/java/com/termux/shared/shell/TermuxSessionClientBase.java
agnostic-apollo,2021-04-12 14:26:53+05:00,termux-shared/src/main/java/com/termux/shared/shell/TermuxTask.java
agnostic-apollo,2021-04-12 14:26:53+05:00,termux-shared/src/main/res/values/strings.xml
agnostic-apollo,2021-04-12 14:32:02+05:00,app/build.gradle
agnostic-apollo,2021-04-12 14:32:02+05:00,app/src/main/java/com/termux/app/TermuxService.java
agnostic-apollo,2021-04-12 14:32:02+05:00,app/src/main/java/com/termux/app/terminal/io/extrakeys/ExtraKeysInfo.java
agnostic-apollo,2021-04-12 14:32:02+05:00,app/src/main/java/com/termux/app/utils/PluginUtils.java
agnostic-apollo,2021-04-12 14:32:02+05:00,termux-shared/src/main/java/com/termux/shared/file/filesystem/FileAttributes.java
agnostic-apollo,2021-04-12 14:32:02+05:00,termux-shared/src/main/java/com/termux/shared/file/tests/FileUtilsTests.java
agnostic-apollo,2021-04-12 14:32:02+05:00,termux-shared/src/main/java/com/termux/shared/logger/Logger.java
agnostic-apollo,2021-04-12 14:32:02+05:00,termux-shared/src/main/java/com/termux/shared/models/ExecutionCommand.java
agnostic-apollo,2021-04-12 14:32:02+05:00,termux-shared/src/main/java/com/termux/shared/settings/preferences/SharedPreferenceUtils.java
agnostic-apollo,2021-04-12 14:32:02+05:00,termux-shared/src/main/java/com/termux/shared/settings/preferences/TermuxTaskerAppSharedPreferences.java
agnostic-apollo,2021-04-12 14:32:02+05:00,termux-shared/src/main/java/com/termux/shared/termux/TermuxUtils.java
agnostic-apollo,2021-04-12 14:43:39+05:00,app/src/main/java/com/termux/app/TermuxService.java
agnostic-apollo,2021-04-12 14:49:49+05:00,terminal-emulator/src/main/java/com/termux/terminal/TerminalSession.java
agnostic-apollo,2021-04-12 15:19:25+05:00,app/src/main/java/com/termux/app/TermuxActivity.java
agnostic-apollo,2021-04-12 15:19:25+05:00,app/src/main/java/com/termux/app/TermuxService.java
agnostic-apollo,2021-04-12 15:19:25+05:00,app/src/main/java/com/termux/app/terminal/TermuxSessionsListViewController.java
agnostic-apollo,2021-04-12 15:19:25+05:00,app/src/main/java/com/termux/app/terminal/TermuxTerminalSessionClient.java
agnostic-apollo,2021-04-12 15:19:25+05:00,app/src/main/java/com/termux/app/terminal/TermuxTerminalViewClient.java
agnostic-apollo,2021-04-12 15:19:25+05:00,app/src/main/java/com/termux/app/terminal/io/TerminalToolbarViewPager.java
agnostic-apollo,2021-04-12 15:19:25+05:00,termux-shared/src/main/java/com/termux/shared/shell/TermuxTerminalSessionClientBase.java
agnostic-apollo,2021-04-12 18:25:43+05:00,app/src/main/java/com/termux/app/TermuxService.java
agnostic-apollo,2021-04-12 18:25:43+05:00,app/src/main/java/com/termux/app/terminal/TermuxTerminalSessionClient.java
agnostic-apollo,2021-04-12 18:25:43+05:00,termux-shared/src/main/java/com/termux/shared/models/ExecutionCommand.java
agnostic-apollo,2021-04-12 18:25:43+05:00,termux-shared/src/main/java/com/termux/shared/shell/TermuxTask.java
agnostic-apollo,2021-04-12 18:25:43+05:00,termux-shared/src/main/res/values/strings.xml
agnostic-apollo,2021-04-12 18:26:18+05:00,termux-shared/src/main/java/com/termux/shared/packages/PermissionUtils.java
agnostic-apollo,2021-04-12 18:26:18+05:00,termux-shared/src/main/java/com/termux/shared/settings/properties/SharedProperties.java
agnostic-apollo,2021-04-12 19:16:21+05:00,termux-shared/src/main/java/com/termux/shared/termux/TermuxConstants.java
agnostic-apollo,2021-04-12 19:16:45+05:00,app/src/main/java/com/termux/app/RunCommandService.java
agnostic-apollo,2021-04-12 19:16:45+05:00,app/src/main/java/com/termux/app/TermuxService.java
agnostic-apollo,2021-04-12 19:22:07+05:00,app/src/main/java/com/termux/app/TermuxActivity.java
agnostic-apollo,2021-04-12 19:22:29+05:00,app/src/main/java/com/termux/app/terminal/TermuxTerminalViewClient.java
agnostic-apollo,2021-04-12 19:22:29+05:00,termux-shared/src/main/java/com/termux/shared/termux/TermuxUtils.java
agnostic-apollo,2021-04-12 19:22:29+05:00,termux-shared/src/main/res/raw/apt_info_script.
agnostic-apollo,2021-04-12 20:19:04+05:00,app/src/main/java/com/termux/app/RunCommandService.java
agnostic-apollo,2021-04-12 20:19:04+05:00,app/src/main/java/com/termux/app/TermuxActivity.java
agnostic-apollo,2021-04-12 20:19:04+05:00,app/src/main/java/com/termux/app/TermuxService.java
agnostic-apollo,2021-04-12 20:19:04+05:00,app/src/main/java/com/termux/app/fragments/settings/DebuggingPreferencesFragment.java
agnostic-apollo,2021-04-12 20:19:04+05:00,app/src/main/java/com/termux/app/fragments/settings/TerminalIOPreferencesFragment.java
agnostic-apollo,2021-04-12 20:19:04+05:00,app/src/main/java/com/termux/app/settings/properties/TermuxAppSharedProperties.java
agnostic-apollo,2021-04-12 20:19:04+05:00,app/src/main/java/com/termux/app/terminal/io/extrakeys/ExtraKeysView.java
agnostic-apollo,2021-04-12 20:19:04+05:00,terminal-emulator/src/main/jni/termux.c
agnostic-apollo,2021-04-12 20:19:04+05:00,termux-shared/src/main/java/com/termux/shared/interact/ShareUtils.java
agnostic-apollo,2021-04-12 20:19:04+05:00,termux-shared/src/main/java/com/termux/shared/logger/Logger.java
agnostic-apollo,2021-04-12 20:19:04+05:00,termux-shared/src/main/java/com/termux/shared/markdown/MarkdownUtils.java
agnostic-apollo,2021-04-12 20:19:04+05:00,termux-shared/src/main/java/com/termux/shared/notification/NotificationUtils.java
agnostic-apollo,2021-04-12 20:19:04+05:00,termux-shared/src/main/java/com/termux/shared/packages/PermissionUtils.java
agnostic-apollo,2021-04-12 20:19:04+05:00,termux-shared/src/main/java/com/termux/shared/shell/ShellUtils.java
agnostic-apollo,2021-04-12 20:19:04+05:00,termux-shared/src/main/java/com/termux/shared/shell/StreamGobbler.java
agnostic-apollo,2021-04-12 20:19:04+05:00,termux-shared/src/main/java/com/termux/shared/shell/TermuxSession.java
agnostic-apollo,2021-04-12 20:19:04+05:00,termux-shared/src/main/java/com/termux/shared/shell/TermuxTask.java
agnostic-apollo,2021-04-12 20:20:26+05:00,app/build.gradle
agnostic-apollo,2021-04-12 20:20:26+05:00,terminal-emulator/build.gradle
agnostic-apollo,2021-04-12 20:20:26+05:00,terminal-view/build.gradle
agnostic-apollo,2021-04-12 20:20:26+05:00,termux-shared/build.gradle
Leonid Pliushch,2021-04-13 13:34:11+03:00,app/build.gradle
agnostic-apollo,2021-04-13 16:09:31+05:00,app/build.gradle
agnostic-apollo,2021-04-13 16:09:31+05:00,terminal-emulator/build.gradle
agnostic-apollo,2021-04-13 16:09:31+05:00,terminal-view/build.gradle
agnostic-apollo,2021-04-13 16:09:31+05:00,termux-shared/build.gradle
agnostic-apollo,2021-04-13 16:20:47+05:00,app/src/main/java/com/termux/app/TermuxService.java
agnostic-apollo,2021-04-13 16:20:47+05:00,app/src/main/java/com/termux/app/terminal/TermuxTerminalSessionClient.java
agnostic-apollo,2021-04-13 16:20:47+05:00,termux-shared/src/main/java/com/termux/shared/terminal/TermuxTerminalSessionClientBase.java
agnostic-apollo,2021-04-13 16:34:24+05:00,app/src/main/java/com/termux/app/terminal/TermuxTerminalViewClient.java
agnostic-apollo,2021-04-13 16:34:24+05:00,termux-shared/src/main/java/com/termux/shared/terminal/TermuxTerminalViewClientBase.java
agnostic-apollo,2021-04-13 16:57:24+05:00,termux-shared/src/main/res/raw/apt_info_script.sh
agnostic-apollo,2021-04-13 16:58:18+05:00,app/build.gradle
agnostic-apollo,2021-04-13 16:58:18+05:00,terminal-emulator/build.gradle
agnostic-apollo,2021-04-13 16:58:18+05:00,terminal-view/build.gradle
agnostic-apollo,2021-04-13 16:58:18+05:00,termux-shared/build.gradle
agnostic-apollo,2021-04-15 02:15:55+05:00,app/src/main/java/com/termux/app/fragments/settings/DebuggingPreferencesFragment.java
agnostic-apollo,2021-04-15 02:15:55+05:00,app/src/main/java/com/termux/app/fragments/settings/TerminalIOPreferencesFragment.java
agnostic-apollo,2021-04-15 05:01:41+05:00,terminal-emulator/build.gradle
agnostic-apollo,2021-04-15 05:01:41+05:00,terminal-view/build.gradle
agnostic-apollo,2021-04-15 05:01:41+05:00,termux-shared/build.gradle
agnostic-apollo,2021-04-15 05:03:44+05:00,gradle/wrapper/gradle-wrapper.properties
agnostic-apollo,2021-04-15 05:14:31+05:00,app/build.gradle
agnostic-apollo,2021-04-15 05:14:31+05:00,gradle.properties
agnostic-apollo,2021-04-15 05:14:31+05:00,terminal-emulator/build.gradle
agnostic-apollo,2021-04-15 05:14:31+05:00,terminal-view/build.gradle
agnostic-apollo,2021-04-15 05:14:31+05:00,termux-shared/build.gradle
agnostic-apollo,2021-04-20 12:39:54+05:00,app/src/main/java/com/termux/app/TermuxService.java
agnostic-apollo,2021-04-20 12:39:54+05:00,termux-shared/src/main/java/com/termux/shared/shell/ShellUtils.java
agnostic-apollo,2021-04-20 12:49:43+05:00,app/src/main/java/com/termux/app/TermuxInstaller.java
agnostic-apollo,2021-04-20 13:05:15+05:00,gradle/wrapper/gradle-wrapper.properties
agnostic-apollo,2021-04-21 07:01:59+05:00,gradle.properties
agnostic-apollo,2021-04-21 13:55:25+05:00,gradle.properties
agnostic-apollo,2021-04-21 14:06:57+05:00,app/src/main/java/com/termux/app/TermuxInstaller.java
agnostic-apollo,2021-04-21 14:07:25+05:00,gradle.properties
agnostic-apollo,2021-04-21 16:51:08+05:00,README.md
agnostic-apollo,2021-04-21 16:51:20+05:00,LICENSE.md
agnostic-apollo,2021-04-21 17:00:38+05:00,LICENSE.md
agnostic-apollo,2021-04-21 17:01:52+05:00,LICENSE.md
agnostic-apollo,2021-04-22 19:57:08+05:00,app/build.gradle
agnostic-apollo,2021-04-22 19:57:08+05:00,terminal-emulator/build.gradle
agnostic-apollo,2021-04-22 19:57:08+05:00,terminal-view/build.gradle
agnostic-apollo,2021-04-22 19:57:08+05:00,termux-shared/build.gradle
Fredrik Fornwall,2021-04-26 01:11:35+02:00,build.gradle
agnostic-apollo,2021-04-26 12:43:55+05:00,README.md
agnostic-apollo,2021-04-27 15:50:57+05:00,README.md
agnostic-apollo,2021-05-01 19:35:52+05:00,README.md
agnostic-apollo,2021-05-01 23:31:02+05:00,termux-shared/src/main/java/com/termux/shared/shell/ShellUtils.java
agnostic-apollo,2021-05-03 00:39:42+05:00,app/src/main/java/com/termux/app/terminal/TermuxTerminalSessionClient.java
agnostic-apollo,2021-05-03 00:40:03+05:00,gradle.properties
agnostic-apollo,2021-05-03 16:07:18+05:00,README.md
agnostic-apollo,2021-05-03 16:08:04+05:00,LICENSE.md
agnostic-apollo,2021-05-03 16:28:02+05:00,README.md
agnostic-apollo,2021-05-08 03:14:20+05:00,termux-shared/src/main/java/com/termux/shared/termux/TermuxUtils.java
agnostic-apollo,2021-05-08 03:24:09+05:00,termux-shared/src/main/res/values/strings.xml
agnostic-apollo,2021-05-08 04:16:51+05:00,app/src/main/java/com/termux/app/TermuxActivity.java
agnostic-apollo,2021-05-08 04:16:51+05:00,app/src/main/java/com/termux/app/terminal/TermuxTerminalViewClient.java
agnostic-apollo,2021-05-09 07:28:12+05:00,app/src/main/AndroidManifest.xml
agnostic-apollo,2021-05-09 07:28:12+05:00,app/src/main/java/com/termux/app/TermuxActivity.java
agnostic-apollo,2021-05-09 07:28:12+05:00,app/src/main/java/com/termux/app/terminal/TermuxTerminalViewClient.java
agnostic-apollo,2021-05-09 07:28:12+05:00,app/src/main/java/com/termux/app/terminal/io/TerminalToolbarViewPager.java
agnostic-apollo,2021-05-09 07:28:12+05:00,app/src/main/java/com/termux/app/terminal/io/extrakeys/ExtraKeysView.java
agnostic-apollo,2021-05-09 21:07:23+05:00,gradle.properties
agnostic-apollo,2021-05-09 21:08:54+05:00,app/src/main/java/com/termux/app/terminal/TermuxTerminalViewClient.java
agnostic-apollo,2021-05-09 21:08:54+05:00,termux-shared/build.gradle
agnostic-apollo,2021-05-09 21:08:54+05:00,termux-shared/src/main/java/com/termux/shared/view/KeyboardUtils.java
agnostic-apollo,2021-05-10 05:21:54+05:00,termux-shared/src/main/java/com/termux/shared/view/KeyboardUtils.java
agnostic-apollo,2021-05-10 06:03:29+05:00,app/src/main/java/com/termux/app/TermuxActivity.java
agnostic-apollo,2021-05-10 06:03:29+05:00,app/src/main/java/com/termux/app/terminal/TermuxTerminalViewClient.java
agnostic-apollo,2021-05-10 06:03:29+05:00,termux-shared/src/main/java/com/termux/shared/settings/properties/TermuxPropertyConstants.java
agnostic-apollo,2021-05-10 06:03:29+05:00,termux-shared/src/main/java/com/termux/shared/settings/properties/TermuxSharedProperties.java
agnostic-apollo,2021-05-10 06:03:29+05:00,termux-shared/src/main/java/com/termux/shared/view/KeyboardUtils.java
agnostic-apollo,2021-05-10 07:10:38+05:00,termux-shared/src/main/java/com/termux/shared/settings/properties/TermuxPropertyConstants.java
agnostic-apollo,2021-05-10 07:10:38+05:00,termux-shared/src/main/java/com/termux/shared/settings/properties/TermuxSharedProperties.java
agnostic-apollo,2021-05-12 23:04:58+05:00,app/src/main/java/com/termux/app/fragments/settings/TerminalIOPreferencesFragment.java
agnostic-apollo,2021-05-12 23:04:58+05:00,app/src/main/java/com/termux/app/terminal/TermuxTerminalViewClient.java
agnostic-apollo,2021-05-12 23:04:58+05:00,app/src/main/res/values/strings.xml
agnostic-apollo,2021-05-12 23:04:58+05:00,app/src/main/res/xml/terminal_io_preferences.xml
agnostic-apollo,2021-05-12 23:04:58+05:00,termux-shared/src/main/java/com/termux/shared/settings/preferences/TermuxAppSharedPreferences.java
agnostic-apollo,2021-05-12 23:04:58+05:00,termux-shared/src/main/java/com/termux/shared/settings/preferences/TermuxPreferenceConstants.java
agnostic-apollo,2021-05-12 23:04:58+05:00,termux-shared/src/main/java/com/termux/shared/view/KeyboardUtils.java
agnostic-apollo,2021-05-13 05:07:45+05:00,app/src/main/java/com/termux/app/activities/ReportActivity.java
agnostic-apollo,2021-05-13 05:07:45+05:00,app/src/main/java/com/termux/app/activities/SettingsActivity.java
agnostic-apollo,2021-05-13 05:07:45+05:00,app/src/main/java/com/termux/app/fragments/settings/TermuxPreferencesFragment.java
agnostic-apollo,2021-05-13 05:07:45+05:00,app/src/main/java/com/termux/app/fragments/settings/termux/DebuggingPreferencesFragment.java
agnostic-apollo,2021-05-13 05:07:45+05:00,app/src/main/java/com/termux/app/fragments/settings/termux/TerminalIOPreferencesFragment.java
agnostic-apollo,2021-05-13 05:07:45+05:00,app/src/main/java/com/termux/app/models/UserAction.java
agnostic-apollo,2021-05-13 05:07:45+05:00,app/src/main/res/layout/markdown_adapter_node_code_block.xml
agnostic-apollo,2021-05-13 05:07:45+05:00,app/src/main/res/layout/markdown_adapter_node_default.xml
agnostic-apollo,2021-05-13 05:07:45+05:00,app/src/main/res/layout/preference_markdown_text.xml
agnostic-apollo,2021-05-13 05:07:45+05:00,app/src/main/res/values/strings.xml
agnostic-apollo,2021-05-13 05:07:45+05:00,app/src/main/res/xml/debugging_preferences.xml
agnostic-apollo,2021-05-13 05:07:45+05:00,app/src/main/res/xml/root_preferences.xml
agnostic-apollo,2021-05-13 05:07:45+05:00,app/src/main/res/xml/terminal_io_preferences.xml
agnostic-apollo,2021-05-13 05:07:45+05:00,app/src/main/res/xml/termux_debugging_preferences.xml
agnostic-apollo,2021-05-13 05:07:45+05:00,app/src/main/res/xml/termux_preferences.xml
agnostic-apollo,2021-05-13 05:07:45+05:00,app/src/main/res/xml/termux_terminal_io_preferences.xml
agnostic-apollo,2021-05-13 05:07:45+05:00,termux-shared/src/main/java/com/termux/shared/markdown/MarkdownUtils.java
agnostic-apollo,2021-05-13 05:07:45+05:00,termux-shared/src/main/java/com/termux/shared/termux/TermuxConstants.java
agnostic-apollo,2021-05-13 05:07:45+05:00,termux-shared/src/main/java/com/termux/shared/termux/TermuxUtils.java
agnostic-apollo,2021-05-13 05:08:25+05:00,app/src/main/java/com/termux/app/TermuxActivity.java
agnostic-apollo,2021-05-13 05:08:25+05:00,app/src/main/java/com/termux/app/terminal/TermuxTerminalViewClient.java
agnostic-apollo,2021-05-13 05:08:25+05:00,app/src/main/java/com/termux/app/utils/CrashUtils.java
agnostic-apollo,2021-05-13 05:08:25+05:00,app/src/main/java/com/termux/app/utils/PluginUtils.java
agnostic-apollo,2021-05-13 05:08:25+05:00,termux-shared/src/main/java/com/termux/shared/packages/PermissionUtils.java
agnostic-apollo,2021-05-13 05:08:25+05:00,termux-shared/src/main/java/com/termux/shared/settings/preferences/TermuxAppSharedPreferences.java
agnostic-apollo,2021-05-13 15:40:09+05:00,termux-shared/src/main/java/com/termux/shared/data/DataUtils.java
agnostic-apollo,2021-05-13 15:40:09+05:00,termux-shared/src/main/java/com/termux/shared/packages/PackageUtils.java
agnostic-apollo,2021-05-13 15:40:09+05:00,termux-shared/src/main/java/com/termux/shared/termux/TermuxConstants.java
agnostic-apollo,2021-05-13 15:40:09+05:00,termux-shared/src/main/java/com/termux/shared/termux/TermuxUtils.java
agnostic-apollo,2021-05-13 17:37:01+05:00,app/src/main/java/com/termux/app/TermuxInstaller.java
agnostic-apollo,2021-05-13 17:37:01+05:00,termux-shared/build.gradle
agnostic-apollo,2021-05-13 17:37:01+05:00,termux-shared/src/main/java/com/termux/shared/interact/DialogUtils.java
agnostic-apollo,2021-05-13 17:37:01+05:00,termux-shared/src/main/res/layout/dialog_show_message.xml
agnostic-apollo,2021-05-13 17:37:01+05:00,termux-shared/src/main/res/values/colors.xml
agnostic-apollo,2021-05-14 03:54:13+05:00,app/src/main/java/com/termux/app/TermuxActivity.java
agnostic-apollo,2021-05-14 03:54:13+05:00,app/src/main/java/com/termux/app/TermuxApplication.java
agnostic-apollo,2021-05-14 03:54:13+05:00,app/src/main/java/com/termux/app/TermuxService.java
agnostic-apollo,2021-05-14 03:54:13+05:00,app/src/main/java/com/termux/app/fragments/settings/TermuxPreferencesFragment.java
agnostic-apollo,2021-05-14 03:54:13+05:00,app/src/main/java/com/termux/app/fragments/settings/termux/DebuggingPreferencesFragment.java
agnostic-apollo,2021-05-14 03:54:13+05:00,app/src/main/java/com/termux/app/fragments/settings/termux/TerminalIOPreferencesFragment.java
agnostic-apollo,2021-05-14 03:54:13+05:00,app/src/main/java/com/termux/app/utils/CrashUtils.java
agnostic-apollo,2021-05-14 03:54:13+05:00,app/src/main/java/com/termux/app/utils/PluginUtils.java
agnostic-apollo,2021-05-14 03:54:13+05:00,termux-shared/src/main/java/com/termux/shared/interact/DialogUtils.java
agnostic-apollo,2021-05-14 03:54:13+05:00,termux-shared/src/main/java/com/termux/shared/notification/NotificationUtils.java
agnostic-apollo,2021-05-14 03:54:13+05:00,termux-shared/src/main/java/com/termux/shared/packages/PackageUtils.java
agnostic-apollo,2021-05-14 03:54:13+05:00,termux-shared/src/main/java/com/termux/shared/packages/PermissionUtils.java
agnostic-apollo,2021-05-14 03:54:13+05:00,termux-shared/src/main/java/com/termux/shared/settings/preferences/TermuxAppSharedPreferences.java
agnostic-apollo,2021-05-14 03:54:13+05:00,termux-shared/src/main/java/com/termux/shared/settings/preferences/TermuxTaskerAppSharedPreferences.java
agnostic-apollo,2021-05-14 03:54:13+05:00,termux-shared/src/main/java/com/termux/shared/termux/TermuxUtils.java
agnostic-apollo,2021-05-14 03:54:13+05:00,termux-shared/src/main/res/layout/dialog_show_message.xml
agnostic-apollo,2021-05-14 03:54:13+05:00,termux-shared/src/main/res/values/strings.xml
agnostic-apollo,2021-05-14 05:19:18+05:00,app/src/main/java/com/termux/app/activities/SettingsActivity.java
agnostic-apollo,2021-05-14 05:19:18+05:00,app/src/main/res/values/strings.xml
agnostic-apollo,2021-05-14 05:19:18+05:00,app/src/main/res/xml/root_preferences.xml
agnostic-apollo,2021-05-14 05:19:18+05:00,termux-shared/src/main/java/com/termux/shared/interact/ShareUtils.java
agnostic-apollo,2021-05-14 05:19:18+05:00,termux-shared/src/main/java/com/termux/shared/termux/TermuxConstants.java
agnostic-apollo,2021-05-14 06:47:42+05:00,app/src/main/java/com/termux/app/activities/SettingsActivity.java
agnostic-apollo,2021-05-14 06:47:42+05:00,app/src/main/java/com/termux/app/fragments/settings/TermuxPreferencesFragment.java
agnostic-apollo,2021-05-14 06:47:42+05:00,app/src/main/java/com/termux/app/fragments/settings/TermuxTaskerPreferencesFragment.java
agnostic-apollo,2021-05-14 06:47:42+05:00,app/src/main/java/com/termux/app/fragments/settings/termux/DebuggingPreferencesFragment.java
agnostic-apollo,2021-05-14 06:47:42+05:00,app/src/main/java/com/termux/app/fragments/settings/termux/TerminalIOPreferencesFragment.java
agnostic-apollo,2021-05-14 06:47:42+05:00,app/src/main/java/com/termux/app/fragments/settings/termux_tasker/DebuggingPreferencesFragment.java
agnostic-apollo,2021-05-14 06:47:42+05:00,app/src/main/res/values/strings.xml
agnostic-apollo,2021-05-14 06:47:42+05:00,app/src/main/res/xml/root_preferences.xml
agnostic-apollo,2021-05-14 06:47:42+05:00,app/src/main/res/xml/termux_tasker_debugging_preferences.xml
agnostic-apollo,2021-05-14 06:47:42+05:00,app/src/main/res/xml/termux_tasker_preferences.xml
agnostic-apollo,2021-05-14 07:05:14+05:00,app/src/main/java/com/termux/app/activities/SettingsActivity.java
agnostic-apollo,2021-05-14 07:05:14+05:00,app/src/main/java/com/termux/app/terminal/TermuxTerminalViewClient.java
agnostic-apollo,2021-05-14 07:05:14+05:00,app/src/main/res/values/strings.xml
agnostic-apollo,2021-05-14 08:05:08+05:00,.gitattributes
agnostic-apollo,2021-05-14 08:41:15+05:00,gradlew.bat
agnostic-apollo,2021-05-15 16:35:54+05:00,app/src/main/java/com/termux/app/TermuxActivity.java
agnostic-apollo,2021-05-15 16:35:54+05:00,app/src/main/java/com/termux/app/terminal/TermuxTerminalSessionClient.java
agnostic-apollo,2021-05-15 16:35:54+05:00,app/src/main/java/com/termux/app/terminal/TermuxTerminalViewClient.java
agnostic-apollo,2021-05-15 16:35:54+05:00,terminal-emulator/src/main/java/com/termux/terminal/TerminalEmulator.java
agnostic-apollo,2021-05-15 16:35:54+05:00,terminal-emulator/src/main/java/com/termux/terminal/TerminalSessionClient.java
agnostic-apollo,2021-05-15 16:35:54+05:00,terminal-emulator/src/test/java/com/termux/terminal/DecSetTest.java
agnostic-apollo,2021-05-15 16:35:54+05:00,terminal-view/src/main/java/com/termux/view/TerminalRenderer.java
agnostic-apollo,2021-05-15 16:35:54+05:00,terminal-view/src/main/java/com/termux/view/TerminalView.java
agnostic-apollo,2021-05-15 16:35:54+05:00,termux-shared/src/main/java/com/termux/shared/settings/properties/TermuxPropertyConstants.java
agnostic-apollo,2021-05-15 16:35:54+05:00,termux-shared/src/main/java/com/termux/shared/settings/properties/TermuxSharedProperties.java
agnostic-apollo,2021-05-15 16:35:54+05:00,termux-shared/src/main/java/com/termux/shared/terminal/TermuxTerminalSessionClientBase.java
agnostic-apollo,2021-05-16 01:31:34+05:00,app/src/main/java/com/termux/app/terminal/io/extrakeys/ExtraKeysInfo.java
agnostic-apollo,2021-05-16 01:31:34+05:00,app/src/main/java/com/termux/app/utils/PluginUtils.java
agnostic-apollo,2021-05-16 01:31:34+05:00,termux-shared/src/main/java/com/termux/shared/settings/properties/SharedProperties.java
agnostic-apollo,2021-05-16 01:31:34+05:00,termux-shared/src/main/java/com/termux/shared/settings/properties/TermuxPropertyConstants.java
agnostic-apollo,2021-05-16 01:31:34+05:00,termux-shared/src/main/java/com/termux/shared/settings/properties/TermuxSharedProperties.java
Leonid Pliushch,2021-05-16 19:40:25+03:00,app/build.gradle
agnostic-apollo,2021-05-16 23:33:44+05:00,app/src/main/java/com/termux/app/terminal/TermuxTerminalViewClient.java
agnostic-apollo,2021-05-16 23:33:44+05:00,terminal-view/src/main/java/com/termux/view/TerminalView.java
agnostic-apollo,2021-05-16 23:33:44+05:00,termux-shared/src/main/java/com/termux/shared/settings/properties/TermuxPropertyConstants.java
agnostic-apollo,2021-05-16 23:33:44+05:00,app/src/main/java/com/termux/app/terminal/TermuxTerminalSessionClient.java
agnostic-apollo,2021-05-16 23:33:44+05:00,app/src/main/java/com/termux/app/TermuxActivity.java
agnostic-apollo,2021-05-16 23:33:44+05:00,app/src/main/java/com/termux/app/terminal/TermuxTerminalSessionClient.java
agnostic-apollo,2021-05-16 23:33:44+05:00,app/src/main/java/com/termux/app/terminal/TermuxTerminalViewClient.java
agnostic-apollo,2021-05-16 23:44:43+05:00,app/build.gradle
agnostic-apollo,2021-05-16 23:44:43+05:00,terminal-emulator/build.gradle
agnostic-apollo,2021-05-16 23:44:43+05:00,terminal-view/build.gradle
agnostic-apollo,2021-05-16 23:44:43+05:00,termux-shared/build.gradle
agnostic-apollo,2021-05-23 21:14:30+05:00,app/src/main/java/com/termux/app/terminal/TermuxTerminalViewClient.java
Leonid Pliushch,2021-06-03 20:52:17+03:00,app/build.gradle
Leonid Pliushch,2021-06-04 19:17:19+03:00,app/build.gradle
agnostic-apollo,2021-06-06 06:15:47+05:00,termux-shared/src/main/java/com/termux/shared/models/ExecutionCommand.java
agnostic-apollo,2021-06-06 21:34:12+05:00,app/src/main/java/com/termux/app/TermuxActivity.java
agnostic-apollo,2021-06-06 21:34:12+05:00,app/src/main/java/com/termux/app/terminal/TermuxTerminalViewClient.java
agnostic-apollo,2021-06-06 22:15:21+05:00,app/src/main/java/com/termux/app/activities/HelpActivity.java
agnostic-apollo,2021-06-10 03:06:10+05:00,app/src/main/java/com/termux/app/TermuxActivity.java
agnostic-apollo,2021-06-10 03:06:10+05:00,app/src/main/java/com/termux/app/terminal/TermuxActivityRootView.java
agnostic-apollo,2021-06-10 03:06:10+05:00,app/src/main/java/com/termux/app/terminal/TermuxTerminalViewClient.java
agnostic-apollo,2021-06-10 03:06:10+05:00,app/src/main/res/layout/activity_termux.xml
agnostic-apollo,2021-06-10 03:06:10+05:00,termux-shared/src/main/java/com/termux/shared/view/KeyboardUtils.java
agnostic-apollo,2021-06-10 03:06:10+05:00,termux-shared/src/main/java/com/termux/shared/view/ViewUtils.java
agnostic-apollo,2021-06-10 03:55:31+05:00,app/src/main/java/com/termux/app/TermuxActivity.java
agnostic-apollo,2021-06-10 03:55:31+05:00,app/src/main/java/com/termux/app/TermuxService.java
agnostic-apollo,2021-06-10 03:55:31+05:00,app/src/main/java/com/termux/app/settings/properties/TermuxAppSharedProperties.java
agnostic-apollo,2021-06-10 03:55:31+05:00,terminal-emulator/src/main/java/com/termux/terminal/TerminalEmulator.java
agnostic-apollo,2021-06-10 03:55:31+05:00,terminal-emulator/src/main/java/com/termux/terminal/TerminalSession.java
agnostic-apollo,2021-06-10 03:55:31+05:00,termux-shared/src/main/java/com/termux/shared/models/ExecutionCommand.java
agnostic-apollo,2021-06-10 03:55:31+05:00,termux-shared/src/main/java/com/termux/shared/settings/properties/TermuxPropertyConstants.java
agnostic-apollo,2021-06-10 03:55:31+05:00,termux-shared/src/main/java/com/termux/shared/settings/properties/TermuxSharedProperties.java
agnostic-apollo,2021-06-10 03:55:31+05:00,termux-shared/src/main/java/com/termux/shared/shell/TermuxSession.java
agnostic-apollo,2021-06-10 06:14:12+05:00,app/src/main/java/com/termux/app/terminal/TermuxTerminalSessionClient.java
agnostic-apollo,2021-06-10 06:14:12+05:00,terminal-emulator/src/main/java/com/termux/terminal/TerminalEmulator.java
agnostic-apollo,2021-06-10 06:14:12+05:00,terminal-emulator/src/main/java/com/termux/terminal/TerminalSessionClient.java
agnostic-apollo,2021-06-10 06:14:12+05:00,terminal-emulator/src/test/java/com/termux/terminal/TerminalTest.java
agnostic-apollo,2021-06-10 06:14:12+05:00,terminal-view/src/main/java/com/termux/view/TerminalRenderer.java
agnostic-apollo,2021-06-10 06:14:12+05:00,termux-shared/src/main/java/com/termux/shared/settings/properties/TermuxPropertyConstants.java
agnostic-apollo,2021-06-10 06:14:12+05:00,termux-shared/src/main/java/com/termux/shared/settings/properties/TermuxSharedProperties.java
agnostic-apollo,2021-06-10 06:14:12+05:00,termux-shared/src/main/java/com/termux/shared/terminal/TermuxTerminalSessionClientBase.java
agnostic-apollo,2021-06-10 08:03:12+05:00,app/src/main/java/com/termux/app/terminal/TermuxTerminalViewClient.java
agnostic-apollo,2021-06-10 08:03:12+05:00,terminal-emulator/src/main/java/com/termux/terminal/TerminalEmulator.java
agnostic-apollo,2021-06-10 08:03:12+05:00,terminal-view/src/main/java/com/termux/view/TerminalView.java
agnostic-apollo,2021-06-10 08:03:12+05:00,terminal-view/src/main/java/com/termux/view/TerminalViewClient.java
agnostic-apollo,2021-06-10 08:03:12+05:00,termux-shared/src/main/java/com/termux/shared/terminal/TermuxTerminalViewClientBase.java
agnostic-apollo,2021-06-10 08:06:43+05:00,app/src/main/java/com/termux/app/TermuxInstaller.java
agnostic-apollo,2021-06-11 02:39:11+05:00,termux-shared/src/main/java/com/termux/shared/settings/properties/TermuxPropertyConstants.java
agnostic-apollo,2021-06-11 02:54:47+05:00,app/src/main/java/com/termux/app/terminal/TermuxTerminalSessionClient.java
agnostic-apollo,2021-06-11 02:54:47+05:00,termux-shared/src/main/java/com/termux/shared/settings/properties/TermuxPropertyConstants.java
agnostic-apollo,2021-06-11 02:54:47+05:00,termux-shared/src/main/java/com/termux/shared/settings/properties/TermuxSharedProperties.java
agnostic-apollo,2021-06-11 02:57:56+05:00,app/build.gradle
agnostic-apollo,2021-06-11 02:57:56+05:00,terminal-emulator/build.gradle
agnostic-apollo,2021-06-11 02:57:56+05:00,terminal-view/build.gradle
agnostic-apollo,2021-06-11 02:57:56+05:00,termux-shared/build.gradle
agnostic-apollo,2021-06-13 00:25:09+05:00,gradle.properties
agnostic-apollo,2021-06-13 00:29:52+05:00,termux-shared/src/main/java/com/termux/shared/termux/TermuxConstants.java
agnostic-apollo,2021-06-13 00:44:56+05:00,app/src/main/java/com/termux/app/TermuxService.java
agnostic-apollo,2021-06-13 00:44:56+05:00,termux-shared/src/main/java/com/termux/shared/shell/TermuxTask.java
agnostic-apollo,2021-06-20 22:18:19+05:00,app/src/main/java/com/termux/app/terminal/TermuxTerminalViewClient.java
agnostic-apollo,2021-06-20 22:18:19+05:00,terminal-view/src/main/java/com/termux/view/TerminalView.java
agnostic-apollo,2021-06-21 03:36:20+05:00,.github/workflows/publish_libraries.yml
agnostic-apollo,2021-06-21 03:36:20+05:00,build.gradle
agnostic-apollo,2021-06-21 03:36:20+05:00,terminal-emulator/build.gradle
agnostic-apollo,2021-06-21 03:36:20+05:00,terminal-view/build.gradle
agnostic-apollo,2021-06-21 03:36:20+05:00,termux-shared/build.gradle
agnostic-apollo,2021-06-21 04:59:11+05:00,app/src/main/AndroidManifest.xml
agnostic-apollo,2021-06-21 04:59:11+05:00,app/src/main/java/com/termux/app/activities/SettingsActivity.java
agnostic-apollo,2021-06-21 04:59:11+05:00,app/src/main/java/com/termux/app/terminal/TermuxTerminalViewClient.java
agnostic-apollo,2021-06-21 04:59:11+05:00,app/src/main/java/com/termux/app/utils/CrashUtils.java
agnostic-apollo,2021-06-21 04:59:11+05:00,app/src/main/java/com/termux/app/utils/PluginUtils.java
agnostic-apollo,2021-06-21 04:59:11+05:00,app/src/main/res/values/strings.xml
agnostic-apollo,2021-06-21 04:59:11+05:00,app/src/main/res/values/styles.xml
agnostic-apollo,2021-06-21 04:59:11+05:00,termux-shared/src/main/java/com/termux/shared/activities/ReportActivity.java
agnostic-apollo,2021-06-21 04:59:11+05:00,termux-shared/src/main/java/com/termux/shared/models/ReportInfo.java
agnostic-apollo,2021-06-21 04:59:11+05:00,termux-shared/src/main/res/drawable/ic_copy.xml
agnostic-apollo,2021-06-21 04:59:11+05:00,termux-shared/src/main/res/drawable/ic_error_notification.xml
agnostic-apollo,2021-06-21 04:59:11+05:00,termux-shared/src/main/res/drawable/ic_share.xml
agnostic-apollo,2021-06-21 04:59:11+05:00,termux-shared/src/main/res/layout/activity_report.xml
agnostic-apollo,2021-06-21 04:59:11+05:00,termux-shared/src/main/res/layout/markdown_adapter_node_code_block.xml
agnostic-apollo,2021-06-21 04:59:11+05:00,termux-shared/src/main/res/layout/markdown_adapter_node_default.xml
agnostic-apollo,2021-06-21 04:59:11+05:00,termux-shared/src/main/res/layout/partial_toolbar.xml
agnostic-apollo,2021-06-21 04:59:11+05:00,termux-shared/src/main/res/menu/menu_report.xml
agnostic-apollo,2021-06-21 04:59:11+05:00,termux-shared/src/main/res/values/dimens.xml
agnostic-apollo,2021-06-21 04:59:11+05:00,termux-shared/src/main/res/values/strings.xml
agnostic-apollo,2021-06-21 04:59:11+05:00,termux-shared/src/main/res/values/styles.xml
agnostic-apollo,2021-06-23 03:36:36+05:00,terminal-emulator/build.gradle
agnostic-apollo,2021-06-23 03:36:36+05:00,terminal-view/build.gradle
agnostic-apollo,2021-06-23 03:36:36+05:00,termux-shared/build.gradle
agnostic-apollo,2021-06-24 23:59:56+05:00,app/src/main/java/com/termux/app/TermuxActivity.java
agnostic-apollo,2021-06-24 23:59:56+05:00,termux-shared/src/main/java/com/termux/shared/packages/PermissionUtils.java
agnostic-apollo,2021-06-26 06:01:06+05:00,termux-shared/src/main/java/com/termux/shared/logger/Logger.java
agnostic-apollo,2021-06-26 07:23:34+05:00,app/src/main/java/com/termux/app/TermuxInstaller.java
agnostic-apollo,2021-06-26 07:23:34+05:00,app/src/main/java/com/termux/app/utils/CrashUtils.java
agnostic-apollo,2021-06-26 07:23:34+05:00,termux-shared/src/main/java/com/termux/shared/crash/CrashHandler.java
agnostic-apollo,2021-06-26 07:23:34+05:00,termux-shared/src/main/java/com/termux/shared/file/FileUtils.java
agnostic-apollo,2021-06-26 07:23:34+05:00,termux-shared/src/main/java/com/termux/shared/file/TermuxFileUtils.java
agnostic-apollo,2021-06-26 07:23:34+05:00,termux-shared/src/main/java/com/termux/shared/file/filesystem/FileTypes.java
agnostic-apollo,2021-06-26 07:23:34+05:00,termux-shared/src/main/java/com/termux/shared/file/tests/FileUtilsTests.java
agnostic-apollo,2021-06-26 07:23:34+05:00,termux-shared/src/main/java/com/termux/shared/models/errors/Errno.java
agnostic-apollo,2021-06-26 07:23:34+05:00,termux-shared/src/main/java/com/termux/shared/models/errors/Error.java
agnostic-apollo,2021-06-26 07:23:34+05:00,termux-shared/src/main/java/com/termux/shared/models/errors/FileUtilsErrno.java
agnostic-apollo,2021-06-26 07:23:34+05:00,termux-shared/src/main/java/com/termux/shared/models/errors/FunctionErrno.java
agnostic-apollo,2021-06-26 07:23:34+05:00,termux-shared/src/main/java/com/termux/shared/shell/ShellUtils.java
agnostic-apollo,2021-06-26 07:23:34+05:00,termux-shared/src/main/res/values/strings.xml
agnostic-apollo,2021-06-26 08:51:30+05:00,termux-shared/src/main/java/com/termux/shared/markdown/MarkdownUtils.java
agnostic-apollo,2021-06-26 08:51:30+05:00,termux-shared/src/main/java/com/termux/shared/notification/NotificationUtils.java
agnostic-apollo,2021-06-27 05:57:16+05:00,gradle/wrapper/gradle-wrapper.properties
agnostic-apollo,2021-06-27 05:57:32+05:00,build.gradle
agnostic-apollo,2021-06-28 04:54:39+05:00,app/src/main/java/com/termux/app/RunCommandService.java
agnostic-apollo,2021-06-28 04:54:39+05:00,app/src/main/java/com/termux/app/TermuxService.java
agnostic-apollo,2021-06-28 04:54:39+05:00,app/src/main/java/com/termux/app/utils/PluginUtils.java
agnostic-apollo,2021-06-28 04:54:39+05:00,termux-shared/src/main/java/com/termux/shared/data/DataUtils.java
agnostic-apollo,2021-06-28 04:54:39+05:00,termux-shared/src/main/java/com/termux/shared/data/IntentUtils.java
agnostic-apollo,2021-06-28 04:54:39+05:00,termux-shared/src/main/java/com/termux/shared/models/ExecutionCommand.java
agnostic-apollo,2021-06-28 04:54:39+05:00,termux-shared/src/main/java/com/termux/shared/models/ResultConfig.java
agnostic-apollo,2021-06-28 04:54:39+05:00,termux-shared/src/main/java/com/termux/shared/models/ResultData.java
agnostic-apollo,2021-06-28 04:54:39+05:00,termux-shared/src/main/java/com/termux/shared/models/errors/Errno.java
agnostic-apollo,2021-06-28 04:54:39+05:00,termux-shared/src/main/java/com/termux/shared/models/errors/ResultSenderErrno.java
agnostic-apollo,2021-06-28 04:54:39+05:00,termux-shared/src/main/java/com/termux/shared/shell/ResultSender.java
agnostic-apollo,2021-06-28 04:54:39+05:00,termux-shared/src/main/java/com/termux/shared/shell/TermuxSession.java
agnostic-apollo,2021-06-28 04:54:39+05:00,termux-shared/src/main/java/com/termux/shared/shell/TermuxTask.java
agnostic-apollo,2021-06-28 04:54:39+05:00,termux-shared/src/main/java/com/termux/shared/termux/TermuxConstants.java
agnostic-apollo,2021-06-28 04:54:39+05:00,termux-shared/src/main/java/com/termux/shared/termux/TermuxUtils.java
agnostic-apollo,2021-06-28 05:57:45+05:00,app/src/main/java/com/termux/app/TermuxService.java
agnostic-apollo,2021-06-28 05:57:45+05:00,termux-shared/src/main/java/com/termux/shared/shell/ShellEnvironmentClient.java
agnostic-apollo,2021-06-28 05:57:45+05:00,termux-shared/src/main/java/com/termux/shared/shell/ShellUtils.java
agnostic-apollo,2021-06-28 05:57:45+05:00,termux-shared/src/main/java/com/termux/shared/shell/TermuxSession.java
agnostic-apollo,2021-06-28 05:57:45+05:00,termux-shared/src/main/java/com/termux/shared/shell/TermuxShellEnvironmentClient.java
agnostic-apollo,2021-06-28 05:57:45+05:00,termux-shared/src/main/java/com/termux/shared/shell/TermuxShellUtils.java
agnostic-apollo,2021-06-28 05:57:45+05:00,termux-shared/src/main/java/com/termux/shared/shell/TermuxTask.java
agnostic-apollo,2021-06-28 05:57:45+05:00,termux-shared/src/main/java/com/termux/shared/termux/TermuxUtils.java
agnostic-apollo,2021-06-28 09:19:20+05:00,app/src/main/java/com/termux/app/TermuxActivity.java
agnostic-apollo,2021-06-28 09:19:20+05:00,app/src/main/java/com/termux/app/TermuxInstaller.java
agnostic-apollo,2021-06-28 09:19:20+05:00,app/src/main/java/com/termux/app/utils/CrashUtils.java
agnostic-apollo,2021-06-28 09:26:42+05:00,app/src/main/java/com/termux/app/terminal/TermuxTerminalViewClient.java
agnostic-apollo,2021-06-28 09:26:42+05:00,terminal-view/src/main/java/com/termux/view/TerminalView.java
agnostic-apollo,2021-06-28 11:05:20+05:00,app/src/main/java/com/termux/app/TermuxActivity.java
agnostic-apollo,2021-06-28 11:05:20+05:00,app/src/main/res/layout/activity_termux.xml
agnostic-apollo,2021-06-28 11:57:12+05:00,terminal-view/src/main/java/com/termux/view/TerminalView.java
agnostic-apollo,2021-06-28 12:19:06+05:00,app/src/main/java/com/termux/app/TermuxActivity.java
agnostic-apollo,2021-06-28 12:19:06+05:00,app/src/main/java/com/termux/app/terminal/TermuxTerminalSessionClient.java
agnostic-apollo,2021-06-28 12:19:06+05:00,terminal-view/src/main/java/com/termux/view/TerminalView.java
agnostic-apollo,2021-06-30 02:31:47+05:00,app/src/main/java/com/termux/app/TermuxActivity.java
agnostic-apollo,2021-06-30 02:31:47+05:00,app/src/main/java/com/termux/app/terminal/TermuxActivityRootView.java
agnostic-apollo,2021-06-30 02:31:47+05:00,app/src/main/java/com/termux/app/terminal/TermuxTerminalViewClient.java
agnostic-apollo,2021-06-30 02:31:47+05:00,termux-shared/build.gradle
agnostic-apollo,2021-06-30 02:31:47+05:00,termux-shared/src/main/java/com/termux/shared/view/ViewUtils.java
agnostic-apollo,2021-06-30 02:49:00+05:00,app/src/main/java/com/termux/app/TermuxActivity.java
agnostic-apollo,2021-06-30 02:49:00+05:00,termux-shared/src/main/java/com/termux/shared/settings/properties/TermuxPropertyConstants.java
agnostic-apollo,2021-06-30 02:49:00+05:00,termux-shared/src/main/java/com/termux/shared/settings/properties/TermuxSharedProperties.java
agnostic-apollo,2021-06-30 03:04:56+05:00,termux-shared/src/main/java/com/termux/shared/settings/properties/TermuxPropertyConstants.java
agnostic-apollo,2021-06-30 03:04:56+05:00,termux-shared/src/main/java/com/termux/shared/settings/properties/TermuxSharedProperties.java
agnostic-apollo,2021-06-30 03:18:44+05:00,app/src/main/java/com/termux/app/terminal/TermuxTerminalViewClient.java
agnostic-apollo,2021-06-30 03:18:44+05:00,app/src/test/java/com/termux/app/TermuxActivityTest.java
agnostic-apollo,2021-06-30 03:18:44+05:00,termux-shared/src/main/java/com/termux/shared/data/DataUtils.java
agnostic-apollo,2021-06-30 03:18:44+05:00,termux-shared/src/main/java/com/termux/shared/data/UrlUtils.java
agnostic-apollo,2021-06-30 06:10:00+05:00,termux-shared/src/main/java/com/termux/shared/shell/TermuxSession.java
agnostic-apollo,2021-06-30 06:10:00+05:00,app/src/main/java/com/termux/app/TermuxService.java
agnostic-apollo,2021-06-30 06:10:00+05:00,app/src/main/res/values/strings.xml
agnostic-apollo,2021-06-30 06:10:00+05:00,termux-shared/src/main/java/com/termux/shared/packages/PermissionUtils.java
agnostic-apollo,2021-06-30 06:10:00+05:00,termux-shared/src/main/res/values/strings.xml
agnostic-apollo,2021-06-30 06:10:00+05:00,app/src/main/java/com/termux/app/activities/SettingsActivity.java
agnostic-apollo,2021-06-30 06:10:00+05:00,app/src/main/java/com/termux/app/terminal/TermuxTerminalViewClient.java
agnostic-apollo,2021-06-30 06:10:00+05:00,app/src/main/java/com/termux/app/utils/PluginUtils.java
agnostic-apollo,2021-06-30 06:10:00+05:00,termux-shared/src/main/java/com/termux/shared/crash/CrashHandler.java
agnostic-apollo,2021-06-30 06:10:00+05:00,termux-shared/src/main/java/com/termux/shared/models/ReportInfo.java
agnostic-apollo,2021-06-30 06:10:00+05:00,termux-shared/src/main/java/com/termux/shared/shell/ResultSender.java
agnostic-apollo,2021-06-30 06:10:00+05:00,termux-shared/src/main/java/com/termux/shared/termux/AndroidUtils.java
agnostic-apollo,2021-06-30 06:10:00+05:00,termux-shared/src/main/java/com/termux/shared/termux/TermuxUtils.java
agnostic-apollo,2021-06-30 06:10:00+05:00,app/src/main/java/com/termux/app/TermuxActivity.java
agnostic-apollo,2021-06-30 06:10:00+05:00,app/src/main/java/com/termux/app/TermuxInstaller.java
agnostic-apollo,2021-06-30 06:10:00+05:00,app/src/main/java/com/termux/app/terminal/TermuxTerminalSessionClient.java
agnostic-apollo,2021-06-30 06:10:00+05:00,app/src/main/java/com/termux/filepicker/TermuxFileReceiverActivity.java
agnostic-apollo,2021-06-30 06:10:00+05:00,termux-shared/src/main/java/com/termux/shared/interact/MessageDialogUtils.java
agnostic-apollo,2021-06-30 06:10:00+05:00,termux-shared/src/main/java/com/termux/shared/interact/TextInputDialogUtils.java
agnostic-apollo,2021-06-30 06:10:00+05:00,termux-shared/src/main/java/com/termux/shared/packages/PackageUtils.java
agnostic-apollo,2021-06-30 06:10:00+05:00,app/src/main/java/com/termux/app/utils/CrashUtils.java
agnostic-apollo,2021-06-30 06:10:00+05:00,app/src/main/java/com/termux/app/utils/PluginUtils.java
agnostic-apollo,2021-06-30 06:10:00+05:00,termux-shared/src/main/java/com/termux/shared/notification/NotificationUtils.java
agnostic-apollo,2021-06-30 06:10:00+05:00,termux-shared/src/main/java/com/termux/shared/notification/TermuxNotificationUtils.java
agnostic-apollo,2021-06-30 06:10:00+05:00,termux-shared/LICENSE.md
agnostic-apollo,2021-06-30 06:10:00+05:00,LICENSE.md
agnostic-apollo,2021-06-30 06:17:26+05:00,app/build.gradle
agnostic-apollo,2021-06-30 06:17:26+05:00,terminal-view/build.gradle
agnostic-apollo,2021-06-30 06:17:26+05:00,termux-shared/build.gradle
Leonid Pliushch,2021-06-30 12:20:57+03:00,app/build.gradle
agnostic-apollo,2021-07-01 00:29:26+05:00,termux-shared/src/main/java/com/termux/shared/shell/TermuxSession.java
agnostic-apollo,2021-07-01 04:21:02+05:00,app/src/main/java/com/termux/app/TermuxApplication.java
agnostic-apollo,2021-07-01 04:21:02+05:00,termux-shared/src/main/java/com/termux/shared/crash/CrashHandler.java
agnostic-apollo,2021-07-01 04:21:02+05:00,termux-shared/src/main/java/com/termux/shared/crash/TermuxCrashUtils.java
agnostic-apollo,2021-07-01 04:21:36+05:00,termux-shared/src/main/java/com/termux/shared/crash/CrashHandler.java
agnostic-apollo,2021-07-01 05:15:34+05:00,app/build.gradle
agnostic-apollo,2021-07-01 05:15:34+05:00,terminal-emulator/build.gradle
agnostic-apollo,2021-07-01 05:15:34+05:00,terminal-view/build.gradle
agnostic-apollo,2021-07-01 05:15:34+05:00,termux-shared/build.gradle
agnostic-apollo,2021-07-01 06:31:22+05:00,app/build.gradle
agnostic-apollo,2021-07-01 06:31:22+05:00,terminal-emulator/build.gradle
agnostic-apollo,2021-07-01 06:31:22+05:00,terminal-view/build.gradle
agnostic-apollo,2021-07-01 06:31:22+05:00,termux-shared/build.gradle
agnostic-apollo,2021-07-01 07:12:48+05:00,termux-shared/src/main/java/com/termux/shared/logger/Logger.java
agnostic-apollo,2021-07-01 07:13:03+05:00,app/build.gradle
agnostic-apollo,2021-07-01 07:13:03+05:00,terminal-emulator/build.gradle
agnostic-apollo,2021-07-01 07:13:03+05:00,terminal-view/build.gradle
agnostic-apollo,2021-07-01 07:13:03+05:00,termux-shared/build.gradle
agnostic-apollo,2021-07-01 08:29:19+05:00,app/build.gradle
agnostic-apollo,2021-07-01 08:29:19+05:00,terminal-emulator/build.gradle
agnostic-apollo,2021-07-01 08:29:19+05:00,terminal-view/build.gradle
agnostic-apollo,2021-07-01 08:29:19+05:00,termux-shared/build.gradle
agnostic-apollo,2021-07-01 08:34:00+05:00,app/build.gradle
agnostic-apollo,2021-07-01 08:34:00+05:00,jitpack.yml
agnostic-apollo,2021-07-01 08:34:00+05:00,terminal-emulator/build.gradle
agnostic-apollo,2021-07-01 08:36:03+05:00,app/build.gradle
agnostic-apollo,2021-07-01 08:36:03+05:00,terminal-emulator/build.gradle
agnostic-apollo,2021-07-01 08:36:03+05:00,terminal-view/build.gradle
agnostic-apollo,2021-07-01 08:36:03+05:00,termux-shared/build.gradle
agnostic-apollo,2021-07-01 10:52:51+05:00,app/build.gradle
agnostic-apollo,2021-07-01 10:52:51+05:00,terminal-emulator/build.gradle
agnostic-apollo,2021-07-01 10:52:51+05:00,terminal-view/build.gradle
agnostic-apollo,2021-07-01 10:52:51+05:00,termux-shared/build.gradle
agnostic-apollo,2021-07-01 11:17:47+05:00,README.md
agnostic-apollo,2021-07-02 06:14:38+05:00,.github/workflows/debug_build.yml
agnostic-apollo,2021-07-02 06:14:38+05:00,app/build.gradle
agnostic-apollo,2021-07-02 06:29:05+05:00,.github/workflows/debug_build.yml
Arib Muhtasim,2021-07-07 16:31:33+06:00,README.md
agnostic-apollo,2021-07-08 08:14:42+05:00,termux-shared/build.gradle
agnostic-apollo,2021-07-08 08:27:44+05:00,app/proguard-rules.pro
agnostic-apollo,2021-07-08 08:28:31+05:00,.gitignore
agnostic-apollo,2021-07-08 08:49:32+05:00,app/src/main/java/com/termux/app/TermuxInstaller.java
agnostic-apollo,2021-07-08 08:49:32+05:00,app/src/main/java/com/termux/app/utils/CrashUtils.java
agnostic-apollo,2021-07-08 09:20:25+05:00,app/src/main/java/com/termux/app/RunCommandService.java
agnostic-apollo,2021-07-08 10:01:47+05:00,app/src/main/java/com/termux/app/terminal/TermuxTerminalViewClient.java
agnostic-apollo,2021-07-08 10:50:30+05:00,termux-shared/src/main/java/com/termux/shared/file/FileUtils.java
agnostic-apollo,2021-07-08 11:24:29+05:00,app/src/main/java/com/termux/app/TermuxActivity.java
agnostic-apollo,2021-07-08 11:24:29+05:00,termux-shared/src/main/java/com/termux/shared/settings/properties/TermuxPropertyConstants.java
agnostic-apollo,2021-07-08 11:24:29+05:00,termux-shared/src/main/java/com/termux/shared/settings/properties/TermuxSharedProperties.java
agnostic-apollo,2021-07-08 12:17:49+05:00,app/src/main/java/com/termux/app/TermuxActivity.java
agnostic-apollo,2021-07-08 12:17:49+05:00,app/src/main/java/com/termux/app/fragments/settings/termux/TerminalViewPreferencesFragment.java
agnostic-apollo,2021-07-08 12:17:49+05:00,app/src/main/res/values/strings.xml
agnostic-apollo,2021-07-08 12:17:49+05:00,app/src/main/res/xml/termux_preferences.xml
agnostic-apollo,2021-07-08 12:17:49+05:00,app/src/main/res/xml/termux_terminal_view_preferences.xml
agnostic-apollo,2021-07-08 12:17:49+05:00,termux-shared/src/main/java/com/termux/shared/settings/preferences/TermuxAppSharedPreferences.java
agnostic-apollo,2021-07-08 12:17:49+05:00,termux-shared/src/main/java/com/termux/shared/settings/preferences/TermuxPreferenceConstants.java
agnostic-apollo,2021-07-08 13:10:50+05:00,.github/workflows/trigger_library_builds_on_jitpack.yml
agnostic-apollo,2021-07-08 13:12:31+05:00,app/build.gradle
agnostic-apollo,2021-07-08 13:12:31+05:00,terminal-emulator/build.gradle
agnostic-apollo,2021-07-08 13:12:31+05:00,terminal-view/build.gradle
agnostic-apollo,2021-07-08 13:12:31+05:00,termux-shared/build.gradle
agnostic-apollo,2021-07-09 11:14:11+05:00,.github/workflows/trigger_library_builds_on_jitpack.yml
agnostic-apollo,2021-07-10 16:00:28+05:00,app/src/main/java/com/termux/app/TermuxInstaller.java
agnostic-apollo,2021-07-10 16:00:28+05:00,app/src/main/res/values/strings.xml
agnostic-apollo,2021-07-10 16:00:28+05:00,termux-shared/src/main/java/com/termux/shared/file/TermuxFileUtils.java
agnostic-apollo,2021-07-10 16:00:28+05:00,termux-shared/src/main/java/com/termux/shared/packages/PackageUtils.java
agnostic-apollo,2021-07-10 16:00:28+05:00,termux-shared/src/main/java/com/termux/shared/termux/AndroidUtils.java
agnostic-apollo,2021-07-10 16:00:28+05:00,termux-shared/src/main/java/com/termux/shared/termux/TermuxUtils.java
Leonid Pliushch,2021-07-10 18:25:50+03:00,app/src/main/java/com/termux/app/TermuxInstaller.java
Leonid Pliushch,2021-07-11 18:17:19+03:00,app/src/main/java/com/termux/app/terminal/io/extrakeys/ExtraKeysView.java
agnostic-apollo,2021-07-14 13:37:25+05:00,app/src/main/java/com/termux/app/TermuxInstaller.java
agnostic-apollo,2021-07-14 13:37:25+05:00,termux-shared/src/main/java/com/termux/shared/file/TermuxFileUtils.java
agnostic-apollo,2021-07-14 17:39:05+05:00,termux-shared/src/main/java/com/termux/shared/shell/ResultSender.java
agnostic-apollo,2021-07-14 17:39:05+05:00,termux-shared/src/main/java/com/termux/shared/termux/TermuxConstants.java
agnostic-apollo,2021-07-16 14:40:22+05:00,build.gradle
agnostic-apollo,2021-07-16 17:05:43+05:00,app/build.gradle
agnostic-apollo,2021-07-16 17:08:26+05:00,.github/workflows/attach_debug_apks_to_release.yml
agnostic-apollo,2021-07-16 17:08:26+05:00,.github/workflows/debug_build.yml
agnostic-apollo,2021-07-16 17:08:26+05:00,app/build.gradle
agnostic-apollo,2021-07-19 17:52:11+05:00,app/src/main/java/com/termux/app/terminal/TermuxTerminalSessionClient.java
agnostic-apollo,2021-07-19 17:52:11+05:00,app/src/main/java/com/termux/app/terminal/io/TerminalToolbarViewPager.java
agnostic-apollo,2021-07-19 17:52:11+05:00,app/src/main/java/com/termux/app/terminal/io/extrakeys/ExtraKeysInfo.java
agnostic-apollo,2021-07-19 17:52:11+05:00,app/src/main/java/com/termux/app/terminal/io/extrakeys/ExtraKeysView.java
agnostic-apollo,2021-07-19 17:52:11+05:00,terminal-emulator/src/main/java/com/termux/terminal/TerminalEmulator.java
agnostic-apollo,2021-07-19 17:52:11+05:00,terminal-emulator/src/main/java/com/termux/terminal/TerminalOutput.java
agnostic-apollo,2021-07-19 17:52:11+05:00,terminal-emulator/src/main/java/com/termux/terminal/TerminalSession.java
agnostic-apollo,2021-07-19 17:52:11+05:00,terminal-emulator/src/main/java/com/termux/terminal/TerminalSessionClient.java
agnostic-apollo,2021-07-19 17:52:11+05:00,terminal-emulator/src/test/java/com/termux/terminal/TerminalTestCase.java
agnostic-apollo,2021-07-19 17:52:11+05:00,terminal-view/src/main/java/com/termux/view/textselection/TextSelectionCursorController.java
agnostic-apollo,2021-07-19 17:52:11+05:00,termux-shared/src/main/java/com/termux/shared/terminal/TermuxTerminalSessionClientBase.java
agnostic-apollo,2021-07-19 18:12:57+05:00,app/src/main/java/com/termux/app/terminal/io/extrakeys/ExtraKeysInfo.java
TotalCaesar659,2021-07-27 01:44:28+03:00,README.md
agnostic-apollo,2021-07-27 21:20:47+05:00,app/src/main/res/values/strings.xml
agnostic-apollo,2021-07-30 00:32:46+05:00,app/src/main/java/com/termux/app/TermuxActivity.java
agnostic-apollo,2021-07-30 00:32:46+05:00,app/src/main/java/com/termux/app/terminal/TermuxTerminalViewClient.java
agnostic-apollo,2021-07-30 00:32:46+05:00,terminal-view/src/main/java/com/termux/view/TerminalView.java
agnostic-apollo,2021-07-30 00:32:46+05:00,terminal-view/src/main/java/com/termux/view/TerminalViewClient.java
agnostic-apollo,2021-07-30 00:32:46+05:00,termux-shared/src/main/java/com/termux/shared/terminal/TermuxTerminalViewClientBase.java
marcusz,2021-08-01 17:17:26+08:00,README.md
marcusz,2021-08-01 20:27:49+08:00,README.md
blank X,2021-08-12 00:34:21+07:00,termux-shared/src/main/java/com/termux/shared/data/UrlUtils.java
Henrik Grimler,2021-08-17 09:48:43+02:00,.github/ISSUE_TEMPLATE/01-bug-report.yml
Henrik Grimler,2021-08-17 09:48:43+02:00,.github/ISSUE_TEMPLATE/02-feature-request.yml
Henrik Grimler,2021-08-17 09:48:43+02:00,.github/ISSUE_TEMPLATE/bug_report.md
Henrik Grimler,2021-08-17 09:48:43+02:00,.github/ISSUE_TEMPLATE/config.yml
Henrik Grimler,2021-08-17 09:48:43+02:00,.github/ISSUE_TEMPLATE/feature_request.md
Henrik Grimler,2021-08-17 09:51:34+02:00,.github/ISSUE_TEMPLATE/01-bug-report.yml
Leonid Pliushch,2021-08-18 00:10:40+03:00,app/build.gradle
Leonid Pliushch,2021-08-19 16:29:12+03:00,terminal-view/src/main/java/com/termux/view/TerminalRenderer.java
Leonid Pliushch,2021-08-19 16:44:28+03:00,terminal-emulator/src/main/java/com/termux/terminal/TerminalColorScheme.java
agnostic-apollo,2021-08-20 06:19:25+05:00,termux-shared/src/main/java/com/termux/shared/markdown/MarkdownUtils.java
agnostic-apollo,2021-08-20 06:19:25+05:00,termux-shared/src/main/java/com/termux/shared/crash/CrashHandler.java
agnostic-apollo,2021-08-20 06:19:25+05:00,termux-shared/src/main/java/com/termux/shared/models/ReportInfo.java
agnostic-apollo,2021-08-20 06:19:25+05:00,termux-shared/src/main/java/com/termux/shared/termux/AndroidUtils.java
agnostic-apollo,2021-08-20 06:19:25+05:00,app/src/main/java/com/termux/app/RunCommandService.java
agnostic-apollo,2021-08-20 06:19:25+05:00,app/src/main/java/com/termux/app/RunCommandService.java
agnostic-apollo,2021-08-20 06:19:25+05:00,app/src/main/java/com/termux/app/TermuxService.java
agnostic-apollo,2021-08-20 06:19:25+05:00,termux-shared/src/main/java/com/termux/shared/data/DataUtils.java
agnostic-apollo,2021-08-20 06:19:25+05:00,termux-shared/src/main/java/com/termux/shared/data/IntentUtils.java
agnostic-apollo,2021-08-20 06:19:25+05:00,termux-shared/src/main/java/com/termux/shared/logger/Logger.java
agnostic-apollo,2021-08-20 06:19:25+05:00,termux-shared/src/main/java/com/termux/shared/models/ExecutionCommand.java
agnostic-apollo,2021-08-20 06:19:25+05:00,termux-shared/src/main/java/com/termux/shared/shell/StreamGobbler.java
agnostic-apollo,2021-08-20 06:19:25+05:00,termux-shared/src/main/java/com/termux/shared/shell/TermuxTask.java
agnostic-apollo,2021-08-20 06:19:25+05:00,termux-shared/src/main/java/com/termux/shared/termux/TermuxConstants.java
agnostic-apollo,2021-08-20 06:19:25+05:00,termux-shared/src/main/java/com/termux/shared/termux/TermuxUtils.java
agnostic-apollo,2021-08-20 06:19:25+05:00,termux-shared/src/main/java/com/termux/shared/interact/MessageDialogUtils.java
agnostic-apollo,2021-08-20 06:19:25+05:00,termux-shared/src/main/java/com/termux/shared/packages/PermissionUtils.java
agnostic-apollo,2021-08-20 06:36:01+05:00,termux-shared/src/main/java/com/termux/shared/data/DataUtils.java
agnostic-apollo,2021-08-20 06:36:01+05:00,termux-shared/src/main/java/com/termux/shared/file/FileUtils.java
agnostic-apollo,2021-08-20 06:36:01+05:00,termux-shared/src/main/java/com/termux/shared/models/errors/FileUtilsErrno.java
agnostic-apollo,2021-08-20 06:36:01+05:00,termux-shared/src/main/java/com/termux/shared/models/errors/FunctionErrno.java
agnostic-apollo,2021-08-20 22:12:24+05:00,app/src/main/java/com/termux/app/RunCommandService.java
agnostic-apollo,2021-08-20 22:12:24+05:00,app/src/main/java/com/termux/app/TermuxService.java
agnostic-apollo,2021-08-20 22:12:24+05:00,app/src/main/java/com/termux/app/utils/CrashUtils.java
agnostic-apollo,2021-08-20 22:12:24+05:00,app/src/main/java/com/termux/app/utils/PluginUtils.java
agnostic-apollo,2021-08-20 22:12:24+05:00,termux-shared/src/main/java/com/termux/shared/notification/NotificationUtils.java
agnostic-apollo,2021-08-20 22:20:18+05:00,app/src/main/java/com/termux/app/utils/CrashUtils.java
agnostic-apollo,2021-08-20 22:20:18+05:00,app/src/main/java/com/termux/app/utils/PluginUtils.java
agnostic-apollo,2021-08-20 23:31:12+05:00,app/src/main/AndroidManifest.xml
agnostic-apollo,2021-08-20 23:31:12+05:00,app/src/main/java/com/termux/app/TermuxActivity.java
agnostic-apollo,2021-08-20 23:31:12+05:00,app/src/main/java/com/termux/app/activities/SettingsActivity.java
agnostic-apollo,2021-08-20 23:31:12+05:00,app/src/main/java/com/termux/app/terminal/TermuxTerminalViewClient.java
agnostic-apollo,2021-08-20 23:31:12+05:00,app/src/main/java/com/termux/app/utils/CrashUtils.java
agnostic-apollo,2021-08-20 23:31:12+05:00,app/src/main/java/com/termux/app/utils/PluginUtils.java
agnostic-apollo,2021-08-20 23:31:12+05:00,app/src/main/res/values/strings.xml
agnostic-apollo,2021-08-20 23:31:12+05:00,termux-shared/src/main/java/com/termux/shared/activities/ReportActivity.java
agnostic-apollo,2021-08-20 23:31:12+05:00,termux-shared/src/main/java/com/termux/shared/interact/ShareUtils.java
agnostic-apollo,2021-08-20 23:31:12+05:00,termux-shared/src/main/java/com/termux/shared/models/ReportInfo.java
agnostic-apollo,2021-08-20 23:31:12+05:00,termux-shared/src/main/res/menu/menu_report.xml
agnostic-apollo,2021-08-20 23:31:12+05:00,termux-shared/src/main/res/values/strings.xml
agnostic-apollo,2021-08-21 02:44:51+05:00,app/src/main/java/com/termux/app/TermuxInstaller.java
agnostic-apollo,2021-08-21 02:44:51+05:00,app/src/main/java/com/termux/app/terminal/TermuxTerminalViewClient.java
agnostic-apollo,2021-08-21 02:44:51+05:00,termux-shared/src/main/java/com/termux/shared/file/TermuxFileUtils.java
agnostic-apollo,2021-08-21 02:44:51+05:00,termux-shared/src/main/java/com/termux/shared/packages/PackageUtils.java
agnostic-apollo,2021-08-21 02:44:51+05:00,termux-shared/src/main/java/com/termux/shared/termux/AndroidUtils.java
agnostic-apollo,2021-08-21 02:44:51+05:00,termux-shared/src/main/java/com/termux/shared/termux/TermuxUtils.java
agnostic-apollo,2021-08-21 02:44:51+05:00,termux-shared/src/main/res/values/strings.xml
agnostic-apollo,2021-08-21 02:47:13+05:00,termux-shared/src/main/res/values/strings.xml
agnostic-apollo,2021-08-21 02:55:13+05:00,termux-shared/src/main/java/com/termux/shared/termux/TermuxUtils.java
agnostic-apollo,2021-08-21 02:55:13+05:00,termux-shared/src/main/res/values/strings.xml
agnostic-apollo,2021-08-21 03:40:31+05:00,termux-shared/src/main/java/com/termux/shared/logger/Logger.java
agnostic-apollo,2021-08-21 03:40:31+05:00,termux-shared/src/main/java/com/termux/shared/models/ExecutionCommand.java
agnostic-apollo,2021-08-21 03:40:31+05:00,termux-shared/src/main/java/com/termux/shared/shell/StreamGobbler.java
agnostic-apollo,2021-08-21 03:40:31+05:00,termux-shared/src/main/java/com/termux/shared/shell/TermuxTask.java
agnostic-apollo,2021-08-21 03:41:29+05:00,termux-shared/src/main/java/com/termux/shared/file/TermuxFileUtils.java
agnostic-apollo,2021-08-21 03:41:29+05:00,termux-shared/src/main/java/com/termux/shared/termux/TermuxUtils.java
agnostic-apollo,2021-08-21 03:48:32+05:00,app/src/main/java/com/termux/app/RunCommandService.java
agnostic-apollo,2021-08-21 03:48:32+05:00,app/src/main/java/com/termux/app/TermuxService.java
agnostic-apollo,2021-08-21 03:48:32+05:00,termux-shared/src/main/java/com/termux/shared/file/TermuxFileUtils.java
agnostic-apollo,2021-08-21 03:48:32+05:00,termux-shared/src/main/java/com/termux/shared/shell/TermuxSession.java
agnostic-apollo,2021-08-21 03:48:32+05:00,termux-shared/src/main/java/com/termux/shared/shell/TermuxTask.java
agnostic-apollo,2021-08-21 03:48:32+05:00,termux-shared/src/main/java/com/termux/shared/termux/TermuxUtils.java
agnostic-apollo,2021-08-21 04:22:43+05:00,app/src/main/java/com/termux/app/terminal/io/BellHandler.java
agnostic-apollo,2021-08-21 05:26:33+05:00,app/src/main/java/com/termux/app/utils/PluginUtils.java
agnostic-apollo,2021-08-21 05:26:33+05:00,termux-shared/src/main/java/com/termux/shared/logger/Logger.java
agnostic-apollo,2021-08-21 05:26:33+05:00,termux-shared/src/main/java/com/termux/shared/models/ExecutionCommand.java
agnostic-apollo,2021-08-21 05:26:33+05:00,termux-shared/src/main/java/com/termux/shared/models/ResultData.java
agnostic-apollo,2021-08-21 05:26:33+05:00,termux-shared/src/main/java/com/termux/shared/shell/ResultSender.java
agnostic-apollo,2021-08-21 05:26:33+05:00,termux-shared/src/main/java/com/termux/shared/shell/StreamGobbler.java
agnostic-apollo,2021-08-21 05:26:33+05:00,termux-shared/src/main/java/com/termux/shared/shell/TermuxTask.java
agnostic-apollo,2021-08-21 05:33:00+05:00,termux-shared/build.gradle
agnostic-apollo,2021-08-21 05:48:00+05:00,gradle.properties
agnostic-apollo,2021-08-21 06:01:58+05:00,gradle/wrapper/gradle-wrapper.properties
agnostic-apollo,2021-08-23 08:48:24+05:00,app/src/main/java/com/termux/app/TermuxActivity.java
agnostic-apollo,2021-08-23 08:48:24+05:00,app/src/main/java/com/termux/app/settings/properties/TermuxAppSharedProperties.java
agnostic-apollo,2021-08-23 08:48:24+05:00,app/src/main/java/com/termux/app/terminal/TermuxTerminalViewClient.java
agnostic-apollo,2021-08-23 08:48:24+05:00,app/src/main/java/com/termux/app/terminal/io/TerminalToolbarViewPager.java
agnostic-apollo,2021-08-23 08:48:24+05:00,app/src/main/java/com/termux/app/terminal/io/TermuxTerminalExtraKeys.java
agnostic-apollo,2021-08-23 08:48:24+05:00,app/src/main/java/com/termux/app/terminal/io/extrakeys/ExtraKeyButton.java
agnostic-apollo,2021-08-23 08:48:24+05:00,app/src/main/java/com/termux/app/terminal/io/extrakeys/ExtraKeysInfo.java
agnostic-apollo,2021-08-23 08:48:24+05:00,app/src/main/java/com/termux/app/terminal/io/extrakeys/ExtraKeysView.java
agnostic-apollo,2021-08-23 08:48:24+05:00,app/src/main/res/layout/view_terminal_toolbar_extra_keys.xml
agnostic-apollo,2021-08-23 08:48:24+05:00,termux-shared/src/main/java/com/termux/shared/terminal/io/TerminalExtraKeys.java
agnostic-apollo,2021-08-23 08:48:24+05:00,termux-shared/src/main/java/com/termux/shared/terminal/io/extrakeys/ExtraKeyButton.java
agnostic-apollo,2021-08-23 08:48:24+05:00,termux-shared/src/main/java/com/termux/shared/terminal/io/extrakeys/ExtraKeysConstants.java
agnostic-apollo,2021-08-23 08:48:24+05:00,termux-shared/src/main/java/com/termux/shared/terminal/io/extrakeys/ExtraKeysInfo.java
agnostic-apollo,2021-08-23 08:48:24+05:00,termux-shared/src/main/java/com/termux/shared/terminal/io/extrakeys/ExtraKeysView.java
agnostic-apollo,2021-08-23 08:48:24+05:00,termux-shared/src/main/java/com/termux/shared/terminal/io/extrakeys/SpecialButton.java
agnostic-apollo,2021-08-23 08:48:24+05:00,termux-shared/src/main/java/com/termux/shared/terminal/io/extrakeys/SpecialButtonState.java
agnostic-apollo,2021-08-23 08:48:25+05:00,termux-shared/src/main/java/com/termux/shared/settings/properties/SharedProperties.java
agnostic-apollo,2021-08-23 08:48:25+05:00,termux-shared/src/main/java/com/termux/shared/settings/properties/TermuxSharedProperties.java
agnostic-apollo,2021-08-23 08:51:30+05:00,app/src/main/java/com/termux/app/terminal/TermuxTerminalViewClient.java
agnostic-apollo,2021-08-23 08:51:30+05:00,terminal-view/src/main/java/com/termux/view/TerminalView.java
agnostic-apollo,2021-08-23 08:51:30+05:00,terminal-view/src/main/java/com/termux/view/TerminalViewClient.java
agnostic-apollo,2021-08-23 08:51:30+05:00,termux-shared/src/main/java/com/termux/shared/terminal/TermuxTerminalViewClientBase.java
agnostic-apollo,2021-08-23 08:51:30+05:00,termux-shared/src/main/java/com/termux/shared/terminal/io/extrakeys/ExtraKeysConstants.java
agnostic-apollo,2021-08-23 08:56:36+05:00,app/src/main/java/com/termux/app/terminal/TermuxTerminalViewClient.java
agnostic-apollo,2021-08-23 08:56:36+05:00,terminal-view/src/main/java/com/termux/view/TerminalView.java
agnostic-apollo,2021-08-23 08:56:36+05:00,terminal-view/src/main/java/com/termux/view/TerminalViewClient.java
agnostic-apollo,2021-08-23 08:56:36+05:00,termux-shared/src/main/java/com/termux/shared/terminal/TermuxTerminalViewClientBase.java
agnostic-apollo,2021-08-23 14:59:02+05:00,gradle.properties
agnostic-apollo,2021-08-23 21:51:43+05:00,termux-shared/src/main/java/com/termux/shared/file/TermuxFileUtils.java
agnostic-apollo,2021-08-23 21:51:43+05:00,termux-shared/src/main/java/com/termux/shared/termux/TermuxUtils.java
agnostic-apollo,2021-08-25 02:01:28+05:00,app/src/main/java/com/termux/app/TermuxActivity.java
agnostic-apollo,2021-08-25 02:01:28+05:00,app/src/main/java/com/termux/app/TermuxService.java
agnostic-apollo,2021-08-25 02:01:28+05:00,termux-shared/src/main/java/com/termux/shared/termux/TermuxConstants.java
agnostic-apollo,2021-08-25 23:18:17+05:00,app/src/main/java/com/termux/app/terminal/TermuxTerminalViewClient.java
agnostic-apollo,2021-08-25 23:18:17+05:00,app/src/main/java/com/termux/app/terminal/io/TermuxTerminalExtraKeys.java
agnostic-apollo,2021-08-25 23:18:17+05:00,app/src/main/java/com/termux/app/terminal/TermuxTerminalViewClient.java
agnostic-apollo,2021-08-25 23:18:17+05:00,termux-shared/src/main/java/com/termux/shared/settings/properties/TermuxPropertyConstants.java
agnostic-apollo,2021-08-25 23:18:17+05:00,termux-shared/src/main/java/com/termux/shared/settings/properties/TermuxSharedProperties.java
agnostic-apollo,2021-08-25 23:18:17+05:00,app/src/main/java/com/termux/app/TermuxActivity.java
agnostic-apollo,2021-08-25 23:18:17+05:00,app/src/main/res/layout/activity_termux.xml
agnostic-apollo,2021-08-25 23:18:17+05:00,termux-shared/src/main/java/com/termux/shared/settings/properties/TermuxPropertyConstants.java
agnostic-apollo,2021-08-25 23:18:17+05:00,termux-shared/src/main/java/com/termux/shared/settings/properties/TermuxSharedProperties.java
agnostic-apollo,2021-08-25 23:18:17+05:00,termux-shared/src/main/java/com/termux/shared/view/ViewUtils.java
agnostic-apollo,2021-08-26 06:01:25+05:00,terminal-view/src/main/java/com/termux/view/TerminalView.java
agnostic-apollo,2021-08-26 06:03:23+05:00,terminal-view/src/main/java/com/termux/view/TerminalView.java
agnostic-apollo,2021-08-27 05:39:04+05:00,app/src/main/java/com/termux/filepicker/TermuxFileReceiverActivity.java
agnostic-apollo,2021-08-28 00:29:53+05:00,app/src/main/java/com/termux/app/activities/SettingsActivity.java
agnostic-apollo,2021-08-28 00:29:53+05:00,app/src/main/java/com/termux/app/fragments/settings/TermuxAPIPreferencesFragment.java
agnostic-apollo,2021-08-28 00:29:53+05:00,app/src/main/java/com/termux/app/fragments/settings/termux_api/DebuggingPreferencesFragment.java
agnostic-apollo,2021-08-28 00:29:53+05:00,app/src/main/res/values/strings.xml
agnostic-apollo,2021-08-28 00:29:53+05:00,app/src/main/res/xml/root_preferences.xml
agnostic-apollo,2021-08-28 00:29:53+05:00,app/src/main/res/xml/termux_api_debugging_preferences.xml
agnostic-apollo,2021-08-28 00:29:53+05:00,app/src/main/res/xml/termux_api_preferences.xml
agnostic-apollo,2021-08-28 00:29:53+05:00,termux-shared/src/main/java/com/termux/shared/settings/preferences/TermuxAPIAppSharedPreferences.java
agnostic-apollo,2021-08-28 00:29:53+05:00,termux-shared/src/main/java/com/termux/shared/settings/preferences/TermuxBootAppSharedPreferences.java
agnostic-apollo,2021-08-28 00:29:53+05:00,termux-shared/src/main/java/com/termux/shared/settings/preferences/TermuxFloatAppSharedPreferences.java
agnostic-apollo,2021-08-28 00:29:53+05:00,termux-shared/src/main/java/com/termux/shared/settings/preferences/TermuxPreferenceConstants.java
agnostic-apollo,2021-08-28 00:29:53+05:00,termux-shared/src/main/java/com/termux/shared/settings/preferences/TermuxStylingAppSharedPreferences.java
agnostic-apollo,2021-08-28 00:29:53+05:00,termux-shared/src/main/java/com/termux/shared/settings/preferences/TermuxTaskerAppSharedPreferences.java
agnostic-apollo,2021-08-28 00:29:53+05:00,termux-shared/src/main/java/com/termux/shared/settings/preferences/TermuxWidgetAppSharedPreferences.java
agnostic-apollo,2021-09-02 06:16:28+05:00,termux-shared/src/main/java/com/termux/shared/termux/TermuxConstants.java
agnostic-apollo,2021-09-02 06:20:39+05:00,app/src/main/java/com/termux/app/TermuxService.java
agnostic-apollo,2021-09-02 06:20:39+05:00,termux-shared/src/main/java/com/termux/shared/settings/preferences/TermuxAppSharedPreferences.java
agnostic-apollo,2021-09-02 06:20:39+05:00,termux-shared/src/main/java/com/termux/shared/settings/preferences/TermuxFloatAppSharedPreferences.java
agnostic-apollo,2021-09-02 06:20:39+05:00,termux-shared/src/main/java/com/termux/shared/settings/preferences/TermuxPreferenceConstants.java
agnostic-apollo,2021-09-02 06:20:39+05:00,termux-shared/src/main/java/com/termux/shared/settings/preferences/TermuxTaskerAppSharedPreferences.java
agnostic-apollo,2021-09-02 06:20:39+05:00,termux-shared/src/main/java/com/termux/shared/view/ViewUtils.java
agnostic-apollo,2021-09-02 06:21:16+05:00,app/src/main/java/com/termux/app/activities/SettingsActivity.java
agnostic-apollo,2021-09-02 06:21:16+05:00,app/src/main/java/com/termux/app/fragments/settings/TermuxFloatPreferencesFragment.java
agnostic-apollo,2021-09-02 06:21:16+05:00,app/src/main/java/com/termux/app/fragments/settings/termux_float/DebuggingPreferencesFragment.java
agnostic-apollo,2021-09-02 06:21:16+05:00,app/src/main/res/values/strings.xml
agnostic-apollo,2021-09-02 06:21:16+05:00,app/src/main/res/xml/root_preferences.xml
agnostic-apollo,2021-09-02 06:21:16+05:00,app/src/main/res/xml/termux_float_debugging_preferences.xml
agnostic-apollo,2021-09-02 06:21:16+05:00,app/src/main/res/xml/termux_float_preferences.xml
agnostic-apollo,2021-09-02 06:40:02+05:00,app/src/main/java/com/termux/app/fragments/settings/termux_api/DebuggingPreferencesFragment.java
agnostic-apollo,2021-09-02 06:40:02+05:00,termux-shared/src/main/java/com/termux/shared/settings/preferences/TermuxAPIAppSharedPreferences.java
agnostic-apollo,2021-09-02 06:40:02+05:00,termux-shared/src/main/java/com/termux/shared/settings/preferences/TermuxBootAppSharedPreferences.java
agnostic-apollo,2021-09-02 06:40:02+05:00,termux-shared/src/main/java/com/termux/shared/settings/preferences/TermuxStylingAppSharedPreferences.java
agnostic-apollo,2021-09-02 06:40:02+05:00,termux-shared/src/main/java/com/termux/shared/settings/preferences/TermuxWidgetAppSharedPreferences.java
agnostic-apollo,2021-09-02 12:45:28+05:00,app/src/main/java/com/termux/app/settings/properties/TermuxAppSharedProperties.java
agnostic-apollo,2021-09-02 12:45:28+05:00,app/src/main/java/com/termux/app/terminal/TermuxTerminalSessionClient.java
agnostic-apollo,2021-09-02 12:45:28+05:00,app/src/main/java/com/termux/app/terminal/TermuxTerminalViewClient.java
agnostic-apollo,2021-09-02 12:45:28+05:00,termux-shared/src/main/java/com/termux/shared/settings/properties/TermuxPropertyConstants.java
agnostic-apollo,2021-09-02 12:45:28+05:00,termux-shared/src/main/java/com/termux/shared/settings/properties/TermuxSharedProperties.java
agnostic-apollo,2021-09-02 12:45:28+05:00,termux-shared/src/main/java/com/termux/shared/terminal/io/BellHandler.java
agnostic-apollo,2021-09-02 12:45:28+05:00,termux-shared/src/main/java/com/termux/shared/termux/TermuxConstants.java
agnostic-apollo,2021-09-02 12:45:28+05:00,termux-shared/src/main/res/raw/bell.ogg
agnostic-apollo,2021-09-04 05:28:39+05:00,termux-shared/src/main/java/com/termux/shared/logger/Logger.java
agnostic-apollo,2021-09-04 07:25:21+05:00,termux-shared/src/main/java/com/termux/shared/settings/preferences/SharedPreferenceUtils.java
agnostic-apollo,2021-09-04 07:25:21+05:00,termux-shared/src/main/java/com/termux/shared/settings/preferences/TermuxAppSharedPreferences.java
agnostic-apollo,2021-09-04 07:25:21+05:00,app/src/main/res/values/strings.xml
agnostic-apollo,2021-09-04 07:25:21+05:00,termux-shared/src/main/res/values/strings.xml
agnostic-apollo,2021-09-04 08:06:25+05:00,app/src/main/java/com/termux/app/TermuxInstaller.java
agnostic-apollo,2021-09-04 08:06:25+05:00,termux-shared/src/main/java/com/termux/shared/file/TermuxFileUtils.java
agnostic-apollo,2021-09-04 08:06:54+05:00,termux-shared/src/main/java/com/termux/shared/termux/TermuxUtils.java
agnostic-apollo,2021-09-04 08:06:54+05:00,termux-shared/src/main/res/values/strings.xml
agnostic-apollo,2021-09-04 08:08:51+05:00,termux-shared/src/main/java/com/termux/shared/settings/preferences/TermuxPreferenceConstants.java
agnostic-apollo,2021-09-04 08:08:51+05:00,termux-shared/src/main/java/com/termux/shared/settings/preferences/TermuxWidgetAppSharedPreferences.java
agnostic-apollo,2021-09-04 08:08:51+05:00,termux-shared/src/main/java/com/termux/shared/termux/TermuxConstants.java
agnostic-apollo,2021-09-04 08:33:30+05:00,app/src/main/java/com/termux/app/activities/SettingsActivity.java
agnostic-apollo,2021-09-04 08:33:30+05:00,app/src/main/java/com/termux/app/fragments/settings/TermuxWidgetPreferencesFragment.java
agnostic-apollo,2021-09-04 08:33:30+05:00,app/src/main/java/com/termux/app/fragments/settings/termux_widget/DebuggingPreferencesFragment.java
agnostic-apollo,2021-09-04 08:33:30+05:00,app/src/main/res/values/strings.xml
agnostic-apollo,2021-09-04 08:33:30+05:00,app/src/main/res/xml/root_preferences.xml
agnostic-apollo,2021-09-04 08:33:30+05:00,app/src/main/res/xml/termux_widget_debugging_preferences.xml
agnostic-apollo,2021-09-04 08:33:30+05:00,app/src/main/res/xml/termux_widget_preferences.xml
agnostic-apollo,2021-09-04 08:34:32+05:00,app/build.gradle
agnostic-apollo,2021-09-05 03:37:07+05:00,app/src/main/AndroidManifest.xml
agnostic-apollo,2021-09-05 03:37:07+05:00,app/src/main/java/com/termux/app/TermuxOpenReceiver.java
agnostic-apollo,2021-09-05 03:37:07+05:00,app/src/main/java/com/termux/app/TermuxService.java
agnostic-apollo,2021-09-05 03:37:07+05:00,app/src/main/java/com/termux/app/settings/properties/TermuxAppSharedProperties.java
agnostic-apollo,2021-09-05 03:37:07+05:00,app/src/main/res/values/strings.xml
agnostic-apollo,2021-09-05 03:37:07+05:00,termux-shared/src/main/java/com/termux/shared/packages/PackageUtils.java
agnostic-apollo,2021-09-05 03:37:07+05:00,termux-shared/src/main/java/com/termux/shared/settings/preferences/TermuxAPIAppSharedPreferences.java
agnostic-apollo,2021-09-05 03:37:07+05:00,termux-shared/src/main/java/com/termux/shared/settings/preferences/TermuxAppSharedPreferences.java
agnostic-apollo,2021-09-05 03:37:07+05:00,termux-shared/src/main/java/com/termux/shared/settings/preferences/TermuxBootAppSharedPreferences.java
agnostic-apollo,2021-09-05 03:37:07+05:00,termux-shared/src/main/java/com/termux/shared/settings/preferences/TermuxFloatAppSharedPreferences.java
agnostic-apollo,2021-09-05 03:37:07+05:00,termux-shared/src/main/java/com/termux/shared/settings/preferences/TermuxPreferenceConstants.java
agnostic-apollo,2021-09-05 03:37:07+05:00,termux-shared/src/main/java/com/termux/shared/settings/preferences/TermuxStylingAppSharedPreferences.java
agnostic-apollo,2021-09-05 03:37:07+05:00,termux-shared/src/main/java/com/termux/shared/settings/preferences/TermuxTaskerAppSharedPreferences.java
agnostic-apollo,2021-09-05 03:37:07+05:00,termux-shared/src/main/java/com/termux/shared/settings/preferences/TermuxWidgetAppSharedPreferences.java
agnostic-apollo,2021-09-05 03:37:07+05:00,termux-shared/src/main/java/com/termux/shared/settings/properties/SharedProperties.java
agnostic-apollo,2021-09-05 03:37:07+05:00,termux-shared/src/main/java/com/termux/shared/settings/properties/TermuxSharedProperties.java
agnostic-apollo,2021-09-05 03:37:07+05:00,termux-shared/src/main/java/com/termux/shared/termux/TermuxConstants.java
agnostic-apollo,2021-09-05 04:24:00+05:00,app/src/main/java/com/termux/app/TermuxActivity.java
agnostic-apollo,2021-09-05 04:24:00+05:00,app/src/main/java/com/termux/app/terminal/io/TerminalToolbarViewPager.java
agnostic-apollo,2021-09-05 04:24:00+05:00,termux-shared/src/main/java/com/termux/shared/settings/properties/TermuxPropertyConstants.java
agnostic-apollo,2021-09-05 04:24:00+05:00,termux-shared/src/main/java/com/termux/shared/settings/properties/TermuxSharedProperties.java
agnostic-apollo,2021-09-05 04:24:00+05:00,termux-shared/src/main/java/com/termux/shared/terminal/io/extrakeys/ExtraKeysView.java
agnostic-apollo,2021-09-05 10:09:18+05:00,app/src/main/java/com/termux/app/RunCommandService.java
agnostic-apollo,2021-09-05 10:09:18+05:00,app/src/main/res/values/strings.xml
agnostic-apollo,2021-09-05 10:09:18+05:00,termux-shared/src/main/java/com/termux/shared/file/FileUtils.java
agnostic-apollo,2021-09-05 10:09:18+05:00,termux-shared/src/main/java/com/termux/shared/models/errors/Errno.java
agnostic-apollo,2021-09-05 10:09:18+05:00,termux-shared/src/main/java/com/termux/shared/models/errors/Error.java
agnostic-apollo,2021-09-05 10:09:18+05:00,termux-shared/src/main/java/com/termux/shared/models/errors/FileUtilsErrno.java
agnostic-apollo,2021-09-05 14:52:53+05:00,termux-shared/src/main/java/com/termux/shared/settings/preferences/TermuxPreferenceConstants.java
agnostic-apollo,2021-09-05 14:52:53+05:00,termux-shared/src/main/java/com/termux/shared/settings/preferences/TermuxTaskerAppSharedPreferences.java
agnostic-apollo,2021-09-06 01:24:22+05:00,termux-shared/src/main/java/com/termux/shared/logger/Logger.java
agnostic-apollo,2021-09-06 04:14:57+05:00,termux-shared/src/main/java/com/termux/shared/packages/PackageUtils.java
agnostic-apollo,2021-09-06 04:14:57+05:00,termux-shared/src/main/java/com/termux/shared/shell/TermuxShellUtils.java
agnostic-apollo,2021-09-06 04:14:57+05:00,termux-shared/src/main/java/com/termux/shared/termux/TermuxUtils.java
agnostic-apollo,2021-09-06 04:40:49+05:00,termux-shared/src/main/java/com/termux/shared/interact/ShareUtils.java
agnostic-apollo,2021-09-06 04:40:49+05:00,termux-shared/src/main/res/values/strings.xml
agnostic-apollo,2021-09-08 08:46:29+05:00,termux-shared/src/main/java/com/termux/shared/interact/ShareUtils.java
agnostic-apollo,2021-09-08 11:05:29+05:00,termux-shared/src/main/java/com/termux/shared/packages/PackageUtils.java
agnostic-apollo,2021-09-08 11:05:29+05:00,termux-shared/src/main/java/com/termux/shared/shell/TermuxShellUtils.java
agnostic-apollo,2021-09-08 11:05:29+05:00,termux-shared/src/main/java/com/termux/shared/termux/AndroidUtils.java
agnostic-apollo,2021-09-08 11:05:29+05:00,termux-shared/src/main/java/com/termux/shared/termux/TermuxConstants.java
agnostic-apollo,2021-09-08 11:05:29+05:00,termux-shared/src/main/java/com/termux/shared/termux/TermuxUtils.java
agnostic-apollo,2021-09-08 11:05:29+05:00,termux-shared/src/main/res/values/strings.xml
agnostic-apollo,2021-09-08 11:24:11+05:00,termux-shared/src/main/java/com/termux/shared/shell/TermuxShellUtils.java
agnostic-apollo,2021-09-08 11:24:11+05:00,termux-shared/src/main/java/com/termux/shared/termux/TermuxUtils.java
agnostic-apollo,2021-09-08 17:53:23+05:00,README.md
agnostic-apollo,2021-09-09 04:34:24+05:00,README.md
agnostic-apollo,2021-09-09 07:25:43+05:00,app/src/main/java/com/termux/app/terminal/TermuxTerminalSessionClient.java
agnostic-apollo,2021-09-09 08:19:51+05:00,termux-shared/src/main/java/com/termux/shared/termux/TermuxConstants.java
agnostic-apollo,2021-09-11 13:48:30+05:00,termux-shared/src/main/java/com/termux/shared/activities/ReportActivity.java
agnostic-apollo,2021-09-11 13:48:30+05:00,termux-shared/src/main/java/com/termux/shared/models/ReportInfo.java
agnostic-apollo,2021-09-11 15:15:51+05:00,termux-shared/src/main/java/com/termux/shared/data/DataUtils.java
agnostic-apollo,2021-09-11 15:15:51+05:00,termux-shared/build.gradle
agnostic-apollo,2021-09-11 15:15:51+05:00,termux-shared/src/main/java/com/termux/shared/activities/TextIOActivity.java
agnostic-apollo,2021-09-11 15:15:51+05:00,termux-shared/src/main/java/com/termux/shared/models/TextIOInfo.java
agnostic-apollo,2021-09-11 15:15:51+05:00,termux-shared/src/main/res/layout/activity_text_io.xml
agnostic-apollo,2021-09-11 15:15:51+05:00,termux-shared/src/main/res/menu/menu_text_io.xml
agnostic-apollo,2021-09-11 15:15:51+05:00,termux-shared/src/main/res/values/strings.xml
agnostic-apollo,2021-09-11 15:15:51+05:00,termux-shared/src/main/res/values/styles.xml
agnostic-apollo,2021-09-11 19:07:59+05:00,README.md
agnostic-apollo,2021-09-12 10:06:01+05:00,README.md
agnostic-apollo,2021-09-12 15:50:52+05:00,app/src/main/AndroidManifest.xml
Trygve Aaberge,2021-09-15 01:58:30+02:00,app/src/main/java/com/termux/app/terminal/TermuxTerminalViewClient.java
Trygve Aaberge,2021-09-15 01:58:30+02:00,terminal-emulator/src/main/java/com/termux/terminal/TerminalBuffer.java
Trygve Aaberge,2021-09-15 01:58:30+02:00,terminal-emulator/src/test/java/com/termux/terminal/ScreenBufferTest.java
Trygve Aaberge,2021-09-15 01:58:30+02:00,terminal-view/src/main/java/com/termux/view/TerminalView.java
Trygve Aaberge,2021-09-15 01:58:30+02:00,terminal-view/src/main/java/com/termux/view/textselection/TextSelectionCursorController.java
Trygve Aaberge,2021-09-19 18:10:46+02:00,app/src/main/java/com/termux/app/terminal/TermuxTerminalViewClient.java
Trygve Aaberge,2021-09-19 18:10:46+02:00,terminal-view/src/main/java/com/termux/view/TerminalView.java
Trygve Aaberge,2021-09-19 18:10:46+02:00,terminal-view/src/main/java/com/termux/view/textselection/TextSelectionCursorController.java
agnostic-apollo,2021-09-22 14:19:19+05:00,termux-shared/LICENSE.md
agnostic-apollo,2021-09-23 04:58:14+05:00,termux-shared/src/main/java/com/termux/shared/settings/preferences/TermuxWidgetAppSharedPreferences.java
agnostic-apollo,2021-09-23 16:44:38+05:00,termux-shared/src/main/res/layout/dialog_show_message.xml
agnostic-apollo,2021-09-23 16:44:38+05:00,termux-shared/src/main/res/values-night/themes.xml
agnostic-apollo,2021-09-23 16:44:38+05:00,termux-shared/src/main/res/values/colors.xml
agnostic-apollo,2021-09-23 16:44:38+05:00,termux-shared/src/main/res/values/styles.xml
agnostic-apollo,2021-09-23 16:44:38+05:00,termux-shared/src/main/res/values/themes.xml
agnostic-apollo,2021-09-23 16:46:59+05:00,termux-shared/src/main/java/com/termux/shared/packages/PackageUtils.java
agnostic-apollo,2021-09-23 16:46:59+05:00,termux-shared/src/main/res/values/strings.xml
agnostic-apollo,2021-09-23 16:51:08+05:00,termux-shared/src/main/java/com/termux/shared/termux/TermuxConstants.java
agnostic-apollo,2021-09-23 21:39:51+05:00,termux-shared/src/main/java/com/termux/shared/file/FileUtils.java
agnostic-apollo,2021-09-23 21:40:37+05:00,termux-shared/src/main/java/com/termux/shared/file/TermuxFileUtils.java
agnostic-apollo,2021-09-24 00:29:06+05:00,app/src/main/java/com/termux/app/TermuxOpenReceiver.java
agnostic-apollo,2021-09-24 00:47:38+05:00,app/src/main/java/com/termux/app/RunCommandService.java
agnostic-apollo,2021-09-24 00:47:38+05:00,app/src/main/java/com/termux/app/TermuxOpenReceiver.java
agnostic-apollo,2021-09-24 00:47:38+05:00,app/src/main/java/com/termux/app/utils/PluginUtils.java
agnostic-apollo,2021-09-24 00:47:38+05:00,app/src/main/res/values/strings.xml
Leonid Pliushch,2021-10-07 20:27:03+03:00,app/build.gradle
YAKSH BARIYA,2021-11-05 11:36:14+05:30,README.md
Henrik Grimler,2021-11-20 22:03:09+01:00,termux-shared/src/main/AndroidManifest.xml
Leonid Pliushch,2022-01-23 01:36:41+05:00,app/build.gradle
Henrik Grimler,2022-01-23 01:36:41+05:00,termux-shared/src/main/java/com/termux/shared/settings/properties/TermuxSharedProperties.java
Henrik Grimler,2022-01-23 01:36:41+05:00,app/build.gradle
agnostic-apollo,2022-01-23 01:36:41+05:00,.github/workflows/attach_debug_apks_to_release.yml
agnostic-apollo,2022-01-23 01:36:41+05:00,.github/workflows/debug_build.yml
agnostic-apollo,2022-01-23 01:36:41+05:00,.github/workflows/trigger_library_builds_on_jitpack.yml
agnostic-apollo,2022-01-23 01:36:41+05:00,app/build.gradle
agnostic-apollo,2022-01-23 01:36:41+05:00,app/build.gradle
agnostic-apollo,2022-01-23 01:36:41+05:00,terminal-view/build.gradle
agnostic-apollo,2022-01-23 01:36:41+05:00,termux-shared/build.gradle
agnostic-apollo,2022-01-23 01:36:41+05:00,app/build.gradle
agnostic-apollo,2022-01-23 01:36:41+05:00,app/build.gradle
agnostic-apollo,2022-01-23 01:36:41+05:00,README.md
agnostic-apollo,2022-01-23 01:36:41+05:00,app/build.gradle
agnostic-apollo,2022-01-23 01:36:41+05:00,README.md
agnostic-apollo,2022-01-23 01:36:41+05:00,app/build.gradle
agnostic-apollo,2022-01-23 01:36:41+05:00,terminal-emulator/build.gradle
agnostic-apollo,2022-01-23 01:36:41+05:00,terminal-view/build.gradle
agnostic-apollo,2022-01-23 01:36:41+05:00,termux-shared/build.gradle
agnostic-apollo,2022-01-23 01:36:41+05:00,app/src/main/java/com/termux/app/TermuxOpenReceiver.java
agnostic-apollo,2022-01-23 01:36:41+05:00,termux-shared/src/main/java/com/termux/shared/settings/properties/TermuxPropertyConstants.java
agnostic-apollo,2022-01-23 01:36:41+05:00,termux-shared/src/main/java/com/termux/shared/termux/TermuxConstants.java
agnostic-apollo,2022-01-23 01:36:41+05:00,termux-shared/src/main/java/com/termux/shared/markdown/MarkdownUtils.java
agnostic-apollo,2022-01-23 01:36:41+05:00,termux-shared/src/main/java/com/termux/shared/logger/Logger.java
agnostic-apollo,2022-01-23 01:36:41+05:00,termux-shared/src/main/java/com/termux/shared/packages/PackageUtils.java
agnostic-apollo,2022-01-23 01:36:41+05:00,termux-shared/src/main/java/com/termux/shared/termux/AndroidUtils.java
agnostic-apollo,2022-01-23 01:36:41+05:00,app/src/main/java/com/termux/app/activities/SettingsActivity.java
agnostic-apollo,2022-01-23 01:36:41+05:00,termux-shared/src/main/java/com/termux/shared/termux/TermuxUtils.java
agnostic-apollo,2022-01-23 01:36:41+05:00,app/src/main/java/com/termux/app/terminal/TermuxTerminalViewClient.java
agnostic-apollo,2022-01-23 01:36:41+05:00,app/src/main/java/com/termux/app/utils/PluginUtils.java
agnostic-apollo,2022-01-23 01:36:41+05:00,app/src/main/java/com/termux/app/TermuxInstaller.java
agnostic-apollo,2022-01-23 01:36:41+05:00,app/src/main/java/com/termux/app/utils/CrashUtils.java
agnostic-apollo,2022-01-23 01:36:41+05:00,app/src/main/java/com/termux/app/activities/SettingsActivity.java
agnostic-apollo,2022-01-23 01:36:41+05:00,app/src/main/java/com/termux/app/terminal/TermuxTerminalViewClient.java
agnostic-apollo,2022-01-23 01:36:41+05:00,app/src/main/java/com/termux/app/utils/CrashUtils.java
agnostic-apollo,2022-01-23 01:36:41+05:00,app/src/main/java/com/termux/app/utils/PluginUtils.java
agnostic-apollo,2022-01-23 01:36:41+05:00,termux-shared/src/main/java/com/termux/shared/models/ReportInfo.java
agnostic-apollo,2022-01-23 01:36:41+05:00,terminal-view/src/main/java/com/termux/view/textselection/TextSelectionCursorController.java
agnostic-apollo,2022-01-23 01:36:41+05:00,terminal-emulator/src/main/java/com/termux/terminal/TerminalBuffer.java
agnostic-apollo,2022-01-23 01:36:41+05:00,terminal-emulator/src/main/java/com/termux/terminal/TerminalEmulator.java
agnostic-apollo,2022-01-23 01:36:41+05:00,terminal-emulator/src/main/java/com/termux/terminal/Logger.java
agnostic-apollo,2022-01-23 01:36:41+05:00,terminal-emulator/src/main/java/com/termux/terminal/TerminalEmulator.java
agnostic-apollo,2022-01-23 01:36:41+05:00,terminal-emulator/src/main/java/com/termux/terminal/TerminalSession.java
agnostic-apollo,2022-01-23 01:36:41+05:00,terminal-emulator/src/main/java/com/termux/terminal/TerminalEmulator.java
agnostic-apollo,2022-01-23 01:36:41+05:00,app/src/main/java/com/termux/app/terminal/TermuxTerminalViewClient.java
agnostic-apollo,2022-01-23 01:36:41+05:00,app/src/test/java/com/termux/app/TermuxActivityTest.java
agnostic-apollo,2022-01-23 01:36:41+05:00,termux-shared/src/main/java/com/termux/shared/termux/data/TermuxUrlUtils.java
agnostic-apollo,2022-01-23 01:36:41+05:00,termux-shared/src/main/java/com/termux/shared/shell/TermuxShellUtils.java
agnostic-apollo,2022-01-23 01:36:41+05:00,termux-shared/src/main/java/com/termux/shared/packages/PackageUtils.java
agnostic-apollo,2022-01-23 01:36:41+05:00,termux-shared/src/main/java/com/termux/shared/termux/AndroidUtils.java
agnostic-apollo,2022-01-23 01:36:41+05:00,termux-shared/src/main/java/com/termux/shared/packages/PackageUtils.java
agnostic-apollo,2022-01-23 01:36:41+05:00,termux-shared/src/main/java/com/termux/shared/termux/AndroidUtils.java
agnostic-apollo,2022-01-23 01:36:41+05:00,termux-shared/src/main/java/com/termux/shared/packages/PackageUtils.java
agnostic-apollo,2022-01-23 01:36:41+05:00,termux-shared/src/main/java/com/termux/shared/termux/AndroidUtils.java
agnostic-apollo,2022-01-23 01:36:41+05:00,termux-shared/src/main/java/com/termux/shared/net/UrlUtils.java
agnostic-apollo,2022-01-23 01:36:41+05:00,app/src/main/java/com/termux/app/RunCommandService.java
agnostic-apollo,2022-01-23 01:36:41+05:00,app/src/main/java/com/termux/app/TermuxActivity.java
agnostic-apollo,2022-01-23 01:36:41+05:00,app/src/main/java/com/termux/app/TermuxApplication.java
agnostic-apollo,2022-01-23 01:36:41+05:00,app/src/main/java/com/termux/app/TermuxInstaller.java
agnostic-apollo,2022-01-23 01:36:41+05:00,app/src/main/java/com/termux/app/TermuxService.java
agnostic-apollo,2022-01-23 01:36:41+05:00,app/src/main/java/com/termux/app/activities/SettingsActivity.java
agnostic-apollo,2022-01-23 01:36:41+05:00,app/src/main/java/com/termux/app/fragments/settings/TermuxAPIPreferencesFragment.java
agnostic-apollo,2022-01-23 01:36:41+05:00,app/src/main/java/com/termux/app/fragments/settings/TermuxFloatPreferencesFragment.java
agnostic-apollo,2022-01-23 01:36:41+05:00,app/src/main/java/com/termux/app/fragments/settings/TermuxPreferencesFragment.java
agnostic-apollo,2022-01-23 01:36:41+05:00,app/src/main/java/com/termux/app/fragments/settings/TermuxTaskerPreferencesFragment.java
agnostic-apollo,2022-01-23 01:36:41+05:00,app/src/main/java/com/termux/app/fragments/settings/TermuxWidgetPreferencesFragment.java
agnostic-apollo,2022-01-23 01:36:41+05:00,app/src/main/java/com/termux/app/fragments/settings/termux/DebuggingPreferencesFragment.java
agnostic-apollo,2022-01-23 01:36:41+05:00,app/src/main/java/com/termux/app/fragments/settings/termux/TerminalIOPreferencesFragment.java
agnostic-apollo,2022-01-23 01:36:41+05:00,app/src/main/java/com/termux/app/fragments/settings/termux/TerminalViewPreferencesFragment.java
agnostic-apollo,2022-01-23 01:36:41+05:00,app/src/main/java/com/termux/app/fragments/settings/termux_api/DebuggingPreferencesFragment.java
agnostic-apollo,2022-01-23 01:36:41+05:00,app/src/main/java/com/termux/app/fragments/settings/termux_float/DebuggingPreferencesFragment.java
agnostic-apollo,2022-01-23 01:36:41+05:00,app/src/main/java/com/termux/app/fragments/settings/termux_tasker/DebuggingPreferencesFragment.java
agnostic-apollo,2022-01-23 01:36:41+05:00,app/src/main/java/com/termux/app/fragments/settings/termux_widget/DebuggingPreferencesFragment.java
agnostic-apollo,2022-01-23 01:36:41+05:00,app/src/main/java/com/termux/app/settings/properties/TermuxAppSharedProperties.java
agnostic-apollo,2022-01-23 01:36:41+05:00,app/src/main/java/com/termux/app/terminal/TermuxSessionsListViewController.java
agnostic-apollo,2022-01-23 01:36:41+05:00,app/src/main/java/com/termux/app/terminal/TermuxTerminalSessionClient.java
agnostic-apollo,2022-01-23 01:36:41+05:00,app/src/main/java/com/termux/app/terminal/TermuxTerminalViewClient.java
agnostic-apollo,2022-01-23 01:36:41+05:00,app/src/main/java/com/termux/app/terminal/io/TerminalToolbarViewPager.java
agnostic-apollo,2022-01-23 01:36:41+05:00,app/src/main/java/com/termux/app/terminal/io/TermuxTerminalExtraKeys.java
agnostic-apollo,2022-01-23 01:36:41+05:00,app/src/main/java/com/termux/app/utils/CrashUtils.java
agnostic-apollo,2022-01-23 01:36:41+05:00,app/src/main/java/com/termux/app/utils/PluginUtils.java
agnostic-apollo,2022-01-23 01:36:41+05:00,app/src/main/java/com/termux/filepicker/TermuxFileReceiverActivity.java
agnostic-apollo,2022-01-23 01:36:41+05:00,app/src/main/res/layout/view_terminal_toolbar_extra_keys.xml
agnostic-apollo,2022-01-23 01:36:41+05:00,termux-shared/src/main/java/com/termux/shared/android/AndroidUtils.java
agnostic-apollo,2022-01-23 01:36:41+05:00,termux-shared/src/main/java/com/termux/shared/crash/CrashHandler.java
agnostic-apollo,2022-01-23 01:36:41+05:00,termux-shared/src/main/java/com/termux/shared/shell/ResultSender.java
agnostic-apollo,2022-01-23 01:36:41+05:00,termux-shared/src/main/java/com/termux/shared/termux/TermuxUtils.java
agnostic-apollo,2022-01-23 01:36:41+05:00,termux-shared/src/main/java/com/termux/shared/termux/crash/TermuxCrashUtils.java
agnostic-apollo,2022-01-23 01:36:41+05:00,termux-shared/src/main/java/com/termux/shared/termux/extrakeys/ExtraKeyButton.java
agnostic-apollo,2022-01-23 01:36:41+05:00,termux-shared/src/main/java/com/termux/shared/termux/extrakeys/ExtraKeysConstants.java
agnostic-apollo,2022-01-23 01:36:41+05:00,termux-shared/src/main/java/com/termux/shared/termux/extrakeys/ExtraKeysInfo.java
agnostic-apollo,2022-01-23 01:36:41+05:00,termux-shared/src/main/java/com/termux/shared/termux/extrakeys/ExtraKeysView.java
agnostic-apollo,2022-01-23 01:36:41+05:00,termux-shared/src/main/java/com/termux/shared/termux/extrakeys/SpecialButton.java
agnostic-apollo,2022-01-23 01:36:41+05:00,termux-shared/src/main/java/com/termux/shared/termux/extrakeys/SpecialButtonState.java
agnostic-apollo,2022-01-23 01:36:41+05:00,termux-shared/src/main/java/com/termux/shared/termux/file/TermuxFileUtils.java
agnostic-apollo,2022-01-23 01:36:41+05:00,termux-shared/src/main/java/com/termux/shared/termux/interact/TextInputDialogUtils.java
agnostic-apollo,2022-01-23 01:36:41+05:00,termux-shared/src/main/java/com/termux/shared/termux/notification/TermuxNotificationUtils.java
agnostic-apollo,2022-01-23 01:36:41+05:00,termux-shared/src/main/java/com/termux/shared/termux/settings/preferences/TermuxAPIAppSharedPreferences.java
agnostic-apollo,2022-01-23 01:36:41+05:00,termux-shared/src/main/java/com/termux/shared/termux/settings/preferences/TermuxAppSharedPreferences.java
agnostic-apollo,2022-01-23 01:36:41+05:00,termux-shared/src/main/java/com/termux/shared/termux/settings/preferences/TermuxBootAppSharedPreferences.java
agnostic-apollo,2022-01-23 01:36:41+05:00,termux-shared/src/main/java/com/termux/shared/termux/settings/preferences/TermuxFloatAppSharedPreferences.java
agnostic-apollo,2022-01-23 01:36:41+05:00,termux-shared/src/main/java/com/termux/shared/termux/settings/preferences/TermuxPreferenceConstants.java
agnostic-apollo,2022-01-23 01:36:41+05:00,termux-shared/src/main/java/com/termux/shared/termux/settings/preferences/TermuxStylingAppSharedPreferences.java
agnostic-apollo,2022-01-23 01:36:41+05:00,termux-shared/src/main/java/com/termux/shared/termux/settings/preferences/TermuxTaskerAppSharedPreferences.java
agnostic-apollo,2022-01-23 01:36:41+05:00,termux-shared/src/main/java/com/termux/shared/termux/settings/preferences/TermuxWidgetAppSharedPreferences.java
agnostic-apollo,2022-01-23 01:36:41+05:00,termux-shared/src/main/java/com/termux/shared/termux/settings/properties/TermuxPropertyConstants.java
agnostic-apollo,2022-01-23 01:36:41+05:00,termux-shared/src/main/java/com/termux/shared/termux/settings/properties/TermuxSharedProperties.java
agnostic-apollo,2022-01-23 01:36:41+05:00,termux-shared/src/main/java/com/termux/shared/termux/shell/TermuxSession.java
agnostic-apollo,2022-01-23 01:36:41+05:00,termux-shared/src/main/java/com/termux/shared/termux/shell/TermuxShellEnvironmentClient.java
agnostic-apollo,2022-01-23 01:36:41+05:00,termux-shared/src/main/java/com/termux/shared/termux/shell/TermuxShellUtils.java
agnostic-apollo,2022-01-23 01:36:41+05:00,termux-shared/src/main/java/com/termux/shared/termux/terminal/TermuxTerminalSessionClientBase.java
agnostic-apollo,2022-01-23 01:36:41+05:00,termux-shared/src/main/java/com/termux/shared/termux/terminal/TermuxTerminalViewClientBase.java
agnostic-apollo,2022-01-23 01:36:41+05:00,termux-shared/src/main/java/com/termux/shared/termux/terminal/io/BellHandler.java
agnostic-apollo,2022-01-23 01:36:41+05:00,termux-shared/src/main/java/com/termux/shared/termux/terminal/io/TerminalExtraKeys.java
agnostic-apollo,2022-01-23 01:40:21+05:00,LICENSE.md
agnostic-apollo,2022-01-23 01:40:21+05:00,termux-shared/LICENSE.md
agnostic-apollo,2022-01-23 01:40:21+05:00,termux-shared/src/main/java/com/termux/shared/termux/TermuxConstants.java
agnostic-apollo,2022-01-23 01:40:21+05:00,termux-shared/src/main/java/com/termux/shared/termux/settings/properties/TermuxPropertyConstants.java
agnostic-apollo,2022-01-23 01:40:22+05:00,termux-shared/src/main/java/com/termux/shared/packages/PackageUtils.java
agnostic-apollo,2022-01-23 01:40:22+05:00,termux-shared/src/main/java/com/termux/shared/models/errors/FunctionErrno.java
agnostic-apollo,2022-01-23 01:40:22+05:00,termux-shared/src/main/java/com/termux/shared/view/ActivityUtils.java
agnostic-apollo,2022-01-23 01:40:22+05:00,termux-shared/src/main/res/values/strings.xml
agnostic-apollo,2022-01-23 01:40:22+05:00,termux-shared/build.gradle
agnostic-apollo,2022-01-23 01:40:22+05:00,termux-shared/src/main/java/com/termux/shared/reflection/ReflectionUtils.java
agnostic-apollo,2022-01-23 01:40:22+05:00,termux-shared/src/main/java/com/termux/shared/packages/PermissionUtils.java
agnostic-apollo,2022-01-23 01:40:22+05:00,termux-shared/src/main/res/values/strings.xml
agnostic-apollo,2022-01-23 01:40:22+05:00,app/src/main/AndroidManifest.xml
agnostic-apollo,2022-01-23 01:40:22+05:00,app/src/main/java/com/termux/app/TermuxActivity.java
agnostic-apollo,2022-01-23 01:40:22+05:00,termux-shared/src/main/java/com/termux/shared/packages/PackageUtils.java
agnostic-apollo,2022-01-23 01:40:22+05:00,termux-shared/src/main/java/com/termux/shared/packages/PermissionUtils.java
agnostic-apollo,2022-01-23 01:40:22+05:00,termux-shared/src/main/res/values/strings.xml
agnostic-apollo,2022-01-23 01:40:22+05:00,termux-shared/src/main/java/com/termux/shared/logger/Logger.java
agnostic-apollo,2022-01-23 01:40:22+05:00,termux-shared/src/main/java/com/termux/shared/models/errors/Error.java
agnostic-apollo,2022-01-23 01:40:22+05:00,termux-shared/src/main/java/com/termux/shared/file/FileUtils.java
agnostic-apollo,2022-01-23 01:40:22+05:00,termux-shared/src/main/java/com/termux/shared/shell/ShellUtils.java
agnostic-apollo,2022-01-23 01:40:22+05:00,termux-shared/src/main/java/com/termux/shared/file/FileUtils.java
agnostic-apollo,2022-01-23 01:40:22+05:00,termux-shared/src/main/java/com/termux/shared/file/FileUtils.java
agnostic-apollo,2022-01-23 01:40:22+05:00,termux-shared/src/main/java/com/termux/shared/models/errors/FileUtilsErrno.java
agnostic-apollo,2022-01-23 01:40:22+05:00,termux-shared/src/main/java/com/termux/shared/file/FileUtils.java
agnostic-apollo,2022-01-23 01:40:22+05:00,termux-shared/src/main/java/com/termux/shared/settings/properties/SharedProperties.java
agnostic-apollo,2022-01-23 01:40:22+05:00,termux-shared/src/main/java/com/termux/shared/settings/properties/SharedPropertiesParser.java
agnostic-apollo,2022-01-23 01:40:22+05:00,app/src/main/java/com/termux/app/settings/properties/TermuxAppSharedProperties.java
agnostic-apollo,2022-01-23 01:40:22+05:00,termux-shared/src/main/java/com/termux/shared/termux/settings/properties/TermuxSharedProperties.java
agnostic-apollo,2022-01-23 01:40:22+05:00,app/src/main/java/com/termux/app/TermuxActivity.java
agnostic-apollo,2022-01-23 01:40:22+05:00,app/src/main/java/com/termux/app/terminal/TermuxSessionsListViewController.java
agnostic-apollo,2022-01-23 01:40:22+05:00,termux-shared/src/main/java/com/termux/shared/models/theme/NightMode.java
agnostic-apollo,2022-01-23 01:40:22+05:00,termux-shared/src/main/java/com/termux/shared/termux/settings/properties/TermuxPropertyConstants.java
agnostic-apollo,2022-01-23 01:40:22+05:00,termux-shared/src/main/java/com/termux/shared/termux/settings/properties/TermuxSharedProperties.java
agnostic-apollo,2022-01-23 01:40:22+05:00,termux-shared/src/main/java/com/termux/shared/theme/ThemeUtils.java
agnostic-apollo,2022-01-23 01:40:22+05:00,app/src/main/java/com/termux/app/TermuxOpenReceiver.java
agnostic-apollo,2022-01-23 01:40:22+05:00,termux-shared/src/main/java/com/termux/shared/data/UriUtils.java
agnostic-apollo,2022-01-23 01:40:22+05:00,app/src/main/java/com/termux/app/TermuxService.java
agnostic-apollo,2022-01-23 01:40:22+05:00,app/src/main/java/com/termux/filepicker/TermuxFileReceiverActivity.java
agnostic-apollo,2022-01-23 01:40:22+05:00,app/src/main/java/com/termux/filepicker/TermuxFileReceiverActivity.java
agnostic-apollo,2022-01-23 01:40:22+05:00,termux-shared/src/main/java/com/termux/shared/data/UriUtils.java
agnostic-apollo,2022-01-23 01:40:22+05:00,app/src/main/java/com/termux/app/utils/CrashUtils.java
agnostic-apollo,2022-01-23 01:40:22+05:00,termux-shared/src/main/java/com/termux/shared/crash/CrashHandler.java
agnostic-apollo,2022-01-23 01:40:22+05:00,termux-shared/src/main/java/com/termux/shared/file/FileUtils.java
agnostic-apollo,2022-01-23 01:40:22+05:00,termux-shared/src/main/java/com/termux/shared/file/tests/FileUtilsTests.java
agnostic-apollo,2022-01-23 01:40:22+05:00,termux-shared/src/main/java/com/termux/shared/interact/ShareUtils.java
agnostic-apollo,2022-01-23 01:40:22+05:00,termux-shared/src/main/java/com/termux/shared/models/errors/FileUtilsErrno.java
agnostic-apollo,2022-01-23 01:40:22+05:00,termux-shared/src/main/java/com/termux/shared/shell/ResultSender.java
agnostic-apollo,2022-01-23 01:40:22+05:00,app/src/main/java/com/termux/app/TermuxOpenReceiver.java
agnostic-apollo,2022-01-23 01:40:22+05:00,app/src/main/java/com/termux/app/TermuxService.java
agnostic-apollo,2022-01-23 01:40:22+05:00,app/src/main/java/com/termux/filepicker/TermuxFileReceiverActivity.java
agnostic-apollo,2022-01-23 01:40:22+05:00,termux-shared/src/main/java/com/termux/shared/models/net/UriScheme.java
agnostic-apollo,2022-01-23 01:40:22+05:00,termux-shared/src/main/java/com/termux/shared/net/UriUtils.java
agnostic-apollo,2022-01-23 01:40:22+05:00,app/src/main/java/com/termux/app/RunCommandService.java
agnostic-apollo,2022-01-23 01:40:22+05:00,app/src/main/java/com/termux/app/TermuxActivity.java
agnostic-apollo,2022-01-23 01:40:22+05:00,app/src/main/java/com/termux/app/TermuxInstaller.java
agnostic-apollo,2022-01-23 01:40:22+05:00,app/src/main/java/com/termux/app/TermuxOpenReceiver.java
agnostic-apollo,2022-01-23 01:40:22+05:00,app/src/main/java/com/termux/app/TermuxService.java
agnostic-apollo,2022-01-23 01:40:22+05:00,app/src/main/java/com/termux/app/activities/SettingsActivity.java
agnostic-apollo,2022-01-23 01:40:22+05:00,app/src/main/java/com/termux/app/terminal/TermuxSessionsListViewController.java
agnostic-apollo,2022-01-23 01:40:22+05:00,app/src/main/java/com/termux/app/terminal/TermuxTerminalSessionClient.java
agnostic-apollo,2022-01-23 01:40:22+05:00,app/src/main/java/com/termux/app/utils/CrashUtils.java
agnostic-apollo,2022-01-23 01:40:22+05:00,app/src/main/java/com/termux/app/utils/PluginUtils.java
agnostic-apollo,2022-01-23 01:40:22+05:00,app/src/main/java/com/termux/filepicker/TermuxFileReceiverActivity.java
agnostic-apollo,2022-01-23 01:40:22+05:00,termux-shared/src/main/java/com/termux/shared/android/AndroidUtils.java
agnostic-apollo,2022-01-23 01:40:22+05:00,termux-shared/src/main/java/com/termux/shared/android/PackageUtils.java
agnostic-apollo,2022-01-23 01:40:22+05:00,termux-shared/src/main/java/com/termux/shared/android/PermissionUtils.java
agnostic-apollo,2022-01-23 01:40:22+05:00,termux-shared/src/main/java/com/termux/shared/crash/CrashHandler.java
agnostic-apollo,2022-01-23 01:40:22+05:00,termux-shared/src/main/java/com/termux/shared/errors/Errno.java
agnostic-apollo,2022-01-23 01:40:22+05:00,termux-shared/src/main/java/com/termux/shared/errors/Error.java
agnostic-apollo,2022-01-23 01:40:22+05:00,termux-shared/src/main/java/com/termux/shared/errors/FunctionErrno.java
agnostic-apollo,2022-01-23 01:40:22+05:00,termux-shared/src/main/java/com/termux/shared/file/FileUtils.java
agnostic-apollo,2022-01-23 01:40:22+05:00,termux-shared/src/main/java/com/termux/shared/file/FileUtilsErrno.java
agnostic-apollo,2022-01-23 01:40:22+05:00,termux-shared/src/main/java/com/termux/shared/file/tests/FileUtilsTests.java
agnostic-apollo,2022-01-23 01:40:22+05:00,termux-shared/src/main/java/com/termux/shared/interact/ShareUtils.java
agnostic-apollo,2022-01-23 01:40:22+05:00,termux-shared/src/main/java/com/termux/shared/net/uri/UriScheme.java
agnostic-apollo,2022-01-23 01:40:22+05:00,termux-shared/src/main/java/com/termux/shared/net/uri/UriUtils.java
agnostic-apollo,2022-01-23 01:40:22+05:00,termux-shared/src/main/java/com/termux/shared/net/url/UrlUtils.java
agnostic-apollo,2022-01-23 01:40:22+05:00,termux-shared/src/main/java/com/termux/shared/shell/command/ExecutionCommand.java
agnostic-apollo,2022-01-23 01:40:22+05:00,termux-shared/src/main/java/com/termux/shared/shell/command/result/ResultConfig.java
agnostic-apollo,2022-01-23 01:40:22+05:00,termux-shared/src/main/java/com/termux/shared/shell/command/result/ResultData.java
agnostic-apollo,2022-01-23 01:40:22+05:00,termux-shared/src/main/java/com/termux/shared/shell/command/result/ResultSender.java
agnostic-apollo,2022-01-23 01:40:22+05:00,termux-shared/src/main/java/com/termux/shared/shell/command/result/ResultSenderErrno.java
agnostic-apollo,2022-01-23 01:40:22+05:00,termux-shared/src/main/java/com/termux/shared/shell/command/runner/app/TermuxTask.java
agnostic-apollo,2022-01-23 01:40:22+05:00,termux-shared/src/main/java/com/termux/shared/termux/TermuxConstants.java
agnostic-apollo,2022-01-23 01:40:22+05:00,termux-shared/src/main/java/com/termux/shared/termux/TermuxUtils.java
agnostic-apollo,2022-01-23 01:40:22+05:00,termux-shared/src/main/java/com/termux/shared/termux/file/TermuxFileUtils.java
agnostic-apollo,2022-01-23 01:40:22+05:00,termux-shared/src/main/java/com/termux/shared/termux/settings/preferences/TermuxAPIAppSharedPreferences.java
agnostic-apollo,2022-01-23 01:40:22+05:00,termux-shared/src/main/java/com/termux/shared/termux/settings/preferences/TermuxAppSharedPreferences.java
agnostic-apollo,2022-01-23 01:40:22+05:00,termux-shared/src/main/java/com/termux/shared/termux/settings/preferences/TermuxBootAppSharedPreferences.java
agnostic-apollo,2022-01-23 01:40:22+05:00,termux-shared/src/main/java/com/termux/shared/termux/settings/preferences/TermuxFloatAppSharedPreferences.java
agnostic-apollo,2022-01-23 01:40:22+05:00,termux-shared/src/main/java/com/termux/shared/termux/settings/preferences/TermuxStylingAppSharedPreferences.java
agnostic-apollo,2022-01-23 01:40:22+05:00,termux-shared/src/main/java/com/termux/shared/termux/settings/preferences/TermuxTaskerAppSharedPreferences.java
agnostic-apollo,2022-01-23 01:40:22+05:00,termux-shared/src/main/java/com/termux/shared/termux/settings/preferences/TermuxWidgetAppSharedPreferences.java
agnostic-apollo,2022-01-23 01:40:22+05:00,termux-shared/src/main/java/com/termux/shared/termux/settings/properties/TermuxPropertyConstants.java
agnostic-apollo,2022-01-23 01:40:22+05:00,termux-shared/src/main/java/com/termux/shared/termux/shell/TermuxShellUtils.java
agnostic-apollo,2022-01-23 01:40:22+05:00,termux-shared/src/main/java/com/termux/shared/termux/shell/command/runner/terminal/TermuxSession.java
agnostic-apollo,2022-01-23 01:40:22+05:00,termux-shared/src/main/java/com/termux/shared/theme/NightMode.java
agnostic-apollo,2022-01-23 01:40:22+05:00,termux-shared/src/main/java/com/termux/shared/theme/ThemeUtils.java
agnostic-apollo,2022-01-23 01:40:22+05:00,termux-shared/src/main/java/com/termux/shared/view/ActivityUtils.java
agnostic-apollo,2022-01-23 01:40:22+05:00,app/src/main/java/com/termux/app/TermuxService.java
agnostic-apollo,2022-01-23 01:40:22+05:00,termux-shared/src/main/java/com/termux/shared/shell/command/ExecutionCommand.java
agnostic-apollo,2022-01-23 01:40:22+05:00,termux-shared/src/main/java/com/termux/shared/shell/command/runner/app/AppShell.java
agnostic-apollo,2022-01-23 01:40:22+05:00,termux-shared/src/main/java/com/termux/shared/termux/TermuxUtils.java
agnostic-apollo,2022-01-23 01:40:22+05:00,termux-shared/src/main/java/com/termux/shared/termux/file/TermuxFileUtils.java
agnostic-apollo,2022-01-23 01:40:22+05:00,termux-shared/src/main/res/values/strings.xml
agnostic-apollo,2022-01-23 01:40:22+05:00,app/src/main/java/com/termux/app/TermuxApplication.java
agnostic-apollo,2022-01-23 01:40:22+05:00,termux-shared/src/main/java/com/termux/shared/logger/Logger.java
agnostic-apollo,2022-01-23 01:40:22+05:00,termux-shared/src/main/java/com/termux/shared/shell/StreamGobbler.java
agnostic-apollo,2022-01-23 01:40:22+05:00,termux-shared/src/main/java/com/termux/shared/android/PackageUtils.java
agnostic-apollo,2022-01-23 01:40:22+05:00,termux-shared/src/main/java/com/termux/shared/termux/TermuxUtils.java
agnostic-apollo,2022-01-23 01:40:22+05:00,termux-shared/src/main/java/com/termux/shared/termux/settings/preferences/TermuxAPIAppSharedPreferences.java
agnostic-apollo,2022-01-23 01:40:22+05:00,termux-shared/src/main/java/com/termux/shared/termux/settings/preferences/TermuxAppSharedPreferences.java
agnostic-apollo,2022-01-23 01:40:22+05:00,termux-shared/src/main/java/com/termux/shared/termux/settings/preferences/TermuxBootAppSharedPreferences.java
agnostic-apollo,2022-01-23 01:40:22+05:00,termux-shared/src/main/java/com/termux/shared/termux/settings/preferences/TermuxFloatAppSharedPreferences.java
agnostic-apollo,2022-01-23 01:40:22+05:00,termux-shared/src/main/java/com/termux/shared/termux/settings/preferences/TermuxStylingAppSharedPreferences.java
agnostic-apollo,2022-01-23 01:40:22+05:00,termux-shared/src/main/java/com/termux/shared/termux/settings/preferences/TermuxTaskerAppSharedPreferences.java
agnostic-apollo,2022-01-23 01:40:22+05:00,termux-shared/src/main/java/com/termux/shared/termux/settings/preferences/TermuxWidgetAppSharedPreferences.java
agnostic-apollo,2022-01-23 01:40:22+05:00,termux-shared/src/main/java/com/termux/shared/activity/ActivityUtils.java
agnostic-apollo,2022-01-23 01:40:22+05:00,termux-shared/src/main/java/com/termux/shared/activity/ActivityUtilsErrno.java
agnostic-apollo,2022-01-23 01:40:22+05:00,termux-shared/src/main/java/com/termux/shared/android/PermissionUtils.java
agnostic-apollo,2022-01-23 01:40:22+05:00,termux-shared/src/main/res/values/strings.xml
agnostic-apollo,2022-01-23 01:40:22+05:00,app/src/main/java/com/termux/app/TermuxActivity.java
agnostic-apollo,2022-01-23 01:40:22+05:00,termux-shared/src/main/java/com/termux/shared/activity/ActivityUtils.java
agnostic-apollo,2022-01-23 01:40:22+05:00,termux-shared/src/main/java/com/termux/shared/activity/ActivityUtilsErrno.java
agnostic-apollo,2022-01-23 01:40:22+05:00,termux-shared/src/main/java/com/termux/shared/android/PermissionUtils.java
agnostic-apollo,2022-01-23 01:40:22+05:00,app/src/main/java/com/termux/app/TermuxService.java
agnostic-apollo,2022-01-23 01:40:22+05:00,termux-shared/src/main/java/com/termux/shared/logger/Logger.java
agnostic-apollo,2022-01-23 01:40:22+05:00,app/src/main/java/com/termux/app/TermuxActivity.java
agnostic-apollo,2022-01-23 01:40:22+05:00,app/src/main/java/com/termux/app/TermuxApplication.java
agnostic-apollo,2022-01-23 01:40:22+05:00,app/src/main/java/com/termux/app/terminal/TermuxSessionsListViewController.java
agnostic-apollo,2022-01-23 01:40:22+05:00,termux-shared/src/main/java/com/termux/shared/termux/theme/TermuxThemeUtils.java
agnostic-apollo,2022-01-23 01:40:22+05:00,termux-shared/src/main/java/com/termux/shared/theme/NightMode.java
agnostic-apollo,2022-01-23 01:40:22+05:00,terminal-emulator/src/main/java/com/termux/terminal/TerminalBuffer.java
agnostic-apollo,2022-01-23 01:40:22+05:00,terminal-emulator/src/main/java/com/termux/terminal/TerminalEmulator.java
agnostic-apollo,2022-01-23 01:40:22+05:00,terminal-emulator/src/main/java/com/termux/terminal/TerminalRow.java
agnostic-apollo,2022-01-23 01:40:22+05:00,app/src/main/java/com/termux/app/terminal/TermuxTerminalSessionClient.java
agnostic-apollo,2022-01-23 01:40:22+05:00,termux-shared/src/main/java/com/termux/shared/logger/Logger.java
agnostic-apollo,2022-01-23 01:40:22+05:00,termux-shared/src/main/java/com/termux/shared/termux/extrakeys/ExtraKeysView.java
agnostic-apollo,2022-01-23 01:40:22+05:00,termux-shared/src/main/java/com/termux/shared/activity/ActivityErrno.java
agnostic-apollo,2022-01-23 01:40:22+05:00,termux-shared/src/main/java/com/termux/shared/activity/ActivityUtils.java
agnostic-apollo,2022-01-23 01:40:22+05:00,terminal-view/src/main/java/com/termux/view/textselection/TextSelectionCursorController.java
agnostic-apollo,2022-01-23 01:40:22+05:00,termux-shared/src/main/java/com/termux/shared/termux/extrakeys/ExtraKeysView.java
agnostic-apollo,2022-01-23 01:40:22+05:00,termux-shared/src/main/java/com/termux/shared/termux/extrakeys/SpecialButtonState.java
agnostic-apollo,2022-01-23 01:40:22+05:00,termux-shared/src/main/java/com/termux/shared/termux/terminal/io/TerminalExtraKeys.java
agnostic-apollo,2022-01-23 01:40:22+05:00,termux-shared/src/main/res/values/strings.xml
agnostic-apollo,2022-01-23 01:40:22+05:00,termux-shared/src/main/res/values/strings.xml
agnostic-apollo,2022-01-23 01:41:57+05:00,termux-shared/src/main/java/com/termux/shared/activities/ReportActivity.java
agnostic-apollo,2022-01-23 01:41:57+05:00,termux-shared/src/main/java/com/termux/shared/models/ReportInfo.java
agnostic-apollo,2022-01-23 01:41:57+05:00,termux-shared/src/main/java/com/termux/shared/shell/command/ShellCommandConstants.java
agnostic-apollo,2022-01-23 01:42:25+05:00,app/src/main/java/com/termux/app/utils/PluginUtils.java
agnostic-apollo,2022-01-23 01:42:26+05:00,termux-shared/src/main/java/com/termux/shared/file/FileUtils.java
agnostic-apollo,2022-01-23 01:42:26+05:00,app/src/main/java/com/termux/app/terminal/TermuxTerminalSessionClient.java
agnostic-apollo,2022-01-23 01:42:26+05:00,terminal-emulator/build.gradle
agnostic-apollo,2022-01-23 01:42:26+05:00,terminal-emulator/src/main/java/com/termux/terminal/TerminalSessionClient.java
agnostic-apollo,2022-01-23 01:42:26+05:00,termux-shared/src/main/java/com/termux/shared/errors/Errno.java
agnostic-apollo,2022-01-23 01:42:26+05:00,termux-shared/src/main/java/com/termux/shared/file/FileUtils.java
agnostic-apollo,2022-01-23 01:42:26+05:00,termux-shared/src/main/java/com/termux/shared/file/FileUtilsErrno.java
agnostic-apollo,2022-01-23 01:42:26+05:00,termux-shared/src/main/java/com/termux/shared/file/filesystem/FileTypes.java
agnostic-apollo,2022-01-23 01:42:26+05:00,termux-shared/src/main/java/com/termux/shared/termux/terminal/TermuxTerminalSessionClientBase.java
agnostic-apollo,2022-01-23 01:42:26+05:00,app/src/main/java/com/termux/app/TermuxService.java
agnostic-apollo,2022-01-23 01:42:26+05:00,app/src/main/java/com/termux/app/terminal/TermuxTerminalSessionClient.java
agnostic-apollo,2022-01-23 01:42:26+05:00,terminal-emulator/src/main/java/com/termux/terminal/TerminalSession.java
agnostic-apollo,2022-01-23 01:42:26+05:00,terminal-emulator/src/main/java/com/termux/terminal/TerminalSessionClient.java
agnostic-apollo,2022-01-23 01:42:26+05:00,termux-shared/src/main/java/com/termux/shared/shell/command/ExecutionCommand.java
agnostic-apollo,2022-01-23 01:42:26+05:00,termux-shared/src/main/java/com/termux/shared/shell/command/runner/app/AppShell.java
agnostic-apollo,2022-01-23 01:42:26+05:00,termux-shared/src/main/java/com/termux/shared/termux/terminal/TermuxTerminalSessionClientBase.java
agnostic-apollo,2022-01-23 01:42:26+05:00,app/src/main/AndroidManifest.xml
agnostic-apollo,2022-01-23 01:42:26+05:00,app/src/main/java/com/termux/app/TermuxOpenReceiver.java
agnostic-apollo,2022-01-23 01:42:26+05:00,app/src/main/java/com/termux/app/TermuxService.java
agnostic-apollo,2022-01-23 01:42:26+05:00,app/src/main/java/com/termux/filepicker/TermuxFileReceiverActivity.java
agnostic-apollo,2022-01-23 01:42:26+05:00,termux-shared/src/main/java/com/termux/shared/net/uri/UriUtils.java
agnostic-apollo,2022-01-23 01:42:26+05:00,app/src/main/java/com/termux/app/TermuxOpenReceiver.java
agnostic-apollo,2022-01-23 01:42:26+05:00,app/src/main/java/com/termux/app/TermuxOpenReceiver.java
agnostic-apollo,2022-01-23 01:42:26+05:00,termux-shared/src/main/java/com/termux/shared/interact/ShareUtils.java
agnostic-apollo,2022-01-23 01:42:26+05:00,app/src/main/java/com/termux/app/activities/SettingsActivity.java
agnostic-apollo,2022-01-23 01:42:26+05:00,app/src/main/java/com/termux/app/terminal/TermuxTerminalViewClient.java
agnostic-apollo,2022-01-23 01:42:26+05:00,termux-shared/src/main/java/com/termux/shared/interact/ShareUtils.java
agnostic-apollo,2022-01-23 01:42:26+05:00,app/build.gradle
agnostic-apollo,2022-01-23 01:42:26+05:00,app/src/main/AndroidManifest.xml
agnostic-apollo,2022-01-23 01:42:26+05:00,app/src/main/java/com/termux/app/TermuxActivity.java
agnostic-apollo,2022-01-23 01:42:26+05:00,app/src/main/java/com/termux/app/activities/HelpActivity.java
agnostic-apollo,2022-01-23 01:42:26+05:00,app/src/main/java/com/termux/app/activities/SettingsActivity.java
agnostic-apollo,2022-01-23 01:42:26+05:00,app/src/main/java/com/termux/filepicker/TermuxFileReceiverActivity.java
agnostic-apollo,2022-01-23 01:42:26+05:00,app/src/main/res/layout/activity_settings.xml
agnostic-apollo,2022-01-23 01:42:26+05:00,app/src/main/res/layout/activity_termux.xml
agnostic-apollo,2022-01-23 01:42:26+05:00,app/src/main/res/layout/item_terminal_sessions_list.xml
agnostic-apollo,2022-01-23 01:42:26+05:00,app/src/main/res/values-night/themes.xml
agnostic-apollo,2022-01-23 01:42:26+05:00,app/src/main/res/values/attrs.xml
agnostic-apollo,2022-01-23 01:42:26+05:00,app/src/main/res/values/styles.xml
agnostic-apollo,2022-01-23 01:42:26+05:00,app/src/main/res/values/themes.xml
agnostic-apollo,2022-01-23 01:42:26+05:00,termux-shared/src/main/java/com/termux/shared/activities/ReportActivity.java
agnostic-apollo,2022-01-23 01:42:26+05:00,termux-shared/src/main/java/com/termux/shared/activity/media/AppCompatActivityUtils.java
agnostic-apollo,2022-01-23 01:42:26+05:00,termux-shared/src/main/java/com/termux/shared/markdown/MarkdownUtils.java
agnostic-apollo,2022-01-23 01:42:26+05:00,termux-shared/src/main/java/com/termux/shared/termux/extrakeys/ExtraKeysView.java
agnostic-apollo,2022-01-23 01:42:26+05:00,termux-shared/src/main/java/com/termux/shared/theme/NightMode.java
agnostic-apollo,2022-01-23 01:42:26+05:00,termux-shared/src/main/java/com/termux/shared/theme/ThemeUtils.java
agnostic-apollo,2022-01-23 01:42:26+05:00,termux-shared/src/main/res/layout/activity_report.xml
agnostic-apollo,2022-01-23 01:42:26+05:00,termux-shared/src/main/res/layout/activity_text_io.xml
agnostic-apollo,2022-01-23 01:42:26+05:00,termux-shared/src/main/res/layout/markdown_adapter_node_code_block.xml
agnostic-apollo,2022-01-23 01:42:26+05:00,termux-shared/src/main/res/layout/markdown_adapter_node_default.xml
agnostic-apollo,2022-01-23 01:42:26+05:00,termux-shared/src/main/res/layout/partial_primary_toolbar.xml
agnostic-apollo,2022-01-23 01:42:26+05:00,termux-shared/src/main/res/values-night/themes.xml
agnostic-apollo,2022-01-23 01:42:26+05:00,termux-shared/src/main/res/values/attrs.xml
agnostic-apollo,2022-01-23 01:42:26+05:00,termux-shared/src/main/res/values/colors.xml
agnostic-apollo,2022-01-23 01:42:26+05:00,termux-shared/src/main/res/values/dimens.xml
agnostic-apollo,2022-01-23 01:42:26+05:00,termux-shared/src/main/res/values/styles.xml
agnostic-apollo,2022-01-23 01:42:26+05:00,termux-shared/src/main/res/values/themes.xml
agnostic-apollo,2022-01-23 19:46:46+05:00,app/src/main/AndroidManifest.xml
agnostic-apollo,2022-01-24 23:39:06+05:00,README.md
agnostic-apollo,2022-01-28 03:56:39+05:00,app/src/main/java/com/termux/app/settings/properties/TermuxAppSharedProperties.java
agnostic-apollo,2022-01-28 04:03:48+05:00,app/src/main/java/com/termux/app/TermuxActivity.java
agnostic-apollo,2022-01-28 04:03:48+05:00,app/src/main/java/com/termux/app/TermuxService.java
agnostic-apollo,2022-01-28 04:03:48+05:00,termux-shared/src/main/java/com/termux/shared/termux/TermuxConstants.java
agnostic-apollo,2022-01-28 04:23:59+05:00,README.md
agnostic-apollo,2022-01-28 18:06:05+05:00,termux-shared/src/main/java/com/termux/shared/shell/command/runner/app/AppShell.java
agnostic-apollo,2022-01-29 02:39:17+05:00,README.md
agnostic-apollo,2022-02-05 06:22:49+05:00,app/src/main/java/com/termux/app/TermuxActivity.java
agnostic-apollo,2022-02-05 06:22:49+05:00,app/src/main/java/com/termux/app/terminal/TermuxTerminalViewClient.java
agnostic-apollo,2022-02-05 06:26:23+05:00,app/src/main/java/com/termux/app/terminal/TermuxTerminalViewClient.java
agnostic-apollo,2022-02-05 06:26:23+05:00,app/src/main/res/layout/activity_termux.xml
agnostic-apollo,2022-02-05 06:28:22+05:00,app/src/main/res/layout/activity_termux.xml
agnostic-apollo,2022-02-05 06:30:48+05:00,app/src/main/java/com/termux/app/TermuxActivity.java
agnostic-apollo,2022-02-05 07:19:36+05:00,app/src/main/java/com/termux/app/TermuxActivity.java
agnostic-apollo,2022-02-05 07:19:36+05:00,app/src/main/res/values/strings.xml
agnostic-apollo,2022-02-05 07:25:01+05:00,app/src/main/java/com/termux/app/TermuxActivity.java
agnostic-apollo,2022-02-05 07:28:43+05:00,app/src/main/java/com/termux/app/TermuxActivity.java
agnostic-apollo,2022-02-08 23:31:20+05:00,README.md
agnostic-apollo,2022-02-08 23:33:46+05:00,README.md
agnostic-apollo,2022-02-13 00:37:41+05:00,termux-shared/src/main/java/com/termux/shared/android/AndroidUtils.java
agnostic-apollo,2022-02-13 00:37:41+05:00,termux-shared/src/main/java/com/termux/shared/android/FeatureFlagUtils.java
Nickoriginal,2022-02-23 11:10:58+02:00,README.md
agnostic-apollo,2022-03-10 02:37:10+05:00,termux-shared/src/main/java/com/termux/shared/settings/properties/SharedProperties.java
agnostic-apollo,2022-03-10 02:37:10+05:00,termux-shared/src/main/java/com/termux/shared/termux/settings/properties/TermuxSharedProperties.java
agnostic-apollo,2022-03-10 02:37:10+05:00,app/src/main/java/com/termux/app/TermuxActivity.java
agnostic-apollo,2022-03-10 02:37:10+05:00,app/src/main/java/com/termux/app/TermuxApplication.java
agnostic-apollo,2022-03-10 02:37:10+05:00,app/src/main/java/com/termux/app/TermuxService.java
agnostic-apollo,2022-03-10 02:37:10+05:00,app/src/main/java/com/termux/app/settings/properties/TermuxAppSharedProperties.java
agnostic-apollo,2022-03-10 02:37:10+05:00,app/src/main/java/com/termux/app/terminal/TermuxTerminalSessionClient.java
agnostic-apollo,2022-03-10 02:37:10+05:00,app/src/main/java/com/termux/app/terminal/TermuxTerminalViewClient.java
agnostic-apollo,2022-03-10 02:37:10+05:00,app/src/main/java/com/termux/app/terminal/io/TerminalToolbarViewPager.java
agnostic-apollo,2022-03-10 02:37:10+05:00,app/src/main/java/com/termux/app/terminal/io/TermuxTerminalExtraKeys.java
agnostic-apollo,2022-03-10 02:37:10+05:00,app/src/main/java/com/termux/app/utils/PluginUtils.java
agnostic-apollo,2022-03-10 02:37:10+05:00,termux-shared/src/main/java/com/termux/shared/termux/settings/properties/TermuxAppSharedProperties.java
agnostic-apollo,2022-03-10 02:37:10+05:00,termux-shared/src/main/java/com/termux/shared/termux/settings/properties/TermuxPropertyConstants.java
agnostic-apollo,2022-03-10 02:37:10+05:00,termux-shared/src/main/java/com/termux/shared/termux/settings/properties/TermuxSharedProperties.java
agnostic-apollo,2022-03-10 02:51:56+05:00,app/src/main/java/com/termux/app/RunCommandService.java
agnostic-apollo,2022-03-10 02:51:56+05:00,app/src/main/java/com/termux/app/TermuxService.java
agnostic-apollo,2022-03-10 02:51:56+05:00,app/src/main/res/values/strings.xml
agnostic-apollo,2022-03-10 02:51:56+05:00,termux-shared/src/main/java/com/termux/shared/shell/command/ExecutionCommand.java
agnostic-apollo,2022-03-10 02:51:56+05:00,termux-shared/src/main/java/com/termux/shared/termux/TermuxConstants.java
agnostic-apollo,2022-03-10 02:51:56+05:00,termux-shared/src/main/java/com/termux/shared/termux/TermuxUtils.java
agnostic-apollo,2022-03-10 02:51:56+05:00,termux-shared/src/main/java/com/termux/shared/termux/file/TermuxFileUtils.java
agnostic-apollo,2022-03-11 20:16:50+05:00,termux-shared/src/main/res/drawable/ic_info.xml
agnostic-apollo,2022-03-11 20:16:50+05:00,termux-shared/src/main/res/drawable/ic_settings.xml
agnostic-apollo,2022-03-11 20:17:48+05:00,README.md
agnostic-apollo,2022-03-17 02:10:51+05:00,termux-shared/src/main/java/com/termux/shared/android/PermissionUtils.java
agnostic-apollo,2022-03-17 02:10:51+05:00,termux-shared/src/main/java/com/termux/shared/android/PermissionUtils.java
agnostic-apollo,2022-03-17 02:10:51+05:00,termux-shared/src/main/java/com/termux/shared/termux/TermuxConstants.java
agnostic-apollo,2022-03-17 02:10:51+05:00,termux-shared/src/main/java/com/termux/shared/termux/TermuxUtils.java
agnostic-apollo,2022-03-17 02:10:51+05:00,termux-shared/src/main/java/com/termux/shared/termux/TermuxUtils.java
agnostic-apollo,2022-03-17 02:10:51+05:00,app/src/main/java/com/termux/app/TermuxService.java
agnostic-apollo,2022-03-17 02:10:51+05:00,app/src/main/java/com/termux/app/fragments/settings/termux/DebuggingPreferencesFragment.java
agnostic-apollo,2022-03-17 02:10:51+05:00,app/src/main/java/com/termux/app/utils/PluginUtils.java
agnostic-apollo,2022-03-17 02:10:51+05:00,termux-shared/src/main/java/com/termux/shared/termux/settings/preferences/TermuxAppSharedPreferences.java
agnostic-apollo,2022-03-17 02:10:51+05:00,termux-shared/src/main/java/com/termux/shared/crash/CrashHandler.java
agnostic-apollo,2022-03-17 02:10:51+05:00,app/src/main/java/com/termux/app/TermuxActivity.java
agnostic-apollo,2022-03-17 02:10:51+05:00,app/src/main/java/com/termux/app/TermuxInstaller.java
agnostic-apollo,2022-03-17 02:10:51+05:00,app/src/main/java/com/termux/app/models/UserAction.java
agnostic-apollo,2022-03-17 02:10:51+05:00,app/src/main/java/com/termux/app/utils/CrashUtils.java
agnostic-apollo,2022-03-17 02:10:51+05:00,termux-shared/src/main/java/com/termux/shared/termux/crash/TermuxCrashUtils.java
agnostic-apollo,2022-03-17 02:10:51+05:00,termux-shared/src/main/java/com/termux/shared/termux/models/UserAction.java
agnostic-apollo,2022-03-17 02:10:51+05:00,termux-shared/src/main/res/raw/keep.xml
agnostic-apollo,2022-03-17 02:10:51+05:00,app/src/main/java/com/termux/app/TermuxActivity.java
agnostic-apollo,2022-03-17 02:10:51+05:00,termux-shared/src/main/java/com/termux/shared/termux/TermuxConstants.java
agnostic-apollo,2022-03-17 02:10:51+05:00,termux-shared/src/main/java/com/termux/shared/termux/crash/TermuxCrashUtils.java
agnostic-apollo,2022-03-17 02:10:51+05:00,app/src/main/java/com/termux/app/TermuxActivity.java
agnostic-apollo,2022-03-17 05:30:25+05:00,app/src/main/java/com/termux/app/TermuxActivity.java
agnostic-apollo,2022-03-17 05:30:25+05:00,termux-shared/src/main/java/com/termux/shared/termux/settings/preferences/TermuxAPIAppSharedPreferences.java
agnostic-apollo,2022-03-17 05:30:25+05:00,termux-shared/src/main/java/com/termux/shared/termux/settings/preferences/TermuxAppSharedPreferences.java
agnostic-apollo,2022-03-17 05:30:25+05:00,termux-shared/src/main/java/com/termux/shared/termux/settings/preferences/TermuxBootAppSharedPreferences.java
agnostic-apollo,2022-03-17 05:30:25+05:00,termux-shared/src/main/java/com/termux/shared/termux/settings/preferences/TermuxFloatAppSharedPreferences.java
agnostic-apollo,2022-03-17 05:30:25+05:00,termux-shared/src/main/java/com/termux/shared/termux/settings/preferences/TermuxStylingAppSharedPreferences.java
agnostic-apollo,2022-03-17 05:30:25+05:00,termux-shared/src/main/java/com/termux/shared/termux/settings/preferences/TermuxTaskerAppSharedPreferences.java
agnostic-apollo,2022-03-17 05:30:25+05:00,termux-shared/src/main/java/com/termux/shared/termux/settings/preferences/TermuxWidgetAppSharedPreferences.java
agnostic-apollo,2022-03-17 05:30:25+05:00,termux-shared/src/main/java/com/termux/shared/termux/settings/properties/TermuxPropertyConstants.java
agnostic-apollo,2022-03-17 05:30:25+05:00,termux-shared/src/main/java/com/termux/shared/termux/settings/properties/TermuxSharedProperties.java
agnostic-apollo,2022-03-17 05:30:25+05:00,app/src/main/java/com/termux/app/terminal/TermuxTerminalViewClient.java
agnostic-apollo,2022-03-17 05:30:25+05:00,termux-shared/src/main/java/com/termux/shared/interact/ShareUtils.java
agnostic-apollo,2022-03-17 05:30:25+05:00,app/src/main/java/com/termux/app/activities/SettingsActivity.java
agnostic-apollo,2022-03-17 05:30:25+05:00,app/src/main/java/com/termux/app/TermuxInstaller.java
agnostic-apollo,2022-03-17 05:30:25+05:00,app/src/main/java/com/termux/app/TermuxInstaller.java
agnostic-apollo,2022-03-17 05:30:25+05:00,app/src/main/java/com/termux/app/terminal/TermuxTerminalViewClient.java
agnostic-apollo,2022-03-17 22:35:31+05:00,termux-shared/src/main/java/com/termux/shared/file/FileUtils.java
agnostic-apollo,2022-03-17 22:35:31+05:00,termux-shared/src/main/java/com/termux/shared/termux/settings/properties/TermuxPropertyConstants.java
agnostic-apollo,2022-03-17 22:35:31+05:00,termux-shared/src/main/java/com/termux/shared/termux/settings/properties/TermuxSharedProperties.java
agnostic-apollo,2022-03-17 22:35:31+05:00,termux-shared/src/main/java/com/termux/shared/termux/shell/TermuxShellUtils.java
agnostic-apollo,2022-03-18 06:31:43+05:00,.github/workflows/debug_build.yml
agnostic-apollo,2022-03-30 19:42:38+05:00,app/src/main/java/com/termux/app/RunCommandService.java
agnostic-apollo,2022-03-30 19:42:38+05:00,app/src/main/java/com/termux/app/TermuxService.java
agnostic-apollo,2022-03-30 19:45:55+05:00,termux-shared/src/main/java/com/termux/shared/android/PermissionUtils.java
Alan Christian,2022-04-02 18:26:43+05:30,.gitignore
agnostic-apollo,2022-04-08 02:42:54+05:00,app/src/main/java/com/termux/app/TermuxService.java
agnostic-apollo,2022-04-08 02:42:54+05:00,app/src/main/java/com/termux/app/terminal/TermuxTerminalSessionClient.java
agnostic-apollo,2022-04-08 02:42:54+05:00,termux-shared/src/main/java/com/termux/shared/shell/command/ExecutionCommand.java
agnostic-apollo,2022-04-08 02:42:54+05:00,termux-shared/src/main/java/com/termux/shared/termux/shell/command/runner/terminal/TermuxSession.java
agnostic-apollo,2022-04-08 02:42:54+05:00,app/src/main/java/com/termux/app/RunCommandService.java
agnostic-apollo,2022-04-08 02:42:54+05:00,app/src/main/java/com/termux/app/TermuxService.java
agnostic-apollo,2022-04-08 02:42:54+05:00,app/src/main/res/values/strings.xml
agnostic-apollo,2022-04-08 02:42:54+05:00,termux-shared/src/main/java/com/termux/shared/shell/command/ExecutionCommand.java
agnostic-apollo,2022-04-08 02:42:54+05:00,termux-shared/src/main/java/com/termux/shared/termux/TermuxConstants.java
Henrik Grimler,2022-04-21 21:55:09+02:00,app/build.gradle
tareksander,2022-04-23 00:36:12+05:00,termux-shared/src/main/java/com/termux/shared/shell/ArgumentTokenizer.java
tareksander,2022-04-23 00:36:12+05:00,app/build.gradle
tareksander,2022-04-23 00:36:12+05:00,app/src/main/java/com/termux/app/TermuxApplication.java
tareksander,2022-04-23 00:36:12+05:00,termux-shared/src/main/java/com/termux/shared/shell/LocalSocketListener.java
tareksander,2022-04-23 00:36:12+05:00,app/src/main/java/com/termux/app/TermuxApplication.java
tareksander,2022-04-23 00:36:12+05:00,termux-shared/build.gradle
tareksander,2022-04-23 00:36:12+05:00,termux-shared/src/main/cpp/Android.mk
tareksander,2022-04-23 00:36:12+05:00,termux-shared/src/main/cpp/local-filesystem-socket.cpp
tareksander,2022-04-23 00:36:12+05:00,termux-shared/src/main/java/com/termux/shared/shell/LocalFilesystemSocket.java
tareksander,2022-04-23 00:36:12+05:00,termux-shared/src/main/java/com/termux/shared/shell/LocalSocketListener.java
tareksander,2022-04-23 00:36:12+05:00,app/build.gradle
tareksander,2022-04-23 00:36:12+05:00,termux-shared/src/main/cpp/local-filesystem-socket.cpp
tareksander,2022-04-23 00:36:12+05:00,termux-shared/src/main/java/com/termux/shared/shell/LocalFilesystemSocket.java
tareksander,2022-04-23 00:36:12+05:00,termux-shared/src/main/java/com/termux/shared/shell/LocalSocketListener.java
tareksander,2022-04-23 00:36:12+05:00,app/src/main/java/com/termux/app/TermuxApplication.java
tareksander,2022-04-23 00:36:12+05:00,app/build.gradle
tareksander,2022-04-23 00:36:12+05:00,app/src/main/java/com/termux/app/TermuxApplication.java
agnostic-apollo,2022-04-23 00:36:12+05:00,app/src/main/java/com/termux/app/RunCommandService.java
agnostic-apollo,2022-04-23 00:36:12+05:00,app/src/main/java/com/termux/app/TermuxOpenReceiver.java
agnostic-apollo,2022-04-23 00:36:12+05:00,app/src/main/java/com/termux/app/TermuxService.java
agnostic-apollo,2022-04-23 00:36:12+05:00,app/src/main/java/com/termux/app/models/UserAction.java
agnostic-apollo,2022-04-23 00:36:12+05:00,app/src/main/res/values/strings.xml
agnostic-apollo,2022-04-23 00:36:12+05:00,termux-shared/src/main/java/com/termux/shared/termux/models/UserAction.java
agnostic-apollo,2022-04-23 00:36:12+05:00,termux-shared/src/main/java/com/termux/shared/termux/plugins/TermuxPluginUtils.java
agnostic-apollo,2022-04-23 00:36:12+05:00,termux-shared/src/main/res/values/strings.xml
agnostic-apollo,2022-04-23 00:36:12+05:00,termux-shared/src/main/java/com/termux/shared/termux/crash/TermuxCrashUtils.java
agnostic-apollo,2022-04-23 00:36:12+05:00,termux-shared/src/main/java/com/termux/shared/errors/Error.java
agnostic-apollo,2022-04-23 00:36:12+05:00,termux-shared/src/main/java/com/termux/shared/shell/command/ExecutionCommand.java
agnostic-apollo,2022-04-23 00:36:12+05:00,app/src/main/java/com/termux/app/TermuxApplication.java
agnostic-apollo,2022-04-23 00:36:12+05:00,termux-shared/src/main/java/com/termux/shared/crash/CrashHandler.java
agnostic-apollo,2022-04-23 00:36:12+05:00,termux-shared/src/main/java/com/termux/shared/termux/crash/TermuxCrashUtils.java
agnostic-apollo,2022-04-23 00:36:12+05:00,termux-shared/src/main/java/com/termux/shared/crash/CrashHandler.java
agnostic-apollo,2022-04-23 00:36:12+05:00,termux-shared/src/main/java/com/termux/shared/termux/crash/TermuxCrashUtils.java
agnostic-apollo,2022-04-23 00:36:12+05:00,termux-shared/src/main/java/com/termux/shared/data/DataUtils.java
agnostic-apollo,2022-04-23 00:36:12+05:00,termux-shared/src/main/java/com/termux/shared/file/FileUtils.java
agnostic-apollo,2022-04-23 00:36:12+05:00,termux-shared/src/main/java/com/termux/shared/file/FileUtilsErrno.java
agnostic-apollo,2022-04-23 00:36:12+05:00,termux-shared/src/main/java/com/termux/shared/file/FileUtils.java
agnostic-apollo,2022-04-23 00:36:12+05:00,termux-shared/src/main/java/com/termux/shared/file/filesystem/FileAttributes.java
agnostic-apollo,2022-04-23 00:36:12+05:00,termux-shared/src/main/java/com/termux/shared/file/filesystem/FileType.java
agnostic-apollo,2022-04-23 00:36:12+05:00,termux-shared/src/main/java/com/termux/shared/file/filesystem/FileTypes.java
agnostic-apollo,2022-04-23 00:36:12+05:00,termux-shared/src/main/java/com/termux/shared/file/filesystem/UnixConstants.java
agnostic-apollo,2022-04-23 00:36:12+05:00,termux-shared/src/main/java/com/termux/shared/reflection/ReflectionUtils.java
agnostic-apollo,2022-04-23 00:36:12+05:00,app/src/main/java/com/termux/app/TermuxService.java
agnostic-apollo,2022-04-23 00:36:12+05:00,termux-shared/src/main/java/com/termux/shared/logger/Logger.java
agnostic-apollo,2022-04-23 00:36:12+05:00,termux-shared/src/main/java/com/termux/shared/termux/plugins/TermuxPluginUtils.java
agnostic-apollo,2022-04-23 00:36:12+05:00,app/src/main/java/com/termux/app/TermuxApplication.java
agnostic-apollo,2022-04-23 00:36:12+05:00,termux-shared/src/main/java/com/termux/shared/termux/TermuxConstants.java
agnostic-apollo,2022-04-23 00:36:12+05:00,termux-shared/src/main/java/com/termux/shared/termux/file/TermuxFileUtils.java
agnostic-apollo,2022-04-23 00:36:12+05:00,termux-shared/src/main/java/com/termux/shared/android/UserUtils.java
agnostic-apollo,2022-04-23 00:36:12+05:00,termux-shared/src/main/java/com/termux/shared/android/ProcessUtils.java
agnostic-apollo,2022-04-23 00:36:12+05:00,termux-shared/src/main/java/com/termux/shared/termux/settings/properties/TermuxPropertyConstants.java
agnostic-apollo,2022-04-23 00:36:12+05:00,termux-shared/src/main/java/com/termux/shared/termux/settings/properties/TermuxSharedProperties.java
agnostic-apollo,2022-04-23 00:36:12+05:00,termux-shared/src/main/cpp/Android.mk
agnostic-apollo,2022-04-23 00:36:12+05:00,termux-shared/src/main/cpp/Application.mk
agnostic-apollo,2022-04-23 00:36:12+05:00,termux-shared/src/main/cpp/local-filesystem-socket.cpp
agnostic-apollo,2022-04-23 00:36:12+05:00,termux-shared/src/main/cpp/local-socket.cpp
agnostic-apollo,2022-04-23 00:36:12+05:00,termux-shared/src/main/java/com/termux/shared/jni/models/JniResult.java
agnostic-apollo,2022-04-23 00:36:12+05:00,termux-shared/src/main/java/com/termux/shared/net/socket/local/ILocalSocketManager.java
agnostic-apollo,2022-04-23 00:36:12+05:00,termux-shared/src/main/java/com/termux/shared/net/socket/local/LocalClientSocket.java
agnostic-apollo,2022-04-23 00:36:12+05:00,termux-shared/src/main/java/com/termux/shared/net/socket/local/LocalServerSocket.java
agnostic-apollo,2022-04-23 00:36:12+05:00,termux-shared/src/main/java/com/termux/shared/net/socket/local/LocalSocketErrno.java
agnostic-apollo,2022-04-23 00:36:12+05:00,termux-shared/src/main/java/com/termux/shared/net/socket/local/LocalSocketManager.java
agnostic-apollo,2022-04-23 00:36:12+05:00,termux-shared/src/main/java/com/termux/shared/net/socket/local/LocalSocketManagerClientBase.java
agnostic-apollo,2022-04-23 00:36:12+05:00,termux-shared/src/main/java/com/termux/shared/net/socket/local/LocalSocketRunConfig.java
agnostic-apollo,2022-04-23 00:36:12+05:00,termux-shared/src/main/java/com/termux/shared/net/socket/local/PeerCred.java
agnostic-apollo,2022-04-23 00:36:12+05:00,termux-shared/src/main/java/com/termux/shared/shell/LocalFilesystemSocket.java
agnostic-apollo,2022-04-23 00:36:12+05:00,termux-shared/src/main/java/com/termux/shared/shell/LocalSocketListener.java
agnostic-apollo,2022-04-23 00:39:00+05:00,app/build.gradle
agnostic-apollo,2022-04-23 00:39:00+05:00,app/src/main/java/com/termux/app/TermuxApplication.java
agnostic-apollo,2022-04-23 00:39:00+05:00,termux-shared/build.gradle
agnostic-apollo,2022-04-23 00:39:00+05:00,termux-shared/src/main/java/com/termux/shared/shell/am/AmSocketServer.java
agnostic-apollo,2022-04-23 00:39:00+05:00,termux-shared/src/main/java/com/termux/shared/shell/am/AmSocketServerErrno.java
agnostic-apollo,2022-04-23 00:39:00+05:00,termux-shared/src/main/java/com/termux/shared/termux/TermuxConstants.java
agnostic-apollo,2022-04-23 00:39:00+05:00,termux-shared/src/main/java/com/termux/shared/termux/shell/TermuxShellUtils.java
agnostic-apollo,2022-04-23 00:39:00+05:00,termux-shared/src/main/java/com/termux/shared/termux/shell/am/TermuxAmSocketServer.java
agnostic-apollo,2022-04-23 00:39:00+05:00,termux-shared/src/main/java/com/termux/shared/jni/models/JniResult.java
agnostic-apollo,2022-04-23 00:39:00+05:00,termux-shared/src/main/java/com/termux/shared/net/socket/local/PeerCred.java
agnostic-apollo,2022-04-23 01:49:36+05:00,app/build.gradle
agnostic-apollo,2022-04-28 09:33:20+05:00,.github/workflows/attach_debug_apks_to_release.yml
agnostic-apollo,2022-04-28 09:33:20+05:00,.github/workflows/debug_build.yml
agnostic-apollo,2022-04-28 09:33:20+05:00,app/build.gradle
agnostic-apollo,2022-04-28 09:33:20+05:00,app/src/main/java/com/termux/app/TermuxApplication.java
agnostic-apollo,2022-04-28 09:33:20+05:00,app/src/main/java/com/termux/app/terminal/TermuxTerminalViewClient.java
agnostic-apollo,2022-04-28 09:33:20+05:00,termux-shared/src/main/java/com/termux/shared/termux/TermuxBootstrap.java
agnostic-apollo,2022-04-28 09:33:20+05:00,termux-shared/src/main/java/com/termux/shared/termux/TermuxUtils.java
agnostic-apollo,2022-04-28 09:33:20+05:00,termux-shared/src/main/java/com/termux/shared/termux/shell/TermuxShellUtils.java
Henrik Grimler,2022-05-23 22:03:41+02:00,.github/FUNDING.yml
agnostic-apollo,2022-05-24 01:19:45+05:00,build.gradle
agnostic-apollo,2022-05-24 01:19:45+05:00,terminal-emulator/build.gradle
agnostic-apollo,2022-05-24 01:19:45+05:00,terminal-view/build.gradle
agnostic-apollo,2022-05-24 01:19:45+05:00,termux-shared/build.gradle
agnostic-apollo,2022-05-24 01:19:45+05:00,gradle.properties
agnostic-apollo,2022-05-24 01:19:45+05:00,app/build.gradle
agnostic-apollo,2022-05-24 01:19:45+05:00,termux-shared/build.gradle
agnostic-apollo,2022-05-24 01:19:45+05:00,termux-shared/build.gradle
agnostic-apollo,2022-05-24 01:19:45+05:00,termux-shared/src/main/java/com/termux/shared/view/ViewUtils.java
agnostic-apollo,2022-05-24 01:19:45+05:00,termux-shared/src/main/java/com/termux/shared/view/ViewUtils.java
agnostic-apollo,2022-05-24 01:19:45+05:00,app/src/main/AndroidManifest.xml
agnostic-apollo,2022-05-24 01:19:45+05:00,app/src/main/java/com/termux/app/TermuxInstaller.java
agnostic-apollo,2022-05-24 01:19:45+05:00,terminal-view/src/main/java/com/termux/view/TerminalView.java
agnostic-apollo,2022-05-24 01:19:45+05:00,terminal-view/src/main/java/com/termux/view/support/PopupWindowCompatGingerbread.java
agnostic-apollo,2022-05-24 01:19:45+05:00,terminal-view/src/main/java/com/termux/view/textselection/TextSelectionCursorController.java
agnostic-apollo,2022-05-24 01:19:45+05:00,terminal-view/src/main/java/com/termux/view/textselection/TextSelectionHandleView.java
agnostic-apollo,2022-05-24 01:19:45+05:00,termux-shared/src/main/java/com/termux/shared/android/AndroidUtils.java
agnostic-apollo,2022-05-24 01:19:45+05:00,termux-shared/src/main/java/com/termux/shared/android/PackageUtils.java
agnostic-apollo,2022-05-24 01:19:45+05:00,termux-shared/src/main/java/com/termux/shared/android/PermissionUtils.java
agnostic-apollo,2022-05-24 01:19:45+05:00,termux-shared/src/main/java/com/termux/shared/file/filesystem/UnixConstants.java
agnostic-apollo,2022-05-24 01:19:45+05:00,termux-shared/src/main/java/com/termux/shared/interact/ShareUtils.java
agnostic-apollo,2022-05-24 01:19:45+05:00,termux-shared/src/main/java/com/termux/shared/termux/extrakeys/SpecialButtonState.java
agnostic-apollo,2022-05-24 01:19:45+05:00,termux-shared/src/main/java/com/termux/shared/termux/terminal/io/TerminalExtraKeys.java
agnostic-apollo,2022-05-24 01:19:45+05:00,termux-shared/src/main/java/com/termux/shared/view/KeyboardUtils.java
agnostic-apollo,2022-05-24 01:19:45+05:00,termux-shared/src/main/java/com/termux/shared/view/ViewUtils.java
agnostic-apollo,2022-05-24 01:19:45+05:00,app/src/main/java/com/termux/app/TermuxActivity.java
agnostic-apollo,2022-05-24 01:19:45+05:00,app/src/main/java/com/termux/app/terminal/io/TerminalToolbarViewPager.java
agnostic-apollo,2022-05-24 01:19:45+05:00,termux-shared/src/main/java/com/termux/shared/termux/extrakeys/ExtraKeysView.java
agnostic-apollo,2022-05-24 01:19:45+05:00,termux-shared/src/main/java/com/termux/shared/termux/extrakeys/ExtraKeysInfo.java
agnostic-apollo,2022-05-24 01:19:45+05:00,termux-shared/src/main/java/com/termux/shared/termux/shell/command/runner/terminal/TermuxSession.java
agnostic-apollo,2022-05-24 01:19:45+05:00,termux-shared/src/main/java/com/termux/shared/termux/shell/TermuxShellUtils.java
agnostic-apollo,2022-05-24 01:19:45+05:00,termux-shared/src/main/java/com/termux/shared/android/resource/ResourceUtils.java
agnostic-apollo,2022-05-24 01:19:45+05:00,termux-shared/src/main/java/com/termux/shared/notification/NotificationUtils.java
agnostic-apollo,2022-05-24 01:19:45+05:00,termux-shared/src/main/java/com/termux/shared/termux/crash/TermuxCrashUtils.java
agnostic-apollo,2022-05-24 01:19:45+05:00,termux-shared/src/main/java/com/termux/shared/termux/notification/TermuxNotificationUtils.java
agnostic-apollo,2022-05-24 01:19:45+05:00,termux-shared/src/main/java/com/termux/shared/termux/plugins/TermuxPluginUtils.java
agnostic-apollo,2022-05-24 01:19:45+05:00,app/src/main/java/com/termux/app/TermuxInstaller.java
agnostic-apollo,2022-05-24 01:19:45+05:00,app/src/main/res/values/strings.xml
agnostic-apollo,2022-05-24 01:19:45+05:00,termux-shared/src/main/java/com/termux/shared/net/socket/local/LocalSocketManager.java
agnostic-apollo,2022-05-24 01:19:45+05:00,app/build.gradle
agnostic-apollo,2022-05-24 01:19:45+05:00,termux-shared/src/main/java/com/termux/shared/termux/TermuxBootstrap.java
Henrik Grimler,2022-05-24 01:19:45+05:00,app/build.gradle
Henrik Grimler,2022-05-24 01:19:45+05:00,app/build.gradle
agnostic-apollo,2022-05-24 01:20:43+05:00,termux-shared/src/main/java/com/termux/shared/termux/shell/TermuxShellUtils.java
agnostic-apollo,2022-05-24 01:20:44+05:00,termux-shared/src/main/java/com/termux/shared/termux/TermuxConstants.java
agnostic-apollo,2022-05-24 01:20:44+05:00,termux-shared/src/main/java/com/termux/shared/termux/TermuxUtils.java
agnostic-apollo,2022-05-29 06:54:01+05:00,termux-shared/src/main/java/com/termux/shared/termux/crash/TermuxCrashUtils.java
agnostic-apollo,2022-05-29 06:54:01+05:00,termux-shared/src/main/java/com/termux/shared/termux/plugins/TermuxPluginUtils.java
agnostic-apollo,2022-05-29 07:42:53+05:00,README.md
agnostic-apollo,2022-05-29 07:42:53+05:00,termux-shared/src/main/java/com/termux/shared/termux/TermuxConstants.java
agnostic-apollo,2022-05-29 07:42:53+05:00,termux-shared/src/main/java/com/termux/shared/android/PermissionUtils.java
agnostic-apollo,2022-05-29 08:28:20+05:00,termux-shared/src/main/java/com/termux/shared/termux/TermuxConstants.java
agnostic-apollo,2022-05-29 22:44:57+05:00,terminal-view/src/main/java/com/termux/view/TerminalView.java
agnostic-apollo,2022-05-29 22:44:57+05:00,termux-shared/src/main/java/com/termux/shared/termux/terminal/io/TerminalExtraKeys.java
agnostic-apollo,2022-06-01 00:06:05+05:00,termux-shared/src/main/java/com/termux/shared/android/PackageUtils.java
agnostic-apollo,2022-06-01 00:06:05+05:00,termux-shared/src/main/java/com/termux/shared/termux/TermuxUtils.java
agnostic-apollo,2022-06-03 00:09:18+05:00,termux-shared/src/main/java/com/termux/shared/reflection/ReflectionUtils.java
agnostic-apollo,2022-06-03 00:09:18+05:00,termux-shared/src/main/java/com/termux/shared/termux/TermuxBootstrap.java
agnostic-apollo,2022-06-03 00:09:18+05:00,termux-shared/src/main/java/com/termux/shared/termux/TermuxConstants.java
agnostic-apollo,2022-06-03 00:09:18+05:00,termux-shared/src/main/java/com/termux/shared/termux/TermuxUtils.java
agnostic-apollo,2022-06-11 02:41:09+05:00,app/src/main/java/com/termux/app/RunCommandService.java
agnostic-apollo,2022-06-11 02:41:09+05:00,app/src/main/java/com/termux/app/TermuxService.java
agnostic-apollo,2022-06-11 02:41:09+05:00,app/src/main/java/com/termux/app/terminal/TermuxTerminalSessionClient.java
agnostic-apollo,2022-06-11 02:41:09+05:00,app/src/main/res/values/strings.xml
agnostic-apollo,2022-06-11 02:41:09+05:00,termux-shared/src/main/java/com/termux/shared/shell/command/ExecutionCommand.java
agnostic-apollo,2022-06-11 02:41:09+05:00,termux-shared/src/main/java/com/termux/shared/shell/command/runner/app/AppShell.java
agnostic-apollo,2022-06-11 02:41:09+05:00,termux-shared/src/main/java/com/termux/shared/termux/TermuxConstants.java
agnostic-apollo,2022-06-11 02:41:09+05:00,termux-shared/src/main/java/com/termux/shared/termux/plugins/TermuxPluginUtils.java
agnostic-apollo,2022-06-11 02:41:09+05:00,termux-shared/src/main/java/com/termux/shared/termux/shell/command/runner/terminal/TermuxSession.java
agnostic-apollo,2022-06-11 02:41:09+05:00,termux-shared/src/main/java/com/termux/shared/termux/TermuxConstants.java
agnostic-apollo,2022-06-11 02:41:09+05:00,termux-shared/src/main/java/com/termux/shared/termux/TermuxConstants.java
agnostic-apollo,2022-06-11 02:41:09+05:00,termux-shared/src/main/java/com/termux/shared/termux/TermuxUtils.java
agnostic-apollo,2022-06-11 02:41:09+05:00,.github/FUNDING.yml
agnostic-apollo,2022-06-11 02:41:09+05:00,README.md
agnostic-apollo,2022-06-11 13:52:10+05:00,termux-shared/src/main/java/com/termux/shared/shell/command/runner/app/AppShell.java
agnostic-apollo,2022-06-11 13:52:10+05:00,termux-shared/src/main/res/values/strings.xml
agnostic-apollo,2022-06-11 13:55:49+05:00,termux-shared/src/main/java/com/termux/shared/termux/shell/command/runner/terminal/TermuxSession.java
agnostic-apollo,2022-06-11 14:10:34+05:00,termux-shared/src/main/java/com/termux/shared/android/SELinuxUtils.java
agnostic-apollo,2022-06-11 14:11:58+05:00,termux-shared/src/main/java/com/termux/shared/android/PackageUtils.java
agnostic-apollo,2022-06-11 14:12:58+05:00,termux-shared/src/main/java/com/termux/shared/android/PackageUtils.java
agnostic-apollo,2022-06-11 14:15:33+05:00,termux-shared/src/main/java/com/termux/shared/android/AndroidUtils.java
agnostic-apollo,2022-06-11 14:24:26+05:00,termux-shared/src/main/java/com/termux/shared/file/FileUtils.java
agnostic-apollo,2022-06-12 00:32:18+05:00,app/src/main/java/com/termux/app/TermuxService.java
agnostic-apollo,2022-06-12 00:32:18+05:00,termux-shared/src/main/java/com/termux/shared/shell/ShellEnvironmentClient.java
agnostic-apollo,2022-06-12 00:32:18+05:00,termux-shared/src/main/java/com/termux/shared/shell/ShellUtils.java
agnostic-apollo,2022-06-12 00:32:18+05:00,termux-shared/src/main/java/com/termux/shared/shell/command/environment/AndroidShellEnvironment.java
agnostic-apollo,2022-06-12 00:32:18+05:00,termux-shared/src/main/java/com/termux/shared/shell/command/environment/IShellEnvironment.java
agnostic-apollo,2022-06-12 00:32:18+05:00,termux-shared/src/main/java/com/termux/shared/shell/command/environment/ShellEnvironmentUtils.java
agnostic-apollo,2022-06-12 00:32:18+05:00,termux-shared/src/main/java/com/termux/shared/shell/command/environment/UnixShellEnvironment.java
agnostic-apollo,2022-06-12 00:32:18+05:00,termux-shared/src/main/java/com/termux/shared/shell/command/runner/app/AppShell.java
agnostic-apollo,2022-06-12 00:32:18+05:00,termux-shared/src/main/java/com/termux/shared/termux/TermuxUtils.java
agnostic-apollo,2022-06-12 00:32:18+05:00,termux-shared/src/main/java/com/termux/shared/termux/file/TermuxFileUtils.java
agnostic-apollo,2022-06-12 00:32:18+05:00,termux-shared/src/main/java/com/termux/shared/termux/shell/TermuxShellEnvironmentClient.java
agnostic-apollo,2022-06-12 00:32:18+05:00,termux-shared/src/main/java/com/termux/shared/termux/shell/TermuxShellUtils.java
agnostic-apollo,2022-06-12 00:32:18+05:00,termux-shared/src/main/java/com/termux/shared/termux/shell/command/environment/TermuxShellEnvironment.java
agnostic-apollo,2022-06-12 00:32:18+05:00,termux-shared/src/main/java/com/termux/shared/termux/shell/command/runner/terminal/TermuxSession.java
agnostic-apollo,2022-06-12 00:32:18+05:00,app/src/main/java/com/termux/app/TermuxApplication.java
agnostic-apollo,2022-06-12 00:32:18+05:00,app/src/main/java/com/termux/app/TermuxService.java
agnostic-apollo,2022-06-12 00:32:18+05:00,termux-shared/src/main/java/com/termux/shared/termux/shell/TermuxShellManager.java
agnostic-apollo,2022-06-12 00:32:18+05:00,app/src/main/java/com/termux/app/TermuxService.java
agnostic-apollo,2022-06-12 00:32:18+05:00,termux-shared/src/main/java/com/termux/shared/shell/command/runner/app/AppShell.java
agnostic-apollo,2022-06-12 00:32:18+05:00,termux-shared/src/main/java/com/termux/shared/termux/TermuxUtils.java
agnostic-apollo,2022-06-12 00:32:18+05:00,termux-shared/src/main/java/com/termux/shared/termux/file/TermuxFileUtils.java
agnostic-apollo,2022-06-12 00:32:18+05:00,termux-shared/src/main/java/com/termux/shared/termux/shell/command/runner/terminal/TermuxSession.java
agnostic-apollo,2022-06-12 00:32:18+05:00,termux-shared/src/main/java/com/termux/shared/shell/command/ExecutionCommand.java
agnostic-apollo,2022-06-12 00:32:18+05:00,termux-shared/src/main/java/com/termux/shared/termux/TermuxUtils.java
agnostic-apollo,2022-06-12 00:32:18+05:00,termux-shared/src/main/java/com/termux/shared/termux/file/TermuxFileUtils.java
agnostic-apollo,2022-06-12 00:32:18+05:00,termux-shared/src/main/java/com/termux/shared/shell/command/environment/UnixShellEnvironment.java
agnostic-apollo,2022-06-12 00:32:18+05:00,termux-shared/src/main/java/com/termux/shared/termux/shell/command/runner/terminal/TermuxSession.java
agnostic-apollo,2022-06-12 00:33:07+05:00,termux-shared/src/main/java/com/termux/shared/termux/TermuxConstants.java
agnostic-apollo,2022-06-12 00:33:07+05:00,termux-shared/src/main/java/com/termux/shared/termux/shell/TermuxShellUtils.java
agnostic-apollo,2022-06-12 00:33:07+05:00,termux-shared/src/main/java/com/termux/shared/termux/shell/am/TermuxAmSocketServer.java
agnostic-apollo,2022-06-12 00:33:07+05:00,termux-shared/src/main/java/com/termux/shared/termux/shell/command/environment/TermuxAPIShellEnvironment.java
agnostic-apollo,2022-06-12 00:33:07+05:00,termux-shared/src/main/java/com/termux/shared/termux/shell/command/environment/TermuxAppShellEnvironment.java
agnostic-apollo,2022-06-12 00:33:07+05:00,termux-shared/src/main/java/com/termux/shared/termux/shell/command/environment/TermuxShellEnvironment.java
agnostic-apollo,2022-06-12 00:33:08+05:00,termux-shared/src/main/java/com/termux/shared/termux/shell/am/TermuxAmSocketServer.java
agnostic-apollo,2022-06-12 00:33:08+05:00,termux-shared/src/main/java/com/termux/shared/termux/shell/command/environment/TermuxAppShellEnvironment.java
agnostic-apollo,2022-06-12 00:38:02+05:00,app/src/main/AndroidManifest.xml
agnostic-apollo,2022-06-12 00:38:02+05:00,app/src/main/java/com/termux/app/TermuxService.java
agnostic-apollo,2022-06-12 00:38:02+05:00,app/src/main/java/com/termux/app/event/SystemEventReceiver.java
agnostic-apollo,2022-06-12 00:38:02+05:00,termux-shared/src/main/java/com/termux/shared/settings/preferences/SharedPreferenceUtils.java
agnostic-apollo,2022-06-12 00:38:02+05:00,termux-shared/src/main/java/com/termux/shared/shell/command/ExecutionCommand.java
agnostic-apollo,2022-06-12 00:38:02+05:00,termux-shared/src/main/java/com/termux/shared/shell/command/environment/AndroidShellEnvironment.java
agnostic-apollo,2022-06-12 00:38:02+05:00,termux-shared/src/main/java/com/termux/shared/shell/command/environment/ShellCommandShellEnvironment.java
agnostic-apollo,2022-06-12 00:38:02+05:00,termux-shared/src/main/java/com/termux/shared/termux/settings/preferences/TermuxAppSharedPreferences.java
agnostic-apollo,2022-06-12 00:38:02+05:00,termux-shared/src/main/java/com/termux/shared/termux/settings/preferences/TermuxPreferenceConstants.java
agnostic-apollo,2022-06-12 00:38:02+05:00,termux-shared/src/main/java/com/termux/shared/termux/shell/TermuxShellManager.java
agnostic-apollo,2022-06-12 00:38:02+05:00,termux-shared/src/main/java/com/termux/shared/termux/shell/command/environment/TermuxShellCommandShellEnvironment.java
agnostic-apollo,2022-06-12 00:38:02+05:00,termux-shared/src/main/java/com/termux/shared/termux/shell/command/environment/TermuxShellEnvironment.java
agnostic-apollo,2022-06-12 00:38:02+05:00,app/src/main/java/com/termux/app/TermuxApplication.java
agnostic-apollo,2022-06-12 00:38:02+05:00,termux-shared/src/main/java/com/termux/shared/termux/shell/command/environment/TermuxShellEnvironment.java
agnostic-apollo,2022-06-12 00:51:19+05:00,app/src/main/java/com/termux/app/TermuxApplication.java
agnostic-apollo,2022-06-12 00:51:19+05:00,app/src/main/java/com/termux/app/TermuxService.java
agnostic-apollo,2022-06-12 00:51:19+05:00,app/src/main/java/com/termux/app/event/SystemEventReceiver.java
agnostic-apollo,2022-06-12 00:51:19+05:00,termux-shared/src/main/java/com/termux/shared/shell/command/environment/ShellEnvironmentUtils.java
agnostic-apollo,2022-06-12 00:51:19+05:00,termux-shared/src/main/java/com/termux/shared/shell/command/environment/ShellEnvironmentVariable.java
agnostic-apollo,2022-06-12 00:51:19+05:00,termux-shared/src/main/java/com/termux/shared/termux/TermuxConstants.java
agnostic-apollo,2022-06-12 00:51:19+05:00,termux-shared/src/main/java/com/termux/shared/termux/TermuxUtils.java
agnostic-apollo,2022-06-12 00:51:19+05:00,termux-shared/src/main/java/com/termux/shared/termux/shell/command/environment/TermuxShellEnvironment.java
agnostic-apollo,2022-06-12 02:35:46+05:00,termux-shared/src/main/java/com/termux/shared/android/SettingsProviderUtils.java
agnostic-apollo,2022-06-12 02:48:36+05:00,termux-shared/src/main/java/com/termux/shared/android/FeatureFlagUtils.java
agnostic-apollo,2022-06-12 02:48:36+05:00,termux-shared/src/main/java/com/termux/shared/android/PhantomProcessUtils.java
agnostic-apollo,2022-06-12 02:50:38+05:00,app/src/main/java/com/termux/app/activities/SettingsActivity.java
agnostic-apollo,2022-06-12 02:50:38+05:00,app/src/main/java/com/termux/app/terminal/TermuxTerminalViewClient.java
agnostic-apollo,2022-06-12 02:50:38+05:00,termux-shared/src/main/java/com/termux/shared/android/AndroidUtils.java
agnostic-apollo,2022-06-12 02:50:38+05:00,termux-shared/src/main/java/com/termux/shared/markdown/MarkdownUtils.java
agnostic-apollo,2022-06-12 02:50:38+05:00,termux-shared/src/main/java/com/termux/shared/termux/crash/TermuxCrashUtils.java
agnostic-apollo,2022-06-12 02:50:38+05:00,termux-shared/src/main/java/com/termux/shared/termux/plugins/TermuxPluginUtils.java
agnostic-apollo,2022-06-12 02:50:38+05:00,termux-shared/src/main/res/values/strings.xml
agnostic-apollo,2022-06-13 16:07:04+05:00,app/src/main/java/com/termux/app/TermuxActivity.java
agnostic-apollo,2022-06-13 16:07:04+05:00,app/src/main/java/com/termux/app/TermuxService.java
agnostic-apollo,2022-06-13 16:07:04+05:00,app/src/main/java/com/termux/app/terminal/TermuxTerminalSessionActivityClient.java
agnostic-apollo,2022-06-13 16:07:04+05:00,app/src/main/java/com/termux/app/terminal/TermuxTerminalSessionServiceClient.java
agnostic-apollo,2022-06-13 16:07:04+05:00,app/src/main/java/com/termux/app/terminal/TermuxTerminalViewClient.java
agnostic-apollo,2022-06-13 16:07:04+05:00,app/src/main/java/com/termux/app/terminal/io/TermuxTerminalExtraKeys.java
agnostic-apollo,2022-06-13 16:11:13+05:00,app/src/main/java/com/termux/app/terminal/TermuxTerminalSessionServiceClient.java
agnostic-apollo,2022-06-14 04:03:29+05:00,app/src/main/AndroidManifest.xml
agnostic-apollo,2022-06-14 04:03:29+05:00,app/src/main/java/com/termux/app/TermuxActivity.java
agnostic-apollo,2022-06-14 04:03:29+05:00,app/src/main/java/com/termux/app/api/file/FileReceiverActivity.java
agnostic-apollo,2022-06-14 04:03:29+05:00,app/src/test/java/com/termux/app/api/file/FileReceiverActivityTest.java
agnostic-apollo,2022-06-14 04:03:29+05:00,termux-shared/src/main/java/com/termux/shared/termux/TermuxConstants.java
agnostic-apollo,2022-06-14 04:03:29+05:00,termux-shared/src/main/java/com/termux/shared/termux/settings/properties/TermuxPropertyConstants.java
agnostic-apollo,2022-06-14 04:03:29+05:00,termux-shared/src/main/java/com/termux/shared/termux/settings/properties/TermuxSharedProperties.java
agnostic-apollo,2022-06-14 04:04:09+05:00,termux-shared/src/main/java/com/termux/shared/android/PackageUtils.java
agnostic-apollo,2022-06-14 04:05:00+05:00,termux-shared/src/main/java/com/termux/shared/interact/MessageDialogUtils.java
agnostic-apollo,2022-06-14 04:08:03+05:00,termux-shared/src/main/java/com/termux/shared/reflection/ReflectionUtils.java
agnostic-apollo,2022-06-14 19:13:19+05:00,terminal-emulator/src/main/java/com/termux/terminal/TerminalColorScheme.java
agnostic-apollo,2022-06-14 19:13:19+05:00,terminal-emulator/src/main/java/com/termux/terminal/TerminalColors.java
agnostic-apollo,2022-06-15 05:05:04+05:00,terminal-emulator/src/main/java/com/termux/terminal/TerminalEmulator.java
agnostic-apollo,2022-06-15 05:05:04+05:00,terminal-emulator/src/test/java/com/termux/terminal/TerminalTest.java
agnostic-apollo,2022-06-15 05:05:04+05:00,terminal-emulator/src/main/java/com/termux/terminal/TerminalEmulator.java
agnostic-apollo,2022-06-15 18:31:29+05:00,termux-shared/src/main/java/com/termux/shared/settings/properties/SharedProperties.java
agnostic-apollo,2022-06-15 18:31:29+05:00,termux-shared/src/main/java/com/termux/shared/termux/settings/properties/TermuxAppSharedProperties.java
agnostic-apollo,2022-06-15 18:31:29+05:00,termux-shared/src/main/java/com/termux/shared/termux/settings/properties/TermuxPropertyConstants.java
agnostic-apollo,2022-06-15 18:31:29+05:00,termux-shared/src/main/java/com/termux/shared/termux/settings/properties/TermuxSharedProperties.java
agnostic-apollo,2022-06-18 05:53:26+05:00,app/src/main/java/com/termux/app/TermuxInstaller.java
agnostic-apollo,2022-06-18 05:53:26+05:00,termux-shared/src/main/java/com/termux/shared/errors/Errno.java
agnostic-apollo,2022-06-18 05:53:26+05:00,termux-shared/src/main/java/com/termux/shared/file/FileUtils.java
agnostic-apollo,2022-06-18 05:53:26+05:00,termux-shared/src/main/java/com/termux/shared/file/FileUtilsErrno.java
agnostic-apollo,2022-06-18 05:53:26+05:00,termux-shared/src/main/java/com/termux/shared/file/tests/FileUtilsTests.java
agnostic-apollo,2022-06-18 05:53:26+05:00,termux-shared/src/main/java/com/termux/shared/termux/TermuxConstants.java
agnostic-apollo,2022-06-18 05:53:26+05:00,termux-shared/src/main/java/com/termux/shared/termux/file/TermuxFileUtils.java
agnostic-apollo,2022-06-18 22:45:48+05:00,app/src/main/java/com/termux/app/terminal/io/TermuxTerminalExtraKeys.java
agnostic-apollo,2022-06-18 22:45:48+05:00,terminal-emulator/src/main/java/com/termux/terminal/TerminalEmulator.java
agnostic-apollo,2022-06-18 22:45:48+05:00,terminal-view/src/main/java/com/termux/view/TerminalView.java
agnostic-apollo,2022-06-18 22:45:48+05:00,termux-shared/src/main/java/com/termux/shared/termux/extrakeys/ExtraKeysConstants.java
agnostic-apollo,2022-06-19 03:08:28+05:00,terminal-emulator/src/main/java/com/termux/terminal/TerminalBuffer.java
agnostic-apollo,2022-06-21 04:11:23+05:00,docs/index.md
agnostic-apollo,2022-07-06 02:53:36+05:00,app/src/main/java/com/termux/app/TermuxService.java
agnostic-apollo,2022-07-06 02:53:36+05:00,app/src/main/res/values/strings.xml
agnostic-apollo,2022-07-06 02:53:36+05:00,termux-shared/src/main/java/com/termux/shared/net/socket/local/LocalSocketRunConfig.java
agnostic-apollo,2022-07-06 02:53:36+05:00,termux-shared/src/main/java/com/termux/shared/shell/am/AmSocketServer.java
agnostic-apollo,2022-07-06 02:53:36+05:00,termux-shared/src/main/java/com/termux/shared/shell/am/AmSocketServerRunConfig.java
agnostic-apollo,2022-07-06 02:53:36+05:00,termux-shared/src/main/java/com/termux/shared/termux/shell/am/TermuxAmSocketServer.java
agnostic-apollo,2022-07-06 02:53:36+05:00,termux-shared/src/main/res/values/strings.xml
agnostic-apollo,2022-07-17 08:48:03+05:00,docs/en/index.md
Leonid Pliushch,2022-09-21 10:30:24+03:00,app/build.gradle
Leonid Pliushch,2022-09-21 10:30:24+03:00,app/testkey_untrusted.jks
Leonid Pliushch,2022-09-21 20:01:13+03:00,README.md
agnostic-apollo,2022-09-29 02:45:31+05:00,termux-shared/src/main/java/com/termux/shared/settings/preferences/AppSharedPreferences.java
agnostic-apollo,2022-09-29 02:45:31+05:00,termux-shared/src/main/java/com/termux/shared/termux/settings/preferences/TermuxAPIAppSharedPreferences.java
agnostic-apollo,2022-09-29 02:45:31+05:00,termux-shared/src/main/java/com/termux/shared/termux/settings/preferences/TermuxAppSharedPreferences.java
agnostic-apollo,2022-09-29 02:45:31+05:00,termux-shared/src/main/java/com/termux/shared/termux/settings/preferences/TermuxBootAppSharedPreferences.java
agnostic-apollo,2022-09-29 02:45:31+05:00,termux-shared/src/main/java/com/termux/shared/termux/settings/preferences/TermuxFloatAppSharedPreferences.java
agnostic-apollo,2022-09-29 02:45:31+05:00,termux-shared/src/main/java/com/termux/shared/termux/settings/preferences/TermuxStylingAppSharedPreferences.java
agnostic-apollo,2022-09-29 02:45:31+05:00,termux-shared/src/main/java/com/termux/shared/termux/settings/preferences/TermuxTaskerAppSharedPreferences.java
agnostic-apollo,2022-09-29 02:45:31+05:00,termux-shared/src/main/java/com/termux/shared/termux/settings/preferences/TermuxWidgetAppSharedPreferences.java
agnostic-apollo,2022-10-03 15:37:26+05:00,README.md
agnostic-apollo,2022-10-04 04:29:15+05:00,app/src/main/java/com/termux/app/terminal/TermuxTerminalSessionActivityClient.java
agnostic-apollo,2022-10-04 04:29:15+05:00,app/src/main/java/com/termux/app/terminal/TermuxTerminalViewClient.java
agnostic-apollo,2022-10-04 04:29:15+05:00,terminal-view/src/main/java/com/termux/view/TerminalView.java
agnostic-apollo,2022-10-04 04:29:15+05:00,termux-shared/src/main/java/com/termux/shared/interact/ShareUtils.java
agnostic-apollo,2022-10-04 04:47:58+05:00,app/src/main/java/com/termux/app/TermuxActivity.java
agnostic-apollo,2022-10-04 04:47:58+05:00,app/src/main/java/com/termux/app/terminal/TermuxTerminalSessionActivityClient.java
agnostic-apollo,2022-10-04 04:47:58+05:00,app/src/main/java/com/termux/app/terminal/TermuxTerminalViewClient.java
agnostic-apollo,2022-10-04 04:47:58+05:00,app/src/main/res/values/strings.xml
agnostic-apollo,2022-10-04 04:47:58+05:00,terminal-view/src/main/java/com/termux/view/TerminalView.java
agnostic-apollo,2022-10-04 04:47:58+05:00,terminal-view/src/main/java/com/termux/view/textselection/TextSelectionCursorController.java
agnostic-apollo,2022-10-04 04:47:58+05:00,termux-shared/src/main/java/com/termux/shared/interact/ShareUtils.java
EduardDurech,2022-10-13 08:48:31+05:00,termux-shared/src/main/java/com/termux/shared/termux/settings/preferences/TermuxAPIAppSharedPreferences.java
EduardDurech,2022-10-13 08:48:31+05:00,termux-shared/src/main/java/com/termux/shared/termux/settings/preferences/TermuxPreferenceConstants.java
Sushrut1101,2022-10-13 10:56:35+03:00,.github/workflows/attach_debug_apks_to_release.yml
Sushrut1101,2022-10-13 10:56:35+03:00,.github/workflows/debug_build.yml
Sushrut1101,2022-10-13 10:56:35+03:00,.github/workflows/gradle-wrapper-validation.yml
Sushrut1101,2022-10-13 10:56:35+03:00,.github/workflows/run_tests.yml
daywalk3r666,2022-10-14 10:02:36+03:00,.github/workflows/debug_build.yml
Yaksh Bariya,2022-10-24 07:58:37+05:30,terminal-emulator/src/main/java/com/termux/terminal/KeyHandler.java
Frieder Bluemle,2022-10-27 11:37:17+03:00,README.md
Frieder Bluemle,2022-10-27 11:37:17+03:00,termux-shared/src/main/res/values/strings.xml
Lucy Phipps,2022-11-07 01:16:28+00:00,.github/dependabot.yml
Lucy Phipps,2022-12-16 06:56:27+00:00,terminal-emulator/src/main/java/com/termux/terminal/WcWidth.java
Lucy Phipps,2022-12-16 06:58:37+00:00,terminal-emulator/src/main/java/com/termux/terminal/WcWidth.java
Lucy Phipps,2022-12-16 07:01:40+00:00,terminal-emulator/src/main/java/com/termux/terminal/WcWidth.java
Young-Lord,2023-01-23 11:13:48+02:00,termux-shared/src/main/java/com/termux/shared/termux/TermuxConstants.java
Young-Lord,2023-01-23 11:13:48+02:00,termux-shared/src/main/java/com/termux/shared/termux/TermuxUtils.java
Yaksh Bariya,2023-02-08 19:15:51+05:30,.github/workflows/attach_debug_apks_to_release.yml
Sandelinos,2023-03-04 21:24:18+08:00,app/src/main/res/mipmap-anydpi-v26/ic_launcher.xml
Sandelinos,2023-03-04 21:24:18+08:00,app/src/main/res/mipmap-anydpi-v26/ic_launcher_round.xml
utzcoz,2023-03-22 11:18:41+05:00,app/build.gradle
utzcoz,2023-04-16 22:43:38+05:00,app/build.gradle
maheshnikam,2023-04-30 20:47:04+08:00,README.md
Kevin Williams,2023-05-02 07:20:35+08:00,README.md
maheshnikam,2023-05-02 07:20:35+08:00,README.md
agnostic-apollo,2023-05-21 07:58:35+05:00,termux-shared/src/main/java/com/termux/shared/termux/extrakeys/ExtraKeysConstants.java
agnostic-apollo,2023-05-21 07:58:35+05:00,terminal-view/src/main/java/com/termux/view/TerminalView.java
Leonid Pliushch,2023-05-25 12:42:54+03:00,README.md
Leonid Pliushch,2023-06-25 22:39:36+03:00,README.md
agnostic-apollo,2023-08-10 00:46:44+05:00,README.md
agnostic-apollo,2023-08-14 20:45:30+05:00,app/src/main/java/com/termux/app/TermuxActivity.java
agnostic-apollo,2023-08-19 03:59:10+05:00,termux-shared/src/main/java/com/termux/shared/termux/data/TermuxUrlUtils.java
agnostic-apollo,2023-08-22 05:01:47+05:00,README.md
Leonid Pliushch,2023-10-07 06:36:50+05:00,README.md
agnostic-apollo,2023-10-07 06:46:22+05:00,.github/dependabot.yml
dependabot[bot],2023-10-07 06:55:28+05:00,.github/workflows/attach_debug_apks_to_release.yml
dependabot[bot],2023-10-07 06:55:28+05:00,.github/workflows/debug_build.yml
dependabot[bot],2023-10-07 06:55:28+05:00,.github/workflows/gradle-wrapper-validation.yml
dependabot[bot],2023-10-07 06:55:28+05:00,.github/workflows/run_tests.yml
Fredrik Fornwall,2023-10-08 22:03:27+02:00,.gitignore
agnostic-apollo,2023-10-19 08:00:31+05:00,README.md
agnostic-apollo,2023-10-19 08:04:45+05:00,README.md
agnostic-apollo,2023-11-01 17:30:43+05:00,README.md
agnostic-apollo,2023-11-02 09:20:21+05:00,README.md
dependabot[bot],2024-01-01 15:19:09+00:00,.github/workflows/attach_debug_apks_to_release.yml
dependabot[bot],2024-01-01 15:19:33+00:00,.github/workflows/attach_debug_apks_to_release.yml
dependabot[bot],2024-01-01 15:19:33+00:00,.github/workflows/debug_build.yml
dependabot[bot],2024-04-02 00:34:43+05:00,.github/workflows/gradle-wrapper-validation.yml
dependabot[bot],2024-04-02 01:05:37+05:00,.github/workflows/attach_debug_apks_to_release.yml
agnostic-apollo,2024-04-07 15:52:48+05:00,terminal-emulator/src/main/java/com/termux/terminal/TerminalRow.java
agnostic-apollo,2024-04-07 15:52:48+05:00,terminal-emulator/src/main/java/com/termux/terminal/WcWidth.java
agnostic-apollo,2024-04-16 12:34:31+05:00,.github/workflows/attach_debug_apks_to_release.yml
dependabot[bot],2024-04-18 21:12:09+05:00,.github/workflows/gradle-wrapper-validation.yml
agnostic-apollo,2024-06-05 19:13:57+05:00,app/src/main/AndroidManifest.xml
Fredrik Fornwall,2024-06-16 01:26:48+02:00,README.md
agnostic-apollo,2024-06-18 02:08:34+05:00,.github/workflows/debug_build.yml
Fredrik Fornwall,2024-08-13 19:14:53+02:00,terminal-emulator/src/main/java/com/termux/terminal/TerminalEmulator.java
Fredrik Fornwall,2024-08-13 19:14:53+02:00,terminal-emulator/src/test/java/com/termux/terminal/ScrollRegionTest.java
Fredrik Fornwall,2024-08-13 19:14:53+02:00,terminal-emulator/src/test/java/com/termux/terminal/TerminalTestCase.java
Fredrik Fornwall,2024-08-13 19:20:38+02:00,terminal-emulator/src/main/java/com/termux/terminal/TerminalEmulator.java
Fredrik Fornwall,2024-08-13 19:20:38+02:00,terminal-emulator/src/test/java/com/termux/terminal/TerminalTest.java
Josh Triplett,2024-08-16 12:18:54+02:00,terminal-view/src/main/java/com/termux/view/TerminalView.java
agnostic-apollo,2024-08-27 20:44:05+05:00,app/src/main/java/com/termux/app/TermuxActivity.java
agnostic-apollo,2024-08-27 20:44:05+05:00,app/src/main/res/layout/activity_termux.xml
agnostic-apollo,2024-08-27 20:44:05+05:00,app/src/main/res/values/strings.xml
agnostic-apollo,2024-08-27 20:44:05+05:00,terminal-view/src/main/java/com/termux/view/TerminalView.java
Fredrik Fornwall,2024-09-18 22:28:16+02:00,terminal-emulator/src/main/java/com/termux/terminal/TerminalEmulator.java
Fredrik Fornwall,2024-09-18 22:28:16+02:00,terminal-emulator/src/test/java/com/termux/terminal/ApcTest.java
Krunal Patel,2024-09-26 15:09:09+02:00,terminal-emulator/src/main/java/com/termux/terminal/JNI.java
Krunal Patel,2024-09-26 15:09:09+02:00,terminal-emulator/src/main/java/com/termux/terminal/TerminalSession.java
Krunal Patel,2024-09-26 15:09:09+02:00,terminal-emulator/src/main/jni/termux.c
Krunal Patel,2024-09-26 15:09:09+02:00,terminal-view/src/main/java/com/termux/view/TerminalView.java
Dvd-Znf,2024-09-26 16:55:56+02:00,README.md
Artem Chepurnyi,2024-09-26 20:34:18+05:00,terminal-view/src/main/java/com/termux/view/TerminalView.java
Fredrik Fornwall,2024-09-26 21:53:52+02:00,terminal-emulator/src/main/java/com/termux/terminal/TerminalEmulator.java
Fredrik Fornwall,2024-09-26 21:53:52+02:00,terminal-emulator/src/main/java/com/termux/terminal/TerminalSession.java
Fredrik Fornwall,2024-09-26 21:53:52+02:00,terminal-emulator/src/test/java/com/termux/terminal/ControlSequenceIntroducerTest.java
Fredrik Fornwall,2024-09-26 21:53:52+02:00,terminal-emulator/src/test/java/com/termux/terminal/HistoryTest.java
Fredrik Fornwall,2024-09-26 21:53:52+02:00,terminal-emulator/src/test/java/com/termux/terminal/ResizeTest.java
Fredrik Fornwall,2024-09-26 21:53:52+02:00,terminal-emulator/src/test/java/com/termux/terminal/TerminalTest.java
Fredrik Fornwall,2024-09-26 21:53:52+02:00,terminal-emulator/src/test/java/com/termux/terminal/TerminalTestCase.java
Matan Ziv-Av,2024-09-27 11:27:38+02:00,terminal-view/src/main/java/com/termux/view/TerminalRenderer.java
Tom Kranz,2024-09-28 01:19:50+02:00,app/src/main/java/com/termux/app/TermuxOpenReceiver.java
Evgeny Zhabotinsky,2024-09-29 23:37:28+02:00,terminal-emulator/src/main/java/com/termux/terminal/TerminalEmulator.java
Evgeny Zhabotinsky,2024-09-29 23:37:28+02:00,terminal-emulator/src/test/java/com/termux/terminal/ScrollRegionTest.java
Fredrik Fornwall,2024-10-02 17:27:08+02:00,terminal-emulator/src/main/java/com/termux/terminal/TerminalEmulator.java
Fredrik Fornwall,2024-10-02 17:27:08+02:00,terminal-emulator/src/test/java/com/termux/terminal/ControlSequenceIntroducerTest.java
Fredrik Fornwall,2024-10-02 17:27:08+02:00,terminal-emulator/src/test/java/com/termux/terminal/TerminalTest.java
Jason Yu,2024-10-28 12:34:31+05:00,app/src/test/java/com/termux/app/api/file/FileReceiverActivityTest.java
agnostic-apollo,2024-10-28 12:45:39+05:00,app/src/main/java/com/termux/app/api/file/FileReceiverActivity.java
agnostic-apollo,2025-01-13 01:30:06+05:00,termux-shared/src/main/java/com/termux/shared/termux/TermuxConstants.java
agnostic-apollo,2025-01-13 01:50:45+05:00,app/src/main/java/com/termux/app/TermuxActivity.java
agnostic-apollo,2025-01-13 03:41:34+05:00,gradle.properties
agnostic-apollo,2025-01-25 02:30:20+05:00,termux-shared/build.gradle
Johannes Altmanninger,2025-03-15 11:26:11+05:00,terminal-emulator/src/main/java/com/termux/terminal/TerminalEmulator.java
