File,Top Contributor Share (%)
.travis.yml,54.97
404.html,35.48
CHANGELOG.md,96.67
CODE_OF_CONDUCT.md,67.52
CONTRIBUTING.md,96.14
LICENSE,95.65
README.md,68.10
icons/github.svg,100.00
icons/logo.svg,51.67
icons/pwalogo.svg,100.00
index.html,56.52
manifest.json,48.24
package.json,36.75
script.js,45.32
style.css,89.47
sw.js,65.01
travis.js,100.00
.github/FUNDING.yml,90.00
.github/ISSUE_TEMPLATE/bug_report.md,100.00
.github/ISSUE_TEMPLATE/custom.md,100.00
.github/ISSUE_TEMPLATE/feature_request.md,100.00
.gitignore,44.71
.directory,100.00
.dependabot/config.yml,100.00
.idea/.gitignore,100.00
assets/README.md,50.00
assets/css/fonts.scss,64.89
assets/css/styles.scss,51.54
assets/js/pwa.js,44.97
components/README.md,50.00
jsconfig.json,46.15
layouts/README.md,50.00
layouts/default.vue,66.29
layouts/error.vue,47.14
middleware/README.md,32.00
nuxt.config.js,54.57
package-lock.json,44.87
pages/README.md,50.00
pages/index.vue,37.02
plugins/README.md,50.00
static/README.md,50.00
static/icons/github.svg,100.00
static/icons/logo.svg,95.65
store/README.md,50.00
pages/websocket.vue,52.69
pages/settings.vue,60.53
assets/css/themes.scss,55.04
components/logo.vue,68.57
components/section.vue,36.29
components/settings/swatch.vue,65.18
plugins/vuex-persist.js,52.63
store/index.js,41.51
store/postwoman.js,28.32
.editorconfig,48.00
.vs/VSWorkspaceState.json,100.00
components/toggle.vue,45.58
components/history.vue,51.75
directives/textareaAutoHeight.js,43.48
build.js,39.76
components/autocomplete.vue,33.07
middleware/parsedefaulturl.js,52.63
static/CNAME,100.00
.all-contributorsrc,96.22
assets/js/curlparser.js,37.70
components/modal.vue,61.35
.vscode/settings.json,100.00
.htaccess,100.00
static/.htaccess,100.00
.dockerignore,69.44
Dockerfile,26.32
docker-compose.yml,37.34
components/collections/addCollection.vue,42.64
components/collections/addFolder.vue,52.02
components/collections/collection.vue,56.46
components/collections/folder.vue,53.67
components/collections/index.vue,34.01
components/collections/request.vue,63.35
.firebaserc,100.00
database.rules.json,100.00
firebase.json,48.94
firestore.indexes.json,96.30
firestore.rules,85.71
functions/.gitignore,100.00
functions/index.js,100.00
functions/package-lock.json,73.40
functions/package.json,96.43
storage.rules,100.00
cypress.json,56.25
tests/e2e/fixtures/catapi.json,50.00
tests/e2e/integration/app.starter.spec.js,40.00
tests/e2e/integration/feature.url-queries.spec.js,63.43
tests/e2e/support/commands.js,51.56
tests/e2e/support/index.js,66.67
static/icons/error.svg,100.00
components/collections/saveRequest.vue,77.59
plugins/v-tooltip.js,47.06
proxy/index.js,72.46
components/collections/exportCollection.vue,64.47
components/collections/importExportCollections.vue,50.94
components/collections/editCollection.vue,48.70
components/collections/editFolder.vue,50.00
components/collections/editRequest.vue,53.52
components/collections/saveRequestAs.vue,55.41
store/mutations.js,39.39
store/state.js,70.12
functions/preRequest.js,53.12
functions/templating.js,42.11
static/logo-onblack.svg,100.00
static/logo-onwhite.svg,100.00
static/icons/postwoman.svg,100.00
components/ace-editor.vue,34.00
docs/index.html,100.00
pages/graphql.vue,30.26
components/graphql/field.vue,55.67
components/graphql/type.vue,35.57
pages/realtime.vue,41.54
yarn.lock,68.98
lang/en-US.js,56.27
lang/es-ES.js,54.27
lang/fr-FR.js,56.81
lang/fa-IR.js,49.72
lang/pt-BR.js,43.25
lang/zh-CN.js,50.00
lang/id-ID.js,38.63
static/icons/graphql.svg,100.00
lang/tr-TR.js,65.04
static/icons/alien-head.svg,100.00
lang/de-DE.js,61.40
lang/ja-JP.js,65.68
lang/my-MM.js,51.16
pages/doc.vue,73.12
lang/bn-BD.js,100.00
assets/js/oauth.js,38.43
functions/postwomanTesting.js,61.21
components/graphql/argument.vue,73.33
components/graphql/typelink.vue,47.83
functions/strategies/AxiosStrategy.js,84.33
functions/strategies/ProxyStrategy.js,83.33
functions/network.js,60.68
functions/strategies/FirefoxStrategy.js,45.45
functions/utils/debounce.js,48.39
components/graphql/queryeditor.vue,55.05
components/BallsFeed.vue,100.00
components/InputForm.vue,100.00
components/Login.vue,100.00
functions/store.js,100.00
components/firebase/feeds.vue,92.19
components/firebase/inputform.vue,93.82
components/firebase/login.vue,75.03
functions/fb.js,75.44
functions/strategies/ChromeStrategy.js,40.58
tests/e2e/integration/proxy.spec.js,46.79
functions/headers.js,66.22
functions/strategies/ExtensionStrategy.js,58.06
components/environments/addEnvironment.vue,59.71
components/environments/editEnvironment.vue,62.57
components/environments/environment.vue,44.22
components/environments/importExportEnvironment.vue,57.23
components/environments/index.vue,42.32
functions/editorutils.js,52.17
.huskyrc,100.00
.lintstaged,100.00
.prettierignore,72.73
.prettierrc,70.00
lang/ko-KR.js,98.88
functions/jsonParse.js,70.94
pages/index.vue.orig,99.83
functions/platformutils.js,100.00
components/layout/history.vue,98.83
components/layout/logo.vue,100.00
components/layout/section.vue,100.00
components/ui/ace-editor.vue,71.50
components/ui/autocomplete.vue,66.10
components/ui/modal.vue,100.00
components/layout/contributors.vue,100.00
components/layout/footer.vue,100.00
components/layout/header.vue,97.82
components/layout/sidenav.vue,99.83
components/realtime/log.vue,72.50
components/realtime/socketio.vue,59.03
functions/utils/string.js,100.00
functions/utils/valid.js,64.20
components/firebase/logout.vue,100.00
components/ui/tab.vue,93.18
components/ui/tabs.vue,100.00
components/realtime/mqtt.vue,76.09
components/realtime/sse.vue,85.92
components/realtime/websocket.vue,70.72
lang/de-DE.json,99.25
lang/en-US.json,48.82
lang/es-ES.json,92.04
lang/fa-IR.json,98.95
lang/fr-FR.json,93.27
lang/id-ID.json,97.99
lang/ja-JP.json,96.14
lang/ko-KR.json,97.60
lang/pt-BR.json,95.77
lang/tr-TR.json,96.59
lang/zh-CN.json,90.05
functions/api.js,100.00
netlify.toml,55.77
crowdin.yml,100.00
functions/requestParams.js,65.38
functions/syntax/gqlQueryLangMode.js,95.04
lang/pt-PT.json,93.31
lang/zh-TW.json,96.00
functions/utils/uri.js,52.00
.env.example,39.57
functions/utils/contenttypes.js,100.00
.github/dependabot.yml,83.33
helpers/editorutils.js,87.50
helpers/fb.js,45.70
helpers/jsonParse.js,90.91
helpers/network.js,89.66
helpers/platformutils.js,60.00
helpers/postwomanTesting.js,50.43
helpers/preRequest.js,83.33
helpers/requestParams.js,66.67
helpers/strategies/AxiosStrategy.js,55.74
helpers/strategies/ExtensionStrategy.js,48.78
helpers/syntax/gqlQueryLangMode.js,62.50
helpers/templating.js,80.00
helpers/utils/contenttypes.js,50.00
helpers/utils/string.js,100.00
helpers/utils/uri.js,100.00
helpers/utils/valid.js,100.00
netlify/api.js,100.00
components/lenses/ResponseBodyRenderer.vue,45.00
components/lenses/renderers/HTMLLensRenderer.vue,61.29
components/lenses/renderers/ImageLensRenderer.vue,45.98
components/lenses/renderers/JSONLensRenderer.vue,39.66
components/lenses/renderers/RawLensRenderer.vue,53.76
helpers/lenses/htmlLens.js,61.54
helpers/lenses/imageLens.js,68.00
helpers/lenses/jsonLens.js,53.33
helpers/lenses/lenses.js,80.00
helpers/lenses/rawLens.js,80.00
components/lenses/renderers/XMLLensRenderer.vue,43.04
helpers/lenses/xmlLens.js,83.33
components/lenses/headers.vue,100.00
components/lenses/renderers/mixins/TextContentRendererMixin.js,100.00
helpers/utils/b64.js,84.21
.github/workflows/codeql-analysis.yml,83.33
TRANSLATIONS.md,64.21
components/ui/js-editor.vue,95.44
babel.config.js,73.33
components/collections/add-collection.vue,100.00
components/collections/add-folder.vue,73.33
components/collections/edit-collection.vue,100.00
components/collections/edit-folder.vue,96.30
components/collections/edit-request.vue,61.76
components/collections/import-export-collections.vue,76.68
components/collections/save-request-as.vue,56.00
components/environments/add-environment.vue,100.00
components/environments/edit-environment.vue,100.00
components/environments/import-export-environment.vue,99.54
components/layout/pw-header.vue,99.73
static/icons/add-24px.svg,100.00
static/icons/close-24px.svg,100.00
static/icons/cloud_upload-24px.svg,100.00
static/icons/delete-24px.svg,100.00
static/icons/exit_to_app-24px.svg,100.00
static/icons/folder-24px.svg,100.00
test/index.spec.js,100.00
components/layout/pw-footer.vue,100.00
components/layout/pw-section.vue,100.00
components/lenses/response-body-renderer.vue,100.00
components/ui/pw-toggle.vue,100.00
helpers/utils/__tests__/valid.spec.js,100.00
helpers/utils/__tests__/b64.spec.js,81.25
helpers/utils/__tests__/contenttypes.spec.js,76.19
helpers/utils/__tests__/debounce.spec.js,93.62
helpers/utils/__tests__/uri.spec.js,100.00
helpers/__tests__/editorutils.spec.js,81.08
helpers/__tests__/jsonParse.spec.js,100.00
helpers/__tests__/platformutils.spec.js,100.00
helpers/__tests__/network.spec.js,93.75
helpers/lenses/__tests__/lenses.spec.js,65.59
helpers/strategies/__tests__/AxiosStrategy-NoProxy.spec.js,93.75
helpers/strategies/__tests__/AxiosStrategy-Proxy.spec.js,94.91
helpers/strategies/__tests__/ExtensionStrategy.spec.js,98.98
static/images/alien-head_black.svg,100.00
static/images/alien-head_logo.svg,100.00
static/images/ufo_banner.svg,100.00
static/images/ufo_logo.svg,100.00
components/graphql/__types__/typelink.spec.js,100.00
components/graphql/__types__/type.spec.js,100.00
components/graphql/__types__/field.spec.js,100.00
components/graphql/__tests__/type.spec.js,99.38
components/graphql/__tests__/typelink.spec.js,100.00
jest.setup.js,100.00
components/ui/__tests__/tab.spec.js,80.65
components/ui/__tests__/tabs.spec.js,100.00
components/ui/__tests__/pw-toggle.spec.js,100.00
components/ui/__tests__/autocomplete.spec.js,96.83
components/ui/__tests__/url-field.spec.js,100.00
components/ui/url-field.vue,87.85
assets/css/tailwind.css,88.89
assets/scss/fonts.scss,100.00
assets/scss/styles.scss,73.49
assets/scss/themes.scss,76.91
tailwind.config.js,88.24
components/ui/accent-mode-picker.vue,100.00
components/ui/color-mode-picker.vue,100.00
.deepsource.toml,100.00
helpers/curlparser.js,100.00
helpers/oauth.js,62.82
helpers/pwa.js,64.71
helpers/codegen/generators/curl.js,83.67
helpers/codegen/generators/js-fetch.js,96.83
helpers/codegen/generators/js-xhr.js,96.08
helpers/codegen/codegen.js,27.72
helpers/codegen/generators/js-axios.js,100.00
helpers/codegen/generators/go-native.js,83.87
helpers/codegen/generators/nodejs-request.js,71.29
helpers/codegen/generators/js-jQuery.js,100.00
helpers/codegen/generators/powershell.js,98.39
lang/bn-BD.json,98.03
lang/ml-ML.json,98.12
helpers/codegen/generators/php-curl.js,90.20
helpers/codegen/generators/python-requests.js,90.57
helpers/codegen/generators/__tests__/__snapshots__/nodejs-native.spec.js.snap,100.00
helpers/codegen/generators/__tests__/fixtures.js,100.00
helpers/codegen/generators/__tests__/nodejs-native.spec.js,100.00
helpers/codegen/generators/nodejs-native.js,84.38
helpers/codegen/generators/python-http-client.js,84.82
helpers/codegen/__tests__/__snapshots__/codegen.spec.js.snap,54.21
helpers/codegen/__tests__/codegen.spec.js,98.91
helpers/codegen/generators/wget.js,100.00
helpers/codegen/generators/cs-restsharp.js,68.70
lang/vi-VN.json,98.03
helpers/codegen/generators/ruby-net-http.js,94.12
helpers/codegen/generators/salesforce-apex.js,83.70
__mocks__/svgMock.js,100.00
components/firebase/__tests__/feeds.spec.js,100.00
components/firebase/__tests__/inputform.spec.js,100.00
components/firebase/__tests__/logout.spec.js,100.00
helpers/__tests__/fb.spec.js,96.85
helpers/codegen/generators/shell-httpie.js,89.55
helpers/codegen/generators/java-ok-http-client.js,100.00
helpers/codegen/generators/java-unirest.js,76.34
helpers/codegen/generators/c-libcurl.js,72.29
helpers/codegen/generators/java-okhttp.js,80.95
helpers/codegen/generators/javascript-fetch.js,75.00
helpers/codegen/generators/javascript-jquery.js,81.25
helpers/codegen/generators/javascript-xhr.js,81.82
helpers/codegen/generators/nodejs-axios.js,63.64
helpers/codegen/generators/powershell-restmethod.js,66.67
helpers/codegen/generators/shell-wget.js,63.64
helpers/codegen/generators/nodejs-unirest.js,84.21
lang/nl-BE.json,98.03
assets/images/Deta-Logo-for-Hoppscotch.svg,100.00
helpers/findStatusGroup.js,52.05
assets/js/regex.worker.js,79.49
plugins/web-worker.js,90.00
assets/images/deta_portal.svg,100.00
.husky/.gitignore,100.00
.husky/pre-commit,71.43
assets/md/docs.md,94.04
components/http/codegen-modal.vue,100.00
components/http/http-headers.vue,100.00
components/http/http-parameters.vue,100.00
components/http/import-curl.vue,100.00
components/http/notes.vue,100.00
components/http/token-list.vue,100.00
components/others/extensions.vue,93.41
components/others/shortcuts.vue,100.00
components/others/support.vue,100.00
components/ui/confirm-modal.vue,100.00
helpers/__tests__/postwomanTesting.spec.js,44.72
components/http/http-body-parameters.vue,100.00
helpers/tern.js,99.17
helpers/terndoc/ecma.json,100.00
helpers/terndoc/pw-extras.json,100.00
helpers/terndoc/pw-pre.json,100.00
helpers/terndoc/pw-test.json,100.00
helpers/ternlint.js,90.32
components/http/http-response-meta.vue,100.00
components/http/http-response.vue,100.00
assets/images/appwrite-banner.svg,100.00
assets/images/appwrite-icon.svg,100.00
components/http/http-raw-body.vue,89.06
components/ui/deletable-chip.vue,100.00
helpers/outline.js,85.71
components/app/Contributors.vue,52.38
components/app/Extensions.vue,70.68
components/app/Footer.vue,58.91
components/app/Header.vue,53.00
components/app/Logo.vue,67.74
components/app/Section.vue,68.75
components/app/Shortcuts.vue,97.91
components/app/Sidenav.vue,80.83
components/app/Support.vue,96.00
components/collections/Add.vue,51.39
components/collections/AddFolder.vue,82.00
components/collections/Collection.vue,91.74
components/collections/Edit.vue,50.68
components/collections/EditFolder.vue,54.61
components/collections/EditRequest.vue,50.68
components/collections/Folder.vue,88.54
components/collections/ImportExport.vue,55.28
components/collections/Request.vue,71.19
components/collections/SaveRequest.vue,68.67
components/environments/Add.vue,66.67
components/environments/Edit.vue,66.33
components/environments/Environment.vue,51.92
components/environments/ImportExport.vue,61.18
components/firebase/Feeds.vue,72.73
components/firebase/Inputform.vue,52.63
components/firebase/Login.vue,71.55
components/firebase/Logout.vue,73.61
components/firebase/__tests__/Feeds.spec.js,94.74
components/firebase/__tests__/Inputform.spec.js,75.00
components/firebase/__tests__/Logout.spec.js,85.71
components/graphql/Field.vue,85.05
components/graphql/QueryEditor.vue,100.00
components/graphql/Type.vue,97.46
components/graphql/TypeLink.vue,66.67
components/graphql/__tests__/Field.spec.js,66.67
components/graphql/__tests__/Type.spec.js,90.48
components/graphql/__tests__/TypeLink.spec.js,75.00
components/http/BodyParameters.vue,71.62
components/http/CodegenModal.vue,51.33
components/http/Headers.vue,81.11
components/http/History.vue,100.00
components/http/ImportCurl.vue,92.20
components/http/Notes.vue,38.89
components/http/Parameters.vue,82.36
components/http/RawBody.vue,78.10
components/http/Response.vue,58.70
components/http/ResponseMeta.vue,100.00
components/http/TokenList.vue,74.47
components/lenses/HeadersRenderer.vue,99.45
components/realtime/Log.vue,98.70
components/realtime/Mqtt.vue,55.44
components/realtime/Socketio.vue,57.51
components/realtime/Sse.vue,71.47
components/realtime/Websocket.vue,59.75
components/smart/AccentModePicker.vue,60.62
components/smart/AceEditor.vue,92.37
components/smart/AutoComplete.vue,87.36
components/smart/ColorModePicker.vue,50.34
components/smart/ConfirmModal.vue,76.81
components/smart/DeletableChip.vue,55.56
components/smart/JsEditor.vue,89.39
components/smart/Modal.vue,45.84
components/smart/Tab.vue,75.00
components/smart/Tabs.vue,62.42
components/smart/Toggle.vue,97.37
components/smart/UrlField.vue,79.87
components/smart/__tests__/AutoComplete.spec.js,96.55
components/smart/__tests__/Tab.spec.js,50.00
components/smart/__tests__/Tabs.spec.js,76.92
components/smart/__tests__/Toggle.spec.js,90.91
components/smart/__tests__/UrlField.spec.js,73.33
components/history/__tests__/GraphqlCard.spec.js,65.27
components/history/__tests__/History.spec.js,75.80
components/history/__tests__/RestCard.spec.js,67.44
components/history/graphql/Card.vue,45.01
components/history/index.vue,37.66
components/history/rest/Card.vue,50.00
assets/images/ossc-banner.svg,100.00
assets/css/fonts.css,93.52
components/collections/graphql/Add.vue,39.02
components/collections/graphql/AddFolder.vue,48.04
components/collections/graphql/Collection.vue,34.92
components/collections/graphql/Edit.vue,43.43
components/collections/graphql/EditFolder.vue,44.50
components/collections/graphql/EditRequest.vue,44.02
components/collections/graphql/Folder.vue,34.56
components/collections/graphql/ImportExport.vue,36.06
components/collections/graphql/Request.vue,35.00
components/collections/graphql/SaveRequest.vue,80.94
components/collections/graphql/index.vue,42.55
helpers/__tests__/network-ExtDisabled.spec.js,93.26
helpers/__tests__/network-ExtEnabled.spec.js,93.18
helpers/migrations.ts,80.95
helpers/strategies/__tests__/ExtensionStrategy-NoProxy.spec.js,98.21
helpers/strategies/__tests__/ExtensionStrategy-Proxy.spec.js,88.89
newstore/DispatchingStore.ts,70.64
newstore/__tests__/DispatchingStore.spec.js,82.22
newstore/localpersistence.ts,90.53
newstore/settings.ts,64.58
plugins/vue-rx.js,100.00
tsconfig.json,71.43
types/pw-ext-hook.d.ts,95.45
types/ts-utils.d.ts,60.00
types/window.d.ts,100.00
vue-shim.d.ts,50.00
components/docs/Collection.vue,62.07
components/docs/Folder.vue,64.62
components/docs/Request.vue,61.73
GITHUB_EXTERNSHIP.md,100.00
assets/md/folderBody.md,96.58
assets/md/folderContents.md,100.00
components/collections/ChooseType.vue,49.18
components/teams/Add.vue,58.73
components/teams/Edit.vue,57.95
components/teams/ImportExport.vue,100.00
components/teams/Team.vue,71.43
components/teams/index.vue,64.56
helpers/teams/utils.js,65.11
plugins/apollo.js,100.00
helpers/apollo.ts,59.30
plugins/vue-apollo.ts,78.95
helpers/teams/TeamCollection.ts,68.75
helpers/teams/TeamCollectionAdapter.ts,70.27
helpers/teams/TeamRequest.ts,75.00
components/collections/my/Collection.vue,49.68
components/collections/teams/Collection.vue,61.71
components/collections/my/Folder.vue,60.77
components/collections/teams/Folder.vue,63.26
components/collections/my/Request.vue,48.64
components/collections/teams/Request.vue,61.38
components/smart/Intersection.vue,90.00
helpers/teams/BackendUserInfo.ts,84.26
helpers/teams/TeamMemberAdapter.ts,74.69
lang/in-IN.json,98.10
lang/nb-NO.json,98.10
.eslintrc.js,62.50
jest.config.js,88.46
stylelint.config.js,95.83
newstore/history.ts,95.47
.prettierrc.js,66.67
newstore/collections.ts,100.00
helpers/preRequest.ts,96.88
newstore/environments.ts,95.23
.github/workflows/tests.yml,45.54
components/firebase/Email.vue,83.94
pages/enter.vue,62.22
components/smart/HideMenu.vue,84.75
components/translate/SlideLeft.vue,48.08
components/translate/SlideRight.vue,71.43
helpers/fb/auth.ts,95.71
helpers/fb/collections.ts,100.00
helpers/fb/environments.ts,100.00
helpers/fb/feeds.ts,100.00
helpers/fb/history.ts,98.13
helpers/fb/index.ts,98.36
helpers/fb/settings.ts,100.00
windi.config.js,50.72
.github/workflows/firebase-hosting-merge.yml,100.00
.github/semantic.yml,100.00
commitlint.config.js,100.00
.husky/commit-msg,100.00
components/app/GitHubStarButton.vue,71.11
components/translate/Fade.vue,100.00
assets/geojson/ne_110m_admin_0_countries.geojson,100.00
components/app/Globe.vue,100.00
pages/api.vue,89.22
pages/profile.vue,89.53
assets/js/getLinkTag.js,100.00
components/button/Primary.vue,83.37
components/button/Secondary.vue,75.51
components/landing/Features.vue,93.51
components/landing/Footer.vue,88.51
components/landing/Globe.vue,90.88
components/landing/Hero.vue,68.13
components/landing/Package.vue,100.00
components/landing/Stats.vue,89.01
components/landing/Users.vue,93.96
components/smart/Anchor.vue,97.02
components/smart/ChangeLanguage.vue,70.47
components/smart/Link.js,100.00
plugins/formatCountry.js,100.00
plugins/v-tippy.js,75.00
static/images/users/accenture.svg,100.00
static/images/users/bytedance.svg,100.00
static/images/users/decathlon.svg,100.00
static/images/users/github.svg,100.00
static/images/users/gojek.svg,100.00
static/images/users/google.svg,100.00
static/images/users/microsoft.svg,100.00
static/images/users/paytm.svg,100.00
static/images/users/twilio.svg,100.00
static/images/users/udemy.svg,100.00
static/images/users/zendesk.svg,100.00
static/images/users/zoho.svg,100.00
components/landing/CTA.vue,80.77
assets/icons/chrome.svg,60.00
assets/icons/firefox.svg,60.00
assets/icons/github.svg,50.00
assets/icons/google.svg,75.00
assets/icons/twitter.svg,57.14
components/app/Login.vue,100.00
components/profile/Picture.vue,77.73
components/smart/Icon.vue,93.44
components/smart/Item.vue,82.76
components/smart/Spinner.vue,98.11
components/tab/Primary.vue,95.11
components/tab/Secondary.vue,92.23
helpers/fb/analytics.ts,92.57
pages/home.vue,100.00
helpers/types/HoppRESTRequest.ts,77.65
helpers/utils/EffectiveURL.ts,54.78
helpers/utils/StreamUtils.ts,88.89
newstore/RESTSession.ts,61.97
components/http/Request.vue,65.37
helpers/network.ts,83.94
helpers/types/HoppRESTResponse.ts,100.00
components/app/Announcement.vue,100.00
components/MyButton.stories.js,100.00
components/MyButton.vue,100.00
helpers/codegen/codegen.ts,82.39
helpers/curlparser.ts,100.00
pages/documentation.vue,100.00
components/http/PreRequestScript.vue,100.00
components/http/Tests.vue,96.12
helpers/utils/composables.ts,52.76
helpers/RequestRunner.ts,95.57
helpers/types/HoppTestResult.ts,77.78
components/http/Body.vue,94.79
components/http/TestResult.vue,87.14
helpers/utils/contenttypes.ts,76.47
layouts/empty.vue,100.00
components/app/SlideOver.vue,100.00
plugins/v-clipboard.js,100.00
helpers/actions.ts,81.48
helpers/keybindings.ts,75.46
helpers/utils/clipboard.ts,96.00
assets/icons/graphql.svg,100.00
components/smart/ProgressRing.vue,100.00
helpers/templating.ts,100.00
components/smart/EnvInput.vue,78.71
components/button/Button.stories.js,100.00
components/button/Primary.stories.js,100.00
components/button/Secondary.stories.js,100.00
components/profile/Picture.stories.js,100.00
components/smart/AccentModePicker.stories.js,100.00
components/smart/Anchor.stories.js,100.00
components/smart/AutoComplete.stories.js,100.00
components/smart/ChangeLanguage.stories.js,100.00
components/smart/ColorModePicker.stories.js,100.00
components/smart/DeletableChip.stories.js,100.00
components/smart/EnvInput.stories.js,100.00
components/smart/Icon.stories.js,100.00
components/smart/Item.stories.js,100.00
components/smart/Modal.stories.js,100.00
components/smart/ProgressRing.stories.js,100.00
components/smart/Spinner.stories.js,100.00
components/smart/Tabs.stories.js,100.00
components/smart/Toggle.stories.js,100.00
components/tab/Primary.stories.js,100.00
components/tab/Secondary.stories.js,100.00
components/smart/FontSizePicker.vue,95.15
helpers/utils/dom.ts,100.00
plugins/v-focus.js,100.00
assets/icons/email.svg,100.00
assets/icons/facebook.svg,100.00
assets/icons/linkedin.svg,100.00
assets/icons/reddit.svg,100.00
components/app/Share.vue,100.00
helpers/support.js,100.00
plugins/crisp.js,100.00
assets/icons/discord.svg,100.00
components/app/Search.vue,100.00
helpers/shortcuts.js,100.00
languages.json,100.00
components/graphql/ContentArea.vue,100.00
components/graphql/ResponseSection.vue,100.00
components/graphql/Sidebar.vue,67.81
components/graphql/URLBar.vue,100.00
helpers/GQLConnection.ts,98.19
newstore/GQLSession.ts,98.73
components/graphql/Request.vue,100.00
components/graphql/RequestOptions.vue,96.54
components/graphql/Response.vue,100.00
components/http/Auth.vue,100.00
helpers/types/HoppRESTAuth.ts,94.44
components/http/Authorization.vue,98.65
helpers/fb/request.ts,100.00
lang/en.json,100.00
lang/es.json,100.00
lang/fr.json,100.00
lang/de.json,100.00
lang/ru.json,100.00
lang/pt.json,100.00
lang/zh.json,100.00
helpers/preRequestScriptSnippets.js,100.00
helpers/testSnippets.js,100.00
locales/af.json,100.00
locales/ar.json,100.00
locales/ca.json,100.00
locales/cs.json,100.00
locales/da.json,100.00
locales/de.json,95.58
locales/el.json,100.00
locales/en.json,100.00
locales/es.json,85.77
locales/fi.json,100.00
locales/fr.json,93.52
locales/he.json,100.00
locales/hu.json,100.00
locales/it.json,100.00
locales/ja.json,100.00
locales/ko.json,100.00
locales/nl.json,100.00
locales/no.json,100.00
locales/pl.json,100.00
locales/pt-br.json,100.00
locales/pt.json,100.00
locales/ro.json,100.00
locales/ru.json,100.00
locales/sr.json,100.00
locales/sv.json,100.00
locales/tr.json,100.00
locales/uk.json,100.00
locales/vi.json,100.00
locales/zh-tw.json,100.00
locales/cn.json,100.00
locales/tw.json,100.00
helpers/postwomanTesting.ts,100.00
helpers/types/HoppRequestSaveContext.ts,100.00
helpers/RESTExtURLParams.ts,96.58
components/landing/Screenshot.vue,100.00
components/smart/LoadingIndicator.vue,100.00
helpers/types/HoppGQLRequest.ts,100.00
components/http/OAuth2Authorization.vue,100.00
components/http/TestResultEntry.vue,100.00
components/http/TestResultReport.vue,100.00
assets/icons/archive.svg,100.00
assets/icons/arrow-left.svg,100.00
assets/icons/arrow-right.svg,100.00
assets/icons/at-sign.svg,100.00
assets/icons/auth/github.svg,100.00
assets/icons/auth/google.svg,100.00
assets/icons/book-open.svg,100.00
assets/icons/book.svg,100.00
assets/icons/check-circle.svg,100.00
assets/icons/check.svg,100.00
assets/icons/chevron-down.svg,100.00
assets/icons/chevron-right.svg,100.00
assets/icons/circle.svg,100.00
assets/icons/cloud.svg,100.00
assets/icons/code.svg,100.00
assets/icons/copy.svg,100.00
assets/icons/download.svg,100.00
assets/icons/edit.svg,100.00
assets/icons/external-link.svg,100.00
assets/icons/eye-off.svg,100.00
assets/icons/eye.svg,100.00
assets/icons/file-plus.svg,100.00
assets/icons/file-text.svg,100.00
assets/icons/file.svg,100.00
assets/icons/folder-minus.svg,100.00
assets/icons/folder-plus.svg,100.00
assets/icons/folder.svg,100.00
assets/icons/gift.svg,100.00
assets/icons/globe.svg,100.00
assets/icons/help-circle.svg,100.00
assets/icons/home.svg,100.00
assets/icons/inbox.svg,100.00
assets/icons/info.svg,100.00
assets/icons/key.svg,100.00
assets/icons/layers.svg,100.00
assets/icons/life-buoy.svg,100.00
assets/icons/link-2.svg,100.00
assets/icons/loader.svg,100.00
assets/icons/lock.svg,100.00
assets/icons/log-out.svg,100.00
assets/icons/mail.svg,100.00
assets/icons/maximize-2.svg,100.00
assets/icons/maximize.svg,100.00
assets/icons/message-circle.svg,100.00
assets/icons/minimize-2.svg,100.00
assets/icons/minimize.svg,100.00
assets/icons/monitor.svg,100.00
assets/icons/moon.svg,100.00
assets/icons/more-vertical.svg,100.00
assets/icons/paperclip.svg,100.00
assets/icons/play.svg,100.00
assets/icons/plus-circle.svg,100.00
assets/icons/plus.svg,100.00
assets/icons/refresh-cw.svg,100.00
assets/icons/rotate-ccw.svg,100.00
assets/icons/save.svg,100.00
assets/icons/search.svg,100.00
assets/icons/settings.svg,100.00
assets/icons/share-2.svg,100.00
assets/icons/sidebar.svg,100.00
assets/icons/sparkles.svg,100.00
assets/icons/star-solid.svg,100.00
assets/icons/star.svg,100.00
assets/icons/sun.svg,100.00
assets/icons/terminal.svg,100.00
assets/icons/trash-2.svg,100.00
assets/icons/trash.svg,100.00
assets/icons/type.svg,100.00
assets/icons/upload-cloud.svg,100.00
assets/icons/user-plus.svg,100.00
assets/icons/user.svg,100.00
assets/icons/users.svg,100.00
assets/icons/x.svg,100.00
assets/icons/zap.svg,100.00
assets/icons/logos/twitter.svg,100.00
components/app/Lunr.vue,100.00
components/app/SearchEntry.vue,100.00
plugins/v-textarea.js,100.00
components/smart/CodeMirror.vue,84.13
helpers/editor/codemirror.ts,76.99
helpers/editor/linting/linter.ts,100.00
helpers/editor/utils.ts,100.00
helpers/editor/linting/preRequest.ts,100.00
helpers/editor/linting/testScript.ts,100.00
.github/workflows/publish-docker.yml,64.71
.github/workflows/deploy-prod.yml,54.55
assets/icons/align-left.svg,100.00
assets/icons/brands/chrome.svg,100.00
assets/icons/brands/discord.svg,100.00
assets/icons/brands/facebook.svg,100.00
assets/icons/brands/firefox.svg,100.00
assets/icons/brands/linkedin.svg,100.00
assets/icons/brands/reddit.svg,100.00
assets/icons/brands/twitter.svg,100.00
helpers/editor/linting/gqlQuery.ts,100.00
helpers/editor/linting/json.ts,100.00
helpers/editor/completion/index.ts,100.00
helpers/editor/completion/preRequest.ts,100.00
helpers/editor/completion/testScript.ts,100.00
helpers/editor/completion/gqlQuery.ts,100.00
components/app/Fuse.vue,100.00
components/app/PowerSearch.vue,100.00
components/app/ShortcutsEntry.vue,100.00
helpers/utils/useWindowSize.ts,100.00
modules/emit-volar-types.ts,99.31
assets/icons/corner-down-left.svg,100.00
packages/hoppscotch-app/.env.example,81.48
packages/hoppscotch-app/assets/icons/align-left.svg,100.00
packages/hoppscotch-app/assets/icons/archive.svg,100.00
packages/hoppscotch-app/assets/icons/arrow-left.svg,100.00
packages/hoppscotch-app/assets/icons/arrow-right.svg,100.00
packages/hoppscotch-app/assets/icons/auth/github.svg,100.00
packages/hoppscotch-app/assets/icons/auth/google.svg,100.00
packages/hoppscotch-app/assets/icons/book-open.svg,100.00
packages/hoppscotch-app/assets/icons/book.svg,100.00
packages/hoppscotch-app/assets/icons/check-circle.svg,100.00
packages/hoppscotch-app/assets/icons/check.svg,100.00
packages/hoppscotch-app/assets/icons/chevron-down.svg,100.00
packages/hoppscotch-app/assets/icons/chevron-right.svg,100.00
packages/hoppscotch-app/assets/icons/circle.svg,100.00
packages/hoppscotch-app/assets/icons/cloud.svg,100.00
packages/hoppscotch-app/assets/icons/copy.svg,100.00
packages/hoppscotch-app/assets/icons/download.svg,100.00
packages/hoppscotch-app/assets/icons/edit.svg,100.00
packages/hoppscotch-app/assets/icons/external-link.svg,100.00
packages/hoppscotch-app/assets/icons/eye-off.svg,100.00
packages/hoppscotch-app/assets/icons/eye.svg,100.00
packages/hoppscotch-app/assets/icons/file-plus.svg,100.00
packages/hoppscotch-app/assets/icons/file.svg,100.00
packages/hoppscotch-app/assets/icons/folder-minus.svg,100.00
packages/hoppscotch-app/assets/icons/folder-plus.svg,100.00
packages/hoppscotch-app/assets/icons/folder.svg,100.00
packages/hoppscotch-app/assets/icons/gift.svg,100.00
packages/hoppscotch-app/assets/icons/github.svg,100.00
packages/hoppscotch-app/assets/icons/globe.svg,100.00
packages/hoppscotch-app/assets/icons/graphql.svg,100.00
packages/hoppscotch-app/assets/icons/help-circle.svg,100.00
packages/hoppscotch-app/assets/icons/home.svg,100.00
packages/hoppscotch-app/assets/icons/inbox.svg,100.00
packages/hoppscotch-app/assets/icons/info.svg,100.00
packages/hoppscotch-app/assets/icons/layers.svg,100.00
packages/hoppscotch-app/assets/icons/life-buoy.svg,100.00
packages/hoppscotch-app/assets/icons/link-2.svg,100.00
packages/hoppscotch-app/assets/icons/loader.svg,100.00
packages/hoppscotch-app/assets/icons/lock.svg,100.00
packages/hoppscotch-app/assets/icons/log-out.svg,100.00
packages/hoppscotch-app/assets/icons/mail.svg,100.00
packages/hoppscotch-app/assets/icons/maximize-2.svg,100.00
packages/hoppscotch-app/assets/icons/maximize.svg,100.00
packages/hoppscotch-app/assets/icons/message-circle.svg,100.00
packages/hoppscotch-app/assets/icons/minimize-2.svg,100.00
packages/hoppscotch-app/assets/icons/minimize.svg,100.00
packages/hoppscotch-app/assets/icons/monitor.svg,100.00
packages/hoppscotch-app/assets/icons/moon.svg,100.00
packages/hoppscotch-app/assets/icons/more-vertical.svg,100.00
packages/hoppscotch-app/assets/icons/paperclip.svg,100.00
packages/hoppscotch-app/assets/icons/play.svg,100.00
packages/hoppscotch-app/assets/icons/plus.svg,100.00
packages/hoppscotch-app/assets/icons/refresh-cw.svg,100.00
packages/hoppscotch-app/assets/icons/rotate-ccw.svg,100.00
packages/hoppscotch-app/assets/icons/save.svg,100.00
packages/hoppscotch-app/assets/icons/search.svg,100.00
packages/hoppscotch-app/assets/icons/settings.svg,100.00
packages/hoppscotch-app/assets/icons/share-2.svg,100.00
packages/hoppscotch-app/assets/icons/sidebar.svg,100.00
packages/hoppscotch-app/assets/icons/star-solid.svg,100.00
packages/hoppscotch-app/assets/icons/star.svg,100.00
packages/hoppscotch-app/assets/icons/sun.svg,100.00
packages/hoppscotch-app/assets/icons/trash-2.svg,100.00
packages/hoppscotch-app/assets/icons/trash.svg,100.00
packages/hoppscotch-app/assets/icons/twitter.svg,100.00
packages/hoppscotch-app/assets/icons/type.svg,100.00
packages/hoppscotch-app/assets/icons/upload-cloud.svg,100.00
packages/hoppscotch-app/assets/icons/user-plus.svg,100.00
packages/hoppscotch-app/assets/icons/user.svg,100.00
packages/hoppscotch-app/assets/icons/users.svg,100.00
packages/hoppscotch-app/assets/icons/x.svg,100.00
packages/hoppscotch-app/assets/icons/zap.svg,100.00
packages/hoppscotch-app/assets/scss/styles.scss,40.80
packages/hoppscotch-app/assets/scss/themes.scss,70.45
packages/hoppscotch-app/components/app/Announcement.vue,100.00
packages/hoppscotch-app/components/app/Footer.vue,93.68
packages/hoppscotch-app/components/app/Fuse.vue,32.94
packages/hoppscotch-app/components/app/GitHubStarButton.vue,50.00
packages/hoppscotch-app/components/app/Header.vue,58.89
packages/hoppscotch-app/components/app/Logo.vue,100.00
packages/hoppscotch-app/components/app/PowerSearch.vue,66.00
packages/hoppscotch-app/components/app/PowerSearchEntry.vue,86.21
packages/hoppscotch-app/components/app/Section.vue,100.00
packages/hoppscotch-app/components/app/Share.vue,96.84
packages/hoppscotch-app/components/app/Shortcuts.vue,100.00
packages/hoppscotch-app/components/app/ShortcutsEntry.vue,100.00
packages/hoppscotch-app/components/app/Sidenav.vue,81.90
packages/hoppscotch-app/components/app/SlideOver.vue,100.00
packages/hoppscotch-app/components/app/Support.vue,100.00
packages/hoppscotch-app/components/button/Primary.vue,63.16
packages/hoppscotch-app/components/button/Secondary.vue,66.34
packages/hoppscotch-app/components/collections/Add.vue,77.78
packages/hoppscotch-app/components/collections/AddFolder.vue,75.00
packages/hoppscotch-app/components/collections/ChooseType.vue,56.54
packages/hoppscotch-app/components/collections/Edit.vue,86.67
packages/hoppscotch-app/components/collections/EditFolder.vue,57.14
packages/hoppscotch-app/components/collections/EditRequest.vue,68.42
packages/hoppscotch-app/components/collections/ImportExport.vue,53.38
packages/hoppscotch-app/components/collections/SaveRequest.vue,58.51
packages/hoppscotch-app/components/collections/graphql/Add.vue,78.57
packages/hoppscotch-app/components/collections/graphql/AddFolder.vue,83.33
packages/hoppscotch-app/components/collections/graphql/Collection.vue,91.91
packages/hoppscotch-app/components/collections/graphql/Edit.vue,100.00
packages/hoppscotch-app/components/collections/graphql/EditFolder.vue,100.00
packages/hoppscotch-app/components/collections/graphql/EditRequest.vue,95.00
packages/hoppscotch-app/components/collections/graphql/Folder.vue,92.48
packages/hoppscotch-app/components/collections/graphql/ImportExport.vue,99.65
packages/hoppscotch-app/components/collections/graphql/Request.vue,81.69
packages/hoppscotch-app/components/collections/graphql/index.vue,51.00
packages/hoppscotch-app/components/collections/index.vue,48.50
packages/hoppscotch-app/components/collections/my/Collection.vue,85.37
packages/hoppscotch-app/components/collections/my/Folder.vue,84.90
packages/hoppscotch-app/components/collections/my/Request.vue,60.78
packages/hoppscotch-app/components/collections/teams/Collection.vue,81.25
packages/hoppscotch-app/components/collections/teams/Folder.vue,77.93
packages/hoppscotch-app/components/collections/teams/Request.vue,63.86
packages/hoppscotch-app/components/docs/Folder.vue,100.00
packages/hoppscotch-app/components/environments/Add.vue,100.00
packages/hoppscotch-app/components/environments/Edit.vue,85.35
packages/hoppscotch-app/components/environments/Environment.vue,56.48
packages/hoppscotch-app/components/environments/ImportExport.vue,99.35
packages/hoppscotch-app/components/environments/index.vue,59.54
packages/hoppscotch-app/components/firebase/Login.vue,97.62
packages/hoppscotch-app/components/firebase/Logout.vue,100.00
packages/hoppscotch-app/components/graphql/Field.vue,100.00
packages/hoppscotch-app/components/graphql/Request.vue,96.67
packages/hoppscotch-app/components/graphql/RequestOptions.vue,73.67
packages/hoppscotch-app/components/graphql/Response.vue,95.49
packages/hoppscotch-app/components/graphql/Sidebar.vue,97.83
packages/hoppscotch-app/components/graphql/Type.vue,100.00
packages/hoppscotch-app/components/graphql/TypeLink.vue,100.00
packages/hoppscotch-app/components/history/graphql/Card.vue,82.09
packages/hoppscotch-app/components/history/index.vue,63.51
packages/hoppscotch-app/components/history/rest/Card.vue,100.00
packages/hoppscotch-app/components/http/Authorization.vue,81.25
packages/hoppscotch-app/components/http/Body.vue,39.89
packages/hoppscotch-app/components/http/BodyParameters.vue,53.51
packages/hoppscotch-app/components/http/CodegenModal.vue,53.44
packages/hoppscotch-app/components/http/Headers.vue,53.40
packages/hoppscotch-app/components/http/ImportCurl.vue,69.62
packages/hoppscotch-app/components/http/OAuth2Authorization.vue,64.84
packages/hoppscotch-app/components/http/Parameters.vue,45.45
packages/hoppscotch-app/components/http/PreRequestScript.vue,86.15
packages/hoppscotch-app/components/http/RawBody.vue,52.53
packages/hoppscotch-app/components/http/Request.vue,73.34
packages/hoppscotch-app/components/http/Response.vue,100.00
packages/hoppscotch-app/components/http/ResponseMeta.vue,71.13
packages/hoppscotch-app/components/http/TestResult.vue,87.86
packages/hoppscotch-app/components/http/TestResultEntry.vue,100.00
packages/hoppscotch-app/components/http/TestResultReport.vue,100.00
packages/hoppscotch-app/components/http/Tests.vue,98.15
packages/hoppscotch-app/components/lenses/HeadersRenderer.vue,96.20
packages/hoppscotch-app/components/lenses/ResponseBodyRenderer.vue,91.67
packages/hoppscotch-app/components/lenses/renderers/HTMLLensRenderer.vue,65.45
packages/hoppscotch-app/components/lenses/renderers/ImageLensRenderer.vue,100.00
packages/hoppscotch-app/components/lenses/renderers/JSONLensRenderer.vue,53.12
packages/hoppscotch-app/components/lenses/renderers/RawLensRenderer.vue,44.29
packages/hoppscotch-app/components/lenses/renderers/XMLLensRenderer.vue,72.09
packages/hoppscotch-app/components/profile/Picture.vue,98.53
packages/hoppscotch-app/components/realtime/Log.vue,68.79
packages/hoppscotch-app/components/realtime/Mqtt.vue,50.93
packages/hoppscotch-app/components/realtime/Socketio.vue,43.66
packages/hoppscotch-app/components/realtime/Sse.vue,47.41
packages/hoppscotch-app/components/realtime/Websocket.vue,46.24
packages/hoppscotch-app/components/smart/AccentModePicker.vue,100.00
packages/hoppscotch-app/components/smart/AutoComplete.vue,100.00
packages/hoppscotch-app/components/smart/ChangeLanguage.vue,100.00
packages/hoppscotch-app/components/smart/ColorModePicker.vue,100.00
packages/hoppscotch-app/components/smart/ConfirmModal.vue,81.82
packages/hoppscotch-app/components/smart/DeletableChip.vue,100.00
packages/hoppscotch-app/components/smart/EnvInput.vue,74.90
packages/hoppscotch-app/components/smart/FontSizePicker.vue,100.00
packages/hoppscotch-app/components/smart/Icon.vue,100.00
packages/hoppscotch-app/components/smart/Intersection.vue,50.00
packages/hoppscotch-app/components/smart/Item.vue,100.00
packages/hoppscotch-app/components/smart/Link.js,100.00
packages/hoppscotch-app/components/smart/LoadingIndicator.vue,100.00
packages/hoppscotch-app/components/smart/Modal.vue,100.00
packages/hoppscotch-app/components/smart/Spinner.vue,100.00
packages/hoppscotch-app/components/smart/Tab.vue,95.00
packages/hoppscotch-app/components/smart/Tabs.vue,47.11
packages/hoppscotch-app/components/smart/Toggle.vue,100.00
packages/hoppscotch-app/components/tab/Primary.vue,100.00
packages/hoppscotch-app/components/tab/Secondary.vue,100.00
packages/hoppscotch-app/components/teams/Add.vue,81.95
packages/hoppscotch-app/components/teams/Edit.vue,98.75
packages/hoppscotch-app/components/teams/Team.vue,63.45
packages/hoppscotch-app/components/teams/index.vue,52.05
packages/hoppscotch-app/helpers/GQLConnection.ts,90.32
packages/hoppscotch-app/helpers/RESTExtURLParams.ts,50.00
packages/hoppscotch-app/helpers/RequestRunner.ts,89.71
packages/hoppscotch-app/helpers/actions.ts,100.00
packages/hoppscotch-app/helpers/apollo.ts,97.62
packages/hoppscotch-app/helpers/codegen/codegen.ts,93.33
packages/hoppscotch-app/helpers/codegen/generators/c-libcurl.js,100.00
packages/hoppscotch-app/helpers/codegen/generators/cs-restsharp.js,100.00
packages/hoppscotch-app/helpers/codegen/generators/curl.js,100.00
packages/hoppscotch-app/helpers/codegen/generators/go-native.js,100.00
packages/hoppscotch-app/helpers/codegen/generators/java-okhttp.js,100.00
packages/hoppscotch-app/helpers/codegen/generators/java-unirest.js,100.00
packages/hoppscotch-app/helpers/codegen/generators/javascript-fetch.js,100.00
packages/hoppscotch-app/helpers/codegen/generators/javascript-jquery.js,100.00
packages/hoppscotch-app/helpers/codegen/generators/javascript-xhr.js,100.00
packages/hoppscotch-app/helpers/codegen/generators/nodejs-axios.js,100.00
packages/hoppscotch-app/helpers/codegen/generators/nodejs-native.js,100.00
packages/hoppscotch-app/helpers/codegen/generators/nodejs-request.js,100.00
packages/hoppscotch-app/helpers/codegen/generators/nodejs-unirest.js,100.00
packages/hoppscotch-app/helpers/codegen/generators/php-curl.js,96.15
packages/hoppscotch-app/helpers/codegen/generators/powershell-restmethod.js,100.00
packages/hoppscotch-app/helpers/codegen/generators/python-http-client.js,100.00
packages/hoppscotch-app/helpers/codegen/generators/python-requests.js,100.00
packages/hoppscotch-app/helpers/codegen/generators/ruby-net-http.js,100.00
packages/hoppscotch-app/helpers/codegen/generators/salesforce-apex.js,100.00
packages/hoppscotch-app/helpers/codegen/generators/shell-httpie.js,100.00
packages/hoppscotch-app/helpers/codegen/generators/shell-wget.js,100.00
packages/hoppscotch-app/helpers/curlparser.ts,100.00
packages/hoppscotch-app/helpers/fb/auth.ts,47.68
packages/hoppscotch-app/helpers/fb/collections.ts,100.00
packages/hoppscotch-app/helpers/fb/environments.ts,100.00
packages/hoppscotch-app/helpers/fb/history.ts,97.59
packages/hoppscotch-app/helpers/fb/request.ts,100.00
packages/hoppscotch-app/helpers/fb/settings.ts,100.00
packages/hoppscotch-app/helpers/keybindings.ts,80.00
packages/hoppscotch-app/helpers/network.ts,95.40
packages/hoppscotch-app/helpers/oauth.js,66.67
packages/hoppscotch-app/helpers/postwomanTesting.ts,66.67
packages/hoppscotch-app/helpers/preRequest.ts,91.67
packages/hoppscotch-app/helpers/pwa.js,100.00
packages/hoppscotch-app/helpers/shortcuts.js,93.88
packages/hoppscotch-app/helpers/strategies/AxiosStrategy.js,77.27
packages/hoppscotch-app/helpers/strategies/__tests__/AxiosStrategy-NoProxy.spec.js,70.00
packages/hoppscotch-app/helpers/strategies/__tests__/AxiosStrategy-Proxy.spec.js,100.00
packages/hoppscotch-app/helpers/strategies/__tests__/ExtensionStrategy-NoProxy.spec.js,100.00
packages/hoppscotch-app/helpers/teams/BackendUserInfo.ts,100.00
packages/hoppscotch-app/helpers/teams/TeamCollectionAdapter.ts,99.78
packages/hoppscotch-app/helpers/teams/TeamMemberAdapter.ts,97.62
packages/hoppscotch-app/helpers/teams/TeamRequest.ts,100.00
packages/hoppscotch-app/helpers/teams/utils.js,92.59
packages/hoppscotch-app/helpers/templating.ts,93.08
packages/hoppscotch-app/helpers/terndoc/ecma.json,100.00
packages/hoppscotch-app/helpers/terndoc/pw-pre.json,100.00
packages/hoppscotch-app/helpers/terndoc/pw-test.json,75.00
packages/hoppscotch-app/helpers/ternlint.js,100.00
packages/hoppscotch-app/helpers/testSnippets.js,100.00
packages/hoppscotch-app/helpers/types/HoppRESTResponse.ts,80.00
packages/hoppscotch-app/helpers/types/HoppRequestSaveContext.ts,100.00
packages/hoppscotch-app/helpers/types/HoppTestResult.ts,90.48
packages/hoppscotch-app/helpers/utils/EffectiveURL.ts,69.91
packages/hoppscotch-app/helpers/utils/__tests__/valid.spec.js,100.00
packages/hoppscotch-app/helpers/utils/composables.ts,79.27
packages/hoppscotch-app/helpers/utils/contenttypes.ts,86.11
packages/hoppscotch-app/jest.config.js,100.00
packages/hoppscotch-app/jest.setup.js,100.00
packages/hoppscotch-app/languages.json,48.00
packages/hoppscotch-app/layouts/default.vue,35.32
packages/hoppscotch-app/layouts/empty.vue,96.77
packages/hoppscotch-app/layouts/error.vue,100.00
packages/hoppscotch-app/locales/af.json,63.30
packages/hoppscotch-app/locales/ar.json,71.82
packages/hoppscotch-app/locales/ca.json,59.14
packages/hoppscotch-app/locales/cn.json,60.37
packages/hoppscotch-app/locales/cs.json,63.20
packages/hoppscotch-app/locales/da.json,63.43
packages/hoppscotch-app/locales/de.json,64.94
packages/hoppscotch-app/locales/el.json,44.53
packages/hoppscotch-app/locales/en.json,55.65
packages/hoppscotch-app/locales/es.json,35.56
packages/hoppscotch-app/locales/fi.json,63.06
packages/hoppscotch-app/locales/fr.json,39.34
packages/hoppscotch-app/locales/he.json,63.06
packages/hoppscotch-app/locales/hu.json,56.46
packages/hoppscotch-app/locales/it.json,42.49
packages/hoppscotch-app/locales/ja.json,90.50
packages/hoppscotch-app/locales/ko.json,76.26
packages/hoppscotch-app/locales/nl.json,51.99
packages/hoppscotch-app/locales/no.json,53.14
packages/hoppscotch-app/locales/pl.json,47.21
packages/hoppscotch-app/locales/pt-br.json,52.72
packages/hoppscotch-app/locales/pt.json,62.04
packages/hoppscotch-app/locales/ro.json,56.64
packages/hoppscotch-app/locales/ru.json,44.97
packages/hoppscotch-app/locales/sr.json,61.87
packages/hoppscotch-app/locales/sv.json,63.30
packages/hoppscotch-app/locales/tr.json,68.79
packages/hoppscotch-app/locales/tw.json,42.13
packages/hoppscotch-app/locales/uk.json,48.98
packages/hoppscotch-app/locales/vi.json,63.20
packages/hoppscotch-app/newstore/GQLSession.ts,68.09
packages/hoppscotch-app/newstore/RESTSession.ts,95.53
packages/hoppscotch-app/newstore/collections.ts,77.27
packages/hoppscotch-app/newstore/environments.ts,44.94
packages/hoppscotch-app/newstore/history.ts,58.33
packages/hoppscotch-app/newstore/localpersistence.ts,60.43
packages/hoppscotch-app/newstore/settings.ts,100.00
packages/hoppscotch-app/nuxt.config.js,72.97
packages/hoppscotch-app/package-lock.json,100.00
packages/hoppscotch-app/package.json,56.75
packages/hoppscotch-app/pages/documentation.vue,99.64
packages/hoppscotch-app/pages/enter.vue,100.00
packages/hoppscotch-app/pages/graphql.vue,98.08
packages/hoppscotch-app/pages/index.vue,81.42
packages/hoppscotch-app/pages/realtime.vue,76.39
packages/hoppscotch-app/pages/settings.vue,61.01
packages/hoppscotch-app/plugins/README.md,100.00
packages/hoppscotch-app/plugins/v-tippy.js,100.00
packages/hoppscotch-app/shims-volar.d.ts,100.00
packages/hoppscotch-app/types/pw-ext-hook.d.ts,60.00
packages/hoppscotch-app/types/window.d.ts,60.00
packages/hoppscotch-app/windi.config.js,47.62
pnpm-lock.yaml,22.81
pnpm-workspace.yaml,100.00
packages/hoppscotch-app/babel.config.js,100.00
packages/hoppscotch-app/tsconfig.json,71.93
helpers/editor/modes/graphql.ts,100.00
helpers/jsonParse.ts,100.00
helpers/newOutline.ts,100.00
helpers/lenses/htmlLens.ts,100.00
helpers/lenses/imageLens.ts,100.00
helpers/lenses/jsonLens.ts,100.00
helpers/lenses/lenses.ts,100.00
helpers/lenses/rawLens.ts,100.00
helpers/lenses/xmlLens.ts,100.00
helpers/utils/b64.ts,100.00
helpers/utils/string.ts,100.00
packages/hoppscotch-app/.gitignore,95.12
packages/hoppscotch-app/assets/icons/box.svg,100.00
packages/hoppscotch-app/assets/icons/clock.svg,100.00
packages/hoppscotch-app/assets/icons/columns.svg,100.00
packages/hoppscotch-js-sandbox/.eslintrc.js,100.00
packages/hoppscotch-js-sandbox/.gitignore,100.00
packages/hoppscotch-js-sandbox/.prettierignore,100.00
packages/hoppscotch-js-sandbox/.prettierrc.js,100.00
packages/hoppscotch-js-sandbox/LICENSE,100.00
packages/hoppscotch-js-sandbox/README.md,76.74
packages/hoppscotch-js-sandbox/jest.config.js,50.00
packages/hoppscotch-js-sandbox/jest.setup.ts,50.00
packages/hoppscotch-js-sandbox/package.json,50.45
packages/hoppscotch-js-sandbox/src/__tests__/preRequest.spec.ts,72.41
packages/hoppscotch-js-sandbox/src/__tests__/testing/expect/toBe.spec.ts,78.17
packages/hoppscotch-js-sandbox/src/__tests__/testing/expect/toBeLevelxxx.spec.ts,70.18
packages/hoppscotch-js-sandbox/src/__tests__/testing/expect/toBeType.spec.ts,63.81
packages/hoppscotch-js-sandbox/src/__tests__/testing/expect/toHaveLength.spec.ts,75.55
packages/hoppscotch-js-sandbox/src/__tests__/testing/test-runner.spec.ts,85.37
packages/hoppscotch-js-sandbox/src/__tests__/utils.spec.ts,83.82
packages/hoppscotch-js-sandbox/src/demo.ts,93.22
packages/hoppscotch-js-sandbox/src/global.d.ts,50.00
packages/hoppscotch-js-sandbox/src/index.ts,73.33
packages/hoppscotch-js-sandbox/src/preRequest.ts,81.74
packages/hoppscotch-js-sandbox/src/test-runner.ts,73.95
packages/hoppscotch-js-sandbox/src/utils.ts,68.45
packages/hoppscotch-js-sandbox/tsconfig.json,75.00
packages/hoppscotch-app/helpers/backend/GQLClient.ts,90.12
packages/hoppscotch-app/helpers/backend/QueryErrors.ts,100.00
packages/hoppscotch-app/helpers/backend/types/TeamMemberRole.ts,100.00
packages/hoppscotch-app/helpers/backend/types/TeamName.ts,97.67
packages/hoppscotch-app/helpers/backend/mutations/Team.ts,100.00
packages/hoppscotch-app/assets/icons/verified.svg,100.00
packages/hoppscotch-app/pages/profile.vue,77.87
packages/hoppscotch-app/components/teams/Modal.vue,100.00
packages/hoppscotch-app/helpers/utils/JsonFormattedError.ts,100.00
packages/hoppscotch-app/.stylelintrc.js,81.82
packages/hoppscotch-app/helpers/backend/caching/keys.ts,100.00
packages/hoppscotch-app/helpers/backend/caching/optimistic.ts,100.00
packages/hoppscotch-app/helpers/backend/caching/updates.ts,98.21
packages/hoppscotch-app/.eslintrc.js,82.35
packages/hoppscotch-app/gql-codegen.yml,96.43
packages/hoppscotch-app/helpers/backend/caching/resolvers.ts,72.09
packages/hoppscotch-app/helpers/backend/gql/mutations/CreateTeam.graphql,100.00
packages/hoppscotch-app/helpers/backend/gql/mutations/DeleteTeam.graphql,100.00
packages/hoppscotch-app/helpers/backend/gql/mutations/LeaveTeam.graphql,100.00
packages/hoppscotch-app/helpers/backend/gql/mutations/RemoveTeamMember.graphql,100.00
packages/hoppscotch-app/helpers/backend/gql/mutations/RenameTeam.graphql,100.00
packages/hoppscotch-app/helpers/backend/gql/mutations/UpdateTeamMemberRole.graphql,100.00
packages/hoppscotch-app/helpers/backend/gql/queries/GetTeam.graphql,91.11
packages/hoppscotch-app/helpers/backend/gql/queries/Me.graphql,100.00
packages/hoppscotch-app/helpers/backend/gql/queries/MyTeams.graphql,100.00
packages/hoppscotch-app/components/teams/Invite.vue,83.33
packages/hoppscotch-app/pages/teams-invite.vue,100.00
packages/hoppscotch-app/pages/team-invite.vue,100.00
packages/hoppscotch-app/static/images/cover.svg,100.00
packages/hoppscotch-app/helpers/backend/gql/mutations/AcceptTeamInvitation.graphql,100.00
packages/hoppscotch-app/helpers/backend/gql/mutations/CreateTeamInvitation.graphql,100.00
packages/hoppscotch-app/helpers/backend/gql/mutations/RevokeTeamInvitation.graphql,100.00
packages/hoppscotch-app/helpers/backend/mutations/TeamInvitation.ts,54.90
packages/hoppscotch-app/helpers/backend/types/Email.ts,83.33
packages/hoppscotch-app/helpers/backend/gql/queries/pendingInvites.graphql,100.00
packages/hoppscotch-app/helpers/backend/gql/queries/GetInviteDetails.graphql,100.00
packages/hoppscotch-app/pages/join-team.vue,100.00
packages/hoppscotch-app/helpers/powerSearchNavigation.ts,46.55
packages/hoppscotch-app/helpers/backend/gql/subscriptions/TeamMemberAdded.graphql,66.67
packages/hoppscotch-app/helpers/backend/gql/subscriptions/TeamMemberRemoved.graphql,100.00
packages/hoppscotch-app/helpers/backend/gql/subscriptions/TeamMemberUpdated.graphql,66.67
packages/hoppscotch-app/helpers/backend/gql/subscriptions/TeamInvitationAdded.graphql,100.00
packages/hoppscotch-app/helpers/backend/gql/subscriptions/TeamInvitationRemoved.graphql,100.00
packages/hoppscotch-app/static/images/states/black/add_category.svg,100.00
packages/hoppscotch-app/static/images/states/black/add_comment.svg,100.00
packages/hoppscotch-app/static/images/states/black/add_files.svg,100.00
packages/hoppscotch-app/static/images/states/black/add_group.svg,100.00
packages/hoppscotch-app/static/images/states/black/blockchain.svg,100.00
packages/hoppscotch-app/static/images/states/black/history.svg,100.00
packages/hoppscotch-app/static/images/states/black/login.svg,100.00
packages/hoppscotch-app/static/images/states/black/pack.svg,100.00
packages/hoppscotch-app/static/images/states/black/upload_single_file.svg,100.00
packages/hoppscotch-app/static/images/states/black/validation.svg,100.00
packages/hoppscotch-app/static/images/states/black/youre_lost.svg,100.00
packages/hoppscotch-app/static/images/states/dark/add_category.svg,100.00
packages/hoppscotch-app/static/images/states/dark/add_comment.svg,100.00
packages/hoppscotch-app/static/images/states/dark/add_files.svg,100.00
packages/hoppscotch-app/static/images/states/dark/add_group.svg,100.00
packages/hoppscotch-app/static/images/states/dark/blockchain.svg,100.00
packages/hoppscotch-app/static/images/states/dark/history.svg,100.00
packages/hoppscotch-app/static/images/states/dark/login.svg,100.00
packages/hoppscotch-app/static/images/states/dark/pack.svg,100.00
packages/hoppscotch-app/static/images/states/dark/upload_single_file.svg,100.00
packages/hoppscotch-app/static/images/states/dark/validation.svg,100.00
packages/hoppscotch-app/static/images/states/dark/youre_lost.svg,100.00
packages/hoppscotch-app/static/images/states/light/add_category.svg,100.00
packages/hoppscotch-app/static/images/states/light/add_comment.svg,100.00
packages/hoppscotch-app/static/images/states/light/add_files.svg,100.00
packages/hoppscotch-app/static/images/states/light/add_group.svg,100.00
packages/hoppscotch-app/static/images/states/light/blockchain.svg,100.00
packages/hoppscotch-app/static/images/states/light/history.svg,100.00
packages/hoppscotch-app/static/images/states/light/login.svg,100.00
packages/hoppscotch-app/static/images/states/light/pack.svg,100.00
packages/hoppscotch-app/static/images/states/light/upload_single_file.svg,100.00
packages/hoppscotch-app/static/images/states/light/validation.svg,100.00
packages/hoppscotch-app/static/images/states/light/youre_lost.svg,100.00
packages/hoppscotch-js-sandbox/.eslintrc.cjs,92.86
packages/hoppscotch-app/plugins/init-fb.ts,100.00
packages/hoppscotch-app/helpers/editor/codemirror.ts,79.58
packages/hoppscotch-app/assets/icons/code-2.svg,100.00
packages/hoppscotch-app/assets/icons/corner-down-left.svg,100.00
packages/hoppscotch-app/assets/icons/file-code.svg,100.00
packages/hoppscotch-app/assets/icons/history.svg,100.00
packages/hoppscotch-app/assets/icons/languages.svg,100.00
packages/hoppscotch-app/assets/icons/sidebar-open.svg,100.00
packages/hoppscotch-app/assets/icons/wand.svg,100.00
packages/hoppscotch-app/helpers/editor/themes/baseTheme.ts,99.07
packages/hoppscotch-app/helpers/editor/themes/blackTheme.ts,100.00
packages/hoppscotch-app/helpers/editor/themes/darkTheme.ts,100.00
packages/hoppscotch-app/helpers/editor/themes/lightTheme.ts,100.00
packages/codemirror-lang-graphql/.gitignore,100.00
packages/codemirror-lang-graphql/.npmignore,100.00
packages/codemirror-lang-graphql/README.md,100.00
packages/codemirror-lang-graphql/package.json,46.88
packages/codemirror-lang-graphql/rollup.config.js,80.00
packages/codemirror-lang-graphql/src/index.ts,100.00
packages/codemirror-lang-graphql/src/syntax.grammar,100.00
packages/codemirror-lang-graphql/test/cases.txt,100.00
packages/codemirror-lang-graphql/test/test.js,100.00
packages/codemirror-lang-graphql/tsconfig.json,84.21
packages/codemirror-lang-graphql/src/index.js,54.00
packages/hoppscotch-app/components/app/Interceptor.vue,82.63
packages/hoppscotch-app/components/smart/Checkbox.vue,100.00
SECURITY.md,54.72
.github/ISSUE_TEMPLATE/--bug-report.yaml,58.39
.github/ISSUE_TEMPLATE/--feature-request.yaml,100.00
.github/ISSUE_TEMPLATE/config.yml,100.00
packages/hoppscotch-app/helpers/backend/gql/mutations/CreateShortcode.graphql,100.00
packages/hoppscotch-app/helpers/backend/gql/queries/ResolveShortcode.graphql,100.00
packages/hoppscotch-app/helpers/backend/mutations/Shortcode.ts,53.33
packages/hoppscotch-app/helpers/backend/gql/queries/GetRequestFromShortcode.graphql,100.00
packages/hoppscotch-app/pages/r/_id.vue,94.38
packages/hoppscotch-app/helpers/types/HoppRealtimeLog.ts,80.00
packages/hoppscotch-app/newstore/MQTTSession.ts,95.96
packages/hoppscotch-app/newstore/SSESession.ts,97.46
packages/hoppscotch-app/newstore/SocketIOSession.ts,96.51
packages/hoppscotch-app/newstore/WebSocketSession.ts,97.52
packages/hoppscotch-data/package-lock.json,100.00
packages/hoppscotch-data/package.json,61.72
packages/hoppscotch-data/rollup.config.js,78.26
packages/hoppscotch-data/src/graphql/index.ts,49.59
packages/hoppscotch-data/src/index.ts,55.56
packages/hoppscotch-data/src/rest/HoppRESTAuth.ts,90.91
packages/hoppscotch-data/src/rest/content-types.ts,71.43
packages/hoppscotch-data/src/rest/index.ts,53.35
packages/hoppscotch-data/tsconfig.json,90.00
packages/hoppscotch-data/tsup.config.ts,81.82
packages/hoppscotch-app/assets/icons/folder-open.svg,100.00
packages/hoppscotch-app/assets/icons/logo.svg,96.15
packages/hoppscotch-app/assets/icons/wrap-text.svg,100.00
packages/hoppscotch-app/helpers/editor/extensions/environmentTooltip.ts,100.00
packages/hoppscotch-app/helpers/editor/extensions/HoppEnvironment.ts,92.75
packages/hoppscotch-app/helpers/strategies/AxiosStrategy.ts,81.10
packages/hoppscotch-app/helpers/strategies/ExtensionStrategy.ts,45.45
packages/hoppscotch-app/helpers/editor/linting/preRequest.ts,100.00
packages/hoppscotch-app/helpers/editor/linting/testScript.ts,100.00
.github/pull_request_template.md,78.79
packages/hoppscotch-app/helpers/sentry.ts,100.00
packages/hoppscotch-app/vue2-shim.d.ts,91.67
packages/hoppscotch-app/helpers/utils/userAgent.ts,100.00
packages/hoppscotch-app/helpers/backend/gql/mutations/MoveRESTTeamRquest.graphql,100.00
packages/hoppscotch-app/helpers/backend/mutations/TeamRequest.ts,100.00
packages/hoppscotch-app/assets/icons/user-minus.svg,100.00
packages/hoppscotch-app/assets/icons/user-x.svg,100.00
packages/hoppscotch-app/helpers/utils/parseInsomniaCollection.ts,99.15
packages/hoppscotch-app/helpers/utils/statusCodes.ts,100.00
packages/hoppscotch-app/assets/icons/shield-check.svg,100.00
packages/hoppscotch-app/components/smart/Radio.vue,74.68
packages/hoppscotch-app/components/smart/RadioGroup.vue,75.00
packages/hoppscotch-app/assets/icons/activity.svg,100.00
packages/hoppscotch-app/helpers/new-codegen/har.ts,100.00
packages/hoppscotch-app/helpers/typeutils.ts,100.00
packages/hoppscotch-app/helpers/new-codegen/index.ts,100.00
packages/hoppscotch-app/components/smart/FileChip.vue,100.00
packages/hoppscotch-data/src/type-utils.d.ts,100.00
packages/hoppscotch-app/assets/icons/insomnia.svg,100.00
packages/hoppscotch-app/assets/icons/postman.svg,100.00
packages/hoppscotch-app/components/smart/Expand.vue,100.00
packages/hoppscotch-app/helpers/import-export/export/hopp.ts,100.00
packages/hoppscotch-app/helpers/import-export/export/index.ts,91.30
packages/hoppscotch-app/helpers/import-export/import/hopp.ts,48.18
packages/hoppscotch-app/helpers/import-export/import/index.ts,74.00
packages/hoppscotch-app/helpers/import-export/steps.ts,84.00
packages/hoppscotch-app/helpers/import-export/import/importers.ts,44.00
packages/hoppscotch-app/assets/icons/upload.svg,100.00
packages/hoppscotch-app/globals.d.ts,100.00
packages/hoppscotch-app/helpers/import-export/import/newopenapi.ts,100.00
packages/hoppscotch-app/helpers/import-export/import/openapi.ts,79.41
packages/hoppscotch-app/helpers/import-export/import/insomnia.ts,97.88
packages/hoppscotch-app/helpers/import-export/import/postman.ts,94.95
packages/hoppscotch-app/helpers/import-export/import/gist.ts,90.91
packages/hoppscotch-app/helpers/import-export/import/myCollections.ts,95.45
packages/hoppscotch-app/helpers/lenses/composables/useCopyResponse.ts,85.71
packages/hoppscotch-app/helpers/lenses/composables/useDownloadResponse.ts,65.00
packages/hoppscotch-app/helpers/lenses/composables/usePreview.ts,100.00
packages/hoppscotch-app/helpers/lenses/composables/useResponseBody.ts,100.00
packages/hoppscotch-app/helpers/lenses/lenses.ts,56.25
packages/hoppscotch-data/src/collection/index.ts,53.46
packages/hoppscotch-app/helpers/functional/debug.ts,60.87
packages/hoppscotch-app/helpers/functional/record.ts,78.26
packages/hoppscotch-app/components/http/URLEncodedParams.vue,70.93
packages/hoppscotch-app/helpers/functional/array.ts,95.35
packages/hoppscotch-app/helpers/rawKeyValue.ts,97.50
packages/hoppscotch-app/helpers/functional/files.ts,100.00
packages/hoppscotch-app/helpers/functional/formData.ts,100.00
packages/hoppscotch-app/helpers/rules/BodyTransition.ts,100.00
packages/hoppscotch-app/assets/icons/clipboard.svg,100.00
packages/hoppscotch-app/helpers/backend/gql/queries/GetCollectionChildren.graphql,100.00
packages/hoppscotch-app/helpers/backend/gql/queries/GetCollectionRequests.graphql,100.00
packages/hoppscotch-app/helpers/backend/gql/queries/GetTeamMembers.graphql,100.00
packages/hoppscotch-app/helpers/backend/gql/queries/RootCollectionsOfTeam.graphql,100.00
packages/hoppscotch-app/helpers/backend/gql/subscriptions/TeamCollectionAdded.graphql,100.00
packages/hoppscotch-app/helpers/backend/gql/subscriptions/TeamCollectionRemoved.graphql,100.00
packages/hoppscotch-app/helpers/backend/gql/subscriptions/TeamCollectionUpdated.graphql,100.00
packages/hoppscotch-app/helpers/backend/gql/subscriptions/TeamRequestAdded.graphql,100.00
packages/hoppscotch-app/helpers/backend/gql/subscriptions/TeamRequestDeleted.graphql,100.00
packages/hoppscotch-app/helpers/backend/gql/subscriptions/TeamRequestUpdated.graphql,100.00
packages/hoppscotch-app/helpers/backend/gql/mutations/CreateChildCollection.graphql,100.00
packages/hoppscotch-app/helpers/backend/gql/mutations/CreateNewRootCollection.graphql,100.00
packages/hoppscotch-app/helpers/backend/gql/mutations/CreateRequestInCollection.graphql,100.00
packages/hoppscotch-app/helpers/backend/gql/mutations/DeleteCollection.graphql,100.00
packages/hoppscotch-app/helpers/backend/gql/mutations/DeleteRequest.graphql,100.00
packages/hoppscotch-app/helpers/backend/gql/mutations/ImportFromJSON.graphql,100.00
packages/hoppscotch-app/helpers/backend/gql/mutations/RenameCollection.graphql,100.00
packages/hoppscotch-app/helpers/backend/gql/mutations/UpdateRequest.graphql,100.00
packages/hoppscotch-app/helpers/backend/gql/queries/ExportAsJSON.graphql,100.00
packages/hoppscotch-app/helpers/backend/gql/queries/GetMyTeams.graphql,100.00
packages/hoppscotch-app/helpers/backend/gql/queries/GetUserInfo.graphql,100.00
packages/hoppscotch-app/helpers/teams/TeamListAdapter.ts,100.00
packages/hoppscotch-app/helpers/backend/gql/queries/GetCollectionChildrenIDs.graphql,100.00
packages/hoppscotch-app/helpers/backend/gql/queries/GetCollectionTitle.graphql,100.00
packages/hoppscotch-app/helpers/backend/helpers.ts,99.22
packages/hoppscotch-data/src/environment.ts,90.91
packages/hoppscotch-data/src/rawKeyValue.ts,100.00
packages/hoppscotch-app/helpers/editor/linting/rawKeyValue.ts,100.00
packages/hoppscotch-app/helpers/functional/error.ts,100.00
packages/hoppscotch-app/helpers/functional/object.ts,68.27
packages/hoppscotch-js-sandbox/src/__tests__/testing/envs/get.spec.ts,95.19
packages/hoppscotch-js-sandbox/src/__tests__/testing/envs/getResolve.spec.ts,94.83
packages/hoppscotch-js-sandbox/src/__tests__/testing/envs/resolve.spec.ts,93.41
packages/hoppscotch-js-sandbox/src/__tests__/testing/envs/set.spec.ts,93.69
packages/hoppscotch-app/components/http/TestResultEnv.vue,94.83
packages/hoppscotch-app/helpers/lenses/imageLens.ts,100.00
packages/hoppscotch-app/helpers/curl/contentParser.ts,100.00
packages/hoppscotch-app/helpers/curl/curlparser.ts,99.88
packages/hoppscotch-app/helpers/curl/index.ts,100.00
packages/hoppscotch-app/helpers/functional/json.ts,52.94
packages/hoppscotch-app/components/lenses/renderers/PDFLensRenderer.vue,100.00
packages/hoppscotch-app/helpers/lenses/pdfLens.ts,100.00
packages/hoppscotch-app/components/app/PaneLayout.vue,52.71
packages/hoppscotch-app/components/http/RequestOptions.vue,84.54
packages/hoppscotch-app/components/http/Sidebar.vue,97.30
packages/hoppscotch-app/assets/icons/auth/email.svg,100.00
packages/hoppscotch-app/assets/icons/auth/microsoft.svg,100.00
packages/hoppscotch-app/components/environments/Details.vue,79.69
packages/hoppscotch-app/types/pm-coll-exts.d.ts,100.00
packages/hoppscotch-app/helpers/curl/__tests__/curlparser.spec.js,100.00
packages/hoppscotch-app/helpers/curl/__tests__/detectContentType.spec.js,100.00
packages/hoppscotch-app/components/graphql/Authorization.vue,100.00
packages/hoppscotch-data/src/graphql/HoppGQLAuth.ts,100.00
packages/hoppscotch-app/types/socket-io-2.d.ts,69.57
packages/hoppscotch-app/modules/emit-volar-types.ts,100.00
packages/hoppscotch-app/assets/icons/grip-vertical.svg,100.00
packages/hoppscotch-cli/.gitignore,100.00
packages/hoppscotch-cli/.prettierrc,100.00
packages/hoppscotch-cli/CODE_OF_CONDUCT.md,100.00
packages/hoppscotch-cli/CONTRIBUTING.md,96.61
packages/hoppscotch-cli/LICENSE,100.00
packages/hoppscotch-cli/README.md,33.61
packages/hoppscotch-cli/bin/hopp,100.00
packages/hoppscotch-cli/package.json,46.64
packages/hoppscotch-cli/src/commands/test.ts,50.68
packages/hoppscotch-cli/src/handlers/error.ts,72.95
packages/hoppscotch-cli/src/index.ts,60.98
packages/hoppscotch-cli/src/interfaces/request.ts,69.23
packages/hoppscotch-cli/src/interfaces/response.ts,98.65
packages/hoppscotch-cli/src/tsconfig.json,100.00
packages/hoppscotch-cli/src/types/errors.ts,82.61
packages/hoppscotch-cli/src/types/request.ts,64.18
packages/hoppscotch-cli/src/types/response.ts,100.00
packages/hoppscotch-cli/src/utils/checks.ts,98.48
packages/hoppscotch-cli/src/utils/collections.ts,44.38
packages/hoppscotch-cli/src/utils/constants.ts,100.00
packages/hoppscotch-cli/src/utils/display.ts,98.07
packages/hoppscotch-cli/src/utils/functions/array.ts,97.37
packages/hoppscotch-cli/src/utils/getters.ts,52.92
packages/hoppscotch-cli/src/utils/mutators.ts,39.85
packages/hoppscotch-cli/src/utils/pre-request.ts,52.45
packages/hoppscotch-cli/src/utils/request.ts,74.62
packages/hoppscotch-cli/src/utils/test.ts,96.48
packages/hoppscotch-cli/tsconfig.json,80.00
packages/hoppscotch-cli/tsup.config.ts,82.61
packages/hoppscotch-js-sandbox/tsup.config.ts,100.00
packages/hoppscotch-app/components/app/DeveloperOptions.vue,97.85
.gitattributes,100.00
packages/hoppscotch-app/components/app/Options.vue,100.00
packages/hoppscotch-app/helpers/editor/extensions/IndentedLineWrap.ts,100.00
packages/hoppscotch-app/types/nuxt-exts.d.ts,100.00
packages/hoppscotch-app/newstore/localstate.ts,100.00
packages/hoppscotch-app/helpers/curl/sub_helpers/auth.ts,100.00
packages/hoppscotch-app/helpers/curl/sub_helpers/body.ts,100.00
packages/hoppscotch-app/helpers/curl/sub_helpers/contentParser.ts,100.00
packages/hoppscotch-app/helpers/curl/sub_helpers/cookies.ts,100.00
packages/hoppscotch-app/helpers/curl/sub_helpers/headers.ts,100.00
packages/hoppscotch-app/helpers/curl/sub_helpers/method.ts,98.55
packages/hoppscotch-app/helpers/curl/sub_helpers/preproc.ts,100.00
packages/hoppscotch-app/helpers/curl/sub_helpers/queries.ts,100.00
packages/hoppscotch-app/helpers/curl/sub_helpers/url.ts,100.00
packages/hoppscotch-app/helpers/functional/option.ts,100.00
packages/hoppscotch-js-sandbox/src/__tests__/testing/expect/toInclude.spec.ts,97.86
packages/hoppscotch-app/components/collections/AddRequest.vue,100.00
packages/hoppscotch-app/components/collections/graphql/AddRequest.vue,100.00
packages/hoppscotch-app/components/http/ReqChangeConfirmModal.vue,100.00
packages/hoppscotch-data/src/utils/eq.ts,100.00
.github/workflows/deploy-netlify.yml,67.11
packages/hoppscotch-app/helpers/functional/primtive.ts,100.00
packages/hoppscotch-app/helpers/functional/taskEither.ts,100.00
packages/hoppscotch-app/pages/import.vue,100.00
packages/hoppscotch-app/assets/icons/arrow-down-left.svg,100.00
packages/hoppscotch-app/assets/icons/arrow-down.svg,100.00
packages/hoppscotch-app/assets/icons/arrow-up-right.svg,100.00
packages/hoppscotch-app/assets/icons/arrow-up.svg,100.00
packages/hoppscotch-app/assets/icons/chevrons-down.svg,100.00
packages/hoppscotch-app/assets/icons/chevrons-up.svg,100.00
packages/hoppscotch-app/assets/icons/info-disconnect.svg,100.00
packages/hoppscotch-app/assets/icons/info-realtime.svg,100.00
packages/hoppscotch-app/components/realtime/LogEntry.vue,93.27
packages/hoppscotch-cli/jest.config.ts,99.48
packages/hoppscotch-cli/jest.setup.ts,100.00
packages/hoppscotch-cli/src/__tests__/commands/test.spec.ts,66.86
packages/hoppscotch-cli/src/__tests__/functions/checks/checkFilePath.spec.ts,100.00
packages/hoppscotch-cli/src/__tests__/functions/checks/isHoppCLIError.spec.ts,100.00
packages/hoppscotch-cli/src/__tests__/functions/checks/isHoppErrnoException.spec.ts,100.00
packages/hoppscotch-cli/src/__tests__/functions/checks/isRESTCollection.spec.ts,100.00
packages/hoppscotch-cli/src/__tests__/functions/collection/collectionsRunner.spec.ts,97.58
packages/hoppscotch-cli/src/__tests__/functions/collection/collectionsRunnerResult.spec.ts,100.00
packages/hoppscotch-cli/src/__tests__/functions/getters/getDurationInSeconds.spec.ts,100.00
packages/hoppscotch-cli/src/__tests__/functions/getters/getEffectiveFinalMetaData.spec.ts,100.00
packages/hoppscotch-cli/src/__tests__/functions/mutators/parseCollectionData.spec.ts,81.63
packages/hoppscotch-cli/src/__tests__/functions/pre-request/getEffectiveRESTRequest.spec.ts,100.00
packages/hoppscotch-cli/src/__tests__/functions/pre-request/getPreRequestMetrics.spec.ts,100.00
packages/hoppscotch-cli/src/__tests__/functions/pre-request/preRequestScriptRunner.spec.ts,100.00
packages/hoppscotch-cli/src/__tests__/functions/request/getRequestMetrics.spec.ts,100.00
packages/hoppscotch-cli/src/__tests__/functions/request/processRequest.spec.ts,100.00
packages/hoppscotch-cli/src/__tests__/functions/request/requestRunner.spec.ts,100.00
packages/hoppscotch-cli/src/__tests__/functions/test/getTestMetrics.spec.ts,100.00
packages/hoppscotch-cli/src/__tests__/functions/test/testDescriptorParser.spec.ts,100.00
packages/hoppscotch-cli/src/__tests__/functions/test/testRunner.spec.ts,100.00
packages/hoppscotch-cli/src/__tests__/samples/fails.json,100.00
packages/hoppscotch-cli/src/__tests__/samples/malformed-collection.json,100.00
packages/hoppscotch-cli/src/__tests__/samples/malformed-collection2.json,100.00
packages/hoppscotch-cli/src/__tests__/samples/notjson.txt,100.00
packages/hoppscotch-cli/src/__tests__/samples/passes.json,100.00
packages/hoppscotch-cli/src/__tests__/types.ts,100.00
packages/hoppscotch-cli/src/__tests__/utils.ts,60.61
packages/hoppscotch-app/newstore/HoppExtension.ts,100.00
packages/hoppscotch-app/components/profile/Shortcode.vue,90.00
packages/hoppscotch-app/helpers/backend/gql/mutations/DeleteShortcode.graphql,100.00
packages/hoppscotch-app/helpers/backend/gql/queries/GetMyShortcodes.graphql,100.00
packages/hoppscotch-app/helpers/backend/gql/subscriptions/ShortcodeCreated.graphql,100.00
packages/hoppscotch-app/helpers/backend/gql/subscriptions/ShortcodeDeleted.graphql,100.00
packages/hoppscotch-app/helpers/shortcodes/Shortcode.ts,100.00
packages/hoppscotch-app/helpers/shortcodes/ShortcodeListAdapter.ts,89.22
packages/hoppscotch-app/assets/icons/send.svg,100.00
packages/hoppscotch-app/components/realtime/Communication.vue,98.22
packages/hoppscotch-app/helpers/realtime/MQTTConnection.ts,100.00
packages/hoppscotch-app/helpers/realtime/SIOClients.ts,100.00
packages/hoppscotch-app/helpers/realtime/SIOConnection.ts,100.00
packages/hoppscotch-app/helpers/realtime/SSEConnection.ts,100.00
packages/hoppscotch-app/helpers/realtime/WSConnection.ts,100.00
packages/hoppscotch-app/components/lenses/HeadersRendererEntry.vue,96.30
.github/workflows/deploy-staging-netlify.yml,97.59
packages/hoppscotch-app/assets/icons/filter.svg,100.00
packages/hoppscotch-app/types/jsonpath-plus.d.ts,100.00
packages/hoppscotch-cli/src/__tests__/functions/checks/checkFile.spec.ts,100.00
packages/hoppscotch-cli/src/__tests__/samples/env-flag-envs.json,100.00
packages/hoppscotch-cli/src/__tests__/samples/env-flag-tests.json,95.65
packages/hoppscotch-cli/src/options/test/env.ts,33.33
packages/hoppscotch-cli/src/types/collections.ts,55.56
packages/hoppscotch-cli/src/types/commands.ts,54.17
packages/hoppscotch-app/pages/realtime/Socketio.vue,100.00
packages/hoppscotch-app/pages/realtime/Websocket.vue,100.00
packages/hoppscotch-app/pages/realtime/mqtt.vue,100.00
packages/hoppscotch-app/pages/realtime/socketio.vue,100.00
packages/hoppscotch-app/pages/realtime/sse.vue,100.00
packages/hoppscotch-app/pages/realtime/websocket.vue,100.00
packages/hoppscotch-cli/src/__tests__/functions/request/delayPromiseFunction.spec.ts,100.00
packages/hoppscotch-cli/src/options/test/delay.ts,60.61
packages/hoppscotch-data/src/utils/record.ts,100.00
.npmrc,50.00
.vscode/extensions.json,100.00
packages/hoppscotch-app/.prettierignore,100.00
packages/hoppscotch-app/.prettierrc.js,100.00
packages/hoppscotch-app/README.md,100.00
packages/hoppscotch-app/index.html,100.00
packages/hoppscotch-app/meta.ts,100.00
packages/hoppscotch-app/public/logo.svg,100.00
packages/hoppscotch-app/src/App.vue,100.00
packages/hoppscotch-app/src/components.d.ts,79.62
packages/hoppscotch-app/src/components/app/Announcement.vue,100.00
packages/hoppscotch-app/src/components/app/DeveloperOptions.vue,65.22
packages/hoppscotch-app/src/components/app/Footer.vue,95.30
packages/hoppscotch-app/src/components/app/Fuse.vue,100.00
packages/hoppscotch-app/src/components/app/GitHubStarButton.vue,100.00
packages/hoppscotch-app/src/components/app/Header.vue,71.76
packages/hoppscotch-app/src/components/app/Interceptor.vue,91.67
packages/hoppscotch-app/src/components/app/Logo.vue,100.00
packages/hoppscotch-app/src/components/app/Options.vue,93.22
packages/hoppscotch-app/src/components/app/PaneLayout.vue,55.56
packages/hoppscotch-app/src/components/app/PowerSearch.vue,88.89
packages/hoppscotch-app/src/components/app/PowerSearchEntry.vue,100.00
packages/hoppscotch-app/src/components/app/Share.vue,100.00
packages/hoppscotch-app/src/components/app/Shortcuts.vue,91.67
packages/hoppscotch-app/src/components/app/ShortcutsEntry.vue,100.00
packages/hoppscotch-app/src/components/app/Sidenav.vue,100.00
packages/hoppscotch-app/src/components/app/SlideOver.vue,82.09
packages/hoppscotch-app/src/components/app/Support.vue,97.62
packages/hoppscotch-app/src/components/button/Primary.vue,70.59
packages/hoppscotch-app/src/components/button/Secondary.vue,92.00
packages/hoppscotch-app/src/components/collections/Add.vue,76.47
packages/hoppscotch-app/src/components/collections/AddFolder.vue,75.76
packages/hoppscotch-app/src/components/collections/AddRequest.vue,55.56
packages/hoppscotch-app/src/components/collections/ChooseType.vue,76.06
packages/hoppscotch-app/src/components/collections/Edit.vue,70.37
packages/hoppscotch-app/src/components/collections/EditFolder.vue,70.37
packages/hoppscotch-app/src/components/collections/EditRequest.vue,70.37
packages/hoppscotch-app/src/components/collections/ImportExport.vue,80.00
packages/hoppscotch-app/src/components/collections/SaveRequest.vue,60.00
packages/hoppscotch-app/src/components/collections/graphql/Add.vue,69.23
packages/hoppscotch-app/src/components/collections/graphql/AddFolder.vue,68.00
packages/hoppscotch-app/src/components/collections/graphql/AddRequest.vue,55.56
packages/hoppscotch-app/src/components/collections/graphql/Collection.vue,99.67
packages/hoppscotch-app/src/components/collections/graphql/Edit.vue,87.37
packages/hoppscotch-app/src/components/collections/graphql/EditFolder.vue,60.00
packages/hoppscotch-app/src/components/collections/graphql/EditRequest.vue,62.50
packages/hoppscotch-app/src/components/collections/graphql/Folder.vue,99.66
packages/hoppscotch-app/src/components/collections/graphql/ImportExport.vue,91.43
packages/hoppscotch-app/src/components/collections/graphql/Request.vue,99.55
packages/hoppscotch-app/src/components/collections/graphql/index.vue,93.02
packages/hoppscotch-app/src/components/collections/index.vue,95.70
packages/hoppscotch-app/src/components/collections/my/Collection.vue,98.66
packages/hoppscotch-app/src/components/collections/my/Folder.vue,99.26
packages/hoppscotch-app/src/components/collections/my/Request.vue,100.00
packages/hoppscotch-app/src/components/collections/teams/Collection.vue,87.97
packages/hoppscotch-app/src/components/collections/teams/Folder.vue,87.65
packages/hoppscotch-app/src/components/collections/teams/Request.vue,100.00
packages/hoppscotch-app/src/components/environments/Details.vue,78.95
packages/hoppscotch-app/src/components/environments/Environment.vue,98.51
packages/hoppscotch-app/src/components/environments/ImportExport.vue,62.30
packages/hoppscotch-app/src/components/environments/index.vue,77.24
packages/hoppscotch-app/src/components/firebase/Login.vue,81.91
packages/hoppscotch-app/src/components/firebase/Logout.vue,100.00
packages/hoppscotch-app/src/components/graphql/Authorization.vue,95.33
packages/hoppscotch-app/src/components/graphql/Field.vue,100.00
packages/hoppscotch-app/src/components/graphql/Request.vue,100.00
packages/hoppscotch-app/src/components/graphql/RequestOptions.vue,68.62
packages/hoppscotch-app/src/components/graphql/Response.vue,43.55
packages/hoppscotch-app/src/components/graphql/Sidebar.vue,79.63
packages/hoppscotch-app/src/components/graphql/Type.vue,100.00
packages/hoppscotch-app/src/components/graphql/TypeLink.vue,100.00
packages/hoppscotch-app/src/components/history/graphql/Card.vue,100.00
packages/hoppscotch-app/src/components/history/index.vue,71.13
packages/hoppscotch-app/src/components/history/rest/Card.vue,100.00
packages/hoppscotch-app/src/components/http/Authorization.vue,95.27
packages/hoppscotch-app/src/components/http/Body.vue,92.31
packages/hoppscotch-app/src/components/http/BodyParameters.vue,93.92
packages/hoppscotch-app/src/components/http/CodegenModal.vue,50.93
packages/hoppscotch-app/src/components/http/Headers.vue,86.07
packages/hoppscotch-app/src/components/http/ImportCurl.vue,83.33
packages/hoppscotch-app/src/components/http/OAuth2Authorization.vue,100.00
packages/hoppscotch-app/src/components/http/Parameters.vue,80.00
packages/hoppscotch-app/src/components/http/PreRequestScript.vue,54.17
packages/hoppscotch-app/src/components/http/RawBody.vue,45.16
packages/hoppscotch-app/src/components/http/ReqChangeConfirmModal.vue,60.00
packages/hoppscotch-app/src/components/http/Request.vue,59.39
packages/hoppscotch-app/src/components/http/RequestOptions.vue,84.62
packages/hoppscotch-app/src/components/http/Response.vue,100.00
packages/hoppscotch-app/src/components/http/ResponseMeta.vue,75.00
packages/hoppscotch-app/src/components/http/Sidebar.vue,95.24
packages/hoppscotch-app/src/components/http/TestResult.vue,74.65
packages/hoppscotch-app/src/components/http/TestResultEntry.vue,90.91
packages/hoppscotch-app/src/components/http/TestResultEnv.vue,83.33
packages/hoppscotch-app/src/components/http/TestResultReport.vue,100.00
packages/hoppscotch-app/src/components/http/Tests.vue,52.17
packages/hoppscotch-app/src/components/http/URLEncodedParams.vue,79.86
packages/hoppscotch-app/src/components/lenses/HeadersRenderer.vue,78.57
packages/hoppscotch-app/src/components/lenses/HeadersRendererEntry.vue,100.00
packages/hoppscotch-app/src/components/lenses/ResponseBodyRenderer.vue,83.33
packages/hoppscotch-app/src/components/lenses/renderers/HTMLLensRenderer.vue,53.33
packages/hoppscotch-app/src/components/lenses/renderers/ImageLensRenderer.vue,78.49
packages/hoppscotch-app/src/components/lenses/renderers/JSONLensRenderer.vue,73.60
packages/hoppscotch-app/src/components/lenses/renderers/PDFLensRenderer.vue,52.17
packages/hoppscotch-app/src/components/lenses/renderers/RawLensRenderer.vue,55.88
packages/hoppscotch-app/src/components/lenses/renderers/XMLLensRenderer.vue,70.91
packages/hoppscotch-app/src/components/profile/Picture.vue,72.73
packages/hoppscotch-app/src/components/profile/Shortcode.vue,86.11
packages/hoppscotch-app/src/components/realtime/Communication.vue,49.18
packages/hoppscotch-app/src/components/realtime/Log.vue,54.65
packages/hoppscotch-app/src/components/realtime/LogEntry.vue,80.30
packages/hoppscotch-app/src/components/smart/AccentModePicker.vue,100.00
packages/hoppscotch-app/src/components/smart/Anchor.vue,100.00
packages/hoppscotch-app/src/components/smart/AutoComplete.vue,100.00
packages/hoppscotch-app/src/components/smart/ChangeLanguage.vue,89.26
packages/hoppscotch-app/src/components/smart/Checkbox.vue,86.67
packages/hoppscotch-app/src/components/smart/ColorModePicker.vue,100.00
packages/hoppscotch-app/src/components/smart/ConfirmModal.vue,88.73
packages/hoppscotch-app/src/components/smart/EnvInput.vue,42.86
packages/hoppscotch-app/src/components/smart/Expand.vue,54.55
packages/hoppscotch-app/src/components/smart/FileChip.vue,100.00
packages/hoppscotch-app/src/components/smart/FontSizePicker.vue,83.78
packages/hoppscotch-app/src/components/smart/Intersection.vue,100.00
packages/hoppscotch-app/src/components/smart/Item.vue,98.75
packages/hoppscotch-app/src/components/smart/Link.vue,100.00
packages/hoppscotch-app/src/components/smart/Modal.vue,97.67
packages/hoppscotch-app/src/components/smart/ProgressRing.vue,100.00
packages/hoppscotch-app/src/components/smart/Radio.vue,100.00
packages/hoppscotch-app/src/components/smart/RadioGroup.vue,100.00
packages/hoppscotch-app/src/components/smart/Spinner.vue,100.00
packages/hoppscotch-app/src/components/smart/Tab.vue,88.46
packages/hoppscotch-app/src/components/smart/Tabs.vue,61.90
packages/hoppscotch-app/src/components/smart/Toggle.vue,94.74
packages/hoppscotch-app/src/components/tab/Primary.vue,100.00
packages/hoppscotch-app/src/components/tab/Secondary.vue,100.00
packages/hoppscotch-app/src/components/teams/Add.vue,53.33
packages/hoppscotch-app/src/components/teams/Edit.vue,82.00
packages/hoppscotch-app/src/components/teams/Invite.vue,80.65
packages/hoppscotch-app/src/components/teams/Modal.vue,100.00
packages/hoppscotch-app/src/components/teams/Team.vue,91.67
packages/hoppscotch-app/src/components/teams/index.vue,100.00
packages/hoppscotch-app/src/composables/auth.ts,100.00
packages/hoppscotch-app/src/composables/codemirror.ts,74.32
packages/hoppscotch-app/src/composables/graphql.ts,100.00
packages/hoppscotch-app/src/composables/head.ts,100.00
packages/hoppscotch-app/src/composables/i18n.ts,100.00
packages/hoppscotch-app/src/composables/lens-actions.ts,100.00
packages/hoppscotch-app/src/composables/poll.ts,100.00
packages/hoppscotch-app/src/composables/pwa.ts,100.00
packages/hoppscotch-app/src/composables/ref.ts,100.00
packages/hoppscotch-app/src/composables/settings.ts,100.00
packages/hoppscotch-app/src/composables/stream.ts,100.00
packages/hoppscotch-app/src/composables/theming.ts,100.00
packages/hoppscotch-app/src/composables/toast.ts,100.00
packages/hoppscotch-app/src/helpers/RequestRunner.ts,96.15
packages/hoppscotch-app/src/helpers/actions.ts,94.32
packages/hoppscotch-app/src/helpers/backend/GQLClient.ts,52.50
packages/hoppscotch-app/src/helpers/backend/caching/resolvers.ts,100.00
packages/hoppscotch-app/src/helpers/backend/caching/updates.ts,100.00
packages/hoppscotch-app/src/helpers/backend/gql/queries/GetInviteDetails.graphql,100.00
packages/hoppscotch-app/src/helpers/curl/curlparser.ts,100.00
packages/hoppscotch-app/src/helpers/curl/index.ts,100.00
packages/hoppscotch-app/src/helpers/curl/sub_helpers/auth.ts,100.00
packages/hoppscotch-app/src/helpers/curl/sub_helpers/body.ts,100.00
packages/hoppscotch-app/src/helpers/curl/sub_helpers/queries.ts,100.00
packages/hoppscotch-app/src/helpers/dev.ts,100.00
packages/hoppscotch-app/src/helpers/editor/completion/gqlQuery.ts,100.00
packages/hoppscotch-app/src/helpers/editor/extensions/HoppEnvironment.ts,47.46
packages/hoppscotch-app/src/helpers/editor/linting/gqlQuery.ts,66.67
packages/hoppscotch-app/src/helpers/editor/themes/baseTheme.ts,72.00
packages/hoppscotch-app/src/helpers/editorutils.ts,100.00
packages/hoppscotch-app/src/helpers/fb/auth.ts,70.37
packages/hoppscotch-app/src/helpers/fb/index.ts,88.89
packages/hoppscotch-app/src/helpers/fb/request.ts,100.00
packages/hoppscotch-app/src/helpers/functional/array.ts,100.00
packages/hoppscotch-app/src/helpers/functional/object.ts,100.00
packages/hoppscotch-app/src/helpers/functional/option.ts,100.00
packages/hoppscotch-app/src/helpers/functional/primtive.ts,100.00
packages/hoppscotch-app/src/helpers/import-export/import/gist.ts,100.00
packages/hoppscotch-app/src/helpers/import-export/import/hopp.ts,81.25
packages/hoppscotch-app/src/helpers/import-export/import/index.ts,100.00
packages/hoppscotch-app/src/helpers/import-export/import/insomnia.ts,100.00
packages/hoppscotch-app/src/helpers/import-export/import/myCollections.ts,100.00
packages/hoppscotch-app/src/helpers/import-export/import/openapi.ts,100.00
packages/hoppscotch-app/src/helpers/import-export/import/postman.ts,100.00
packages/hoppscotch-app/src/helpers/keybindings.ts,50.00
packages/hoppscotch-app/src/helpers/lenses/htmlLens.ts,100.00
packages/hoppscotch-app/src/helpers/lenses/imageLens.ts,100.00
packages/hoppscotch-app/src/helpers/lenses/jsonLens.ts,100.00
packages/hoppscotch-app/src/helpers/lenses/lenses.ts,100.00
packages/hoppscotch-app/src/helpers/lenses/pdfLens.ts,100.00
packages/hoppscotch-app/src/helpers/lenses/rawLens.ts,100.00
packages/hoppscotch-app/src/helpers/lenses/xmlLens.ts,100.00
packages/hoppscotch-app/src/helpers/network.ts,100.00
packages/hoppscotch-app/src/helpers/powerSearchNavigation.ts,100.00
packages/hoppscotch-app/src/helpers/preRequest.ts,100.00
packages/hoppscotch-app/src/helpers/realtime/MQTTConnection.ts,100.00
packages/hoppscotch-app/src/helpers/realtime/SIOClients.ts,100.00
packages/hoppscotch-app/src/helpers/realtime/SSEConnection.ts,100.00
packages/hoppscotch-app/src/helpers/shortcodes/ShortcodeListAdapter.ts,100.00
packages/hoppscotch-app/src/helpers/shortcuts.ts,65.12
packages/hoppscotch-app/src/helpers/strategies/AxiosStrategy.ts,91.67
packages/hoppscotch-app/src/helpers/strategies/ExtensionStrategy.ts,100.00
packages/hoppscotch-app/src/helpers/teams/TeamCollectionAdapter.ts,94.74
packages/hoppscotch-app/src/helpers/teams/TeamListAdapter.ts,87.50
packages/hoppscotch-app/src/helpers/ternlint.js,100.00
packages/hoppscotch-app/src/helpers/utils/EffectiveURL.ts,100.00
packages/hoppscotch-app/src/helpers/utils/date.ts,100.00
packages/hoppscotch-app/src/helpers/utils/debounce.js,100.00
packages/hoppscotch-app/src/layouts/default.vue,82.85
packages/hoppscotch-app/src/layouts/empty.vue,100.00
packages/hoppscotch-app/src/main.ts,100.00
packages/hoppscotch-app/src/modules/crisp.ts,100.00
packages/hoppscotch-app/src/modules/head.ts,100.00
packages/hoppscotch-app/src/modules/hoppExtension.ts,100.00
packages/hoppscotch-app/src/modules/i18n.ts,100.00
packages/hoppscotch-app/src/modules/index.ts,98.11
packages/hoppscotch-app/src/modules/loadingbar.ts,100.00
packages/hoppscotch-app/src/modules/pwa.ts,100.00
packages/hoppscotch-app/src/modules/router.ts,100.00
packages/hoppscotch-app/src/modules/sentry.ts,100.00
packages/hoppscotch-app/src/modules/theming.ts,100.00
packages/hoppscotch-app/src/modules/tippy.ts,88.24
packages/hoppscotch-app/src/modules/toast.ts,100.00
packages/hoppscotch-app/src/modules/v-focus.ts,95.00
packages/hoppscotch-app/src/newstore/DispatchingStore.ts,100.00
packages/hoppscotch-app/src/newstore/GQLSession.ts,100.00
packages/hoppscotch-app/src/newstore/MQTTSession.ts,100.00
packages/hoppscotch-app/src/newstore/RESTSession.ts,100.00
packages/hoppscotch-app/src/newstore/__tests__/DispatchingStore.spec.js,100.00
packages/hoppscotch-app/src/newstore/environments.ts,98.82
packages/hoppscotch-app/src/newstore/history.ts,100.00
packages/hoppscotch-app/src/newstore/localpersistence.ts,61.29
packages/hoppscotch-app/src/newstore/localstate.ts,100.00
packages/hoppscotch-app/src/newstore/settings.ts,100.00
packages/hoppscotch-app/src/pages/_.vue,100.00
packages/hoppscotch-app/src/pages/enter.vue,91.67
packages/hoppscotch-app/src/pages/graphql.vue,100.00
packages/hoppscotch-app/src/pages/import.vue,100.00
packages/hoppscotch-app/src/pages/index.vue,100.00
packages/hoppscotch-app/src/pages/join-team.vue,95.56
packages/hoppscotch-app/src/pages/profile.vue,82.93
packages/hoppscotch-app/src/pages/r/_id.vue,100.00
packages/hoppscotch-app/src/pages/realtime.vue,67.86
packages/hoppscotch-app/src/pages/realtime/mqtt.vue,90.46
packages/hoppscotch-app/src/pages/realtime/socketio.vue,72.34
packages/hoppscotch-app/src/pages/realtime/sse.vue,61.90
packages/hoppscotch-app/src/pages/realtime/websocket.vue,89.31
packages/hoppscotch-app/src/pages/settings.vue,100.00
packages/hoppscotch-app/src/shims.d.ts,100.00
packages/hoppscotch-app/src/vite-envs.d.ts,90.91
packages/hoppscotch-app/tsconfig.node.json,100.00
packages/hoppscotch-app/vite.config.ts,87.21
packages/hoppscotch-app/windi.config.ts,100.00
packages/hoppscotch-data/tsconfig.decl.json,94.74
packages/hoppscotch-data/vite.config.ts,85.00
packages/hoppscotch-app/locales/id.json,99.75
packages/hoppscotch-app/src/components/environments/ChooseType.vue,95.88
packages/hoppscotch-app/src/components/environments/my/Details.vue,62.07
packages/hoppscotch-app/src/components/environments/my/Environment.vue,100.00
packages/hoppscotch-app/src/components/environments/my/index.vue,86.75
packages/hoppscotch-app/src/components/environments/teams/Details.vue,96.87
packages/hoppscotch-app/src/components/environments/teams/Environment.vue,100.00
packages/hoppscotch-app/src/components/environments/teams/index.vue,91.00
packages/hoppscotch-app/src/helpers/backend/gql/mutations/CreateDuplicateEnvironment.graphql,100.00
packages/hoppscotch-app/src/helpers/backend/gql/mutations/CreateTeamEnvironment.graphql,100.00
packages/hoppscotch-app/src/helpers/backend/gql/mutations/DeleteTeamEnvironment.graphql,100.00
packages/hoppscotch-app/src/helpers/backend/gql/mutations/UpdateTeamEnvironment.graphql,100.00
packages/hoppscotch-app/src/helpers/backend/gql/queries/GetTeamEnvironments.graphql,100.00
packages/hoppscotch-app/src/helpers/backend/gql/subscriptions/TeamEnvironmentCreated.graphql,100.00
packages/hoppscotch-app/src/helpers/backend/gql/subscriptions/TeamEnvironmentDeleted.graphql,100.00
packages/hoppscotch-app/src/helpers/backend/gql/subscriptions/TeamEnvironmentUpdated.graphql,100.00
packages/hoppscotch-app/src/helpers/backend/mutations/TeamEnvironment.ts,100.00
packages/hoppscotch-app/src/helpers/teams/TeamEnvironment.ts,100.00
packages/hoppscotch-app/src/helpers/teams/TeamEnvironmentAdapter.ts,100.00
packages/hoppscotch-app/locales/hi.json,99.86
.devcontainer/devcontainer.json,58.82
packages/hoppscotch-app/src/components/realtime/ConnectionConfig.vue,97.12
packages/hoppscotch-app/src/components/realtime/Subscription.vue,87.34
packages/hoppscotch-app/src/components/smart/Window.vue,100.00
packages/hoppscotch-app/src/components/smart/Windows.vue,96.48
packages/hoppscotch-app/src/components/app/ShortcutsPrompt.vue,100.00
.github/workflows/deploy-preview-netlify.yml,98.39
packages/hoppscotch-common/.eslintrc.js,65.00
packages/hoppscotch-common/.prettierrc.js,75.00
packages/hoppscotch-common/assets/icons/graphql.svg,100.00
packages/hoppscotch-common/assets/scss/styles.scss,40.69
packages/hoppscotch-common/assets/scss/themes.scss,63.83
packages/hoppscotch-common/gql-codegen.yml,100.00
packages/hoppscotch-common/locales/af.json,71.03
packages/hoppscotch-common/locales/ar.json,59.32
packages/hoppscotch-common/locales/ca.json,71.03
packages/hoppscotch-common/locales/cn.json,49.53
packages/hoppscotch-common/locales/cs.json,57.14
packages/hoppscotch-common/locales/da.json,62.52
packages/hoppscotch-common/locales/de.json,32.94
packages/hoppscotch-common/locales/el.json,71.03
packages/hoppscotch-common/locales/en.json,31.37
packages/hoppscotch-common/locales/es.json,55.18
packages/hoppscotch-common/locales/fi.json,71.03
packages/hoppscotch-common/locales/fr.json,45.20
packages/hoppscotch-common/locales/he.json,71.03
packages/hoppscotch-common/locales/hi.json,100.00
packages/hoppscotch-common/locales/hu.json,36.58
packages/hoppscotch-common/locales/id.json,64.41
packages/hoppscotch-common/locales/it.json,71.10
packages/hoppscotch-common/locales/ja.json,57.40
packages/hoppscotch-common/locales/ko.json,71.03
packages/hoppscotch-common/locales/nl.json,71.03
packages/hoppscotch-common/locales/no.json,71.03
packages/hoppscotch-common/locales/pl.json,71.03
packages/hoppscotch-common/locales/pt-br.json,64.06
packages/hoppscotch-common/locales/pt.json,71.03
packages/hoppscotch-common/locales/ro.json,71.03
packages/hoppscotch-common/locales/ru.json,33.43
packages/hoppscotch-common/locales/sr.json,71.03
packages/hoppscotch-common/locales/sv.json,71.03
packages/hoppscotch-common/locales/tr.json,48.73
packages/hoppscotch-common/locales/tw.json,49.03
packages/hoppscotch-common/locales/uk.json,60.68
packages/hoppscotch-common/locales/vi.json,52.33
packages/hoppscotch-common/meta.ts,100.00
packages/hoppscotch-common/package.json,44.34
packages/hoppscotch-common/public/images/states/black/add_category.svg,100.00
packages/hoppscotch-common/public/images/states/black/add_comment.svg,100.00
packages/hoppscotch-common/public/images/states/black/add_files.svg,100.00
packages/hoppscotch-common/public/images/states/black/add_group.svg,100.00
packages/hoppscotch-common/public/images/states/black/blockchain.svg,100.00
packages/hoppscotch-common/public/images/states/black/login.svg,100.00
packages/hoppscotch-common/public/images/states/black/pack.svg,100.00
packages/hoppscotch-common/public/images/states/black/upload_single_file.svg,100.00
packages/hoppscotch-common/public/images/states/black/validation.svg,100.00
packages/hoppscotch-common/public/images/states/black/youre_lost.svg,100.00
packages/hoppscotch-common/public/images/states/dark/add_category.svg,100.00
packages/hoppscotch-common/public/images/states/dark/add_comment.svg,100.00
packages/hoppscotch-common/public/images/states/dark/add_files.svg,100.00
packages/hoppscotch-common/public/images/states/dark/add_group.svg,100.00
packages/hoppscotch-common/public/images/states/dark/blockchain.svg,100.00
packages/hoppscotch-common/public/images/states/dark/login.svg,100.00
packages/hoppscotch-common/public/images/states/dark/pack.svg,100.00
packages/hoppscotch-common/public/images/states/dark/upload_single_file.svg,100.00
packages/hoppscotch-common/public/images/states/dark/validation.svg,100.00
packages/hoppscotch-common/public/images/states/dark/youre_lost.svg,100.00
packages/hoppscotch-common/public/images/states/light/add_category.svg,100.00
packages/hoppscotch-common/public/images/states/light/add_comment.svg,100.00
packages/hoppscotch-common/public/images/states/light/add_files.svg,100.00
packages/hoppscotch-common/public/images/states/light/add_group.svg,100.00
packages/hoppscotch-common/public/images/states/light/blockchain.svg,100.00
packages/hoppscotch-common/public/images/states/light/login.svg,100.00
packages/hoppscotch-common/public/images/states/light/pack.svg,100.00
packages/hoppscotch-common/public/images/states/light/upload_single_file.svg,100.00
packages/hoppscotch-common/public/images/states/light/validation.svg,100.00
packages/hoppscotch-common/public/images/states/light/youre_lost.svg,100.00
packages/hoppscotch-common/public/logo.svg,100.00
packages/hoppscotch-common/src/App.vue,42.86
packages/hoppscotch-common/src/components.d.ts,31.35
packages/hoppscotch-common/src/components/app/Announcement.vue,100.00
packages/hoppscotch-common/src/components/app/DeveloperOptions.vue,63.64
packages/hoppscotch-common/src/components/app/Footer.vue,53.85
packages/hoppscotch-common/src/components/app/Fuse.vue,100.00
packages/hoppscotch-common/src/components/app/Header.vue,37.14
packages/hoppscotch-common/src/components/app/Interceptor.vue,63.46
packages/hoppscotch-common/src/components/app/Logo.vue,100.00
packages/hoppscotch-common/src/components/app/Options.vue,67.65
packages/hoppscotch-common/src/components/app/PaneLayout.vue,27.59
packages/hoppscotch-common/src/components/app/PowerSearch.vue,50.00
packages/hoppscotch-common/src/components/app/PowerSearchEntry.vue,100.00
packages/hoppscotch-common/src/components/app/Share.vue,60.00
packages/hoppscotch-common/src/components/app/Shortcuts.vue,48.68
packages/hoppscotch-common/src/components/app/ShortcutsEntry.vue,75.00
packages/hoppscotch-common/src/components/app/ShortcutsPrompt.vue,41.67
packages/hoppscotch-common/src/components/app/Sidenav.vue,44.44
packages/hoppscotch-common/src/components/app/Support.vue,78.85
packages/hoppscotch-common/src/components/collections/Add.vue,63.77
packages/hoppscotch-common/src/components/collections/AddFolder.vue,62.86
packages/hoppscotch-common/src/components/collections/AddRequest.vue,71.26
packages/hoppscotch-common/src/components/collections/ChooseType.vue,100.00
packages/hoppscotch-common/src/components/collections/Edit.vue,64.29
packages/hoppscotch-common/src/components/collections/EditFolder.vue,64.79
packages/hoppscotch-common/src/components/collections/EditRequest.vue,69.84
packages/hoppscotch-common/src/components/collections/ImportExport.vue,66.73
packages/hoppscotch-common/src/components/collections/SaveRequest.vue,41.94
packages/hoppscotch-common/src/components/collections/graphql/Add.vue,59.74
packages/hoppscotch-common/src/components/collections/graphql/AddFolder.vue,63.49
packages/hoppscotch-common/src/components/collections/graphql/AddRequest.vue,76.62
packages/hoppscotch-common/src/components/collections/graphql/Collection.vue,30.73
packages/hoppscotch-common/src/components/collections/graphql/Edit.vue,39.29
packages/hoppscotch-common/src/components/collections/graphql/EditFolder.vue,72.22
packages/hoppscotch-common/src/components/collections/graphql/EditRequest.vue,68.90
packages/hoppscotch-common/src/components/collections/graphql/Folder.vue,32.97
packages/hoppscotch-common/src/components/collections/graphql/ImportExport.vue,57.19
packages/hoppscotch-common/src/components/collections/graphql/Request.vue,50.37
packages/hoppscotch-common/src/components/collections/graphql/index.vue,66.08
packages/hoppscotch-common/src/components/collections/index.vue,76.96
packages/hoppscotch-common/src/components/environments/ChooseType.vue,52.94
packages/hoppscotch-common/src/components/environments/ImportExport.vue,56.32
packages/hoppscotch-common/src/components/environments/index.vue,56.12
packages/hoppscotch-common/src/components/environments/my/Details.vue,64.03
packages/hoppscotch-common/src/components/environments/my/Environment.vue,53.85
packages/hoppscotch-common/src/components/environments/my/index.vue,49.53
packages/hoppscotch-common/src/components/environments/teams/Details.vue,75.06
packages/hoppscotch-common/src/components/environments/teams/Environment.vue,46.67
packages/hoppscotch-common/src/components/environments/teams/index.vue,49.13
packages/hoppscotch-common/src/components/firebase/Login.vue,68.15
packages/hoppscotch-common/src/components/firebase/Logout.vue,53.33
packages/hoppscotch-common/src/components/graphql/Authorization.vue,59.60
packages/hoppscotch-common/src/components/graphql/Field.vue,100.00
packages/hoppscotch-common/src/components/graphql/Request.vue,90.34
packages/hoppscotch-common/src/components/graphql/RequestOptions.vue,51.22
packages/hoppscotch-common/src/components/graphql/Response.vue,34.00
packages/hoppscotch-common/src/components/graphql/Sidebar.vue,35.33
packages/hoppscotch-common/src/components/graphql/Type.vue,100.00
packages/hoppscotch-common/src/components/graphql/TypeLink.vue,98.25
packages/hoppscotch-common/src/components/history/graphql/Card.vue,74.07
packages/hoppscotch-common/src/components/history/index.vue,34.74
packages/hoppscotch-common/src/components/history/rest/Card.vue,78.95
packages/hoppscotch-common/src/components/http/Authorization.vue,49.21
packages/hoppscotch-common/src/components/http/Body.vue,56.73
packages/hoppscotch-common/src/components/http/BodyParameters.vue,75.78
packages/hoppscotch-common/src/components/http/CodegenModal.vue,32.98
packages/hoppscotch-common/src/components/http/Headers.vue,48.19
packages/hoppscotch-common/src/components/http/ImportCurl.vue,38.78
packages/hoppscotch-common/src/components/http/OAuth2Authorization.vue,91.34
packages/hoppscotch-common/src/components/http/Parameters.vue,39.15
packages/hoppscotch-common/src/components/http/PreRequestScript.vue,54.12
packages/hoppscotch-common/src/components/http/RawBody.vue,31.17
packages/hoppscotch-common/src/components/http/ReqChangeConfirmModal.vue,37.50
packages/hoppscotch-common/src/components/http/Request.vue,36.92
packages/hoppscotch-common/src/components/http/RequestOptions.vue,43.56
packages/hoppscotch-common/src/components/http/Response.vue,74.05
packages/hoppscotch-common/src/components/http/ResponseMeta.vue,40.48
packages/hoppscotch-common/src/components/http/Sidebar.vue,50.00
packages/hoppscotch-common/src/components/http/TestResult.vue,34.64
packages/hoppscotch-common/src/components/http/TestResultEntry.vue,100.00
packages/hoppscotch-common/src/components/http/TestResultEnv.vue,100.00
packages/hoppscotch-common/src/components/http/TestResultReport.vue,50.00
packages/hoppscotch-common/src/components/http/Tests.vue,56.10
packages/hoppscotch-common/src/components/http/URLEncodedParams.vue,47.85
packages/hoppscotch-common/src/components/lenses/HeadersRenderer.vue,69.23
packages/hoppscotch-common/src/components/lenses/HeadersRendererEntry.vue,84.13
packages/hoppscotch-common/src/components/lenses/ResponseBodyRenderer.vue,52.15
packages/hoppscotch-common/src/components/lenses/renderers/HTMLLensRenderer.vue,47.27
packages/hoppscotch-common/src/components/lenses/renderers/ImageLensRenderer.vue,38.46
packages/hoppscotch-common/src/components/lenses/renderers/JSONLensRenderer.vue,56.44
packages/hoppscotch-common/src/components/lenses/renderers/PDFLensRenderer.vue,44.44
packages/hoppscotch-common/src/components/lenses/renderers/RawLensRenderer.vue,81.48
packages/hoppscotch-common/src/components/lenses/renderers/XMLLensRenderer.vue,78.95
packages/hoppscotch-common/src/components/lenses/renderers/mixins/TextContentRendererMixin.js,100.00
packages/hoppscotch-common/src/components/profile/Picture.vue,100.00
packages/hoppscotch-common/src/components/profile/Shortcode.vue,40.00
packages/hoppscotch-common/src/components/realtime/Communication.vue,42.11
packages/hoppscotch-common/src/components/realtime/ConnectionConfig.vue,42.86
packages/hoppscotch-common/src/components/realtime/Log.vue,55.56
packages/hoppscotch-common/src/components/realtime/LogEntry.vue,45.61
packages/hoppscotch-common/src/components/realtime/Subscription.vue,28.57
packages/hoppscotch-common/src/components/smart/AccentModePicker.vue,50.00
packages/hoppscotch-common/src/components/smart/ChangeLanguage.vue,42.31
packages/hoppscotch-common/src/components/smart/Checkbox.vue,100.00
packages/hoppscotch-common/src/components/smart/ColorModePicker.vue,50.00
packages/hoppscotch-common/src/components/smart/EnvInput.vue,89.03
packages/hoppscotch-common/src/components/smart/FontSizePicker.vue,50.00
packages/hoppscotch-common/src/components/smart/Modal.vue,100.00
packages/hoppscotch-common/src/components/smart/Tabs.vue,100.00
packages/hoppscotch-common/src/components/smart/Windows.vue,100.00
packages/hoppscotch-common/src/components/tab/Primary.vue,35.71
packages/hoppscotch-common/src/components/tab/Secondary.vue,40.00
packages/hoppscotch-common/src/components/teams/Add.vue,36.21
packages/hoppscotch-common/src/components/teams/Edit.vue,25.71
packages/hoppscotch-common/src/components/teams/Invite.vue,31.16
packages/hoppscotch-common/src/components/teams/Modal.vue,50.00
packages/hoppscotch-common/src/components/teams/Team.vue,59.18
packages/hoppscotch-common/src/components/teams/index.vue,33.33
packages/hoppscotch-common/src/composables/auth.ts,95.45
packages/hoppscotch-common/src/composables/codemirror.ts,61.09
packages/hoppscotch-common/src/composables/graphql.ts,73.33
packages/hoppscotch-common/src/composables/head.ts,100.00
packages/hoppscotch-common/src/composables/i18n.ts,100.00
packages/hoppscotch-common/src/composables/lens-actions.ts,40.71
packages/hoppscotch-common/src/composables/pwa.ts,96.15
packages/hoppscotch-common/src/composables/ref.ts,100.00
packages/hoppscotch-common/src/composables/settings.ts,68.89
packages/hoppscotch-common/src/composables/stream.ts,66.67
packages/hoppscotch-common/src/helpers/GQLConnection.ts,73.79
packages/hoppscotch-common/src/helpers/RESTExtURLParams.ts,93.75
packages/hoppscotch-common/src/helpers/RequestRunner.ts,40.51
packages/hoppscotch-common/src/helpers/__tests__/editorutils.spec.js,100.00
packages/hoppscotch-common/src/helpers/__tests__/jsonParse.spec.js,100.00
packages/hoppscotch-common/src/helpers/__tests__/platformutils.spec.js,100.00
packages/hoppscotch-common/src/helpers/actions.ts,34.51
packages/hoppscotch-common/src/helpers/backend/GQLClient.ts,54.26
packages/hoppscotch-common/src/helpers/backend/gql/mutations/CreateShortcode.graphql,100.00
packages/hoppscotch-common/src/helpers/backend/gql/mutations/CreateTeamEnvironment.graphql,100.00
packages/hoppscotch-common/src/helpers/backend/gql/queries/GetCollectionChildren.graphql,33.33
packages/hoppscotch-common/src/helpers/backend/gql/queries/GetCollectionChildrenIDs.graphql,50.00
packages/hoppscotch-common/src/helpers/backend/gql/queries/GetMyShortcodes.graphql,100.00
packages/hoppscotch-common/src/helpers/backend/gql/queries/ResolveShortcode.graphql,100.00
packages/hoppscotch-common/src/helpers/backend/gql/queries/RootCollectionsOfTeam.graphql,100.00
packages/hoppscotch-common/src/helpers/backend/gql/subscriptions/ShortcodeCreated.graphql,100.00
packages/hoppscotch-common/src/helpers/backend/gql/subscriptions/TeamCollectionAdded.graphql,100.00
packages/hoppscotch-common/src/helpers/backend/gql/subscriptions/TeamCollectionUpdated.graphql,100.00
packages/hoppscotch-common/src/helpers/backend/helpers.ts,59.64
packages/hoppscotch-common/src/helpers/backend/mutations/Shortcode.ts,90.00
packages/hoppscotch-common/src/helpers/backend/mutations/Team.ts,100.00
packages/hoppscotch-common/src/helpers/backend/mutations/TeamInvitation.ts,88.89
packages/hoppscotch-common/src/helpers/backend/mutations/TeamRequest.ts,100.00
packages/hoppscotch-common/src/helpers/curl/__tests__/curlparser.spec.js,26.32
packages/hoppscotch-common/src/helpers/curl/__tests__/detectContentType.spec.js,78.08
packages/hoppscotch-common/src/helpers/curl/curlparser.ts,58.33
packages/hoppscotch-common/src/helpers/curl/sub_helpers/auth.ts,100.00
packages/hoppscotch-common/src/helpers/curl/sub_helpers/contentParser.ts,87.50
packages/hoppscotch-common/src/helpers/curl/sub_helpers/headers.ts,85.71
packages/hoppscotch-common/src/helpers/curl/sub_helpers/method.ts,50.00
packages/hoppscotch-common/src/helpers/curl/sub_helpers/queries.ts,100.00
packages/hoppscotch-common/src/helpers/curl/sub_helpers/url.ts,42.86
packages/hoppscotch-common/src/helpers/editor/extensions/HoppEnvironment.ts,86.94
packages/hoppscotch-common/src/helpers/editor/linting/rawKeyValue.ts,100.00
packages/hoppscotch-common/src/helpers/editor/themes/baseTheme.ts,97.73
packages/hoppscotch-common/src/helpers/fb/analytics.ts,100.00
packages/hoppscotch-common/src/helpers/fb/collections.ts,88.89
packages/hoppscotch-common/src/helpers/fb/environments.ts,100.00
packages/hoppscotch-common/src/helpers/fb/history.ts,100.00
packages/hoppscotch-common/src/helpers/fb/index.ts,66.67
packages/hoppscotch-common/src/helpers/fb/request.ts,100.00
packages/hoppscotch-common/src/helpers/fb/settings.ts,88.24
packages/hoppscotch-common/src/helpers/findStatusGroup.ts,75.00
packages/hoppscotch-common/src/helpers/functional/formData.ts,100.00
packages/hoppscotch-common/src/helpers/functional/json.ts,64.86
packages/hoppscotch-common/src/helpers/functional/object.ts,100.00
packages/hoppscotch-common/src/helpers/functional/primtive.ts,100.00
packages/hoppscotch-common/src/helpers/functional/record.ts,42.86
packages/hoppscotch-common/src/helpers/import-export/export/index.ts,54.72
packages/hoppscotch-common/src/helpers/import-export/import/hopp.ts,48.60
packages/hoppscotch-common/src/helpers/import-export/import/importers.ts,100.00
packages/hoppscotch-common/src/helpers/import-export/import/index.ts,100.00
packages/hoppscotch-common/src/helpers/import-export/import/insomnia.ts,34.38
packages/hoppscotch-common/src/helpers/import-export/import/myCollections.ts,100.00
packages/hoppscotch-common/src/helpers/import-export/import/openapi.ts,61.65
packages/hoppscotch-common/src/helpers/import-export/import/postman.ts,57.77
packages/hoppscotch-common/src/helpers/keybindings.ts,30.88
packages/hoppscotch-common/src/helpers/lenses/lenses.ts,40.00
packages/hoppscotch-common/src/helpers/network.ts,60.94
packages/hoppscotch-common/src/helpers/new-codegen/har.ts,81.25
packages/hoppscotch-common/src/helpers/new-codegen/index.ts,40.00
packages/hoppscotch-common/src/helpers/preRequest.ts,88.31
packages/hoppscotch-common/src/helpers/preRequestScriptSnippets.ts,100.00
packages/hoppscotch-common/src/helpers/realtime/MQTTConnection.ts,66.67
packages/hoppscotch-common/src/helpers/realtime/SIOClients.ts,100.00
packages/hoppscotch-common/src/helpers/realtime/SIOConnection.ts,57.14
packages/hoppscotch-common/src/helpers/realtime/SSEConnection.ts,66.67
packages/hoppscotch-common/src/helpers/realtime/WSConnection.ts,66.67
packages/hoppscotch-common/src/helpers/rules/BodyTransition.ts,100.00
packages/hoppscotch-common/src/helpers/shortcuts.ts,97.93
packages/hoppscotch-common/src/helpers/strategies/AxiosStrategy.ts,97.60
packages/hoppscotch-common/src/helpers/strategies/ExtensionStrategy.ts,50.00
packages/hoppscotch-common/src/helpers/strategies/__tests__/AxiosStrategy-NoProxy.spec.js,100.00
packages/hoppscotch-common/src/helpers/strategies/__tests__/AxiosStrategy-Proxy.spec.js,100.00
packages/hoppscotch-common/src/helpers/strategies/__tests__/ExtensionStrategy-NoProxy.spec.js,100.00
packages/hoppscotch-common/src/helpers/teams/TeamCollection.ts,95.45
packages/hoppscotch-common/src/helpers/teams/TeamCollectionAdapter.ts,89.23
packages/hoppscotch-common/src/helpers/teams/TeamEnvironmentAdapter.ts,96.77
packages/hoppscotch-common/src/helpers/teams/TeamListAdapter.ts,31.03
packages/hoppscotch-common/src/helpers/teams/TeamRequest.ts,70.00
packages/hoppscotch-common/src/helpers/terndoc/ecma.json,75.00
packages/hoppscotch-common/src/helpers/terndoc/pw-pre.json,100.00
packages/hoppscotch-common/src/helpers/terndoc/pw-test.json,100.00
packages/hoppscotch-common/src/helpers/types/HoppRESTResponse.ts,81.82
packages/hoppscotch-common/src/helpers/types/HoppRequestSaveContext.ts,100.00
packages/hoppscotch-common/src/helpers/typeutils.ts,100.00
packages/hoppscotch-common/src/helpers/utils/EffectiveURL.ts,39.49
packages/hoppscotch-common/src/helpers/utils/__tests__/b64.spec.js,100.00
packages/hoppscotch-common/src/helpers/utils/__tests__/contenttypes.spec.js,100.00
packages/hoppscotch-common/src/helpers/utils/__tests__/debounce.spec.js,100.00
packages/hoppscotch-common/src/helpers/utils/__tests__/uri.spec.js,100.00
packages/hoppscotch-common/src/helpers/utils/__tests__/valid.spec.js,100.00
packages/hoppscotch-common/src/helpers/utils/contenttypes.ts,77.78
packages/hoppscotch-common/src/helpers/utils/date.ts,100.00
packages/hoppscotch-common/src/helpers/utils/statusCodes.ts,74.47
packages/hoppscotch-common/src/index.ts,54.78
packages/hoppscotch-common/src/layouts/default.vue,40.00
packages/hoppscotch-common/src/modules/head.ts,100.00
packages/hoppscotch-common/src/modules/i18n.ts,42.11
packages/hoppscotch-common/src/modules/index.ts,88.89
packages/hoppscotch-common/src/modules/router.ts,61.11
packages/hoppscotch-common/src/modules/sentry.ts,100.00
packages/hoppscotch-common/src/modules/theming.ts,80.00
packages/hoppscotch-common/src/newstore/DispatchingStore.ts,60.87
packages/hoppscotch-common/src/newstore/GQLSession.ts,100.00
packages/hoppscotch-common/src/newstore/MQTTSession.ts,100.00
packages/hoppscotch-common/src/newstore/RESTSession.ts,50.00
packages/hoppscotch-common/src/newstore/SocketIOSession.ts,50.00
packages/hoppscotch-common/src/newstore/WebSocketSession.ts,50.00
packages/hoppscotch-common/src/newstore/__tests__/DispatchingStore.spec.js,100.00
packages/hoppscotch-common/src/newstore/collections.ts,44.85
packages/hoppscotch-common/src/newstore/environments.ts,38.72
packages/hoppscotch-common/src/newstore/history.ts,56.41
packages/hoppscotch-common/src/newstore/localpersistence.ts,58.89
packages/hoppscotch-common/src/newstore/localstate.ts,50.00
packages/hoppscotch-common/src/newstore/settings.ts,41.79
packages/hoppscotch-common/src/pages/_.vue,50.00
packages/hoppscotch-common/src/pages/enter.vue,51.61
packages/hoppscotch-common/src/pages/graphql.vue,69.61
packages/hoppscotch-common/src/pages/import.vue,93.75
packages/hoppscotch-common/src/pages/index.vue,59.00
packages/hoppscotch-common/src/pages/join-team.vue,60.00
packages/hoppscotch-common/src/pages/profile.vue,31.32
packages/hoppscotch-common/src/pages/r/_id.vue,61.86
packages/hoppscotch-common/src/pages/realtime.vue,56.52
packages/hoppscotch-common/src/pages/realtime/mqtt.vue,37.50
packages/hoppscotch-common/src/pages/realtime/socketio.vue,26.67
packages/hoppscotch-common/src/pages/realtime/sse.vue,44.44
packages/hoppscotch-common/src/pages/realtime/websocket.vue,58.11
packages/hoppscotch-common/src/pages/settings.vue,40.10
packages/hoppscotch-common/src/shims.d.ts,50.00
packages/hoppscotch-common/src/vite-envs.d.ts,100.00
packages/hoppscotch-common/src/workers/regex.js,100.00
packages/hoppscotch-common/tsconfig.json,36.00
packages/hoppscotch-common/windi.config.ts,50.00
packages/hoppscotch-web/.eslintrc.cjs,100.00
packages/hoppscotch-web/.gitignore,100.00
packages/hoppscotch-web/index.html,100.00
packages/hoppscotch-web/meta.ts,100.00
packages/hoppscotch-web/package.json,95.52
packages/hoppscotch-web/src/main.ts,64.29
packages/hoppscotch-web/src/vite-env.d.ts,100.00
packages/hoppscotch-web/tsconfig.json,100.00
packages/hoppscotch-web/tsconfig.node.json,100.00
packages/hoppscotch-web/vite.config.ts,87.34
packages/hoppscotch-backend/.eslintrc.js,89.29
packages/hoppscotch-backend/.gitignore,79.55
packages/hoppscotch-backend/.prettierrc,80.00
packages/hoppscotch-backend/README.md,100.00
packages/hoppscotch-backend/nest-cli.json,53.85
packages/hoppscotch-backend/package.json,26.98
packages/hoppscotch-backend/src/app.controller.spec.ts,100.00
packages/hoppscotch-backend/src/app.controller.ts,57.14
packages/hoppscotch-backend/src/app.module.ts,40.43
packages/hoppscotch-backend/src/app.service.ts,100.00
packages/hoppscotch-backend/src/main.ts,45.80
packages/hoppscotch-backend/test/app.e2e-spec.ts,100.00
packages/hoppscotch-backend/test/jest-e2e.json,100.00
packages/hoppscotch-backend/tsconfig.build.json,55.56
packages/hoppscotch-backend/tsconfig.json,100.00
packages/hoppscotch-backend/.dockerignore,100.00
packages/hoppscotch-backend/Dockerfile,44.16
packages/hoppscotch-backend/docker-compose.yml,75.00
packages/hoppscotch-backend/prisma/schema.prisma,39.52
packages/hoppscotch-backend/src/app.resolver.ts,100.00
packages/hoppscotch-backend/src/errors.ts,32.61
.github/workflows/deploy-firebase-production.yml,100.00
.github/workflows/deploy-netlify-production.yml,100.00
.github/workflows/deploy-netlify-staging.yml,100.00
packages/hoppscotch-backend/src/guards/gql-auth.guard.ts,76.36
packages/hoppscotch-backend/src/user/user.model.ts,64.63
packages/hoppscotch-backend/src/pubsub/pubsub.module.ts,72.73
packages/hoppscotch-backend/src/pubsub/pubsub.service.ts,91.01
packages/hoppscotch-backend/src/prisma/prisma.module.ts,100.00
packages/hoppscotch-backend/src/prisma/prisma.service.ts,81.48
packages/hoppscotch-backend/src/decorators/gql-user.decorator.ts,70.83
packages/hoppscotch-backend/src/plugins/GQLComplexityPlugin.ts,78.57
packages/hoppscotch-backend/src/user/user.module.ts,52.63
packages/hoppscotch-backend/src/user/user.resolver.ts,35.71
packages/hoppscotch-backend/src/utils.ts,30.64
packages/hoppscotch-backend/prisma/migrations/20221213074249_create_user_environments/migration.sql,100.00
packages/hoppscotch-backend/prisma/migrations/migration_lock.toml,50.00
packages/hoppscotch-backend/src/user-environment/user-environments.model.ts,100.00
packages/hoppscotch-backend/src/user-environment/user-environments.module.ts,100.00
packages/hoppscotch-backend/src/user-environment/user-environments.resolver.ts,94.51
packages/hoppscotch-backend/src/user-environment/user-environments.service.ts,98.85
packages/hoppscotch-backend/src/user-environment/user.resolver.ts,100.00
packages/hoppscotch-backend/global.d.ts,100.00
packages/hoppscotch-backend/jest.setup.js,100.00
packages/hoppscotch-backend/src/user-environment/user-environments.service.spec.ts,99.56
packages/hoppscotch-common/src/components/profile/Shortcodes.vue,91.88
packages/hoppscotch-common/src/components/profile/UserDelete.vue,74.32
packages/hoppscotch-common/src/helpers/backend/gql/mutations/DeleteUser.graphql,100.00
packages/hoppscotch-common/src/helpers/backend/mutations/Profile.ts,100.00
packages/hoppscotch-backend/src/user-settings/user-settings.model.ts,100.00
packages/hoppscotch-backend/src/user-settings/user-settings.module.ts,100.00
packages/hoppscotch-backend/src/user-settings/user-settings.resolver.ts,98.42
packages/hoppscotch-backend/src/user-settings/user-settings.service.ts,99.09
packages/hoppscotch-backend/src/user-settings/user.resolver.ts,100.00
packages/hoppscotch-backend/src/user-history/user.resolver.ts,42.65
packages/hoppscotch-backend/src/user-settings/user-settings.service.spec.ts,97.08
packages/hoppscotch-backend/src/user-history/user-history.model.ts,45.05
packages/hoppscotch-backend/src/user-history/user-history.module.ts,53.33
packages/hoppscotch-backend/src/user-history/user-history.resolver.ts,50.96
packages/hoppscotch-backend/src/user-history/user-history.service.ts,55.36
packages/hoppscotch-backend/src/user-history/user-history.service.spec.ts,51.38
packages/hoppscotch-backend/src/user/dtos/update-user-input.dto.ts,100.00
packages/hoppscotch-backend/src/user/user.service.ts,43.62
packages/hoppscotch-backend/src/user/user.service.spec.ts,45.86
packages/hoppscotch-backend/prisma/seed.ts,100.00
packages/hoppscotch-common/src/components/app/ActionHandler.vue,90.10
packages/hoppscotch-backend/.vscode/settings.json,100.00
packages/hoppscotch-backend/prisma/migrations/20230109064650_auth/migration.sql,100.00
packages/hoppscotch-backend/src/auth/auth.controller.ts,74.91
packages/hoppscotch-backend/src/auth/auth.module.ts,50.55
packages/hoppscotch-backend/src/auth/auth.service.spec.ts,86.73
packages/hoppscotch-backend/src/auth/auth.service.ts,90.36
packages/hoppscotch-backend/src/auth/dto/refresh-tokens.dto.ts,100.00
packages/hoppscotch-backend/src/auth/dto/signin-magic.dto.ts,100.00
packages/hoppscotch-backend/src/auth/dto/verify-magic.dto.ts,100.00
packages/hoppscotch-backend/src/mailer/MailDescriptions.ts,70.37
packages/hoppscotch-backend/src/mailer/mailer.module.ts,63.41
packages/hoppscotch-backend/src/mailer/mailer.service.ts,45.70
packages/hoppscotch-backend/src/types/Email.ts,100.00
packages/hoppscotch-backend/src/types/Passwordless.ts,100.00
packages/hoppscotch-backend/pnpm-lock.yaml,100.00
packages/hoppscotch-backend/src/auth/guards/jwt-auth.guard.ts,100.00
packages/hoppscotch-backend/src/auth/strategies/jwt.strategy.ts,52.03
packages/hoppscotch-backend/src/types/AuthTokens.ts,100.00
packages/hoppscotch-backend/src/types/ProviderAccount.ts,100.00
packages/hoppscotch-backend/src/types/AuthErrorHandler.ts,100.00
packages/hoppscotch-backend/src/auth/guards/rt-jwt-auth.guard.ts,100.00
packages/hoppscotch-backend/src/auth/strategies/rt-jwt.strategy.ts,87.04
packages/hoppscotch-backend/src/decorators/rt-cookie.decorator.ts,100.00
packages/hoppscotch-backend/src/types/AuthUser.ts,80.95
packages/hoppscotch-backend/typescript,100.00
packages/hoppscotch-backend/.env.example,86.54
packages/hoppscotch-backend/src/auth/strategies/google.strategy.ts,90.91
packages/hoppscotch-backend/src/auth/strategies/github.strategy.ts,89.87
CODEOWNERS,100.00
packages/hoppscotch-backend/src/auth/strategies/microsoft.strategy.ts,83.53
packages/hoppscotch-backend/src/subscription-handler.ts,100.00
packages/hoppscotch-backend/src/types/module-types.ts,100.00
packages/hoppscotch-backend/src/types/primitive-types.ts,100.00
packages/hoppscotch-backend/prisma/migrations/20230118233921_timestamp_fix/migration.sql,100.00
packages/hoppscotch-backend/prisma/migrations/20230119072446_auth/migration.sql,100.00
packages/hoppscotch-backend/src/types/custom-module-types.ts,100.00
packages/hoppscotch-backend/src/types/subscription-types.ts,100.00
packages/hoppscotch-backend/selfhost.sh,100.00
packages/hoppscotch-backend/src/pubsub/subscriptionTopicsDefs.ts,100.00
packages/hoppscotch-backend/src/pubsub/topicsDefs.ts,60.19
packages/hoppscotch-backend/prisma/migrations/20230123184916_sdfv/migration.sql,100.00
packages/hoppscotch-backend/prisma/migrations/20230123195828_dfgdbfgb/migration.sql,100.00
packages/hoppscotch-backend/prisma/migrations/20230127072439_sdfdcvsf/migration.sql,100.00
packages/hoppscotch-common/src/modules/ui.ts,77.78
packages/hoppscotch-ui/.eslintrc.js,100.00
packages/hoppscotch-ui/.gitignore,100.00
packages/hoppscotch-ui/.prettierignore,100.00
packages/hoppscotch-ui/.prettierrc.js,100.00
packages/hoppscotch-ui/README.md,72.15
packages/hoppscotch-ui/histoire.config.ts,40.62
packages/hoppscotch-ui/histoire.setup.ts,70.00
packages/hoppscotch-ui/package.json,66.87
packages/hoppscotch-ui/src/assets/scss/styles.scss,53.25
packages/hoppscotch-ui/src/assets/scss/themes.scss,87.36
packages/hoppscotch-ui/src/components.d.ts,50.00
packages/hoppscotch-ui/src/components/button/Primary.vue,28.00
packages/hoppscotch-ui/src/components/button/Secondary.vue,37.29
packages/hoppscotch-ui/src/components/index.ts,92.16
packages/hoppscotch-ui/src/components/smart/Anchor.vue,71.19
packages/hoppscotch-ui/src/components/smart/AutoComplete.vue,72.96
packages/hoppscotch-ui/src/components/smart/Checkbox.vue,81.13
packages/hoppscotch-ui/src/components/smart/ConfirmModal.vue,64.58
packages/hoppscotch-ui/src/components/smart/Expand.vue,67.27
packages/hoppscotch-ui/src/components/smart/FileChip.vue,84.62
packages/hoppscotch-ui/src/components/smart/Item.vue,52.60
packages/hoppscotch-ui/src/components/smart/Link.vue,54.55
packages/hoppscotch-ui/src/components/smart/Modal.vue,33.33
packages/hoppscotch-ui/src/components/smart/Radio.vue,50.00
packages/hoppscotch-ui/src/components/smart/RadioGroup.vue,52.94
packages/hoppscotch-ui/src/components/smart/SlideOver.vue,57.58
packages/hoppscotch-ui/src/components/smart/Spinner.vue,50.00
packages/hoppscotch-ui/src/components/smart/Tab.vue,100.00
packages/hoppscotch-ui/src/components/smart/Tabs.vue,86.05
packages/hoppscotch-ui/src/components/smart/Toggle.vue,100.00
packages/hoppscotch-ui/src/components/smart/Window.vue,100.00
packages/hoppscotch-ui/src/components/smart/Windows.vue,74.02
packages/hoppscotch-ui/src/env.d.ts,100.00
packages/hoppscotch-ui/src/index.ts,89.19
packages/hoppscotch-ui/src/stories/Anchor.story.vue,41.67
packages/hoppscotch-ui/src/stories/AutoComplete.story.vue,73.33
packages/hoppscotch-ui/src/stories/Button.story.vue,45.45
packages/hoppscotch-ui/src/stories/Checkbox.story.vue,68.42
packages/hoppscotch-ui/src/stories/ConfirmModal.story.vue,77.78
packages/hoppscotch-ui/src/stories/Item.story.vue,41.18
packages/hoppscotch-ui/src/stories/Link.story.vue,56.25
packages/hoppscotch-ui/src/stories/Modal.story.vue,84.00
packages/hoppscotch-ui/src/stories/ProgressRing.story.vue,71.43
packages/hoppscotch-ui/src/stories/Radio.story.vue,77.78
packages/hoppscotch-ui/src/stories/SlideOver.story.vue,65.22
packages/hoppscotch-ui/src/stories/Spinner.story.vue,33.33
packages/hoppscotch-ui/src/stories/Tab.story.vue,58.82
packages/hoppscotch-ui/src/stories/Toggle.story.vue,78.95
packages/hoppscotch-ui/src/stories/Window.story.vue,86.92
packages/hoppscotch-ui/tsconfig.json,32.11
packages/hoppscotch-ui/vite.config.ts,53.33
packages/hoppscotch-ui/windi.config.ts,97.01
packages/hoppscotch-backend/src/types/AuthError.ts,83.33
packages/hoppscotch-common/src/components/collections/Collection.vue,79.27
packages/hoppscotch-common/src/components/collections/MyCollections.vue,84.65
packages/hoppscotch-common/src/components/collections/Request.vue,94.43
packages/hoppscotch-common/src/components/collections/TeamCollections.vue,75.96
packages/hoppscotch-common/src/components/collections/TeamSelect.vue,88.83
packages/hoppscotch-common/src/components/smart/Tree.vue,94.52
packages/hoppscotch-common/src/components/smart/TreeBranch.vue,90.65
packages/hoppscotch-common/src/helpers/backend/mutations/TeamCollection.ts,92.26
packages/hoppscotch-common/src/helpers/gist.ts,87.18
packages/hoppscotch-common/src/helpers/treeAdapter.ts,100.00
packages/hoppscotch-common/src/helpers/types/HoppPicked.ts,94.00
packages/hoppscotch-backend/prisma/migrations/20230201061003_init/migration.sql,100.00
packages/hoppscotch-backend/src/auth/helper.ts,40.44
.github/workflows/deploy-netlify-ui.yml,100.00
packages/hoppscotch-common/src/platform/auth.ts,89.69
packages/hoppscotch-common/src/platform/index.ts,32.71
packages/hoppscotch-common/src/platform/ui.ts,54.67
packages/hoppscotch-web/src/firebase/auth.ts,100.00
packages/hoppscotch-backend/prisma/migrations/20230207172658_init/migration.sql,100.00
packages/hoppscotch-backend/src/team/decorators/requires-team-role.decorator.ts,100.00
packages/hoppscotch-backend/src/team/guards/gql-team-member.guard.ts,100.00
packages/hoppscotch-backend/src/team/team-member.resolver.ts,100.00
packages/hoppscotch-backend/src/team/team.model.ts,100.00
packages/hoppscotch-backend/src/team/team.module.ts,100.00
packages/hoppscotch-backend/src/team/team.resolver.ts,99.73
packages/hoppscotch-backend/src/team/team.service.spec.ts,93.25
packages/hoppscotch-backend/src/team/team.service.ts,91.86
packages/hoppscotch-backend/src/user/user.data.handler.ts,64.71
packages/hoppscotch-backend/src/team-environments/gql-team-env-team.guard.ts,77.57
packages/hoppscotch-backend/src/team-environments/team-environments.model.ts,100.00
packages/hoppscotch-backend/src/team-environments/team-environments.module.ts,100.00
packages/hoppscotch-backend/src/team-environments/team-environments.resolver.ts,80.84
packages/hoppscotch-backend/src/team-environments/team-environments.service.spec.ts,72.48
packages/hoppscotch-backend/src/team-environments/team-environments.service.ts,48.66
packages/hoppscotch-backend/src/team-environments/team.resolver.ts,94.12
packages/hoppscotch-backend/src/team-collection/guards/gql-collection-team-member.guard.ts,92.73
packages/hoppscotch-backend/src/team-collection/team-collection.model.ts,60.47
packages/hoppscotch-backend/src/team-collection/team-collection.module.ts,89.66
packages/hoppscotch-backend/src/team-collection/team-collection.resolver.ts,55.85
packages/hoppscotch-backend/src/team-collection/team-collection.service.spec.ts,54.22
packages/hoppscotch-backend/src/team-collection/team-collection.service.ts,69.97
packages/hoppscotch-backend/src/team-request/guards/gql-request-team-member.guard.ts,100.00
packages/hoppscotch-backend/src/team-request/team-request.model.ts,100.00
packages/hoppscotch-backend/src/team-request/team-request.module.ts,100.00
packages/hoppscotch-backend/src/team-request/team-request.resolver.ts,89.45
packages/hoppscotch-backend/src/team-request/team-request.service.spec.ts,97.90
packages/hoppscotch-backend/src/team-request/team-request.service.ts,83.25
packages/hoppscotch-backend/src/team-invitation/team-invitation.model.ts,96.77
packages/hoppscotch-backend/src/team-invitation/team-invitation.module.ts,100.00
packages/hoppscotch-backend/src/team-invitation/team-invitation.resolver.ts,99.65
packages/hoppscotch-backend/src/team-invitation/team-invitation.service.ts,84.39
packages/hoppscotch-backend/src/team-invitation/team-invite-team-owner.guard.ts,100.00
packages/hoppscotch-backend/src/team-invitation/team-invite-viewer.guard.ts,98.06
packages/hoppscotch-backend/src/team-invitation/team-invitee.guard.ts,95.40
packages/hoppscotch-backend/src/team-invitation/team-teaminvite-ext.resolver.ts,100.00
packages/hoppscotch-selfhost-web/.eslintrc.cjs,95.52
packages/hoppscotch-selfhost-web/.gitignore,100.00
packages/hoppscotch-selfhost-web/index.html,86.67
packages/hoppscotch-selfhost-web/meta.ts,84.29
packages/hoppscotch-selfhost-web/package.json,44.84
packages/hoppscotch-selfhost-web/src/main.ts,70.30
packages/hoppscotch-selfhost-web/src/platform/auth.ts,94.12
packages/hoppscotch-selfhost-web/src/vite-env.d.ts,100.00
packages/hoppscotch-selfhost-web/tsconfig.json,83.87
packages/hoppscotch-selfhost-web/tsconfig.node.json,100.00
packages/hoppscotch-selfhost-web/vite.config.ts,67.00
packages/hoppscotch-backend/src/shortcode/shortcode.model.ts,72.86
packages/hoppscotch-backend/src/shortcode/shortcode.module.ts,58.33
packages/hoppscotch-backend/src/shortcode/shortcode.resolver.ts,62.69
packages/hoppscotch-backend/src/shortcode/shortcode.service.spec.ts,50.50
packages/hoppscotch-backend/src/shortcode/shortcode.service.ts,55.15
packages/hoppscotch-backend/src/types/input-types.args.ts,96.00
packages/hoppscotch-ui/src/components/button/index.ts,50.00
packages/hoppscotch-ui/src/components/smart/index.ts,46.81
packages/hoppscotch-ui/src/plugin.ts,49.18
packages/hoppscotch-ui/src/stories/Expand.story.vue,50.00
packages/hoppscotch-common/src/helpers/backend/gql/mutations/MoveRESTTeamCollection.graphql,100.00
packages/hoppscotch-common/src/helpers/backend/gql/mutations/MoveRESTTeamRequest.graphql,100.00
packages/hoppscotch-common/src/helpers/backend/gql/mutations/UpdateCollectionOrder.graphql,100.00
packages/hoppscotch-common/src/helpers/backend/gql/mutations/UpdateLookUpRequestOrder.graphql,100.00
packages/hoppscotch-common/src/helpers/backend/gql/queries/GetSingleCollection.graphql,100.00
packages/hoppscotch-common/src/helpers/backend/gql/queries/GetSingleRequest.graphql,100.00
packages/hoppscotch-common/src/helpers/backend/gql/subscriptions/TeamCollectionMoved.graphql,100.00
packages/hoppscotch-common/src/helpers/backend/gql/subscriptions/TeamCollectionOrderUpdated.graphql,100.00
packages/hoppscotch-common/src/helpers/backend/gql/subscriptions/TeamRequestMoved.graphql,100.00
packages/hoppscotch-common/src/helpers/backend/gql/subscriptions/TeamRequestOrderUpdated.graphql,100.00
packages/hoppscotch-common/src/components/app/Navigation.vue,100.00
packages/hoppscotch-common/src/components/teams/MemberStack.vue,87.04
packages/hoppscotch-common/src/components/workspace/Current.vue,80.00
packages/hoppscotch-common/src/components/workspace/Selector.vue,68.89
packages/hoppscotch-common/src/newstore/workspace.ts,100.00
packages/hoppscotch-sh-admin/.gitignore,100.00
packages/hoppscotch-sh-admin/assets/scss/styles.scss,73.64
packages/hoppscotch-sh-admin/assets/scss/themes.scss,53.99
packages/hoppscotch-sh-admin/gql-codegen.yml,92.86
packages/hoppscotch-sh-admin/index.html,90.48
packages/hoppscotch-sh-admin/package.json,45.49
packages/hoppscotch-sh-admin/public/vite.svg,100.00
packages/hoppscotch-sh-admin/src/App.vue,82.35
packages/hoppscotch-sh-admin/src/components.d.ts,80.07
packages/hoppscotch-sh-admin/src/components/app/Header.vue,63.11
packages/hoppscotch-sh-admin/src/components/app/Modal.vue,98.96
packages/hoppscotch-sh-admin/src/components/app/Sidebar.vue,56.21
packages/hoppscotch-sh-admin/src/components/teams/AddMembers.vue,100.00
packages/hoppscotch-sh-admin/src/composables/useSidebar.ts,100.00
packages/hoppscotch-sh-admin/src/helpers/backend/gql/queries/GetCollectionChildren.graphql,100.00
packages/hoppscotch-sh-admin/src/helpers/backend/gql/queries/Me.graphql,50.00
packages/hoppscotch-sh-admin/src/layouts/default.vue,93.75
packages/hoppscotch-sh-admin/src/layouts/empty.vue,100.00
packages/hoppscotch-sh-admin/src/main.ts,82.76
packages/hoppscotch-sh-admin/src/pages/dashboard.vue,82.21
packages/hoppscotch-sh-admin/src/pages/index.vue,81.56
packages/hoppscotch-sh-admin/src/pages/settings.vue,100.00
packages/hoppscotch-sh-admin/src/pages/teams/AddTeam.vue,56.38
packages/hoppscotch-sh-admin/src/pages/teams/details.vue,100.00
packages/hoppscotch-sh-admin/src/pages/teams/index.vue,77.05
packages/hoppscotch-sh-admin/src/pages/users/AddUser.vue,100.00
packages/hoppscotch-sh-admin/src/pages/users/details.vue,100.00
packages/hoppscotch-sh-admin/src/pages/users/index.vue,93.61
packages/hoppscotch-sh-admin/src/pages/users/invited.vue,89.89
packages/hoppscotch-sh-admin/src/shims-vue.d.ts,100.00
packages/hoppscotch-sh-admin/src/vite-env.d.ts,100.00
packages/hoppscotch-sh-admin/tsconfig.json,69.47
packages/hoppscotch-sh-admin/tsconfig.node.json,100.00
packages/hoppscotch-sh-admin/vite.config.ts,56.62
packages/hoppscotch-sh-admin/windi.config.ts,100.00
packages/hoppscotch-common/src/platform/environments.ts,100.00
packages/hoppscotch-web/src/environments.ts,100.00
packages/hoppscotch-backend/src/types/RequestTypes.ts,100.00
packages/hoppscotch-backend/src/user-collection/input-type.args.ts,98.53
packages/hoppscotch-backend/src/user-collection/user-collection.module.ts,92.31
packages/hoppscotch-backend/src/user-collection/user-collection.resolver.ts,98.45
packages/hoppscotch-backend/src/user-collection/user-collection.service.spec.ts,98.59
packages/hoppscotch-backend/src/user-collection/user-collection.service.ts,98.62
packages/hoppscotch-backend/src/user-collection/user-collections.model.ts,100.00
packages/hoppscotch-backend/src/user-request/input-type.args.ts,93.90
packages/hoppscotch-backend/src/user-request/resolvers/user-collection.resolver.ts,100.00
packages/hoppscotch-backend/src/user-request/resolvers/user-request.resolver.ts,99.28
packages/hoppscotch-backend/src/user-request/user-request.model.ts,100.00
packages/hoppscotch-backend/src/user-request/user-request.module.ts,100.00
packages/hoppscotch-backend/src/user-request/user-request.service.spec.ts,100.00
packages/hoppscotch-backend/src/user-request/user-request.service.ts,100.00
packages/hoppscotch-sh-admin/src/components/app/Toast.vue,100.00
packages/hoppscotch-sh-admin/src/components/users/Details.vue,100.00
packages/hoppscotch-sh-admin/src/composables/toast.ts,100.00
packages/hoppscotch-sh-admin/src/composables/usePagedQuery.ts,88.24
packages/hoppscotch-sh-admin/src/helpers/backend/gql/mutations/InviteUserToSignIn.graphql,100.00
packages/hoppscotch-sh-admin/src/helpers/backend/gql/mutations/MakeUserAdmin.graphql,100.00
packages/hoppscotch-sh-admin/src/helpers/backend/gql/mutations/UserInfo.graphql,100.00
packages/hoppscotch-sh-admin/src/helpers/backend/gql/queries/InvitedUsers.graphql,100.00
packages/hoppscotch-sh-admin/src/helpers/backend/gql/queries/RemoveUserAccountByAdmin.graphql,100.00
packages/hoppscotch-sh-admin/src/helpers/backend/gql/queries/UsersList.graphql,100.00
packages/hoppscotch-sh-admin/src/pages/users/_id.vue,82.30
packages/hoppscotch-selfhost-web/gql-codegen.yml,100.00
packages/hoppscotch-selfhost-web/src/api/mutations/ClearGlobalEnvironments.graphql,100.00
packages/hoppscotch-selfhost-web/src/api/mutations/CreateUserEnvironment.graphql,100.00
packages/hoppscotch-selfhost-web/src/api/mutations/CreateUserGlobalEnvironment.graphql,100.00
packages/hoppscotch-selfhost-web/src/api/mutations/DeleteUserEnvironments.graphql,100.00
packages/hoppscotch-selfhost-web/src/api/mutations/UpdateUserEnvironment.graphql,100.00
packages/hoppscotch-selfhost-web/src/api/queries/CreateUserEnvironment.graphql,100.00
packages/hoppscotch-selfhost-web/src/api/queries/GetGlobalEnvironments.graphql,100.00
packages/hoppscotch-selfhost-web/src/api/queries/GetUserEnvironments.graphql,100.00
packages/hoppscotch-selfhost-web/src/api/subscriptions/UserEnvironmentCreated.graphql,100.00
packages/hoppscotch-selfhost-web/src/api/subscriptions/UserEnvironmentDeleted.graphql,100.00
packages/hoppscotch-selfhost-web/src/api/subscriptions/UserEnvironmentUpdated.graphql,100.00
packages/hoppscotch-selfhost-web/src/lib/sync/index.ts,98.25
packages/hoppscotch-selfhost-web/src/lib/sync/mapper.ts,100.00
packages/hoppscotch-selfhost-web/src/platform/environments/environments.api.ts,100.00
packages/hoppscotch-selfhost-web/src/platform/environments/environments.platform.ts,93.46
packages/hoppscotch-selfhost-web/src/platform/environments/environments.sync.ts,89.10
packages/hoppscotch-sh-admin/assets/icons/auth/email.svg,100.00
packages/hoppscotch-sh-admin/assets/icons/auth/github.svg,100.00
packages/hoppscotch-sh-admin/assets/icons/auth/google.svg,100.00
packages/hoppscotch-sh-admin/assets/icons/auth/microsoft.svg,100.00
packages/hoppscotch-sh-admin/assets/icons/logo.svg,100.00
packages/hoppscotch-sh-admin/src/components/app/Login.vue,52.90
packages/hoppscotch-sh-admin/src/components/app/Logout.vue,89.86
packages/hoppscotch-sh-admin/src/components/profile/Picture.vue,100.00
packages/hoppscotch-sh-admin/src/composables/auth.ts,100.00
packages/hoppscotch-sh-admin/src/composables/stream.ts,98.86
packages/hoppscotch-sh-admin/src/helpers/auth.ts,71.03
packages/hoppscotch-sh-admin/src/helpers/localpersistence.ts,100.00
packages/hoppscotch-sh-admin/src/modules/admin.ts,78.49
packages/hoppscotch-sh-admin/src/modules/index.ts,100.00
packages/hoppscotch-sh-admin/src/modules/router.ts,98.63
packages/hoppscotch-sh-admin/src/modules/toast.ts,100.00
packages/hoppscotch-sh-admin/src/modules/ui.ts,100.00
packages/hoppscotch-sh-admin/src/modules/v-focus.ts,100.00
packages/hoppscotch-backend/src/auth/guards/multi.guard.ts,100.00
packages/hoppscotch-backend/src/team-collection/input-type.args.ts,100.00
packages/hoppscotch-backend/src/types/CollectionFolder.ts,100.00
packages/hoppscotch-backend/src/team-request/input-type.args.ts,100.00
packages/hoppscotch-common/src/platform/collections.ts,100.00
packages/hoppscotch-web/src/collections.ts,100.00
packages/hoppscotch-backend/src/gql-schema.ts,81.67
packages/hoppscotch-sh-admin/.env.example,100.00
packages/hoppscotch-sh-admin/README.md,97.87
packages/hoppscotch-common/src/newstore/reordering.ts,100.00
packages/hoppscotch-backend/src/auth/guards/github-sso.guard.ts,39.53
packages/hoppscotch-backend/src/auth/guards/google-sso.guard.ts,39.53
packages/hoppscotch-backend/src/auth/guards/microsoft-sso-.guard.ts,40.82
packages/hoppscotch-backend/src/mailer/templates/code-your-own.hbs,100.00
packages/hoppscotch-backend/src/mailer/templates/team-invitation.hbs,90.26
packages/hoppscotch-sh-admin/src/helpers/backend/gql/mutations/RemoveUserAsAdmin.graphql,100.00
packages/hoppscotch-sh-admin/src/helpers/backend/gql/queries/Metrics.graphql,100.00
packages/hoppscotch-sh-admin/src/components/teams/Details.vue,70.10
packages/hoppscotch-sh-admin/src/components/teams/Invite.vue,66.99
packages/hoppscotch-sh-admin/src/components/teams/Members.vue,48.81
packages/hoppscotch-sh-admin/src/components/teams/PendingInvites.vue,57.14
packages/hoppscotch-sh-admin/src/helpers/backend/Email.ts,100.00
packages/hoppscotch-sh-admin/src/helpers/backend/gql/mutations/AcceptTeamInvitation.graphql,100.00
packages/hoppscotch-sh-admin/src/helpers/backend/gql/mutations/CreateTeam.graphql,95.24
packages/hoppscotch-sh-admin/src/helpers/backend/gql/mutations/CreateTeamInvitation.graphql,100.00
packages/hoppscotch-sh-admin/src/helpers/backend/gql/mutations/RemoveTeam.graphql,100.00
packages/hoppscotch-sh-admin/src/helpers/backend/gql/mutations/RemoveTeamMember.graphql,100.00
packages/hoppscotch-sh-admin/src/helpers/backend/gql/mutations/RenameTeam.graphql,100.00
packages/hoppscotch-sh-admin/src/helpers/backend/gql/mutations/RevokeTeamInvitation.graphql,60.00
packages/hoppscotch-sh-admin/src/helpers/backend/gql/mutations/TeamInvitationAdded.graphql,100.00
packages/hoppscotch-sh-admin/src/helpers/backend/gql/mutations/TeamInvitationRemoved.graphql,100.00
packages/hoppscotch-sh-admin/src/helpers/backend/gql/mutations/UpdateTeamMemberRole.graphql,100.00
packages/hoppscotch-sh-admin/src/helpers/backend/gql/queries/TeamInfo.graphql,52.63
packages/hoppscotch-sh-admin/src/helpers/backend/gql/queries/TeamList.graphql,78.57
packages/hoppscotch-sh-admin/src/helpers/backend/gql/queries/pendingInvites.graphql,100.00
packages/hoppscotch-sh-admin/src/modules/tippy.ts,100.00
packages/hoppscotch-sh-admin/src/pages/teams/_id.vue,82.56
packages/hoppscotch-backend/src/admin/admin.model.ts,66.67
packages/hoppscotch-backend/src/admin/admin.module.ts,74.36
packages/hoppscotch-backend/src/admin/admin.resolver.ts,73.23
packages/hoppscotch-backend/src/admin/admin.service.spec.ts,51.69
packages/hoppscotch-backend/src/admin/admin.service.ts,64.30
packages/hoppscotch-backend/src/admin/decorators/gql-admin.decorator.ts,100.00
packages/hoppscotch-backend/src/admin/guards/gql-admin.guard.ts,100.00
packages/hoppscotch-backend/src/admin/input-types.args.ts,97.67
packages/hoppscotch-backend/src/admin/invited-user.model.ts,100.00
packages/hoppscotch-backend/src/guards/gql-throttler.guard.ts,100.00
packages/hoppscotch-backend/src/guards/throttler-behind-proxy.guard.ts,100.00
packages/hoppscotch-sh-admin/src/helpers/backend/gql/mutations/InviteNewUser.graphql,100.00
packages/hoppscotch-sh-admin/src/helpers/backend/gql/mutations/RemoveUserByAdmin.graphql,100.00
packages/hoppscotch-sh-admin/public/images/youre_lost.svg,100.00
packages/hoppscotch-sh-admin/src/components/dashboard/MetricsCard.vue,96.43
packages/hoppscotch-sh-admin/src/components/users/InviteModal.vue,51.45
packages/hoppscotch-sh-admin/src/components/users/Table.vue,93.96
packages/hoppscotch-sh-admin/src/pages/_.vue,60.87
packages/hoppscotch-common/src/platform/settings.ts,100.00
packages/hoppscotch-web/src/settings.ts,100.00
packages/hoppscotch-common/src/platform/history.ts,100.00
packages/hoppscotch-web/src/history.ts,100.00
packages/hoppscotch-common/src/components/http/RequestTab.vue,91.67
packages/hoppscotch-common/src/components/http/authorization/ApiKey.vue,74.56
packages/hoppscotch-common/src/components/http/authorization/Basic.vue,84.21
packages/hoppscotch-common/src/helpers/RESTRequest.ts,100.00
packages/hoppscotch-common/src/helpers/collection/affectedIndex.ts,100.00
packages/hoppscotch-common/src/helpers/collection/collection.ts,54.37
packages/hoppscotch-common/src/helpers/collection/request.ts,76.00
packages/hoppscotch-common/src/helpers/rest/default.ts,91.30
packages/hoppscotch-common/src/helpers/rest/document.ts,79.78
packages/hoppscotch-common/src/helpers/rest/labelColoring.ts,93.88
packages/hoppscotch-common/src/helpers/rest/tab.ts,82.92
packages/hoppscotch-common/src/platform/tab.ts,100.00
packages/hoppscotch-web/src/tab.ts,100.00
packages/hoppscotch-selfhost-web/src/api/mutations/CreateGQLChildUserCollection.graphql,78.57
packages/hoppscotch-selfhost-web/src/api/mutations/CreateGQLRootUserCollection.graphql,62.50
packages/hoppscotch-selfhost-web/src/api/mutations/CreateGQLUserRequest.graphql,100.00
packages/hoppscotch-selfhost-web/src/api/mutations/CreateRESTChildUserCollection.graphql,78.57
packages/hoppscotch-selfhost-web/src/api/mutations/CreateRESTRootUserCollection.graphql,62.50
packages/hoppscotch-selfhost-web/src/api/mutations/CreateRESTUserRequest.graphql,100.00
packages/hoppscotch-selfhost-web/src/api/mutations/DeleteUserCollection.graphql,100.00
packages/hoppscotch-selfhost-web/src/api/mutations/DeleteUserRequest.graphql,100.00
packages/hoppscotch-selfhost-web/src/api/mutations/MoveUserCollection.graphql,100.00
packages/hoppscotch-selfhost-web/src/api/mutations/MoveUserRequest.graphql,100.00
packages/hoppscotch-selfhost-web/src/api/mutations/RenameUserCollection.graphql,100.00
packages/hoppscotch-selfhost-web/src/api/mutations/UpdateGQLUserRequest.graphql,100.00
packages/hoppscotch-selfhost-web/src/api/mutations/UpdateRESTUserRequest.graphql,100.00
packages/hoppscotch-selfhost-web/src/api/mutations/UpdateUserCollectionOrder.graphql,100.00
packages/hoppscotch-selfhost-web/src/api/queries/ExportUserCollectionsToJSON.graphql,100.00
packages/hoppscotch-selfhost-web/src/api/queries/GetRootGQLUserCollections.graphql,86.67
packages/hoppscotch-selfhost-web/src/api/queries/GetUserRootCollections.graphql,86.67
packages/hoppscotch-selfhost-web/src/api/subscriptions/UserCollectionCreated.graphql,90.91
packages/hoppscotch-selfhost-web/src/api/subscriptions/UserCollectionMoved.graphql,100.00
packages/hoppscotch-selfhost-web/src/api/subscriptions/UserCollectionOrderUpdated.graphql,100.00
packages/hoppscotch-selfhost-web/src/api/subscriptions/UserCollectionRemoved.graphql,100.00
packages/hoppscotch-selfhost-web/src/api/subscriptions/UserCollectionUpdated.graphql,90.91
packages/hoppscotch-selfhost-web/src/api/subscriptions/UserRequestCreated.graphql,100.00
packages/hoppscotch-selfhost-web/src/api/subscriptions/UserRequestDeleted.graphql,100.00
packages/hoppscotch-selfhost-web/src/api/subscriptions/UserRequestMoved.graphql,100.00
packages/hoppscotch-selfhost-web/src/api/subscriptions/UserRequestUpdated.graphql,100.00
packages/hoppscotch-selfhost-web/src/platform/collections/collections.api.ts,86.94
packages/hoppscotch-selfhost-web/src/platform/collections/collections.mapper.ts,100.00
packages/hoppscotch-selfhost-web/src/platform/collections/collections.platform.ts,69.03
packages/hoppscotch-selfhost-web/src/platform/collections/collections.sync.ts,90.23
packages/hoppscotch-selfhost-web/src/platform/collections/gqlCollections.sync.ts,85.60
packages/hoppscotch-selfhost-web/src/tests/collections.sync.spec.ts,100.00
packages/hoppscotch-selfhost-web/src/api/mutations/CreateUserSettings.graphql,100.00
packages/hoppscotch-selfhost-web/src/api/mutations/UpdateUserSettings.graphql,100.00
packages/hoppscotch-selfhost-web/src/api/queries/GetUserSettings.graphql,100.00
packages/hoppscotch-selfhost-web/src/api/subscriptions/UserSettingsUpdated.graphql,100.00
packages/hoppscotch-selfhost-web/src/platform/settings/settings.api.ts,100.00
packages/hoppscotch-selfhost-web/src/platform/settings/settings.platform.ts,97.80
packages/hoppscotch-selfhost-web/src/platform/settings/settings.sync.ts,70.00
packages/hoppscotch-selfhost-web/src/api/mutations/CreateUserHistory.graphql,100.00
packages/hoppscotch-selfhost-web/src/api/mutations/DeleteAllUserHistory.graphql,100.00
packages/hoppscotch-selfhost-web/src/api/mutations/RemoveRequestFromHistory.graphql,100.00
packages/hoppscotch-selfhost-web/src/api/mutations/ToggleHistoryStarStatus.graphql,100.00
packages/hoppscotch-selfhost-web/src/api/queries/GetRestUserHistory.graphql,100.00
packages/hoppscotch-selfhost-web/src/api/subscriptions/UserHistoryCreated.graphql,100.00
packages/hoppscotch-selfhost-web/src/api/subscriptions/UserHistoryDeleted.graphql,100.00
packages/hoppscotch-selfhost-web/src/api/subscriptions/UserHistoryDeletedMany.graphql,100.00
packages/hoppscotch-selfhost-web/src/api/subscriptions/UserHistoryUpdated.graphql,100.00
packages/hoppscotch-selfhost-web/src/platform/history/history.api.ts,100.00
packages/hoppscotch-selfhost-web/src/platform/history/history.platform.ts,100.00
packages/hoppscotch-selfhost-web/src/platform/history/history.sync.ts,100.00
packages/hoppscotch-selfhost-web/src/api/mutations/UpdateUserSession.graphql,100.00
packages/hoppscotch-selfhost-web/src/api/queries/GetCurrentRESTSession.graphql,100.00
packages/hoppscotch-selfhost-web/src/platform/tabState/tabState.api.ts,100.00
packages/hoppscotch-selfhost-web/src/platform/tabState/tabState.platform.ts,51.85
packages/hoppscotch-common/src/helpers/app/index.ts,100.00
packages/hoppscotch-common/src/platform/analytics.ts,71.90
packages/hoppscotch-web/src/analytics.ts,100.00
packages/hoppscotch-selfhost-web/Caddyfile,38.46
packages/hoppscotch-selfhost-web/Dockerfile,95.45
packages/hoppscotch-sh-admin/Caddyfile,38.46
packages/hoppscotch-sh-admin/Dockerfile,95.45
packages/hoppscotch-web/src/firebase/init.ts,100.00
packages/hoppscotch-sh-admin/src/helpers/backend/gql/mutations/AddUserToTeamByAdmin.graphql,100.00
packages/hoppscotch-sh-admin/src/helpers/backend/gql/mutations/ChangeUserRoleInTeamByAdmin.graphql,100.00
packages/hoppscotch-sh-admin/src/helpers/backend/gql/mutations/RemoveUserFromTeamByAdmin.graphql,100.00
packages/hoppscotch-ui/.prettierrc.cjs,100.00
packages/hoppscotch-backend/prisma/migrations/20230406064219_init/migration.sql,100.00
packages/hoppscotch-sh-admin/src/pages/magic-link.vue,100.00
packages/hoppscotch-sh-admin/src/components/teams/Add.vue,70.68
packages/hoppscotch-sh-admin/src/components/teams/Table.vue,99.03
packages/hoppscotch-sh-admin/src/pages/enter.vue,100.00
packages/hoppscotch-ui/src/components/smart/Picture.vue,68.52
packages/hoppscotch-common/src/components/environments/Selector.vue,53.78
packages/hoppscotch-common/src/components/lenses/renderers/AudioLensRenderer.vue,91.86
packages/hoppscotch-common/src/components/lenses/renderers/VideoLensRenderer.vue,91.86
packages/hoppscotch-common/src/helpers/lenses/audioLens.ts,100.00
packages/hoppscotch-common/src/helpers/lenses/videoLens.ts,100.00
packages/hoppscotch-common/src/newstore/syncing.ts,100.00
packages/dioc/.gitignore,100.00
packages/dioc/README.md,100.00
packages/dioc/index.d.ts,100.00
packages/dioc/lib/container.ts,100.00
packages/dioc/lib/main.ts,100.00
packages/dioc/lib/service.ts,100.00
packages/dioc/lib/testing.ts,100.00
packages/dioc/lib/vue.ts,100.00
packages/dioc/package.json,100.00
packages/dioc/test/container.spec.ts,100.00
packages/dioc/test/service.spec.ts,100.00
packages/dioc/test/test-container.spec.ts,100.00
packages/dioc/testing.d.ts,100.00
packages/dioc/tsconfig.json,100.00
packages/dioc/vite.config.ts,100.00
packages/dioc/vitest.config.ts,100.00
packages/dioc/vue.d.ts,100.00
packages/hoppscotch-common/src/modules/dioc.ts,91.49
packages/hoppscotch-sh-admin/.dockerignore,100.00
packages/hoppscotch-sh-admin/languages.json,100.00
packages/hoppscotch-sh-admin/locales/af.json,100.00
packages/hoppscotch-sh-admin/locales/ar.json,100.00
packages/hoppscotch-sh-admin/locales/ca.json,100.00
packages/hoppscotch-sh-admin/locales/cn.json,100.00
packages/hoppscotch-sh-admin/locales/cs.json,100.00
packages/hoppscotch-sh-admin/locales/da.json,100.00
packages/hoppscotch-sh-admin/locales/de.json,100.00
packages/hoppscotch-sh-admin/locales/el.json,100.00
packages/hoppscotch-sh-admin/locales/en.json,93.74
packages/hoppscotch-sh-admin/locales/es.json,100.00
packages/hoppscotch-sh-admin/locales/fi.json,100.00
packages/hoppscotch-sh-admin/locales/fr.json,100.00
packages/hoppscotch-sh-admin/locales/he.json,100.00
packages/hoppscotch-sh-admin/locales/hi.json,100.00
packages/hoppscotch-sh-admin/locales/hu.json,100.00
packages/hoppscotch-sh-admin/locales/id.json,100.00
packages/hoppscotch-sh-admin/locales/it.json,100.00
packages/hoppscotch-sh-admin/locales/ja.json,100.00
packages/hoppscotch-sh-admin/locales/ko.json,100.00
packages/hoppscotch-sh-admin/locales/nl.json,100.00
packages/hoppscotch-sh-admin/locales/no.json,100.00
packages/hoppscotch-sh-admin/locales/pl.json,100.00
packages/hoppscotch-sh-admin/locales/pt-br.json,100.00
packages/hoppscotch-sh-admin/locales/pt.json,100.00
packages/hoppscotch-sh-admin/locales/ro.json,100.00
packages/hoppscotch-sh-admin/locales/ru.json,100.00
packages/hoppscotch-sh-admin/locales/sr.json,100.00
packages/hoppscotch-sh-admin/locales/sv.json,100.00
packages/hoppscotch-sh-admin/locales/tr.json,100.00
packages/hoppscotch-sh-admin/locales/tw.json,100.00
packages/hoppscotch-sh-admin/locales/uk.json,100.00
packages/hoppscotch-sh-admin/locales/vi.json,100.00
packages/hoppscotch-sh-admin/src/composables/i18n.ts,100.00
packages/hoppscotch-sh-admin/src/helpers/error.ts,100.00
packages/hoppscotch-sh-admin/src/modules/i18n.ts,88.83
.github/workflows/ui.yml,33.33
packages/hoppscotch-ui/src/components/smart/Placeholder.vue,67.80
packages/hoppscotch-common/src/setupTests.ts,100.00
packages/hoppscotch-common/src/vitest.d.ts,100.00
packages/hoppscotch-common/vitest.config.ts,100.00
packages/hoppscotch-common/assets/icons/star-off.svg,100.00
packages/hoppscotch-common/src/components/app/spotlight/Entry.vue,69.61
packages/hoppscotch-common/src/components/app/spotlight/entry/GQLHistory.vue,96.77
packages/hoppscotch-common/src/components/app/spotlight/entry/RESTHistory.vue,97.73
packages/hoppscotch-common/src/components/app/spotlight/index.vue,69.36
packages/hoppscotch-common/src/services/debug.service.ts,98.77
packages/hoppscotch-common/src/services/spotlight/__tests__/index.spec.ts,84.88
packages/hoppscotch-common/src/services/spotlight/index.ts,80.00
packages/hoppscotch-common/src/services/spotlight/searchers/__tests__/history.searcher.spec.ts,94.47
packages/hoppscotch-common/src/services/spotlight/searchers/__tests__/user.searcher.spec.ts,100.00
packages/hoppscotch-common/src/services/spotlight/searchers/base/__tests__/static.searcher.spec.ts,100.00
packages/hoppscotch-common/src/services/spotlight/searchers/base/static.searcher.ts,98.93
packages/hoppscotch-common/src/services/spotlight/searchers/history.searcher.ts,87.67
packages/hoppscotch-common/src/services/spotlight/searchers/user.searcher.ts,100.00
packages/hoppscotch-backend/src/team-environments/input-type.args.ts,100.00
packages/hoppscotch-backend/src/team-invitation/input-type.args.ts,100.00
packages/hoppscotch-common/public/badge.svg,100.00
packages/hoppscotch-common/src/components/app/ContextMenu.vue,98.73
packages/hoppscotch-common/src/components/environments/Add.vue,84.70
packages/hoppscotch-common/src/services/context-menu/__tests__/index.spec.ts,100.00
packages/hoppscotch-common/src/services/context-menu/index.ts,100.00
packages/hoppscotch-common/src/services/context-menu/menu/__tests__/environment.menu.spec.ts,100.00
packages/hoppscotch-common/src/services/context-menu/menu/__tests__/parameter.menu.spec.ts,100.00
packages/hoppscotch-common/src/services/context-menu/menu/__tests__/url.menu.spec.ts,92.55
packages/hoppscotch-common/src/services/context-menu/menu/environment.menu.ts,98.28
packages/hoppscotch-common/src/services/context-menu/menu/parameter.menu.ts,90.00
packages/hoppscotch-common/src/services/context-menu/menu/url.menu.ts,91.00
packages/hoppscotch-ui/src/components/smart/Input.vue,89.11
packages/hoppscotch-common/src/components/http/TabHead.vue,94.24
packages/hoppscotch-common/src/services/spotlight/searchers/navigation.searcher.ts,94.23
packages/hoppscotch-common/src/services/spotlight/searchers/settings.searcher.ts,83.21
packages/hoppscotch-common/src/components/app/Inspection.vue,90.32
packages/hoppscotch-common/src/services/inspection/__tests__/index.spec.ts,54.47
packages/hoppscotch-common/src/services/inspection/index.ts,87.40
packages/hoppscotch-common/src/services/inspection/inspectors/__tests__/environment.inspector.spec.ts,99.04
packages/hoppscotch-common/src/services/inspection/inspectors/__tests__/header.inspector.spec.ts,61.40
packages/hoppscotch-common/src/services/inspection/inspectors/__tests__/response.interceptor.spec.ts,100.00
packages/hoppscotch-common/src/services/inspection/inspectors/__tests__/url.inspector.spec.ts,100.00
packages/hoppscotch-common/src/services/inspection/inspectors/environment.inspector.ts,96.99
packages/hoppscotch-common/src/services/inspection/inspectors/header.inspector.ts,91.24
packages/hoppscotch-common/src/services/inspection/inspectors/response.inspector.ts,99.19
packages/hoppscotch-common/src/services/inspection/inspectors/url.inspector.ts,100.00
packages/hoppscotch-common/src/components/app/spotlight/entry/GQLRequest.vue,95.59
packages/hoppscotch-common/src/components/app/spotlight/entry/RESTRequest.vue,92.21
packages/hoppscotch-common/src/services/spotlight/searchers/collections.searcher.ts,71.46
packages/hoppscotch-ui/src/components/smart/Tree.vue,72.73
packages/hoppscotch-ui/src/components/smart/TreeBranch.vue,76.47
packages/hoppscotch-common/src/components/interceptors/ExtensionSubtitle.vue,100.00
packages/hoppscotch-common/src/components/settings/Extension.vue,75.21
packages/hoppscotch-common/src/components/settings/Proxy.vue,55.62
packages/hoppscotch-common/src/modules/interceptors.ts,97.87
packages/hoppscotch-common/src/platform/interceptors.ts,95.24
packages/hoppscotch-common/src/platform/std/interceptors/browser.ts,92.37
packages/hoppscotch-common/src/platform/std/interceptors/extension.ts,93.48
packages/hoppscotch-common/src/platform/std/interceptors/proxy.ts,88.46
packages/hoppscotch-common/src/services/__tests__/interceptor.service.spec.ts,99.00
packages/hoppscotch-common/src/services/interceptor.service.ts,91.27
packages/hoppscotch-common/src/components/app/Social.vue,100.00
packages/hoppscotch-common/src/services/spotlight/searchers/environment.searcher.ts,98.55
packages/hoppscotch-common/src/services/spotlight/searchers/general.searcher.ts,81.62
packages/hoppscotch-common/src/services/spotlight/searchers/miscellaneous.searcher.ts,92.00
packages/hoppscotch-common/src/services/spotlight/searchers/request.searcher.ts,94.63
packages/hoppscotch-common/src/services/spotlight/searchers/response.searcher.ts,95.08
packages/hoppscotch-common/src/services/spotlight/searchers/tab.searcher.ts,90.70
packages/hoppscotch-common/src/services/spotlight/searchers/workspace.searcher.ts,94.58
packages/hoppscotch-common/src/components/graphql/Headers.vue,64.46
packages/hoppscotch-common/src/components/graphql/Query.vue,97.66
packages/hoppscotch-common/src/components/graphql/RequestTab.vue,98.28
packages/hoppscotch-common/src/components/graphql/SubscriptionLog.vue,96.24
packages/hoppscotch-common/src/components/graphql/Variable.vue,94.65
packages/hoppscotch-common/src/helpers/editor/gql/operation.ts,100.00
packages/hoppscotch-common/src/helpers/graphql/connection.ts,74.38
packages/hoppscotch-common/src/helpers/graphql/default.ts,94.44
packages/hoppscotch-common/src/helpers/graphql/document.ts,92.13
packages/hoppscotch-common/src/helpers/graphql/eq.ts,100.00
packages/hoppscotch-common/src/helpers/graphql/index.ts,100.00
packages/hoppscotch-common/src/helpers/graphql/tab.ts,88.05
aio.Caddyfile,100.00
aio_run.mjs,89.02
healthcheck.sh,50.00
packages/hoppscotch-selfhost-web/prod_run.mjs,100.00
packages/hoppscotch-sh-admin/prod_run.mjs,78.05
prod.Dockerfile,76.94
packages/hoppscotch-common/src/components/graphql/TabHead.vue,95.16
packages/hoppscotch-common/src/components/app/spotlight/entry/IconSelected.vue,100.00
packages/hoppscotch-common/src/services/spotlight/searchers/interceptor.searcher.ts,98.44
packages/hoppscotch-common/src/platform/std/ui/footerItem.ts,100.00
packages/hoppscotch-common/src/platform/std/ui/supportOptionsItem.ts,97.35
packages/hoppscotch-common/src/platform/inspectors.ts,80.00
packages/hoppscotch-common/src/platform/std/inspections/__tests__/extension.inspector.spec.ts,100.00
packages/hoppscotch-common/src/platform/std/inspections/extension.inspector.ts,86.99
packages/hoppscotch-common/src/services/inspection/inspectors/__tests__/response.inspector.spec.ts,98.39
.github/workflows/release-push-docker.yml,99.35
packages/hoppscotch-common/src/services/__tests__/workspace.service.spec.ts,100.00
packages/hoppscotch-common/src/services/workspace.service.ts,90.67
packages/hoppscotch-common/src/helpers/import-export/export/environment.ts,41.03
packages/hoppscotch-common/src/services/tab/__tests__/tab.service.spec.ts,99.28
packages/hoppscotch-common/src/services/tab/graphql.ts,69.79
packages/hoppscotch-common/src/services/tab/index.ts,100.00
packages/hoppscotch-common/src/services/tab/rest.ts,65.85
packages/hoppscotch-common/src/services/tab/tab.ts,94.09
packages/hoppscotch-sh-admin/src/helpers/axiosConfig.ts,100.00
packages/hoppscotch-sh-admin/src/helpers/backend/rest/authQuery.ts,100.00
packages/hoppscotch-sh-admin/src/helpers/errors.ts,94.68
packages/hoppscotch-backend/src/admin/infra.model.ts,100.00
packages/hoppscotch-backend/src/admin/infra.resolver.ts,90.34
packages/hoppscotch-common/assets/scss/tailwind.scss,100.00
packages/hoppscotch-common/assets/themes/accent-themes.scss,100.00
packages/hoppscotch-common/assets/themes/base-themes.scss,85.58
packages/hoppscotch-common/assets/themes/editor-themes.scss,100.00
packages/hoppscotch-common/assets/themes/themes.scss,100.00
packages/hoppscotch-selfhost-web/postcss.config.cjs,57.89
packages/hoppscotch-selfhost-web/tailwind.config.ts,97.14
packages/hoppscotch-sh-admin/.prettierignore,100.00
packages/hoppscotch-sh-admin/.prettierrc.cjs,100.00
packages/hoppscotch-sh-admin/assets/scss/tailwind.scss,100.00
packages/hoppscotch-sh-admin/postcss.config.cjs,100.00
packages/hoppscotch-sh-admin/tailwind.config.ts,100.00
packages/hoppscotch-ui/postcss.config.cjs,100.00
packages/hoppscotch-ui/src/assets/scss/histoire.scss,98.73
packages/hoppscotch-ui/src/assets/scss/tailwind.scss,100.00
packages/hoppscotch-ui/tailwind.config.ts,100.00
packages/hoppscotch-ui/ui-preset.ts,97.44
tailwind.config.ts,90.91
packages/hoppscotch-sh-admin/src/helpers/backend/gql/queries/UserInfo.graphql,100.00
packages/hoppscotch-data/src/environment/index.ts,72.30
packages/hoppscotch-data/src/environment/v/0.ts,90.00
packages/hoppscotch-data/src/graphql/v/1.ts,100.00
packages/hoppscotch-data/src/graphql/v/2.ts,78.20
packages/hoppscotch-data/src/rest/v/0.ts,100.00
packages/hoppscotch-data/src/rest/v/1.ts,78.45
packages/hoppscotch-common/type-check.mjs,100.00
packages/hoppscotch-ui/src/components/smart/Table.vue,98.57
packages/hoppscotch-ui/src/stories/Table.story.vue,98.57
packages/hoppscotch-common/src/components/app/Banner.vue,90.00
packages/hoppscotch-common/src/services/__tests__/banner.service.spec.ts,100.00
packages/hoppscotch-common/src/services/banner.service.ts,96.00
packages/hoppscotch-backend/src/mailer/templates/user-invitation.hbs,100.00
packages/hoppscotch-common/src/components/cookies/AllModal.vue,96.07
packages/hoppscotch-common/src/components/cookies/EditCookie.vue,95.59
packages/hoppscotch-common/src/platform/io.ts,98.91
packages/hoppscotch-common/src/platform/std/io.ts,79.63
packages/hoppscotch-common/src/services/cookie-jar.service.ts,100.00
packages/hoppscotch-selfhost-desktop/.gitignore,76.92
packages/hoppscotch-selfhost-desktop/.vscode/extensions.json,100.00
packages/hoppscotch-selfhost-desktop/README.md,100.00
packages/hoppscotch-selfhost-desktop/index.html,100.00
packages/hoppscotch-selfhost-desktop/meta.ts,100.00
packages/hoppscotch-selfhost-desktop/package.json,62.76
packages/hoppscotch-selfhost-desktop/public/tauri.svg,100.00
packages/hoppscotch-selfhost-desktop/public/vite.svg,100.00
packages/hoppscotch-selfhost-desktop/src-tauri/.gitignore,100.00
packages/hoppscotch-selfhost-desktop/src-tauri/Cargo.lock,88.84
packages/hoppscotch-selfhost-desktop/src-tauri/Cargo.toml,74.56
packages/hoppscotch-selfhost-desktop/src-tauri/Info.plist,100.00
packages/hoppscotch-selfhost-desktop/src-tauri/build.rs,100.00
packages/hoppscotch-selfhost-desktop/src-tauri/src/mac/mod.rs,100.00
packages/hoppscotch-selfhost-desktop/src-tauri/src/mac/window.rs,100.00
packages/hoppscotch-selfhost-desktop/src-tauri/src/main.rs,67.90
packages/hoppscotch-selfhost-desktop/src-tauri/src/win/mod.rs,100.00
packages/hoppscotch-selfhost-desktop/src-tauri/src/win/window.rs,82.69
packages/hoppscotch-selfhost-desktop/src-tauri/tauri.conf.json,87.50
packages/hoppscotch-selfhost-desktop/src/api/mutations/ClearGlobalEnvironments.graphql,100.00
packages/hoppscotch-selfhost-desktop/src/api/mutations/CreateGQLChildUserCollection.graphql,100.00
packages/hoppscotch-selfhost-desktop/src/api/mutations/CreateGQLRootUserCollection.graphql,100.00
packages/hoppscotch-selfhost-desktop/src/api/mutations/CreateGQLUserRequest.graphql,100.00
packages/hoppscotch-selfhost-desktop/src/api/mutations/CreateRESTChildUserCollection.graphql,100.00
packages/hoppscotch-selfhost-desktop/src/api/mutations/CreateRESTRootUserCollection.graphql,100.00
packages/hoppscotch-selfhost-desktop/src/api/mutations/CreateRESTUserRequest.graphql,100.00
packages/hoppscotch-selfhost-desktop/src/api/mutations/CreateUserEnvironment.graphql,100.00
packages/hoppscotch-selfhost-desktop/src/api/mutations/CreateUserGlobalEnvironment.graphql,100.00
packages/hoppscotch-selfhost-desktop/src/api/mutations/CreateUserHistory.graphql,100.00
packages/hoppscotch-selfhost-desktop/src/api/mutations/CreateUserSettings.graphql,100.00
packages/hoppscotch-selfhost-desktop/src/api/mutations/DeleteAllUserHistory.graphql,100.00
packages/hoppscotch-selfhost-desktop/src/api/mutations/DeleteUserCollection.graphql,100.00
packages/hoppscotch-selfhost-desktop/src/api/mutations/DeleteUserEnvironments.graphql,100.00
packages/hoppscotch-selfhost-desktop/src/api/mutations/DeleteUserRequest.graphql,100.00
packages/hoppscotch-selfhost-desktop/src/api/mutations/MoveUserCollection.graphql,100.00
packages/hoppscotch-selfhost-desktop/src/api/mutations/MoveUserRequest.graphql,100.00
packages/hoppscotch-selfhost-desktop/src/api/mutations/RemoveRequestFromHistory.graphql,100.00
packages/hoppscotch-selfhost-desktop/src/api/mutations/RenameUserCollection.graphql,100.00
packages/hoppscotch-selfhost-desktop/src/api/mutations/ToggleHistoryStarStatus.graphql,100.00
packages/hoppscotch-selfhost-desktop/src/api/mutations/UpdateGQLUserRequest.graphql,100.00
packages/hoppscotch-selfhost-desktop/src/api/mutations/UpdateRESTUserRequest.graphql,100.00
packages/hoppscotch-selfhost-desktop/src/api/mutations/UpdateUserCollectionOrder.graphql,100.00
packages/hoppscotch-selfhost-desktop/src/api/mutations/UpdateUserEnvironment.graphql,100.00
packages/hoppscotch-selfhost-desktop/src/api/mutations/UpdateUserSession.graphql,100.00
packages/hoppscotch-selfhost-desktop/src/api/mutations/UpdateUserSettings.graphql,100.00
packages/hoppscotch-selfhost-desktop/src/api/queries/CreateUserEnvironment.graphql,100.00
packages/hoppscotch-selfhost-desktop/src/api/queries/ExportUserCollectionsToJSON.graphql,100.00
packages/hoppscotch-selfhost-desktop/src/api/queries/GetCurrentRESTSession.graphql,100.00
packages/hoppscotch-selfhost-desktop/src/api/queries/GetGlobalEnvironments.graphql,100.00
packages/hoppscotch-selfhost-desktop/src/api/queries/GetRestUserHistory.graphql,100.00
packages/hoppscotch-selfhost-desktop/src/api/queries/GetRootGQLUserCollections.graphql,100.00
packages/hoppscotch-selfhost-desktop/src/api/queries/GetUserEnvironments.graphql,100.00
packages/hoppscotch-selfhost-desktop/src/api/queries/GetUserRootCollections.graphql,100.00
packages/hoppscotch-selfhost-desktop/src/api/queries/GetUserSettings.graphql,100.00
packages/hoppscotch-selfhost-desktop/src/api/subscriptions/UserCollectionCreated.graphql,90.91
packages/hoppscotch-selfhost-desktop/src/api/subscriptions/UserCollectionMoved.graphql,100.00
packages/hoppscotch-selfhost-desktop/src/api/subscriptions/UserCollectionOrderUpdated.graphql,100.00
packages/hoppscotch-selfhost-desktop/src/api/subscriptions/UserCollectionRemoved.graphql,100.00
packages/hoppscotch-selfhost-desktop/src/api/subscriptions/UserCollectionUpdated.graphql,100.00
packages/hoppscotch-selfhost-desktop/src/api/subscriptions/UserEnvironmentCreated.graphql,100.00
packages/hoppscotch-selfhost-desktop/src/api/subscriptions/UserEnvironmentDeleted.graphql,100.00
packages/hoppscotch-selfhost-desktop/src/api/subscriptions/UserEnvironmentUpdated.graphql,100.00
packages/hoppscotch-selfhost-desktop/src/api/subscriptions/UserHistoryCreated.graphql,100.00
packages/hoppscotch-selfhost-desktop/src/api/subscriptions/UserHistoryDeleted.graphql,100.00
packages/hoppscotch-selfhost-desktop/src/api/subscriptions/UserHistoryDeletedMany.graphql,100.00
packages/hoppscotch-selfhost-desktop/src/api/subscriptions/UserHistoryUpdated.graphql,100.00
packages/hoppscotch-selfhost-desktop/src/api/subscriptions/UserRequestCreated.graphql,100.00
packages/hoppscotch-selfhost-desktop/src/api/subscriptions/UserRequestDeleted.graphql,100.00
packages/hoppscotch-selfhost-desktop/src/api/subscriptions/UserRequestMoved.graphql,100.00
packages/hoppscotch-selfhost-desktop/src/api/subscriptions/UserRequestUpdated.graphql,100.00
packages/hoppscotch-selfhost-desktop/src/api/subscriptions/UserSettingsUpdated.graphql,100.00
packages/hoppscotch-selfhost-desktop/src/lib/sync/index.ts,98.08
packages/hoppscotch-selfhost-desktop/src/lib/sync/mapper.ts,100.00
packages/hoppscotch-selfhost-desktop/src/main.ts,86.52
packages/hoppscotch-selfhost-desktop/src/platform/auth.ts,95.17
packages/hoppscotch-selfhost-desktop/src/platform/collections/collections.api.ts,86.16
packages/hoppscotch-selfhost-desktop/src/platform/collections/collections.platform.ts,70.07
packages/hoppscotch-selfhost-desktop/src/platform/collections/collections.sync.ts,99.63
packages/hoppscotch-selfhost-desktop/src/platform/collections/gqlCollections.sync.ts,99.26
packages/hoppscotch-selfhost-desktop/src/platform/environments/environments.api.ts,100.00
packages/hoppscotch-selfhost-desktop/src/platform/environments/environments.platform.ts,100.00
packages/hoppscotch-selfhost-desktop/src/platform/environments/environments.sync.ts,100.00
packages/hoppscotch-selfhost-desktop/src/platform/history/history.api.ts,78.74
packages/hoppscotch-selfhost-desktop/src/platform/history/history.platform.ts,77.45
packages/hoppscotch-selfhost-desktop/src/platform/history/history.sync.ts,100.00
packages/hoppscotch-selfhost-desktop/src/platform/interceptors/native.ts,100.00
packages/hoppscotch-selfhost-desktop/src/platform/io.ts,100.00
packages/hoppscotch-selfhost-desktop/src/platform/settings/settings.api.ts,100.00
packages/hoppscotch-selfhost-desktop/src/platform/settings/settings.platform.ts,100.00
packages/hoppscotch-selfhost-desktop/src/platform/settings/settings.sync.ts,70.00
packages/hoppscotch-selfhost-desktop/src/platform/tabState/tabState.api.ts,100.00
packages/hoppscotch-selfhost-desktop/src/platform/tabState/tabState.platform.ts,100.00
packages/hoppscotch-selfhost-desktop/src/vite-env.d.ts,100.00
packages/hoppscotch-selfhost-desktop/tsconfig.json,100.00
packages/hoppscotch-selfhost-desktop/tsconfig.node.json,100.00
packages/hoppscotch-selfhost-desktop/vite.config.ts,99.54
packages/hoppscotch-backend/prisma/migrations/20231106120154_embeds_addition/migration.sql,100.00
packages/hoppscotch-selfhost-desktop/gql-codegen.yml,100.00
packages/hoppscotch-common/public/badge-dark.svg,100.00
packages/hoppscotch-common/public/badge-light.svg,100.00
packages/hoppscotch-sh-admin/public/logo.svg,100.00
packages/hoppscotch-ui/public/logo.svg,100.00
packages/hoppscotch-common/src/helpers/oauth.ts,57.64
packages/hoppscotch-common/src/pages/oauth.vue,70.70
packages/hoppscotch-common/src/components/interceptors/ErrorPlaceholder.vue,69.46
aio-multiport-setup.Caddyfile,79.17
aio-subpath-access.Caddyfile,77.08
packages/hoppscotch-backend/backend.Caddyfile,62.50
packages/hoppscotch-backend/prod_run.mjs,97.06
packages/hoppscotch-selfhost-web/selfhost-web.Caddyfile,54.55
packages/hoppscotch-sh-admin/sh-admin-multiport-setup.Caddyfile,50.00
packages/hoppscotch-sh-admin/sh-admin-subpath-access.Caddyfile,68.75
packages/hoppscotch-common/src/services/persistence/__tests__/__mocks__/index.ts,66.87
packages/hoppscotch-common/src/services/persistence/__tests__/index.spec.ts,71.07
packages/hoppscotch-common/src/services/persistence/index.ts,47.81
packages/hoppscotch-common/src/services/persistence/validation-schemas/index.ts,70.66
packages/hoppscotch-common/src/helpers/utils/interfaceLanguages.ts,100.00
packages/hoppscotch-common/src/helpers/utils/json-to-language.ts,100.00
packages/hoppscotch-common/src/components/share/CreateModal.vue,100.00
packages/hoppscotch-common/src/components/share/CustomizeModal.vue,91.18
packages/hoppscotch-common/src/components/share/Modal.vue,98.95
packages/hoppscotch-common/src/components/share/Request.vue,98.90
packages/hoppscotch-common/src/components/share/index.vue,95.37
packages/hoppscotch-common/src/components/share/templates/Button.vue,100.00
packages/hoppscotch-common/src/components/share/templates/Embeds.vue,98.39
packages/hoppscotch-common/src/components/share/templates/Link.vue,46.27
packages/hoppscotch-common/src/helpers/shortcode/Shortcode.ts,100.00
packages/hoppscotch-common/src/helpers/shortcode/ShortcodeListAdapter.ts,94.59
packages/hoppscotch-common/src/pages/e/_id.vue,99.30
packages/hoppscotch-backend/prisma/migrations/20231130082054_collection_headers/migration.sql,100.00
packages/hoppscotch-ui/src/components/smart/SelectWrapper.vue,100.00
packages/hoppscotch-sh-admin/src/components/ui/AutoResetIcon.vue,100.00
packages/hoppscotch-sh-admin/src/components/users/SharedRequests.vue,100.00
packages/hoppscotch-sh-admin/src/helpers/backend/gql/mutations/RevokeShortcodeByAdmin.graphql,100.00
packages/hoppscotch-sh-admin/src/helpers/backend/gql/queries/SharedRequests.graphql,100.00
packages/hoppscotch-sh-admin/src/helpers/utils/clipboard.ts,100.00
packages/hoppscotch-common/src/components/importExport/Base.vue,100.00
packages/hoppscotch-common/src/components/importExport/ImportExportList.vue,83.87
packages/hoppscotch-common/src/components/importExport/ImportExportSourcesList.vue,97.06
packages/hoppscotch-common/src/components/importExport/ImportExportSteps/FileImport.vue,54.17
packages/hoppscotch-common/src/components/importExport/ImportExportSteps/MyCollectionImport.vue,89.04
packages/hoppscotch-common/src/components/importExport/ImportExportSteps/UrlImport.vue,84.36
packages/hoppscotch-common/src/components/importExport/types.ts,100.00
packages/hoppscotch-common/src/composables/step-components.ts,100.00
packages/hoppscotch-common/src/helpers/import-export/export/environments.ts,100.00
packages/hoppscotch-common/src/helpers/import-export/export/environmentsGistExport.ts,100.00
packages/hoppscotch-common/src/helpers/import-export/export/gistExport.ts,100.00
packages/hoppscotch-common/src/helpers/import-export/export/gqlCollections.ts,77.78
packages/hoppscotch-common/src/helpers/import-export/export/gqlCollectionsGistExporter.ts,100.00
packages/hoppscotch-common/src/helpers/import-export/export/myCollections.ts,77.78
packages/hoppscotch-common/src/helpers/import-export/export/teamCollections.ts,100.00
packages/hoppscotch-common/src/helpers/import-export/import/hoppEnv.ts,54.41
packages/hoppscotch-common/src/helpers/import-export/import/hoppGql.ts,70.59
packages/hoppscotch-common/src/helpers/import-export/import/import-sources/FileSource.ts,83.33
packages/hoppscotch-common/src/helpers/import-export/import/import-sources/GistSource.ts,75.25
packages/hoppscotch-common/src/helpers/import-export/import/import-sources/UrlSource.ts,88.46
packages/hoppscotch-common/src/helpers/import-export/import/postmanEnv.ts,49.46
packages/hoppscotch-common/src/components/embeds/index.vue,81.59
packages/hoppscotch-common/src/helpers/backend/gql/mutations/UpdateEmbedProperties.graphql,100.00
packages/hoppscotch-common/src/helpers/backend/gql/subscriptions/ShortcodeUpdated.graphql,100.00
packages/hoppscotch-js-sandbox/index.d.ts,100.00
packages/hoppscotch-js-sandbox/node.d.ts,100.00
packages/hoppscotch-js-sandbox/src/node.ts,100.00
packages/hoppscotch-js-sandbox/src/pre-request/node-vm/index.ts,94.74
packages/hoppscotch-js-sandbox/src/pre-request/web-worker/index.ts,100.00
packages/hoppscotch-js-sandbox/src/pre-request/web-worker/worker.ts,100.00
packages/hoppscotch-js-sandbox/src/test-runner/node-vm/index.ts,96.49
packages/hoppscotch-js-sandbox/src/test-runner/web-worker/index.ts,100.00
packages/hoppscotch-js-sandbox/src/test-runner/web-worker/worker.ts,100.00
packages/hoppscotch-js-sandbox/src/types/index.ts,87.14
packages/hoppscotch-js-sandbox/src/web.ts,100.00
packages/hoppscotch-js-sandbox/vite.config.ts,100.00
packages/hoppscotch-js-sandbox/web.d.ts,100.00
packages/hoppscotch-common/src/platform/spotlight.ts,76.92
packages/hoppscotch-common/assets/icons/mqtt.svg,100.00
packages/hoppscotch-common/assets/icons/socketio.svg,100.00
packages/hoppscotch-common/assets/icons/websocket.svg,100.00
packages/hoppscotch-backend/prisma/migrations/20231124104640_infra_config/migration.sql,100.00
packages/hoppscotch-backend/src/infra-config/helper.ts,98.14
packages/hoppscotch-backend/src/infra-config/infra-config.model.ts,100.00
packages/hoppscotch-backend/src/infra-config/infra-config.module.ts,87.50
packages/hoppscotch-backend/src/infra-config/infra-config.service.spec.ts,100.00
packages/hoppscotch-backend/src/infra-config/infra-config.service.ts,91.19
packages/hoppscotch-backend/src/infra-config/input-args.ts,100.00
packages/hoppscotch-backend/src/types/InfraConfig.ts,87.04
packages/hoppscotch-common/src/helpers/functional/yaml.ts,100.00
packages/hoppscotch-common/src/helpers/import-export/import/insomniaEnv.ts,74.56
packages/hoppscotch-sh-admin/src/components/settings/AuthProvider.vue,100.00
packages/hoppscotch-sh-admin/src/components/settings/Configurations.vue,96.43
packages/hoppscotch-sh-admin/src/components/settings/Reset.vue,100.00
packages/hoppscotch-sh-admin/src/components/settings/ServerRestart.vue,91.14
packages/hoppscotch-sh-admin/src/components/settings/SmtpConfiguration.vue,100.00
packages/hoppscotch-sh-admin/src/composables/useClientHandler.ts,100.00
packages/hoppscotch-sh-admin/src/composables/useConfigHandler.ts,96.72
packages/hoppscotch-sh-admin/src/helpers/backend/gql/mutations/EnableAndDisableSso.graphql,100.00
packages/hoppscotch-sh-admin/src/helpers/backend/gql/mutations/ResetInfraConfigs.graphql,100.00
packages/hoppscotch-sh-admin/src/helpers/backend/gql/mutations/UpdateInfraConfigs.graphql,100.00
packages/hoppscotch-sh-admin/src/helpers/backend/gql/queries/AllowedAuthProviders.graphql,100.00
packages/hoppscotch-sh-admin/src/helpers/backend/gql/queries/InfraConfigs.graphql,100.00
packages/hoppscotch-common/src/components/collections/Properties.vue,51.09
packages/hoppscotch-common/src/helpers/backend/gql/mutations/UpdateTeamCollection.graphql,100.00
packages/hoppscotch-common/src/helpers/backend/gql/queries/GetCollectionTitleAndData.graphql,100.00
packages/hoppscotch-common/src/helpers/types/HoppInheritedProperties.ts,100.00
packages/hoppscotch-data/src/collection/v/1.ts,90.00
packages/hoppscotch-data/src/collection/v/2.ts,80.28
packages/hoppscotch-selfhost-web/src/api/mutations/UpdateUserCollection.graphql,100.00
packages/hoppscotch-selfhost-web/src/platform/auth/auth.api.ts,66.67
packages/hoppscotch-selfhost-web/src/platform/auth/auth.platform.ts,40.91
packages/hoppscotch-cli/src/__tests__/samples/collection-level-headers-auth.json,100.00
packages/hoppscotch-selfhost-desktop/postcss.config.cjs,100.00
packages/hoppscotch-selfhost-desktop/tailwind.config.ts,100.00
packages/hoppscotch-common/src/helpers/import-export/export/gist.ts,100.00
packages/hoppscotch-cli/src/__tests__/samples/req-body-env-vars-coll.json,100.00
packages/hoppscotch-cli/src/__tests__/samples/req-body-env-vars-envs.json,100.00
packages/hoppscotch-js-sandbox/src/__tests__/testing/envs/unset.spec.ts,94.55
packages/hoppscotch-common/public/images/states/black/time.svg,100.00
packages/hoppscotch-common/public/images/states/black/upload_error.svg,100.00
packages/hoppscotch-common/public/images/states/dark/time.svg,100.00
packages/hoppscotch-common/public/images/states/dark/upload_error.svg,100.00
packages/hoppscotch-common/public/images/states/light/time.svg,100.00
packages/hoppscotch-common/public/images/states/light/upload_error.svg,100.00
packages/hoppscotch-sh-admin/assets/images/add_group.svg,100.00
packages/hoppscotch-cli/bin/hopp.js,100.00
packages/hoppscotch-js-sandbox/src/__tests__/testing/base64-helper-functions.spec.ts,97.70
packages/hoppscotch-common/src/services/__tests__/secret-environment.service.spec.ts,100.00
packages/hoppscotch-common/src/services/secret-environment.service.ts,100.00
packages/hoppscotch-data/src/environment/v/1.ts,97.83
packages/hoppscotch-cli/src/__tests__/samples/collections/collection-level-headers-auth-coll.json,53.57
packages/hoppscotch-cli/src/__tests__/samples/collections/env-flag-tests-coll.json,75.00
packages/hoppscotch-cli/src/__tests__/samples/collections/fails-coll.json,54.55
packages/hoppscotch-cli/src/__tests__/samples/collections/malformed-coll.json,63.64
packages/hoppscotch-cli/src/__tests__/samples/collections/notjson-coll.txt,100.00
packages/hoppscotch-cli/src/__tests__/samples/collections/passes-coll.json,60.00
packages/hoppscotch-cli/src/__tests__/samples/collections/pre-req-script-env-var-persistence-coll.json,84.00
packages/hoppscotch-cli/src/__tests__/samples/collections/req-body-env-vars-coll.json,75.00
packages/hoppscotch-cli/src/__tests__/samples/collections/secret-envs-coll.json,89.77
packages/hoppscotch-cli/src/__tests__/samples/collections/secret-envs-persistence-coll.json,89.66
packages/hoppscotch-cli/src/__tests__/samples/collections/secret-envs-persistence-scripting-coll.json,88.89
packages/hoppscotch-cli/src/__tests__/samples/environments/bulk-envs.json,100.00
packages/hoppscotch-cli/src/__tests__/samples/environments/malformed-envs.json,100.00
packages/hoppscotch-cli/src/__tests__/samples/environments/req-body-env-vars-envs.json,100.00
packages/hoppscotch-cli/src/__tests__/samples/environments/secret-envs-persistence-scripting-envs.json,100.00
packages/hoppscotch-cli/src/__tests__/samples/environments/secret-envs.json,100.00
packages/hoppscotch-cli/src/__tests__/samples/environments/secret-supplied-values-envs.json,100.00
packages/hoppscotch-backend/src/admin/guards/rest-admin.guard.ts,100.00
packages/hoppscotch-backend/src/infra-config/infra-config.controller.ts,94.44
packages/hoppscotch-backend/src/posthog/posthog.module.ts,100.00
packages/hoppscotch-backend/src/posthog/posthog.service.ts,100.00
packages/hoppscotch-backend/prisma/migrations/20240226053141_full_text_search_additions/migration.sql,51.43
packages/hoppscotch-backend/src/team-collection/helper.ts,100.00
packages/hoppscotch-backend/src/team-collection/team-collection.controller.ts,100.00
packages/hoppscotch-backend/src/team/guards/rest-team-member.guard.ts,100.00
packages/hoppscotch-backend/src/types/CollectionSearchNode.ts,100.00
packages/hoppscotch-backend/src/types/RESTError.ts,100.00
packages/hoppscotch-sh-admin/assets/images/hoppscotch-title.svg,100.00
packages/hoppscotch-sh-admin/src/components/settings/DataSharing.vue,100.00
packages/hoppscotch-sh-admin/src/components/setup/DataSharingAndNewsletter.vue,100.00
packages/hoppscotch-sh-admin/src/helpers/backend/gql/mutations/ToggleAnalyticsCollection.graphql,100.00
packages/hoppscotch-sh-admin/src/pages/setup.vue,100.00
packages/hoppscotch-common/src/components/http/RequestVariables.vue,99.31
packages/hoppscotch-data/src/rest/v/2.ts,98.08
packages/hoppscotch-sh-admin/src/helpers/backend/gql/mutations/DemoteUsersByAdmin.graphql,100.00
packages/hoppscotch-sh-admin/src/helpers/backend/gql/mutations/MakeUsersAdmin.graphql,100.00
packages/hoppscotch-sh-admin/src/helpers/backend/gql/mutations/RemoveUsersByAdmin.graphql,100.00
packages/hoppscotch-sh-admin/src/helpers/backend/gql/mutations/RevokeUserInvitationsByAdmin.graphql,100.00
packages/hoppscotch-sh-admin/src/helpers/backend/gql/mutations/UpdateUserDisplayNameByAdmin.graphql,100.00
packages/hoppscotch-sh-admin/src/helpers/backend/gql/queries/UsersListV2.graphql,100.00
packages/hoppscotch-common/src/helpers/utils/uniqueID.ts,100.00
docker-compose.deploy.yml,96.30
packages/hoppscotch-common/src/components/app/spotlight/entry/RESTTeamRequestEntry.vue,100.00
packages/hoppscotch-common/src/helpers/teams/TeamsSearch.service.ts,95.39
packages/hoppscotch-common/src/services/spotlight/searchers/teamRequest.searcher.ts,57.14
packages/hoppscotch-common/src/services/oauth/flows/authCode.ts,92.67
packages/hoppscotch-common/src/services/oauth/flows/clientCredentials.ts,84.33
packages/hoppscotch-common/src/services/oauth/flows/implicit.ts,98.54
packages/hoppscotch-common/src/services/oauth/flows/password.ts,82.83
packages/hoppscotch-common/src/services/oauth/oauth.service.ts,87.50
packages/hoppscotch-data/src/graphql/v/3.ts,100.00
packages/hoppscotch-data/src/rest/v/3.ts,100.00
packages/hoppscotch-cli/src/__tests__/samples/collections/coll-v1-req-v0.json,100.00
packages/hoppscotch-cli/src/__tests__/samples/collections/coll-v1-req-v1.json,100.00
packages/hoppscotch-cli/src/__tests__/samples/collections/coll-v2-req-v2.json,100.00
packages/hoppscotch-cli/src/__tests__/samples/collections/coll-v2-req-v3.json,100.00
packages/hoppscotch-cli/src/__tests__/samples/collections/sample-coll.json,100.00
packages/hoppscotch-cli/src/__tests__/samples/environments/env-v0.json,100.00
packages/hoppscotch-cli/src/__tests__/samples/environments/env-v1.json,100.00
packages/hoppscotch-selfhost-web/src/api/mutations/UpdateUserDisplayName.graphql,100.00
packages/hoppscotch-sh-admin/src/helpers/userManagement.ts,88.81
packages/hoppscotch-data/src/graphql/v/4.ts,100.00
packages/hoppscotch-data/src/rest/v/4.ts,100.00
packages/hoppscotch-js-sandbox/setupFiles.ts,100.00
packages/hoppscotch-js-sandbox/src/__tests__/base64-helper-functions.spec.ts,100.00
packages/hoppscotch-js-sandbox/src/__tests__/env/get.spec.ts,100.00
packages/hoppscotch-js-sandbox/src/__tests__/env/getResolve.spec.ts,100.00
packages/hoppscotch-js-sandbox/src/__tests__/env/resolve.spec.ts,100.00
packages/hoppscotch-js-sandbox/src/__tests__/env/set.spec.ts,100.00
packages/hoppscotch-js-sandbox/src/__tests__/env/unset.spec.ts,100.00
packages/hoppscotch-js-sandbox/src/__tests__/expect/toBe.spec.ts,100.00
packages/hoppscotch-js-sandbox/src/__tests__/expect/toBeLevelxxx.spec.ts,100.00
packages/hoppscotch-js-sandbox/src/__tests__/expect/toBeType.spec.ts,100.00
packages/hoppscotch-js-sandbox/src/__tests__/expect/toHaveLength.spec.ts,100.00
packages/hoppscotch-js-sandbox/src/__tests__/expect/toInclude.spec.ts,100.00
packages/hoppscotch-js-sandbox/src/__tests__/pre-request.spec.ts,100.00
packages/hoppscotch-js-sandbox/src/__tests__/shared-utils.spec.ts,100.00
packages/hoppscotch-js-sandbox/src/__tests__/test-runner.spec.ts,100.00
packages/hoppscotch-js-sandbox/src/node/index.ts,100.00
packages/hoppscotch-js-sandbox/src/node/pre-request.ts,100.00
packages/hoppscotch-js-sandbox/src/node/test-runner.ts,100.00
packages/hoppscotch-js-sandbox/src/node/utils.ts,100.00
packages/hoppscotch-js-sandbox/src/shared-utils.ts,96.55
packages/hoppscotch-js-sandbox/src/web/index.ts,100.00
packages/hoppscotch-js-sandbox/src/web/pre-request/worker.ts,100.00
packages/hoppscotch-js-sandbox/src/web/test-runner/worker.ts,100.00
packages/hoppscotch-common/src/components/app/SpotlightSearch.vue,100.00
packages/hoppscotch-sh-admin/src/helpers/configs.ts,94.17
packages/hoppscotch-backend/src/health/health.controller.ts,100.00
packages/hoppscotch-backend/src/health/health.module.ts,100.00
packages/hoppscotch-backend/prisma/migrations/20240519093155_add_last_logged_on_to_user/migration.sql,100.00
packages/hoppscotch-backend/src/interceptors/user-last-login.interceptor.ts,100.00
packages/hoppscotch-backend/prisma/migrations/20240520091033_personal_access_tokens/migration.sql,100.00
packages/hoppscotch-backend/src/access-token/access-token.controller.ts,100.00
packages/hoppscotch-backend/src/access-token/access-token.module.ts,100.00
packages/hoppscotch-backend/src/access-token/access-token.service.spec.ts,99.49
packages/hoppscotch-backend/src/access-token/access-token.service.ts,99.02
packages/hoppscotch-backend/src/access-token/dto/create-access-token.dto.ts,100.00
packages/hoppscotch-backend/src/access-token/helper.ts,100.00
packages/hoppscotch-backend/src/guards/rest-pat-auth.guard.ts,100.00
packages/hoppscotch-backend/src/interceptors/access-token.interceptor.ts,100.00
packages/hoppscotch-backend/src/types/AccessToken.ts,100.00
packages/hoppscotch-data/src/graphql/v/5.ts,100.00
packages/hoppscotch-data/src/rest/v/5.ts,100.00
packages/hoppscotch-backend/prisma/migrations/20240621062554_user_last_active_on/migration.sql,100.00
packages/hoppscotch-backend/src/interceptors/user-last-active-on.interceptor.ts,100.00
packages/hoppscotch-common/src/components/accessTokens/GenerateModal.vue,100.00
packages/hoppscotch-common/src/components/accessTokens/List.vue,99.23
packages/hoppscotch-common/src/components/accessTokens/Overview.vue,100.00
packages/hoppscotch-common/src/components/accessTokens/index.vue,100.00
packages/hoppscotch-common/src/components/http/Codegen.vue,73.20
packages/hoppscotch-selfhost-desktop/src-tauri/src/interceptor.rs,81.12
packages/hoppscotch-selfhost-desktop/src/components/modals/NativeCACertificates.vue,99.40
packages/hoppscotch-selfhost-desktop/src/components/modals/NativeClientCertificates.vue,100.00
packages/hoppscotch-selfhost-desktop/src/components/modals/NativeClientCertsAdd.vue,99.65
packages/hoppscotch-selfhost-desktop/src/components/settings/NativeInterceptor.vue,51.40
packages/hoppscotch-selfhost-desktop/src/platform/interceptors/native/index.ts,89.30
packages/hoppscotch-selfhost-desktop/src/platform/interceptors/native/persisted-data.ts,100.00
packages/hoppscotch-backend/src/infra-config/infra-config.resolver.ts,100.00
packages/hoppscotch-backend/src/mailer/helper.ts,100.00
packages/hoppscotch-cli/setupFiles.ts,100.00
packages/hoppscotch-cli/src/__tests__/e2e/commands/test.spec.ts,68.37
packages/hoppscotch-cli/src/__tests__/e2e/fixtures/collections/multiple-child-collections-auth-headers-coll.json,51.62
packages/hoppscotch-cli/src/__tests__/unit/fixtures/workspace-access.mock.ts,51.18
packages/hoppscotch-cli/src/__tests__/unit/getters.spec.ts,99.40
packages/hoppscotch-cli/src/__tests__/unit/workspace-access.spec.ts,60.00
packages/hoppscotch-cli/src/utils/workspace-access.ts,86.32
packages/hoppscotch-cli/vitest.config.ts,100.00
packages/hoppscotch-common/src/components/collections/Runner.vue,100.00
packages/hoppscotch-common/src/components/environments/Properties.vue,98.40
packages/hoppscotch-common/src/components/app/WhatsNewDialog.vue,97.27
packages/hoppscotch-common/src/composables/whats-new.ts,73.86
packages/hoppscotch-common/src/modules/whats-new.ts,100.00
packages/hoppscotch-sh-admin/src/helpers/backend/gql/mutations/ToggleSMTP.graphql,100.00
packages/hoppscotch-sh-admin/src/helpers/backend/gql/queries/IsSMTPEnabled.graphql,100.00
packages/hoppscotch-common/src/platform/infra.ts,54.55
packages/hoppscotch-selfhost-web/src/api/queries/GetSMTPStatus.graphql,100.00
packages/hoppscotch-selfhost-web/src/platform/infra/infra.platform.ts,95.83
packages/hoppscotch-common/src/components/embeds/Header.vue,100.00
packages/hoppscotch-common/src/components/embeds/Request.vue,100.00
packages/hoppscotch-sh-admin/src/components/users/SuccessInviteModal.vue,100.00
packages/hoppscotch-cli/src/__tests__/e2e/commands/__snapshots__/test.spec.ts.snap,89.69
packages/hoppscotch-cli/src/__tests__/e2e/fixtures/collections/test-junit-report-export-coll.json,100.00
packages/hoppscotch-cli/src/utils/reporters/junit.ts,100.00
packages/hoppscotch-backend/prisma/migrations/20240726121956_infra_token/migration.sql,100.00
packages/hoppscotch-backend/src/decorators/bearer-token.decorator.ts,100.00
packages/hoppscotch-backend/src/guards/infra-token.guard.ts,100.00
packages/hoppscotch-backend/src/infra-token/infra-token.controller.ts,90.16
packages/hoppscotch-backend/src/infra-token/infra-token.model.ts,100.00
packages/hoppscotch-backend/src/infra-token/infra-token.module.ts,100.00
packages/hoppscotch-backend/src/infra-token/infra-token.resolver.ts,100.00
packages/hoppscotch-backend/src/infra-token/infra-token.service.ts,100.00
packages/hoppscotch-backend/src/infra-token/request-response.dto.ts,90.74
packages/hoppscotch-backend/src/interceptors/infra-token.interceptor.ts,100.00
packages/hoppscotch-sh-admin/assets/images/pack.svg,100.00
packages/hoppscotch-sh-admin/src/components/tokens/GenerateModal.vue,100.00
packages/hoppscotch-sh-admin/src/components/tokens/List.vue,100.00
packages/hoppscotch-sh-admin/src/components/tokens/Overview.vue,100.00
packages/hoppscotch-sh-admin/src/components/tokens/index.vue,100.00
packages/hoppscotch-sh-admin/src/helpers/backend/gql/mutations/CreateInfraToken.graphql,100.00
packages/hoppscotch-sh-admin/src/helpers/backend/gql/mutations/RevokeInfraToken.graphql,100.00
packages/hoppscotch-sh-admin/src/helpers/backend/gql/queries/InfraTokens.graphql,100.00
packages/hoppscotch-sh-admin/src/helpers/utils/date.ts,100.00
packages/hoppscotch-common/src/helpers/backend/gql/mutations/DuplicateTeamCollection.graphql,100.00
packages/hoppscotch-selfhost-web/src/api/mutations/DuplicateUserCollection.graphql,100.00
packages/hoppscotch-common/src/platform/experiments.ts,68.63
packages/hoppscotch-common/src/composables/ai-experiments.ts,61.98
packages/hoppscotch-cli/src/__tests__/e2e/fixtures/collections/content-type-header-scenarios.json,100.00
packages/hoppscotch-data/src/rest/v/6.ts,100.00
packages/hoppscotch-backend/prisma/migrations/20240725043411_infra_config_encryption/migration.sql,100.00
packages/hoppscotch-cli/src/__tests__/e2e/fixtures/collections/request-vars-coll.json,100.00
packages/hoppscotch-cli/src/__tests__/e2e/fixtures/environments/request-vars-envs.json,100.00
packages/hoppscotch-common/src/components/http/KeyValue.vue,91.95
packages/hoppscotch-data/src/collection/v/3.ts,93.94
packages/hoppscotch-data/src/graphql/v/6.ts,66.28
packages/hoppscotch-data/src/rest/v/7.ts,65.81
packages/hoppscotch-common/src/helpers/utils/sortEnvironmentsAlphabetically.ts,100.00
packages/hoppscotch-cli/src/__tests__/e2e/fixtures/collections/multipart-form-data-coll.json,98.21
packages/hoppscotch-cli/src/__tests__/e2e/fixtures/collections/oauth2-auth-code-coll.json,100.00
packages/hoppscotch-common/src/helpers/import-export/import/har.ts,100.00
packages/hoppscotch-common/src/components/http/ResponseInterface.vue,90.44
packages/hoppscotch-common/src/components/http/authorization/ASAP.vue,100.00
packages/hoppscotch-common/src/components/http/authorization/AWSSign.vue,100.00
packages/hoppscotch-common/src/components/http/authorization/AkamaiEG.vue,100.00
packages/hoppscotch-common/src/components/http/authorization/HAWK.vue,100.00
packages/hoppscotch-common/src/components/http/authorization/NTLM.vue,98.72
packages/hoppscotch-common/src/components/http/authorization/OAuth2.vue,95.52
packages/hoppscotch-common/src/helpers/auth/index.ts,100.00
packages/hoppscotch-cli/src/__tests__/e2e/fixtures/collections/aws-signature-auth-coll.json,100.00
packages/hoppscotch-cli/src/__tests__/e2e/fixtures/environments/aws-signature-auth-envs.json,100.00
packages/hoppscotch-selfhost-desktop/src-tauri/src/interop/mod.rs,100.00
packages/hoppscotch-selfhost-desktop/src-tauri/src/interop/startup/error.rs,100.00
packages/hoppscotch-selfhost-desktop/src-tauri/src/interop/startup/init.rs,100.00
packages/hoppscotch-selfhost-desktop/src-tauri/src/interop/startup/mod.rs,100.00
packages/hoppscotch-selfhost-desktop/src/interop.ts,100.00
packages/hoppscotch-data/src/global-environment/index.ts,100.00
packages/hoppscotch-data/src/global-environment/v/0.ts,100.00
packages/hoppscotch-data/src/global-environment/v/1.ts,100.00
packages/hoppscotch-common/src/helpers/error-messages/index.ts,100.00
packages/hoppscotch-data/src/collection/v/4.ts,94.87
packages/hoppscotch-data/src/graphql/v/7.ts,100.00
packages/hoppscotch-data/src/rest/v/8.ts,47.65
packages/hoppscotch-common/src/helpers/editor/extensions/HoppPredefinedVariables.ts,91.03
packages/hoppscotch-data/src/predefinedVariables.ts,99.46
packages/hoppscotch-common/src/components/importExport/ImportExportSteps/AllCollectionImport.vue,100.00
packages/hoppscotch-common/src/components/collections/EditResponse.vue,100.00
packages/hoppscotch-common/src/components/collections/ExampleResponse.vue,100.00
packages/hoppscotch-common/src/components/http/SaveResponseName.vue,100.00
packages/hoppscotch-common/src/components/http/example/LenseBodyRenderer.vue,100.00
packages/hoppscotch-common/src/components/http/example/Response.vue,100.00
packages/hoppscotch-common/src/components/http/example/ResponseMeta.vue,100.00
packages/hoppscotch-common/src/components/http/example/ResponseRequest.vue,100.00
packages/hoppscotch-common/src/components/http/example/ResponseTab.vue,100.00
packages/hoppscotch-data/src/utils/statusCodes.ts,100.00
packages/hoppscotch-selfhost-desktop/src/api/subscriptions/UserCollectionDuplicated.graphql,100.00
packages/hoppscotch-selfhost-web/src/api/subscriptions/userCollectionDuplicated.graphql,100.00
packages/hoppscotch-common/src/components/aiexperiments/MergeView.vue,100.00
packages/hoppscotch-common/src/components/aiexperiments/ModifyBodyModal.vue,100.00
packages/hoppscotch-common/src/helpers/editor/linting/jsonc.ts,98.41
packages/hoppscotch-common/src/helpers/jsoncParse.ts,100.00
packages/hoppscotch-common/src/helpers/editor/linting/jsoncPretty.ts,100.00
packages/hoppscotch-agent/.envrc,100.00
packages/hoppscotch-agent/.gitignore,100.00
packages/hoppscotch-agent/README.md,100.00
packages/hoppscotch-agent/devenv.lock,93.06
packages/hoppscotch-agent/devenv.nix,61.04
packages/hoppscotch-agent/devenv.yaml,100.00
packages/hoppscotch-agent/index.html,100.00
packages/hoppscotch-agent/package.json,66.04
packages/hoppscotch-agent/pnpm-lock.yaml,100.00
packages/hoppscotch-agent/postcss.config.js,100.00
packages/hoppscotch-agent/public/tauri.svg,100.00
packages/hoppscotch-agent/public/vite.svg,100.00
packages/hoppscotch-agent/src-tauri/.gitignore,100.00
packages/hoppscotch-agent/src-tauri/Cargo.lock,74.54
packages/hoppscotch-agent/src-tauri/Cargo.toml,56.18
packages/hoppscotch-agent/src-tauri/build.rs,100.00
packages/hoppscotch-agent/src-tauri/capabilities/default.json,52.00
packages/hoppscotch-agent/src-tauri/src/controller.rs,59.96
packages/hoppscotch-agent/src-tauri/src/error.rs,67.57
packages/hoppscotch-agent/src-tauri/src/interceptor.rs,100.00
packages/hoppscotch-agent/src-tauri/src/lib.rs,57.35
packages/hoppscotch-agent/src-tauri/src/main.rs,66.67
packages/hoppscotch-agent/src-tauri/src/model.rs,56.59
packages/hoppscotch-agent/src-tauri/src/route.rs,75.68
packages/hoppscotch-agent/src-tauri/src/server.rs,53.97
packages/hoppscotch-agent/src-tauri/src/state.rs,63.51
packages/hoppscotch-agent/src-tauri/src/tray.rs,74.38
packages/hoppscotch-agent/src-tauri/src/updater.rs,72.36
packages/hoppscotch-agent/src-tauri/src/util.rs,61.79
packages/hoppscotch-agent/src-tauri/tauri.conf.json,86.15
packages/hoppscotch-agent/src/App.vue,69.13
packages/hoppscotch-agent/src/index.css,100.00
packages/hoppscotch-agent/src/main.ts,100.00
packages/hoppscotch-agent/src/vite-env.d.ts,100.00
packages/hoppscotch-agent/tailwind.config.js,100.00
packages/hoppscotch-agent/tsconfig.json,100.00
packages/hoppscotch-agent/tsconfig.node.json,100.00
packages/hoppscotch-agent/vite.config.ts,81.97
packages/hoppscotch-common/src/components/interceptors/agent/ModalNativeClientCertificates.vue,100.00
packages/hoppscotch-common/src/components/interceptors/agent/ModalNativeClientCertsAdd.vue,100.00
packages/hoppscotch-common/src/components/interceptors/agent/RegistrationModal.vue,100.00
packages/hoppscotch-common/src/components/interceptors/agent/RootExt.vue,100.00
packages/hoppscotch-common/src/components/settings/Agent.vue,84.58
packages/hoppscotch-common/src/platform/std/interceptors/agent/index.ts,99.42
packages/hoppscotch-common/src/platform/std/interceptors/agent/persisted-data.ts,100.00
packages/hoppscotch-common/src/services/ui-extension.service.ts,100.00
packages/hoppscotch-common/src/platform/limits.ts,100.00
packages/hoppscotch-common/src/components/smart/EncodingPicker.vue,100.00
packages/hoppscotch-common/src/platform/std/interceptors/helpers.ts,100.00
packages/hoppscotch-common/src/components/interceptors/agent/ModalNativeCACertificates.vue,100.00
packages/hoppscotch-common/src/helpers/utils/file-extension.ts,100.00
packages/hoppscotch-relay/.envrc,100.00
packages/hoppscotch-relay/.gitignore,100.00
packages/hoppscotch-relay/Cargo.lock,100.00
packages/hoppscotch-relay/Cargo.toml,100.00
packages/hoppscotch-relay/LICENSE.md,100.00
packages/hoppscotch-relay/README.md,100.00
packages/hoppscotch-relay/devenv.lock,100.00
packages/hoppscotch-relay/devenv.nix,100.00
packages/hoppscotch-relay/devenv.yaml,100.00
packages/hoppscotch-relay/src/error.rs,100.00
packages/hoppscotch-relay/src/interop.rs,100.00
packages/hoppscotch-relay/src/lib.rs,100.00
packages/hoppscotch-relay/src/relay.rs,100.00
packages/hoppscotch-relay/src/util.rs,100.00
packages/hoppscotch-agent/src-tauri/.cargo/config.toml,100.00
packages/hoppscotch-agent/src-tauri/src/dialog.rs,100.00
packages/hoppscotch-agent/src-tauri/src/webview/error.rs,100.00
packages/hoppscotch-agent/src-tauri/src/webview/mod.rs,99.53
packages/hoppscotch-agent/src-tauri/tauri.portable.conf.json,98.11
.github/workflows/build-hoppscotch-agent.yml,100.00
packages/hoppscotch-selfhost-desktop/.envrc,100.00
packages/hoppscotch-selfhost-desktop/devenv.lock,100.00
packages/hoppscotch-selfhost-desktop/devenv.nix,100.00
packages/hoppscotch-selfhost-desktop/devenv.yaml,100.00
packages/hoppscotch-common/src/helpers/editor/extensions/helpers.ts,100.00
packages/hoppscotch-common/src/helpers/import-export/export/testResults.ts,96.67
packages/hoppscotch-cli/src/__tests__/e2e/fixtures/collections/digest-auth-coll.json,100.00
packages/hoppscotch-cli/src/__tests__/e2e/fixtures/collections/digest-auth-failure-coll.json,100.00
packages/hoppscotch-cli/src/__tests__/e2e/fixtures/collections/digest-auth-success-coll.json,100.00
packages/hoppscotch-cli/src/__tests__/e2e/fixtures/environments/digest-auth-envs.json,100.00
packages/hoppscotch-cli/src/utils/auth/digest.ts,81.76
packages/hoppscotch-common/src/components/http/authorization/Digest.vue,98.32
packages/hoppscotch-common/src/helpers/auth/digest.ts,80.77
packages/hoppscotch-common/src/services/inspection/inspectors/authorization.inspector.ts,95.87
packages/hoppscotch-agent/src-tauri/src/global.rs,100.00
packages/hoppscotch-cli/src/__tests__/e2e/fixtures/collections/iteration-data-tests-coll.json,100.00
packages/hoppscotch-cli/src/__tests__/e2e/fixtures/environments/iteration-data-envs.json,100.00
packages/hoppscotch-cli/src/__tests__/e2e/fixtures/environments/iteration-data-export.csv,100.00
packages/hoppscotch-data/src/rest/v/9.ts,47.77
packages/hoppscotch-common/src/components/importExport/ImportExportSteps/ImportSummary.vue,100.00
packages/hoppscotch-common/src/components/http/test/Env.vue,100.00
packages/hoppscotch-common/src/components/http/test/Folder.vue,100.00
packages/hoppscotch-common/src/components/http/test/Request.vue,100.00
packages/hoppscotch-common/src/components/http/test/Response.vue,98.67
packages/hoppscotch-common/src/components/http/test/ResultFolder.vue,100.00
packages/hoppscotch-common/src/components/http/test/ResultRequest.vue,100.00
packages/hoppscotch-common/src/components/http/test/Runner.vue,99.77
packages/hoppscotch-common/src/components/http/test/RunnerMeta.vue,100.00
packages/hoppscotch-common/src/components/http/test/RunnerModal.vue,87.80
packages/hoppscotch-common/src/components/http/test/RunnerResult.vue,100.00
packages/hoppscotch-common/src/components/http/test/TestResult.vue,100.00
packages/hoppscotch-common/src/helpers/runner/adapter.ts,100.00
packages/hoppscotch-common/src/helpers/runner/collection-tree.ts,100.00
packages/hoppscotch-common/src/services/test-runner/test-runner.service.ts,100.00
packages/hoppscotch-data/src/collection/v/5.ts,94.74
packages/hoppscotch-data/src/utils/collection.ts,100.00
packages/hoppscotch-common/src/components/http/BodyBinary.vue,98.70
packages/hoppscotch-common/src/services/inspection/inspectors/interceptors.inspector.ts,89.61
packages/hoppscotch-backend/prisma/migrations/20241118054346_infra_config_sync_with_env_file/migration.sql,100.00
packages/hoppscotch-backend/src/user-history/user-history-feature-flag.guard.ts,100.00
packages/hoppscotch-selfhost-desktop/src/api/queries/IsUserHistoryEnabled.graphql,100.00
packages/hoppscotch-selfhost-desktop/src/api/subscriptions/UserHistoryAllDeleted.graphql,100.00
packages/hoppscotch-selfhost-desktop/src/api/subscriptions/UserHistoryStoreStatusChanged.graphql,100.00
packages/hoppscotch-selfhost-web/src/api/queries/IsUserHistoryEnabled.graphql,100.00
packages/hoppscotch-selfhost-web/src/api/subscriptions/UserHistoryAllDeleted.graphql,100.00
packages/hoppscotch-selfhost-web/src/api/subscriptions/UserHistoryStoreStatusChanged.graphql,100.00
packages/hoppscotch-sh-admin/src/components/settings/HistoryConfiguration.vue,100.00
packages/hoppscotch-sh-admin/src/helpers/backend/gql/mutations/RevokeAllUserHistoryByAdmin.graphql,100.00
packages/hoppscotch-sh-admin/src/helpers/backend/gql/mutations/ToggleUserHistoryStore.graphql,100.00
packages/hoppscotch-data/src/rest/v/10.ts,100.00
packages/hoppscotch-common/src/helpers/runner/temp_envs.ts,100.00
packages/hoppscotch-common/src/components/aiexperiments/ModifyPreRequestModal.vue,100.00
packages/hoppscotch-common/src/components/aiexperiments/ModifyTestScriptModal.vue,100.00
packages/hoppscotch-data/src/collection/v/6.ts,100.00
packages/hoppscotch-data/src/graphql/v/8.ts,100.00
packages/hoppscotch-data/src/rest/v/11.ts,100.00
packages/hoppscotch-common/src/components/history/Personal.vue,92.57
packages/hoppscotch-common/src/services/__tests__/history-ui-provider.service.spec.ts,100.00
packages/hoppscotch-common/src/services/history-ui-provider.service.ts,100.00
packages/hoppscotch-common/src/components/app/Markdown.vue,100.00
packages/hoppscotch-common/src/components/graphql/Argument.vue,100.00
packages/hoppscotch-common/src/components/graphql/Arguments.vue,100.00
packages/hoppscotch-common/src/components/graphql/DefaultValue.vue,100.00
packages/hoppscotch-common/src/components/graphql/Directives.vue,100.00
packages/hoppscotch-common/src/components/graphql/DocExplorer.vue,100.00
packages/hoppscotch-common/src/components/graphql/EnumValues.vue,100.00
packages/hoppscotch-common/src/components/graphql/ExplorerSection.vue,69.32
packages/hoppscotch-common/src/components/graphql/FieldDocumentation.vue,100.00
packages/hoppscotch-common/src/components/graphql/FieldLink.vue,100.00
packages/hoppscotch-common/src/components/graphql/Fields.vue,100.00
packages/hoppscotch-common/src/components/graphql/ImplementsInterfaces.vue,100.00
packages/hoppscotch-common/src/components/graphql/SchemaDocumentation.vue,100.00
packages/hoppscotch-common/src/components/graphql/SchemaSearch.vue,100.00
packages/hoppscotch-common/src/components/graphql/TypeDocumentation.vue,100.00
packages/hoppscotch-common/src/helpers/graphql/explorer.ts,100.00
packages/hoppscotch-common/src/helpers/graphql/query.ts,100.00
packages/hoppscotch-common/src/helpers/proxyUrl.ts,100.00
packages/hoppscotch-common/src/platform/backend.ts,100.00
packages/hoppscotch-common/src/platform/organization.ts,100.00
packages/hoppscotch-common/src/platform/std/backend.ts,100.00
packages/hoppscotch-common/src/helpers/import-export/import/workers/openapi-import-worker.ts,100.00
.envrc,100.00
devenv.lock,100.00
devenv.nix,100.00
packages/hoppscotch-agent/src-tauri/src/command.rs,100.00
packages/hoppscotch-agent/src/pages/otp.vue,100.00
packages/hoppscotch-agent/src/pages/registrations.vue,100.00
packages/hoppscotch-common/src/components/app/KernelInterceptor.vue,100.00
packages/hoppscotch-common/src/components/instance/Switcher.vue,100.00
packages/hoppscotch-common/src/components/settings/AgentSubtitle.vue,100.00
packages/hoppscotch-common/src/components/settings/ExtensionSubtitle.vue,100.00
packages/hoppscotch-common/src/components/settings/Native.vue,100.00
packages/hoppscotch-common/src/composables/picker.ts,100.00
packages/hoppscotch-common/src/helpers/functional/domain-settings.ts,100.00
packages/hoppscotch-common/src/helpers/functional/filter-active.ts,100.00
packages/hoppscotch-common/src/helpers/functional/parse.ts,100.00
packages/hoppscotch-common/src/helpers/functional/preprocess.ts,100.00
packages/hoppscotch-common/src/helpers/kernel/__tests__/kernel.spec.ts,100.00
packages/hoppscotch-common/src/helpers/kernel/common/auth.ts,100.00
packages/hoppscotch-common/src/helpers/kernel/common/content.ts,100.00
packages/hoppscotch-common/src/helpers/kernel/common/index.ts,100.00
packages/hoppscotch-common/src/helpers/kernel/gql/request.ts,100.00
packages/hoppscotch-common/src/helpers/kernel/gql/response.ts,100.00
packages/hoppscotch-common/src/helpers/kernel/rest/index.ts,100.00
packages/hoppscotch-common/src/helpers/kernel/rest/request.ts,100.00
packages/hoppscotch-common/src/helpers/kernel/rest/response.ts,100.00
packages/hoppscotch-common/src/kernel/index.ts,100.00
packages/hoppscotch-common/src/kernel/io.ts,100.00
packages/hoppscotch-common/src/kernel/relay.ts,100.00
packages/hoppscotch-common/src/kernel/store.ts,100.00
packages/hoppscotch-common/src/modules/kernel-interceptors.ts,100.00
packages/hoppscotch-common/src/platform/kernel-interceptors.ts,100.00
packages/hoppscotch-common/src/platform/kernel-io.ts,100.00
packages/hoppscotch-common/src/platform/std/kernel-interceptors/agent/index.ts,100.00
packages/hoppscotch-common/src/platform/std/kernel-interceptors/agent/store.ts,100.00
packages/hoppscotch-common/src/platform/std/kernel-interceptors/browser/index.ts,100.00
packages/hoppscotch-common/src/platform/std/kernel-interceptors/browser/store.ts,100.00
packages/hoppscotch-common/src/platform/std/kernel-interceptors/extension/index.ts,99.48
packages/hoppscotch-common/src/platform/std/kernel-interceptors/extension/store.ts,100.00
packages/hoppscotch-common/src/platform/std/kernel-interceptors/native/index.ts,100.00
packages/hoppscotch-common/src/platform/std/kernel-interceptors/native/store.ts,100.00
packages/hoppscotch-common/src/platform/std/kernel-interceptors/proxy/index.ts,99.78
packages/hoppscotch-common/src/platform/std/kernel-interceptors/proxy/store.ts,100.00
packages/hoppscotch-common/src/platform/std/kernel-io.ts,100.00
packages/hoppscotch-common/src/services/__tests__/kernel-interceptor.service.spec.ts,100.00
packages/hoppscotch-common/src/services/initialization.service.ts,100.00
packages/hoppscotch-common/src/services/inspection/inspectors/__tests__/request.inspector.spec.ts,100.00
packages/hoppscotch-common/src/services/inspection/inspectors/request.inspector.ts,100.00
packages/hoppscotch-common/src/services/instance-switcher.service.ts,99.12
packages/hoppscotch-common/src/services/kernel-interceptor.service.ts,100.00
packages/hoppscotch-common/src/services/spotlight/searchers/kernel-interceptor.searcher.ts,100.00
packages/hoppscotch-common/src/types/kernel.d.ts,100.00
packages/hoppscotch-desktop/.gitignore,100.00
packages/hoppscotch-desktop/README.md,100.00
packages/hoppscotch-desktop/crates/webapp-bundler/.gitignore,100.00
packages/hoppscotch-desktop/crates/webapp-bundler/Cargo.lock,100.00
packages/hoppscotch-desktop/crates/webapp-bundler/Cargo.toml,100.00
packages/hoppscotch-desktop/crates/webapp-bundler/src/main.rs,100.00
packages/hoppscotch-desktop/index.html,100.00
packages/hoppscotch-desktop/package.json,96.00
packages/hoppscotch-desktop/plugin-workspace/relay/.envrc,100.00
packages/hoppscotch-desktop/plugin-workspace/relay/.gitignore,100.00
packages/hoppscotch-desktop/plugin-workspace/relay/Cargo.lock,100.00
packages/hoppscotch-desktop/plugin-workspace/relay/Cargo.toml,100.00
packages/hoppscotch-desktop/plugin-workspace/relay/LICENSE.md,100.00
packages/hoppscotch-desktop/plugin-workspace/relay/README.md,100.00
packages/hoppscotch-desktop/plugin-workspace/relay/devenv.lock,100.00
packages/hoppscotch-desktop/plugin-workspace/relay/devenv.nix,100.00
packages/hoppscotch-desktop/plugin-workspace/relay/src/auth.rs,100.00
packages/hoppscotch-desktop/plugin-workspace/relay/src/content.rs,100.00
packages/hoppscotch-desktop/plugin-workspace/relay/src/error.rs,100.00
packages/hoppscotch-desktop/plugin-workspace/relay/src/header.rs,100.00
packages/hoppscotch-desktop/plugin-workspace/relay/src/interop.rs,100.00
packages/hoppscotch-desktop/plugin-workspace/relay/src/lib.rs,100.00
packages/hoppscotch-desktop/plugin-workspace/relay/src/relay.rs,100.00
packages/hoppscotch-desktop/plugin-workspace/relay/src/request.rs,100.00
packages/hoppscotch-desktop/plugin-workspace/relay/src/response.rs,100.00
packages/hoppscotch-desktop/plugin-workspace/relay/src/security.rs,100.00
packages/hoppscotch-desktop/plugin-workspace/relay/src/transfer.rs,100.00
packages/hoppscotch-desktop/plugin-workspace/relay/src/util.rs,100.00
packages/hoppscotch-desktop/plugin-workspace/tauri-plugin-appload/.envrc,100.00
packages/hoppscotch-desktop/plugin-workspace/tauri-plugin-appload/.gitignore,100.00
packages/hoppscotch-desktop/plugin-workspace/tauri-plugin-appload/Cargo.lock,100.00
packages/hoppscotch-desktop/plugin-workspace/tauri-plugin-appload/Cargo.toml,100.00
packages/hoppscotch-desktop/plugin-workspace/tauri-plugin-appload/LICENSE.md,100.00
packages/hoppscotch-desktop/plugin-workspace/tauri-plugin-appload/README.md,100.00
packages/hoppscotch-desktop/plugin-workspace/tauri-plugin-appload/build.rs,100.00
packages/hoppscotch-desktop/plugin-workspace/tauri-plugin-appload/devenv.lock,100.00
packages/hoppscotch-desktop/plugin-workspace/tauri-plugin-appload/devenv.nix,100.00
packages/hoppscotch-desktop/plugin-workspace/tauri-plugin-appload/devenv.yaml,100.00
packages/hoppscotch-desktop/plugin-workspace/tauri-plugin-appload/dist-js/index.cjs,100.00
packages/hoppscotch-desktop/plugin-workspace/tauri-plugin-appload/dist-js/index.d.ts,100.00
packages/hoppscotch-desktop/plugin-workspace/tauri-plugin-appload/dist-js/index.d.ts.map,100.00
packages/hoppscotch-desktop/plugin-workspace/tauri-plugin-appload/dist-js/index.js,100.00
packages/hoppscotch-desktop/plugin-workspace/tauri-plugin-appload/examples/tauri-app/.gitignore,100.00
packages/hoppscotch-desktop/plugin-workspace/tauri-plugin-appload/examples/tauri-app/.vscode/extensions.json,100.00
packages/hoppscotch-desktop/plugin-workspace/tauri-plugin-appload/examples/tauri-app/README.md,100.00
packages/hoppscotch-desktop/plugin-workspace/tauri-plugin-appload/examples/tauri-app/index.html,100.00
packages/hoppscotch-desktop/plugin-workspace/tauri-plugin-appload/examples/tauri-app/jsconfig.json,100.00
packages/hoppscotch-desktop/plugin-workspace/tauri-plugin-appload/examples/tauri-app/package.json,100.00
packages/hoppscotch-desktop/plugin-workspace/tauri-plugin-appload/examples/tauri-app/public/svelte.svg,100.00
packages/hoppscotch-desktop/plugin-workspace/tauri-plugin-appload/examples/tauri-app/public/tauri.svg,100.00
packages/hoppscotch-desktop/plugin-workspace/tauri-plugin-appload/examples/tauri-app/public/vite.svg,100.00
packages/hoppscotch-desktop/plugin-workspace/tauri-plugin-appload/examples/tauri-app/src-tauri/.gitignore,100.00
packages/hoppscotch-desktop/plugin-workspace/tauri-plugin-appload/examples/tauri-app/src-tauri/Cargo.toml,100.00
packages/hoppscotch-desktop/plugin-workspace/tauri-plugin-appload/examples/tauri-app/src-tauri/build.rs,100.00
packages/hoppscotch-desktop/plugin-workspace/tauri-plugin-appload/examples/tauri-app/src-tauri/capabilities/default.json,100.00
packages/hoppscotch-desktop/plugin-workspace/tauri-plugin-appload/examples/tauri-app/src-tauri/src/lib.rs,100.00
packages/hoppscotch-desktop/plugin-workspace/tauri-plugin-appload/examples/tauri-app/src-tauri/src/main.rs,100.00
packages/hoppscotch-desktop/plugin-workspace/tauri-plugin-appload/examples/tauri-app/src-tauri/tauri.conf.json,100.00
packages/hoppscotch-desktop/plugin-workspace/tauri-plugin-appload/examples/tauri-app/src/App.svelte,100.00
packages/hoppscotch-desktop/plugin-workspace/tauri-plugin-appload/examples/tauri-app/src/lib/Greet.svelte,100.00
packages/hoppscotch-desktop/plugin-workspace/tauri-plugin-appload/examples/tauri-app/src/main.js,100.00
packages/hoppscotch-desktop/plugin-workspace/tauri-plugin-appload/examples/tauri-app/src/style.css,100.00
packages/hoppscotch-desktop/plugin-workspace/tauri-plugin-appload/examples/tauri-app/src/vite-env.d.ts,100.00
packages/hoppscotch-desktop/plugin-workspace/tauri-plugin-appload/examples/tauri-app/vite.config.js,100.00
packages/hoppscotch-desktop/plugin-workspace/tauri-plugin-appload/guest-js/index.ts,100.00
packages/hoppscotch-desktop/plugin-workspace/tauri-plugin-appload/package.json,100.00
packages/hoppscotch-desktop/plugin-workspace/tauri-plugin-appload/permissions/autogenerated/commands/clear.toml,100.00
packages/hoppscotch-desktop/plugin-workspace/tauri-plugin-appload/permissions/autogenerated/commands/download.toml,100.00
packages/hoppscotch-desktop/plugin-workspace/tauri-plugin-appload/permissions/autogenerated/commands/load.toml,100.00
packages/hoppscotch-desktop/plugin-workspace/tauri-plugin-appload/permissions/autogenerated/commands/ping.toml,100.00
packages/hoppscotch-desktop/plugin-workspace/tauri-plugin-appload/permissions/autogenerated/commands/remove.toml,100.00
packages/hoppscotch-desktop/plugin-workspace/tauri-plugin-appload/permissions/autogenerated/reference.md,100.00
packages/hoppscotch-desktop/plugin-workspace/tauri-plugin-appload/permissions/default.toml,100.00
packages/hoppscotch-desktop/plugin-workspace/tauri-plugin-appload/permissions/schemas/schema.json,100.00
packages/hoppscotch-desktop/plugin-workspace/tauri-plugin-appload/pnpm-lock.yaml,100.00
packages/hoppscotch-desktop/plugin-workspace/tauri-plugin-appload/rollup.config.js,100.00
packages/hoppscotch-desktop/plugin-workspace/tauri-plugin-appload/src/api/client.rs,100.00
packages/hoppscotch-desktop/plugin-workspace/tauri-plugin-appload/src/api/error.rs,100.00
packages/hoppscotch-desktop/plugin-workspace/tauri-plugin-appload/src/api/mod.rs,100.00
packages/hoppscotch-desktop/plugin-workspace/tauri-plugin-appload/src/api/model.rs,100.00
packages/hoppscotch-desktop/plugin-workspace/tauri-plugin-appload/src/bundle/error.rs,100.00
packages/hoppscotch-desktop/plugin-workspace/tauri-plugin-appload/src/bundle/loader.rs,100.00
packages/hoppscotch-desktop/plugin-workspace/tauri-plugin-appload/src/bundle/mod.rs,100.00
packages/hoppscotch-desktop/plugin-workspace/tauri-plugin-appload/src/bundle/verified.rs,100.00
packages/hoppscotch-desktop/plugin-workspace/tauri-plugin-appload/src/cache/error.rs,100.00
packages/hoppscotch-desktop/plugin-workspace/tauri-plugin-appload/src/cache/manager.rs,100.00
packages/hoppscotch-desktop/plugin-workspace/tauri-plugin-appload/src/cache/mod.rs,100.00
packages/hoppscotch-desktop/plugin-workspace/tauri-plugin-appload/src/cache/policy.rs,100.00
packages/hoppscotch-desktop/plugin-workspace/tauri-plugin-appload/src/cache/store.rs,100.00
packages/hoppscotch-desktop/plugin-workspace/tauri-plugin-appload/src/commands.rs,100.00
packages/hoppscotch-desktop/plugin-workspace/tauri-plugin-appload/src/config/mod.rs,100.00
packages/hoppscotch-desktop/plugin-workspace/tauri-plugin-appload/src/config/model.rs,100.00
packages/hoppscotch-desktop/plugin-workspace/tauri-plugin-appload/src/desktop.rs,100.00
packages/hoppscotch-desktop/plugin-workspace/tauri-plugin-appload/src/envvar.rs,100.00
packages/hoppscotch-desktop/plugin-workspace/tauri-plugin-appload/src/error.rs,100.00
packages/hoppscotch-desktop/plugin-workspace/tauri-plugin-appload/src/global.rs,100.00
packages/hoppscotch-desktop/plugin-workspace/tauri-plugin-appload/src/kernel.js,100.00
packages/hoppscotch-desktop/plugin-workspace/tauri-plugin-appload/src/lib.rs,100.00
packages/hoppscotch-desktop/plugin-workspace/tauri-plugin-appload/src/mobile.rs,100.00
packages/hoppscotch-desktop/plugin-workspace/tauri-plugin-appload/src/models.rs,100.00
packages/hoppscotch-desktop/plugin-workspace/tauri-plugin-appload/src/storage/error.rs,100.00
packages/hoppscotch-desktop/plugin-workspace/tauri-plugin-appload/src/storage/layout.rs,100.00
packages/hoppscotch-desktop/plugin-workspace/tauri-plugin-appload/src/storage/manager.rs,100.00
packages/hoppscotch-desktop/plugin-workspace/tauri-plugin-appload/src/storage/mod.rs,100.00
packages/hoppscotch-desktop/plugin-workspace/tauri-plugin-appload/src/storage/registry.rs,100.00
packages/hoppscotch-desktop/plugin-workspace/tauri-plugin-appload/src/ui/macos/mod.rs,100.00
packages/hoppscotch-desktop/plugin-workspace/tauri-plugin-appload/src/ui/macos/posit.rs,100.00
packages/hoppscotch-desktop/plugin-workspace/tauri-plugin-appload/src/ui/mod.rs,100.00
packages/hoppscotch-desktop/plugin-workspace/tauri-plugin-appload/src/ui/windows/mod.rs,100.00
packages/hoppscotch-desktop/plugin-workspace/tauri-plugin-appload/src/ui/windows/posit.rs,100.00
packages/hoppscotch-desktop/plugin-workspace/tauri-plugin-appload/src/uri/error.rs,100.00
packages/hoppscotch-desktop/plugin-workspace/tauri-plugin-appload/src/uri/handler.rs,100.00
packages/hoppscotch-desktop/plugin-workspace/tauri-plugin-appload/src/uri/mod.rs,100.00
packages/hoppscotch-desktop/plugin-workspace/tauri-plugin-appload/src/vendor/builder.rs,100.00
packages/hoppscotch-desktop/plugin-workspace/tauri-plugin-appload/src/vendor/config.rs,100.00
packages/hoppscotch-desktop/plugin-workspace/tauri-plugin-appload/src/vendor/error.rs,100.00
packages/hoppscotch-desktop/plugin-workspace/tauri-plugin-appload/src/vendor/mod.rs,100.00
packages/hoppscotch-desktop/plugin-workspace/tauri-plugin-appload/src/verification/bundle.rs,100.00
packages/hoppscotch-desktop/plugin-workspace/tauri-plugin-appload/src/verification/error.rs,100.00
packages/hoppscotch-desktop/plugin-workspace/tauri-plugin-appload/src/verification/file.rs,100.00
packages/hoppscotch-desktop/plugin-workspace/tauri-plugin-appload/src/verification/key.rs,100.00
packages/hoppscotch-desktop/plugin-workspace/tauri-plugin-appload/src/verification/mod.rs,100.00
packages/hoppscotch-desktop/plugin-workspace/tauri-plugin-appload/tsconfig.json,100.00
packages/hoppscotch-desktop/plugin-workspace/tauri-plugin-relay/.envrc,100.00
packages/hoppscotch-desktop/plugin-workspace/tauri-plugin-relay/.gitignore,100.00
packages/hoppscotch-desktop/plugin-workspace/tauri-plugin-relay/Cargo.lock,100.00
packages/hoppscotch-desktop/plugin-workspace/tauri-plugin-relay/Cargo.toml,100.00
packages/hoppscotch-desktop/plugin-workspace/tauri-plugin-relay/LICENSE.md,100.00
packages/hoppscotch-desktop/plugin-workspace/tauri-plugin-relay/README.md,100.00
packages/hoppscotch-desktop/plugin-workspace/tauri-plugin-relay/build.rs,100.00
packages/hoppscotch-desktop/plugin-workspace/tauri-plugin-relay/devenv.lock,100.00
packages/hoppscotch-desktop/plugin-workspace/tauri-plugin-relay/devenv.nix,100.00
packages/hoppscotch-desktop/plugin-workspace/tauri-plugin-relay/devenv.yaml,100.00
packages/hoppscotch-desktop/plugin-workspace/tauri-plugin-relay/dist-js/index.cjs,100.00
packages/hoppscotch-desktop/plugin-workspace/tauri-plugin-relay/dist-js/index.d.ts,100.00
packages/hoppscotch-desktop/plugin-workspace/tauri-plugin-relay/dist-js/index.d.ts.map,100.00
packages/hoppscotch-desktop/plugin-workspace/tauri-plugin-relay/dist-js/index.js,100.00
packages/hoppscotch-desktop/plugin-workspace/tauri-plugin-relay/guest-js/index.ts,100.00
packages/hoppscotch-desktop/plugin-workspace/tauri-plugin-relay/package.json,100.00
packages/hoppscotch-desktop/plugin-workspace/tauri-plugin-relay/permissions/autogenerated/commands/cancel.toml,100.00
packages/hoppscotch-desktop/plugin-workspace/tauri-plugin-relay/permissions/autogenerated/commands/execute.toml,100.00
packages/hoppscotch-desktop/plugin-workspace/tauri-plugin-relay/permissions/autogenerated/commands/run.toml,100.00
packages/hoppscotch-desktop/plugin-workspace/tauri-plugin-relay/permissions/autogenerated/commands/subscribe.toml,100.00
packages/hoppscotch-desktop/plugin-workspace/tauri-plugin-relay/permissions/autogenerated/reference.md,100.00
packages/hoppscotch-desktop/plugin-workspace/tauri-plugin-relay/permissions/default.toml,100.00
packages/hoppscotch-desktop/plugin-workspace/tauri-plugin-relay/permissions/schemas/schema.json,100.00
packages/hoppscotch-desktop/plugin-workspace/tauri-plugin-relay/pnpm-lock.yaml,100.00
packages/hoppscotch-desktop/plugin-workspace/tauri-plugin-relay/rollup.config.js,100.00
packages/hoppscotch-desktop/plugin-workspace/tauri-plugin-relay/src/commands.rs,100.00
packages/hoppscotch-desktop/plugin-workspace/tauri-plugin-relay/src/desktop.rs,100.00
packages/hoppscotch-desktop/plugin-workspace/tauri-plugin-relay/src/error.rs,100.00
packages/hoppscotch-desktop/plugin-workspace/tauri-plugin-relay/src/lib.rs,100.00
packages/hoppscotch-desktop/plugin-workspace/tauri-plugin-relay/src/mobile.rs,100.00
packages/hoppscotch-desktop/plugin-workspace/tauri-plugin-relay/src/models.rs,100.00
packages/hoppscotch-desktop/plugin-workspace/tauri-plugin-relay/tsconfig.json,100.00
packages/hoppscotch-desktop/postcss.config.js,100.00
packages/hoppscotch-desktop/public/images/add_group.svg,100.00
packages/hoppscotch-desktop/public/images/pack.svg,100.00
packages/hoppscotch-desktop/public/images/youre_lost.svg,100.00
packages/hoppscotch-desktop/public/logo.svg,100.00
packages/hoppscotch-desktop/public/tauri.svg,100.00
packages/hoppscotch-desktop/public/vite.svg,100.00
packages/hoppscotch-desktop/src-tauri/.gitignore,100.00
packages/hoppscotch-desktop/src-tauri/Cargo.lock,99.97
packages/hoppscotch-desktop/src-tauri/Cargo.toml,95.74
packages/hoppscotch-desktop/src-tauri/build.rs,100.00
packages/hoppscotch-desktop/src-tauri/capabilities/default.json,100.00
packages/hoppscotch-desktop/src-tauri/capabilities/desktop.json,100.00
packages/hoppscotch-desktop/src-tauri/src/lib.rs,100.00
packages/hoppscotch-desktop/src-tauri/src/main.rs,100.00
packages/hoppscotch-desktop/src-tauri/src/server.rs,100.00
packages/hoppscotch-desktop/src-tauri/src/updater.rs,100.00
packages/hoppscotch-desktop/src-tauri/tauri.conf.json,93.75
packages/hoppscotch-desktop/src/App.vue,100.00
packages/hoppscotch-desktop/src/assets/scss/styles.scss,100.00
packages/hoppscotch-desktop/src/assets/scss/tailwind.scss,100.00
packages/hoppscotch-desktop/src/assets/vue.svg,100.00
packages/hoppscotch-desktop/src/components.d.ts,100.00
packages/hoppscotch-desktop/src/components/layout/LayoutHeader.vue,100.00
packages/hoppscotch-desktop/src/components/layout/LayoutSidebar.vue,100.00
packages/hoppscotch-desktop/src/main.ts,100.00
packages/hoppscotch-desktop/src/router.ts,100.00
packages/hoppscotch-desktop/src/types/index.ts,100.00
packages/hoppscotch-desktop/src/views/Home.vue,99.80
packages/hoppscotch-desktop/src/vite-env.d.ts,100.00
packages/hoppscotch-desktop/tailwind.config.ts,100.00
packages/hoppscotch-desktop/tsconfig.json,100.00
packages/hoppscotch-desktop/tsconfig.node.json,100.00
packages/hoppscotch-desktop/vite.config.ts,100.00
packages/hoppscotch-kernel/README.md,100.00
packages/hoppscotch-kernel/package.json,100.00
packages/hoppscotch-kernel/src/index.ts,100.00
packages/hoppscotch-kernel/src/io/impl/desktop/index.ts,100.00
packages/hoppscotch-kernel/src/io/impl/desktop/v/1.ts,100.00
packages/hoppscotch-kernel/src/io/impl/web/index.ts,100.00
packages/hoppscotch-kernel/src/io/impl/web/v/1.ts,100.00
packages/hoppscotch-kernel/src/io/index.ts,100.00
packages/hoppscotch-kernel/src/io/v/1.ts,100.00
packages/hoppscotch-kernel/src/relay/impl/desktop/index.ts,100.00
packages/hoppscotch-kernel/src/relay/impl/desktop/v/1.ts,100.00
packages/hoppscotch-kernel/src/relay/impl/web/index.ts,100.00
packages/hoppscotch-kernel/src/relay/impl/web/v/1.ts,59.47
packages/hoppscotch-kernel/src/relay/index.ts,100.00
packages/hoppscotch-kernel/src/relay/v/1.ts,100.00
packages/hoppscotch-kernel/src/store/impl/desktop/index.ts,100.00
packages/hoppscotch-kernel/src/store/impl/desktop/v/1.ts,100.00
packages/hoppscotch-kernel/src/store/impl/web/index.ts,100.00
packages/hoppscotch-kernel/src/store/impl/web/v/1.ts,100.00
packages/hoppscotch-kernel/src/store/index.ts,100.00
packages/hoppscotch-kernel/src/store/v/1.ts,100.00
packages/hoppscotch-kernel/src/type/versioning.ts,100.00
packages/hoppscotch-kernel/src/util/capability.ts,100.00
packages/hoppscotch-kernel/tsconfig.base.json,100.00
packages/hoppscotch-kernel/tsconfig.decl.json,100.00
packages/hoppscotch-kernel/tsconfig.json,100.00
packages/hoppscotch-kernel/vite.config.d.ts,100.00
packages/hoppscotch-kernel/vite.config.ts,100.00
packages/hoppscotch-selfhost-web/src/components/Login.vue,100.00
packages/hoppscotch-selfhost-web/src/pages/device-login.vue,100.00
packages/hoppscotch-selfhost-web/src/platform/auth/desktop/api.ts,100.00
packages/hoppscotch-selfhost-web/src/platform/auth/desktop/index.ts,100.00
packages/hoppscotch-selfhost-web/src/platform/auth/web/api.ts,100.00
packages/hoppscotch-selfhost-web/src/platform/auth/web/index.ts,100.00
packages/hoppscotch-selfhost-web/src/platform/collections/desktop/api.ts,100.00
packages/hoppscotch-selfhost-web/src/platform/collections/desktop/gqlCollections.sync.ts,100.00
packages/hoppscotch-selfhost-web/src/platform/collections/desktop/index.ts,100.00
packages/hoppscotch-selfhost-web/src/platform/collections/desktop/sync.ts,100.00
packages/hoppscotch-selfhost-web/src/platform/collections/web/api.ts,100.00
packages/hoppscotch-selfhost-web/src/platform/collections/web/gqlCollections.sync.ts,100.00
packages/hoppscotch-selfhost-web/src/platform/collections/web/index.ts,100.00
packages/hoppscotch-selfhost-web/src/platform/collections/web/sync.ts,100.00
packages/hoppscotch-selfhost-web/src/platform/environments/desktop/api.ts,100.00
packages/hoppscotch-selfhost-web/src/platform/environments/desktop/index.ts,100.00
packages/hoppscotch-selfhost-web/src/platform/environments/desktop/sync.ts,100.00
packages/hoppscotch-selfhost-web/src/platform/environments/web/api.ts,100.00
packages/hoppscotch-selfhost-web/src/platform/environments/web/index.ts,100.00
packages/hoppscotch-selfhost-web/src/platform/environments/web/sync.ts,100.00
packages/hoppscotch-selfhost-web/src/platform/history/desktop/api.ts,100.00
packages/hoppscotch-selfhost-web/src/platform/history/desktop/index.ts,100.00
packages/hoppscotch-selfhost-web/src/platform/history/desktop/sync.ts,100.00
packages/hoppscotch-selfhost-web/src/platform/history/web/api.ts,100.00
packages/hoppscotch-selfhost-web/src/platform/history/web/index.ts,100.00
packages/hoppscotch-selfhost-web/src/platform/history/web/sync.ts,100.00
packages/hoppscotch-selfhost-web/src/platform/settings/desktop/api.ts,100.00
packages/hoppscotch-selfhost-web/src/platform/settings/desktop/index.ts,100.00
packages/hoppscotch-selfhost-web/src/platform/settings/desktop/sync.ts,100.00
packages/hoppscotch-selfhost-web/src/platform/settings/web/api.ts,100.00
packages/hoppscotch-selfhost-web/src/platform/settings/web/index.ts,100.00
packages/hoppscotch-selfhost-web/src/platform/settings/web/sync.ts,100.00
packages/hoppscotch-selfhost-web/webapp-server/.gitignore,100.00
packages/hoppscotch-selfhost-web/webapp-server/Cargo.lock,100.00
packages/hoppscotch-selfhost-web/webapp-server/Cargo.toml,100.00
packages/hoppscotch-selfhost-web/webapp-server/README.md,100.00
packages/hoppscotch-selfhost-web/webapp-server/src/api/error.rs,100.00
packages/hoppscotch-selfhost-web/webapp-server/src/api/handler.rs,100.00
packages/hoppscotch-selfhost-web/webapp-server/src/api/mod.rs,100.00
packages/hoppscotch-selfhost-web/webapp-server/src/api/model.rs,100.00
packages/hoppscotch-selfhost-web/webapp-server/src/bundle/builder.rs,100.00
packages/hoppscotch-selfhost-web/webapp-server/src/bundle/error.rs,100.00
packages/hoppscotch-selfhost-web/webapp-server/src/bundle/manager.rs,100.00
packages/hoppscotch-selfhost-web/webapp-server/src/bundle/mod.rs,100.00
packages/hoppscotch-selfhost-web/webapp-server/src/bundle/model.rs,96.72
packages/hoppscotch-selfhost-web/webapp-server/src/config.rs,95.74
packages/hoppscotch-selfhost-web/webapp-server/src/error.rs,100.00
packages/hoppscotch-selfhost-web/webapp-server/src/main.rs,100.00
packages/hoppscotch-selfhost-web/webapp-server/src/model.rs,100.00
packages/hoppscotch-selfhost-web/webapp-server/src/signing/error.rs,100.00
packages/hoppscotch-selfhost-web/webapp-server/src/signing/key.rs,100.00
packages/hoppscotch-selfhost-web/webapp-server/src/signing/mod.rs,100.00
packages/hoppscotch-desktop/src/utils/updater.ts,100.00
