File,Top Contributor Share (%)
.gitignore,57.02
libmpv/include/mpv/client.h,96.41
libmpv/include/mpv/opengl_cb.h,94.15
libmpv/include/mpv/qthelper.hpp,100.00
mpvx.xcodeproj/project.pbxproj,100.00
mpvx.xcodeproj/project.xcworkspace/contents.xcworkspacedata,100.00
mpvx/AppData.swift,100.00
mpvx/AppDelegate.swift,100.00
mpvx/Assets.xcassets/AppIcon.appiconset/Contents.json,100.00
mpvx/Base.lproj/MainMenu.xib,100.00
mpvx/Environment.swift,100.00
mpvx/Error.swift,100.00
mpvx/Info.plist,100.00
mpvx/MPVController.swift,100.00
mpvx/MainWindow.swift,100.00
mpvx/MainWindow.xib,100.00
mpvx/Parameter.swift,100.00
mpvx/PlayerController.swift,100.00
mpvx/Utility.swift,100.00
mpvx/VideoView.swift,100.00
mpvx/VideoView_bk.swift,100.00
mpvx/mpvx-Bridging-Header.h,100.00
mpvxTests/Info.plist,100.00
mpvxTests/mpvxTests.swift,100.00
mpvx/Assets.xcassets/Contents.json,100.00
mpvx/Assets.xcassets/pause.imageset/Contents.json,100.00
mpvx/Assets.xcassets/play.imageset/Contents.json,100.00
mpvx/ControlBarView.swift,100.00
mpvx/Preference.swift,100.00
mpvx/PreferenceWindow.swift,100.00
mpvx/PreferenceWindow.xib,100.00
mpvx/fragmentShader.glsl,100.00
mpvx/vertexShader.glsl,100.00
mpvx/MPVExtend.swift,100.00
mpvx/PlaySliderCell.swift,100.00
mpvx/PlaybackInfo.swift,100.00
mpvx/VideoTime.swift,100.00
mpvx/VolumeSliderCell.swift,100.00
mpvx/MPVProperty.swift,100.00
other/MPVProperty.swift,100.00
other/parse_doc.rb,54.38
mpvx/MPVCommand.swift,100.00
mpvx/MPVOption.swift,100.00
mpvx/Assets.xcassets/mute.imageset/Contents.json,100.00
mpvx/Assets.xcassets/volume.imageset/Contents.json,100.00
mpvx/OSDMessage.swift,100.00
mpvx/Assets.xcassets/speed.imageset/Contents.json,100.00
mpvx/Assets.xcassets/speedl.imageset/Contents.json,100.00
mpvx/Assets.xcassets/minus.imageset/Contents.json,100.00
mpvx/Assets.xcassets/plus.imageset/Contents.json,100.00
mpvx/MPVTrack.swift,100.00
mpvx/QuickSettingPanel.swift,100.00
mpvx/QuickSettingPanel.xib,100.00
mpvx/QuickSettingView.swift,100.00
mpvx/QuickSettingView.xib,100.00
mpvx/Assets.xcassets/chevron_up.imageset/Contents.json,100.00
mpvx/RoundedTextFieldCell.swift,100.00
mpvx/Extensions.swift,100.00
mpvx/Formatters.swift,100.00
mpvx/SlideUpButton.swift,100.00
mpvx/MPVPlaylistItem.swift,100.00
mpvx/PlaylistView.swift,100.00
mpvx/PlaylistView.xib,100.00
mpvx/Assets.xcassets/playlist.imageset/Contents.json,100.00
mpvx/Assets.xcassets/settings.imageset/Contents.json,100.00
mpvx/tools/autoload.lua,100.00
mpvx/ChapterTableCellView.swift,100.00
mpvx/MPVChapter.swift,100.00
mpvx/PlayerCore.swift,100.00
mpvx/MainWindowController.swift,100.00
mpvx/PlaylistViewController.swift,100.00
mpvx/QuickSettingViewController.swift,100.00
mpvx/FlippedView.swift,100.00
mpvx/MainWindowController.xib,100.00
mpvx/QuickSettingViewController.xib,100.00
mpvx/MenuController.swift,100.00
mpvx/Aspect.swift,100.00
mpvx/MPVFilter.swift,100.00
libmpv/include/mpv/stream_cb.h,100.00
mpvx/RoundedColorWell.swift,100.00
mpvx/SettingsListCellView.swift,100.00
other/change_lib_dependencies.rb,43.94
mpvx/CharEncoding.swift,100.00
mpvx/FixedFontManager.h,100.00
mpvx/FixedFontManager.m,100.00
mpvx/FontPickerWindowController.swift,100.00
mpvx/FontPickerWindowController.xib,100.00
Podfile,56.41
Podfile.lock,35.92
mpvx.xcworkspace/contents.xcworkspacedata,100.00
mpvx/PreferenceGeneralViewController.swift,100.00
mpvx/PreferenceGeneralViewController.xib,100.00
mpvx/Assets.xcassets/mute-dark.imageset/Contents.json,100.00
mpvx/Assets.xcassets/pause-dark.imageset/Contents.json,100.00
mpvx/Assets.xcassets/play-dark.imageset/Contents.json,100.00
mpvx/Assets.xcassets/playlist-dark.imageset/Contents.json,100.00
mpvx/Assets.xcassets/settings-dark.imageset/Contents.json,100.00
mpvx/Assets.xcassets/speed-dark.imageset/Contents.json,100.00
mpvx/Assets.xcassets/speedl-dark.imageset/Contents.json,100.00
mpvx/Assets.xcassets/volume-dark.imageset/Contents.json,100.00
mpvx/PlaylistDragDestView.swift,100.00
mpvx/PlaylistViewController.xib,100.00
mpvx/KeyCodeHelper.swift,100.00
mpvx/config/input.conf,100.00
mpvx/KeyMapping.swift,100.00
mpvx/KeyRecordView.swift,100.00
mpvx/KeyRecordViewController.swift,100.00
mpvx/KeyRecordViewController.xib,100.00
mpvx/PrefKeyBindingViewController.swift,100.00
mpvx/PrefKeyBindingViewController.xib,100.00
mpvx/StreamReader.swift,100.00
mpvx/PrefAdvancedViewController.swift,100.00
mpvx/PrefAdvancedViewController.xib,100.00
iina.xcodeproj/project.pbxproj,41.68
iina.xcodeproj/project.xcworkspace/contents.xcworkspacedata,100.00
iina.xcworkspace/contents.xcworkspacedata,100.00
iina/AppData.swift,40.91
iina/AppDelegate.swift,37.70
iina/Aspect.swift,70.00
iina/Assets.xcassets/AppIcon.appiconset/Contents.json,61.11
iina/Assets.xcassets/Contents.json,100.00
iina/Assets.xcassets/minus.imageset/Contents.json,66.67
iina/Assets.xcassets/mute.imageset/Contents.json,61.54
iina/Assets.xcassets/pause.imageset/Contents.json,61.54
iina/Assets.xcassets/play.imageset/Contents.json,61.54
iina/Assets.xcassets/playlist.imageset/Contents.json,57.14
iina/Assets.xcassets/plus.imageset/Contents.json,66.67
iina/Assets.xcassets/settings.imageset/Contents.json,100.00
iina/Assets.xcassets/speed.imageset/Contents.json,61.54
iina/Assets.xcassets/speedl.imageset/Contents.json,61.54
iina/Assets.xcassets/volume.imageset/Contents.json,61.54
iina/Base.lproj/MainMenu.xib,71.00
iina/ChapterTableCellView.swift,33.33
iina/CharEncoding.swift,85.45
iina/ControlBarView.swift,66.98
iina/Error.swift,100.00
iina/Extensions.swift,42.35
iina/FlippedView.swift,50.00
iina/FontPickerWindowController.swift,33.90
iina/FontPickerWindowController.xib,100.00
iina/Formatters.swift,75.00
iina/Info.plist,91.49
iina/KeyCodeHelper.swift,62.21
iina/KeyMapping.swift,57.38
iina/KeyRecordView.swift,60.00
iina/KeyRecordViewController.swift,82.30
iina/MPVChapter.swift,40.00
iina/MPVCommand.swift,67.86
iina/MPVController.swift,42.99
iina/MPVEvent.swift,50.00
iina/MPVFilter.swift,34.84
iina/MPVOption.swift,70.46
iina/MPVPlaylistItem.swift,45.45
iina/MPVProperty.swift,51.57
iina/MPVTrack.swift,70.09
iina/MainWindowController.swift,45.55
iina/MainWindowController.xib,100.00
iina/MenuController.swift,58.72
iina/OSDMessage.swift,47.85
iina/Parameter.swift,50.00
iina/PlaySliderCell.swift,43.19
iina/PlaybackInfo.swift,40.10
iina/PlayerCore.swift,44.81
iina/PlaylistDragDestView.swift,70.59
iina/PlaylistViewController.swift,43.40
iina/PlaylistViewController.xib,100.00
iina/PrefAdvancedViewController.swift,32.52
iina/PrefAdvancedViewController.xib,100.00
iina/PrefKeyBindingViewController.swift,46.49
iina/Preference.swift,59.70
iina/PreferenceGeneralViewController.swift,100.00
iina/PreferenceGeneralViewController.xib,100.00
iina/QuickSettingViewController.swift,33.14
iina/QuickSettingViewController.xib,100.00
iina/RoundedColorWell.swift,63.33
iina/RoundedTextFieldCell.swift,66.67
iina/SettingsListCellView.swift,75.00
iina/SlideUpButton.swift,50.00
iina/StreamReader.swift,88.89
iina/Utility.swift,51.88
iina/VideoTime.swift,44.29
iina/VideoView.swift,30.59
iina/VolumeSliderCell.swift,88.37
iina/config/input.conf,89.52
iina/scripts/autoload.lua,100.00
iinaTests/mpvxTests.swift,100.00
iina/iina-Bridging-Header.h,65.71
README.md,25.86
iina/GifGenerator.swift,85.71
iina/IINAError.swift,66.67
iina/PrefControlViewController.swift,50.00
iina/PrefControlViewController.xib,100.00
iina/Assets.xcassets/toolbar_control.imageset/Contents.json,100.00
iina/Assets.xcassets/toolbar_key.imageset/Contents.json,100.00
iina/Assets.xcassets/toolbar_play.imageset/Contents.json,100.00
iina/PrefGeneralViewController.swift,63.48
iina/PrefGeneralViewController.xib,100.00
iina/InspectorWindowController.swift,47.98
iina/InspectorWindowController.xib,100.00
iina/MPVNode.swift,61.16
iina/CropBoxView.swift,69.91
iina/CropSettingsViewController.swift,69.73
iina/CropSettingsViewController.xib,100.00
iina/FilterWindowController.swift,56.85
iina/FilterWindowController.xib,100.00
iina/MainWindowMenuActions.swift,43.73
iina/PrefUIViewController.swift,63.90
iina/PrefUIViewController.xib,100.00
iina/ShortcutAvailableTextField.swift,76.27
iina/FileSize.swift,76.19
iina/Assets.xcassets/toolbar_codec.imageset/Contents.json,100.00
iina/PrefCodecViewController.swift,31.28
iina/PrefCodecViewController.xib,100.00
iina/PrefNetworkViewController.swift,42.86
iina/PrefNetworkViewController.xib,100.00
iina/PrefSubViewController.swift,56.06
iina/PrefSubViewController.xib,100.00
libmpv/lib/libmpv.1.dylib,50.00
libmpv/lib/libmpv.dylib,50.00
iina/AboutWindowController.swift,55.39
iina/AboutWindowController.xib,100.00
iina/Base.lproj/AboutWindowController.xib,66.00
iina/Base.lproj/CropSettingsViewController.xib,42.19
iina/Base.lproj/FilterWindowController.xib,70.57
iina/Base.lproj/FontPickerWindowController.xib,87.37
iina/Base.lproj/InspectorWindowController.xib,48.52
iina/Base.lproj/KeyRecordViewController.xib,88.70
iina/Base.lproj/MainWindowController.xib,52.94
iina/Base.lproj/PlaylistViewController.xib,65.32
iina/Base.lproj/PrefAdvancedViewController.xib,53.90
iina/Base.lproj/PrefCodecViewController.xib,59.12
iina/Base.lproj/PrefControlViewController.xib,89.40
iina/Base.lproj/PrefGeneralViewController.xib,82.05
iina/Base.lproj/PrefKeyBindingViewController.xib,67.65
iina/Base.lproj/PrefNetworkViewController.xib,86.54
iina/Base.lproj/PrefSubViewController.xib,81.20
iina/Base.lproj/PrefUIViewController.xib,79.05
iina/Base.lproj/QuickSettingViewController.xib,38.10
iina/zh-Hans.lproj/AboutWindowController.strings,40.91
iina/zh-Hans.lproj/CropSettingsViewController.strings,87.10
iina/zh-Hans.lproj/FilterWindowController.strings,81.65
iina/zh-Hans.lproj/FontPickerWindowController.strings,57.89
iina/zh-Hans.lproj/InspectorWindowController.strings,71.71
iina/zh-Hans.lproj/KeyRecordViewController.strings,68.75
iina/zh-Hans.lproj/MainMenu.strings,52.49
iina/zh-Hans.lproj/MainWindowController.strings,61.22
iina/zh-Hans.lproj/PlaylistViewController.strings,43.75
iina/zh-Hans.lproj/PrefAdvancedViewController.strings,50.65
iina/zh-Hans.lproj/PrefCodecViewController.strings,35.68
iina/zh-Hans.lproj/PrefControlViewController.strings,65.28
iina/zh-Hans.lproj/PrefGeneralViewController.strings,46.71
iina/zh-Hans.lproj/PrefKeyBindingViewController.strings,45.33
iina/zh-Hans.lproj/PrefNetworkViewController.strings,47.66
iina/zh-Hans.lproj/PrefSubViewController.strings,65.85
iina/zh-Hans.lproj/PrefUIViewController.strings,64.94
iina/zh-Hans.lproj/QuickSettingViewController.strings,63.08
iina/Base.lproj/Localizable.strings,49.53
iina/en.lproj/Localizable.strings,49.57
iina/zh-Hans.lproj/Localizable.strings,34.50
LICENSE,100.00
CONTRIBUTING.md,55.37
iina/SleepPreventer.swift,55.36
iina/de.lproj/AboutWindowController.strings,58.78
iina/de.lproj/CropSettingsViewController.strings,79.73
iina/de.lproj/FilterWindowController.strings,67.35
iina/de.lproj/FontPickerWindowController.strings,68.75
iina/de.lproj/InspectorWindowController.strings,50.59
iina/de.lproj/KeyRecordViewController.strings,51.28
iina/de.lproj/Localizable.strings,31.86
iina/de.lproj/MainMenu.strings,69.32
iina/de.lproj/MainWindowController.strings,70.10
iina/de.lproj/PlaylistViewController.strings,55.24
iina/de.lproj/PrefAdvancedViewController.strings,64.67
iina/de.lproj/PrefCodecViewController.strings,27.23
iina/de.lproj/PrefControlViewController.strings,48.37
iina/de.lproj/PrefGeneralViewController.strings,42.62
iina/de.lproj/PrefKeyBindingViewController.strings,60.14
iina/de.lproj/PrefNetworkViewController.strings,64.37
iina/de.lproj/PrefSubViewController.strings,45.86
iina/de.lproj/PrefUIViewController.strings,32.71
iina/de.lproj/QuickSettingViewController.strings,75.18
iina/MainWindow.swift,41.67
.editorconfig,85.00
iina.xcodeproj/xcshareddata/xcschemes/iina.xcscheme,83.49
iina/en.lproj/MainWindowController.strings,54.55
iina/OnlineSubtitle.swift,73.27
iina/ShooterSubtitle.swift,93.53
iina/JustExtension.swift,97.96
iina/config/iina-default-input.conf,96.86
iina/UpdateChecker.swift,98.71
iina/Regex.swift,87.69
iina/ObjcUtils.h,82.61
iina/ObjcUtils.m,67.30
iina.xcodeproj/xcshareddata/xcschemes/iina_unknown-lang.xcscheme,95.83
iina.xcodeproj/xcshareddata/xcschemes/iina_zh-cn.xcscheme,95.83
iina/ko.lproj/AboutWindowController.strings,40.00
iina/ko.lproj/CropSettingsViewController.strings,81.08
iina/ko.lproj/FilterWindowController.strings,39.13
iina/ko.lproj/FontPickerWindowController.strings,54.41
iina/ko.lproj/InfoPlist.strings,71.43
iina/ko.lproj/InspectorWindowController.strings,42.83
iina/ko.lproj/KeyRecordViewController.strings,72.41
iina/ko.lproj/Localizable.strings,54.54
iina/ko.lproj/MainMenu.strings,50.95
iina/ko.lproj/MainWindowController.strings,60.29
iina/ko.lproj/PlaylistViewController.strings,41.76
iina/ko.lproj/PrefAdvancedViewController.strings,46.00
iina/ko.lproj/PrefCodecViewController.strings,38.94
iina/ko.lproj/PrefControlViewController.strings,48.65
iina/ko.lproj/PrefGeneralViewController.strings,39.90
iina/ko.lproj/PrefKeyBindingViewController.strings,49.44
iina/ko.lproj/PrefNetworkViewController.strings,60.15
iina/ko.lproj/PrefSubViewController.strings,41.37
iina/ko.lproj/PrefUIViewController.strings,45.62
iina/ko.lproj/QuickSettingViewController.strings,46.25
iina/Assets.xcassets/trash.imageset/Contents.json,95.45
iina/Assets.xcassets/trash.imageset/trash-s.pdf,100.00
iina/zh-Hant.lproj/AboutWindowController.strings,38.24
iina/zh-Hant.lproj/CropSettingsViewController.strings,67.39
iina/zh-Hant.lproj/FilterWindowController.strings,36.13
iina/zh-Hant.lproj/FontPickerWindowController.strings,38.30
iina/zh-Hant.lproj/InspectorWindowController.strings,34.84
iina/zh-Hant.lproj/KeyRecordViewController.strings,40.54
iina/zh-Hant.lproj/Localizable.strings,24.48
iina/zh-Hant.lproj/MainMenu.strings,42.38
iina/zh-Hant.lproj/MainWindowController.strings,63.64
iina/zh-Hant.lproj/PlaylistViewController.strings,35.37
iina/zh-Hant.lproj/PrefAdvancedViewController.strings,43.00
iina/zh-Hant.lproj/PrefCodecViewController.strings,35.83
iina/zh-Hant.lproj/PrefControlViewController.strings,30.94
iina/zh-Hant.lproj/PrefGeneralViewController.strings,28.09
iina/zh-Hant.lproj/PrefKeyBindingViewController.strings,39.56
iina/zh-Hant.lproj/PrefNetworkViewController.strings,40.67
iina/zh-Hant.lproj/PrefSubViewController.strings,40.34
iina/zh-Hant.lproj/PrefUIViewController.strings,42.67
iina/zh-Hant.lproj/QuickSettingViewController.strings,53.45
iina/ViewLayer.swift,53.11
iina/fr.lproj/AboutWindowController.strings,82.40
iina/fr.lproj/CropSettingsViewController.strings,100.00
iina/fr.lproj/FilterWindowController.strings,100.00
iina/fr.lproj/FontPickerWindowController.strings,96.39
iina/fr.lproj/InspectorWindowController.strings,96.59
iina/fr.lproj/KeyRecordViewController.strings,97.22
iina/fr.lproj/Localizable.strings,49.75
iina/fr.lproj/MainMenu.strings,91.47
iina/fr.lproj/MainWindowController.strings,95.40
iina/fr.lproj/PlaylistViewController.strings,97.22
iina/fr.lproj/PrefAdvancedViewController.strings,75.21
iina/fr.lproj/PrefCodecViewController.strings,47.06
iina/fr.lproj/PrefControlViewController.strings,92.74
iina/fr.lproj/PrefGeneralViewController.strings,82.14
iina/fr.lproj/PrefKeyBindingViewController.strings,93.81
iina/fr.lproj/PrefNetworkViewController.strings,92.26
iina/fr.lproj/PrefSubViewController.strings,81.75
iina/fr.lproj/PrefUIViewController.strings,83.25
iina/fr.lproj/QuickSettingViewController.strings,90.09
iina/DurationDisplayView.swift,100.00
iina/DurationDisplayTextField.swift,50.59
other/integrate_doc_types.rb,100.00
ISSUE_TEMPLATE.md,48.51
PULL_REQUEST_TEMPLATE.md,100.00
browser/Chrome_Open_In_IINA/README.md,100.00
browser/Chrome_Open_In_IINA/background.js,59.15
browser/Chrome_Open_In_IINA/manifest.json,82.93
iina/LuaScript.swift,100.00
iina/ScriptLoader.swift,96.67
iina/it.lproj/AboutWindowController.strings,90.70
iina/it.lproj/CropSettingsViewController.strings,97.44
iina/it.lproj/FilterWindowController.strings,100.00
iina/it.lproj/FontPickerWindowController.strings,94.23
iina/it.lproj/InspectorWindowController.strings,93.50
iina/it.lproj/KeyRecordViewController.strings,100.00
iina/it.lproj/Localizable.strings,39.39
iina/it.lproj/MainMenu.strings,91.27
iina/it.lproj/MainWindowController.strings,95.83
iina/it.lproj/PlaylistViewController.strings,98.51
iina/it.lproj/PrefAdvancedViewController.strings,66.23
iina/it.lproj/PrefCodecViewController.strings,34.74
iina/it.lproj/PrefControlViewController.strings,91.11
iina/it.lproj/PrefGeneralViewController.strings,75.17
iina/it.lproj/PrefKeyBindingViewController.strings,92.96
iina/it.lproj/PrefNetworkViewController.strings,91.51
iina/it.lproj/PrefSubViewController.strings,74.10
iina/it.lproj/PrefUIViewController.strings,83.28
iina/it.lproj/QuickSettingViewController.strings,83.99
iina/Base.lproj/KeyBinding.strings,89.36
iina/KeyBindingCriterion.swift,100.00
iina/KeyBindingDataLoader.swift,99.32
iina/en.lproj/KeyBinding.strings,52.42
iina/zh-Hans.lproj/KeyBinding.strings,65.19
iina/KeyBindingItem.swift,98.39
iina/KeyBindingTranslator.swift,97.03
iina/Assets.xcassets/loop-dark.imageset/Contents.json,95.45
iina/Assets.xcassets/loop-dark.imageset/loop-dark.pdf,100.00
iina/Assets.xcassets/loop.imageset/Contents.json,95.45
iina/Assets.xcassets/loop.imageset/loop-edit.pdf,100.00
iina/Assets.xcassets/shuffle-dark.imageset/Contents.json,95.45
iina/Assets.xcassets/shuffle-dark.imageset/shuffle-dark.pdf,100.00
iina/Assets.xcassets/shuffle.imageset/Contents.json,95.45
iina/Assets.xcassets/shuffle.imageset/shuffle.pdf,100.00
iina/fr.lproj/KeyBinding.strings,66.06
iina/ko.lproj/KeyBinding.strings,52.08
browser/Open_In_IINA.safariextension/Info.plist,80.00
browser/Open_In_IINA.safariextension/global.html,100.00
browser/Open_In_IINA.safariextension/global.js,64.58
iina/it.lproj/KeyBinding.strings,68.90
iina/zh-Hant.lproj/InfoPlist.strings,60.00
iina/zh-Hant.lproj/KeyBinding.strings,54.98
iina/pl.lproj/AboutWindowController.strings,56.00
iina/pl.lproj/CropSettingsViewController.strings,75.00
iina/pl.lproj/FilterWindowController.strings,80.53
iina/pl.lproj/FontPickerWindowController.strings,62.07
iina/pl.lproj/InfoPlist.strings,66.67
iina/pl.lproj/InspectorWindowController.strings,85.46
iina/pl.lproj/KeyBinding.strings,56.70
iina/pl.lproj/KeyRecordViewController.strings,75.00
iina/pl.lproj/Localizable.strings,40.95
iina/pl.lproj/MainMenu.strings,62.79
iina/pl.lproj/MainWindowController.strings,73.21
iina/pl.lproj/PlaylistViewController.strings,70.59
iina/pl.lproj/PrefAdvancedViewController.strings,50.00
iina/pl.lproj/PrefCodecViewController.strings,33.82
iina/pl.lproj/PrefControlViewController.strings,54.87
iina/pl.lproj/PrefGeneralViewController.strings,47.89
iina/pl.lproj/PrefKeyBindingViewController.strings,57.69
iina/pl.lproj/PrefNetworkViewController.strings,81.72
iina/pl.lproj/PrefSubViewController.strings,63.70
iina/pl.lproj/PrefUIViewController.strings,49.38
iina/pl.lproj/QuickSettingViewController.strings,65.14
iina/Base.lproj/Contribution.rtf,39.57
iina/zh-Hans.lproj/Contribution.rtf,42.32
iina/ko.lproj/Contribution.rtf,34.63
iina/Assets.xcassets/trackpad.imageset/Contents.json,100.00
iina/JustXMLRPC.swift,68.46
iina/OpenSubSubtitle.swift,60.58
iina/SubSelectWindowController.swift,93.33
iina/SubSelectWindowController.xib,100.00
iina/ISO639_2.strings,100.00
iina/ISO639_2Helper.swift,97.73
iina/Base.lproj/SubSelectWindowController.xib,100.00
iina/ko.lproj/SubSelectWindowController.strings,100.00
iina/zh-Hans.lproj/SubSelectWindowController.strings,100.00
iina/MPVCommandFormat.strings,87.04
iina/it.lproj/Contribution.rtf,45.63
iina/it.lproj/SubSelectWindowController.strings,93.55
iina/Base.lproj/InfoPlist.strings,75.00
iina/pl.lproj/Contribution.rtf,40.47
iina/uk.lproj/AboutWindowController.strings,48.78
iina/uk.lproj/Contribution.rtf,36.21
iina/uk.lproj/CropSettingsViewController.strings,42.86
iina/uk.lproj/FilterWindowController.strings,72.31
iina/uk.lproj/FontPickerWindowController.strings,38.37
iina/uk.lproj/InfoPlist.strings,42.86
iina/uk.lproj/InspectorWindowController.strings,42.07
iina/uk.lproj/KeyBinding.strings,29.41
iina/uk.lproj/KeyRecordViewController.strings,42.86
iina/uk.lproj/Localizable.strings,36.24
iina/uk.lproj/MainMenu.strings,40.32
iina/uk.lproj/MainWindowController.strings,46.84
iina/uk.lproj/PlaylistViewController.strings,48.48
iina/uk.lproj/PrefAdvancedViewController.strings,32.50
iina/uk.lproj/PrefCodecViewController.strings,28.52
iina/uk.lproj/PrefControlViewController.strings,33.44
iina/uk.lproj/PrefGeneralViewController.strings,31.81
iina/uk.lproj/PrefKeyBindingViewController.strings,36.52
iina/uk.lproj/PrefNetworkViewController.strings,40.91
iina/uk.lproj/PrefSubViewController.strings,43.31
iina/uk.lproj/PrefUIViewController.strings,55.62
iina/uk.lproj/QuickSettingViewController.strings,39.11
iina/uk.lproj/SubSelectWindowController.strings,50.00
iina/fr.lproj/Contribution.rtf,45.00
iina/Base.lproj/OpenURLAccessoryViewController.xib,100.00
iina/OpenURLAccessoryViewController.swift,91.43
iina/zh-Hans.lproj/OpenURLAccessoryViewController.strings,100.00
iina/pl.lproj/SubSelectWindowController.strings,100.00
iina/ko.lproj/OpenURLAccessoryViewController.strings,100.00
iina/TimeLabelOverflowedView.swift,60.00
iina/Assets.xcassets/osc_bottom.imageset/Contents.json,100.00
iina/Assets.xcassets/osc_float.imageset/Contents.json,100.00
iina/Assets.xcassets/osc_top.imageset/Contents.json,100.00
iina/TimeLabelOverflowedStackView.swift,58.62
iina/zh-Hant.lproj/OpenURLAccessoryViewController.strings,52.17
iina/zh-Hant.lproj/SubSelectWindowController.strings,57.69
iina/IINACommand.swift,97.56
iina/ja.lproj/AboutWindowController.strings,78.87
iina/ja.lproj/Contribution.rtf,53.53
iina/ja.lproj/CropSettingsViewController.strings,95.56
iina/ja.lproj/FilterWindowController.strings,91.60
iina/ja.lproj/FontPickerWindowController.strings,82.54
iina/ja.lproj/InfoPlist.strings,40.00
iina/ja.lproj/InspectorWindowController.strings,82.24
iina/ja.lproj/KeyBinding.strings,68.11
iina/ja.lproj/KeyRecordViewController.strings,81.25
iina/ja.lproj/Localizable.strings,40.13
iina/ja.lproj/MainMenu.strings,78.59
iina/ja.lproj/MainWindowController.strings,91.67
iina/ja.lproj/OpenURLAccessoryViewController.strings,100.00
iina/ja.lproj/PlaylistViewController.strings,74.03
iina/ja.lproj/PrefAdvancedViewController.strings,61.36
iina/ja.lproj/PrefCodecViewController.strings,35.81
iina/ja.lproj/PrefControlViewController.strings,84.83
iina/ja.lproj/PrefGeneralViewController.strings,72.73
iina/ja.lproj/PrefKeyBindingViewController.strings,72.84
iina/ja.lproj/PrefNetworkViewController.strings,65.10
iina/ja.lproj/PrefSubViewController.strings,66.67
iina/ja.lproj/PrefUIViewController.strings,67.02
iina/ja.lproj/QuickSettingViewController.strings,77.93
iina/ja.lproj/SubSelectWindowController.strings,100.00
iina/fr.lproj/OpenURLAccessoryViewController.strings,100.00
iina/fr.lproj/SubSelectWindowController.strings,100.00
other/check_translation.swift,78.10
iina/zh-Hans.lproj/InfoPlist.strings,50.00
iina/HistoryController.swift,53.42
iina/PlaybackHistory.swift,85.00
iina/HistoryWindowController.swift,72.64
iina/HistoryWindowController.xib,100.00
iina/Base.lproj/HistoryWindowController.xib,63.90
iina/zh-Hans.lproj/HistoryWindowController.strings,82.61
iina/ru.lproj/AboutWindowController.strings,35.92
iina/ru.lproj/Contribution.rtf,49.41
iina/ru.lproj/CropSettingsViewController.strings,66.67
iina/ru.lproj/FilterWindowController.strings,72.97
iina/ru.lproj/FontPickerWindowController.strings,60.66
iina/ru.lproj/InfoPlist.strings,81.82
iina/ru.lproj/InspectorWindowController.strings,66.29
iina/ru.lproj/KeyBinding.strings,51.27
iina/ru.lproj/KeyRecordViewController.strings,59.15
iina/ru.lproj/Localizable.strings,44.06
iina/ru.lproj/MainMenu.strings,58.23
iina/ru.lproj/MainWindowController.strings,60.55
iina/ru.lproj/OpenURLAccessoryViewController.strings,67.19
iina/ru.lproj/PlaylistViewController.strings,50.00
iina/ru.lproj/PrefAdvancedViewController.strings,51.32
iina/ru.lproj/PrefCodecViewController.strings,32.08
iina/ru.lproj/PrefControlViewController.strings,58.69
iina/ru.lproj/PrefGeneralViewController.strings,41.27
iina/ru.lproj/PrefKeyBindingViewController.strings,56.58
iina/ru.lproj/PrefNetworkViewController.strings,62.45
iina/ru.lproj/PrefSubViewController.strings,44.92
iina/ru.lproj/PrefUIViewController.strings,56.58
iina/ru.lproj/QuickSettingViewController.strings,59.30
iina/ru.lproj/SubSelectWindowController.strings,67.12
iina/zh-Hant.lproj/HistoryWindowController.strings,35.82
iina/MainWindowTouchBarSupport.swift,84.93
iina/ja.lproj/HistoryWindowController.strings,90.22
iina/SeriesDetector.swift,100.00
iina/Assets.xcassets/sub-small.imageset/Contents.json,95.45
iina/Assets.xcassets/sub-small.imageset/sub-small.pdf,100.00
iina/FileGroup.swift,88.01
iina/ru.lproj/HistoryWindowController.strings,97.50
iina/Assets.xcassets/triangle-down.imageset/Contents.json,95.45
iina/Assets.xcassets/triangle-down.imageset/triangle-down.pdf,100.00
iina/it.lproj/InfoPlist.strings,50.00
iina/it.lproj/OpenURLAccessoryViewController.strings,100.00
iina/it.lproj/HistoryWindowController.strings,97.78
iina.xcworkspace/xcshareddata/iina.xcscmblueprint,100.00
iina/dsa_pub.pem,100.00
iina/Credits.rtf,65.82
iina/ko.lproj/HistoryWindowController.strings,61.29
iina/tr.lproj/AboutWindowController.strings,51.43
iina/tr.lproj/Contribution.rtf,42.71
iina/tr.lproj/CropSettingsViewController.strings,56.60
iina/tr.lproj/FilterWindowController.strings,80.53
iina/tr.lproj/FontPickerWindowController.strings,55.93
iina/tr.lproj/InfoPlist.strings,50.00
iina/tr.lproj/InspectorWindowController.strings,50.36
iina/tr.lproj/KeyBinding.strings,31.61
iina/tr.lproj/KeyRecordViewController.strings,70.00
iina/tr.lproj/Localizable.strings,43.37
iina/tr.lproj/MainMenu.strings,55.23
iina/tr.lproj/MainWindowController.strings,49.25
iina/tr.lproj/OpenURLAccessoryViewController.strings,100.00
iina/tr.lproj/PlaylistViewController.strings,42.86
iina/tr.lproj/PrefAdvancedViewController.strings,37.50
iina/tr.lproj/PrefCodecViewController.strings,35.15
iina/tr.lproj/PrefControlViewController.strings,62.58
iina/tr.lproj/PrefGeneralViewController.strings,35.36
iina/tr.lproj/PrefKeyBindingViewController.strings,58.21
iina/tr.lproj/PrefNetworkViewController.strings,87.80
iina/tr.lproj/PrefSubViewController.strings,38.57
iina/tr.lproj/PrefUIViewController.strings,56.65
iina/tr.lproj/QuickSettingViewController.strings,66.86
iina/tr.lproj/SubSelectWindowController.strings,100.00
iina/de.lproj/Contribution.rtf,38.57
iina/de.lproj/InfoPlist.strings,75.00
iina/de.lproj/KeyBinding.strings,34.11
iina/de.lproj/OpenURLAccessoryViewController.strings,74.19
iina/de.lproj/SubSelectWindowController.strings,67.57
iina/FFmpegController.h,73.08
iina/FFmpegController.m,46.73
libmpv/include/libavcodec/avcodec.h,100.00
libmpv/include/libavcodec/avdct.h,100.00
libmpv/include/libavcodec/avfft.h,100.00
libmpv/include/libavcodec/d3d11va.h,100.00
libmpv/include/libavcodec/dirac.h,100.00
libmpv/include/libavcodec/dv_profile.h,100.00
libmpv/include/libavcodec/dxva2.h,100.00
libmpv/include/libavcodec/jni.h,100.00
libmpv/include/libavcodec/mediacodec.h,100.00
libmpv/include/libavcodec/qsv.h,100.00
libmpv/include/libavcodec/vaapi.h,100.00
libmpv/include/libavcodec/vda.h,100.00
libmpv/include/libavcodec/vdpau.h,100.00
libmpv/include/libavcodec/version.h,100.00
libmpv/include/libavcodec/videotoolbox.h,100.00
libmpv/include/libavcodec/vorbis_parser.h,100.00
libmpv/include/libavcodec/xvmc.h,100.00
libmpv/include/libavdevice/avdevice.h,100.00
libmpv/include/libavdevice/version.h,100.00
libmpv/include/libavfilter/avfilter.h,100.00
libmpv/include/libavfilter/avfiltergraph.h,100.00
libmpv/include/libavfilter/buffersink.h,100.00
libmpv/include/libavfilter/buffersrc.h,100.00
libmpv/include/libavfilter/version.h,100.00
libmpv/include/libavformat/avformat.h,100.00
libmpv/include/libavformat/avio.h,100.00
libmpv/include/libavformat/version.h,100.00
libmpv/include/libavresample/avresample.h,100.00
libmpv/include/libavresample/version.h,100.00
libmpv/include/libavutil/adler32.h,100.00
libmpv/include/libavutil/aes.h,100.00
libmpv/include/libavutil/aes_ctr.h,100.00
libmpv/include/libavutil/attributes.h,100.00
libmpv/include/libavutil/audio_fifo.h,100.00
libmpv/include/libavutil/avassert.h,100.00
libmpv/include/libavutil/avconfig.h,100.00
libmpv/include/libavutil/avstring.h,100.00
libmpv/include/libavutil/avutil.h,100.00
libmpv/include/libavutil/base64.h,100.00
libmpv/include/libavutil/blowfish.h,100.00
libmpv/include/libavutil/bprint.h,100.00
libmpv/include/libavutil/bswap.h,100.00
libmpv/include/libavutil/buffer.h,100.00
libmpv/include/libavutil/camellia.h,100.00
libmpv/include/libavutil/cast5.h,100.00
libmpv/include/libavutil/channel_layout.h,100.00
libmpv/include/libavutil/common.h,100.00
libmpv/include/libavutil/cpu.h,100.00
libmpv/include/libavutil/crc.h,100.00
libmpv/include/libavutil/des.h,100.00
libmpv/include/libavutil/dict.h,100.00
libmpv/include/libavutil/display.h,100.00
libmpv/include/libavutil/downmix_info.h,100.00
libmpv/include/libavutil/error.h,100.00
libmpv/include/libavutil/eval.h,100.00
libmpv/include/libavutil/ffversion.h,100.00
libmpv/include/libavutil/fifo.h,100.00
libmpv/include/libavutil/file.h,100.00
libmpv/include/libavutil/frame.h,100.00
libmpv/include/libavutil/hash.h,100.00
libmpv/include/libavutil/hmac.h,100.00
libmpv/include/libavutil/hwcontext.h,100.00
libmpv/include/libavutil/hwcontext_cuda.h,100.00
libmpv/include/libavutil/hwcontext_dxva2.h,100.00
libmpv/include/libavutil/hwcontext_qsv.h,100.00
libmpv/include/libavutil/hwcontext_vaapi.h,100.00
libmpv/include/libavutil/hwcontext_vdpau.h,100.00
libmpv/include/libavutil/imgutils.h,100.00
libmpv/include/libavutil/intfloat.h,100.00
libmpv/include/libavutil/intreadwrite.h,100.00
libmpv/include/libavutil/lfg.h,100.00
libmpv/include/libavutil/log.h,100.00
libmpv/include/libavutil/lzo.h,100.00
libmpv/include/libavutil/macros.h,100.00
libmpv/include/libavutil/mastering_display_metadata.h,100.00
libmpv/include/libavutil/mathematics.h,100.00
libmpv/include/libavutil/md5.h,100.00
libmpv/include/libavutil/mem.h,100.00
libmpv/include/libavutil/motion_vector.h,100.00
libmpv/include/libavutil/murmur3.h,100.00
libmpv/include/libavutil/opencl.h,100.00
libmpv/include/libavutil/opt.h,100.00
libmpv/include/libavutil/parseutils.h,100.00
libmpv/include/libavutil/pixdesc.h,100.00
libmpv/include/libavutil/pixelutils.h,100.00
libmpv/include/libavutil/pixfmt.h,100.00
libmpv/include/libavutil/random_seed.h,100.00
libmpv/include/libavutil/rational.h,100.00
libmpv/include/libavutil/rc4.h,100.00
libmpv/include/libavutil/replaygain.h,100.00
libmpv/include/libavutil/ripemd.h,100.00
libmpv/include/libavutil/samplefmt.h,100.00
libmpv/include/libavutil/sha.h,100.00
libmpv/include/libavutil/sha512.h,100.00
libmpv/include/libavutil/spherical.h,100.00
libmpv/include/libavutil/stereo3d.h,100.00
libmpv/include/libavutil/tea.h,100.00
libmpv/include/libavutil/threadmessage.h,100.00
libmpv/include/libavutil/time.h,100.00
libmpv/include/libavutil/timecode.h,100.00
libmpv/include/libavutil/timestamp.h,100.00
libmpv/include/libavutil/tree.h,100.00
libmpv/include/libavutil/twofish.h,100.00
libmpv/include/libavutil/version.h,100.00
libmpv/include/libavutil/xtea.h,100.00
libmpv/include/libpostproc/postprocess.h,100.00
libmpv/include/libpostproc/version.h,100.00
libmpv/include/libswresample/swresample.h,100.00
libmpv/include/libswresample/version.h,100.00
libmpv/include/libswscale/swscale.h,100.00
libmpv/include/libswscale/version.h,100.00
iina/ThumbnailPeekView.swift,93.33
deps/include/libavcodec/avcodec.h,54.35
deps/include/libavcodec/avdct.h,100.00
deps/include/libavcodec/mediacodec.h,100.00
deps/include/libavcodec/qsv.h,100.00
deps/include/libavcodec/vdpau.h,50.00
deps/include/libavcodec/version.h,93.94
deps/include/libavcodec/videotoolbox.h,100.00
deps/include/libavcodec/xvmc.h,100.00
deps/include/libavdevice/version.h,75.00
deps/include/libavfilter/avfilter.h,100.00
deps/include/libavfilter/buffersink.h,66.67
deps/include/libavfilter/buffersrc.h,88.89
deps/include/libavfilter/version.h,85.71
deps/include/libavformat/avformat.h,75.13
deps/include/libavformat/avio.h,74.38
deps/include/libavformat/version.h,74.55
deps/include/libavresample/avresample.h,100.00
deps/include/libavresample/version.h,100.00
deps/include/libavutil/adler32.h,100.00
deps/include/libavutil/aes.h,100.00
deps/include/libavutil/aes_ctr.h,66.67
deps/include/libavutil/attributes.h,92.86
deps/include/libavutil/audio_fifo.h,100.00
deps/include/libavutil/avassert.h,100.00
deps/include/libavutil/avconfig.h,100.00
deps/include/libavutil/avstring.h,97.50
deps/include/libavutil/avutil.h,100.00
deps/include/libavutil/bprint.h,100.00
deps/include/libavutil/bswap.h,100.00
deps/include/libavutil/buffer.h,95.52
deps/include/libavutil/camellia.h,100.00
deps/include/libavutil/channel_layout.h,99.14
deps/include/libavutil/common.h,91.38
deps/include/libavutil/cpu.h,56.41
deps/include/libavutil/crc.h,75.00
deps/include/libavutil/des.h,100.00
deps/include/libavutil/dict.h,100.00
deps/include/libavutil/display.h,75.00
deps/include/libavutil/error.h,100.00
deps/include/libavutil/eval.h,82.76
deps/include/libavutil/ffversion.h,62.50
deps/include/libavutil/fifo.h,100.00
deps/include/libavutil/file.h,100.00
deps/include/libavutil/frame.h,53.94
deps/include/libavutil/hash.h,100.00
deps/include/libavutil/hmac.h,100.00
deps/include/libavutil/hwcontext.h,86.60
deps/include/libavutil/hwcontext_cuda.h,94.44
deps/include/libavutil/hwcontext_dxva2.h,100.00
deps/include/libavutil/hwcontext_qsv.h,100.00
deps/include/libavutil/hwcontext_vaapi.h,100.00
deps/include/libavutil/imgutils.h,53.93
deps/include/libavutil/intreadwrite.h,100.00
deps/include/libavutil/lfg.h,80.00
deps/include/libavutil/log.h,88.64
deps/include/libavutil/macros.h,100.00
deps/include/libavutil/mastering_display_metadata.h,100.00
deps/include/libavutil/mathematics.h,98.33
deps/include/libavutil/md5.h,100.00
deps/include/libavutil/mem.h,70.91
deps/include/libavutil/murmur3.h,100.00
deps/include/libavutil/opt.h,67.74
deps/include/libavutil/parseutils.h,100.00
deps/include/libavutil/pixdesc.h,54.44
deps/include/libavutil/pixfmt.h,51.42
deps/include/libavutil/rational.h,50.00
deps/include/libavutil/rc4.h,100.00
deps/include/libavutil/ripemd.h,100.00
deps/include/libavutil/samplefmt.h,100.00
deps/include/libavutil/sha.h,100.00
deps/include/libavutil/sha512.h,100.00
deps/include/libavutil/spherical.h,100.00
deps/include/libavutil/stereo3d.h,91.43
deps/include/libavutil/threadmessage.h,100.00
deps/include/libavutil/timecode.h,100.00
deps/include/libavutil/twofish.h,100.00
deps/include/libavutil/version.h,60.00
deps/include/libpostproc/version.h,75.00
deps/include/libswresample/version.h,75.00
deps/include/libswscale/swscale.h,100.00
deps/include/libswscale/version.h,50.00
deps/include/mpv/client.h,66.37
deps/include/mpv/opengl_cb.h,100.00
deps/lib/libavcodec.57.dylib,100.00
deps/lib/libavdevice.57.dylib,100.00
deps/lib/libavfilter.6.dylib,100.00
deps/lib/libavformat.57.dylib,100.00
deps/lib/libavresample.3.dylib,100.00
deps/lib/libavutil.55.dylib,100.00
deps/lib/libmpv.1.dylib,75.00
deps/lib/libmpv.dylib,100.00
deps/lib/libpostproc.54.dylib,100.00
deps/lib/libswresample.2.dylib,100.00
deps/lib/libswscale.4.dylib,100.00
iina/ThumbnailCache.swift,51.80
iina/fr.lproj/HistoryWindowController.strings,91.76
iina/fr.lproj/InfoPlist.strings,66.67
deps/lib/libavcodec.dylib,60.00
deps/lib/libavdevice.dylib,60.00
deps/lib/libavfilter.dylib,60.00
deps/lib/libavformat.dylib,60.00
deps/lib/libavresample.dylib,100.00
deps/lib/libavutil.dylib,60.00
deps/lib/libpostproc.dylib,60.00
deps/lib/libswresample.dylib,60.00
deps/lib/libswscale.dylib,60.00
iina/InitialWindowView.swift,100.00
iina/InitialWindowView.xib,100.00
iina/InitialWindowController.swift,53.63
iina/InitialWindowController.xib,100.00
iina/Base.lproj/InitialWindowController.xib,72.56
iina/zh-Hans.lproj/InitialWindowController.strings,63.89
iina/AutoFileMatcher.swift,82.36
iina/es.lproj/AboutWindowController.strings,90.00
iina/es.lproj/Contribution.rtf,56.78
iina/es.lproj/CropSettingsViewController.strings,96.77
iina/es.lproj/FilterWindowController.strings,93.91
iina/es.lproj/FontPickerWindowController.strings,88.68
iina/es.lproj/HistoryWindowController.strings,85.87
iina/es.lproj/InfoPlist.strings,66.67
iina/es.lproj/InitialWindowController.strings,77.46
iina/es.lproj/InspectorWindowController.strings,92.38
iina/es.lproj/KeyBinding.strings,68.57
iina/es.lproj/KeyRecordViewController.strings,100.00
iina/es.lproj/Localizable.strings,41.78
iina/es.lproj/MainMenu.strings,93.53
iina/es.lproj/MainWindowController.strings,95.35
iina/es.lproj/OpenURLAccessoryViewController.strings,100.00
iina/es.lproj/PlaylistViewController.strings,98.48
iina/es.lproj/PrefAdvancedViewController.strings,66.20
iina/es.lproj/PrefCodecViewController.strings,33.84
iina/es.lproj/PrefControlViewController.strings,90.20
iina/es.lproj/PrefGeneralViewController.strings,72.22
iina/es.lproj/PrefKeyBindingViewController.strings,93.94
iina/es.lproj/PrefNetworkViewController.strings,90.91
iina/es.lproj/PrefSubViewController.strings,73.86
iina/es.lproj/PrefUIViewController.strings,87.69
iina/es.lproj/QuickSettingViewController.strings,81.87
iina/es.lproj/SubSelectWindowController.strings,100.00
iina/uk.lproj/HistoryWindowController.strings,75.24
iina/uk.lproj/InitialWindowController.strings,45.59
iina/uk.lproj/OpenURLAccessoryViewController.strings,100.00
iina/it.lproj/InitialWindowController.strings,59.09
iina/fr.lproj/InitialWindowController.strings,82.86
iina/de.lproj/HistoryWindowController.strings,78.31
iina/de.lproj/InitialWindowController.strings,43.66
iina/ko.lproj/InitialWindowController.strings,50.57
iina/ru.lproj/InitialWindowController.strings,80.30
iina/ja.lproj/InitialWindowController.strings,35.29
iina/pl.lproj/InitialWindowController.strings,41.43
iina/tr.lproj/InitialWindowController.strings,35.82
iina/zh-Hant.lproj/InitialWindowController.strings,50.00
iina/pl.lproj/HistoryWindowController.strings,86.67
iina/pl.lproj/OpenURLAccessoryViewController.strings,87.50
iina/Assets.xcassets/nextl.imageset/Contents.json,96.00
iina/Assets.xcassets/nextl.imageset/next.pdf,100.00
iina/Assets.xcassets/nextr.imageset/Contents.json,96.00
iina/Assets.xcassets/nextr.imageset/nextr.pdf,100.00
iina/MiniPlayerWindowController.swift,57.16
iina/MiniPlayerWindowController.xib,90.96
iina/MainMenuActions.swift,65.98
iina/MiniPlayerWindowMenuActions.swift,96.67
iina/config/vlc-default-input.conf,47.96
iina/DraggingDetect.swift,53.33
iina/FilterPresets.swift,90.94
iina/Base.lproj/FilterPresets.strings,98.25
iina/zh-Hans.lproj/FilterPresets.strings,51.77
iina/CropBoxViewController.swift,95.65
iina/FreeSelectingViewController.swift,95.56
iina/FreeSelectingViewController.xib,100.00
iina/zh-Hans.lproj/FreeSelectingViewController.strings,92.31
iina/Swift4Hacks.swift,100.00
iina/CacheManager.swift,96.97
iina/ru.lproj/FilterPresets.strings,55.56
iina/ru.lproj/FreeSelectingViewController.strings,85.71
iina/ja.lproj/FilterPresets.strings,58.91
iina/ja.lproj/FreeSelectingViewController.strings,82.35
iina/ko.lproj/FilterPresets.strings,63.89
iina/ko.lproj/FreeSelectingViewController.strings,66.67
iina/it.lproj/FilterPresets.strings,63.33
iina/it.lproj/FreeSelectingViewController.strings,100.00
iina/nl.lproj/AboutWindowController.strings,66.07
iina/nl.lproj/Contribution.rtf,57.83
iina/nl.lproj/CropSettingsViewController.strings,76.92
iina/nl.lproj/FilterPresets.strings,36.96
iina/nl.lproj/FilterWindowController.strings,57.89
iina/nl.lproj/FontPickerWindowController.strings,66.00
iina/nl.lproj/FreeSelectingViewController.strings,80.00
iina/nl.lproj/HistoryWindowController.strings,90.70
iina/nl.lproj/InfoPlist.strings,50.00
iina/nl.lproj/InitialWindowController.strings,30.00
iina/nl.lproj/InspectorWindowController.strings,65.09
iina/nl.lproj/KeyBinding.strings,35.48
iina/nl.lproj/KeyRecordViewController.strings,75.00
iina/nl.lproj/Localizable.strings,30.28
iina/nl.lproj/MainMenu.strings,61.95
iina/nl.lproj/MainWindowController.strings,78.57
iina/nl.lproj/OpenURLAccessoryViewController.strings,87.50
iina/nl.lproj/PlaylistViewController.strings,56.47
iina/nl.lproj/PrefAdvancedViewController.strings,40.62
iina/nl.lproj/PrefCodecViewController.strings,37.27
iina/nl.lproj/PrefControlViewController.strings,42.41
iina/nl.lproj/PrefGeneralViewController.strings,30.36
iina/nl.lproj/PrefKeyBindingViewController.strings,53.42
iina/nl.lproj/PrefNetworkViewController.strings,75.00
iina/nl.lproj/PrefSubViewController.strings,71.10
iina/nl.lproj/PrefUIViewController.strings,31.56
iina/nl.lproj/QuickSettingViewController.strings,67.72
iina/nl.lproj/SubSelectWindowController.strings,100.00
iina/fr.lproj/FilterPresets.strings,63.33
iina/fr.lproj/FreeSelectingViewController.strings,100.00
iina.xcodeproj/xcshareddata/xcschemes/iina_Release.xcscheme,100.00
iina/sk.lproj/AboutWindowController.strings,55.56
iina/sk.lproj/Contribution.rtf,52.86
iina/sk.lproj/CropSettingsViewController.strings,96.77
iina/sk.lproj/FilterPresets.strings,35.66
iina/sk.lproj/FilterWindowController.strings,66.07
iina/sk.lproj/FontPickerWindowController.strings,63.46
iina/sk.lproj/FreeSelectingViewController.strings,85.71
iina/sk.lproj/HistoryWindowController.strings,89.66
iina/sk.lproj/InfoPlist.strings,50.00
iina/sk.lproj/InitialWindowController.strings,46.03
iina/sk.lproj/InspectorWindowController.strings,88.18
iina/sk.lproj/KeyBinding.strings,36.33
iina/sk.lproj/KeyRecordViewController.strings,72.41
iina/sk.lproj/Localizable.strings,34.95
iina/sk.lproj/MainMenu.strings,66.16
iina/sk.lproj/MainWindowController.strings,82.50
iina/sk.lproj/OpenURLAccessoryViewController.strings,95.45
iina/sk.lproj/PlaylistViewController.strings,63.16
iina/sk.lproj/PrefAdvancedViewController.strings,59.21
iina/sk.lproj/PrefCodecViewController.strings,37.57
iina/sk.lproj/PrefControlViewController.strings,85.16
iina/sk.lproj/PrefGeneralViewController.strings,50.79
iina/sk.lproj/PrefKeyBindingViewController.strings,58.21
iina/sk.lproj/PrefNetworkViewController.strings,87.64
iina/sk.lproj/PrefSubViewController.strings,81.94
iina/sk.lproj/PrefUIViewController.strings,48.19
iina/sk.lproj/QuickSettingViewController.strings,75.73
iina/sk.lproj/SubSelectWindowController.strings,100.00
iina/config/movist-default-input.conf,79.78
iina-cli/main.swift,89.15
iina/Assets.xcassets/toggle-album-art.imageset/Contents.json,96.00
iina/Assets.xcassets/toggle-album-art.imageset/toggle-album-art.pdf,100.00
iina/Assets.xcassets/slider.imageset/Contents.json,100.00
iina/Assets.xcassets/slider.imageset/slider.pdf,100.00
iina/Assets.xcassets/back.imageset/Contents.json,50.00
iina/Assets.xcassets/back.imageset/back.pdf,100.00
iina/Assets.xcassets/default-album-art.imageset/Contents.json,100.00
iina/TouchBarSupport.swift,36.45
iina/ISO639.strings,100.00
iina/ISO639Helper.swift,42.86
iina/PowerSource.swift,100.00
iina/da.lproj/AboutWindowController.strings,36.59
iina/da.lproj/Contribution.rtf,62.67
iina/da.lproj/CropSettingsViewController.strings,100.00
iina/da.lproj/FilterPresets.strings,62.14
iina/da.lproj/FilterWindowController.strings,96.40
iina/da.lproj/FontPickerWindowController.strings,73.33
iina/da.lproj/FreeSelectingViewController.strings,100.00
iina/da.lproj/HistoryWindowController.strings,93.98
iina/da.lproj/InfoPlist.strings,50.00
iina/da.lproj/InitialWindowController.strings,44.44
iina/da.lproj/InspectorWindowController.strings,86.79
iina/da.lproj/KeyBinding.strings,60.49
iina/da.lproj/KeyRecordViewController.strings,72.41
iina/da.lproj/Localizable.strings,38.41
iina/da.lproj/MainMenu.strings,78.28
iina/da.lproj/MainWindowController.strings,100.00
iina/da.lproj/OpenURLAccessoryViewController.strings,100.00
iina/da.lproj/PlaylistViewController.strings,85.71
iina/da.lproj/PrefAdvancedViewController.strings,61.64
iina/da.lproj/PrefCodecViewController.strings,36.00
iina/da.lproj/PrefControlViewController.strings,83.02
iina/da.lproj/PrefGeneralViewController.strings,62.30
iina/da.lproj/PrefKeyBindingViewController.strings,79.37
iina/da.lproj/PrefNetworkViewController.strings,89.66
iina/da.lproj/PrefSubViewController.strings,83.48
iina/da.lproj/PrefUIViewController.strings,67.53
iina/da.lproj/QuickSettingViewController.strings,84.97
iina/da.lproj/SubSelectWindowController.strings,100.00
iina/GeometryDef.swift,100.00
iina/SavedFilter.swift,90.91
browser/Open_In_IINA.safariextension/injected.js,100.00
iina/zh-Hant.lproj/FreeSelectingViewController.strings,58.33
iina/es.lproj/FilterPresets.strings,77.46
iina/es.lproj/FreeSelectingViewController.strings,63.16
iina/de.lproj/FreeSelectingViewController.strings,100.00
iina/pt-BR.lproj/AboutWindowController.strings,68.42
iina/pt-BR.lproj/Contribution.rtf,57.22
iina/pt-BR.lproj/CropSettingsViewController.strings,75.00
iina/pt-BR.lproj/FilterPresets.strings,39.57
iina/pt-BR.lproj/FilterWindowController.strings,95.45
iina/pt-BR.lproj/FontPickerWindowController.strings,64.71
iina/pt-BR.lproj/FreeSelectingViewController.strings,100.00
iina/pt-BR.lproj/HistoryWindowController.strings,97.50
iina/pt-BR.lproj/InfoPlist.strings,50.00
iina/pt-BR.lproj/InitialWindowController.strings,46.77
iina/pt-BR.lproj/InspectorWindowController.strings,81.90
iina/pt-BR.lproj/KeyBinding.strings,43.45
iina/pt-BR.lproj/KeyRecordViewController.strings,70.00
iina/pt-BR.lproj/Localizable.strings,38.05
iina/pt-BR.lproj/MainMenu.strings,81.72
iina/pt-BR.lproj/MainWindowController.strings,94.74
iina/pt-BR.lproj/OpenURLAccessoryViewController.strings,100.00
iina/pt-BR.lproj/PlaylistViewController.strings,70.59
iina/pt-BR.lproj/PrefAdvancedViewController.strings,55.56
iina/pt-BR.lproj/PrefCodecViewController.strings,34.41
iina/pt-BR.lproj/PrefControlViewController.strings,82.76
iina/pt-BR.lproj/PrefGeneralViewController.strings,62.82
iina/pt-BR.lproj/PrefKeyBindingViewController.strings,71.19
iina/pt-BR.lproj/PrefNetworkViewController.strings,87.64
iina/pt-BR.lproj/PrefSubViewController.strings,83.04
iina/pt-BR.lproj/PrefUIViewController.strings,64.35
iina/pt-BR.lproj/QuickSettingViewController.strings,81.65
iina/pt-BR.lproj/SubSelectWindowController.strings,100.00
iina/FirstRunManager.swift,100.00
other/check_localizable.swift,100.00
iina/AssrtSubtitle.swift,94.85
iina/SubChooseViewController.swift,82.08
iina/SubChooseViewController.xib,100.00
iina/Assets.xcassets/fullscreen.imageset/Contents.json,96.00
iina/Assets.xcassets/fullscreen.imageset/fullscreen.pdf,100.00
iina/Assets.xcassets/pip.imageset/Contents.json,96.00
iina/Assets.xcassets/pip.imageset/pip.pdf,100.00
iina/Assets.xcassets/playlist.imageset/playlist2.pdf,100.00
iina/Assets.xcassets/sub-track.imageset/Contents.json,96.00
iina/Assets.xcassets/sub-track.imageset/sub-track.pdf,100.00
iina/PrefOSCToolbarDraggingItemViewController.swift,85.06
iina/PrefOSCToolbarDraggingItemViewController.xib,70.73
iina/PrefOSCToolbarSettingsSheetController.swift,84.37
iina/PrefOSCToolbarSettingsSheetController.xib,100.00
iina/Base.lproj/PrefOSCToolbarSettingsSheetController.xib,38.97
iina/zh-Hans.lproj/PrefOSCToolbarSettingsSheetController.strings,54.55
iina/ko.lproj/PrefOSCToolbarSettingsSheetController.strings,38.30
iina/it.lproj/PrefOSCToolbarSettingsSheetController.strings,64.52
iina/fr.lproj/PrefOSCToolbarSettingsSheetController.strings,93.55
iina/es.lproj/PrefOSCToolbarSettingsSheetController.strings,90.62
iina/pl.lproj/FilterPresets.strings,63.31
iina/pl.lproj/FreeSelectingViewController.strings,100.00
iina/pl.lproj/PrefOSCToolbarSettingsSheetController.strings,92.86
iina/ja.lproj/PrefOSCToolbarSettingsSheetController.strings,57.14
iina/nl.lproj/PrefOSCToolbarSettingsSheetController.strings,39.58
iina/de.lproj/FilterPresets.strings,52.00
iina/de.lproj/PrefOSCToolbarSettingsSheetController.strings,58.06
iina.xcworkspace/xcshareddata/IDEWorkspaceChecks.plist,100.00
iina/Base.lproj/SubChooseViewController.xib,49.12
iina/tr.lproj/FilterPresets.strings,44.00
iina/tr.lproj/FreeSelectingViewController.strings,87.50
iina/tr.lproj/HistoryWindowController.strings,93.02
iina/tr.lproj/PrefOSCToolbarSettingsSheetController.strings,55.56
iina/tr.lproj/SubChooseViewController.strings,97.78
iina/zh-Hans.lproj/SubChooseViewController.strings,95.65
iina/ko.lproj/SubChooseViewController.strings,73.68
iina/sk.lproj/PrefOSCToolbarSettingsSheetController.strings,83.87
iina/sk.lproj/SubChooseViewController.strings,100.00
iina/Assets.xcassets/history.imageset/Contents.json,100.00
iina/Assets.xcassets/history.imageset/history.pdf,100.00
iina/PlaylistPlaybackProgressView.swift,94.74
deps/include/libavcodec/ac3_parser.h,100.00
deps/include/libavcodec/adts_parser.h,100.00
deps/include/libavutil/encryption_info.h,96.62
deps/include/libavutil/hwcontext_d3d11va.h,94.94
deps/include/libavutil/hwcontext_drm.h,100.00
deps/include/libavutil/hwcontext_mediacodec.h,60.98
deps/include/libavutil/hwcontext_videotoolbox.h,61.22
deps/lib/libavcodec.58.dylib,66.67
deps/lib/libavdevice.58.dylib,66.67
deps/lib/libavfilter.7.dylib,66.67
deps/lib/libavformat.58.dylib,66.67
deps/lib/libavresample.4.dylib,100.00
deps/lib/libavutil.56.dylib,66.67
deps/lib/libpostproc.55.dylib,66.67
deps/lib/libswresample.3.dylib,66.67
deps/lib/libswscale.5.dylib,66.67
iina/Logger.swift,54.64
iina/pl.lproj/SubChooseViewController.strings,100.00
iina/PreferenceViewController.swift,81.48
iina/PreferenceWindowController.swift,66.57
iina/PreferenceWindowController.xib,98.11
iina/CollapseView.swift,97.30
iina/Base.lproj/PrefUtilsViewController.xib,70.88
iina/PrefUtilsViewController.swift,68.78
iina/zh-Hans.lproj/PrefUtilsViewController.strings,74.49
iina/Base.lproj/PreferenceWindowController.xib,37.44
iina/zh-Hans.lproj/PreferenceWindowController.strings,100.00
iina/fr.lproj/PrefUtilsViewController.strings,84.85
iina/fr.lproj/PreferenceWindowController.strings,100.00
iina/fr.lproj/SubChooseViewController.strings,100.00
iina/ko.lproj/PrefUtilsViewController.strings,50.00
iina/ko.lproj/PreferenceWindowController.strings,69.77
iina/nl.lproj/PrefUtilsViewController.strings,73.08
iina/nl.lproj/PreferenceWindowController.strings,100.00
iina/nl.lproj/SubChooseViewController.strings,84.31
iina/zh-Hant.lproj/PrefOSCToolbarSettingsSheetController.strings,48.39
iina/zh-Hant.lproj/PrefUtilsViewController.strings,49.53
iina/zh-Hant.lproj/PreferenceWindowController.strings,75.00
iina/zh-Hant.lproj/SubChooseViewController.strings,64.00
iina/it.lproj/PrefUtilsViewController.strings,78.50
iina/it.lproj/PreferenceWindowController.strings,100.00
iina/it.lproj/SubChooseViewController.strings,97.67
iina/es.lproj/PrefUtilsViewController.strings,77.00
iina/es.lproj/PreferenceWindowController.strings,100.00
iina/es.lproj/SubChooseViewController.strings,100.00
iina/sk.lproj/PrefUtilsViewController.strings,76.92
iina/sk.lproj/PreferenceWindowController.strings,100.00
iina/Assets.xcassets/Colors/Contents.json,100.00
iina/Assets.xcassets/DocIcons/Contents.json,66.67
iina/Assets.xcassets/Icons/Contents.json,100.00
iina/Assets.xcassets/Icons/fullscreen.imageset/Contents.json,100.00
iina/Assets.xcassets/Icons/fullscreen.imageset/fullscreen.pdf,100.00
iina/Assets.xcassets/Icons/history.imageset/Contents.json,100.00
iina/Assets.xcassets/Icons/history.imageset/history.pdf,100.00
iina/Assets.xcassets/Icons/loop-dark.imageset/Contents.json,100.00
iina/Assets.xcassets/Icons/loop.imageset/Contents.json,62.50
iina/Assets.xcassets/Icons/minus.imageset/Contents.json,100.00
iina/Assets.xcassets/Icons/mute.imageset/Contents.json,71.43
iina/Assets.xcassets/Icons/pip.imageset/Contents.json,71.43
iina/Assets.xcassets/Icons/pip.imageset/pip.pdf,100.00
iina/Assets.xcassets/Icons/playlist.imageset/Contents.json,71.43
iina/Assets.xcassets/Icons/playlist.imageset/playlist2.pdf,100.00
iina/Assets.xcassets/Icons/plus.imageset/Contents.json,100.00
iina/Assets.xcassets/Icons/shuffle-dark.imageset/Contents.json,100.00
iina/Assets.xcassets/Icons/shuffle.imageset/Contents.json,100.00
iina/Assets.xcassets/Icons/sub-track.imageset/Contents.json,100.00
iina/Assets.xcassets/Icons/sub-track.imageset/sub-track.pdf,100.00
iina/Assets.xcassets/Icons/toolbar_control.imageset/Contents.json,100.00
iina/Assets.xcassets/Icons/trackpad.imageset/Contents.json,100.00
iina/Assets.xcassets/Icons/trash.imageset/Contents.json,100.00
iina/Assets.xcassets/Icons/volume.imageset/Contents.json,71.43
iina/Assets.xcassets/Icons/volume.imageset/volume.pdf,100.00
iina/Assets.xcassets/Colors/SidebarTableBackground.colorset/Contents.json,100.00
iina/ExtendedColors.swift,81.25
iina/Assets.xcassets/Colors/AboutWindowBackground.colorset/Contents.json,100.00
iina/Assets.xcassets/Colors/MainSliderBarChapterStroke.colorset/Contents.json,100.00
iina/Assets.xcassets/Colors/MainSliderBarLeft.colorset/Contents.json,100.00
iina/Assets.xcassets/Colors/MainSliderBarRight.colorset/Contents.json,100.00
iina/Assets.xcassets/Colors/MainSliderKnob.colorset/Contents.json,100.00
iina/Assets.xcassets/Colors/MainSliderKnobActive.colorset/Contents.json,100.00
iina/Assets.xcassets/Colors/TitleBarBorder.colorset/Contents.json,100.00
iina/Assets.xcassets/Colors/InitialWindowActionButtonBackground.colorset/Contents.json,100.00
iina/Assets.xcassets/Colors/InitialWindowActionButtonBackgroundHover.colorset/Contents.json,100.00
iina/Assets.xcassets/Colors/InitialWindowActionButtonBackgroundPressed.colorset/Contents.json,100.00
iina/Assets.xcassets/Colors/InitialWindowBetaLabel.colorset/Contents.json,100.00
iina/Assets.xcassets/Colors/InitialWindowLastFileBackground.colorset/Contents.json,100.00
iina/Assets.xcassets/Colors/InitialWindowLastFileBackgroundHover.colorset/Contents.json,100.00
iina/Assets.xcassets/Colors/InitialWindowLastFileBackgroundPressed.colorset/Contents.json,100.00
iina/Assets.xcassets/Colors/CropBoxFill.colorset/Contents.json,100.00
iina/Assets.xcassets/Colors/PlaylistProgressBar.colorset/Contents.json,100.00
iina/KeychainAccess.swift,99.40
iina/OpenURLWindowController.swift,69.69
iina/OpenURLWindowController.xib,100.00
iina/ScrollingTextField.swift,86.84
iina/Base.lproj/OpenURLWindowController.xib,72.22
iina/zh-Hans.lproj/OpenURLWindowController.strings,100.00
iina/it.lproj/OpenURLWindowController.strings,82.50
iina/sk.lproj/OpenURLWindowController.strings,84.62
iina/Base.lproj/MiniPlayerWindowController.xib,39.66
iina/de.lproj/MiniPlayerWindowController.strings,100.00
iina/de.lproj/OpenURLWindowController.strings,84.62
iina/de.lproj/PrefUtilsViewController.strings,72.12
iina/de.lproj/PreferenceWindowController.strings,100.00
iina/de.lproj/SubChooseViewController.strings,100.00
iina/ko.lproj/MiniPlayerWindowController.strings,100.00
iina/ko.lproj/OpenURLWindowController.strings,100.00
iina/zh-Hans.lproj/MiniPlayerWindowController.strings,100.00
iina/fr.lproj/MiniPlayerWindowController.strings,100.00
iina/fr.lproj/OpenURLWindowController.strings,80.49
deps/include/mpv/qthelper.hpp,100.00
deps/include/mpv/render.h,95.50
deps/include/mpv/render_gl.h,99.57
deps/include/mpv/stream_cb.h,99.57
deps/lib/libmpv.1.101.0.dylib,100.00
iina/ja.lproj/OpenURLWindowController.strings,85.37
iina/ja.lproj/PrefUtilsViewController.strings,68.00
iina/ja.lproj/PreferenceWindowController.strings,100.00
iina/ja.lproj/SubChooseViewController.strings,100.00
iina.xcodeproj/project.xcworkspace/xcshareddata/IDEWorkspaceChecks.plist,100.00
iina/ru.lproj/MiniPlayerWindowController.strings,89.74
iina/ru.lproj/OpenURLWindowController.strings,79.55
iina/ru.lproj/PrefOSCToolbarSettingsSheetController.strings,82.86
iina/ru.lproj/PrefUtilsViewController.strings,76.24
iina/ru.lproj/PreferenceWindowController.strings,100.00
iina/ru.lproj/SubChooseViewController.strings,97.78
OpenInIINA/Info.plist,98.75
OpenInIINA/OpenInIINA.entitlements,100.00
OpenInIINA/SafariExtensionHandler.swift,98.39
OpenInIINA/ToolbarItemIcon.pdf,98.58
OpenInIINA/open-in-iina.js,100.00
iina.xcodeproj/xcshareddata/xcschemes/OpenInIINA.xcscheme,97.30
iina/ISO639TokenFieldDelegate.swift,100.00
iina/Translators.json,75.83
iina/Translators.stringsdict,100.00
iina/Translators.swift,100.00
iina/ja.lproj/MiniPlayerWindowController.strings,100.00
iina/AboutWindowContributorAvatarItem.swift,73.08
iina/AboutWindowContributorAvatarItem.xib,100.00
iina/nl.lproj/MiniPlayerWindowController.strings,70.83
iina/nl.lproj/OpenURLWindowController.strings,80.95
iina/it.lproj/MiniPlayerWindowController.strings,100.00
iina/es.lproj/MiniPlayerWindowController.strings,100.00
iina/es.lproj/OpenURLWindowController.strings,84.62
iina/Assets.xcassets/Icons/pref_advanced.imageset/Contents.json,100.00
iina/Assets.xcassets/Icons/pref_advanced.imageset/pref_advanced.pdf,100.00
iina/Assets.xcassets/Icons/pref_av.imageset/Contents.json,100.00
iina/Assets.xcassets/Icons/pref_av.imageset/pref_av.pdf,100.00
iina/Assets.xcassets/Icons/pref_control.imageset/Contents.json,100.00
iina/Assets.xcassets/Icons/pref_control.imageset/pref_control.pdf,100.00
iina/Assets.xcassets/Icons/pref_general.imageset/Contents.json,100.00
iina/Assets.xcassets/Icons/pref_general.imageset/pref_general.pdf,100.00
iina/Assets.xcassets/Icons/pref_kb.imageset/Contents.json,100.00
iina/Assets.xcassets/Icons/pref_kb.imageset/pref_kb.pdf,100.00
iina/Assets.xcassets/Icons/pref_network.imageset/Contents.json,100.00
iina/Assets.xcassets/Icons/pref_network.imageset/pref_network.pdf,100.00
iina/Assets.xcassets/Icons/pref_sub.imageset/Contents.json,100.00
iina/Assets.xcassets/Icons/pref_sub.imageset/pref_sub.pdf,100.00
iina/Assets.xcassets/Icons/pref_ui.imageset/Contents.json,100.00
iina/Assets.xcassets/Icons/pref_ui.imageset/pref_ui.pdf,100.00
iina/Assets.xcassets/Icons/pref_utils.imageset/Contents.json,100.00
iina/Assets.xcassets/Icons/pref_utils.imageset/pref_utils.pdf,100.00
other/mpv_build.patch,100.00
other/mpv.patch,100.00
iina/sk.lproj/MiniPlayerWindowController.strings,89.19
iina/sv.lproj/AboutWindowController.strings,92.98
iina/sv.lproj/Contribution.rtf,87.76
iina/sv.lproj/CropSettingsViewController.strings,100.00
iina/sv.lproj/FilterPresets.strings,98.75
iina/sv.lproj/FilterWindowController.strings,100.00
iina/sv.lproj/FontPickerWindowController.strings,100.00
iina/sv.lproj/FreeSelectingViewController.strings,100.00
iina/sv.lproj/HistoryWindowController.strings,100.00
iina/sv.lproj/InfoPlist.strings,66.67
iina/sv.lproj/InitialWindowController.strings,93.65
iina/sv.lproj/InspectorWindowController.strings,94.70
iina/sv.lproj/KeyBinding.strings,95.16
iina/sv.lproj/KeyRecordViewController.strings,100.00
iina/sv.lproj/Localizable.strings,78.65
iina/sv.lproj/MainMenu.strings,93.94
iina/sv.lproj/MainWindowController.strings,100.00
iina/sv.lproj/MiniPlayerWindowController.strings,100.00
iina/sv.lproj/OpenURLWindowController.strings,100.00
iina/sv.lproj/PlaylistViewController.strings,100.00
iina/sv.lproj/PrefAdvancedViewController.strings,71.43
iina/sv.lproj/PrefCodecViewController.strings,66.13
iina/sv.lproj/PrefControlViewController.strings,90.21
iina/sv.lproj/PrefGeneralViewController.strings,73.93
iina/sv.lproj/PrefKeyBindingViewController.strings,96.67
iina/sv.lproj/PrefNetworkViewController.strings,96.51
iina/sv.lproj/PrefOSCToolbarSettingsSheetController.strings,100.00
iina/sv.lproj/PrefSubViewController.strings,99.53
iina/sv.lproj/PrefUIViewController.strings,77.89
iina/sv.lproj/PrefUtilsViewController.strings,88.46
iina/sv.lproj/PreferenceWindowController.strings,100.00
iina/sv.lproj/QuickSettingViewController.strings,86.37
iina/sv.lproj/SubChooseViewController.strings,100.00
browser/Chrome_Open_In_IINA/background.html,100.00
browser/Chrome_Open_In_IINA/common.js,83.20
browser/Chrome_Open_In_IINA/options.html,100.00
browser/Chrome_Open_In_IINA/options.js,100.00
browser/Chrome_Open_In_IINA/popup.html,100.00
browser/Chrome_Open_In_IINA/popup.js,100.00
browser/Firefox_Open_In_IINA/manifest.json,100.00
iina/zh-Hant.lproj/Contribution.rtf,87.30
iina/zh-Hant.lproj/FilterPresets.strings,65.10
iina/zh-Hant.lproj/MiniPlayerWindowController.strings,95.24
iina/zh-Hant.lproj/OpenURLWindowController.strings,89.47
iina/FloatingPointByteCountFormatter.swift,100.00
iina/uk.lproj/FilterPresets.strings,50.00
iina/uk.lproj/FreeSelectingViewController.strings,87.50
iina/uk.lproj/MiniPlayerWindowController.strings,100.00
iina/uk.lproj/OpenURLWindowController.strings,83.33
iina/uk.lproj/PrefOSCToolbarSettingsSheetController.strings,90.62
iina/uk.lproj/PrefUtilsViewController.strings,82.80
iina/uk.lproj/PreferenceWindowController.strings,100.00
iina/uk.lproj/SubChooseViewController.strings,100.00
.travis.yml,78.46
iina.xcodeproj/xcshareddata/xcschemes/iina-cli.xcscheme,96.81
iina/ro.lproj/AboutWindowController.strings,92.98
iina/ro.lproj/Contribution.rtf,84.75
iina/ro.lproj/CropSettingsViewController.strings,100.00
iina/ro.lproj/FilterPresets.strings,53.16
iina/ro.lproj/FilterWindowController.strings,100.00
iina/ro.lproj/FontPickerWindowController.strings,97.62
iina/ro.lproj/FreeSelectingViewController.strings,100.00
iina/ro.lproj/HistoryWindowController.strings,98.77
iina/ro.lproj/InfoPlist.strings,33.33
iina/ro.lproj/InitialWindowController.strings,85.48
iina/ro.lproj/InspectorWindowController.strings,89.39
iina/ro.lproj/KeyBinding.strings,52.97
iina/ro.lproj/KeyRecordViewController.strings,100.00
iina/ro.lproj/Localizable.strings,57.34
iina/ro.lproj/MainMenu.strings,93.74
iina/ro.lproj/MainWindowController.strings,97.56
iina/ro.lproj/MiniPlayerWindowController.strings,100.00
iina/ro.lproj/OpenURLWindowController.strings,85.37
iina/ro.lproj/PlaylistViewController.strings,98.41
iina/ro.lproj/PrefAdvancedViewController.strings,68.12
iina/ro.lproj/PrefCodecViewController.strings,34.15
iina/ro.lproj/PrefControlViewController.strings,86.49
iina/ro.lproj/PrefGeneralViewController.strings,67.73
iina/ro.lproj/PrefKeyBindingViewController.strings,94.92
iina/ro.lproj/PrefNetworkViewController.strings,86.52
iina/ro.lproj/PrefOSCToolbarSettingsSheetController.strings,93.55
iina/ro.lproj/PrefSubViewController.strings,94.79
iina/ro.lproj/PrefUIViewController.strings,86.33
iina/ro.lproj/PrefUtilsViewController.strings,77.08
iina/ro.lproj/PreferenceWindowController.strings,100.00
iina/ro.lproj/QuickSettingViewController.strings,83.79
iina/ro.lproj/SubChooseViewController.strings,100.00
iina/pt-BR.lproj/MiniPlayerWindowController.strings,100.00
iina/pt-BR.lproj/OpenURLWindowController.strings,85.37
iina/pt-BR.lproj/PrefOSCToolbarSettingsSheetController.strings,93.55
iina/pt-BR.lproj/PrefUtilsViewController.strings,75.51
iina/pt-BR.lproj/PreferenceWindowController.strings,100.00
iina/pt-BR.lproj/SubChooseViewController.strings,95.65
iina/hi.lproj/AboutWindowController.strings,94.44
iina/hi.lproj/Contribution.rtf,96.18
iina/hi.lproj/CropSettingsViewController.strings,100.00
iina/hi.lproj/FilterPresets.strings,93.22
iina/hi.lproj/FilterWindowController.strings,100.00
iina/hi.lproj/FontPickerWindowController.strings,90.70
iina/hi.lproj/FreeSelectingViewController.strings,100.00
iina/hi.lproj/HistoryWindowController.strings,97.50
iina/hi.lproj/InfoPlist.strings,50.00
iina/hi.lproj/InitialWindowController.strings,86.44
iina/hi.lproj/InspectorWindowController.strings,95.83
iina/hi.lproj/KeyBinding.strings,90.70
iina/hi.lproj/KeyRecordViewController.strings,100.00
iina/hi.lproj/Localizable.strings,55.10
iina/hi.lproj/MainMenu.strings,93.54
iina/hi.lproj/MainWindowController.strings,94.74
iina/hi.lproj/MiniPlayerWindowController.strings,100.00
iina/hi.lproj/OpenURLWindowController.strings,84.62
iina/hi.lproj/PlaylistViewController.strings,96.77
iina/hi.lproj/PrefAdvancedViewController.strings,70.59
iina/hi.lproj/PrefCodecViewController.strings,36.84
iina/hi.lproj/PrefControlViewController.strings,86.30
iina/hi.lproj/PrefGeneralViewController.strings,70.33
iina/hi.lproj/PrefKeyBindingViewController.strings,93.10
iina/hi.lproj/PrefNetworkViewController.strings,90.70
iina/hi.lproj/PrefOSCToolbarSettingsSheetController.strings,93.10
iina/hi.lproj/PrefSubViewController.strings,95.19
iina/hi.lproj/PrefUIViewController.strings,89.05
iina/hi.lproj/PrefUtilsViewController.strings,84.71
iina/hi.lproj/PreferenceWindowController.strings,100.00
iina/hi.lproj/QuickSettingViewController.strings,84.80
iina/hi.lproj/SubChooseViewController.strings,97.67
iina/cs.lproj/AboutWindowController.strings,86.89
iina/cs.lproj/Contribution.rtf,76.79
iina/cs.lproj/CropSettingsViewController.strings,96.97
iina/cs.lproj/FilterPresets.strings,100.00
iina/cs.lproj/FilterWindowController.strings,98.17
iina/cs.lproj/FontPickerWindowController.strings,95.35
iina/cs.lproj/FreeSelectingViewController.strings,100.00
iina/cs.lproj/HistoryWindowController.strings,94.12
iina/cs.lproj/InfoPlist.strings,100.00
iina/cs.lproj/InitialWindowController.strings,81.54
iina/cs.lproj/InspectorWindowController.strings,83.73
iina/cs.lproj/KeyBinding.strings,61.67
iina/cs.lproj/KeyRecordViewController.strings,100.00
iina/cs.lproj/Localizable.strings,58.53
iina/cs.lproj/MainMenu.strings,87.01
iina/cs.lproj/MainWindowController.strings,90.48
iina/cs.lproj/MiniPlayerWindowController.strings,94.44
iina/cs.lproj/OpenURLWindowController.strings,85.37
iina/cs.lproj/PlaylistViewController.strings,96.88
iina/cs.lproj/PrefAdvancedViewController.strings,63.51
iina/cs.lproj/PrefCodecViewController.strings,36.72
iina/cs.lproj/PrefControlViewController.strings,86.49
iina/cs.lproj/PrefGeneralViewController.strings,68.04
iina/cs.lproj/PrefKeyBindingViewController.strings,91.80
iina/cs.lproj/PrefNetworkViewController.strings,85.56
iina/cs.lproj/PrefOSCToolbarSettingsSheetController.strings,93.55
iina/cs.lproj/PrefSubViewController.strings,90.50
iina/cs.lproj/PrefUIViewController.strings,82.74
iina/cs.lproj/PrefUtilsViewController.strings,80.21
iina/cs.lproj/PreferenceWindowController.strings,88.89
iina/cs.lproj/QuickSettingViewController.strings,80.57
iina/cs.lproj/SubChooseViewController.strings,93.62
iina/MPVHook.swift,95.65
iina/pl.lproj/MiniPlayerWindowController.strings,100.00
iina/pl.lproj/OpenURLWindowController.strings,82.05
iina/pl.lproj/PrefUtilsViewController.strings,69.81
iina/pl.lproj/PreferenceWindowController.strings,100.00
deps/include/libavutil/hdr_dynamic_metadata.h,100.00
deps/include/libavutil/tx.h,66.51
iina/IINA.entitlements,90.91
iina/tr.lproj/PrefUtilsViewController.strings,84.68
iina/tr.lproj/OpenURLWindowController.strings,88.24
iina/tr.lproj/MiniPlayerWindowController.strings,100.00
iina/tr.lproj/PreferenceWindowController.strings,100.00
iina/en.lproj/AboutWindowController.strings,100.00
iina/en.lproj/Contribution.rtf,91.30
iina/en.lproj/CropSettingsViewController.strings,100.00
iina/en.lproj/FilterPresets.strings,98.28
iina/en.lproj/FilterWindowController.strings,100.00
iina/en.lproj/FontPickerWindowController.strings,100.00
iina/en.lproj/FreeSelectingViewController.strings,100.00
iina/en.lproj/HistoryWindowController.strings,100.00
iina/en.lproj/InfoPlist.strings,66.67
iina/en.lproj/InitialWindowController.strings,100.00
iina/en.lproj/InspectorWindowController.strings,97.92
iina/en.lproj/KeyRecordViewController.strings,100.00
iina/en.lproj/MainMenu.strings,96.67
iina/en.lproj/MiniPlayerWindowController.strings,100.00
iina/en.lproj/OpenURLWindowController.strings,100.00
iina/en.lproj/PlaylistViewController.strings,100.00
iina/en.lproj/PrefAdvancedViewController.strings,100.00
iina/en.lproj/PrefCodecViewController.strings,54.00
iina/en.lproj/PrefControlViewController.strings,100.00
iina/en.lproj/PrefGeneralViewController.strings,76.47
iina/en.lproj/PrefKeyBindingViewController.strings,96.55
iina/en.lproj/PrefNetworkViewController.strings,98.82
iina/en.lproj/PrefOSCToolbarSettingsSheetController.strings,100.00
iina/en.lproj/PrefSubViewController.strings,94.79
iina/en.lproj/PrefUIViewController.strings,90.00
iina/en.lproj/PrefUtilsViewController.strings,85.71
iina/en.lproj/PreferenceWindowController.strings,100.00
iina/en.lproj/QuickSettingViewController.strings,92.11
iina/en.lproj/SubChooseViewController.strings,100.00
crowdin.yml,54.55
.github/ISSUE_TEMPLATE/bug_report.md,100.00
.github/ISSUE_TEMPLATE/feature_request.md,100.00
.github/PULL_REQUEST_TEMPLATE.md,100.00
iina/da.lproj/MiniPlayerWindowController.strings,73.33
iina/da.lproj/OpenURLWindowController.strings,78.38
iina/da.lproj/PrefOSCToolbarSettingsSheetController.strings,100.00
iina/da.lproj/PrefUtilsViewController.strings,88.00
iina/da.lproj/PreferenceWindowController.strings,100.00
iina/da.lproj/SubChooseViewController.strings,73.33
iina/PlayerWindowController.swift,73.01
iina/ca.lproj/AboutWindowController.strings,100.00
iina/ca.lproj/CropSettingsViewController.strings,100.00
iina/ca.lproj/FilterPresets.strings,100.00
iina/ca.lproj/FilterWindowController.strings,100.00
iina/ca.lproj/FontPickerWindowController.strings,100.00
iina/ca.lproj/FreeSelectingViewController.strings,100.00
iina/ca.lproj/HistoryWindowController.strings,98.21
iina/ca.lproj/InfoPlist.strings,100.00
iina/ca.lproj/InitialWindowController.strings,92.86
iina/ca.lproj/InspectorWindowController.strings,96.53
iina/ca.lproj/KeyBinding.strings,100.00
iina/ca.lproj/KeyRecordViewController.strings,100.00
iina/ca.lproj/Localizable.strings,82.81
iina/ca.lproj/MainMenu.strings,100.00
iina/ca.lproj/MainWindowController.strings,100.00
iina/ca.lproj/MiniPlayerWindowController.strings,100.00
iina/ca.lproj/OpenURLWindowController.strings,79.31
iina/ca.lproj/PlaylistViewController.strings,100.00
iina/ca.lproj/PrefAdvancedViewController.strings,96.23
iina/ca.lproj/PrefCodecViewController.strings,69.14
iina/ca.lproj/PrefControlViewController.strings,98.58
iina/ca.lproj/PrefGeneralViewController.strings,95.77
iina/ca.lproj/PrefKeyBindingViewController.strings,96.88
iina/ca.lproj/PrefNetworkViewController.strings,98.39
iina/ca.lproj/PrefOSCToolbarSettingsSheetController.strings,90.91
iina/ca.lproj/PrefSubViewController.strings,96.84
iina/ca.lproj/PrefUIViewController.strings,100.00
iina/ca.lproj/PrefUtilsViewController.strings,100.00
iina/ca.lproj/PreferenceWindowController.strings,100.00
iina/ca.lproj/QuickSettingViewController.strings,99.20
iina/ca.lproj/SubChooseViewController.strings,100.00
iina/fa.lproj/AboutWindowController.strings,93.10
iina/fa.lproj/CropSettingsViewController.strings,100.00
iina/fa.lproj/FilterPresets.strings,100.00
iina/fa.lproj/FilterWindowController.strings,100.00
iina/fa.lproj/FontPickerWindowController.strings,100.00
iina/fa.lproj/FreeSelectingViewController.strings,100.00
iina/fa.lproj/HistoryWindowController.strings,98.61
iina/fa.lproj/InfoPlist.strings,100.00
iina/fa.lproj/InitialWindowController.strings,94.59
iina/fa.lproj/InspectorWindowController.strings,98.27
iina/fa.lproj/KeyBinding.strings,100.00
iina/fa.lproj/KeyRecordViewController.strings,100.00
iina/fa.lproj/Localizable.strings,78.78
iina/fa.lproj/MainMenu.strings,90.81
iina/fa.lproj/MainWindowController.strings,100.00
iina/fa.lproj/MiniPlayerWindowController.strings,100.00
iina/fa.lproj/OpenURLWindowController.strings,83.78
iina/fa.lproj/PlaylistViewController.strings,96.55
iina/fa.lproj/PrefAdvancedViewController.strings,89.29
iina/fa.lproj/PrefCodecViewController.strings,66.05
iina/fa.lproj/PrefControlViewController.strings,93.53
iina/fa.lproj/PrefGeneralViewController.strings,88.44
iina/fa.lproj/PrefKeyBindingViewController.strings,86.36
iina/fa.lproj/PrefNetworkViewController.strings,96.10
iina/fa.lproj/PrefOSCToolbarSettingsSheetController.strings,86.21
iina/fa.lproj/PrefSubViewController.strings,84.38
iina/fa.lproj/PrefUIViewController.strings,83.62
iina/fa.lproj/PrefUtilsViewController.strings,98.06
iina/fa.lproj/PreferenceWindowController.strings,100.00
iina/fa.lproj/QuickSettingViewController.strings,98.65
iina/fa.lproj/SubChooseViewController.strings,73.33
iina/sr-Cyrl.lproj/AboutWindowController.strings,100.00
iina/sr-Cyrl.lproj/CropSettingsViewController.strings,100.00
iina/sr-Cyrl.lproj/FilterPresets.strings,100.00
iina/sr-Cyrl.lproj/FilterWindowController.strings,100.00
iina/sr-Cyrl.lproj/FontPickerWindowController.strings,100.00
iina/sr-Cyrl.lproj/FreeSelectingViewController.strings,100.00
iina/sr-Cyrl.lproj/HistoryWindowController.strings,96.36
iina/sr-Cyrl.lproj/InitialWindowController.strings,100.00
iina/sr-Cyrl.lproj/InspectorWindowController.strings,100.00
iina/sr-Cyrl.lproj/KeyBinding.strings,100.00
iina/sr-Cyrl.lproj/KeyRecordViewController.strings,100.00
iina/sr-Cyrl.lproj/Localizable.strings,98.92
iina/sr-Cyrl.lproj/MainMenu.strings,100.00
iina/sr-Cyrl.lproj/MainWindowController.strings,100.00
iina/sr-Cyrl.lproj/MiniPlayerWindowController.strings,100.00
iina/sr-Cyrl.lproj/OpenURLWindowController.strings,100.00
iina/sr-Cyrl.lproj/PlaylistViewController.strings,100.00
iina/sr-Cyrl.lproj/PrefAdvancedViewController.strings,100.00
iina/sr-Cyrl.lproj/PrefCodecViewController.strings,100.00
iina/sr-Cyrl.lproj/PrefControlViewController.strings,99.22
iina/sr-Cyrl.lproj/PrefGeneralViewController.strings,100.00
iina/sr-Cyrl.lproj/PrefKeyBindingViewController.strings,93.55
iina/sr-Cyrl.lproj/PrefNetworkViewController.strings,100.00
iina/sr-Cyrl.lproj/PrefOSCToolbarSettingsSheetController.strings,100.00
iina/sr-Cyrl.lproj/PrefSubViewController.strings,100.00
iina/sr-Cyrl.lproj/PrefUIViewController.strings,100.00
iina/sr-Cyrl.lproj/PrefUtilsViewController.strings,100.00
iina/sr-Cyrl.lproj/PreferenceWindowController.strings,100.00
iina/sr-Cyrl.lproj/QuickSettingViewController.strings,100.00
iina/sr-Cyrl.lproj/SubChooseViewController.strings,100.00
iina/sr-Latn.lproj/AboutWindowController.strings,100.00
iina/sr-Latn.lproj/CropSettingsViewController.strings,100.00
iina/sr-Latn.lproj/FilterPresets.strings,96.49
iina/sr-Latn.lproj/FilterWindowController.strings,100.00
iina/sr-Latn.lproj/FontPickerWindowController.strings,90.62
iina/sr-Latn.lproj/FreeSelectingViewController.strings,84.62
iina/sr-Latn.lproj/HistoryWindowController.strings,98.15
iina/sr-Latn.lproj/InfoPlist.strings,100.00
iina/sr-Latn.lproj/InitialWindowController.strings,86.67
iina/sr-Latn.lproj/InspectorWindowController.strings,94.89
iina/sr-Latn.lproj/KeyBinding.strings,59.90
iina/sr-Latn.lproj/KeyRecordViewController.strings,71.43
iina/sr-Latn.lproj/Localizable.strings,51.63
iina/sr-Latn.lproj/MainMenu.strings,75.62
iina/sr-Latn.lproj/MainWindowController.strings,66.67
iina/sr-Latn.lproj/MiniPlayerWindowController.strings,73.33
iina/sr-Latn.lproj/OpenURLWindowController.strings,62.16
iina/sr-Latn.lproj/PlaylistViewController.strings,74.29
iina/sr-Latn.lproj/PrefAdvancedViewController.strings,79.37
iina/sr-Latn.lproj/PrefCodecViewController.strings,57.39
iina/sr-Latn.lproj/PrefControlViewController.strings,70.72
iina/sr-Latn.lproj/PrefGeneralViewController.strings,67.86
iina/sr-Latn.lproj/PrefKeyBindingViewController.strings,73.81
iina/sr-Latn.lproj/PrefNetworkViewController.strings,76.92
iina/sr-Latn.lproj/PrefOSCToolbarSettingsSheetController.strings,68.97
iina/sr-Latn.lproj/PrefSubViewController.strings,74.59
iina/sr-Latn.lproj/PrefUIViewController.strings,77.71
iina/sr-Latn.lproj/PrefUtilsViewController.strings,80.00
iina/sr-Latn.lproj/PreferenceWindowController.strings,71.43
iina/sr-Latn.lproj/QuickSettingViewController.strings,83.84
iina/sr-Latn.lproj/SubChooseViewController.strings,73.33
iina.xcodeproj/xcshareddata/xcschemes/iina-ca.xcscheme,100.00
iina/ca.lproj/Contribution.rtf,95.45
iina/LanguageTokenField.swift,71.26
iina/Assets.xcassets/Icons/ontop.imageset/Contents.json,100.00
iina/Assets.xcassets/Icons/ontop.imageset/ontop.pdf,100.00
iina/Assets.xcassets/Icons/ontop_off.imageset/Contents.json,100.00
iina/Assets.xcassets/Icons/ontop_off.imageset/ontop_off.pdf,100.00
iina/Switch.swift,52.48
iina/Assets.xcassets/Icons/playing-in-pip.imageset/Contents.json,88.24
iina/Assets.xcassets/Icons/playing-in-pip.imageset/playing_in_pip.pdf,100.00
iina/Assets.xcassets/Icons/volume-0.imageset/Contents.json,88.24
iina/Assets.xcassets/Icons/volume-0.imageset/volume-0.pdf,55.23
iina/Assets.xcassets/Icons/volume-1.imageset/Contents.json,88.24
iina/Assets.xcassets/Icons/volume-1.imageset/volume-1.pdf,50.95
iina/Assets.xcassets/Icons/volume-2.imageset/Contents.json,88.24
iina/Assets.xcassets/Icons/loop-dark.imageset/loop-sf-on.pdf,100.00
iina/Assets.xcassets/Icons/loop.imageset/loop-sf.pdf,100.00
iina/Assets.xcassets/Icons/minus.imageset/minus.pdf,100.00
iina/Assets.xcassets/Icons/mute.imageset/volume-mute.pdf,100.00
iina/Assets.xcassets/Icons/plus.imageset/plus.pdf,100.00
iina/Assets.xcassets/Icons/shuffle-dark.imageset/shuffle-sf-on.pdf,100.00
iina/Assets.xcassets/Icons/shuffle.imageset/shuffle-sf.pdf,100.00
iina/Assets.xcassets/Icons/trash.imageset/trash.pdf,100.00
iina/Assets.xcassets/Icons/volume-2.imageset/volume-2.pdf,100.00
iina/Base.lproj/ScreenshootOSDView.xib,97.59
iina/ScreenshootOSDView.swift,100.00
iina/en.lproj/ScreenshootOSDView.strings,100.00
iina/Assets.xcassets/Icons/battery.imageset/Contents.json,50.00
iina/Assets.xcassets/Icons/battery.imageset/battery.pdf,87.86
iina/Base.lproj/GuideWindowController.xib,100.00
iina/GuideWindowController.swift,98.43
iina/ca.lproj/GuideWindowController.strings,44.12
iina/cs.lproj/GuideWindowController.strings,44.12
iina/de.lproj/GuideWindowController.strings,44.12
iina/en.lproj/GuideWindowController.strings,100.00
iina/es.lproj/GuideWindowController.strings,54.29
iina/fr.lproj/GuideWindowController.strings,55.88
iina/hi.lproj/GuideWindowController.strings,41.67
iina/it.lproj/GuideWindowController.strings,55.88
iina/ja.lproj/GuideWindowController.strings,54.55
iina/ko.lproj/GuideWindowController.strings,54.29
iina/nl.lproj/GuideWindowController.strings,46.88
iina/pl.lproj/GuideWindowController.strings,54.29
iina/pt-BR.lproj/GuideWindowController.strings,55.88
iina/ro.lproj/GuideWindowController.strings,44.12
iina/ru.lproj/GuideWindowController.strings,57.14
iina/sk.lproj/GuideWindowController.strings,45.45
iina/sv.lproj/GuideWindowController.strings,51.52
iina/tr.lproj/GuideWindowController.strings,55.88
iina/uk.lproj/GuideWindowController.strings,55.88
iina/zh-Hans.lproj/GuideWindowController.strings,51.72
iina/zh-Hant.lproj/GuideWindowController.strings,48.39
iina/ca.lproj/ScreenshootOSDView.strings,72.73
iina/cs.lproj/ScreenshootOSDView.strings,72.73
iina/da.lproj/GuideWindowController.strings,73.68
iina/da.lproj/ScreenshootOSDView.strings,72.73
iina/de.lproj/ScreenshootOSDView.strings,100.00
iina/es.lproj/ScreenshootOSDView.strings,75.00
iina/fa.lproj/GuideWindowController.strings,73.68
iina/fa.lproj/ScreenshootOSDView.strings,72.73
iina/fi.lproj/AboutWindowController.strings,100.00
iina/fi.lproj/CropSettingsViewController.strings,100.00
iina/fi.lproj/FilterPresets.strings,98.21
iina/fi.lproj/FilterWindowController.strings,100.00
iina/fi.lproj/FontPickerWindowController.strings,100.00
iina/fi.lproj/FreeSelectingViewController.strings,100.00
iina/fi.lproj/GuideWindowController.strings,73.68
iina/fi.lproj/HistoryWindowController.strings,98.15
iina/fi.lproj/InfoPlist.strings,100.00
iina/fi.lproj/InitialWindowController.strings,92.86
iina/fi.lproj/InspectorWindowController.strings,96.53
iina/fi.lproj/KeyBinding.strings,94.07
iina/fi.lproj/KeyRecordViewController.strings,71.43
iina/fi.lproj/Localizable.strings,60.36
iina/fi.lproj/MainMenu.strings,76.10
iina/fi.lproj/MainWindowController.strings,66.67
iina/fi.lproj/MiniPlayerWindowController.strings,73.33
iina/fi.lproj/OpenURLWindowController.strings,62.16
iina/fi.lproj/PlaylistViewController.strings,74.29
iina/fi.lproj/PrefAdvancedViewController.strings,79.37
iina/fi.lproj/PrefCodecViewController.strings,62.57
iina/fi.lproj/PrefControlViewController.strings,74.05
iina/fi.lproj/PrefGeneralViewController.strings,77.19
iina/fi.lproj/PrefKeyBindingViewController.strings,74.42
iina/fi.lproj/PrefNetworkViewController.strings,75.95
iina/fi.lproj/PrefOSCToolbarSettingsSheetController.strings,68.97
iina/fi.lproj/PrefSubViewController.strings,74.29
iina/fi.lproj/PrefUIViewController.strings,77.71
iina/fi.lproj/PrefUtilsViewController.strings,80.00
iina/fi.lproj/PreferenceWindowController.strings,71.43
iina/fi.lproj/QuickSettingViewController.strings,84.83
iina/fi.lproj/ScreenshootOSDView.strings,72.73
iina/fi.lproj/SubChooseViewController.strings,73.33
iina/fr.lproj/ScreenshootOSDView.strings,100.00
iina/hi.lproj/ScreenshootOSDView.strings,72.73
iina/hu.lproj/AboutWindowController.strings,87.10
iina/hu.lproj/CropSettingsViewController.strings,100.00
iina/hu.lproj/FilterPresets.strings,61.11
iina/hu.lproj/FilterWindowController.strings,89.39
iina/hu.lproj/FontPickerWindowController.strings,93.55
iina/hu.lproj/FreeSelectingViewController.strings,91.67
iina/hu.lproj/GuideWindowController.strings,70.00
iina/hu.lproj/HistoryWindowController.strings,79.10
iina/hu.lproj/InfoPlist.strings,100.00
iina/hu.lproj/InitialWindowController.strings,66.67
iina/hu.lproj/InspectorWindowController.strings,73.25
iina/hu.lproj/KeyBinding.strings,55.66
iina/hu.lproj/KeyRecordViewController.strings,71.43
iina/hu.lproj/Localizable.strings,54.96
iina/hu.lproj/MainMenu.strings,74.96
iina/hu.lproj/MainWindowController.strings,50.00
iina/hu.lproj/MiniPlayerWindowController.strings,64.71
iina/hu.lproj/OpenURLWindowController.strings,62.16
iina/hu.lproj/PlaylistViewController.strings,70.27
iina/hu.lproj/PrefAdvancedViewController.strings,77.94
iina/hu.lproj/PrefCodecViewController.strings,61.72
iina/hu.lproj/PrefControlViewController.strings,71.73
iina/hu.lproj/PrefGeneralViewController.strings,75.21
iina/hu.lproj/PrefKeyBindingViewController.strings,73.81
iina/hu.lproj/PrefNetworkViewController.strings,71.08
iina/hu.lproj/PrefOSCToolbarSettingsSheetController.strings,68.97
iina/hu.lproj/PrefSubViewController.strings,73.98
iina/hu.lproj/PrefUIViewController.strings,77.04
iina/hu.lproj/PrefUtilsViewController.strings,77.67
iina/hu.lproj/PreferenceWindowController.strings,71.43
iina/hu.lproj/QuickSettingViewController.strings,96.17
iina/hu.lproj/ScreenshootOSDView.strings,72.73
iina/hu.lproj/SubChooseViewController.strings,91.67
iina/id.lproj/AboutWindowController.strings,100.00
iina/id.lproj/CropSettingsViewController.strings,100.00
iina/id.lproj/FilterPresets.strings,61.96
iina/id.lproj/FilterWindowController.strings,75.64
iina/id.lproj/FontPickerWindowController.strings,77.50
iina/id.lproj/FreeSelectingViewController.strings,76.47
iina/id.lproj/GuideWindowController.strings,77.27
iina/id.lproj/HistoryWindowController.strings,75.95
iina/id.lproj/InfoPlist.strings,100.00
iina/id.lproj/InitialWindowController.strings,75.00
iina/id.lproj/InspectorWindowController.strings,82.33
iina/id.lproj/KeyBinding.strings,65.53
iina/id.lproj/KeyRecordViewController.strings,100.00
iina/id.lproj/Localizable.strings,59.12
iina/id.lproj/MainMenu.strings,98.67
iina/id.lproj/MainWindowController.strings,66.67
iina/id.lproj/MiniPlayerWindowController.strings,100.00
iina/id.lproj/OpenURLWindowController.strings,80.00
iina/id.lproj/PlaylistViewController.strings,75.00
iina/id.lproj/PrefAdvancedViewController.strings,70.67
iina/id.lproj/PrefCodecViewController.strings,59.05
iina/id.lproj/PrefControlViewController.strings,60.35
iina/id.lproj/PrefGeneralViewController.strings,77.73
iina/id.lproj/PrefKeyBindingViewController.strings,71.11
iina/id.lproj/PrefNetworkViewController.strings,74.39
iina/id.lproj/PrefOSCToolbarSettingsSheetController.strings,70.97
iina/id.lproj/PrefSubViewController.strings,63.19
iina/id.lproj/PrefUIViewController.strings,72.86
iina/id.lproj/PrefUtilsViewController.strings,65.57
iina/id.lproj/PreferenceWindowController.strings,100.00
iina/id.lproj/QuickSettingViewController.strings,83.33
iina/id.lproj/ScreenshootOSDView.strings,72.73
iina/id.lproj/SubChooseViewController.strings,92.31
iina/is.lproj/AboutWindowController.strings,100.00
iina/is.lproj/CropSettingsViewController.strings,100.00
iina/is.lproj/FilterPresets.strings,73.33
iina/is.lproj/FilterWindowController.strings,91.43
iina/is.lproj/FontPickerWindowController.strings,93.55
iina/is.lproj/FreeSelectingViewController.strings,100.00
iina/is.lproj/GuideWindowController.strings,73.68
iina/is.lproj/HistoryWindowController.strings,98.15
iina/is.lproj/InfoPlist.strings,100.00
iina/is.lproj/InitialWindowController.strings,92.86
iina/is.lproj/InspectorWindowController.strings,97.78
iina/is.lproj/KeyBinding.strings,97.47
iina/is.lproj/KeyRecordViewController.strings,100.00
iina/is.lproj/Localizable.strings,81.82
iina/is.lproj/MainMenu.strings,96.04
iina/is.lproj/MainWindowController.strings,100.00
iina/is.lproj/MiniPlayerWindowController.strings,100.00
iina/is.lproj/OpenURLWindowController.strings,75.00
iina/is.lproj/PlaylistViewController.strings,100.00
iina/is.lproj/PrefAdvancedViewController.strings,96.23
iina/is.lproj/PrefCodecViewController.strings,69.03
iina/is.lproj/PrefControlViewController.strings,98.58
iina/is.lproj/PrefGeneralViewController.strings,95.68
iina/is.lproj/PrefKeyBindingViewController.strings,88.57
iina/is.lproj/PrefNetworkViewController.strings,100.00
iina/is.lproj/PrefOSCToolbarSettingsSheetController.strings,76.92
iina/is.lproj/PrefSubViewController.strings,96.83
iina/is.lproj/PrefUIViewController.strings,99.23
iina/is.lproj/PrefUtilsViewController.strings,97.59
iina/is.lproj/PreferenceWindowController.strings,100.00
iina/is.lproj/QuickSettingViewController.strings,99.22
iina/is.lproj/ScreenshootOSDView.strings,100.00
iina/is.lproj/SubChooseViewController.strings,100.00
iina/it.lproj/ScreenshootOSDView.strings,100.00
iina/ja.lproj/ScreenshootOSDView.strings,100.00
iina/ko.lproj/ScreenshootOSDView.strings,100.00
iina/mk.lproj/AboutWindowController.strings,76.47
iina/mk.lproj/CropSettingsViewController.strings,72.73
iina/mk.lproj/FilterPresets.strings,59.14
iina/mk.lproj/FilterWindowController.strings,74.68
iina/mk.lproj/FontPickerWindowController.strings,76.32
iina/mk.lproj/FreeSelectingViewController.strings,73.33
iina/mk.lproj/GuideWindowController.strings,87.50
iina/mk.lproj/HistoryWindowController.strings,96.36
iina/mk.lproj/InfoPlist.strings,100.00
iina/mk.lproj/InitialWindowController.strings,92.86
iina/mk.lproj/InspectorWindowController.strings,100.00
iina/mk.lproj/KeyBinding.strings,96.72
iina/mk.lproj/KeyRecordViewController.strings,100.00
iina/mk.lproj/Localizable.strings,82.30
iina/mk.lproj/MainMenu.strings,98.11
iina/mk.lproj/MainWindowController.strings,100.00
iina/mk.lproj/MiniPlayerWindowController.strings,100.00
iina/mk.lproj/OpenURLWindowController.strings,74.19
iina/mk.lproj/PlaylistViewController.strings,100.00
iina/mk.lproj/PrefAdvancedViewController.strings,96.23
iina/mk.lproj/PrefCodecViewController.strings,69.03
iina/mk.lproj/PrefControlViewController.strings,98.56
iina/mk.lproj/PrefGeneralViewController.strings,97.79
iina/mk.lproj/PrefKeyBindingViewController.strings,88.57
iina/mk.lproj/PrefNetworkViewController.strings,100.00
iina/mk.lproj/PrefOSCToolbarSettingsSheetController.strings,76.92
iina/mk.lproj/PrefSubViewController.strings,96.83
iina/mk.lproj/PrefUIViewController.strings,100.00
iina/mk.lproj/PrefUtilsViewController.strings,95.24
iina/mk.lproj/PreferenceWindowController.strings,100.00
iina/mk.lproj/QuickSettingViewController.strings,100.00
iina/mk.lproj/ScreenshootOSDView.strings,100.00
iina/mk.lproj/SubChooseViewController.strings,100.00
iina/nl.lproj/ScreenshootOSDView.strings,72.73
iina/no.lproj/AboutWindowController.strings,96.30
iina/no.lproj/CropSettingsViewController.strings,100.00
iina/no.lproj/FilterPresets.strings,98.21
iina/no.lproj/FilterWindowController.strings,80.00
iina/no.lproj/FontPickerWindowController.strings,82.86
iina/no.lproj/FreeSelectingViewController.strings,73.33
iina/no.lproj/GuideWindowController.strings,73.68
iina/no.lproj/HistoryWindowController.strings,73.61
iina/no.lproj/InfoPlist.strings,100.00
iina/no.lproj/InitialWindowController.strings,86.67
iina/no.lproj/InspectorWindowController.strings,97.34
iina/no.lproj/KeyBinding.strings,97.42
iina/no.lproj/KeyRecordViewController.strings,100.00
iina/no.lproj/Localizable.strings,83.92
iina/no.lproj/MainMenu.strings,93.68
iina/no.lproj/MainWindowController.strings,100.00
iina/no.lproj/MiniPlayerWindowController.strings,100.00
iina/no.lproj/OpenURLWindowController.strings,66.67
iina/no.lproj/PlaylistViewController.strings,72.22
iina/no.lproj/PrefAdvancedViewController.strings,96.30
iina/no.lproj/PrefCodecViewController.strings,69.43
iina/no.lproj/PrefControlViewController.strings,98.64
iina/no.lproj/PrefGeneralViewController.strings,95.70
iina/no.lproj/PrefKeyBindingViewController.strings,88.57
iina/no.lproj/PrefNetworkViewController.strings,96.88
iina/no.lproj/PrefOSCToolbarSettingsSheetController.strings,90.91
iina/no.lproj/PrefSubViewController.strings,92.42
iina/no.lproj/PrefUIViewController.strings,99.23
iina/no.lproj/PrefUtilsViewController.strings,90.91
iina/no.lproj/PreferenceWindowController.strings,100.00
iina/no.lproj/QuickSettingViewController.strings,92.44
iina/no.lproj/ScreenshootOSDView.strings,100.00
iina/no.lproj/SubChooseViewController.strings,100.00
iina/pl.lproj/ScreenshootOSDView.strings,100.00
iina/pt-BR.lproj/ScreenshootOSDView.strings,100.00
iina/pt.lproj/AboutWindowController.strings,92.86
iina/pt.lproj/CropSettingsViewController.strings,100.00
iina/pt.lproj/FilterPresets.strings,98.25
iina/pt.lproj/FilterWindowController.strings,100.00
iina/pt.lproj/FontPickerWindowController.strings,100.00
iina/pt.lproj/FreeSelectingViewController.strings,100.00
iina/pt.lproj/GuideWindowController.strings,100.00
iina/pt.lproj/HistoryWindowController.strings,98.15
iina/pt.lproj/InfoPlist.strings,50.00
iina/pt.lproj/InitialWindowController.strings,92.86
iina/pt.lproj/InspectorWindowController.strings,89.78
iina/pt.lproj/KeyBinding.strings,100.00
iina/pt.lproj/KeyRecordViewController.strings,100.00
iina/pt.lproj/Localizable.strings,82.10
iina/pt.lproj/MainMenu.strings,99.81
iina/pt.lproj/MainWindowController.strings,100.00
iina/pt.lproj/MiniPlayerWindowController.strings,100.00
iina/pt.lproj/OpenURLWindowController.strings,79.31
iina/pt.lproj/PlaylistViewController.strings,100.00
iina/pt.lproj/PrefAdvancedViewController.strings,94.34
iina/pt.lproj/PrefCodecViewController.strings,60.89
iina/pt.lproj/PrefControlViewController.strings,98.58
iina/pt.lproj/PrefGeneralViewController.strings,91.67
iina/pt.lproj/PrefKeyBindingViewController.strings,96.88
iina/pt.lproj/PrefNetworkViewController.strings,100.00
iina/pt.lproj/PrefOSCToolbarSettingsSheetController.strings,90.91
iina/pt.lproj/PrefSubViewController.strings,96.83
iina/pt.lproj/PrefUIViewController.strings,98.05
iina/pt.lproj/PrefUtilsViewController.strings,100.00
iina/pt.lproj/PreferenceWindowController.strings,100.00
iina/pt.lproj/QuickSettingViewController.strings,99.19
iina/pt.lproj/ScreenshootOSDView.strings,100.00
iina/pt.lproj/SubChooseViewController.strings,84.62
iina/ro.lproj/ScreenshootOSDView.strings,72.73
iina/ru.lproj/ScreenshootOSDView.strings,100.00
iina/sk.lproj/ScreenshootOSDView.strings,57.14
iina/sr-CS.lproj/AboutWindowController.strings,100.00
iina/sr-CS.lproj/CropSettingsViewController.strings,100.00
iina/sr-CS.lproj/FilterPresets.strings,100.00
iina/sr-CS.lproj/FilterWindowController.strings,100.00
iina/sr-CS.lproj/FontPickerWindowController.strings,100.00
iina/sr-CS.lproj/FreeSelectingViewController.strings,100.00
iina/sr-CS.lproj/GuideWindowController.strings,100.00
iina/sr-CS.lproj/HistoryWindowController.strings,98.15
iina/sr-CS.lproj/InitialWindowController.strings,100.00
iina/sr-CS.lproj/InspectorWindowController.strings,100.00
iina/sr-CS.lproj/KeyBinding.strings,100.00
iina/sr-CS.lproj/KeyRecordViewController.strings,100.00
iina/sr-CS.lproj/Localizable.strings,99.34
iina/sr-CS.lproj/MainMenu.strings,100.00
iina/sr-CS.lproj/MainWindowController.strings,100.00
iina/sr-CS.lproj/MiniPlayerWindowController.strings,100.00
iina/sr-CS.lproj/OpenURLWindowController.strings,100.00
iina/sr-CS.lproj/PlaylistViewController.strings,100.00
iina/sr-CS.lproj/PrefAdvancedViewController.strings,100.00
iina/sr-CS.lproj/PrefCodecViewController.strings,100.00
iina/sr-CS.lproj/PrefControlViewController.strings,99.28
iina/sr-CS.lproj/PrefGeneralViewController.strings,98.73
iina/sr-CS.lproj/PrefKeyBindingViewController.strings,93.55
iina/sr-CS.lproj/PrefNetworkViewController.strings,100.00
iina/sr-CS.lproj/PrefOSCToolbarSettingsSheetController.strings,100.00
iina/sr-CS.lproj/PrefSubViewController.strings,100.00
iina/sr-CS.lproj/PrefUIViewController.strings,100.00
iina/sr-CS.lproj/PrefUtilsViewController.strings,100.00
iina/sr-CS.lproj/PreferenceWindowController.strings,100.00
iina/sr-CS.lproj/QuickSettingViewController.strings,100.00
iina/sr-CS.lproj/ScreenshootOSDView.strings,100.00
iina/sr-CS.lproj/SubChooseViewController.strings,100.00
iina/sr.lproj/AboutWindowController.strings,76.47
iina/sr.lproj/CropSettingsViewController.strings,72.73
iina/sr.lproj/FilterPresets.strings,57.89
iina/sr.lproj/FilterWindowController.strings,92.50
iina/sr.lproj/FontPickerWindowController.strings,78.38
iina/sr.lproj/FreeSelectingViewController.strings,73.33
iina/sr.lproj/GuideWindowController.strings,73.68
iina/sr.lproj/HistoryWindowController.strings,96.36
iina/sr.lproj/InfoPlist.strings,100.00
iina/sr.lproj/InitialWindowController.strings,93.10
iina/sr.lproj/InspectorWindowController.strings,100.00
iina/sr.lproj/KeyBinding.strings,96.77
iina/sr.lproj/KeyRecordViewController.strings,71.43
iina/sr.lproj/Localizable.strings,82.33
iina/sr.lproj/MainMenu.strings,90.94
iina/sr.lproj/MainWindowController.strings,66.67
iina/sr.lproj/MiniPlayerWindowController.strings,73.33
iina/sr.lproj/OpenURLWindowController.strings,74.19
iina/sr.lproj/PlaylistViewController.strings,74.29
iina/sr.lproj/PrefAdvancedViewController.strings,96.15
iina/sr.lproj/PrefCodecViewController.strings,69.03
iina/sr.lproj/PrefControlViewController.strings,98.56
iina/sr.lproj/PrefGeneralViewController.strings,95.70
iina/sr.lproj/PrefKeyBindingViewController.strings,88.57
iina/sr.lproj/PrefNetworkViewController.strings,100.00
iina/sr.lproj/PrefOSCToolbarSettingsSheetController.strings,76.92
iina/sr.lproj/PrefSubViewController.strings,96.83
iina/sr.lproj/PrefUIViewController.strings,100.00
iina/sr.lproj/PrefUtilsViewController.strings,95.29
iina/sr.lproj/PreferenceWindowController.strings,71.43
iina/sr.lproj/QuickSettingViewController.strings,99.21
iina/sr.lproj/ScreenshootOSDView.strings,72.73
iina/sr.lproj/SubChooseViewController.strings,73.33
iina/sv.lproj/ScreenshootOSDView.strings,100.00
iina/ta.lproj/AboutWindowController.strings,100.00
iina/ta.lproj/CropSettingsViewController.strings,88.89
iina/ta.lproj/FilterPresets.strings,80.88
iina/ta.lproj/FilterWindowController.strings,100.00
iina/ta.lproj/FontPickerWindowController.strings,100.00
iina/ta.lproj/FreeSelectingViewController.strings,100.00
iina/ta.lproj/GuideWindowController.strings,78.95
iina/ta.lproj/HistoryWindowController.strings,96.55
iina/ta.lproj/InfoPlist.strings,100.00
iina/ta.lproj/InitialWindowController.strings,92.86
iina/ta.lproj/InspectorWindowController.strings,97.80
iina/ta.lproj/KeyBinding.strings,96.75
iina/ta.lproj/KeyRecordViewController.strings,100.00
iina/ta.lproj/Localizable.strings,81.49
iina/ta.lproj/MainMenu.strings,98.11
iina/ta.lproj/MainWindowController.strings,100.00
iina/ta.lproj/MiniPlayerWindowController.strings,100.00
iina/ta.lproj/OpenURLWindowController.strings,74.19
iina/ta.lproj/PlaylistViewController.strings,100.00
iina/ta.lproj/PrefAdvancedViewController.strings,96.15
iina/ta.lproj/PrefCodecViewController.strings,69.03
iina/ta.lproj/PrefControlViewController.strings,97.16
iina/ta.lproj/PrefGeneralViewController.strings,94.68
iina/ta.lproj/PrefKeyBindingViewController.strings,88.57
iina/ta.lproj/PrefNetworkViewController.strings,96.77
iina/ta.lproj/PrefOSCToolbarSettingsSheetController.strings,83.33
iina/ta.lproj/PrefSubViewController.strings,93.85
iina/ta.lproj/PrefUIViewController.strings,99.22
iina/ta.lproj/PrefUtilsViewController.strings,95.24
iina/ta.lproj/PreferenceWindowController.strings,100.00
iina/ta.lproj/QuickSettingViewController.strings,97.62
iina/ta.lproj/ScreenshootOSDView.strings,80.00
iina/ta.lproj/SubChooseViewController.strings,100.00
iina/tr.lproj/ScreenshootOSDView.strings,100.00
iina/uk.lproj/ScreenshootOSDView.strings,100.00
iina/zh-Hans.lproj/ScreenshootOSDView.strings,100.00
iina/zh-Hant.lproj/ScreenshootOSDView.strings,100.00
iina/Assets.xcassets/Icons/iina_arrow.imageset/Contents.json,100.00
iina/Assets.xcassets/Icons/tab_audio.imageset/Contents.json,100.00
iina/Assets.xcassets/Icons/tab_audio.imageset/tab_audio.pdf,100.00
iina/Assets.xcassets/Icons/tab_sub.imageset/Contents.json,100.00
iina/Assets.xcassets/Icons/tab_sub.imageset/tab_sub.pdf,87.39
iina/Assets.xcassets/Icons/tab_video.imageset/Contents.json,100.00
iina/Assets.xcassets/Icons/tab_video.imageset/tab_video.pdf,100.00
iina/Assets.xcassets/Colors/SidebarTabTint.colorset/Contents.json,100.00
iina/Assets.xcassets/Colors/SidebarTabTintActive.colorset/Contents.json,100.00
iina/en-GB.lproj/AboutWindowController.strings,100.00
iina/en-GB.lproj/CropSettingsViewController.strings,100.00
iina/en-GB.lproj/FilterPresets.strings,100.00
iina/en-GB.lproj/FilterWindowController.strings,100.00
iina/en-GB.lproj/FontPickerWindowController.strings,100.00
iina/en-GB.lproj/FreeSelectingViewController.strings,100.00
iina/en-GB.lproj/GuideWindowController.strings,100.00
iina/en-GB.lproj/HistoryWindowController.strings,96.36
iina/en-GB.lproj/InfoPlist.strings,100.00
iina/en-GB.lproj/InitialWindowController.strings,92.86
iina/en-GB.lproj/InspectorWindowController.strings,96.53
iina/en-GB.lproj/KeyBinding.strings,100.00
iina/en-GB.lproj/KeyRecordViewController.strings,100.00
iina/en-GB.lproj/Localizable.strings,81.63
iina/en-GB.lproj/MainMenu.strings,99.81
iina/en-GB.lproj/MainWindowController.strings,100.00
iina/en-GB.lproj/MiniPlayerWindowController.strings,100.00
iina/en-GB.lproj/OpenURLWindowController.strings,79.31
iina/en-GB.lproj/PlaylistViewController.strings,100.00
iina/en-GB.lproj/PrefAdvancedViewController.strings,96.15
iina/en-GB.lproj/PrefCodecViewController.strings,69.03
iina/en-GB.lproj/PrefControlViewController.strings,98.56
iina/en-GB.lproj/PrefGeneralViewController.strings,97.24
iina/en-GB.lproj/PrefKeyBindingViewController.strings,93.94
iina/en-GB.lproj/PrefNetworkViewController.strings,98.31
iina/en-GB.lproj/PrefOSCToolbarSettingsSheetController.strings,90.91
iina/en-GB.lproj/PrefSubViewController.strings,96.81
iina/en-GB.lproj/PrefUIViewController.strings,100.00
iina/en-GB.lproj/PrefUtilsViewController.strings,100.00
iina/en-GB.lproj/PreferenceWindowController.strings,100.00
iina/en-GB.lproj/QuickSettingViewController.strings,98.01
iina/en-GB.lproj/ScreenshootOSDView.strings,100.00
iina/en-GB.lproj/SubChooseViewController.strings,100.00
other/download_libs.sh,88.41
.github/workflows/ci.yml,54.24
iina/AccessibilityPreference.swift,100.00
iina/AccessibilityPreferences.swift,96.15
other/update_copyright.sh,100.00
deps/include/libavcodec/bsf.h,89.04
deps/include/libavcodec/codec.h,92.66
deps/include/libavcodec/codec_desc.h,94.81
deps/include/libavcodec/codec_id.h,86.68
deps/include/libavcodec/codec_par.h,81.79
deps/include/libavcodec/packet.h,80.54
deps/include/libavutil/dovi_meta.h,70.34
deps/include/libavutil/film_grain_params.h,64.62
deps/include/libavutil/hwcontext_opencl.h,100.00
deps/include/libavutil/hwcontext_vulkan.h,64.15
deps/include/libavutil/video_enc_params.h,100.00
iina/JavascriptAPI.swift,94.51
iina/JavascriptPlugin.swift,92.22
iina/JavascriptAPICore.swift,86.23
iina/JavascriptAPIEvent.swift,100.00
iina/JavascriptAPIMpv.swift,100.00
iina/JavascriptPluginInstance.swift,98.58
iina/JavascriptAPIHttp.swift,99.48
iina/JavascriptAPIConsole.swift,98.57
iina/PrefPluginPermissionView.swift,100.00
iina/PrefPluginPermissionView.xib,100.00
iina/PrefPluginViewController.swift,89.80
iina/PrefPluginViewController.xib,91.21
iina/EventController.swift,72.38
iina/JavascriptAPIMenu.swift,96.15
iina/JavascriptPluginMenuItem.swift,93.97
iina/JavascriptAPIOverlay.swift,97.52
iina/PluginOverlayView.swift,97.71
iina/JavascriptAPIUtils.swift,75.52
iina/JavascriptAPIPreferences.swift,97.50
iina/JavascriptAPIFile.swift,62.87
iina/JavascriptAPIPlaylist.swift,50.88
iina/StringEncodingName.swift,100.00
iina/JavascriptPolyfill.swift,100.00
iina/PrefPluginPermissionListView.swift,100.00
iina/JavascriptAPISubtitle.swift,93.08
iina/JavascriptPluginSubtitle.swift,97.79
iina/JavascriptPluginSubtitleItem.swift,97.30
iina/JavascriptAPIStandaloneWindow.swift,100.00
iina/PluginStandaloneWindow.swift,68.39
iina/JavascriptAPISidebarView.swift,84.21
iina/PluginSidebarView.swift,92.59
iina/SidebarTabView.swift,88.24
iina/SidebarTabView.xib,100.00
iina/JavascriptAPIGlobal.swift,98.37
iina/JavascriptMessageHub.swift,63.10
iina/af.lproj/AboutWindowController.strings,88.46
iina/af.lproj/Contribution.rtf,100.00
iina/af.lproj/CropSettingsViewController.strings,100.00
iina/af.lproj/FilterPresets.strings,100.00
iina/af.lproj/FilterWindowController.strings,100.00
iina/af.lproj/FontPickerWindowController.strings,100.00
iina/af.lproj/FreeSelectingViewController.strings,100.00
iina/af.lproj/GuideWindowController.strings,100.00
iina/af.lproj/HistoryWindowController.strings,100.00
iina/af.lproj/InfoPlist.strings,100.00
iina/af.lproj/InitialWindowController.strings,100.00
iina/af.lproj/InspectorWindowController.strings,92.61
iina/af.lproj/KeyBinding.strings,98.31
iina/af.lproj/KeyRecordViewController.strings,100.00
iina/af.lproj/Localizable.strings,78.35
iina/af.lproj/MainMenu.strings,95.97
iina/af.lproj/MainWindowController.strings,100.00
iina/af.lproj/MiniPlayerWindowController.strings,100.00
iina/af.lproj/OpenURLWindowController.strings,100.00
iina/af.lproj/PlaylistViewController.strings,100.00
iina/af.lproj/PrefAdvancedViewController.strings,61.82
iina/af.lproj/PrefCodecViewController.strings,64.07
iina/af.lproj/PrefControlViewController.strings,100.00
iina/af.lproj/PrefGeneralViewController.strings,88.07
iina/af.lproj/PrefKeyBindingViewController.strings,93.75
iina/af.lproj/PrefNetworkViewController.strings,95.08
iina/af.lproj/PrefOSCToolbarSettingsSheetController.strings,100.00
iina/af.lproj/PrefSubViewController.strings,100.00
iina/af.lproj/PrefUIViewController.strings,89.24
iina/af.lproj/PrefUtilsViewController.strings,82.35
iina/af.lproj/PreferenceWindowController.strings,100.00
iina/af.lproj/QuickSettingViewController.strings,74.00
iina/af.lproj/ScreenshootOSDView.strings,100.00
iina/af.lproj/SubChooseViewController.strings,100.00
iina/ar.lproj/AboutWindowController.strings,85.71
iina/ar.lproj/CropSettingsViewController.strings,100.00
iina/ar.lproj/FilterPresets.strings,93.22
iina/ar.lproj/FilterWindowController.strings,100.00
iina/ar.lproj/FontPickerWindowController.strings,100.00
iina/ar.lproj/FreeSelectingViewController.strings,100.00
iina/ar.lproj/GuideWindowController.strings,100.00
iina/ar.lproj/HistoryWindowController.strings,100.00
iina/ar.lproj/InfoPlist.strings,100.00
iina/ar.lproj/InitialWindowController.strings,100.00
iina/ar.lproj/InspectorWindowController.strings,92.00
iina/ar.lproj/KeyBinding.strings,98.32
iina/ar.lproj/KeyRecordViewController.strings,100.00
iina/ar.lproj/Localizable.strings,73.08
iina/ar.lproj/MainMenu.strings,88.32
iina/ar.lproj/MainWindowController.strings,100.00
iina/ar.lproj/MiniPlayerWindowController.strings,100.00
iina/ar.lproj/OpenURLWindowController.strings,100.00
iina/ar.lproj/PlaylistViewController.strings,100.00
iina/ar.lproj/PrefAdvancedViewController.strings,75.34
iina/ar.lproj/PrefCodecViewController.strings,66.00
iina/ar.lproj/PrefControlViewController.strings,98.99
iina/ar.lproj/PrefGeneralViewController.strings,89.83
iina/ar.lproj/PrefKeyBindingViewController.strings,94.59
iina/ar.lproj/PrefNetworkViewController.strings,93.59
iina/ar.lproj/PrefOSCToolbarSettingsSheetController.strings,100.00
iina/ar.lproj/PrefSubViewController.strings,98.00
iina/ar.lproj/PrefUIViewController.strings,90.72
iina/ar.lproj/PrefUtilsViewController.strings,88.29
iina/ar.lproj/PreferenceWindowController.strings,100.00
iina/ar.lproj/QuickSettingViewController.strings,79.89
iina/ar.lproj/ScreenshootOSDView.strings,100.00
iina/ar.lproj/SubChooseViewController.strings,100.00
iina/be.lproj/AboutWindowController.strings,88.46
iina/be.lproj/CropSettingsViewController.strings,88.89
iina/be.lproj/FilterPresets.strings,82.09
iina/be.lproj/FilterWindowController.strings,95.16
iina/be.lproj/FontPickerWindowController.strings,100.00
iina/be.lproj/FreeSelectingViewController.strings,100.00
iina/be.lproj/GuideWindowController.strings,77.78
iina/be.lproj/HistoryWindowController.strings,75.34
iina/be.lproj/InfoPlist.strings,100.00
iina/be.lproj/InitialWindowController.strings,70.00
iina/be.lproj/InspectorWindowController.strings,67.93
iina/be.lproj/KeyBinding.strings,79.47
iina/be.lproj/KeyRecordViewController.strings,71.43
iina/be.lproj/Localizable.strings,75.89
iina/be.lproj/MainMenu.strings,93.51
iina/be.lproj/MainWindowController.strings,66.67
iina/be.lproj/MiniPlayerWindowController.strings,73.33
iina/be.lproj/OpenURLWindowController.strings,81.58
iina/be.lproj/PlaylistViewController.strings,74.29
iina/be.lproj/PrefAdvancedViewController.strings,60.71
iina/be.lproj/PrefCodecViewController.strings,65.16
iina/be.lproj/PrefControlViewController.strings,93.20
iina/be.lproj/PrefGeneralViewController.strings,86.11
iina/be.lproj/PrefKeyBindingViewController.strings,91.67
iina/be.lproj/PrefNetworkViewController.strings,94.92
iina/be.lproj/PrefOSCToolbarSettingsSheetController.strings,100.00
iina/be.lproj/PrefSubViewController.strings,98.43
iina/be.lproj/PrefUIViewController.strings,86.82
iina/be.lproj/PrefUtilsViewController.strings,80.90
iina/be.lproj/PreferenceWindowController.strings,100.00
iina/be.lproj/QuickSettingViewController.strings,70.08
iina/be.lproj/ScreenshootOSDView.strings,72.73
iina/be.lproj/SubChooseViewController.strings,73.33
iina/bg.lproj/AboutWindowController.strings,92.86
iina/bg.lproj/CropSettingsViewController.strings,100.00
iina/bg.lproj/FilterPresets.strings,100.00
iina/bg.lproj/FilterWindowController.strings,100.00
iina/bg.lproj/FontPickerWindowController.strings,100.00
iina/bg.lproj/FreeSelectingViewController.strings,100.00
iina/bg.lproj/GuideWindowController.strings,100.00
iina/bg.lproj/HistoryWindowController.strings,100.00
iina/bg.lproj/InfoPlist.strings,100.00
iina/bg.lproj/InitialWindowController.strings,100.00
iina/bg.lproj/InspectorWindowController.strings,93.06
iina/bg.lproj/KeyBinding.strings,98.36
iina/bg.lproj/KeyRecordViewController.strings,100.00
iina/bg.lproj/Localizable.strings,79.58
iina/bg.lproj/MainMenu.strings,96.00
iina/bg.lproj/MainWindowController.strings,100.00
iina/bg.lproj/MiniPlayerWindowController.strings,100.00
iina/bg.lproj/OpenURLWindowController.strings,100.00
iina/bg.lproj/PlaylistViewController.strings,100.00
iina/bg.lproj/PrefAdvancedViewController.strings,65.38
iina/bg.lproj/PrefCodecViewController.strings,65.16
iina/bg.lproj/PrefControlViewController.strings,100.00
iina/bg.lproj/PrefGeneralViewController.strings,87.57
iina/bg.lproj/PrefKeyBindingViewController.strings,94.29
iina/bg.lproj/PrefNetworkViewController.strings,94.92
iina/bg.lproj/PrefOSCToolbarSettingsSheetController.strings,100.00
iina/bg.lproj/PrefSubViewController.strings,99.47
iina/bg.lproj/PrefUIViewController.strings,88.54
iina/bg.lproj/PrefUtilsViewController.strings,85.37
iina/bg.lproj/PreferenceWindowController.strings,100.00
iina/bg.lproj/QuickSettingViewController.strings,74.60
iina/bg.lproj/ScreenshootOSDView.strings,100.00
iina/bg.lproj/SubChooseViewController.strings,100.00
iina/bn.lproj/AboutWindowController.strings,88.46
iina/bn.lproj/CropSettingsViewController.strings,100.00
iina/bn.lproj/FilterPresets.strings,100.00
iina/bn.lproj/FilterWindowController.strings,97.01
iina/bn.lproj/FontPickerWindowController.strings,100.00
iina/bn.lproj/FreeSelectingViewController.strings,100.00
iina/bn.lproj/GuideWindowController.strings,100.00
iina/bn.lproj/HistoryWindowController.strings,100.00
iina/bn.lproj/InfoPlist.strings,100.00
iina/bn.lproj/InitialWindowController.strings,100.00
iina/bn.lproj/InspectorWindowController.strings,93.06
iina/bn.lproj/KeyBinding.strings,98.31
iina/bn.lproj/KeyRecordViewController.strings,100.00
iina/bn.lproj/Localizable.strings,79.58
iina/bn.lproj/MainMenu.strings,95.95
iina/bn.lproj/MainWindowController.strings,100.00
iina/bn.lproj/MiniPlayerWindowController.strings,100.00
iina/bn.lproj/OpenURLWindowController.strings,100.00
iina/bn.lproj/PlaylistViewController.strings,100.00
iina/bn.lproj/PrefAdvancedViewController.strings,65.38
iina/bn.lproj/PrefCodecViewController.strings,65.16
iina/bn.lproj/PrefControlViewController.strings,100.00
iina/bn.lproj/PrefGeneralViewController.strings,87.57
iina/bn.lproj/PrefKeyBindingViewController.strings,94.29
iina/bn.lproj/PrefNetworkViewController.strings,94.92
iina/bn.lproj/PrefOSCToolbarSettingsSheetController.strings,100.00
iina/bn.lproj/PrefSubViewController.strings,100.00
iina/bn.lproj/PrefUIViewController.strings,89.24
iina/bn.lproj/PrefUtilsViewController.strings,85.37
iina/bn.lproj/PreferenceWindowController.strings,100.00
iina/bn.lproj/QuickSettingViewController.strings,74.90
iina/bn.lproj/ScreenshootOSDView.strings,100.00
iina/bn.lproj/SubChooseViewController.strings,91.67
iina/el.lproj/AboutWindowController.strings,88.46
iina/el.lproj/CropSettingsViewController.strings,100.00
iina/el.lproj/FilterPresets.strings,100.00
iina/el.lproj/FilterWindowController.strings,100.00
iina/el.lproj/FontPickerWindowController.strings,100.00
iina/el.lproj/FreeSelectingViewController.strings,100.00
iina/el.lproj/GuideWindowController.strings,100.00
iina/el.lproj/HistoryWindowController.strings,100.00
iina/el.lproj/InfoPlist.strings,100.00
iina/el.lproj/InitialWindowController.strings,100.00
iina/el.lproj/InspectorWindowController.strings,93.06
iina/el.lproj/KeyBinding.strings,98.31
iina/el.lproj/KeyRecordViewController.strings,100.00
iina/el.lproj/Localizable.strings,80.40
iina/el.lproj/MainMenu.strings,94.37
iina/el.lproj/MainWindowController.strings,100.00
iina/el.lproj/MiniPlayerWindowController.strings,100.00
iina/el.lproj/OpenURLWindowController.strings,97.22
iina/el.lproj/PlaylistViewController.strings,96.30
iina/el.lproj/PrefAdvancedViewController.strings,62.96
iina/el.lproj/PrefCodecViewController.strings,65.16
iina/el.lproj/PrefControlViewController.strings,100.00
iina/el.lproj/PrefGeneralViewController.strings,88.11
iina/el.lproj/PrefKeyBindingViewController.strings,94.29
iina/el.lproj/PrefNetworkViewController.strings,93.33
iina/el.lproj/PrefOSCToolbarSettingsSheetController.strings,100.00
iina/el.lproj/PrefSubViewController.strings,99.50
iina/el.lproj/PrefUIViewController.strings,87.94
iina/el.lproj/PrefUtilsViewController.strings,85.71
iina/el.lproj/PreferenceWindowController.strings,100.00
iina/el.lproj/QuickSettingViewController.strings,72.96
iina/el.lproj/ScreenshootOSDView.strings,100.00
iina/el.lproj/SubChooseViewController.strings,100.00
iina/en-GB.lproj/Contribution.rtf,100.00
iina/eu.lproj/AboutWindowController.strings,67.65
iina/eu.lproj/CropSettingsViewController.strings,72.73
iina/eu.lproj/FilterPresets.strings,94.83
iina/eu.lproj/FilterWindowController.strings,95.16
iina/eu.lproj/FontPickerWindowController.strings,96.67
iina/eu.lproj/FreeSelectingViewController.strings,84.62
iina/eu.lproj/GuideWindowController.strings,100.00
iina/eu.lproj/HistoryWindowController.strings,100.00
iina/eu.lproj/InfoPlist.strings,100.00
iina/eu.lproj/InitialWindowController.strings,100.00
iina/eu.lproj/InspectorWindowController.strings,93.06
iina/eu.lproj/KeyBinding.strings,98.31
iina/eu.lproj/KeyRecordViewController.strings,100.00
iina/eu.lproj/Localizable.strings,79.33
iina/eu.lproj/MainMenu.strings,95.55
iina/eu.lproj/MainWindowController.strings,100.00
iina/eu.lproj/MiniPlayerWindowController.strings,100.00
iina/eu.lproj/OpenURLWindowController.strings,96.67
iina/eu.lproj/PlaylistViewController.strings,100.00
iina/eu.lproj/PrefAdvancedViewController.strings,65.38
iina/eu.lproj/PrefCodecViewController.strings,65.16
iina/eu.lproj/PrefControlViewController.strings,100.00
iina/eu.lproj/PrefGeneralViewController.strings,87.57
iina/eu.lproj/PrefKeyBindingViewController.strings,94.29
iina/eu.lproj/PrefNetworkViewController.strings,94.92
iina/eu.lproj/PrefOSCToolbarSettingsSheetController.strings,91.67
iina/eu.lproj/PrefSubViewController.strings,99.47
iina/eu.lproj/PrefUIViewController.strings,89.24
iina/eu.lproj/PrefUtilsViewController.strings,83.95
iina/eu.lproj/PreferenceWindowController.strings,100.00
iina/eu.lproj/QuickSettingViewController.strings,74.90
iina/eu.lproj/ScreenshootOSDView.strings,100.00
iina/eu.lproj/SubChooseViewController.strings,100.00
iina/fi.lproj/Contribution.rtf,100.00
iina/he.lproj/AboutWindowController.strings,86.67
iina/he.lproj/CropSettingsViewController.strings,66.67
iina/he.lproj/FilterPresets.strings,61.11
iina/he.lproj/FilterWindowController.strings,71.95
iina/he.lproj/FontPickerWindowController.strings,72.50
iina/he.lproj/FreeSelectingViewController.strings,68.75
iina/he.lproj/GuideWindowController.strings,73.68
iina/he.lproj/HistoryWindowController.strings,74.32
iina/he.lproj/InfoPlist.strings,100.00
iina/he.lproj/InitialWindowController.strings,71.79
iina/he.lproj/InspectorWindowController.strings,70.31
iina/he.lproj/KeyBinding.strings,52.97
iina/he.lproj/KeyRecordViewController.strings,71.43
iina/he.lproj/Localizable.strings,54.99
iina/he.lproj/MainMenu.strings,69.87
iina/he.lproj/MainWindowController.strings,66.67
iina/he.lproj/MiniPlayerWindowController.strings,73.33
iina/he.lproj/OpenURLWindowController.strings,76.32
iina/he.lproj/PlaylistViewController.strings,74.29
iina/he.lproj/PrefAdvancedViewController.strings,53.12
iina/he.lproj/PrefCodecViewController.strings,54.30
iina/he.lproj/PrefControlViewController.strings,64.32
iina/he.lproj/PrefGeneralViewController.strings,65.40
iina/he.lproj/PrefKeyBindingViewController.strings,75.00
iina/he.lproj/PrefNetworkViewController.strings,69.14
iina/he.lproj/PrefOSCToolbarSettingsSheetController.strings,70.97
iina/he.lproj/PrefSubViewController.strings,72.87
iina/he.lproj/PrefUIViewController.strings,64.18
iina/he.lproj/PrefUtilsViewController.strings,60.71
iina/he.lproj/PreferenceWindowController.strings,71.43
iina/he.lproj/QuickSettingViewController.strings,58.18
iina/he.lproj/ScreenshootOSDView.strings,66.67
iina/he.lproj/SubChooseViewController.strings,73.33
iina/hr.lproj/AboutWindowController.strings,85.19
iina/hr.lproj/CropSettingsViewController.strings,88.89
iina/hr.lproj/FilterPresets.strings,73.33
iina/hr.lproj/FilterWindowController.strings,84.29
iina/hr.lproj/FontPickerWindowController.strings,93.55
iina/hr.lproj/FreeSelectingViewController.strings,78.57
iina/hr.lproj/GuideWindowController.strings,93.33
iina/hr.lproj/HistoryWindowController.strings,91.53
iina/hr.lproj/InfoPlist.strings,100.00
iina/hr.lproj/InitialWindowController.strings,77.78
iina/hr.lproj/InspectorWindowController.strings,90.66
iina/hr.lproj/KeyBinding.strings,87.50
iina/hr.lproj/KeyRecordViewController.strings,100.00
iina/hr.lproj/Localizable.strings,71.33
iina/hr.lproj/MainMenu.strings,95.80
iina/hr.lproj/MainWindowController.strings,100.00
iina/hr.lproj/MiniPlayerWindowController.strings,100.00
iina/hr.lproj/OpenURLWindowController.strings,100.00
iina/hr.lproj/PlaylistViewController.strings,93.75
iina/hr.lproj/PrefAdvancedViewController.strings,67.74
iina/hr.lproj/PrefCodecViewController.strings,66.11
iina/hr.lproj/PrefControlViewController.strings,100.00
iina/hr.lproj/PrefGeneralViewController.strings,83.26
iina/hr.lproj/PrefKeyBindingViewController.strings,80.49
iina/hr.lproj/PrefNetworkViewController.strings,79.45
iina/hr.lproj/PrefOSCToolbarSettingsSheetController.strings,78.57
iina/hr.lproj/PrefSubViewController.strings,86.84
iina/hr.lproj/PrefUIViewController.strings,75.08
iina/hr.lproj/PrefUtilsViewController.strings,80.36
iina/hr.lproj/PreferenceWindowController.strings,100.00
iina/hr.lproj/QuickSettingViewController.strings,71.98
iina/hr.lproj/ScreenshootOSDView.strings,88.89
iina/hr.lproj/SubChooseViewController.strings,92.86
iina/hu.lproj/Contribution.rtf,100.00
iina/hy.lproj/AboutWindowController.strings,82.14
iina/hy.lproj/CropSettingsViewController.strings,100.00
iina/hy.lproj/FilterPresets.strings,100.00
iina/hy.lproj/FilterWindowController.strings,97.33
iina/hy.lproj/FontPickerWindowController.strings,96.88
iina/hy.lproj/FreeSelectingViewController.strings,100.00
iina/hy.lproj/GuideWindowController.strings,100.00
iina/hy.lproj/HistoryWindowController.strings,100.00
iina/hy.lproj/InfoPlist.strings,100.00
iina/hy.lproj/InitialWindowController.strings,100.00
iina/hy.lproj/InspectorWindowController.strings,93.06
iina/hy.lproj/KeyBinding.strings,98.36
iina/hy.lproj/KeyRecordViewController.strings,100.00
iina/hy.lproj/Localizable.strings,79.58
iina/hy.lproj/MainMenu.strings,96.00
iina/hy.lproj/MainWindowController.strings,100.00
iina/hy.lproj/MiniPlayerWindowController.strings,100.00
iina/hy.lproj/OpenURLWindowController.strings,100.00
iina/hy.lproj/PlaylistViewController.strings,100.00
iina/hy.lproj/PrefAdvancedViewController.strings,65.38
iina/hy.lproj/PrefCodecViewController.strings,65.16
iina/hy.lproj/PrefControlViewController.strings,100.00
iina/hy.lproj/PrefGeneralViewController.strings,87.57
iina/hy.lproj/PrefKeyBindingViewController.strings,94.29
iina/hy.lproj/PrefNetworkViewController.strings,94.92
iina/hy.lproj/PrefOSCToolbarSettingsSheetController.strings,100.00
iina/hy.lproj/PrefSubViewController.strings,99.47
iina/hy.lproj/PrefUIViewController.strings,88.54
iina/hy.lproj/PrefUtilsViewController.strings,85.37
iina/hy.lproj/PreferenceWindowController.strings,100.00
iina/hy.lproj/QuickSettingViewController.strings,74.60
iina/hy.lproj/ScreenshootOSDView.strings,100.00
iina/hy.lproj/SubChooseViewController.strings,100.00
iina/kn.lproj/AboutWindowController.strings,92.86
iina/kn.lproj/CropSettingsViewController.strings,100.00
iina/kn.lproj/FilterPresets.strings,100.00
iina/kn.lproj/FilterWindowController.strings,100.00
iina/kn.lproj/FontPickerWindowController.strings,100.00
iina/kn.lproj/FreeSelectingViewController.strings,100.00
iina/kn.lproj/GuideWindowController.strings,100.00
iina/kn.lproj/HistoryWindowController.strings,100.00
iina/kn.lproj/InfoPlist.strings,100.00
iina/kn.lproj/InitialWindowController.strings,100.00
iina/kn.lproj/InspectorWindowController.strings,93.06
iina/kn.lproj/KeyBinding.strings,98.31
iina/kn.lproj/KeyRecordViewController.strings,100.00
iina/kn.lproj/Localizable.strings,79.58
iina/kn.lproj/MainMenu.strings,95.95
iina/kn.lproj/MainWindowController.strings,100.00
iina/kn.lproj/MiniPlayerWindowController.strings,100.00
iina/kn.lproj/OpenURLWindowController.strings,100.00
iina/kn.lproj/PlaylistViewController.strings,100.00
iina/kn.lproj/PrefAdvancedViewController.strings,65.38
iina/kn.lproj/PrefCodecViewController.strings,65.16
iina/kn.lproj/PrefControlViewController.strings,100.00
iina/kn.lproj/PrefGeneralViewController.strings,87.57
iina/kn.lproj/PrefKeyBindingViewController.strings,94.29
iina/kn.lproj/PrefNetworkViewController.strings,94.92
iina/kn.lproj/PrefOSCToolbarSettingsSheetController.strings,100.00
iina/kn.lproj/PrefSubViewController.strings,100.00
iina/kn.lproj/PrefUIViewController.strings,89.24
iina/kn.lproj/PrefUtilsViewController.strings,85.37
iina/kn.lproj/PreferenceWindowController.strings,100.00
iina/kn.lproj/QuickSettingViewController.strings,75.20
iina/kn.lproj/ScreenshootOSDView.strings,100.00
iina/kn.lproj/SubChooseViewController.strings,100.00
iina/lv.lproj/AboutWindowController.strings,88.46
iina/lv.lproj/CropSettingsViewController.strings,72.73
iina/lv.lproj/FilterPresets.strings,93.22
iina/lv.lproj/FilterWindowController.strings,95.16
iina/lv.lproj/FontPickerWindowController.strings,93.55
iina/lv.lproj/FreeSelectingViewController.strings,84.62
iina/lv.lproj/GuideWindowController.strings,94.74
iina/lv.lproj/HistoryWindowController.strings,77.46
iina/lv.lproj/InfoPlist.strings,100.00
iina/lv.lproj/InitialWindowController.strings,80.00
iina/lv.lproj/InspectorWindowController.strings,91.48
iina/lv.lproj/KeyBinding.strings,77.85
iina/lv.lproj/KeyRecordViewController.strings,100.00
iina/lv.lproj/Localizable.strings,75.15
iina/lv.lproj/MainMenu.strings,95.55
iina/lv.lproj/MainWindowController.strings,100.00
iina/lv.lproj/MiniPlayerWindowController.strings,73.33
iina/lv.lproj/OpenURLWindowController.strings,100.00
iina/lv.lproj/PlaylistViewController.strings,100.00
iina/lv.lproj/PrefAdvancedViewController.strings,65.38
iina/lv.lproj/PrefCodecViewController.strings,65.16
iina/lv.lproj/PrefControlViewController.strings,98.58
iina/lv.lproj/PrefGeneralViewController.strings,79.08
iina/lv.lproj/PrefKeyBindingViewController.strings,94.29
iina/lv.lproj/PrefNetworkViewController.strings,93.55
iina/lv.lproj/PrefOSCToolbarSettingsSheetController.strings,91.67
iina/lv.lproj/PrefSubViewController.strings,98.97
iina/lv.lproj/PrefUIViewController.strings,89.24
iina/lv.lproj/PrefUtilsViewController.strings,85.00
iina/lv.lproj/PreferenceWindowController.strings,100.00
iina/lv.lproj/QuickSettingViewController.strings,74.03
iina/lv.lproj/ScreenshootOSDView.strings,100.00
iina/lv.lproj/SubChooseViewController.strings,100.00
iina/ml.lproj/AboutWindowController.strings,67.65
iina/ml.lproj/CropSettingsViewController.strings,72.73
iina/ml.lproj/FilterPresets.strings,87.30
iina/ml.lproj/FilterWindowController.strings,95.16
iina/ml.lproj/FontPickerWindowController.strings,74.36
iina/ml.lproj/FreeSelectingViewController.strings,73.33
iina/ml.lproj/GuideWindowController.strings,73.68
iina/ml.lproj/HistoryWindowController.strings,75.34
iina/ml.lproj/InfoPlist.strings,100.00
iina/ml.lproj/InitialWindowController.strings,77.78
iina/ml.lproj/InspectorWindowController.strings,83.85
iina/ml.lproj/KeyBinding.strings,96.67
iina/ml.lproj/KeyRecordViewController.strings,100.00
iina/ml.lproj/Localizable.strings,78.19
iina/ml.lproj/MainMenu.strings,93.21
iina/ml.lproj/MainWindowController.strings,100.00
iina/ml.lproj/MiniPlayerWindowController.strings,100.00
iina/ml.lproj/OpenURLWindowController.strings,93.55
iina/ml.lproj/PlaylistViewController.strings,100.00
iina/ml.lproj/PrefAdvancedViewController.strings,64.15
iina/ml.lproj/PrefCodecViewController.strings,65.16
iina/ml.lproj/PrefControlViewController.strings,100.00
iina/ml.lproj/PrefGeneralViewController.strings,86.11
iina/ml.lproj/PrefKeyBindingViewController.strings,80.49
iina/ml.lproj/PrefNetworkViewController.strings,94.92
iina/ml.lproj/PrefOSCToolbarSettingsSheetController.strings,78.57
iina/ml.lproj/PrefSubViewController.strings,98.43
iina/ml.lproj/PrefUIViewController.strings,88.54
iina/ml.lproj/PrefUtilsViewController.strings,81.93
iina/ml.lproj/PreferenceWindowController.strings,100.00
iina/ml.lproj/QuickSettingViewController.strings,71.43
iina/ml.lproj/ScreenshootOSDView.strings,72.73
iina/ml.lproj/SubChooseViewController.strings,73.33
iina/pt.lproj/Contribution.rtf,100.00
iina/sl.lproj/AboutWindowController.strings,91.18
iina/sl.lproj/CropSettingsViewController.strings,100.00
iina/sl.lproj/FilterPresets.strings,100.00
iina/sl.lproj/FilterWindowController.strings,100.00
iina/sl.lproj/FontPickerWindowController.strings,100.00
iina/sl.lproj/FreeSelectingViewController.strings,100.00
iina/sl.lproj/GuideWindowController.strings,87.50
iina/sl.lproj/HistoryWindowController.strings,100.00
iina/sl.lproj/InfoPlist.strings,100.00
iina/sl.lproj/InitialWindowController.strings,100.00
iina/sl.lproj/InspectorWindowController.strings,90.96
iina/sl.lproj/KeyBinding.strings,98.39
iina/sl.lproj/KeyRecordViewController.strings,100.00
iina/sl.lproj/Localizable.strings,79.67
iina/sl.lproj/MainMenu.strings,95.44
iina/sl.lproj/MainWindowController.strings,100.00
iina/sl.lproj/MiniPlayerWindowController.strings,100.00
iina/sl.lproj/OpenURLWindowController.strings,100.00
iina/sl.lproj/PlaylistViewController.strings,100.00
iina/sl.lproj/PrefAdvancedViewController.strings,64.15
iina/sl.lproj/PrefCodecViewController.strings,65.16
iina/sl.lproj/PrefControlViewController.strings,100.00
iina/sl.lproj/PrefGeneralViewController.strings,87.57
iina/sl.lproj/PrefKeyBindingViewController.strings,94.29
iina/sl.lproj/PrefNetworkViewController.strings,94.92
iina/sl.lproj/PrefOSCToolbarSettingsSheetController.strings,100.00
iina/sl.lproj/PrefSubViewController.strings,98.43
iina/sl.lproj/PrefUIViewController.strings,87.84
iina/sl.lproj/PrefUtilsViewController.strings,85.71
iina/sl.lproj/PreferenceWindowController.strings,100.00
iina/sl.lproj/QuickSettingViewController.strings,74.30
iina/sl.lproj/ScreenshootOSDView.strings,100.00
iina/sl.lproj/SubChooseViewController.strings,100.00
iina/sr-Latn.lproj/Contribution.rtf,100.00
iina/sr-Latn.lproj/GuideWindowController.strings,100.00
iina/sr-Latn.lproj/ScreenshootOSDView.strings,100.00
iina/th.lproj/AboutWindowController.strings,88.46
iina/th.lproj/CropSettingsViewController.strings,100.00
iina/th.lproj/FilterPresets.strings,94.83
iina/th.lproj/FilterWindowController.strings,100.00
iina/th.lproj/FontPickerWindowController.strings,100.00
iina/th.lproj/FreeSelectingViewController.strings,100.00
iina/th.lproj/GuideWindowController.strings,100.00
iina/th.lproj/HistoryWindowController.strings,100.00
iina/th.lproj/InfoPlist.strings,100.00
iina/th.lproj/InitialWindowController.strings,100.00
iina/th.lproj/InspectorWindowController.strings,93.06
iina/th.lproj/KeyBinding.strings,98.36
iina/th.lproj/KeyRecordViewController.strings,100.00
iina/th.lproj/Localizable.strings,79.58
iina/th.lproj/MainMenu.strings,95.64
iina/th.lproj/MainWindowController.strings,100.00
iina/th.lproj/MiniPlayerWindowController.strings,100.00
iina/th.lproj/OpenURLWindowController.strings,100.00
iina/th.lproj/PlaylistViewController.strings,100.00
iina/th.lproj/PrefAdvancedViewController.strings,65.38
iina/th.lproj/PrefCodecViewController.strings,65.16
iina/th.lproj/PrefControlViewController.strings,100.00
iina/th.lproj/PrefGeneralViewController.strings,87.57
iina/th.lproj/PrefKeyBindingViewController.strings,94.29
iina/th.lproj/PrefNetworkViewController.strings,94.92
iina/th.lproj/PrefOSCToolbarSettingsSheetController.strings,100.00
iina/th.lproj/PrefSubViewController.strings,99.47
iina/th.lproj/PrefUIViewController.strings,88.54
iina/th.lproj/PrefUtilsViewController.strings,85.37
iina/th.lproj/PreferenceWindowController.strings,100.00
iina/th.lproj/QuickSettingViewController.strings,74.60
iina/th.lproj/ScreenshootOSDView.strings,100.00
iina/th.lproj/SubChooseViewController.strings,100.00
iina/ug.lproj/AboutWindowController.strings,88.46
iina/ug.lproj/CropSettingsViewController.strings,100.00
iina/ug.lproj/FilterPresets.strings,100.00
iina/ug.lproj/FilterWindowController.strings,100.00
iina/ug.lproj/FontPickerWindowController.strings,100.00
iina/ug.lproj/FreeSelectingViewController.strings,100.00
iina/ug.lproj/GuideWindowController.strings,100.00
iina/ug.lproj/HistoryWindowController.strings,100.00
iina/ug.lproj/InfoPlist.strings,100.00
iina/ug.lproj/InitialWindowController.strings,100.00
iina/ug.lproj/InspectorWindowController.strings,93.06
iina/ug.lproj/KeyBinding.strings,98.31
iina/ug.lproj/KeyRecordViewController.strings,100.00
iina/ug.lproj/Localizable.strings,79.50
iina/ug.lproj/MainMenu.strings,95.92
iina/ug.lproj/MainWindowController.strings,100.00
iina/ug.lproj/MiniPlayerWindowController.strings,100.00
iina/ug.lproj/OpenURLWindowController.strings,100.00
iina/ug.lproj/PlaylistViewController.strings,100.00
iina/ug.lproj/PrefAdvancedViewController.strings,65.38
iina/ug.lproj/PrefCodecViewController.strings,65.16
iina/ug.lproj/PrefControlViewController.strings,100.00
iina/ug.lproj/PrefGeneralViewController.strings,87.57
iina/ug.lproj/PrefKeyBindingViewController.strings,94.29
iina/ug.lproj/PrefNetworkViewController.strings,94.92
iina/ug.lproj/PrefOSCToolbarSettingsSheetController.strings,100.00
iina/ug.lproj/PrefSubViewController.strings,100.00
iina/ug.lproj/PrefUIViewController.strings,89.24
iina/ug.lproj/PrefUtilsViewController.strings,85.00
iina/ug.lproj/PreferenceWindowController.strings,100.00
iina/ug.lproj/QuickSettingViewController.strings,75.20
iina/ug.lproj/ScreenshootOSDView.strings,100.00
iina/ug.lproj/SubChooseViewController.strings,100.00
iina/ur.lproj/AboutWindowController.strings,67.65
iina/ur.lproj/CropSettingsViewController.strings,72.73
iina/ur.lproj/FilterPresets.strings,55.56
iina/ur.lproj/FilterWindowController.strings,74.68
iina/ur.lproj/FontPickerWindowController.strings,74.36
iina/ur.lproj/FreeSelectingViewController.strings,73.33
iina/ur.lproj/GuideWindowController.strings,100.00
iina/ur.lproj/HistoryWindowController.strings,98.21
iina/ur.lproj/InfoPlist.strings,100.00
iina/ur.lproj/InitialWindowController.strings,100.00
iina/ur.lproj/InspectorWindowController.strings,75.94
iina/ur.lproj/KeyBinding.strings,92.06
iina/ur.lproj/KeyRecordViewController.strings,100.00
iina/ur.lproj/Localizable.strings,78.67
iina/ur.lproj/MainMenu.strings,94.27
iina/ur.lproj/MainWindowController.strings,100.00
iina/ur.lproj/MiniPlayerWindowController.strings,100.00
iina/ur.lproj/OpenURLWindowController.strings,96.67
iina/ur.lproj/PlaylistViewController.strings,96.30
iina/ur.lproj/PrefAdvancedViewController.strings,64.15
iina/ur.lproj/PrefCodecViewController.strings,65.16
iina/ur.lproj/PrefControlViewController.strings,98.56
iina/ur.lproj/PrefGeneralViewController.strings,87.08
iina/ur.lproj/PrefKeyBindingViewController.strings,94.29
iina/ur.lproj/PrefNetworkViewController.strings,94.92
iina/ur.lproj/PrefOSCToolbarSettingsSheetController.strings,91.67
iina/ur.lproj/PrefSubViewController.strings,98.43
iina/ur.lproj/PrefUIViewController.strings,88.54
iina/ur.lproj/PrefUtilsViewController.strings,82.93
iina/ur.lproj/PreferenceWindowController.strings,100.00
iina/ur.lproj/QuickSettingViewController.strings,73.41
iina/ur.lproj/ScreenshootOSDView.strings,100.00
iina/ur.lproj/SubChooseViewController.strings,100.00
iina/vi.lproj/AboutWindowController.strings,88.46
iina/vi.lproj/CropSettingsViewController.strings,100.00
iina/vi.lproj/FilterPresets.strings,100.00
iina/vi.lproj/FilterWindowController.strings,100.00
iina/vi.lproj/FontPickerWindowController.strings,100.00
iina/vi.lproj/FreeSelectingViewController.strings,100.00
iina/vi.lproj/GuideWindowController.strings,100.00
iina/vi.lproj/HistoryWindowController.strings,100.00
iina/vi.lproj/InfoPlist.strings,100.00
iina/vi.lproj/InitialWindowController.strings,96.55
iina/vi.lproj/InspectorWindowController.strings,92.00
iina/vi.lproj/KeyBinding.strings,82.52
iina/vi.lproj/KeyRecordViewController.strings,100.00
iina/vi.lproj/Localizable.strings,73.42
iina/vi.lproj/MainMenu.strings,95.55
iina/vi.lproj/MainWindowController.strings,100.00
iina/vi.lproj/MiniPlayerWindowController.strings,100.00
iina/vi.lproj/OpenURLWindowController.strings,100.00
iina/vi.lproj/PlaylistViewController.strings,100.00
iina/vi.lproj/PrefAdvancedViewController.strings,65.38
iina/vi.lproj/PrefCodecViewController.strings,65.16
iina/vi.lproj/PrefControlViewController.strings,99.29
iina/vi.lproj/PrefGeneralViewController.strings,87.57
iina/vi.lproj/PrefKeyBindingViewController.strings,94.12
iina/vi.lproj/PrefNetworkViewController.strings,93.33
iina/vi.lproj/PrefOSCToolbarSettingsSheetController.strings,100.00
iina/vi.lproj/PrefSubViewController.strings,92.09
iina/vi.lproj/PrefUIViewController.strings,89.23
iina/vi.lproj/PrefUtilsViewController.strings,85.00
iina/vi.lproj/PreferenceWindowController.strings,100.00
iina/vi.lproj/QuickSettingViewController.strings,74.90
iina/vi.lproj/ScreenshootOSDView.strings,100.00
iina/vi.lproj/SubChooseViewController.strings,100.00
iina/Lock.swift,98.81
.github/FUNDING.yml,100.00
Configs/Debug.xcconfig,90.48
Configs/Deployment.xcconfig,52.00
Configs/OpenInIINA.xcconfig,100.00
Configs/Release.xcconfig,87.50
Configs/Shared.xcconfig,100.00
Configs/iina-cli.xcconfig,100.00
Configs/iina.xcconfig,76.67
iina/write_info_plist_header.sh,100.00
Configs/Availability.xcconfig,91.30
iina/InfoDictionary.swift,91.67
iina/Atomic.swift,100.00
iina.xcodeproj/xcshareddata/xcschemes/release.xcscheme,100.00
iina/VideoPIPViewController.swift,100.00
iina/Base.lproj/LogWindowController.xib,100.00
iina/LogWindowController.swift,96.45
iina/af.lproj/LogWindowController.strings,78.21
iina/ca.lproj/LogWindowController.strings,86.76
iina/cs.lproj/LogWindowController.strings,98.78
iina/da.lproj/LogWindowController.strings,80.26
iina/de.lproj/LogWindowController.strings,98.86
iina/en-GB.lproj/LogWindowController.strings,98.28
iina/en.lproj/LogWindowController.strings,100.00
iina/es.lproj/LogWindowController.strings,82.72
iina/fi.lproj/LogWindowController.strings,98.39
iina/fr.lproj/LogWindowController.strings,98.94
iina/hi.lproj/LogWindowController.strings,98.39
iina/hu.lproj/LogWindowController.strings,78.48
iina/it.lproj/LogWindowController.strings,83.13
iina/ja.lproj/LogWindowController.strings,77.50
iina/ko.lproj/LogWindowController.strings,98.96
iina/nl.lproj/LogWindowController.strings,98.39
iina/pl.lproj/LogWindowController.strings,77.22
iina/pt-BR.lproj/LogWindowController.strings,98.96
iina/pt.lproj/LogWindowController.strings,98.57
iina/ro.lproj/LogWindowController.strings,98.94
iina/ru.lproj/LogWindowController.strings,97.94
iina/sk.lproj/LogWindowController.strings,84.72
iina/sr-Latn.lproj/LogWindowController.strings,98.39
iina/sv.lproj/LogWindowController.strings,98.78
iina/tr.lproj/LogWindowController.strings,98.96
iina/uk.lproj/LogWindowController.strings,77.22
iina/zh-Hans.lproj/LogWindowController.strings,93.55
iina/zh-Hant.lproj/LogWindowController.strings,76.25
iina/Assets.xcassets/Colors/MainSliderLoopKnob.colorset/Contents.json,100.00
iina/PlaySlider.swift,100.00
iina/PlaySliderLoopKnob.swift,99.55
deps/include/libavcodec/defs.h,100.00
deps/include/libavcodec/version_major.h,100.00
deps/include/libavformat/version_major.h,100.00
deps/include/libavutil/ambient_viewing_environment.h,100.00
deps/include/libavutil/csp.h,100.00
deps/include/libavutil/detection_bbox.h,100.00
deps/include/libavutil/hdr_dynamic_vivid_metadata.h,100.00
deps/include/libavutil/uuid.h,100.00
deps/include/libswscale/version_major.h,100.00
deps/include/libavcodec/.gitignore,100.00
deps/include/libavformat/.gitignore,100.00
deps/include/libavutil/.gitignore,100.00
deps/include/mpv/.gitignore,100.00
Configs/Beta.xcconfig,100.00
Configs/Nightly.xcconfig,100.00
iina/Assets.xcassets/AppIconBeta.appiconset/Contents.json,100.00
iina/Assets.xcassets/AppIconDebug.appiconset/Contents.json,100.00
iina/Assets.xcassets/AppIconNightly.appiconset/Contents.json,100.00
iina/Assets.xcassets/Colors/InitialWindowDebugLabel.colorset/Contents.json,100.00
iina/Assets.xcassets/Colors/InitialWindowNightlyLabel.colorset/Contents.json,100.00
iina/JavascriptDevTool.swift,99.65
iina/ar.lproj/LogWindowController.strings,95.04
iina/be.lproj/LogWindowController.strings,86.82
iina/bg.lproj/LogWindowController.strings,99.12
iina/bn.lproj/LogWindowController.strings,99.12
iina/el.lproj/LogWindowController.strings,99.12
iina/eu.lproj/LogWindowController.strings,99.12
iina/fa.lproj/LogWindowController.strings,97.39
iina/he.lproj/LogWindowController.strings,85.50
iina/hr.lproj/LogWindowController.strings,86.15
iina/hy.lproj/LogWindowController.strings,99.12
iina/id.lproj/LogWindowController.strings,86.82
iina/is.lproj/LogWindowController.strings,99.12
iina/kn.lproj/LogWindowController.strings,99.12
iina/lv.lproj/LogWindowController.strings,88.19
iina/mk.lproj/LogWindowController.strings,99.12
iina/ml.lproj/LogWindowController.strings,99.12
iina/ne.lproj/AboutWindowController.strings,92.00
iina/ne.lproj/CropSettingsViewController.strings,100.00
iina/ne.lproj/FilterPresets.strings,100.00
iina/ne.lproj/FilterWindowController.strings,100.00
iina/ne.lproj/FontPickerWindowController.strings,100.00
iina/ne.lproj/FreeSelectingViewController.strings,100.00
iina/ne.lproj/GuideWindowController.strings,100.00
iina/ne.lproj/HistoryWindowController.strings,100.00
iina/ne.lproj/InfoPlist.strings,100.00
iina/ne.lproj/InitialWindowController.strings,100.00
iina/ne.lproj/InspectorWindowController.strings,98.24
iina/ne.lproj/KeyBinding.strings,99.15
iina/ne.lproj/KeyRecordViewController.strings,100.00
iina/ne.lproj/Localizable.strings,89.92
iina/ne.lproj/LogWindowController.strings,98.25
iina/ne.lproj/MainMenu.strings,98.50
iina/ne.lproj/MainWindowController.strings,100.00
iina/ne.lproj/MiniPlayerWindowController.strings,100.00
iina/ne.lproj/OpenURLWindowController.strings,100.00
iina/ne.lproj/PlaylistViewController.strings,100.00
iina/ne.lproj/PrefAdvancedViewController.strings,78.05
iina/ne.lproj/PrefCodecViewController.strings,80.91
iina/ne.lproj/PrefControlViewController.strings,100.00
iina/ne.lproj/PrefGeneralViewController.strings,93.37
iina/ne.lproj/PrefKeyBindingViewController.strings,96.67
iina/ne.lproj/PrefNetworkViewController.strings,99.12
iina/ne.lproj/PrefOSCToolbarSettingsSheetController.strings,100.00
iina/ne.lproj/PrefSubViewController.strings,100.00
iina/ne.lproj/PrefUIViewController.strings,94.32
iina/ne.lproj/PrefUtilsViewController.strings,100.00
iina/ne.lproj/PreferenceWindowController.strings,100.00
iina/ne.lproj/QuickSettingViewController.strings,85.85
iina/ne.lproj/ScreenshootOSDView.strings,100.00
iina/ne.lproj/SubChooseViewController.strings,100.00
iina/no.lproj/LogWindowController.strings,97.39
iina/sl.lproj/LogWindowController.strings,99.12
iina/sr.lproj/LogWindowController.strings,99.12
iina/ta.lproj/LogWindowController.strings,98.25
iina/th.lproj/LogWindowController.strings,99.12
iina/ug.lproj/LogWindowController.strings,99.12
iina/ur.lproj/LogWindowController.strings,99.12
iina/vi.lproj/LogWindowController.strings,99.12
iina/MiniPlayerWindow.swift,77.78
iina/Sysctl.swift,95.45
Configs/iina-plugin.xcconfig,100.00
iina-plugin/main.swift,99.55
iina.xcodeproj/xcshareddata/xcschemes/iina-plugin.xcscheme,100.00
iina/JavascriptAPIInput.swift,100.00
iina/PluginInputManager.swift,100.00
iina/JavascriptAPIWebSocket.swift,100.00
iina/WebSocketServer.swift,100.00
iina/OpenSubClient.swift,99.40
iina/Assets.xcassets/Icons/screenshot.imageset/Contents.json,100.00
iina/Assets.xcassets/Icons/screenshot.imageset/screenshot.pdf,100.00
iina/Assets.xcassets/Icons/loop_dark.imageset/Contents.json,100.00
iina/Assets.xcassets/Icons/loop_file.imageset/Contents.json,100.00
iina/az.lproj/AboutWindowController.strings,100.00
iina/az.lproj/CropSettingsViewController.strings,100.00
iina/az.lproj/FilterPresets.strings,100.00
iina/az.lproj/FilterWindowController.strings,100.00
iina/az.lproj/FontPickerWindowController.strings,100.00
iina/az.lproj/FreeSelectingViewController.strings,100.00
iina/az.lproj/GuideWindowController.strings,100.00
iina/az.lproj/HistoryWindowController.strings,100.00
iina/az.lproj/InfoPlist.strings,100.00
iina/az.lproj/InitialWindowController.strings,100.00
iina/az.lproj/InspectorWindowController.strings,100.00
iina/az.lproj/KeyBinding.strings,100.00
iina/az.lproj/KeyRecordViewController.strings,100.00
iina/az.lproj/Localizable.strings,96.72
iina/az.lproj/LogWindowController.strings,100.00
iina/az.lproj/MainMenu.strings,99.80
iina/az.lproj/MainWindowController.strings,100.00
iina/az.lproj/MiniPlayerWindowController.strings,100.00
iina/az.lproj/OpenURLWindowController.strings,79.31
iina/az.lproj/PlaylistViewController.strings,100.00
iina/az.lproj/PrefAdvancedViewController.strings,100.00
iina/az.lproj/PrefCodecViewController.strings,95.52
iina/az.lproj/PrefControlViewController.strings,100.00
iina/az.lproj/PrefGeneralViewController.strings,100.00
iina/az.lproj/PrefKeyBindingViewController.strings,100.00
iina/az.lproj/PrefNetworkViewController.strings,100.00
iina/az.lproj/PrefOSCToolbarSettingsSheetController.strings,100.00
iina/az.lproj/PrefSubViewController.strings,96.76
iina/az.lproj/PrefUIViewController.strings,100.00
iina/az.lproj/PrefUtilsViewController.strings,100.00
iina/az.lproj/PreferenceWindowController.strings,100.00
iina/az.lproj/QuickSettingViewController.strings,100.00
iina/az.lproj/ScreenshootOSDView.strings,100.00
iina/az.lproj/SubChooseViewController.strings,100.00
iina/he.lproj/Contribution.rtf,100.00
iina/Assets.xcassets/Icons/battery-rtl.imageset/Contents.json,100.00
iina/FFmpegLogger.swift,100.00
iina/OutlineView.swift,100.00
iina/Assets.xcassets/Icons/backward.imageset/Contents.json,100.00
iina/Assets.xcassets/Icons/close.imageset/Contents.json,100.00
iina/Assets.xcassets/Icons/close.imageset/close.pdf,100.00
iina/Assets.xcassets/Icons/forward.imageset/Contents.json,88.24
iina/LegacyMigration.swift,100.00
iina/id.lproj/Contribution.rtf,100.00
iina/Contribution.rtf,93.33
iina/HardwareDecodeCapabilities.swift,97.94
iina/OSCToolbarButton.swift,85.19
iina/Equalizations.swift,100.00
iina/PlayerState.swift,100.00
iina/Base.lproj/PrefPluginViewController.xib,59.19
iina/en.lproj/PrefPluginViewController.strings,95.60
iina/af.lproj/PrefPluginViewController.strings,95.56
iina/ar.lproj/PrefPluginViewController.strings,100.00
iina/az.lproj/PrefPluginViewController.strings,100.00
iina/be.lproj/PrefPluginViewController.strings,100.00
iina/bg.lproj/PrefPluginViewController.strings,100.00
iina/bn.lproj/PrefPluginViewController.strings,100.00
iina/ca.lproj/PrefPluginViewController.strings,95.56
iina/cs.lproj/PrefPluginViewController.strings,95.60
iina/da.lproj/PrefPluginViewController.strings,95.56
iina/de.lproj/PrefPluginViewController.strings,95.56
iina/el.lproj/PrefPluginViewController.strings,100.00
iina/en-GB.lproj/PrefPluginViewController.strings,95.56
iina/es.lproj/PrefPluginViewController.strings,96.30
iina/eu.lproj/PrefPluginViewController.strings,100.00
iina/fa.lproj/PrefPluginViewController.strings,100.00
iina/fi.lproj/PrefPluginViewController.strings,95.56
iina/fr.lproj/PrefPluginViewController.strings,96.26
iina/he.lproj/PrefPluginViewController.strings,95.88
iina/hi.lproj/PrefPluginViewController.strings,95.56
iina/hr.lproj/PrefPluginViewController.strings,95.56
iina/hu.lproj/PrefPluginViewController.strings,96.26
iina/hy.lproj/PrefPluginViewController.strings,100.00
iina/id.lproj/PrefPluginViewController.strings,95.56
iina/is.lproj/PrefPluginViewController.strings,100.00
iina/it.lproj/PrefPluginViewController.strings,96.23
iina/ja.lproj/PrefPluginViewController.strings,96.26
iina/kn.lproj/PrefPluginViewController.strings,100.00
iina/ko.lproj/PrefPluginViewController.strings,96.12
iina/lv.lproj/PrefPluginViewController.strings,100.00
iina/mk.lproj/PrefPluginViewController.strings,100.00
iina/ml.lproj/PrefPluginViewController.strings,100.00
iina/ne.lproj/PrefPluginViewController.strings,100.00
iina/nl.lproj/PrefPluginViewController.strings,95.56
iina/no.lproj/PrefPluginViewController.strings,100.00
iina/pl.lproj/PrefPluginViewController.strings,95.70
iina/pt-BR.lproj/PrefPluginViewController.strings,95.56
iina/pt.lproj/PrefPluginViewController.strings,96.36
iina/ro.lproj/PrefPluginViewController.strings,96.23
iina/ru.lproj/PrefPluginViewController.strings,95.56
iina/sk.lproj/PrefPluginViewController.strings,95.56
iina/sl.lproj/PrefPluginViewController.strings,100.00
iina/sr-Latn.lproj/PrefPluginViewController.strings,95.56
iina/sr.lproj/PrefPluginViewController.strings,100.00
iina/sv.lproj/PrefPluginViewController.strings,95.56
iina/ta.lproj/PrefPluginViewController.strings,100.00
iina/th.lproj/PrefPluginViewController.strings,100.00
iina/tr.lproj/PrefPluginViewController.strings,95.56
iina/ug.lproj/PrefPluginViewController.strings,100.00
iina/uk.lproj/PrefPluginViewController.strings,96.26
iina/ur.lproj/PrefPluginViewController.strings,100.00
iina/vi.lproj/PrefPluginViewController.strings,100.00
iina/zh-Hans.lproj/PrefPluginViewController.strings,96.26
iina/zh-Hant.lproj/PrefPluginViewController.strings,95.56
.github/workflows/spelling.yml,100.00
.typos.toml,100.00
iina/config/movist-v2-default-input.conf,100.00
.github/ISSUE_TEMPLATE/01-bug-report.yml,82.03
iina/TouchBarSettings.swift,100.00
iina/Assets.xcassets/Icons/puzzlepiece.extension.symbolset/Contents.json,100.00
iina/Assets.xcassets/Icons/puzzlepiece.extension.symbolset/puzzlepiece.extension.svg,100.00
iina/PluginViewController.swift,100.00
iina/PluginViewController.xib,100.00
iina/MPVOptionDefaults.swift,100.00
